participant,condition,window_index,window_start_s,window_end_s,center_face_magnitude_mean_abs_vel,center_face_magnitude_mean_abs_acc,center_face_magnitude_rms,avg_pupil_magnitude_mean_abs_vel,avg_pupil_magnitude_mean_abs_acc,avg_pupil_magnitude_rms,avg_pupil_x_mean_abs_vel,avg_pupil_x_mean_abs_acc,avg_pupil_x_rms,avg_pupil_y_mean_abs_vel,avg_pupil_y_mean_abs_acc,avg_pupil_y_rms,blink_dist_mean_abs_vel,blink_dist_mean_abs_acc,blink_dist_rms,head_rotation_angle_mean_abs_vel,head_rotation_angle_mean_abs_acc,head_rotation_angle_rms,mouth_dist_mean_abs_vel,mouth_dist_mean_abs_acc,mouth_dist_rms,center_face_x_mean_abs_vel,center_face_x_mean_abs_acc,center_face_x_rms,center_face_y_mean_abs_vel,center_face_y_mean_abs_acc,center_face_y_rms
468,H,0,0,59.98333333,2.275008827,104.0528745,0.107327892,0.293818418,5.903582062,0.155778964,0.279084506,6.12101884,0.155452215,0.343607231,7.340473722,0.199513116,0.674300568,24.29522227,0.132966304,0.753286016,29.03633743,0.155168393,0.734377007,30.91193262,0.11722342,1.057360548,41.19925313,0.164741704,0.722076037,26.7324902,0.13421854
468,H,1,30,89.98333333,2.234986024,102.0010912,0.106008045,0.307430597,5.831454467,0.155748794,0.29104989,5.952821413,0.140980864,0.341446054,7.453942401,0.196205345,0.708024881,25.51368132,0.110521125,0.662816816,25.91696232,0.122051414,0.832728266,33.47656068,0.174036767,1.027465699,40.5543487,0.148543748,0.673548644,25.25492105,0.108084911
468,H,2,60,119.9833333,2.120884336,95.42594425,0.099257224,0.212006617,4.972805114,0.089595939,0.219470847,5.255659518,0.091997011,0.216005136,6.286074687,0.093652752,0.628060074,23.79278347,0.080426807,0.49890646,20.07075723,0.080780384,0.933672767,36.24935079,0.201241083,0.91863925,36.9384815,0.118746617,0.631341875,24.57497991,0.083296409
475,M,0,0,59.98333333,2.329402108,107.2287057,0.109940622,0.207771391,4.689028164,0.137637631,0.19237529,4.389993693,0.145230833,0.289969968,8.632145319,0.137528677,0.525664694,18.64588106,0.102593179,0.323384503,13.10383779,0.078499373,0.410241867,16.14182167,0.150684278,0.991205359,37.10554834,0.168090742,0.76199713,27.87676082,0.141601843
475,M,1,30,89.98333333,2.238335276,101.7423062,0.102817586,0.190082554,4.562229436,0.120907704,0.174704526,4.290493809,0.124531697,0.249745923,7.275267754,0.125577315,0.500518486,18.6715655,0.098039067,0.301136585,11.97399529,0.164516966,0.366349104,15.01920761,0.076090208,0.93816466,35.46100523,0.150179277,0.685625913,24.37318267,0.145737222
475,M,2,60,119.9833333,2.058025102,92.83216027,0.092320348,0.169713326,4.249943015,0.134189105,0.161764896,4.069809003,0.143056875,0.210794151,6.394504918,0.132428743,0.467518289,17.80992636,0.084439152,0.32848932,12.57609133,0.215927481,0.478290656,18.24137072,0.13593932,0.907343037,35.15513763,0.148089886,0.65623782,23.97940108,0.179668739
430,M,0,0,59.98333333,2.223197426,101.1275788,0.116804223,0.258103063,4.388720776,0.157544877,0.236105255,4.190763674,0.144875988,0.261781801,5.651193596,0.158754114,0.552942951,19.54335879,0.132861923,0.846278129,32.97882477,0.200010839,0.341700336,15.56822567,0.017070815,1.118159403,43.11121953,0.13592133,0.863682342,30.18305496,0.140663698
430,M,1,30,89.98333333,1.896138604,84.60501313,0.092551155,0.205203473,3.865842249,0.111366396,0.193942349,3.886236638,0.110363092,0.200812737,4.550406953,0.126020307,0.429798987,16.01590032,0.084832512,0.788011608,31.09043101,0.146606169,0.605550735,22.78268568,0.129081282,1.049381055,42.64490073,0.148250769,0.686046091,25.2476019,0.113515989
430,M,2,60,119.9833333,2.005681614,88.39383038,0.096834189,0.234044032,4.314869749,0.135265702,0.207469135,4.247882642,0.117533418,0.244837201,5.13194636,0.174342603,0.483488951,17.73498598,0.103132538,0.891620073,35.4840306,0.143133478,0.690212707,25.40518326,0.145779561,1.066812505,42.45419802,0.157947835,0.733472588,27.1882128,0.127606399
451,L,0,0,59.98333333,2.624958594,118.5987482,0.124624799,0.260126127,5.525231852,0.176183811,0.247646633,5.419873409,0.168236253,0.307131377,7.018652458,0.1613153,0.593542372,20.0807703,0.121637872,0.715933758,26.3934418,0.180396695,0.599628544,24.01972451,0.122544983,0.947399327,36.96319579,0.133998881,0.877397906,31.90406543,0.133212973
451,L,1,30,89.98333333,2.372888348,106.5544144,0.108528321,0.166170102,4.444729809,0.104659543,0.157737268,4.439183837,0.094653404,0.19887335,5.198960033,0.097488478,0.379633396,14.55399981,0.069770014,0.652791384,25.72320783,0.119139232,0.602211235,24.69167879,0.115198257,0.798212924,31.96219023,0.109163292,0.66249805,25.2437482,0.09683925
451,L,2,60,119.9833333,2.507357419,112.8005587,0.111368741,0.182707133,4.664853213,0.107345647,0.171240019,4.646464862,0.092464852,0.207944625,5.491482156,0.128097289,0.380293723,14.57032411,0.095501988,0.602151492,23.59066928,0.110804717,0.491154214,22.03952331,0.024122193,0.814264076,32.42223576,0.083920465,0.688297992,26.17094306,0.098540063
414,L,0,0,59.98333333,1.502979462,67.90868507,0.08315105,0.438654065,12.76534145,0.14922193,0.367580196,11.25379702,0.159631369,0.338476407,10.45875832,0.16431892,0.705196362,26.14553421,0.166150727,0.921470615,37.21052548,0.105306869,0.599045387,26.15704227,0.035455663,1.162824706,46.38067166,0.113182493,0.739105488,25.39760869,0.184244885
414,L,1,30,89.98333333,1.409578745,62.34570308,0.075440075,0.388945845,11.81342134,0.168429786,0.36055492,11.01753116,0.153253588,0.262794624,8.524465497,0.132918369,0.609109671,22.79994082,0.137405755,0.882825035,35.75904079,0.109580688,0.721465732,30.55394385,0.064836616,1.113306837,45.16367024,0.128801974,0.685732771,25.33711471,0.134057444
414,L,2,60,119.9833333,1.492297793,66.5977693,0.081039142,0.408566008,12.07616389,0.194766462,0.379544002,11.48470075,0.188767597,0.285887819,8.968461747,0.119374697,0.641100585,23.53787819,0.147518072,0.927862349,37.12266866,0.127499964,0.748375913,30.33219636,0.082417236,1.206993249,48.00356139,0.145013903,0.77392658,28.97376454,0.143561675
429,L,0,0,59.98333333,1.954263981,86.20706124,0.09686873,0.245580926,5.748980682,0.137445967,0.221649934,5.748258606,0.119940198,0.201777766,4.407294477,0.137016102,0.552019017,19.66420453,0.114620295,0.577404227,22.86231245,0.106767862,0.605841275,19.41529495,0.138221541,0.711496684,27.87022743,0.102471947,0.757286159,27.26709876,0.130354566
429,L,1,30,89.98333333,2.11759015,94.44071803,0.103746155,0.27460542,5.889728743,0.172647057,0.242182788,5.961116502,0.161171973,0.230840837,4.796480314,0.157584174,0.548971386,20.27712907,0.09193471,0.603233727,24.01414937,0.094341799,0.74955264,22.59956897,0.172145073,0.812290882,31.57595526,0.102640582,0.783689983,29.41169838,0.109015546
429,L,2,60,119.9833333,2.227852702,99.98722291,0.105481818,0.307651706,5.981444874,0.145021715,0.262732811,6.04541931,0.132283703,0.293475353,5.369678749,0.191087956,0.593023593,20.5196524,0.105420141,0.647343516,25.86514693,0.095839995,0.630349556,20.46188061,0.174353767,0.914858279,35.01352403,0.142469074,0.802664426,29.50893829,0.120549322
448,M,0,0,59.98333333,2.15601731,95.73228214,0.103139471,0.172360887,3.840410853,0.144404157,0.175199541,4.08703519,0.145048341,0.160820265,4.243160037,0.161861262,0.572871341,20.94790788,0.142846264,0.564203058,22.18995685,0.159493637,0.835874286,32.58694892,0.170749118,0.62703426,24.99102138,0.210416865,0.525847944,20.30940929,0.086352257
448,M,1,30,89.98333333,2.075076724,92.23344842,0.096619739,0.19602903,3.794057292,0.169997784,0.201444232,3.983663283,0.180938058,0.144956169,3.917575761,0.155167959,0.498993955,18.51666855,0.128799762,0.51155002,20.28210771,0.211214043,0.823341625,32.00475483,0.164722401,0.605430935,23.77199397,0.15746014,0.477063153,18.49961151,0.073186132
448,M,2,60,119.9833333,2.208800143,97.48079109,0.110293108,0.243825518,4.225715989,0.190150899,0.238939433,4.457488271,0.186122274,0.209851567,4.724217145,0.240042565,0.558747174,20.37506012,0.137521261,0.561871553,21.6669089,0.154640866,0.672987287,27.48238006,0.125758006,0.680611059,25.57967288,0.150119812,0.544176985,20.11419366,0.095849472
410,H,0,0,59.98333333,0.753494912,33.25223567,0.065574256,0.369954637,8.974473158,0.15841072,0.335710401,8.397758323,0.135789572,0.364256084,9.700120042,0.195475569,0.370747265,13.61177962,0.09529766,0.419985018,16.53424629,0.09286343,1.528100884,66.89777076,0.089662004,0.976744942,37.25223476,0.125965851,0.562949841,21.62799067,0.100662079
410,H,1,30,89.98333333,0.65403697,28.6975545,0.056127485,0.282061846,7.534303082,0.133083182,0.270458703,7.349589742,0.118868617,0.276485286,7.947723624,0.162963025,0.300528802,11.44547587,0.074057897,0.351141157,13.86082904,0.088165427,1.415875837,63.10400622,0.07834467,0.878866416,32.88955457,0.119119658,0.475976566,18.50875906,0.079473178
410,H,2,60,119.9833333,0.595059336,27.05682256,0.043094159,0.276313787,5.916493159,0.134364794,0.266968478,6.042039852,0.116203523,0.275139784,6.921566079,0.151281947,0.275503051,9.962716073,0.067245061,0.23949197,8.829518786,0.056150579,1.431101806,62.72063485,0.088115987,0.861429315,33.02547476,0.107774197,0.419354032,15.92848629,0.058499612
455,H,0,0,59.98333333,1.921149104,83.47323027,0.109918511,0.192097438,4.050758261,0.127860571,0.200399233,4.599111859,0.134287725,0.308268735,8.494944073,0.143339216,0.567960899,20.27988346,0.121818376,0.879581479,34.31958676,0.135799192,0.481167411,20.79960327,0.039327045,0.901869846,35.01143395,0.135549687,0.846526944,29.97338398,0.179160138
455,H,1,30,89.98333333,1.808805434,79.95050369,0.098325177,0.187056118,4.418377009,0.138216295,0.20023842,4.99318232,0.155010622,0.261555255,7.420976322,0.134677911,0.550173186,20.09963416,0.120312816,0.787613375,31.41501234,0.135160657,0.595525993,24.00237133,0.105404594,0.903015797,35.13255882,0.137795415,0.799970854,29.18711975,0.149919179
455,H,2,60,119.9833333,1.73880403,77.32596238,0.088484513,0.186232889,4.616998622,0.13643932,0.20387369,5.165345422,0.159357065,0.231487164,6.755541592,0.139374958,0.55191374,20.18323509,0.10651402,0.669559019,27.39716633,0.121450991,0.785503916,29.7705223,0.137766072,0.937968406,36.04159628,0.138952832,0.738519296,27.63765464,0.109283455
448,L,0,0,59.98333333,1.656868963,73.61496807,0.082387978,0.257382335,5.372853416,0.178716759,0.261308745,5.817904479,0.165816119,0.193051612,4.505916399,0.239066913,0.446466183,16.41621405,0.114604333,0.469799677,18.30409011,0.146695732,0.501660475,20.45239117,0.103385268,0.576174059,22.25042603,0.174151576,0.595538225,22.3678225,0.109997406
448,L,1,30,89.98333333,1.781139636,78.72602093,0.091704589,0.308226096,5.776039213,0.194635334,0.302115836,6.221333182,0.186093753,0.210413638,4.608683957,0.279036697,0.475907506,17.7320912,0.13511013,0.473807128,18.49904656,0.174354044,0.535762297,22.18547162,0.103231565,0.650063167,25.33236028,0.195687753,0.617544479,23.46651367,0.099673316
448,L,2,60,119.9833333,1.817669519,81.03274102,0.087412776,0.264399226,5.072204813,0.165290384,0.283098429,5.737154094,0.183177036,0.16175359,3.931237668,0.214496903,0.415083077,15.18775337,0.112170076,0.459280164,18.16933783,0.196978451,0.715271632,27.91390751,0.169326391,0.678721481,25.86153181,0.176691412,0.580664492,22.27705873,0.094681082
434,H,0,0,59.98333333,1.908345973,84.68879559,0.107315714,0.183333495,3.192483111,0.136181616,0.16550888,2.897610585,0.145464222,0.366586052,9.555116528,0.156859906,0.614819115,20.2836287,0.133715549,0.346612808,12.73751425,0.113279407,0.813394025,32.00750909,0.160488492,0.704285829,26.74438889,0.120397592,1.154337879,40.48218411,0.157559674
434,H,1,30,89.98333333,1.779510994,78.58024887,0.100813294,0.108785719,2.471715891,0.058619959,0.094488378,2.235784355,0.062230678,0.29570967,8.615946952,0.090323958,0.533812179,18.30084594,0.09518901,0.320462555,12.65768753,0.058265408,0.63950543,26.03055831,0.081819775,0.585256728,23.48982742,0.064600279,0.978491738,33.89232549,0.144338352
434,H,2,60,119.9833333,1.720535888,76.37913353,0.09560803,0.103417932,2.26581186,0.048177574,0.094744286,2.137417492,0.057200943,0.254282213,7.454005678,0.093012971,0.480570773,16.30094635,0.081031218,0.328890591,13.35194253,0.048874493,0.535318358,22.64602621,0.043692446,0.604888523,24.27172339,0.077920881,0.909022699,32.01848456,0.139632355
471,H,0,0,59.98333333,2.046522446,92.30501936,0.099294299,0.149369912,3.169637747,0.097157791,0.145169849,3.386708394,0.087414821,0.26294273,6.112362428,0.190160786,0.566101922,21.68783458,0.12889615,0.536761429,20.22075861,0.139789335,1.066739598,45.04535707,0.095935556,0.879757606,35.9476748,0.090157987,0.972264138,36.26499248,0.175487281
471,H,1,30,89.98333333,2.038805844,91.39562928,0.099201925,0.166171184,3.326227865,0.171311348,0.160371742,3.544208221,0.173473382,0.275832917,6.281124141,0.215214189,0.57464003,21.53995711,0.152327957,0.590807027,22.00952886,0.166128302,1.092136028,44.79428976,0.144942235,0.924966244,36.68359975,0.113166545,1.007941127,37.63082796,0.193001389
471,H,2,60,119.9833333,2.03191723,91.57201632,0.096010516,0.158532265,3.322606706,0.165009951,0.156369371,3.564964174,0.163322856,0.24313454,5.975433249,0.219845183,0.533528197,19.80738276,0.144099456,0.624074435,23.54845632,0.175061994,1.370461497,53.55084492,0.216209983,0.918354343,36.31942962,0.151817578,0.941897552,35.50924153,0.175039873
429,M,0,0,59.98333333,2.423514914,107.9912062,0.118715181,0.293581306,5.992552082,0.193201313,0.271103358,6.582389164,0.166366443,0.342950684,6.802376248,0.221092888,0.790474569,28.32677176,0.13775977,0.514558291,21.02213423,0.105747383,0.88247804,24.84981367,0.185983826,0.891161183,34.81582328,0.108285346,1.018110649,37.01525098,0.196367708
429,M,1,30,89.98333333,2.535512634,114.59381,0.116768088,0.291256761,5.971638184,0.158617666,0.295266161,6.730064074,0.153042008,0.275812316,6.062942768,0.192242904,0.729183369,27.26213629,0.119142048,0.484392004,20.04557573,0.072506543,0.797087564,23.63618567,0.194362258,0.885932548,34.37271191,0.102181084,1.07644834,38.70021915,0.169875223
429,M,2,60,119.9833333,2.514884608,114.4917501,0.11372389,0.295943795,6.385012514,0.168993245,0.316875958,7.293618881,0.172750237,0.246800569,5.597153723,0.1633689,0.751158735,27.86106349,0.117285615,0.464711263,19.11862753,0.079014828,0.692219704,21.61473834,0.178336095,0.860903377,33.15952196,0.09451978,1.074373173,39.01025872,0.143866375
451,M,0,0,59.98333333,2.873542742,128.1430926,0.127499884,0.121082513,3.112069657,0.091228942,0.102568383,2.72949618,0.088823976,0.195922587,5.380619967,0.082922733,0.520981395,18.86424756,0.131468967,0.367938374,14.13617446,0.089113771,0.547245741,22.45638051,0.115398168,1.026711693,41.16387256,0.213394507,0.917635718,34.63650928,0.154381646
451,M,1,30,89.98333333,2.679288766,118.5481006,0.115513483,0.120931971,3.121303255,0.090594124,0.104114913,2.776162117,0.07655965,0.166958152,4.862433043,0.089527289,0.434728516,16.72233042,0.088617833,0.354098999,13.66522417,0.132604245,0.558477938,22.51260331,0.113665943,0.94400519,38.46072549,0.159730547,0.820641712,32.53912636,0.111397078
451,M,2,60,119.9833333,2.768718569,124.5112351,0.123585554,0.147683434,3.542500764,0.153117925,0.125256145,3.078805347,0.136327863,0.213493339,5.462802814,0.101255508,0.493030101,18.0893916,0.148333708,0.37649346,14.47121082,0.178402216,0.763229267,29.14159826,0.18230406,1.047741785,42.20518473,0.141910302,0.924616887,35.54679259,0.126940679
414,M,0,0,59.98333333,1.833677894,83.13030253,0.100054577,0.35926074,9.460299942,0.222593646,0.304688973,9.028702798,0.165185363,0.391613084,11.42129565,0.194861296,0.835683002,29.51588309,0.190661801,0.824234371,32.17629169,0.134322339,0.482305063,19.39388341,0.065397977,1.195633647,47.63964907,0.12631787,0.732841573,26.27377262,0.14678993
414,M,1,30,89.98333333,1.836755952,83.04013213,0.100649387,0.338080163,8.802775304,0.186828152,0.287887659,8.565518684,0.152765917,0.355185406,10.32837422,0.17540983,0.750032498,26.3656459,0.182594684,0.881442897,34.31013679,0.144397618,0.469064112,19.14277117,0.061899406,1.073184228,43.36928986,0.12167318,0.67144816,23.68821025,0.150907395
414,M,2,60,119.9833333,1.71654141,76.57688218,0.093412524,0.30795502,8.615594785,0.143946465,0.276428487,8.580634362,0.122557812,0.265542841,8.248183989,0.122654313,0.580773914,20.95102148,0.146224125,0.854222878,33.71242935,0.103969666,0.391247473,16.42046802,0.043438346,1.021726868,40.55509219,0.115770567,0.563779182,20.56170789,0.139183435
409,H,0,0,59.98333333,2.104230817,94.01446114,0.103938803,0.279372283,5.179797146,0.200518317,0.260078984,5.110653548,0.205879611,0.353666069,8.991978886,0.21141806,0.744878833,27.39335898,0.142682068,1.352458557,52.76515814,0.20658868,0.66200221,23.05778341,0.168778281,1.10997368,44.23217737,0.146402062,0.833166772,29.00024087,0.145592861
409,H,1,30,89.98333333,2.136869776,95.62789164,0.111789295,0.328796024,5.505271643,0.192808374,0.29453744,5.21881567,0.193197937,0.403186704,10.1460178,0.185419105,0.835343662,30.07009252,0.154834007,1.353009474,52.92038977,0.195967481,0.690228183,25.01869796,0.14916173,1.113143658,43.7520242,0.139980441,0.8852852,31.15923452,0.153974576
409,H,2,60,119.9833333,2.053627642,91.60790988,0.103355449,0.303701703,5.214644214,0.213280393,0.275452048,4.97674706,0.217926275,0.365561195,9.162613178,0.168097271,0.760712327,27.13083419,0.151304371,1.311010815,51.52030607,0.205139503,0.682830685,25.96099231,0.137542332,1.075398589,42.48265289,0.135559816,0.815929877,29.99249191,0.136335977
475,L,0,0,59.98333333,1.891643755,85.04748695,0.086942769,0.198866055,4.990651688,0.163618027,0.154992247,3.93420379,0.138989412,0.267107886,7.192368715,0.138756924,0.428361218,15.6465284,0.109422509,0.388082596,14.92899743,0.112548151,0.569432955,22.6973737,0.194656967,0.762712988,28.77809771,0.139171559,0.82127135,30.12236029,0.175403268
475,L,1,30,89.98333333,1.879034531,84.26979714,0.081146622,0.182147478,5.004139249,0.113894028,0.144239506,3.974073769,0.094276514,0.214717223,6.671912603,0.113377355,0.447532473,16.51979568,0.087924896,0.349776408,13.61820358,0.062624613,0.49524934,19.98165238,0.114601452,0.784401484,29.92201486,0.140733814,0.744608912,28.14301439,0.163193241
475,L,2,60,119.9833333,1.946255408,86.65527442,0.08159428,0.163467325,4.756572964,0.099858649,0.139043227,3.970740085,0.092938047,0.171831603,5.87388934,0.085779173,0.39850268,14.57253143,0.08502326,0.346245105,13.79078611,0.10709713,0.488279084,20.0348237,0.080201387,0.764751841,30.07851413,0.145957241,0.72611247,27.74895564,0.150868693
430,L,0,0,59.98333333,2.668584269,117.5932019,0.128769651,0.32369105,5.432161209,0.164888491,0.335728707,5.993052305,0.170936763,0.276500384,5.554424475,0.153224022,0.676447171,23.24154132,0.123815209,0.653085523,24.99631702,0.147301047,0.546878151,21.91650295,0.120873614,1.164889987,45.18916991,0.147342969,0.86792359,31.71842254,0.141470198
430,L,1,30,89.98333333,2.475022308,110.2878489,0.119475417,0.297568944,5.255506089,0.1408253,0.306071383,5.841947664,0.141794639,0.232869196,4.72411135,0.145835108,0.53179938,18.86981598,0.102921838,0.577931297,22.3794976,0.094699432,0.67648733,26.11697748,0.153690423,1.098158415,43.75281563,0.139616317,0.766506325,29.16303528,0.118533303
430,L,2,60,119.9833333,2.398671762,106.1893733,0.114877723,0.212758635,4.565547744,0.093701573,0.238386528,5.397300479,0.105116131,0.144781648,3.486836509,0.104644495,0.429455444,15.99376439,0.077373905,0.477393243,18.81544707,0.073447569,0.507712015,21.02701492,0.107639107,0.979175511,39.03009969,0.121340911,0.679221188,26.52648039,0.09571756
453,M,0,0,59.98333333,2.110882294,93.12933812,0.111054893,0.252433329,6.071404935,0.154853291,0.251786353,6.619034159,0.143177478,0.3039542,7.531659922,0.175301092,0.699073159,24.48889693,0.114717219,0.321247015,12.61179452,0.106876605,0.487104756,20.21944342,0.068948478,1.029772034,41.21864899,0.127092273,0.772315037,27.27801864,0.128191467
453,M,1,30,89.98333333,2.068247044,92.21156333,0.10383436,0.219327641,5.300283913,0.151895071,0.237364274,5.836009038,0.160108465,0.241326044,6.552908205,0.152177351,0.638169767,22.74582479,0.131792213,0.3109116,12.45933885,0.108720387,0.494937162,20.58924771,0.078296067,0.955657577,38.45927583,0.115404859,0.715342388,25.48794717,0.116633149
453,M,2,60,119.9833333,2.029803185,90.19572169,0.101339076,0.25830741,5.661343714,0.155055353,0.284495428,6.506632583,0.161791502,0.269406155,6.957391209,0.183376066,0.677651607,24.00801323,0.146961498,0.361807387,14.19872694,0.089551976,0.547079295,21.89777782,0.127651361,1.034765874,41.64005305,0.131027439,0.743878913,26.45238164,0.130412902
416,M,0,0,59.98333333,2.334726635,105.2069663,0.113779108,0.268311428,6.876273128,0.124056712,0.227645632,6.343649673,0.083433146,0.330040146,10.18184283,0.195428511,0.825842565,30.1075207,0.158470645,0.869724417,34.35180358,0.128714961,0.902354222,38.69565043,0.098694155,0.797151905,31.30619707,0.08345107,0.785436039,28.61445077,0.178897571
416,M,1,30,89.98333333,2.182483031,98.48282162,0.103511239,0.255883727,6.803891466,0.111404479,0.210310619,6.318455418,0.077894461,0.297447386,8.858881186,0.15788065,0.714857511,27.42398884,0.13049824,0.889112677,35.50499619,0.115661267,1.096023732,45.58000624,0.135093708,0.769281012,30.97304618,0.072134086,0.704439243,26.13354063,0.17164426
416,M,2,60,119.9833333,2.149962397,97.10035976,0.101425655,0.245409649,6.717498052,0.097305422,0.201735539,6.054978352,0.069825317,0.280664051,8.41078835,0.133994572,0.643201781,24.94667816,0.112030231,0.893519245,35.73871887,0.099749514,0.946742445,40.17088663,0.105007299,0.771446562,31.23099118,0.073171937,0.685182279,25.38159695,0.146693106
477,L,0,0,59.98333333,0.521041986,23.53724136,0.036731263,0.188873546,3.034530191,0.184001801,0.162774067,2.758780529,0.169190653,0.233783442,4.300880382,0.203998572,0.417303869,13.99398058,0.151186202,0.269173286,9.887135014,0.107695011,0.175839953,7.410429058,0.044786837,0.630119289,24.45408993,0.122974586,0.74338146,26.55647792,0.126931938
477,L,1,30,89.98333333,0.434995051,19.14181338,0.022954211,0.117072706,2.370018365,0.086984494,0.101148147,2.184606044,0.063297423,0.142805071,3.162534117,0.130530723,0.281483923,9.392827302,0.080100727,0.172541741,6.320317815,0.049912002,0.124993685,5.074740818,0.032705461,0.482217648,18.82590459,0.07083995,0.626017336,21.95055407,0.117248372
477,L,2,60,119.9833333,0.424628222,18.87850861,0.023206173,0.100675065,2.212248454,0.070313519,0.088607384,2.130002752,0.062196784,0.120354202,2.779268772,0.093237358,0.272616476,9.224475812,0.063651419,0.148985776,5.559481674,0.047438968,0.097745827,4.173463647,0.023562659,0.452565617,17.48248233,0.076557629,0.60835215,20.90915637,0.119137004
432,L,0,0,59.98333333,2.448379449,111.0654139,0.122743955,0.322956748,6.202682181,0.171928788,0.291549029,6.291834608,0.196364497,0.370767038,7.520574127,0.179583769,0.694168451,23.684706,0.128976552,0.700114767,26.23914763,0.193232402,0.754667862,27.33262516,0.236091517,0.816773546,30.70457615,0.180687492,0.867518596,29.73357284,0.125153683
432,L,1,30,89.98333333,2.268089163,102.2013297,0.117384895,0.326396426,5.775452627,0.17509744,0.305799751,6.161039222,0.168267465,0.336044031,6.397790239,0.193291593,0.593154581,20.43892161,0.116522262,0.66338112,24.74740524,0.153195874,0.765997513,27.55142637,0.228964778,0.778869554,29.4028248,0.168230691,0.750035351,26.52090514,0.120724978
432,L,2,60,119.9833333,2.295297583,102.3480111,0.118746237,0.33205204,5.722378092,0.161058459,0.312101842,6.322335675,0.146315601,0.33410122,6.286523893,0.177649005,0.583585703,20.50851103,0.101035452,0.613757029,22.7840086,0.153176039,0.735096804,27.00801187,0.181202373,0.726264718,27.08341473,0.136617591,0.744994478,26.18569814,0.120836744
473,H,0,0,59.98333333,2.312566653,105.0169504,0.115663812,0.284038841,5.308410659,0.160954026,0.279149273,5.77485109,0.159189681,0.401036765,9.754669634,0.198341759,0.90569055,31.06782111,0.145656814,0.836899082,31.56716452,0.148438507,0.721551315,25.62198733,0.134581954,1.002606321,39.19639592,0.16967922,0.959627654,35.19866253,0.124858675
473,H,1,30,89.98333333,2.299446411,103.4215124,0.113250619,0.303312038,5.583484828,0.177511209,0.294477044,6.157156958,0.177655159,0.403916011,9.164384131,0.203366047,0.944305714,33.95442096,0.145907825,0.837241,31.21936379,0.146130583,0.685737905,24.02122202,0.128253756,0.996010811,37.65623886,0.173347651,0.95022006,35.7612285,0.127599733
473,H,2,60,119.9833333,2.21910764,99.08362402,0.110068435,0.253439488,5.033852284,0.170136005,0.251376453,5.552408191,0.172436704,0.330364028,8.24143602,0.161049639,0.802509147,30.26002177,0.141886039,0.784978404,29.12236126,0.131025473,0.500535846,19.26016019,0.089256041,0.889126965,33.91153003,0.156081786,0.897943671,33.9279452,0.123491465
412,H,0,0,59.98333333,2.390778931,105.6627878,0.128427746,0.336626383,5.812553221,0.189013363,0.326317674,5.925694727,0.19235443,0.32754544,7.25773444,0.167344681,0.682678802,23.90390758,0.122998171,0.696358124,24.10712445,0.195141197,0.363754129,14.17039962,0.127165823,0.602387833,22.84256415,0.116610244,0.743133392,27.12045412,0.125210493
412,H,1,30,89.98333333,2.234128424,98.45883597,0.108102109,0.397586021,6.253584752,0.177887684,0.381783717,6.42046076,0.168645008,0.33778229,7.022205584,0.174397232,0.617719589,21.4715521,0.116342913,0.65635019,22.17609449,0.147874006,0.382332769,15.37918336,0.056633127,0.570041183,21.92676167,0.091973408,0.681313124,25.45592296,0.072891462
412,H,2,60,119.9833333,2.248939249,100.7033945,0.103100508,0.391116769,6.241218204,0.19241784,0.372490876,6.372665545,0.16842743,0.33983376,7.084221123,0.204789942,0.618283901,20.61795761,0.109272129,0.623585765,20.99263859,0.163172773,0.455564203,17.4892522,0.068672872,0.57780135,22.72966582,0.095530377,0.684095051,25.13329173,0.076101034
457,H,0,0,59.98333333,1.935632806,86.24694614,0.107210959,0.271553494,4.173478661,0.201151811,0.286573946,4.487249997,0.205540649,0.31249506,6.429070042,0.228183973,0.545296404,18.51517937,0.147569619,0.467849889,14.44092367,0.137260315,0.788439469,27.75189105,0.218449634,0.90406948,33.14683152,0.17067013,0.925065539,32.89061808,0.16822508
457,H,1,30,89.98333333,1.757167075,78.32553463,0.095959686,0.218574664,3.647263176,0.154397741,0.235387791,4.066045016,0.173860194,0.234258187,5.031196049,0.156605593,0.437512051,14.95618557,0.10056663,0.396079291,12.88299855,0.120049272,0.728641687,27.04449892,0.1837057,0.800209575,30.09821732,0.145026258,0.789943373,28.22356011,0.147566882
457,H,2,60,119.9833333,1.811593453,81.03733892,0.100326091,0.224901552,3.659189918,0.130533459,0.228110225,4.021068835,0.150699339,0.23296505,5.114512734,0.126347878,0.438921435,15.37096571,0.096364452,0.39472237,13.34798057,0.120022392,0.666078139,25.28712129,0.153618427,0.821907786,30.58949633,0.15504075,0.807145586,29.18320285,0.140925441
477,M,0,0,59.98333333,2.0428319,89.98517352,0.113366,0.14691333,2.624373727,0.158120105,0.136302303,2.608944104,0.148843608,0.225471792,4.798319512,0.159072252,0.356000588,12.23687447,0.136033631,0.240280554,8.588731038,0.097967491,0.911870483,33.10097891,0.198535691,0.651439849,24.63535527,0.10573511,0.643689514,22.61788556,0.115137462
477,M,1,30,89.98333333,2.061951794,91.8904211,0.114776399,0.125064191,2.450495308,0.077201936,0.115546004,2.394597504,0.073897714,0.195814097,4.486813546,0.147382832,0.350163776,12.19552395,0.08136974,0.230069826,8.239876232,0.110125841,0.798275726,29.54360057,0.185680826,0.626064779,24.09696892,0.113404971,0.658895047,23.80046607,0.12534921
477,M,2,60,119.9833333,2.111746566,96.42860809,0.115869801,0.117130068,2.37955292,0.074113913,0.106610298,2.213481286,0.081064493,0.190943407,4.525309068,0.127408223,0.349639077,11.76939331,0.085452505,0.244462815,8.519671538,0.105107076,0.504054004,21.00489662,0.087663874,0.59795941,23.58777123,0.114100104,0.667148435,23.82020619,0.127632236
432,M,0,0,59.98333333,1.839687778,82.00468077,0.096879083,0.163893666,2.799903787,0.175783432,0.14526878,2.721647901,0.176833719,0.215865456,4.048538678,0.163393416,0.338085788,11.39142871,0.13586473,0.623863476,22.4337965,0.130419191,0.36698353,13.67375243,0.080024367,0.616230067,23.26769657,0.125393948,0.982424301,33.99997266,0.13880047
432,M,1,30,89.98333333,1.699346266,76.16680104,0.083482675,0.117114463,2.187514139,0.069188116,0.116061421,2.337757417,0.073852052,0.144362518,2.947488218,0.083347132,0.254772951,8.76545458,0.058569956,0.48885729,19.14724453,0.109573612,0.311776586,11.31209581,0.078598922,0.565087035,22.09030294,0.092938899,0.817424491,29.40336938,0.118997403
432,M,2,60,119.9833333,1.675920904,74.295393,0.082156893,0.095257048,1.93191442,0.055952158,0.098877862,2.08664958,0.057723197,0.118708284,2.670263942,0.06388419,0.223040264,7.799527005,0.04534944,0.498928705,19.77627479,0.128664864,0.284948298,10.44195308,0.084477827,0.559739354,21.76290208,0.083769601,0.78174402,29.00269844,0.113906579
453,L,0,0,59.98333333,2.336695725,106.9543936,0.112939615,0.271875065,6.957379062,0.173756689,0.287331862,7.825251968,0.181970068,0.27546023,7.235829019,0.168298597,0.721507998,25.55612591,0.119543757,0.53245779,20.49691519,0.190964986,0.406142891,17.33287754,0.032547596,1.04113627,41.83899254,0.139450502,0.878118934,31.19674248,0.126519073
453,L,1,30,89.98333333,2.269756294,102.5552484,0.114058879,0.275630945,7.523659596,0.16093793,0.295993095,8.741208462,0.167435354,0.249844655,6.616537993,0.144558519,0.733767895,25.58083946,0.120786069,0.550925468,21.18162901,0.142991968,0.483594555,19.43212799,0.085624697,0.997072301,40.50693363,0.131041089,0.883584005,31.52336342,0.121637073
453,L,2,60,119.9833333,2.325238725,104.1266696,0.115696407,0.285774006,7.604648963,0.135974926,0.291959059,8.5543645,0.123421067,0.288154961,7.121149206,0.170309606,0.7187396,25.607417,0.123997688,0.577702685,22.46870298,0.116230968,0.440587219,18.11301523,0.082239819,1.056016302,41.55531284,0.115552944,0.918701757,32.74746902,0.11785098
416,L,1,30,89.98333333,1.307698875,58.82846419,0.060646516,0.163681576,4.194142384,0.05547657,0.11399552,3.19199597,0.035528735,0.167760468,5.0051046,0.060598078,0.008315951,0.306283242,0.001575771,0.187773059,7.394294974,0.025233663,0.057905779,2.450600622,0.007604041,0.292802343,11.81521796,0.025420825,0.514932634,19.49984124,0.117666077
416,L,2,60,119.9833333,1.263398234,56.66685479,0.05947163,0.148020535,3.910645927,0.060079895,0.106244691,2.977824644,0.038685835,0.15183463,4.755382208,0.062567773,0.007955694,0.304570131,0.001418751,0.193144032,7.622029831,0.023706085,0.058255236,2.410088565,0.006917553,0.264852588,10.66836701,0.021230003,0.518157244,20.05165833,0.113953745
416,H,0,0,59.98333333,2.041479863,92.2405599,0.102670932,0.305822941,7.581216105,0.115937852,0.229527012,6.333824251,0.092409045,0.327326867,9.804143548,0.145805949,0.668069462,24.5357398,0.110322544,1.233960323,48.42903808,0.173051412,1.001499023,42.02596209,0.105884789,1.345407043,53.74338215,0.11502842,0.865948424,31.17282969,0.193394158
416,H,1,30,89.98333333,1.999695102,90.20628243,0.098695414,0.305881949,7.54621741,0.119973893,0.245272672,6.657087075,0.095632114,0.32218448,9.323454798,0.124676621,0.614270339,22.73978684,0.113248841,1.138555758,44.12815377,0.156528384,0.980819443,40.18700779,0.107091785,1.315409721,52.77596097,0.115996614,0.877259454,31.72732975,0.178329022
416,H,2,60,119.9833333,1.886152078,86.12888193,0.090414601,0.286609863,6.980920118,0.116112572,0.231337774,6.109612521,0.091127095,0.311315048,9.057585946,0.123376307,0.614669847,22.7380668,0.114553388,1.082024221,41.99508441,0.173689656,0.973893137,40.4462045,0.140746803,1.251826345,51.04010687,0.111144536,0.826920817,30.38268556,0.151765515
453,H,0,0,59.98333333,2.049793845,91.66055039,0.105395672,0.263665226,5.721400946,0.161557478,0.304160443,7.294831466,0.184022286,0.281325635,6.563356728,0.160455875,0.659731609,22.82942382,0.126537551,0.454897267,17.43779559,0.110814643,0.580853648,23.27187843,0.070990162,1.072560484,42.2898795,0.113306533,0.805644236,28.05911977,0.134241533
453,H,1,30,89.98333333,1.98853608,88.32335811,0.101982326,0.248882574,5.679631849,0.148402612,0.279827927,7.039013448,0.158632031,0.269354446,6.506943865,0.151456655,0.651520315,22.6608251,0.102450754,0.435059711,17.21721032,0.10710985,0.616126041,24.46936101,0.071170173,1.035919442,41.10420383,0.109145993,0.813734575,28.78355246,0.106921175
453,H,2,60,119.9833333,2.105039323,93.92605233,0.102479263,0.255796104,5.502708738,0.168279593,0.27458141,6.738375413,0.168008742,0.308670685,6.961989963,0.16320026,0.689152827,23.60535242,0.135301836,0.519854552,19.67419983,0.12204082,0.675610211,25.74093197,0.107480885,1.052696566,41.67390035,0.120213121,0.841007996,29.89580314,0.124751777
457,L,0,0,59.98333333,1.874474313,82.21740477,0.107220135,0.231191961,3.497566264,0.159515412,0.244398494,3.619571435,0.166545749,0.279630443,6.089122899,0.204275588,0.498343523,17.36647009,0.123963218,0.32592552,10.86171438,0.112437498,0.631589092,22.90990693,0.174057295,0.807406592,30.5878767,0.188612311,0.910012733,33.16099701,0.19296829
457,L,1,30,89.98333333,1.735675176,77.87772132,0.090632529,0.16938006,3.012288157,0.120522347,0.173705723,3.147293241,0.131732425,0.19207472,4.643575978,0.14462836,0.394916186,14.39596276,0.083802954,0.284584704,10.30651068,0.068328392,0.5279599,20.14513022,0.149695887,0.736793603,28.22038542,0.148200437,0.783491274,29.48805097,0.162621691
457,L,2,60,119.9833333,1.78291321,80.2983808,0.090964975,0.119161656,2.540207011,0.083954055,0.12196724,2.69369413,0.082957563,0.158197358,4.215290522,0.114173576,0.374130923,13.95829541,0.082760561,0.274897289,10.76051008,0.061508939,0.411048111,17.33208145,0.084982148,0.749099639,29.42343855,0.086850422,0.795359878,29.33258593,0.160552006
473,M,0,0,59.98333333,2.285216257,102.5542374,0.110612901,0.224287455,4.405814746,0.140730722,0.229670664,5.159346463,0.141919115,0.311177326,7.851511606,0.162378141,0.745374926,28.32788711,0.129021555,0.777813365,29.74529731,0.154809055,0.357084337,15.77306724,0.019332014,0.805306627,31.49728504,0.133331827,1.050376353,39.52971544,0.149537046
473,M,1,30,89.98333333,2.210527241,98.36922086,0.096336169,0.179386188,4.06065487,0.118959286,0.194500198,4.665030796,0.133910316,0.243461696,7.019854836,0.097677528,0.723465059,27.73204365,0.097442165,0.756661659,29.46068026,0.143128299,0.508566141,19.2730549,0.105882899,0.69615427,27.98855634,0.143907746,0.964474444,36.39240335,0.135366392
473,M,2,60,119.9833333,2.148517802,97.71148951,0.089673195,0.194876499,4.492139356,0.11946836,0.217242814,5.015248465,0.137001089,0.234119887,7.191623198,0.07895128,0.720104101,26.8754661,0.097275576,0.800173117,31.6092671,0.126248519,0.655964882,22.52993878,0.139611185,0.676285048,27.01155511,0.127028183,0.912135453,35.07803959,0.121249116
473,L,0,0,59.98333333,2.459209352,109.9102751,0.11567537,0.165693318,3.905657045,0.133332965,0.182536943,4.487496531,0.145386701,0.190017413,5.256178098,0.095826996,0.581695463,21.13510939,0.123208599,0.863947456,33.72621778,0.132789442,0.490004642,18.33634838,0.088112341,0.851554575,34.33156816,0.149980342,0.909019625,34.37578325,0.109065133
473,L,1,30,89.98333333,2.373354636,106.2174762,0.11269056,0.172808297,3.724806835,0.151381485,0.197342199,4.388296121,0.172423665,0.172564514,5.017398529,0.090393325,0.556309536,20.62970787,0.123733527,0.8442446,33.16747447,0.131500796,0.474393049,17.63518117,0.088743968,0.858520486,34.68760792,0.146710835,0.846412264,31.67409796,0.11206717
473,L,2,60,119.9833333,2.406765881,107.4104473,0.109261569,0.155145094,3.625198621,0.107153117,0.181788348,4.310082266,0.129417667,0.15528209,4.842067218,0.059894343,0.527146822,20.00107949,0.077466477,0.821954176,32.35730355,0.110747436,0.466501783,18.04336737,0.093034059,0.823943873,32.99953547,0.144165294,0.767750154,29.00331493,0.121123001
457,M,0,0,59.98333333,1.780144427,79.56506301,0.10152523,0.217947636,3.431594165,0.175191291,0.191107999,2.875376985,0.150072506,0.28192274,6.148226398,0.232052539,0.551406979,18.65637535,0.15636375,0.466569294,15.28575756,0.137380523,0.567194807,20.67565964,0.198696161,0.745978158,27.82000876,0.167334697,0.862577414,30.4860284,0.158583449
457,M,1,30,89.98333333,1.626312225,72.01917674,0.090394973,0.157686129,2.759850159,0.124564412,0.138732145,2.363139791,0.119885764,0.199719447,5.062624029,0.123582316,0.427651289,14.70926137,0.11304019,0.394833389,13.78743969,0.10136333,0.466919582,17.83611369,0.183505702,0.680263968,25.93382741,0.117002361,0.733854101,26.05712634,0.152787016
457,M,2,60,119.9833333,1.649187646,72.49816826,0.09155786,0.173186631,2.8448146,0.115378478,0.15287607,2.527662759,0.113495072,0.205682074,4.925332631,0.125923093,0.436959345,14.91627926,0.109273035,0.400907533,13.46786892,0.108167001,0.503629725,18.5183597,0.18326409,0.692596459,25.93723162,0.125931086,0.746117932,26.79059466,0.155426836
412,M,0,0,59.98333333,2.031838662,91.23593083,0.101741462,0.19703836,3.000545565,0.168548638,0.196163805,3.0441145,0.169332545,0.223043279,4.564205089,0.154160982,0.429393231,15.2599885,0.163202872,0.387011662,12.90937522,0.167865703,0.648970576,27.26488103,0.061320927,0.654601439,25.02689093,0.11769728,0.589840458,21.01965705,0.118810483
412,M,1,30,89.98333333,1.860735891,81.43514667,0.097991083,0.170742732,2.80258182,0.084641781,0.170253545,2.911765301,0.082806851,0.166546635,4.181209646,0.083098391,0.400553881,14.3671842,0.062616596,0.337064721,12.00041236,0.073078745,0.852028507,34.30199775,0.103037039,0.615826498,23.69576718,0.089446787,0.559798315,20.58246433,0.061619323
412,M,2,60,119.9833333,1.848913897,82.60204101,0.094187243,0.157560885,2.729976387,0.095604516,0.160903808,2.869505531,0.098929961,0.147577031,3.823266362,0.073039779,0.378110258,13.29924856,0.076730067,0.342403963,12.0748771,0.085456068,1.007632764,40.35716167,0.135387703,0.609209619,23.01548947,0.107213457,0.530102628,19.44498987,0.067124547
432,H,0,0,59.98333333,2.238016678,98.70317375,0.108055248,0.329005938,4.842204686,0.209147581,0.262726986,4.112692254,0.202611495,0.350793298,5.997016175,0.175846459,0.544747026,17.86150681,0.134393735,0.497655071,17.58483286,0.157794994,0.777665706,26.56143458,0.259322413,0.739572583,27.11323316,0.155307233,0.983190789,34.10057932,0.134211867
432,H,1,30,89.98333333,2.286352871,100.0846004,0.115222397,0.360791768,5.39403667,0.158461158,0.28181238,4.473541223,0.128394161,0.378424917,6.400553769,0.185602652,0.585297952,19.46609091,0.090737569,0.505523404,17.9468918,0.118979377,0.944947412,31.59201716,0.192193316,0.773695375,28.10240514,0.153586223,1.018806027,34.80718988,0.133020272
432,H,2,60,119.9833333,2.188008072,97.79773878,0.110320285,0.30261826,4.86868975,0.136639696,0.246454122,4.202735977,0.13467041,0.317935727,5.611348607,0.186216151,0.544897603,18.77818174,0.123376483,0.448463567,16.55136892,0.093702998,0.846454508,29.17278484,0.196020857,0.695792533,25.61345712,0.153496549,0.939373413,33.35018717,0.137525667
477,H,0,0,59.98333333,0.87893248,38.64057816,0.064440158,0.174491913,2.302013066,0.150777919,0.139963575,2.011594817,0.125282868,0.162305942,2.889498369,0.152703904,0.157484419,5.644720993,0.056391177,0.110667581,4.39043268,0.034624371,0.209219918,8.727654488,0.049330977,0.387422753,14.01540727,0.119401439,0.485414122,17.3094177,0.103162333
477,H,1,30,89.98333333,0.653636793,29.12108717,0.036388451,0.07187973,1.389818233,0.058071961,0.054594396,1.125475306,0.040692552,0.083024066,1.920043043,0.070153803,0.063065815,2.198248416,0.016598837,0.042078441,1.565543842,0.012350447,0.124091405,4.681724711,0.034348341,0.22031824,8.378473492,0.033353446,0.32383597,11.84372232,0.052434323
477,H,2,60,119.9833333,0.642954378,29.10904412,0.032943554,0.060376504,1.291420152,0.048273919,0.045473002,1.039197482,0.035843045,0.068329963,1.773637789,0.060110633,0.058560635,2.123957736,0.012694027,0.039342108,1.465822143,0.012665401,0.113400887,4.248778495,0.033561706,0.198619097,7.760015979,0.028890522,0.320619979,11.5409243,0.055214387
468,M,0,0,59.98333333,2.162007201,95.65031098,0.106483336,0.121842283,2.487847817,0.097300405,0.134905761,2.914978559,0.096335458,0.167375793,3.882434202,0.119986913,0.303935388,10.81364524,0.087681566,0.457336838,17.41708634,0.146652144,0.805254909,33.05443288,0.107487865,0.689654645,26.86039591,0.105091604,0.588160945,22.47475962,0.118754363
468,M,1,30,89.98333333,2.180731386,98.12855536,0.106829743,0.13870638,2.639003745,0.114797688,0.144299399,2.979638408,0.110012547,0.192231375,3.96920769,0.149882777,0.31995049,11.31868157,0.096236494,0.409773748,15.84459575,0.078602671,0.772882614,31.79726291,0.104469176,0.696271072,26.68378417,0.110393812,0.577461307,21.58588711,0.092503452
468,M,2,60,119.9833333,2.182349992,98.70418099,0.105468638,0.134744192,2.765304747,0.096926551,0.141687729,3.249774187,0.089273397,0.191020231,4.172305819,0.14402853,0.325427957,11.38457149,0.077678047,0.428146723,16.71473977,0.086262398,0.814416634,31.93078009,0.140142209,0.746341173,28.3326279,0.110792971,0.598729225,22.04932113,0.094689341
430,H,0,0,59.98333333,2.294731036,102.3680362,0.120307888,0.256605824,4.714444695,0.161319935,0.217846961,4.207028559,0.160625403,0.26794858,6.055420157,0.175604612,0.673630347,23.23963077,0.142387424,0.656420558,25.15716616,0.144977927,0.469600808,18.6056829,0.119231096,0.866702427,33.56929219,0.138651136,0.899221358,32.14561501,0.137369763
430,H,1,30,89.98333333,2.180512101,98.48660744,0.110120625,0.305008398,5.210245763,0.192602311,0.257666408,4.554318109,0.175526114,0.291400804,6.450398124,0.187999158,0.596245879,21.88273114,0.130341902,0.734139483,28.39132901,0.128313494,0.621731645,24.36544058,0.135087855,0.855092857,33.14265655,0.121552603,0.901420103,33.51422861,0.143659327
430,H,2,60,119.9833333,2.203839944,99.79586841,0.108698363,0.319524262,5.42633595,0.212190688,0.274589165,4.799173076,0.199560789,0.292796132,6.469010853,0.167342598,0.602812932,22.182595,0.129164988,0.736842652,27.81133603,0.124745064,0.829911252,30.76826528,0.167649444,0.920001951,34.27971927,0.117694792,0.89417235,33.32791866,0.151598979
475,H,0,0,59.98333333,1.699615254,75.92331221,0.080891752,0.238524341,6.150816413,0.10668882,0.215874065,5.677158337,0.122904749,0.427480525,12.68021189,0.172303236,0.798447792,30.34842721,0.124549425,0.438752437,16.97806103,0.079175621,0.712991079,27.20900919,0.26733937,0.70152643,26.63113761,0.104380636,0.868944255,31.897939,0.144000091
475,H,1,30,89.98333333,1.687547232,74.85425173,0.071811272,0.236993919,6.428535281,0.090514612,0.21852118,6.01048767,0.100134469,0.374772417,11.34705509,0.154317285,0.720894683,27.23321852,0.124585659,0.409797952,15.99467921,0.10445807,0.67996633,25.57754154,0.243656756,0.671797858,26.1306419,0.118757572,0.781506887,28.82129532,0.12022385
475,H,2,60,119.9833333,1.701067017,75.35561328,0.076280631,0.268080179,6.645602387,0.193280288,0.240061039,6.142304013,0.206239846,0.418724923,11.86071222,0.161777466,0.720144138,27.03078241,0.153195709,0.4470109,17.47480532,0.094203256,0.71481259,26.4613781,0.220022635,0.745138531,28.49885784,0.133826317,0.871212969,32.12854626,0.158770966
409,L,0,0,59.98333333,2.409151059,108.1837676,0.121708592,0.287920894,5.193442082,0.177890099,0.246978346,4.748181947,0.170579659,0.316882753,7.564665098,0.164203904,0.484613475,17.63459513,0.108437003,0.893056666,35.49950899,0.137091865,0.700220386,26.97133368,0.179892439,1.180700624,46.31256781,0.132545871,0.749776383,27.15559613,0.149757417
409,L,1,30,89.98333333,2.191177274,96.66884111,0.12043744,0.262927149,4.785244259,0.173414651,0.228275792,4.310927531,0.159920859,0.279960205,6.960031489,0.166511944,0.443118714,16.49565448,0.101552654,0.841930727,33.59500073,0.128023706,0.68577162,26.19464363,0.179117906,1.057439116,42.19461509,0.107724306,0.658518593,23.83988567,0.124143556
409,L,2,60,119.9833333,2.377960073,103.0666086,0.129090416,0.263645955,5.029560928,0.141658883,0.219367081,4.478686556,0.125949098,0.322523088,7.654604681,0.174726997,0.466149675,17.2370704,0.093369794,0.832838655,33.57297165,0.128100215,0.389127595,17.42776077,0.019145937,1.094529866,44.10960597,0.133443579,0.740908361,26.17310899,0.14437491
471,L,0,0,59.98333333,2.305825638,100.2968132,0.11786652,0.331209013,5.512680091,0.214309022,0.328190607,5.968911747,0.201560195,0.351725006,7.071743739,0.252565837,0.688781517,25.36561483,0.115177091,0.462682883,16.19887808,0.142989351,0.87387006,36.86354429,0.10673238,1.180102928,47.61947132,0.130251294,1.103806069,39.21664183,0.165786302
471,L,1,30,89.98333333,2.274783346,99.30543154,0.113552032,0.350988294,5.772324552,0.211387199,0.348798102,6.290523218,0.197537174,0.359493652,7.12129895,0.277594954,0.708467464,26.33142831,0.110610658,0.487489739,17.46919892,0.129399962,1.003872768,40.3276639,0.157627705,1.196998433,47.31527071,0.169410813,1.073398709,38.08905755,0.16572708
471,L,2,60,119.9833333,2.158314621,95.62721543,0.100738825,0.200114938,4.570307529,0.114518464,0.221075701,5.38199387,0.111419028,0.186778097,4.895973429,0.164282379,0.555280417,20.99464705,0.076657104,0.350960568,14.0257101,0.084248111,0.940524071,39.15955581,0.132493697,1.073917721,42.48625336,0.137394746,0.849042458,31.78104686,0.149157363
434,L,1,30,89.98333333,1.791430827,79.9642935,0.100670338,0.180920651,4.144862357,0.122512845,0.164071792,3.754059001,0.135186382,0.305692606,8.775408111,0.104059494,0.09716523,3.186312286,0.017115719,0.173920222,6.912898026,0.035416714,0.085922889,3.621851854,0.009047183,0.812928135,32.39325674,0.098638003,0.869977806,30.1057556,0.131707161
434,L,2,60,119.9833333,1.814495269,80.3207047,0.101097383,0.1688014,4.259120125,0.138808695,0.151330062,3.823998403,0.146686631,0.289296195,8.512813141,0.104303756,0.093397621,3.09043539,0.018408146,0.168910076,6.860885247,0.036233807,0.077974251,3.340879108,0.006325077,0.83873458,33.67276052,0.098082847,0.847570816,30.30597225,0.13310617
448,H,0,0,59.98333333,1.866262791,83.50022514,0.092334079,0.11535943,3.230016164,0.081255457,0.151146949,4.45217617,0.109210448,0.126158023,3.602216949,0.069743487,0.405191931,14.8058595,0.12439067,0.426473939,17.04104444,0.154215557,0.590054364,23.63530964,0.101269824,0.494174437,19.64650662,0.10672975,0.639390441,24.72900428,0.116023329
448,H,1,30,89.98333333,1.961651324,86.56700698,0.112190217,0.211629921,3.687340115,0.188550494,0.237351448,4.813958561,0.205842126,0.215144124,4.465409306,0.229465924,0.49393934,17.63814799,0.128040504,0.472288028,18.7884282,0.102317759,0.560801067,22.59276798,0.093228219,0.578697886,23.31969442,0.122323602,0.744263153,28.00040523,0.107144448
448,H,2,60,119.9833333,2.071192935,91.47654655,0.113166777,0.244217984,3.844426191,0.176201332,0.277667081,5.055923727,0.222327323,0.247393365,4.817830421,0.241801077,0.540047388,18.84272078,0.139393843,0.548975087,20.80648839,0.116979215,0.452061417,20.35619555,0.022631193,0.612543057,24.14051056,0.144775788,0.807640914,29.77390767,0.126005301
455,M,0,0,59.98333333,2.023343362,87.96599835,0.107649489,0.310592799,7.189241497,0.212908579,0.300303732,7.460924195,0.216725576,0.410514341,11.68254492,0.181932599,0.762078838,27.66431656,0.126119264,1.038557473,41.36730944,0.142718896,0.569774996,21.66865996,0.109019585,0.947848975,36.69418182,0.128858138,0.85575892,30.05579681,0.15675852
455,M,1,30,89.98333333,1.953458336,84.24260154,0.102972232,0.311428034,7.08865457,0.17835477,0.305535077,7.511459664,0.18317304,0.376297988,10.82972497,0.176836505,0.745400106,27.35724554,0.138472828,1.030696487,41.43230964,0.172195549,0.484308702,19.31424161,0.081069175,0.960363019,37.88259499,0.135864804,0.807576294,28.61476982,0.165494088
455,M,2,60,119.9833333,1.897199659,83.86729434,0.09685777,0.263758497,6.581879092,0.177008867,0.272177676,6.906467619,0.194301607,0.290747819,9.362011068,0.12064229,0.774078563,28.58263148,0.140781195,0.866837015,36.20931829,0.141530604,0.476222282,18.95442946,0.067376829,0.91580403,36.25755874,0.137570992,0.737023536,27.38230278,0.127257087
410,M,0,0,59.98333333,0.80767241,35.70564632,0.060290347,0.321022454,7.919060052,0.154105282,0.30612852,7.97996365,0.14806863,0.362435355,8.998194905,0.182391192,0.486919474,18.08031319,0.115064418,0.429401147,17.22537064,0.077112057,1.356017676,58.20125083,0.095379709,1.06520959,40.99822208,0.140812375,0.563131894,20.61709096,0.108859927
410,M,1,30,89.98333333,0.735129384,32.80199111,0.063399953,0.260610696,7.73185937,0.113003602,0.257162583,7.813362235,0.102457228,0.28480468,8.090235477,0.157968706,0.379153814,14.82765615,0.0986176,0.392375014,16.35426898,0.065494703,1.487263905,63.68958392,0.090938712,0.962970285,37.84773444,0.157017839,0.447784212,17.51958627,0.063255142
410,M,2,60,119.9833333,0.627082673,27.93137538,0.046368469,0.226954401,6.571748078,0.075061423,0.233446282,7.070479595,0.073935051,0.21287911,6.104782104,0.096803805,0.26546075,10.29325661,0.047195705,0.30989611,12.48544885,0.050198873,1.351826241,59.10920492,0.062963986,0.870099578,33.75627844,0.131191638,0.347552549,13.66165319,0.051858118
455,L,0,0,59.98333333,1.926840722,85.21648053,0.108025827,0.167556432,3.476797003,0.147558291,0.146616422,3.208563388,0.136005737,0.340695073,9.353250245,0.180044049,0.595168663,20.68358059,0.142907055,1.01642988,39.16139315,0.181177766,0.606444953,26.44241695,0.046269483,0.756620781,28.59829352,0.147809668,0.831454745,29.41769902,0.176597038
455,L,1,30,89.98333333,1.733348329,75.62401237,0.101881622,0.154595231,3.453299626,0.099669708,0.137326065,3.147608555,0.097840492,0.273240361,8.153885959,0.147410889,0.543157017,19.68374069,0.123530773,0.928978031,36.67979942,0.152933485,0.669175968,27.46529639,0.108288318,0.723843757,28.04144756,0.108608888,0.768282526,27.24612252,0.147301876
455,L,2,60,119.9833333,1.791593498,78.44615848,0.105986871,0.150657417,3.711389152,0.093716396,0.134729995,3.342037993,0.092700347,0.249177719,7.663524126,0.114609806,0.581434888,21.19629583,0.116365719,0.857198125,34.26630029,0.13665532,0.785988206,30.11787859,0.152270736,0.700097434,27.71184977,0.080210311,0.776773653,27.89685343,0.128517879
410,L,0,0,59.98333333,0.625801386,28.13796818,0.050446198,0.210437044,4.935262659,0.119091372,0.202656748,4.803644554,0.111076201,0.270544718,7.343522364,0.160818114,0.311387664,11.40882303,0.096452069,0.299053432,11.55743423,0.070881551,1.124556372,47.66566496,0.084312858,0.536106335,20.58177,0.090658346,0.415547317,15.70969304,0.068628322
410,L,1,30,89.98333333,0.603440954,26.97719303,0.041558975,0.175658942,4.495832379,0.076415968,0.164423138,4.297482241,0.066635608,0.254996697,7.29912254,0.121140135,0.26658718,9.902646447,0.047895791,0.303025473,12.47921972,0.057771531,1.061069044,45.08074633,0.08518435,0.523294568,20.35905245,0.064483841,0.393798546,15.24736003,0.052313923
410,L,2,60,119.9833333,0.568089523,25.18262327,0.032716067,0.16676346,4.071081385,0.065727441,0.156424321,4.012399506,0.058534629,0.246776058,6.940703485,0.113895293,0.251797765,9.572795867,0.035197653,0.27057936,10.90476376,0.049560415,0.903075625,39.1073617,0.048929042,0.4943654,19.01672786,0.068679519,0.356799662,13.59131048,0.049933716
471,M,0,0,59.98333333,2.165583887,96.86554691,0.109759283,0.237416458,3.881679639,0.167954474,0.227720859,4.151093289,0.14725742,0.306769151,6.161573225,0.243561582,0.558673116,20.62706314,0.104911444,0.559568351,20.03416576,0.15475321,0.832458584,35.25156814,0.110511171,0.736024116,28.56192899,0.116474425,0.876230677,33.03008491,0.119822362
471,M,1,30,89.98333333,2.066679551,92.56615331,0.105634758,0.216638062,3.703600507,0.154242462,0.20928956,3.952838573,0.13587311,0.269439372,5.565606037,0.234974478,0.527568899,19.81648378,0.102151524,0.522332667,19.16827107,0.14832211,0.812728283,34.27825544,0.111297256,0.722325604,28.27087101,0.1207256,0.814144377,30.71505494,0.119926458
471,M,2,60,119.9833333,1.977790342,88.08842819,0.098890838,0.207606768,3.617145193,0.150057668,0.208212359,3.876275619,0.151578004,0.218477717,4.883472078,0.217770891,0.508395196,18.51877874,0.128707675,0.519449231,19.1925323,0.142252888,0.951114177,37.51369842,0.146491022,0.704335857,27.02944668,0.1345362,0.713117301,26.64166124,0.113716309
434,M,0,0,59.98333333,2.224750503,98.17215804,0.123877593,0.270228061,5.738952848,0.143360133,0.216991633,4.937721663,0.130348695,0.524317082,14.26934239,0.179666794,0.88511891,27.80002005,0.146137346,0.439254997,16.62359347,0.102946692,0.849103118,34.73457167,0.08958142,0.49851864,19.81690972,0.083347658,1.174129684,40.26145932,0.156419279
434,M,1,30,89.98333333,2.048237195,90.53150632,0.110919284,0.232417774,5.267560496,0.093131946,0.20099459,4.810614721,0.078642853,0.421804811,11.81996972,0.16423505,0.781362423,25.26366537,0.129792834,0.382656118,14.89430217,0.066571642,0.968700391,38.18226136,0.122583573,0.464430668,18.64504975,0.049945025,0.999973539,34.68167827,0.147007708
434,M,2,60,119.9833333,2.070428713,91.85009425,0.110522954,0.21958802,5.407346674,0.095641255,0.187915687,4.80475859,0.082877132,0.421035422,11.98803086,0.15651633,0.746241462,24.34119909,0.123641948,0.375538505,14.83828106,0.085445371,0.841217793,34.60323812,0.103373614,0.466526554,18.90803614,0.046056637,1.023331436,35.1245295,0.147338336
429,H,0,0,59.98333333,2.594578349,116.3571412,0.124435874,0.203731421,3.881230055,0.128052359,0.197200491,4.224138533,0.124621574,0.239285285,4.533568993,0.149465568,0.528845494,18.91669533,0.105850923,0.358795449,14.08058726,0.122185375,0.779713248,23.85884901,0.168266611,0.754947771,29.84967293,0.112316505,0.875233744,31.98693505,0.127900653
429,H,1,30,89.98333333,2.591785341,115.8884438,0.12361905,0.235507353,4.1921625,0.122180503,0.224835758,4.553986935,0.121483843,0.240573757,4.512408757,0.136571398,0.510891182,18.17913776,0.088363897,0.347631757,13.91543376,0.065248154,1.062746164,28.86495399,0.194384991,0.761214639,29.79188088,0.106282714,0.87102223,31.87690773,0.124706119
429,H,2,60,119.9833333,2.576242684,116.1485447,0.120206478,0.23233427,4.230634535,0.111532936,0.239784274,4.741186156,0.120344249,0.214841567,4.137714987,0.12550962,0.481123081,17.0957854,0.09933902,0.346682499,13.57653768,0.065521263,0.978449709,26.31310073,0.194082359,0.714756719,27.11454165,0.094514896,0.885066931,32.0265783,0.137949515
414,H,0,0,59.98333333,1.610798614,72.45274284,0.091440669,0.389704798,11.11645109,0.186490665,0.430540263,12.99564157,0.20671453,0.49561268,15.89116724,0.18264142,0.981949763,35.0087322,0.205732553,0.959430298,36.93665785,0.140743221,0.741151796,31.0695679,0.064071467,1.34244375,53.01811772,0.14794549,0.90659889,33.13127635,0.185460192
414,H,1,30,89.98333333,1.433055713,64.34657767,0.081483345,0.336892554,9.730032013,0.195109714,0.392764535,12.41304312,0.216363017,0.390201616,12.64140871,0.154525906,0.777547334,28.37565322,0.176590457,0.969322528,37.66633383,0.132945667,0.966278568,36.94705334,0.117645945,1.281381351,50.26047148,0.134431041,0.759148284,27.93768205,0.16310017
414,H,2,60,119.9833333,1.409476394,64.4130324,0.082949914,0.363725696,10.25061316,0.167548911,0.429557572,12.97062983,0.196310787,0.350973373,11.22407046,0.139902961,0.708558898,26.49879832,0.160770071,1.014960451,39.54030793,0.12579718,0.986058523,37.80305629,0.123200703,1.280833543,49.35105165,0.126892924,0.697740186,25.64219827,0.157635203
451,H,0,0,59.98333333,2.238701667,101.3761506,0.106795823,0.187937681,3.154934674,0.14397894,0.193550458,3.400309885,0.15635042,0.290321236,6.185437977,0.149207865,0.427127772,14.53433177,0.11230145,0.322211074,12.40350175,0.119017861,0.731146002,27.06005558,0.171613903,0.991786556,39.34035226,0.133579775,1.03317158,38.0858394,0.140159168
451,H,1,30,89.98333333,2.292235142,104.4873726,0.103834885,0.13616337,2.894464134,0.080290303,0.136031649,3.114514709,0.094472827,0.237365711,5.638890738,0.121505832,0.355236694,12.98132662,0.077985432,0.276018929,10.69144485,0.081896527,0.743747527,27.08183704,0.187653676,0.845114283,34.3483593,0.117728459,0.938118685,35.37372382,0.10664793
451,H,2,60,119.9833333,2.367186962,107.222538,0.105364283,0.133053606,2.936351568,0.071161428,0.129547335,3.129790492,0.075355824,0.254435451,6.045542094,0.119429765,0.347405113,12.48480904,0.065242379,0.27776347,10.47262672,0.079185612,0.666403511,25.49706802,0.163098982,0.836351951,33.9076448,0.103553836,0.913388493,34.26253369,0.115327876
409,M,0,0,59.98333333,1.867751456,82.81483288,0.096449954,0.218897938,5.1119195,0.138217096,0.169037399,4.402966214,0.108529014,0.34268007,9.080965332,0.178338298,0.576324763,20.96090575,0.117893217,0.974381207,39.17415326,0.144457977,0.30903995,13.84997004,0.017774465,1.215531348,47.22827946,0.155582841,0.727814377,26.36977381,0.14415128
409,M,1,30,89.98333333,1.932676913,85.57423048,0.09487975,0.289504072,5.413876543,0.239671423,0.231194364,4.661115222,0.215785061,0.347090487,8.722201614,0.205685458,0.58946437,21.16164591,0.13229696,1.035128379,40.27618271,0.162191164,0.620110644,22.98171095,0.15118504,1.28325012,49.88647096,0.184020922,0.780890855,28.20014985,0.127236607
409,M,2,60,119.9833333,1.955012855,87.64783018,0.099667003,0.271449385,5.286348014,0.214103335,0.220016976,4.60795521,0.187196819,0.340522865,8.166706071,0.207143459,0.551091869,20.34905127,0.135884763,0.989519743,39.23933621,0.165518535,0.636951851,23.85303611,0.151147717,1.222673089,49.16127845,0.148464657,0.779895111,28.72244618,0.13110513
468,L,0,0,59.98333333,0.434056946,19.85518373,0.047395647,0.118228556,2.437061946,0.088684953,0.117113053,2.52745372,0.08849429,0.251571202,5.927386732,0.128399865,0.10847626,4.01282333,0.039556424,0.298279353,11.6706263,0.06636611,0.134689244,5.651062411,0.049372841,0.312279751,11.95823521,0.055604614,0.457726816,17.45263069,0.090578804
468,L,1,30,89.98333333,0.277518622,12.37974132,0.013437277,0.070697916,1.484890587,0.030689382,0.06933271,1.561761475,0.027897865,0.149564074,3.630956085,0.098837939,0.040908573,1.495374171,0.0072186,0.118554779,4.540766378,0.01955309,0.085276046,3.531985592,0.01280371,0.179217468,6.988542651,0.022033349,0.278500499,10.73771261,0.043370897
468,L,2,60,119.9833333,0.279985443,12.44879089,0.013471727,0.075157267,1.626667926,0.04346031,0.074120527,1.688770531,0.038813399,0.14475424,3.645599442,0.120774577,0.044434497,1.664687187,0.009133016,0.109137932,4.197197117,0.022738318,0.097167122,3.803431843,0.017990742,0.188246474,7.392316156,0.028774154,0.296455973,11.40717345,0.048073816
472,H,0,0,59.98333333,2.333764044,105.1116489,0.118357204,0.260768454,7.416131314,0.136980437,0.278057851,8.205683774,0.127195856,0.26170272,7.564531249,0.113464706,0.691068811,23.96790628,0.176536949,0.630663741,24.75369502,0.245317157,0.230664558,8.759000688,0.112785069,0.860327581,34.65032661,0.120494162,0.80451597,28.7938993,0.157232331
472,H,1,30,89.98333333,2.283774108,104.9925955,0.115369488,0.317057686,7.334337586,0.115515977,0.3410197,8.211474405,0.127421912,0.293997577,8.133253822,0.121250135,0.686342557,23.95054177,0.132835197,0.765395931,29.20630374,0.174384987,0.370736605,12.57592409,0.154243496,0.909307161,36.54270831,0.129071455,0.817768308,29.33327975,0.154896091
472,H,2,60,119.9833333,2.210580889,99.95902771,0.11012319,0.349317537,7.08500056,0.16136939,0.368298066,8.096095732,0.163483279,0.299183346,7.659454411,0.141540263,0.668205803,23.54704247,0.121201393,0.797996014,30.70218593,0.208429518,0.439717049,13.99857548,0.142894696,0.96150779,37.43417666,0.139672219,0.727558567,26.28130471,0.129686844
437,H,0,0,59.98333333,2.189729352,96.89364368,0.124866216,0.197060885,3.563665669,0.153006212,0.174341238,3.246575923,0.147501854,0.170585048,4.266060741,0.099767604,0.602642146,20.39480002,0.160149559,0.598395023,21.61687571,0.138935562,0.642179586,25.03167148,0.090792991,0.821477555,32.2367418,0.145466127,0.555957834,19.91456999,0.103136368
437,H,1,30,89.98333333,2.035007933,89.88405108,0.109456528,0.182947603,3.352791583,0.135779249,0.160519512,3.129520359,0.123591351,0.156659033,3.984790749,0.11017031,0.57760619,20.1054048,0.151809588,0.571655042,21.32828287,0.138270535,0.598394122,24.1466605,0.079116487,0.759121996,29.07367332,0.141987771,0.513321059,18.70573866,0.093559398
437,H,2,60,119.9833333,1.85868107,82.19584932,0.090068473,0.141877924,3.052985866,0.120484358,0.127049353,2.828060394,0.109082214,0.113001696,3.101082682,0.060112335,0.456891521,16.6659422,0.112360416,0.541289269,20.72522433,0.100451355,0.472166033,20.87066759,0.040395904,0.640322789,24.69808591,0.088319837,0.409495907,15.67131711,0.07411801
433,L,0,0,59.98333333,2.029258503,89.96729717,0.11125677,0.174384976,3.232799741,0.113242929,0.176631438,3.359062567,0.134760241,0.189306225,4.681105941,0.098307196,0.560242354,19.50991178,0.122148009,0.359891146,13.33355,0.11764741,0.111747563,4.305443173,0.017823574,0.809296333,31.08196639,0.11897998,0.868519461,30.71906074,0.153191618
433,L,1,30,89.98333333,1.949523141,87.77839667,0.107786514,0.179332029,3.039963126,0.114911708,0.18369083,3.193196903,0.127874667,0.176127406,4.442755659,0.105501363,0.487888787,17.17344092,0.085203705,0.351983213,13.33029112,0.09639608,0.101188914,4.019289219,0.01530057,0.804758957,30.52541933,0.119701999,0.773984996,27.94358217,0.127572373
433,L,2,60,119.9833333,1.965415232,89.21933642,0.106238262,0.208558164,3.40353705,0.142299883,0.205000785,3.492269226,0.139206522,0.218503159,4.892594727,0.145577584,0.557978822,20.18216293,0.100262051,0.386699016,14.46370157,0.132522802,0.119755938,5.007595923,0.032759352,0.850342331,31.68109594,0.12668545,0.791135272,28.70570138,0.124106044
476,L,0,0,59.98333333,1.994547244,88.74583892,0.11146575,0.224184539,4.153704934,0.128633438,0.232806691,4.207363888,0.124954614,0.252608457,5.634632397,0.185732356,0.546770382,18.8452968,0.110880326,0.511745905,18.25936599,0.114060705,0.499898039,18.83461531,0.108832516,0.764732223,28.85136214,0.134220378,0.753597893,27.72527828,0.153029189
476,L,1,30,89.98333333,1.830151508,81.47341479,0.09468161,0.194827399,3.89066459,0.141243424,0.207813033,4.075355676,0.13624197,0.190399354,4.974309697,0.136982805,0.489443666,17.59581639,0.088538076,0.457119936,17.62680381,0.094010249,0.527099191,18.75659098,0.119526615,0.709422913,28.2185378,0.097608109,0.686874489,25.88448729,0.134767653
476,L,2,60,119.9833333,1.954030384,87.82949653,0.092889102,0.224386983,4.275367443,0.157079916,0.237045721,4.470494432,0.154638103,0.211347035,5.331674199,0.118449893,0.528377712,18.83829542,0.090597295,0.540191329,21.6736639,0.107775849,0.640804041,23.23805873,0.129142602,0.724808207,28.98355261,0.083458942,0.69688671,26.28222401,0.109934866
417,M,0,0,59.98333333,1.731389867,75.94253421,0.09112226,0.294821006,4.625327186,0.159364852,0.245385464,4.007032253,0.132643018,0.251753673,4.818491016,0.131327238,0.317437857,10.04896039,0.074712952,0.387498513,13.5756155,0.092228353,0.689683934,25.98709422,0.132616814,0.387866438,13.6474017,0.086393455,0.798006748,27.48093791,0.131852097
417,M,1,30,89.98333333,1.521763645,67.01920175,0.078528843,0.256664483,4.032386223,0.118471666,0.209003636,3.44988631,0.092964225,0.214990801,4.055148696,0.120322221,0.240636102,8.227979909,0.05264969,0.309353464,11.5334119,0.064021951,0.594383254,23.49617516,0.116920587,0.332147203,12.06716667,0.062609082,0.66932838,24.47338871,0.107115055
417,M,2,60,119.9833333,1.442857668,64.05014745,0.073454432,0.219128433,3.493676272,0.114868117,0.182287909,3.059887127,0.095350744,0.165245248,3.246486949,0.108408643,0.21789542,7.629285602,0.057718784,0.275849586,10.77785465,0.057141148,0.678808532,25.87996504,0.144010525,0.294668567,10.96745487,0.052585539,0.597031357,22.18384036,0.085297816
452,M,0,0,59.98333333,2.028466557,90.81770463,0.099908296,0.189325692,3.626289609,0.173381124,0.207163586,4.14509866,0.192550245,0.237913214,5.636706992,0.175854829,0.578295871,20.24101369,0.114691503,0.660796456,25.05121897,0.159319565,0.818724186,35.78182206,0.130530192,0.93459556,37.22014091,0.136843259,0.845371211,29.75393039,0.143675429
452,M,1,30,89.98333333,1.855744515,83.40055947,0.089237543,0.130574012,3.261523022,0.091564191,0.150600485,3.941260782,0.102103139,0.156166654,4.412327275,0.104672843,0.452395402,16.95411093,0.079732427,0.494482044,19.81825366,0.11150393,0.612149263,27.05043433,0.096706486,0.839383681,33.36961584,0.104821481,0.705814519,26.0365097,0.097919901
452,M,2,60,119.9833333,2.022234261,90.25105322,0.099708482,0.141016873,3.320864961,0.103874706,0.148213122,3.932768382,0.101031117,0.205395436,5.136871532,0.153701829,0.541425844,20.08784428,0.086231382,0.460304512,18.5961643,0.0551304,0.575436598,26.70595095,0.039307999,0.885428764,34.89880202,0.098755321,0.759687168,27.8193209,0.122930521
417,L,0,0,59.98333333,0.872567618,38.16834336,0.058697971,0.240239632,3.661567724,0.174052012,0.209984862,3.180695854,0.154352219,0.309244093,6.125262195,0.150080204,0.116273215,3.751459235,0.045057706,0.223989882,7.367715069,0.077607437,0.888943963,35.02702297,0.155300787,0.221339424,7.565490003,0.062715803,0.79678872,28.55843617,0.127509386
417,L,1,30,89.98333333,0.740807179,33.17501685,0.038599768,0.191701479,3.139107687,0.091143073,0.160953452,2.727439556,0.073470056,0.238044438,4.716211243,0.13858831,0.062269187,2.082676684,0.015917235,0.141908478,5.35708175,0.031941049,0.713951051,29.1662705,0.130299797,0.173387565,6.352760312,0.025820476,0.588266374,21.62522282,0.080428559
417,L,2,60,119.9833333,0.744013824,33.51576296,0.038275639,0.177111941,2.953119444,0.076375339,0.148014305,2.623425869,0.061107308,0.23923045,4.829759406,0.132637535,0.060840097,2.059487941,0.014110311,0.144816323,5.497452743,0.028638478,0.683999013,27.47285022,0.133010917,0.175205516,6.542708161,0.02491218,0.600094574,21.8491658,0.079298926
452,L,0,0,59.98333333,2.110200541,94.64453307,0.107274959,0.175255715,3.683288,0.129806306,0.185037551,4.080273057,0.124103856,0.219652203,5.131766721,0.181475688,0.576743165,20.49301889,0.124595444,0.529906125,20.51724887,0.138911764,0.805184355,35.41785221,0.063675652,0.564007606,21.95136804,0.130296369,0.789418721,28.40204606,0.155789991
452,L,1,30,89.98333333,2.010005481,90.15452227,0.093631227,0.112803594,2.923019643,0.050472747,0.126056144,3.379582874,0.058737425,0.129128378,3.639072642,0.077428773,0.454292491,16.79312064,0.065763795,0.403956276,16.39029516,0.055820982,0.71845476,33.24472342,0.033705743,0.471630499,19.02820433,0.065215308,0.611215715,23.31232146,0.102167248
452,L,2,60,119.9833333,1.987360112,89.15442505,0.090673892,0.105761417,2.800077825,0.050397195,0.118163966,3.224174835,0.057325841,0.117417265,3.374947259,0.067459996,0.448182189,16.2218224,0.067333984,0.346651397,14.28559891,0.035620924,0.558667508,25.39874453,0.038110515,0.477167992,19.01219826,0.057135844,0.615857044,23.21925903,0.106672236
433,M,0,0,59.98333333,1.945906777,86.89124074,0.101343711,0.21249765,5.003809473,0.134853518,0.248940326,5.95449894,0.142846488,0.244684085,6.64621035,0.15306677,0.600564274,20.38424533,0.191533048,0.549877552,21.33485287,0.172603846,0.630121842,26.61923568,0.061527877,0.988412448,38.58121448,0.145862663,0.857501056,30.82388775,0.21996573
433,M,1,30,89.98333333,1.700167083,76.07730425,0.084727807,0.201862496,4.659776359,0.15660173,0.234627776,5.467060478,0.18250928,0.191891327,5.425707239,0.123268975,0.477855642,17.04329278,0.113225686,0.537703119,21.06403036,0.14411337,0.709702295,28.15682677,0.108910243,0.959433488,38.30753119,0.123995156,0.687397032,25.83591629,0.142603813
433,M,2,60,119.9833333,1.706309748,75.20927394,0.089161967,0.203918361,4.54076947,0.151965849,0.23302665,5.350346367,0.184336562,0.196345225,5.515774905,0.126675279,0.494725836,17.41718815,0.118596971,0.512570084,19.99662369,0.142344702,0.680400538,27.06661234,0.112195314,0.979643912,38.84040739,0.117040599,0.694896735,26.05980205,0.139190084
476,M,0,0,59.98333333,2.244816083,99.64177069,0.11484088,0.174850654,3.267067856,0.136079935,0.189240987,3.654890967,0.134286134,0.179484311,4.295999649,0.117143667,0.420103878,14.69664446,0.104774296,0.523833863,20.25273213,0.092979232,0.498097103,19.6252773,0.08011139,0.734728751,28.16892788,0.114673815,0.676159974,25.24963935,0.130691743
476,M,1,30,89.98333333,2.39098071,107.79711,0.12725182,0.228403343,3.539716625,0.176220413,0.236393922,3.814241209,0.164851063,0.21153114,4.373569708,0.16115729,0.442278117,14.84890422,0.125707061,0.515425274,20.03491446,0.113330155,0.583113169,21.75514671,0.105006926,0.748744909,28.67170383,0.138781326,0.707512998,26.32832226,0.121238247
476,M,2,60,119.9833333,2.473294099,111.116987,0.124572315,0.215472637,3.452182077,0.156343748,0.226257297,3.778169381,0.146708865,0.194133255,4.042688134,0.14582793,0.395596528,13.84165187,0.104124283,0.528360245,20.49726365,0.127086939,0.621439436,22.77174945,0.127627227,0.792098962,30.7256546,0.118479949,0.662809064,24.96999706,0.113218266
413,H,0,0,59.98333333,2.099665441,93.01570002,0.112315133,0.206500638,3.351318125,0.236555261,0.187578503,3.252239308,0.253717558,0.236107378,5.029985055,0.174867784,0.432026632,14.12638294,0.117140564,0.311086276,11.15599953,0.136293885,0.649590474,22.75456952,0.15427713,0.60475264,22.78243082,0.153346801,0.787506028,27.17851885,0.122615396
413,H,1,30,89.98333333,2.228247665,99.52502468,0.117061837,0.234961211,3.339619596,0.167749591,0.209296748,3.135018386,0.172598484,0.2791831,5.700952555,0.157693655,0.469646534,15.29523213,0.094178906,0.304745643,11.12048652,0.076133715,0.756481271,26.2680039,0.160172656,0.68355791,25.71375959,0.137708444,0.899791905,31.03610625,0.128622943
413,H,2,60,119.9833333,2.222734775,99.38251341,0.115128495,0.235408887,3.428965306,0.148547254,0.210079556,3.181663912,0.144598309,0.286541482,5.910686059,0.154808158,0.488461223,15.78123772,0.093244008,0.319124782,11.78314898,0.063914952,0.631356743,23.56248152,0.125712391,0.688253468,26.02672745,0.144672525,0.913694007,30.46451065,0.127143298
449,M,0,0,59.98333333,2.321005853,101.8986361,0.118843486,0.187118179,4.277141173,0.095136656,0.181334315,4.441392546,0.089999584,0.234778293,5.504560344,0.120943114,0.634569856,21.54322786,0.11424173,0.923961462,36.81418598,0.14459128,0.676608058,26.27709308,0.12612613,1.121583115,43.98138171,0.13279684,0.63841588,22.83359445,0.108956587
449,M,1,30,89.98333333,2.21897176,99.93006308,0.111680494,0.159557894,3.821382843,0.119655877,0.159402882,3.985637432,0.125501728,0.173169982,4.501505793,0.132249905,0.523167407,18.20591119,0.107617025,0.82198354,32.45260196,0.1251739,0.828491109,29.51692945,0.168416767,1.094230362,42.84948099,0.134206456,0.590373466,21.23102981,0.099494257
449,M,2,60,119.9833333,2.289497129,104.1757378,0.111035521,0.202058705,4.295063912,0.103188298,0.198155738,4.479741095,0.094351842,0.220158603,4.989069086,0.150127627,0.524008544,18.82709083,0.107012147,0.632780218,25.43872707,0.115011865,0.733527184,27.38601317,0.154383921,1.19340957,46.59415038,0.140447641,0.564187262,20.26703418,0.097822668
454,H,0,0,59.98333333,2.780232334,124.9917494,0.126363603,0.266633436,6.308228309,0.206633378,0.259664253,6.341929729,0.217098249,0.165026101,4.321422502,0.126214296,0.576226549,21.12865653,0.123954349,0.655528109,27.06008781,0.117318218,0.871092288,33.64061697,0.140564829,1.190027623,46.72248654,0.15118838,0.745075397,27.60188784,0.15116643
454,H,1,30,89.98333333,2.777918005,124.3825568,0.131107029,0.280964365,6.670052218,0.19846223,0.271175528,6.634268811,0.200159741,0.172739098,4.448282165,0.113490433,0.579460626,21.57339804,0.112152599,0.658827228,27.15886437,0.108791755,0.741992332,30.45447493,0.090889969,1.181334127,46.79823926,0.124411645,0.734110427,28.05038707,0.116271401
454,H,2,60,119.9833333,2.624576177,117.9256431,0.125006199,0.267034127,6.563589545,0.134759846,0.257412779,6.543904664,0.132689962,0.158398993,4.211462561,0.139511473,0.556651568,21.13188631,0.120092869,0.637439488,25.72061126,0.113824092,0.835364332,32.23699423,0.128578497,1.127620014,44.6552418,0.107134188,0.670707235,25.28833248,0.11778766
411,H,0,0,59.98333333,1.926421823,84.78422145,0.103248362,0.297812063,5.51904631,0.166754272,0.262017114,5.414160265,0.136223245,0.344190879,7.316954657,0.215650067,0.406722785,14.45709958,0.07930373,0.723075885,27.14591735,0.098317255,0.607279247,24.7610183,0.08129965,1.03727563,39.43305328,0.109777983,0.852299851,31.46282571,0.109923996
411,H,1,30,89.98333333,2.060669808,92.37457251,0.109771789,0.322008521,5.755739669,0.175246487,0.285846538,5.654390529,0.137891812,0.37456999,7.771942921,0.241502354,0.441539819,15.7088232,0.08261004,0.749206571,28.13881949,0.109829497,0.686175874,26.35300324,0.110158333,1.068678904,41.37178568,0.11532333,0.886400506,32.64351958,0.12788523
411,H,2,60,119.9833333,2.119525066,94.60935472,0.11254063,0.35266646,5.7359908,0.206509094,0.305571811,5.56606233,0.179737868,0.425497622,8.450340446,0.247529841,0.450878474,15.89673763,0.114051573,0.78471635,29.40695896,0.125383822,0.614416981,24.61244183,0.09987629,1.13389062,43.80728485,0.13514703,0.923775839,33.61304397,0.144668991
428,L,0,0,59.98333333,2.108738281,93.90595191,0.096002926,0.277541999,7.080787362,0.173611961,0.242814091,6.388767645,0.149015083,0.275708828,7.474553335,0.137654037,0.670125158,24.48118742,0.12356015,0.780800272,31.85235716,0.156073779,0.919915741,35.28883529,0.126380414,1.086666017,43.58591774,0.133949179,0.794989531,31.00560593,0.10371228
428,L,1,30,89.98333333,2.063094175,93.77700782,0.092743637,0.308177149,7.368345217,0.131761679,0.277464743,6.787466046,0.122970519,0.243282048,6.914204513,0.122042467,0.674180694,24.30798143,0.117494499,0.79287942,32.04810696,0.158850331,0.912801707,34.05250358,0.155840366,1.040425395,41.80626024,0.122201062,0.746839746,28.07493509,0.106061631
428,L,2,60,119.9833333,2.08530756,94.67726436,0.091962814,0.2405159,6.531620735,0.106400021,0.221867012,6.060671372,0.096868709,0.193459672,6.28637287,0.08737191,0.653203282,24.26620967,0.107488454,0.680117596,27.76224165,0.090170121,0.773453924,30.18924875,0.13766101,0.931122674,37.74180302,0.089656322,0.675205697,25.8180805,0.089965942
415,L,0,0,59.98333333,1.904728654,83.71921802,0.106209042,0.261252547,6.83998907,0.159590753,0.247739147,6.965855919,0.165455138,0.440980504,13.20493482,0.1889098,0.734883775,26.7792043,0.143064082,0.49405282,19.72894264,0.13056737,0.596669474,27.02681882,0.029607588,1.367767358,55.51612921,0.142131774,0.796758202,28.6314103,0.16872096
415,L,1,30,89.98333333,1.899494109,83.85485096,0.105669227,0.264560589,7.165038645,0.114633157,0.25401185,7.30313669,0.111415337,0.449155937,13.09442425,0.167262476,0.754031883,27.10807577,0.143290116,0.494134485,19.70531806,0.082591693,0.895140507,34.90515916,0.208742973,1.379853207,55.7033128,0.132495785,0.78898929,28.36042326,0.163687228
415,L,2,60,119.9833333,1.773084114,78.05092553,0.097543185,0.253640445,7.197946607,0.107397062,0.255179459,7.56575622,0.109489652,0.426187938,12.10454813,0.141576618,0.695580715,25.12466736,0.137609765,0.484791309,19.35251792,0.086134874,0.948851644,37.36393052,0.205936528,1.420896752,56.81379138,0.127416667,0.735182493,26.35240461,0.139705678
450,L,0,0,59.98333333,2.237967649,100.0321804,0.108380579,0.206351791,4.26230436,0.159211678,0.195408852,4.487236328,0.144210502,0.250747501,6.047578833,0.178770853,0.524369091,19.29739053,0.102299637,0.512456354,19.6995205,0.10404409,0.742731071,33.24257314,0.034942926,1.268859114,50.29335014,0.178850921,0.664603543,23.57104473,0.122701157
450,L,1,30,89.98333333,2.19219841,98.71136856,0.102440391,0.18306665,4.15110538,0.106297208,0.179299564,4.363038554,0.095116448,0.205983841,5.320606818,0.139299951,0.503473548,18.76732631,0.083295286,0.48291605,19.33682422,0.053496164,0.737363174,32.42834213,0.054711339,1.184289045,48.47228431,0.161316332,0.635984496,23.65221742,0.103119681
450,L,2,60,119.9833333,2.233611848,100.3996182,0.105251779,0.227134229,4.493707831,0.129507716,0.220771746,4.715577208,0.105860729,0.239834048,5.62451575,0.172802619,0.559699556,20.55876718,0.095327708,0.524444332,20.77368215,0.081615083,0.904527673,36.65237337,0.126637448,1.246255652,50.36054567,0.1978972,0.706531136,26.67271595,0.118121428
469,H,0,0,59.98333333,2.290242778,102.8341483,0.118636471,0.167823457,4.548926509,0.088367376,0.184753237,5.259633067,0.080090028,0.251246394,7.536661456,0.144588477,0.581344018,21.54407798,0.084486466,0.627662763,26.13564068,0.113725891,0.705933112,26.88573072,0.171918371,1.244058597,49.51218565,0.158998427,0.699704384,27.01898265,0.130507135
469,H,1,30,89.98333333,2.197906615,98.87057104,0.10778387,0.142391538,4.206986487,0.047168035,0.168301388,5.113308171,0.056958046,0.19944878,6.56791528,0.060975117,0.513450228,19.92124324,0.05944408,0.602843405,25.91501293,0.067022093,0.828457189,30.41614103,0.195656984,1.173559293,46.78679055,0.166890815,0.592094134,23.11385133,0.084627678
469,H,2,60,119.9833333,2.190178324,96.46419634,0.113504448,0.147656682,4.13083217,0.128967685,0.172135893,4.884361003,0.162190957,0.217650395,7.001189268,0.074650229,0.558514728,20.85614773,0.079141387,0.650382423,27.14626629,0.120437475,0.838590519,30.76425359,0.170054249,1.194985644,47.03751871,0.165290224,0.617634161,23.91050453,0.101156613
431,M,0,0,59.98333333,2.124213095,94.52462908,0.111169829,0.221343904,5.018515053,0.12459627,0.166916797,4.189333285,0.081496663,0.286452692,7.208171613,0.148263341,0.483072557,17.39972991,0.080025299,0.943916894,36.72294904,0.110335176,0.518173838,23.00869274,0.02731601,1.101866544,43.22901119,0.116006005,0.911249474,33.10193555,0.138129477
431,M,1,30,89.98333333,2.072746744,93.03829456,0.108337103,0.264142222,5.406787807,0.146954042,0.208456341,4.537772867,0.125524833,0.287945161,6.939522648,0.1594186,0.480082257,17.20891858,0.090354121,1.011352195,39.12180066,0.13802148,0.721788886,27.28031497,0.134303891,1.12891778,43.89494878,0.115876448,0.859877061,32.06284102,0.121341713
431,M,2,60,119.9833333,2.064282345,91.78529809,0.107344126,0.296614174,5.662831527,0.180599931,0.228906696,4.673825193,0.146530562,0.320764742,7.581844931,0.178651219,0.559193153,20.09817521,0.107183363,1.18784854,47.70463987,0.1511178,0.903102319,33.27954157,0.145171977,1.253327941,48.54922203,0.138786612,0.935940632,34.05435136,0.143696654
474,M,0,0,59.98333333,2.251140602,101.4424316,0.109026236,0.157531401,2.639194448,0.178042383,0.15354053,2.762729054,0.192143245,0.200473367,4.336868003,0.124320828,0.431684026,13.69790049,0.184592338,0.200864228,6.714578764,0.102593708,0.120058544,4.981510859,0.018039606,0.55636143,21.4371484,0.081867794,0.654825204,22.60687662,0.108864954
474,M,1,30,89.98333333,2.044116302,91.27408044,0.101459041,0.117488688,2.09882727,0.089323136,0.115087165,2.330716102,0.095699175,0.15519863,3.570286561,0.091749679,0.349250942,11.67887773,0.09386699,0.174613128,6.107798071,0.093366287,0.094202705,4.102540464,0.005801751,0.513267531,20.01812882,0.066864806,0.578360773,20.71219598,0.094487351
474,M,2,60,119.9833333,2.160783745,97.41585012,0.105041512,0.100350823,2.032140038,0.092336695,0.099058943,2.271778236,0.08703908,0.144287502,3.263683449,0.083302587,0.338796762,11.35091673,0.089405563,0.170057985,6.238786137,0.055596085,0.09092423,3.97430683,0.005976965,0.524439863,19.96977188,0.053576251,0.611626888,21.9566797,0.105555684
431,L,0,0,59.98333333,2.482936588,111.2946029,0.128497671,0.20777043,5.196465051,0.161226302,0.224566239,6.000878019,0.169447647,0.255439731,7.085329725,0.171534709,0.605544921,21.99491718,0.120759057,0.795242143,31.76248083,0.145248626,0.974030077,40.58152616,0.140592356,1.104032831,44.12154381,0.125522568,0.702618238,25.45273141,0.118841502
431,L,1,30,89.98333333,2.336019364,103.7419903,0.120605358,0.224437904,5.13361808,0.146241613,0.255114487,6.2154952,0.181281434,0.237101847,6.412137674,0.127527408,0.578270482,20.84662493,0.082032823,0.81519177,32.76853832,0.127513329,0.93242049,38.66277025,0.140620426,1.131047817,44.66376905,0.111448252,0.690266906,25.48697791,0.100157458
431,L,2,60,119.9833333,2.319502824,103.0571881,0.121282199,0.236782979,5.26017275,0.147332959,0.274761142,6.489453441,0.185983245,0.239274911,6.258053661,0.140682701,0.574003113,21.27527096,0.09199773,0.842533026,33.96743885,0.123353148,0.974112582,41.02447486,0.135251276,1.155215876,45.57670684,0.118067082,0.696524795,26.07838325,0.10912932
415,M,0,0,59.98333333,2.037700621,91.1512124,0.107254736,0.238465674,6.933483171,0.170854944,0.215192084,6.650642974,0.170205499,0.355984512,10.495468,0.157284215,0.729622225,26.82843261,0.143360991,0.993565155,39.58824122,0.213313478,0.387537969,16.54085832,0.040389264,0.982487088,39.23364628,0.113795442,0.767466424,28.04960369,0.165801643
415,M,1,30,89.98333333,1.980492828,88.40901473,0.108078127,0.254275233,7.204860814,0.113546881,0.236023229,7.184820542,0.101157192,0.348927634,10.16069518,0.140240424,0.669048667,24.40168882,0.127769114,1.176136749,46.36764292,0.15398224,0.598741573,22.55597905,0.156739541,1.022981482,41.02444373,0.095569123,0.78879438,28.89817539,0.149166096
415,M,2,60,119.9833333,1.966058726,87.41109834,0.106854986,0.254587533,7.084370196,0.118753134,0.240066293,7.216162228,0.106649843,0.388655309,11.29964944,0.152146458,0.701861971,25.90551712,0.134117511,1.215703718,47.29932387,0.126422034,0.746531911,27.74876051,0.173624751,1.037034021,41.7966109,0.090701908,0.8361631,31.13035856,0.163203035
450,M,0,0,59.98333333,2.062654759,93.79420766,0.106396014,0.257117401,5.398611206,0.170557344,0.27100176,6.258023733,0.163647757,0.324101656,7.75580009,0.210787698,0.706322618,25.34674717,0.108646097,0.742731678,28.69750503,0.144284851,0.992036254,42.60852108,0.081172981,0.890967907,35.29372034,0.141195724,0.570158831,21.06195433,0.108928254
450,M,1,30,89.98333333,2.138066578,96.67122263,0.111498269,0.33061308,6.141825597,0.224069695,0.335470996,7.149601213,0.214596368,0.397228555,8.617762117,0.253467393,0.828059901,29.52921416,0.123393548,0.818043443,31.59271121,0.140606265,1.019817937,43.28149437,0.081919488,0.961835764,38.2427447,0.117926017,0.646471555,23.48341303,0.107320211
450,M,2,60,119.9833333,2.281572907,102.7242294,0.110463284,0.35657638,6.4038464,0.192110948,0.358649348,7.380727379,0.178958436,0.411842796,8.533598091,0.240978652,0.873211647,30.90739616,0.124822621,0.878478357,33.61408009,0.155113803,0.989186015,41.05001367,0.077212097,0.990613551,39.65060018,0.126433393,0.689912468,25.37315604,0.089614394
408,H,0,0,59.98333333,1.864115239,83.08948576,0.108235732,0.22987785,4.109327953,0.149677892,0.231710877,4.467658026,0.156375067,0.326625702,7.253604665,0.16894795,0.706944372,24.47215994,0.119498412,0.296930153,11.56503645,0.062381258,0.520041506,19.32508928,0.132725294,0.816902524,33.42151573,0.089801353,0.914397999,32.75961411,0.149942386
408,H,1,30,89.98333333,1.9787485,89.06313158,0.104507804,0.257616792,4.379612184,0.150766563,0.260321869,4.757858617,0.152109815,0.326891119,7.162859966,0.171278067,0.731475902,25.29512573,0.104039991,0.288865329,11.47185182,0.054417392,0.573323572,20.81004946,0.154795517,0.884207422,34.88496727,0.111721117,0.903537221,33.02242916,0.141973529
408,H,2,60,119.9833333,2.076646872,92.21050773,0.113358356,0.297240395,4.677226238,0.21110026,0.299188876,5.012014027,0.217827851,0.384748069,8.506786331,0.190210217,0.774379543,26.87379048,0.124274299,0.336869236,12.25462394,0.089970657,0.577881365,21.13795486,0.152667702,1.002412232,37.66494831,0.134957968,1.017755072,36.17174767,0.146790215
470,H,0,0,59.98333333,1.977130918,87.81438177,0.100599285,0.104279685,2.377059248,0.181974016,0.066046086,1.238215677,0.147351796,0.095961923,2.17915452,0.138324359,0.174726392,5.998164534,0.127336623,0.614057737,25.28646129,0.150964845,0.600420615,24.45600809,0.066222255,0.843216917,32.99053095,0.127666782,0.639609805,23.70384281,0.173656441
470,H,1,30,89.98333333,2.057302792,91.46845155,0.110985962,0.120216869,2.684393056,0.160703667,0.07304428,1.390209753,0.137339357,0.10542991,2.346899638,0.137014723,0.19764496,6.515858401,0.132046933,0.655509075,26.58909261,0.146132166,0.713290357,26.90688908,0.096537571,0.883757433,34.57736821,0.126114297,0.676515093,24.29399975,0.189808055
470,H,2,60,119.9833333,1.892061405,84.30784415,0.101840066,0.092946749,2.52896381,0.098880066,0.044507059,1.267119013,0.052343151,0.065037639,1.95976531,0.03349971,0.157247983,5.525884989,0.056046965,0.663662678,27.38905378,0.137910836,0.74541104,27.7345618,0.129836497,0.821064797,32.42221247,0.095452289,0.570549566,21.6297485,0.164905083
435,H,0,0,59.98333333,2.090515989,92.87740886,0.103712231,0.171040049,3.981849889,0.133962054,0.153240157,3.973465551,0.129275493,0.205305604,4.905356121,0.156265888,0.533123411,19.43768579,0.145762799,0.673509549,26.5020608,0.128110581,0.620215128,23.55783051,0.130031624,0.884252899,35.66642326,0.1110531,0.639199526,23.76063818,0.167354123
435,H,1,30,89.98333333,2.062721662,91.07557965,0.113465133,0.223278254,4.213317046,0.152211079,0.187820012,4.206428483,0.139288797,0.259337857,6.023465772,0.182707628,0.586575048,20.95585675,0.128883598,0.740222594,28.61982191,0.140053585,0.632827368,23.45036781,0.137065322,0.844401675,32.7557658,0.119556177,0.669917221,24.59322399,0.153535354
435,H,2,60,119.9833333,2.053748499,89.9191628,0.114891276,0.245908194,4.268869449,0.163943183,0.212177137,4.200611493,0.159001312,0.288394817,6.355180525,0.202046716,0.589857191,20.77123361,0.134742653,0.768369745,29.64060812,0.141432254,0.661946101,24.72381729,0.160264118,0.84709148,32.5809882,0.119295743,0.690244448,25.26623955,0.162052718
428,M,0,0,59.98333333,2.288522912,102.6488856,0.098568587,0.249622169,6.73546463,0.177423145,0.254435272,7.229124828,0.194231904,0.306535185,8.899773234,0.155034573,0.603167496,22.37090508,0.097453203,1.048429483,41.89174386,0.179525808,0.773546835,32.02507587,0.109933168,1.045658838,40.95845857,0.135903977,0.81782656,31.63606742,0.137165571
428,M,1,30,89.98333333,2.450971834,110.4787092,0.10571565,0.261728735,6.856363985,0.169605922,0.26178337,7.049035271,0.199304234,0.332448283,9.75582835,0.166841535,0.658335055,23.88136788,0.113558255,1.118399607,44.44088716,0.18356249,0.843533996,33.09380859,0.152793807,1.088898141,43.07822973,0.17929732,0.905881178,33.76293189,0.134092837
428,M,2,60,119.9833333,2.350029941,104.6845733,0.104253595,0.231953926,6.561437514,0.135720317,0.232120584,6.689292299,0.131186818,0.312705691,9.600737215,0.151207915,0.632805597,23.31431457,0.115483212,1.126277408,46.14229289,0.164618646,0.853618987,32.53788058,0.178328934,1.045130123,42.21316479,0.150352298,0.844483242,31.11296249,0.113097236
449,L,0,0,59.98333333,2.121562723,95.82276382,0.10871246,0.169256826,4.219284926,0.111599749,0.174965447,4.525466732,0.108647223,0.194745417,4.868844875,0.12286976,0.450640972,15.72587652,0.0874195,0.654501309,26.86668811,0.141392845,0.626601822,25.1393352,0.14778501,0.825876651,31.84277345,0.099114928,0.786498566,28.80913903,0.145572481
449,L,1,30,89.98333333,2.135150768,94.69703227,0.10866879,0.152868907,4.020435389,0.087270873,0.155261256,4.277288075,0.086102804,0.20260041,5.174306842,0.112856602,0.458090999,16.5903623,0.081666796,0.699605458,29.31393279,0.097116729,0.734875004,28.48958331,0.133151638,0.808997666,31.90045872,0.08066834,0.769369875,27.35166451,0.154284615
449,L,2,60,119.9833333,2.146491929,95.0238852,0.110313995,0.155270804,3.801736918,0.089030731,0.15629009,4.02063194,0.088164932,0.215826041,5.467049888,0.1196939,0.479389394,17.72015935,0.083164499,0.702126289,29.53869448,0.083685325,0.872596366,31.76031755,0.172171411,0.798888894,31.92148378,0.087184697,0.79881592,28.48996813,0.165965076
449,H,0,0,59.98333333,1.986568737,88.5189329,0.107340867,0.215669991,4.378047855,0.164415949,0.207577859,4.533584177,0.159945221,0.316287827,6.38834249,0.173031895,0.431414968,14.96918015,0.105779443,0.716014346,28.25782358,0.16067347,0.815405526,28.1151553,0.20610989,0.757028117,28.87687635,0.117069266,0.945006668,34.14105701,0.14373034
449,H,1,30,89.98333333,1.88237373,82.70185962,0.09717855,0.189867262,4.076778675,0.088409696,0.186353875,4.2556339,0.082899068,0.250829363,5.412723711,0.142040003,0.371945343,13.35238342,0.058645008,0.755842521,30.19645802,0.10421589,0.674579828,25.34552747,0.153815264,0.664219239,26.34299119,0.070630423,0.8456138,30.59615878,0.153248793
449,H,2,60,119.9833333,1.838551305,81.57379191,0.0957184,0.181289864,3.876620307,0.087996127,0.17928572,4.065613579,0.08567254,0.238465564,5.331208437,0.138621651,0.387744864,14.07817096,0.064587767,0.685361069,27.12003581,0.101390957,0.794107008,28.38831145,0.165036436,0.667548825,26.18849243,0.071328715,0.846929869,30.88065256,0.158835264
411,M,0,0,59.98333333,1.230770795,54.73298606,0.071898654,0.336122685,6.094928433,0.187260862,0.339555853,7.032435361,0.18441377,0.341309785,7.280353534,0.198975172,0.426721507,15.18021538,0.086921267,0.635362434,23.83381035,0.114197754,0.177796618,7.751533738,0.019283076,0.401325837,15.30839977,0.046337773,0.618428559,22.87718194,0.080274901
411,M,1,30,89.98333333,1.270249014,56.14675601,0.074788397,0.387102968,6.37645284,0.198082009,0.403975411,7.532166387,0.189555631,0.373213104,7.263452577,0.221723863,0.462909637,16.06604552,0.118901464,0.677527488,25.24384581,0.125318587,0.244160969,10.27246108,0.0414083,0.452699974,17.21934916,0.068273137,0.626316387,23.52141449,0.08604299
411,M,2,60,119.9833333,1.227855034,55.41214331,0.070743986,0.396833015,6.599534683,0.187308535,0.424971403,7.792195812,0.180433916,0.373381669,7.317662167,0.226176625,0.493971123,17.29444129,0.122590626,0.650101113,24.1991572,0.150414401,0.286888349,11.23104001,0.050438966,0.468816144,18.16613737,0.067931939,0.638872657,23.34593919,0.095057764
454,M,0,0,59.98333333,2.766925,124.4750551,0.119033885,0.1790509,5.066195177,0.16470432,0.175165853,4.989472344,0.163639412,0.23483756,7.129827476,0.097766145,0.576974224,22.28643168,0.094758929,0.286511144,12.16770099,0.222893106,0.788401442,32.23116537,0.108840902,1.222810267,50.29857647,0.132469534,0.87151708,34.25963309,0.178288209
454,M,1,30,89.98333333,2.703456804,122.2316312,0.119687108,0.203168611,5.221450483,0.101933688,0.197839756,5.104229619,0.10360775,0.253716578,7.93024951,0.109765141,0.586148417,22.1244307,0.103261779,0.247439955,10.46890881,0.030331954,0.781103738,32.32124365,0.086431256,1.238649639,50.17871118,0.130350119,0.876381527,33.58949529,0.147156068
454,M,2,60,119.9833333,2.764677535,123.7066142,0.133057883,0.229810483,5.312659364,0.112622649,0.22102711,5.158980677,0.110675281,0.330441216,9.545342352,0.153407899,0.719356334,26.49471042,0.130949498,0.317126287,13.22235077,0.054413971,0.920821449,35.67797142,0.130607946,1.336493136,53.56554658,0.160326231,0.952534707,35.7533016,0.176257053
435,L,0,0,59.98333333,2.239183499,100.0509188,0.117108534,0.204470037,4.074441129,0.226094313,0.176980004,3.686713701,0.22700913,0.306013178,6.903961843,0.214122302,0.487328879,17.49738413,0.166440518,0.514723804,19.65184583,0.145179505,0.518850381,20.36467071,0.109701,0.873371988,34.3556277,0.143881106,0.660322691,24.37424549,0.141071382
435,L,1,30,89.98333333,2.131223649,95.52659264,0.11099879,0.192867203,3.714841485,0.208348726,0.175441281,3.446820716,0.231322415,0.236843881,5.934493728,0.184024701,0.427720807,15.48279403,0.171552104,0.4892432,18.69554238,0.119257701,0.609129598,22.76381584,0.176800544,0.844818726,33.47833999,0.159895102,0.582517906,22.76362378,0.103435556
435,L,2,60,119.9833333,2.05644651,92.44737362,0.100177093,0.161875317,3.552439341,0.171825345,0.15242952,3.346031097,0.175182731,0.187360202,5.44211045,0.103348534,0.407348458,15.00607462,0.135313804,0.434971707,17.16694336,0.107772509,0.507191199,20.61408097,0.157369831,0.847263071,34.21070013,0.11777237,0.524660057,20.73114076,0.082270015
470,L,0,0,59.98333333,2.224948786,98.78557735,0.10747108,0.250118181,6.741262304,0.159996429,0.233785951,6.65256173,0.145261076,0.253555525,7.820761167,0.131805464,0.533605632,18.67145779,0.158004656,0.826497288,34.24633803,0.113137905,0.539905714,21.82033565,0.077224206,0.952890011,38.39523604,0.100848904,0.556285504,20.90994366,0.138171874
470,L,1,30,89.98333333,2.05484508,91.15524692,0.099253829,0.250702867,6.51817508,0.159009129,0.244365271,6.642829782,0.154687329,0.212012412,6.673448754,0.125429562,0.442878786,15.93440418,0.145746008,0.855154724,35.85350026,0.166003606,0.545001012,21.0934825,0.096256113,0.924242926,36.83641126,0.103456192,0.519381917,20.05551531,0.128036228
470,L,2,60,119.9833333,2.171183393,95.99875684,0.110472373,0.243481267,6.522324996,0.170501748,0.248884563,6.894198369,0.166967304,0.189500533,6.183971189,0.122675914,0.390807257,14.20042189,0.134186823,0.901009739,37.23366598,0.159154753,0.47005382,19.92375007,0.062599642,0.98917414,38.46763518,0.162897586,0.553931237,21.65808193,0.124665954
408,L,0,0,59.98333333,2.331877807,102.5762398,0.120175207,0.253884231,6.573181203,0.177529479,0.272554698,7.206974099,0.186814791,0.348426029,10.27748605,0.143102753,0.706891292,25.1365467,0.124186732,0.995690757,39.66556011,0.120425239,0.673915155,24.4476117,0.176626907,1.105318471,43.110145,0.143423506,0.866088871,31.8902929,0.13078886
408,L,1,30,89.98333333,2.187029198,97.85423482,0.109857976,0.254139536,6.97530202,0.11963549,0.274214578,7.71458385,0.128446004,0.287520889,8.985265232,0.119647231,0.610328868,21.89408916,0.095898626,0.918885222,37.04639544,0.103956467,0.513256836,20.12356623,0.134422961,1.008906431,40.13168814,0.150892468,0.776244256,28.86956326,0.110148123
408,L,2,60,119.9833333,2.305361325,103.9605451,0.113317901,0.288583336,7.345462022,0.124488047,0.306559943,8.172937166,0.125943532,0.313403079,8.753096891,0.167025206,0.622800781,22.40154942,0.091792117,0.917473218,36.86565944,0.127165914,0.377254177,16.67109263,0.065069367,1.077728165,42.43645584,0.119827382,0.858956085,31.4237119,0.136681522
469,M,0,0,59.98333333,2.106477457,93.91623574,0.105333395,0.155569674,4.386401813,0.096649262,0.136812059,4.083687781,0.090057503,0.303904678,9.555424556,0.112687331,0.519706777,19.44629761,0.078220292,0.787403241,32.05638056,0.132246788,0.552012022,22.22997132,0.142070219,1.253985006,50.12223832,0.171848085,0.68338127,25.93034695,0.130567361
469,M,1,30,89.98333333,2.022087599,90.27710904,0.101153952,0.154927696,4.531743738,0.090899177,0.13766887,4.192324259,0.084298756,0.29881591,9.83278711,0.095478531,0.556894163,21.11104596,0.077388075,0.732327299,30.55486956,0.135591596,0.55474673,22.3181037,0.142516814,1.128109304,44.85695314,0.134448075,0.677778784,26.20628396,0.122205074
469,M,2,60,119.9833333,2.001251186,88.1625124,0.100065347,0.178224458,4.82424038,0.128062792,0.159223085,4.391529368,0.119879318,0.339964476,11.14192309,0.127563082,0.582181097,22.17742258,0.091334863,0.757082107,31.20181728,0.13574449,0.693368479,26.5040009,0.187666297,1.077196369,42.92950737,0.118042974,0.706471641,27.242389,0.134687368
431,H,0,0,59.98333333,1.62899209,72.35849692,0.085577541,0.330168669,6.523129999,0.211736392,0.260597618,5.593388022,0.179083728,0.300846662,7.161235073,0.181879327,0.54942947,19.63609489,0.122857294,1.147894741,45.78612979,0.163878335,0.964162322,38.87322183,0.17252151,0.937293144,36.47955858,0.108706748,0.777923519,27.8971051,0.13812251
431,H,1,30,89.98333333,1.554847593,69.05021953,0.076440242,0.275757239,5.741225526,0.203387754,0.245348267,5.282621029,0.199896516,0.213634116,5.636838061,0.123962815,0.469424924,17.05596791,0.115731852,0.997497333,39.26104505,0.170843464,1.243701814,47.10721856,0.230509029,0.946293478,36.73400647,0.130093531,0.685019024,25.01238306,0.11065345
431,H,2,60,119.9833333,1.492142888,65.05449953,0.076239693,0.307910093,5.660381545,0.21243344,0.259165392,5.034542392,0.199758263,0.244811687,5.859655671,0.1308884,0.464699128,16.38945476,0.117881696,0.929107326,36.4816584,0.15182695,1.125332947,43.57829435,0.206909772,0.950279316,36.83578003,0.140929665,0.680859829,24.67929505,0.104058185
469,L,0,0,59.98333333,1.96350761,84.99163281,0.10090922,0.17524586,5.24255861,0.157558939,0.179057494,5.808195107,0.169988545,0.403790789,12.2391927,0.155350984,0.576108159,21.28953262,0.089458329,0.917263172,38.10630584,0.138917983,0.851166318,32.56432301,0.184314006,1.241686063,49.79682909,0.155217525,0.776833595,29.23102433,0.142059887
469,L,1,30,89.98333333,2.055633683,90.01908876,0.100671051,0.181157888,5.592262042,0.087298454,0.195922818,6.487160118,0.089579704,0.395670771,12.67948475,0.124366865,0.624222529,23.73413292,0.075688829,0.988010912,40.31578205,0.121295561,0.903377871,35.18456499,0.174806344,1.259480639,50.60729132,0.163064403,0.761544863,28.91140999,0.144032673
469,L,2,60,119.9833333,2.240503241,98.04244436,0.110998862,0.179373359,5.434688115,0.080552483,0.187393466,6.23520111,0.080656516,0.417161688,13.46042412,0.121730557,0.66057293,24.67649403,0.080820504,1.028193642,42.21096749,0.126117082,0.677895539,30.06958114,0.031704409,1.264070893,50.26130639,0.138635388,0.77038621,28.91056168,0.148347018
450,H,0,0,59.98333333,2.427095511,107.2435985,0.117666383,0.373270581,7.033727058,0.216788504,0.353351881,7.040980597,0.178012243,0.344052432,8.257294467,0.201801552,0.669569104,24.48629947,0.121316146,0.833277982,31.93824183,0.139660957,0.746298578,31.62465473,0.085749918,1.21521391,47.38578816,0.148653057,0.840762498,31.07289647,0.136885457
450,H,1,30,89.98333333,2.535466554,114.2685549,0.124094932,0.368500175,6.8626847,0.213318818,0.340022935,6.717363523,0.183762804,0.354912359,8.131999291,0.196606074,0.670582061,24.27888093,0.138683385,0.854110558,33.6480719,0.122332276,0.840190913,33.84684217,0.110839922,1.215202574,47.78124963,0.151137596,0.893389024,32.5246992,0.141578365
450,H,2,60,119.9833333,2.478269969,112.2137141,0.121058545,0.397273459,7.261424328,0.206262308,0.368665676,6.926790634,0.182105417,0.371548823,8.375375036,0.191430665,0.693572925,25.09334958,0.14469086,0.817624296,31.99765794,0.146415891,0.796054933,32.34918846,0.095381352,1.228646514,48.61083743,0.155615041,0.926292573,33.63024192,0.145885446
415,H,0,0,59.98333333,2.074217768,92.06887361,0.120003495,0.305822494,7.886368449,0.140329691,0.294805401,8.093681227,0.145007931,0.448524055,12.28569512,0.160883326,0.694766194,24.31118244,0.152075422,0.470553202,18.18305506,0.152976916,0.659558242,26.93933834,0.152732968,1.090459116,43.88100728,0.123430361,0.748427364,25.64622419,0.181806034
415,H,1,30,89.98333333,1.957322852,86.72379383,0.112413397,0.278753551,7.471420127,0.107299445,0.288306775,7.85492409,0.112323214,0.388590412,11.14221187,0.149685009,0.655891006,22.39260369,0.144756419,0.444573143,17.46514289,0.1004094,0.760824773,28.97964756,0.214793371,1.029511943,40.73244484,0.112658944,0.667218265,23.58450453,0.163087672
415,H,2,60,119.9833333,2.09196584,90.69666226,0.125791297,0.276367568,7.357873751,0.127809271,0.281369777,7.656092622,0.1204216,0.411398804,11.85672246,0.163595292,0.677448353,23.12467953,0.167304436,0.435370752,17.41397048,0.088332029,0.914562501,33.74614956,0.217257051,1.120454604,44.41118537,0.1103483,0.729283809,25.44136989,0.178271938
408,M,0,0,59.98333333,2.378853797,106.8770507,0.117168102,0.204956225,4.37459024,0.168204925,0.198522665,4.480736387,0.164133464,0.284626669,7.508181942,0.135858357,0.583601794,20.56785885,0.094650365,0.435293194,16.65175105,0.131301331,0.43373845,16.68186251,0.123563173,1.151415065,44.70788909,0.139799548,0.894611587,31.71722759,0.14196949
408,M,1,30,89.98333333,2.36997759,106.5647205,0.11833485,0.222249724,4.408683687,0.164160512,0.215190728,4.456977833,0.163713291,0.293827989,7.582998323,0.116923633,0.594293122,20.89270845,0.110581836,0.406671309,15.72891492,0.14693134,0.38688156,15.02994763,0.110751444,1.071794647,40.64483291,0.138013892,0.857782351,30.04258694,0.140505715
408,M,2,60,119.9833333,2.467752239,110.7288703,0.125976411,0.233670325,4.506700107,0.172089627,0.222590829,4.48082601,0.172811793,0.313718526,8.021552099,0.131094056,0.637198919,22.48339934,0.112375059,0.432113791,16.73347001,0.138326303,0.507103595,18.21542456,0.141167048,1.089642965,42.08533712,0.139906424,0.906998321,31.73152136,0.146060601
435,M,0,0,59.98333333,2.260515334,101.6824816,0.111508834,0.175006133,3.540873911,0.159400679,0.151056064,3.2188831,0.159994818,0.209699585,5.19724753,0.188164573,0.409185735,14.48727541,0.111236338,0.592322218,22.80856679,0.155569557,0.703987496,25.71954021,0.20748111,1.013328004,39.51483306,0.174265255,0.596595214,21.68029145,0.131236359
435,M,1,30,89.98333333,2.220149703,99.49873342,0.111211431,0.15775304,3.359321241,0.164794517,0.129609563,3.045157559,0.146019294,0.203648695,5.038890742,0.154989745,0.378728643,13.47354983,0.105828979,0.554614446,21.87185408,0.165487192,0.620873602,23.42930879,0.20702112,0.890640113,35.35252477,0.151636098,0.552593668,20.38050913,0.12524913
435,M,2,60,119.9833333,2.18785867,97.08524373,0.113806116,0.161931029,3.58441459,0.119381791,0.130884913,3.219017641,0.103503669,0.198904773,5.028105581,0.130038104,0.358810937,13.13750899,0.102960936,0.609228637,23.88963299,0.13370503,0.453036562,19.67393324,0.036704544,0.877923614,34.63225848,0.118875164,0.541850236,20.81053881,0.120366386
470,M,0,0,59.98333333,2.302061553,100.7327248,0.111064241,0.217747593,6.257606861,0.141725005,0.223674399,6.847675032,0.146345032,0.363511764,11.02518348,0.170191447,0.611815359,22.2716998,0.130248338,0.980318056,40.69990674,0.165497367,0.588423261,24.59034295,0.087988371,1.313748216,51.32671724,0.15491938,0.660580651,24.37246383,0.14483665
470,M,1,30,89.98333333,2.362635938,103.6214069,0.111493643,0.222639627,6.152422367,0.161208688,0.225543238,6.611377845,0.165149052,0.360023743,11.11822111,0.161069141,0.610126291,22.50185792,0.141339049,1.014100258,42.22338854,0.152295935,0.597537893,25.3357084,0.078996409,1.329365957,51.97220663,0.15705526,0.66810965,24.81711735,0.140196752
470,M,2,60,119.9833333,2.367074413,104.7760371,0.113906201,0.243636733,6.403747123,0.169466703,0.241514654,6.781017191,0.172153634,0.405114853,12.45090385,0.172191422,0.667777115,23.72306268,0.163318556,0.914078985,38.85061746,0.131147604,0.667611664,26.84501031,0.103734538,1.333355235,52.06892518,0.179512332,0.693344568,25.49631704,0.160888487
428,H,0,0,59.98333333,2.067962795,92.48091314,0.09630423,0.255490193,6.465216761,0.155121357,0.243211195,6.781767763,0.139824414,0.310621818,7.680278626,0.168699167,0.773004753,27.92377958,0.125264616,0.906385533,37.04223911,0.140434169,1.061000443,40.99547225,0.130626843,1.056277122,41.83810758,0.1406235,0.754894121,28.87324271,0.137274521
428,H,1,30,89.98333333,2.051081692,91.49518778,0.094857956,0.248452148,6.587789105,0.141312827,0.247646701,7.132729641,0.154720723,0.264702276,7.123618606,0.120697454,0.735403961,27.2009146,0.117216979,0.763526253,31.40775231,0.100801398,1.133863827,43.06803285,0.160998904,1.072079287,42.32798181,0.129283888,0.766834891,28.89725318,0.126088462
428,H,2,60,119.9833333,2.037663323,90.83639832,0.087807039,0.241581461,6.42744045,0.11488901,0.254628553,6.938816979,0.120848884,0.229884023,6.706842718,0.10361374,0.718652185,26.76641097,0.11184956,0.726262038,30.697811,0.078222843,1.0901894,42.40956463,0.173858381,1.084110456,43.19561239,0.125757458,0.757344766,28.54836125,0.117699531
411,L,0,0,59.98333333,2.057412093,92.43453778,0.108476596,0.22508185,5.077934523,0.134647318,0.231266841,5.759215094,0.141971422,0.251548791,5.96978608,0.17256261,0.359650855,13.06051981,0.092787865,0.54435968,21.3180342,0.11020561,0.557995209,24.77052375,0.107586915,0.863687028,33.48379894,0.118394757,0.673176217,25.23990429,0.096989717
411,L,1,30,89.98333333,2.000363,89.09533449,0.109390324,0.202153067,5.040942045,0.121087247,0.220158039,5.805061968,0.118472958,0.212527057,5.56054074,0.12839686,0.333947431,12.04206159,0.085111666,0.499144699,19.76078372,0.080911995,0.644477331,27.23466528,0.069593874,0.800961107,31.20553807,0.109691998,0.650618319,25.01899406,0.085880648
411,L,2,60,119.9833333,2.190857754,98.05728055,0.118189978,0.249993707,5.561441179,0.143436661,0.255100578,6.246155245,0.127265059,0.274511995,6.378629872,0.172632322,0.378023141,13.47647918,0.102934854,0.535809923,20.8728311,0.089002987,0.773028883,31.05087723,0.093388185,0.864876006,33.08965414,0.110401506,0.754111,28.4141466,0.119869133
454,L,0,0,59.98333333,2.071112009,93.52561769,0.098263555,0.394495561,7.838997593,0.163234465,0.372958767,7.757193615,0.173818183,0.319309837,7.08707099,0.189672809,0.753413062,28.59575725,0.146007368,0.771489508,29.94337159,0.145980011,0.551244318,24.09083517,0.029701316,1.21112437,47.53135166,0.140119015,1.079078177,40.12981572,0.196926204
454,L,1,30,89.98333333,1.893013085,83.7232851,0.095183912,0.342099941,7.244072127,0.140222124,0.334552534,7.317368599,0.148320623,0.241795436,5.790722117,0.130836732,0.656849882,25.44349986,0.082887172,0.66556331,26.55897507,0.102774402,0.727004499,29.56756459,0.107319271,1.162275539,45.16240052,0.108466798,0.963334124,36.69187093,0.145463686
454,L,2,60,119.9833333,1.853284761,81.37791524,0.089720602,0.313176118,6.77021778,0.181630717,0.312700148,6.858264242,0.183177041,0.191388989,5.097323293,0.113540279,0.573512051,22.75108831,0.076233914,0.550228475,22.50334711,0.097272611,0.901850655,34.83424523,0.155743792,1.073554221,42.57047714,0.113093196,0.914987444,34.82401357,0.141772763
437,M,0,0,59.98333333,2.451126191,110.1191066,0.124305744,0.220674161,4.456744362,0.161956837,0.244212311,5.188927428,0.187747493,0.187931157,4.689743369,0.101430469,0.550223753,19.59040683,0.119171202,0.687413082,25.31141404,0.168067003,0.97123027,39.40045139,0.106267144,0.977985515,37.47705715,0.131309012,0.640784012,23.40161035,0.11314374
437,M,1,30,89.98333333,2.260691353,102.0021807,0.108024146,0.207249493,4.554635021,0.151341043,0.233174411,5.297748484,0.17449445,0.169947335,4.658346339,0.087434563,0.513985896,18.39292926,0.108137668,0.674996872,24.77151056,0.176716397,0.95184256,38.89147578,0.104868215,0.911106486,35.01412886,0.128683371,0.565678742,21.68779172,0.086482445
437,M,2,60,119.9833333,2.371909122,107.2003163,0.115205202,0.206920553,4.363017036,0.150795351,0.228681536,5.03915104,0.17159509,0.178120134,5.016088967,0.08227414,0.545506373,19.60447165,0.121602925,0.684133901,26.060305,0.175489599,0.77507523,34.79384922,0.042631203,0.952398855,37.49992185,0.122360485,0.5958836,23.10153916,0.105041745
472,M,0,0,59.98333333,2.310365808,102.7457718,0.12056579,0.352070759,7.566620411,0.153174736,0.364420219,9.262064789,0.162773053,0.37540605,8.591761351,0.16770154,0.776666464,27.55151676,0.12584305,0.555860551,21.66495281,0.150510791,0.762935778,29.36539044,0.198552233,1.207547065,48.40623645,0.173263954,0.874540167,30.48701846,0.150963052
472,M,1,30,89.98333333,2.193650342,97.23765162,0.111354133,0.270158628,6.853565385,0.140689649,0.317352602,8.867256349,0.169855591,0.25243209,6.638044234,0.135146308,0.629175002,22.45912967,0.102116894,0.470235039,18.120445,0.133321978,0.65249522,25.62996686,0.167982677,1.214070752,47.59068945,0.17603211,0.724500299,25.84878379,0.134733054
472,M,2,60,119.9833333,2.094744968,94.3233918,0.103355174,0.240262482,6.195171522,0.109630466,0.300851875,8.014666574,0.141117847,0.198968221,5.633722791,0.103959021,0.564347972,20.64530341,0.123116835,0.458658483,18.17072448,0.101455669,0.586910729,24.54319309,0.125554848,1.190640161,46.74527502,0.163795921,0.650880388,23.48182849,0.123228208
413,L,0,0,59.98333333,1.798336503,80.29209996,0.093006851,0.194212153,2.737526638,0.131434987,0.189853296,2.557200088,0.209297214,0.162054178,3.33604811,0.218532646,0.356261379,12.45467855,0.190850226,0.295331896,10.59389148,0.125045826,0.870129062,31.50785748,0.17888393,0.585636433,20.99726769,0.198242237,0.578242316,19.45484224,0.132726174
413,L,1,30,89.98333333,1.777446976,80.86386351,0.097587761,0.126376231,2.146324781,0.099921396,0.099628489,1.777764379,0.093631616,0.137825779,2.849937097,0.085105444,0.239369045,7.957815732,0.06836599,0.216987417,7.485365827,0.079414623,0.745055653,27.38416316,0.184461525,0.48645245,18.38352181,0.105912259,0.532820434,18.15150883,0.07442891
413,L,2,60,119.9833333,1.678523668,76.26109015,0.095178714,0.092152227,1.746596197,0.141076386,0.078114545,1.450653689,0.130247541,0.094940391,2.297701194,0.073888752,0.201960879,6.693366341,0.061196976,0.172764805,6.261539886,0.095332913,0.539582242,22.05154066,0.054188861,0.435690152,17.01500664,0.091094022,0.480205994,16.48985595,0.080216767
456,L,0,0,59.98333333,2.013981312,89.72251329,0.109831429,0.114792768,2.032315322,0.131358282,0.134994094,2.452974949,0.141038974,0.147981369,3.166462464,0.136435539,0.278210246,9.944555424,0.100053774,0.595018234,22.39293023,0.161962425,0.885625465,33.97776561,0.16949254,0.757848395,30.04530865,0.118979706,0.817731914,29.35956915,0.137716165
456,L,1,30,89.98333333,1.912684134,84.43159768,0.09919137,0.078577638,1.663219593,0.043277179,0.089857369,2.083780474,0.054485463,0.106110194,2.56104463,0.065321531,0.19983895,7.236431302,0.036312912,0.578696322,21.83118096,0.125592203,0.660644756,26.35493138,0.107519024,0.668096466,26.74066201,0.081647873,0.718678102,25.86651012,0.115037777
456,L,2,60,119.9833333,1.816639572,79.88905183,0.093450123,0.07565913,1.601508094,0.044980069,0.086342372,1.992922771,0.048140117,0.089886853,2.227045799,0.05979409,0.1899096,6.778419595,0.035809357,0.575313941,22.24930349,0.127707436,0.385979219,17.67669788,0.02073668,0.6077808,24.58345921,0.064697588,0.631135207,22.80685662,0.093736615
452,H,0,0,59.98333333,1.884144941,84.09148808,0.092648396,0.093495342,2.031559006,0.227473936,0.09081137,2.050548239,0.228286825,0.210900326,4.987831477,0.1784986,0.292970136,10.5799253,0.170545176,0.517251404,20.80815507,0.163449585,0.590264604,24.7038859,0.156109459,0.567200124,22.09626635,0.096360752,0.73610463,26.986602,0.129921347
452,H,1,30,89.98333333,1.771778014,78.91873084,0.082553051,0.08021556,1.967559265,0.051539246,0.081407019,1.982460299,0.050129968,0.131545303,4.143046126,0.053452275,0.242153924,9.036759354,0.037079077,0.424142981,17.49480411,0.07144713,0.49207721,21.31036286,0.049572439,0.540411374,20.95952472,0.071396572,0.657304698,25.65269117,0.080796645
452,H,2,60,119.9833333,1.882371576,83.64602505,0.095439654,0.128228173,2.375800124,0.069742388,0.116352514,2.261702563,0.064986241,0.246676948,5.790226415,0.154716176,0.265000462,9.633296913,0.042853476,0.52990687,20.51345017,0.103537902,0.536432387,22.94224149,0.060522879,0.628288823,24.34193262,0.087852666,0.763976156,28.78218003,0.134795308
417,H,1,30,89.98333333,0.712321673,32.26721115,0.03310625,0.138391675,2.19415688,0.057427027,0.121738061,2.050156505,0.051325089,0.113796441,2.121823067,0.055380413,0.024106631,0.820115166,0.004345081,0.035290858,1.288504306,0.007890565,0.074079821,2.914231272,0.013526312,0.144100086,5.371639048,0.021347914,0.424936431,15.84571505,0.04814521
417,H,2,60,119.9833333,0.756527739,34.25757231,0.036458336,0.176460627,2.652473862,0.064511378,0.153116806,2.41486247,0.054280134,0.145012873,2.577716286,0.068596333,0.029242811,0.900291979,0.005842215,0.042724546,1.519649464,0.009484774,0.102283242,3.706997371,0.018866514,0.170449204,6.203527732,0.024809071,0.502973065,17.97146721,0.068466978
476,H,0,0,59.98333333,2.374342048,105.4577858,0.126881337,0.241310006,4.220716622,0.161283886,0.250684182,4.409463446,0.155577876,0.24320304,5.706538835,0.151199498,0.477398881,16.68309877,0.092600154,0.636171986,24.70235909,0.128001286,0.430161716,17.71504077,0.073071436,1.066994144,41.17144173,0.120675509,0.717677073,26.10095861,0.138283005
476,H,1,30,89.98333333,2.395555158,106.5676583,0.124218296,0.238039217,4.164911919,0.166975113,0.244648731,4.244816878,0.154571069,0.24718057,6.072159949,0.161745604,0.500815473,17.96968007,0.086049732,0.683653729,26.35314966,0.152306646,0.505910621,18.89183051,0.112934353,1.073248077,41.3767311,0.12206831,0.749258209,28.10682074,0.131064455
476,H,2,60,119.9833333,2.463152959,109.6678927,0.125243265,0.265593206,4.260331222,0.192133926,0.277186476,4.451374424,0.188032921,0.255709688,6.043550077,0.165256739,0.532393827,18.75544851,0.098252526,0.690603148,25.91448804,0.133547775,0.585755148,21.34430984,0.129092082,1.097604725,42.0561379,0.129967986,0.773111287,28.36257096,0.121049355
433,H,0,0,59.98333333,1.822477534,81.88671645,0.093849946,0.233321977,3.529555812,0.133952262,0.241094899,4.014785025,0.139749536,0.22548335,4.467704285,0.144798046,0.565058388,19.25706417,0.121719285,0.446597148,15.67391689,0.154821025,0.436791862,17.31537929,0.064724497,0.695040135,26.18578793,0.094841834,0.85874911,30.65688182,0.15070488
433,H,1,30,89.98333333,1.922546836,85.53639904,0.101835783,0.281849884,3.87826572,0.160863802,0.277054314,4.289574325,0.155544437,0.295592631,4.952234414,0.182149954,0.606162135,20.44884408,0.137649923,0.473487853,16.73801879,0.146158084,0.622691794,24.03405152,0.092089656,0.76720568,28.72189712,0.130475041,0.919156179,34.40098498,0.115964648
433,H,2,60,119.9833333,1.902450064,83.71791228,0.10306756,0.252575262,3.618377389,0.148598286,0.240506231,4.107562721,0.138747145,0.279551141,4.836287034,0.175402462,0.592932566,19.79797743,0.139879032,0.428528001,15.59316175,0.147284949,0.548600825,21.95695621,0.079432768,0.739802787,28.29584022,0.124242367,0.895203919,33.38231875,0.116033243
413,M,0,0,59.98333333,1.475156092,65.29228149,0.08661659,0.117279667,1.827166484,0.132907101,0.100914557,1.557627332,0.145105567,0.199101381,4.458412777,0.166619192,0.217077844,7.208133202,0.108163511,0.25895359,8.987915478,0.114448387,0.510797939,19.95569417,0.098265519,0.258991494,9.578473858,0.093845996,0.65119454,22.65897321,0.112271674
413,M,1,30,89.98333333,1.310320241,57.4804014,0.073985441,0.063192263,1.30067241,0.042535581,0.04936547,1.124667755,0.036521278,0.144250764,3.355547108,0.089931906,0.145297253,4.848267439,0.028073311,0.179187744,6.973865435,0.055575211,0.474597069,18.76556494,0.106657212,0.183793408,7.197415774,0.03754981,0.542275984,18.55005346,0.093407534
413,M,2,60,119.9833333,1.336391706,60.43296932,0.071077899,0.067174286,1.298966412,0.067494211,0.053654232,1.102413056,0.063823591,0.147764556,3.369168195,0.08969295,0.147351646,4.886242168,0.036567844,0.181073805,6.908200385,0.060901635,0.479273207,18.26723534,0.122772665,0.182497777,7.003868322,0.046321889,0.551338631,19.0836119,0.086033324
456,M,0,0,59.98333333,0.914725116,41.55602226,0.060731856,0.114345621,2.060255122,0.148959521,0.105727854,1.997939243,0.122960243,0.143932085,3.067830077,0.178530377,0.303285592,10.57439575,0.157975565,0.287327733,10.67502671,0.061674431,0.182480252,7.143805119,0.078902879,0.541281724,20.12535997,0.13369751,0.437461597,15.2584432,0.157295466
456,M,1,30,89.98333333,0.633076473,28.84387482,0.034579513,0.091038057,1.680286297,0.057760688,0.073273396,1.537298967,0.043334515,0.111273428,2.442048794,0.11174957,0.206934002,7.413541787,0.045199424,0.181862317,6.640762611,0.094526289,0.090801236,3.486178317,0.018015816,0.368733858,14.06001981,0.066053808,0.301566593,10.90987826,0.047426389
456,M,2,60,119.9833333,0.636715795,28.85927459,0.033785778,0.07975786,1.578250963,0.056993958,0.067569265,1.453631552,0.049182962,0.099354927,2.229093036,0.108498837,0.206654904,7.209299548,0.050272572,0.183900863,6.888558788,0.101957745,0.086116228,3.457338035,0.015635443,0.350756733,13.24513991,0.071200722,0.300974844,10.6498648,0.045682901
437,L,0,0,59.98333333,2.176455572,95.64300881,0.120480089,0.244506983,3.981226335,0.147156153,0.225174104,3.837894545,0.141893515,0.166150937,3.458233298,0.086283717,0.428371919,13.68072575,0.098216321,0.581813417,21.62498989,0.135443346,0.355656379,14.19922928,0.136145946,0.746052955,27.94386626,0.114749746,0.805046538,29.85407521,0.136545382
437,L,1,30,89.98333333,1.988768903,88.07422506,0.098356117,0.147219056,3.033479875,0.116293755,0.141451932,3.012271872,0.112386048,0.087698506,2.110477064,0.057076124,0.296590061,10.29936506,0.068938622,0.438687064,17.12891749,0.103667887,0.260654078,11.44514615,0.017350444,0.593087942,23.40617423,0.078465506,0.602302486,22.71126891,0.11371694
437,L,2,60,119.9833333,1.893337359,84.58734934,0.09575287,0.130277514,2.887468513,0.079010928,0.121894634,2.86824086,0.07476913,0.080938764,2.056615142,0.045413751,0.275297426,9.7291662,0.066185101,0.439825302,17.20941758,0.103037104,0.28517555,12.20087459,0.023989633,0.564504262,22.85114317,0.068746299,0.577437192,20.85555356,0.109427114
472,L,0,0,59.98333333,2.257644621,102.4399727,0.108139123,0.36424997,10.65175073,0.13603664,0.485713961,14.63360526,0.157309493,0.400250258,11.14783646,0.143202069,0.638376826,23.3396698,0.112010179,0.641151626,25.34257068,0.177009979,0.506066863,21.46471182,0.097228757,1.437539004,56.87946504,0.151893873,0.924060666,34.51860699,0.154542983
472,L,1,30,89.98333333,2.273798942,101.0985289,0.110979517,0.335492189,9.462716826,0.14435003,0.439707677,12.35164437,0.194798594,0.373897639,11.69785323,0.128639215,0.702595326,26.1138965,0.11140842,0.643007876,25.26240508,0.088685299,0.532808155,21.93309836,0.094861722,1.413207377,56.08713148,0.164265671,0.905168655,34.59140258,0.140768504
472,L,2,60,119.9833333,2.224213569,99.73684072,0.107486359,0.32326781,8.922142967,0.140756213,0.41421675,11.39853482,0.188565828,0.330349731,10.73565812,0.124788819,0.696072946,25.93553784,0.104068672,0.611079504,24.06731682,0.110198513,0.600146834,23.32488304,0.142462776,1.381995996,55.96663999,0.178642269,0.862242008,33.4385432,0.123935882
402,H,1,30,89.98333333,0.937600769,41.83028767,0.062693851,0.208852189,5.226876794,0.115668242,0.197632836,4.715412199,0.118101148,0.22021289,6.455418737,0.083430832,0.51422655,18.69095166,0.094841623,0.104950854,3.803103386,0.05180695,0.091738847,3.389975946,0.014930289,0.746818581,28.48225582,0.164183957,0.673037949,25.67514521,0.109799969
402,H,2,60,119.9833333,0.821334168,37.03975221,0.047640539,0.176731302,4.617505555,0.119194416,0.166194401,4.30857992,0.120242477,0.183881501,5.53015486,0.072511641,0.448086939,16.06755512,0.091145374,0.098552322,3.76333056,0.052234667,0.075405283,2.872047958,0.012867038,0.690618408,27.04806448,0.157267215,0.60565462,23.69927499,0.100124657
447,H,0,0,59.98333333,2.751014427,123.3355701,0.125423336,0.24295374,5.279963859,0.207640144,0.237695341,5.259608243,0.195847237,0.469438479,13.00631451,0.16336363,0.661506091,23.75346955,0.137948816,0.42000969,16.7059728,0.187725582,0.952407207,40.65031922,0.064475909,1.090044301,42.70934779,0.115786931,1.20725294,45.04149807,0.181093726
447,H,1,30,89.98333333,2.775037651,124.8525994,0.117100679,0.282073997,5.710820725,0.2167335,0.279818414,5.660303454,0.218513406,0.521084377,14.47811457,0.139356573,0.607677877,21.35853148,0.172632993,0.502970906,18.80416605,0.156096736,0.857192303,37.97794866,0.044019544,1.108423409,43.55428713,0.154801723,1.167764224,44.55422794,0.147994885
447,H,2,60,119.9833333,2.788220079,127.6436181,0.112600375,0.280626104,5.693744297,0.196368558,0.283067325,5.713877326,0.203693418,0.504589433,14.28013638,0.141894272,0.556561573,20.20670131,0.151500555,0.531676334,19.45904179,0.124836695,0.954378372,40.89608596,0.073944954,1.140020259,45.74505551,0.164098392,1.116467608,43.87307796,0.1260163
443,L,0,0,59.98333333,2.220072482,99.27589215,0.103799425,0.189577113,4.364497729,0.11548837,0.182296551,4.262912713,0.111030873,0.228708925,6.818070828,0.10552428,0.436658344,16.43549464,0.084906605,0.528893544,20.76659096,0.109714016,0.69555009,30.1424479,0.053087868,0.507520833,19.84881166,0.09503954,0.75534969,28.80778066,0.10237424
443,L,1,30,89.98333333,2.178824817,97.88572382,0.095006003,0.142727739,3.631166947,0.084412619,0.141804675,3.750695122,0.084935937,0.171956104,5.539132785,0.063027526,0.335458327,13.31614434,0.046369384,0.544549674,21.8800216,0.093433562,0.544318558,23.37082713,0.057092221,0.465651755,18.80184773,0.055388917,0.674720481,26.97233508,0.082111143
443,L,2,60,119.9833333,2.128965883,95.96325088,0.097100336,0.154713207,3.772466043,0.078015959,0.151822761,3.932680578,0.073696845,0.181594973,5.580763945,0.083649323,0.363760183,14.3227668,0.062263963,0.572902662,23.04839396,0.112172148,0.55164252,23.34981189,0.07695846,0.475132249,18.5830865,0.058702215,0.697641643,27.52564592,0.098567473
467,M,0,0,59.98333333,2.175033386,97.09307938,0.104308288,0.274596456,5.604651713,0.170949088,0.245116505,5.421125872,0.156685506,0.313345467,7.081577353,0.178221116,0.684801842,23.46097823,0.134113905,0.633815715,23.29687954,0.156418354,0.692365707,25.92614423,0.19544368,1.171917586,45.8579753,0.170974401,0.843222665,31.25207401,0.149924088
467,M,1,30,89.98333333,2.18758107,99.33178441,0.100014306,0.250684253,5.201525394,0.143209816,0.233398099,5.112674788,0.147847286,0.267304578,6.551146219,0.132605956,0.656242021,22.81771053,0.135612106,0.60800863,22.28144429,0.186202025,0.647005736,23.80306978,0.20110028,1.092503309,41.96905745,0.162010387,0.83102732,30.36181013,0.134990553
467,M,2,60,119.9833333,2.079038833,93.49731557,0.096350281,0.212109143,4.707420676,0.1344435,0.205712184,4.720590929,0.141428949,0.224704373,5.866904105,0.108719776,0.614958503,22.12929469,0.128117845,0.60729583,22.91452199,0.162641445,0.585258394,21.91925934,0.156285662,1.032779684,40.54997413,0.156032679,0.780220909,28.37477423,0.13120249
422,M,0,0,59.98333333,2.37356517,107.3648541,0.134953771,0.139708374,2.593665252,0.090454364,0.112790088,2.156789505,0.082822386,0.326710144,8.111465827,0.166750422,0.490429519,15.84447765,0.097255886,0.360545765,13.08249548,0.103399664,0.341393541,15.29435669,0.05808851,0.722074432,28.26100384,0.11365364,0.903347867,30.70663005,0.149845765
422,M,1,30,89.98333333,2.292792701,103.8058283,0.12956525,0.12699676,2.49718342,0.066710759,0.10853798,2.092051863,0.063746165,0.285230877,7.878452855,0.10293995,0.469629118,16.03184423,0.074817416,0.37809056,14.1267244,0.08304926,0.633737468,23.56276135,0.137267514,0.720267865,28.19629135,0.102237451,0.908231587,31.53846212,0.127662764
422,M,2,60,119.9833333,2.134913806,95.25581085,0.120036688,0.114640468,2.294177632,0.066390819,0.100362214,1.928718973,0.061473031,0.25496154,7.333106235,0.09239496,0.425050304,14.74062404,0.073100561,0.335240585,12.78033498,0.075125678,0.677289735,25.01201839,0.139788049,0.691744731,27.25656309,0.088857116,0.844589971,29.30169358,0.125112979
467,L,0,0,59.98333333,1.956629363,87.09422878,0.094422773,0.151832059,3.807251074,0.110172944,0.172198511,4.496150316,0.126478684,0.178261887,4.795299763,0.133008679,0.468039494,16.87870213,0.105668549,0.425184556,17.24694685,0.103261452,0.448796824,17.15515949,0.135151652,0.870564496,33.84687831,0.130657718,0.65020951,24.0498262,0.123086171
467,L,1,30,89.98333333,2.00991208,88.83364006,0.098912265,0.168542022,3.863497144,0.124236182,0.181669,4.352255551,0.103198149,0.191326041,4.902820311,0.166443092,0.475416785,17.29214733,0.112814785,0.437806463,17.46905895,0.104634749,0.430138101,16.79782048,0.14846921,0.854382511,33.22815361,0.16271887,0.671354079,24.94202809,0.126404791
467,L,2,60,119.9833333,2.036078691,90.45715425,0.103188718,0.229831576,4.440044706,0.173551434,0.230723497,4.945856554,0.161238413,0.256064932,5.58096951,0.171343629,0.546560358,19.7759371,0.140445461,0.480025101,18.24932996,0.136006735,0.486324019,18.77474234,0.171661063,0.965802313,36.94507193,0.125503548,0.745722108,27.26333699,0.131823746
422,L,0,0,59.98333333,2.077057569,93.67028049,0.113694832,0.187764078,4.02848069,0.110151865,0.177245199,3.936397309,0.118594074,0.304792319,8.661079194,0.134587305,0.634200136,22.55542205,0.09833999,0.335114671,12.83473716,0.074906937,0.472519745,19.89375102,0.081100762,1.000980479,39.08339402,0.139500137,0.857898065,30.86713237,0.134576482
422,L,1,30,89.98333333,2.106970011,94.0362531,0.113643683,0.187529631,3.992792152,0.18257678,0.180375731,3.869016343,0.18700496,0.301907413,8.444870165,0.108098938,0.652923835,23.04966517,0.127403576,0.324799589,12.22444717,0.157523875,0.451729331,18.95092417,0.077657162,1.016494073,40.97542467,0.116995915,0.844099579,30.12739835,0.141390469
422,L,2,60,119.9833333,2.086989649,92.22867163,0.113426607,0.189663922,3.860040379,0.193731733,0.182651123,3.622222463,0.201133006,0.306263777,8.338388028,0.130345605,0.672064278,23.75717856,0.140816786,0.30930409,11.73072819,0.160127011,0.413541319,17.20378607,0.077630868,1.024884132,41.54728959,0.146408501,0.815326477,29.00568218,0.14375918
443,M,0,0,59.98333333,1.800846827,80.8821518,0.088554271,0.27555771,6.117054145,0.145429317,0.285617493,6.520695154,0.152681508,0.300983818,8.791215843,0.113348598,0.641947156,24.2375137,0.09961482,0.643663077,25.22410356,0.11473957,1.031777014,42.52177723,0.121929894,0.659235625,25.55779774,0.092978458,0.9398707,34.85011126,0.133525775
443,M,1,30,89.98333333,1.716757979,77.49541832,0.081230292,0.222729446,5.411802344,0.1021383,0.232773211,5.873672446,0.099040622,0.238844371,7.483023417,0.089312447,0.552026568,21.74294441,0.077893318,0.636325161,25.74050988,0.094675345,0.979342198,40.63568885,0.11007201,0.619025175,24.52667745,0.069157668,0.847409737,32.62818389,0.110266649
443,M,2,60,119.9833333,1.625081227,72.26299265,0.075857864,0.18992504,4.83986293,0.088677494,0.205562049,5.518545358,0.079791202,0.224653159,7.010886208,0.097179694,0.462359571,18.22640489,0.067681268,0.63067855,25.1790994,0.086824093,0.947939308,39.43872951,0.134602777,0.653212833,25.4681006,0.081686213,0.783301517,30.39615905,0.102002009
426,H,0,0,59.98333333,0.628012153,27.70309753,0.060747561,0.264341323,5.309130755,0.205155002,0.266867752,5.632578904,0.236922932,0.238946815,5.315137057,0.136283155,0.52073378,19.2361687,0.123384175,0.3700254,13.49581404,0.119589602,0.568247882,20.9280612,0.165380614,0.63953918,25.20637331,0.129989321,0.543399137,21.30127967,0.103863585
426,H,1,30,89.98333333,0.554326263,24.84067981,0.053903226,0.244371534,4.93362896,0.168494234,0.254149882,5.286459472,0.2025364,0.22817066,5.137693631,0.143445916,0.540525999,20.04491685,0.12819751,0.330855297,12.27699944,0.111397604,0.691511139,24.06174155,0.161325542,0.565728875,22.32369996,0.123402938,0.510793645,20.19227585,0.093571483
426,H,2,60,119.9833333,0.442292706,20.15669558,0.022271812,0.199713891,3.732455082,0.151123959,0.20828373,4.201846758,0.179631993,0.200049796,4.267303796,0.132755707,0.477358902,17.83137655,0.100491788,0.251649404,9.613835312,0.059384966,0.757955751,26.34425769,0.189979447,0.495763006,19.46083016,0.086864263,0.409493336,15.58702958,0.055032628
463,H,0,0,59.98333333,2.107082347,94.84493146,0.10204475,0.153727497,2.819469343,0.193150706,0.163001274,3.210134608,0.209605464,0.155386103,3.641691844,0.12759507,0.338230952,11.9947044,0.144428224,0.695336178,27.53157383,0.123065546,0.731846466,28.65493145,0.105340464,0.754614913,29.50760178,0.153166841,0.645747484,24.40282038,0.095409409
463,H,1,30,89.98333333,2.00316639,89.61880208,0.097765018,0.139511022,2.603694749,0.131961848,0.154083762,2.953104945,0.143660948,0.128409957,3.272897193,0.10272119,0.309294537,10.53886465,0.129132252,0.631941805,25.1373511,0.1161496,0.736149763,30.25452352,0.095021385,0.720477131,29.00550278,0.127141791,0.624457138,24.01268178,0.101369301
463,H,2,60,119.9833333,1.975268615,87.26698561,0.094796724,0.140877541,2.618570248,0.146113318,0.150579137,2.915525347,0.155220663,0.150742195,3.616435914,0.130708781,0.296357252,10.53468142,0.131509253,0.66184401,25.97484299,0.129104854,0.658858628,27.70298579,0.088979344,0.703994031,28.35053695,0.084433418,0.610512037,23.51381878,0.093052331
439,M,0,0,59.98333333,0.782606112,35.26322243,0.054022398,0.151470338,2.259210444,0.225670587,0.11671307,1.71118043,0.25071885,0.199124844,3.873569495,0.220895494,0.319074664,10.70818321,0.195214688,0.353035574,12.37609037,0.138345943,0.234311907,9.670030476,0.04396771,0.387461878,14.47776114,0.153980073,0.591677059,20.93283247,0.166617888
439,M,1,30,89.98333333,0.639666582,28.68873124,0.031215222,0.134486887,2.035579205,0.142482736,0.096509877,1.52101437,0.120544061,0.190300763,3.47728183,0.164672356,0.254122816,8.765609126,0.114621425,0.316690058,11.74951345,0.088822961,0.129404588,4.86830434,0.023078461,0.306704667,11.56735993,0.098245687,0.484132105,17.61143094,0.0967083
439,M,2,60,119.9833333,0.615270149,27.04860373,0.031132715,0.12052047,1.997889748,0.085689469,0.083330785,1.471616788,0.076093203,0.198143009,3.422211533,0.186715052,0.235227133,8.311320936,0.077502076,0.30980151,11.89910743,0.091134511,0.084876548,3.657415527,0.011454863,0.299169892,11.38659005,0.099977124,0.503164828,18.08280285,0.096733499
424,H,0,0,59.98333333,2.169515327,95.96132893,0.119917269,0.178035494,4.587783452,0.138569859,0.155126581,4.379268922,0.131049086,0.264624172,7.358712673,0.143866271,0.560523225,19.81556352,0.110335485,0.435346949,16.97953563,0.117302318,0.736430551,28.72799015,0.160483517,0.977444384,38.01861191,0.129995582,0.802972985,30.19567108,0.164221091
424,H,1,30,89.98333333,1.832337186,81.76657206,0.097906162,0.157551354,4.331569673,0.072334906,0.13495138,4.105722395,0.0609889,0.199515752,6.153350239,0.09809726,0.462988693,17.76793502,0.067874078,0.346487412,14.26996976,0.035355678,0.734300719,28.72060114,0.169378408,0.812406029,32.36969351,0.096497107,0.597629784,23.64566626,0.096789635
424,H,2,60,119.9833333,1.816322268,81.46792563,0.099997153,0.165873018,4.501160854,0.068953884,0.138356308,4.175477298,0.05305755,0.216990155,6.200853328,0.097022532,0.457862666,17.55861198,0.064767074,0.32514278,13.49768943,0.035307869,0.637160695,25.4318708,0.153374866,0.814717945,32.11142516,0.096308491,0.625693338,24.32869562,0.100821695
461,H,0,0,59.98333333,2.574322088,117.0457367,0.115147504,0.15507425,4.574370065,0.168863178,0.146145445,4.476806859,0.167227112,0.472355082,14.41930674,0.138148061,0.513623933,17.63173348,0.112366295,0.44627057,17.8905474,0.104092868,0.953439539,39.15896906,0.149861096,0.905233857,35.35237508,0.091130145,1.046411327,37.91795253,0.145775836
461,H,1,30,89.98333333,2.44656988,112.7960468,0.111712223,0.132086652,4.035036592,0.038982799,0.121775706,3.924035603,0.036904142,0.428885631,13.44726556,0.107478063,0.498617792,17.29212374,0.061149625,0.392766441,15.93318801,0.047847636,0.99966562,40.69789449,0.137139094,0.796365674,31.39563158,0.067354659,0.967330547,35.76603437,0.12039063
461,H,2,60,119.9833333,2.364521478,105.7979795,0.109780805,0.134158884,4.059148648,0.048216869,0.120269562,3.868802829,0.045866481,0.435418544,13.64597668,0.111286354,0.497615643,17.18947106,0.07172903,0.402638417,16.26880957,0.053480945,0.88053748,37.20792715,0.108777425,0.72496498,28.88925728,0.067405558,0.925642307,34.5656835,0.128543256
458,L,0,0,59.98333333,2.020166756,91.09524507,0.110966991,0.285783478,4.92316592,0.18098968,0.285469166,5.391303877,0.15245018,0.227365548,4.506104091,0.179152783,0.476530236,15.94219653,0.132481404,0.471734007,16.8966187,0.126040609,0.539413339,22.62185667,0.125684301,0.697388704,26.3197094,0.125713554,0.708909595,25.2029418,0.112823363
458,L,1,30,89.98333333,1.833073161,81.79894194,0.098946489,0.246913313,4.387950495,0.152794387,0.273910507,5.123757487,0.173008672,0.172606895,3.694778826,0.119373457,0.409242594,14.33435672,0.080675849,0.397973207,14.89269419,0.102957521,0.508693758,21.47812987,0.125765369,0.61648427,23.61019274,0.108075553,0.6191231,22.10786102,0.096194466
458,L,2,60,119.9833333,1.837831954,82.12401977,0.100321908,0.262144251,4.632452563,0.140216517,0.288956215,5.393099064,0.15568091,0.178612735,3.783733438,0.109471654,0.423267389,14.4012384,0.086152257,0.389089529,14.25094463,0.096215527,0.557261264,23.53396537,0.07841047,0.603305164,23.01118747,0.084930891,0.637788129,22.68994939,0.091406392
465,L,0,0,59.98333333,1.943253734,86.86973111,0.101601783,0.19284764,3.615295224,0.15301464,0.176894833,3.45901406,0.138725071,0.204515659,4.788968203,0.137714966,0.401715701,14.02926974,0.114163407,0.404129446,15.578955,0.119446111,0.76091121,30.23000397,0.138141387,0.746016208,28.65785899,0.106696253,0.754050238,26.93267997,0.141023671
465,L,1,30,89.98333333,1.880059583,83.82715637,0.099797953,0.181541194,3.371561638,0.135987858,0.170188919,3.270557905,0.136711344,0.193626371,4.519856329,0.126930027,0.370253124,12.68207173,0.090748014,0.417723125,16.39200625,0.164674674,0.547879289,24.15601649,0.03882572,0.657210514,25.68696508,0.089105175,0.664066412,24.33373043,0.126393272
465,L,2,60,119.9833333,1.861416106,82.72877168,0.099682974,0.183886235,3.373282087,0.144270096,0.177141891,3.32258045,0.150627325,0.167446183,3.862549827,0.123420935,0.342346503,11.49338091,0.08675591,0.473403321,18.32059742,0.189506268,0.575785762,24.07774561,0.111502542,0.645186853,25.07147879,0.0872418,0.595844632,22.68889813,0.076349411
420,L,0,0,59.98333333,2.802952253,128.1798658,0.121779305,0.214446931,6.204189115,0.137896362,0.227553748,7.059531957,0.131574396,0.257403824,7.759071134,0.172448036,0.585409699,22.56201745,0.149135315,0.737686882,29.64656622,0.169887487,0.710053031,28.94140785,0.142025019,0.92328596,36.69575482,0.156848396,0.726721243,28.08551636,0.19251537
420,L,1,30,89.98333333,2.718386056,124.2700477,0.117732858,0.23348976,6.350315084,0.110091901,0.234463018,6.898124754,0.113320392,0.274053412,7.793410748,0.120417479,0.617143191,23.71285636,0.082326941,0.800927008,31.54261814,0.120565638,0.776930945,30.84556416,0.166777436,0.864492103,33.7080388,0.128123161,0.694443695,26.78566591,0.111489011
420,L,2,60,119.9833333,2.6990112,124.0907796,0.120905405,0.293335676,7.175165674,0.13276584,0.284030806,7.507525662,0.138813623,0.347167905,9.070199447,0.176094654,0.69409923,26.02181737,0.140515332,0.819870442,32.66752735,0.133984627,0.657835496,26.15268893,0.162020787,0.920816816,35.92968564,0.119532631,0.746513245,28.05562787,0.103338122
419,H,0,0,59.98333333,2.581933107,115.761916,0.126125351,0.204415769,3.015926385,0.164095938,0.197916383,2.942757985,0.152890403,0.262885408,5.638774102,0.190795144,0.46213811,15.49598973,0.143535339,0.325848446,11.37677224,0.112379019,0.652955568,24.27729024,0.205877917,0.659023847,25.25017342,0.08822031,0.90178524,34.7122281,0.146894841
419,H,1,30,89.98333333,2.453143363,110.3591185,0.120016555,0.196411273,3.03837026,0.153696926,0.185049718,2.874632079,0.148230271,0.266057687,5.843196899,0.160022217,0.453059371,15.52092803,0.120020247,0.303505886,11.33860891,0.082395115,0.814030981,28.49630406,0.204381583,0.613948666,23.91336114,0.076246907,0.896276207,34.28815786,0.140225021
419,H,2,60,119.9833333,2.239763719,101.2912043,0.112043723,0.13764661,2.566369669,0.134642494,0.133634645,2.478059319,0.136867345,0.198552355,4.849602113,0.124548424,0.433604316,15.3314636,0.112656281,0.274542813,10.75086121,0.069311404,0.615649902,22.01544202,0.148907821,0.485603291,19.26931193,0.054647018,0.839459021,31.56369773,0.120782588
441,M,0,0,59.98333333,2.253915583,100.507351,0.11203149,0.325529187,9.007736661,0.138476493,0.234507407,7.187168515,0.138996614,0.232862933,6.646108991,0.15401433,0.520940119,19.2098993,0.102295998,0.71711501,29.32537689,0.109394214,0.565795618,22.5122894,0.106865642,0.842390812,34.26773781,0.113131387,0.907752328,34.57299776,0.123083261
441,M,1,30,89.98333333,2.273500428,102.1646251,0.110315207,0.299592015,8.984146085,0.11321809,0.216669731,6.871082044,0.084690299,0.21420661,6.663188619,0.08250028,0.492787905,18.23581979,0.080760017,0.668479251,28.24550905,0.070707408,0.538734195,21.52290826,0.10760005,0.78657262,31.98791984,0.083889628,0.894610814,34.29275486,0.126105407
441,M,2,60,119.9833333,2.330288351,103.8163351,0.113233888,0.317575086,9.207627503,0.153945122,0.236976796,7.249273156,0.138223753,0.253483888,7.376236853,0.137326997,0.522665688,19.6027697,0.105970564,0.659232274,26.83659981,0.173566956,0.661911576,24.01523118,0.142355749,0.843176895,33.42204475,0.142521146,0.919423906,35.14659747,0.137177495
404,M,0,0,59.98333333,2.139097629,95.54601869,0.105074081,0.281486619,5.243819621,0.150638899,0.272596021,5.52570169,0.144940898,0.390542157,9.735169005,0.188500464,0.696674849,25.63248884,0.111227588,0.410277733,16.19381946,0.148930384,0.778891304,30.50582355,0.127904502,0.742449912,29.21753379,0.122661525,0.968492206,34.38746914,0.1582113
404,M,1,30,89.98333333,2.171089935,98.50314753,0.10615906,0.213002607,4.64611646,0.119029489,0.206298447,4.856065698,0.114088324,0.318878035,8.498939347,0.147008342,0.627250228,22.86827791,0.10095837,0.361112259,14.56502385,0.080111054,0.697383529,27.04392296,0.124025647,0.690146517,26.69114614,0.102253432,0.877528416,31.74421841,0.139675252
404,M,2,60,119.9833333,2.155095178,98.02233375,0.103725637,0.176348224,4.074897467,0.125509508,0.17480919,4.338703543,0.127258443,0.270173445,7.675009433,0.135799498,0.587902278,21.18099252,0.102102494,0.331479404,13.18241361,0.064970816,0.592514157,24.342629,0.102046123,0.63583206,24.18993107,0.111151598,0.842059226,31.07391375,0.135290318
441,L,0,0,59.98333333,2.398786198,106.7031622,0.115511657,0.273985615,7.501639298,0.180255834,0.211124421,6.291182065,0.183240571,0.237210399,6.623170976,0.178743681,0.557621369,20.46070454,0.128974311,1.079463282,43.41343694,0.160974144,0.773105776,29.14810098,0.142623844,1.001253242,39.66356142,0.133877962,1.145644315,43.70865724,0.162441688
441,L,1,30,89.98333333,2.338926115,104.6819842,0.10785832,0.216243975,6.639319783,0.092848932,0.175330955,5.751466228,0.068889256,0.168175629,5.208115145,0.081530304,0.488428216,18.24638015,0.093436258,0.913366694,36.6985673,0.114409334,0.6480233,25.97178324,0.102324628,0.843685818,34.03771457,0.097122975,1.036195768,39.52866134,0.151689782
441,L,2,60,119.9833333,2.334799055,103.8639579,0.112209322,0.231106472,6.623223067,0.107586834,0.182301407,5.772681872,0.076684046,0.176606133,5.21802076,0.085642506,0.459304417,17.35141433,0.074966586,0.812509509,33.46471028,0.106643911,0.523827489,22.72797576,0.026245248,0.836500199,34.20689627,0.085819629,0.972726344,37.01415974,0.136069751
404,L,0,0,59.98333333,2.087826585,94.52463068,0.102267933,0.209928285,4.467156081,0.137797725,0.193657507,4.506341303,0.128495177,0.290641214,7.64573751,0.153174049,0.616872911,22.5895265,0.12153904,0.62437182,24.51554808,0.130964573,0.753442847,30.99123013,0.095017181,0.76436118,30.71795072,0.135878655,0.715519778,25.99080247,0.147654883
404,L,1,30,89.98333333,2.115666933,95.20603172,0.105127948,0.183801778,4.149336738,0.111181,0.163461879,4.032506006,0.094933842,0.282089571,7.728221546,0.151070006,0.616734529,22.99775924,0.113100937,0.616130427,24.4275492,0.120726915,0.735843974,30.15584557,0.095254066,0.744492021,29.36845038,0.116375792,0.709358798,26.0947081,0.146462161
404,L,2,60,119.9833333,2.197528556,98.90822156,0.105934527,0.202251764,4.479700821,0.095197881,0.180067703,4.318200309,0.082614688,0.319241446,8.428161313,0.141590724,0.610076785,22.33660652,0.102739782,0.659213583,25.87280542,0.124044464,0.773886372,31.93208092,0.117179369,0.764609519,30.6502314,0.092870766,0.775782734,28.46334662,0.153121504
465,M,0,0,59.98333333,2.062815729,93.8979807,0.102247912,0.211620997,4.218419224,0.17248523,0.210886648,4.401867946,0.182845835,0.340429334,8.472650273,0.185991631,0.520808368,18.69526034,0.105889614,0.920175268,36.83725052,0.20167778,0.572239124,23.69706212,0.064890303,1.03126118,41.78525336,0.109134727,0.702946469,26.21661497,0.137452653
465,M,1,30,89.98333333,2.029250295,90.16574071,0.098719631,0.218219935,4.268837754,0.12929303,0.22853008,4.561914163,0.129129305,0.290266699,7.809486377,0.151646811,0.481808794,17.63013681,0.08161566,0.971242513,38.19835471,0.156353024,0.846549988,31.51827468,0.147777288,1.051403568,41.67057561,0.123749927,0.741598913,27.88370428,0.105796677
465,M,2,60,119.9833333,2.083266777,92.68562392,0.104533609,0.240738635,4.486460978,0.124006226,0.244738381,4.776765665,0.122893026,0.343330715,8.488188753,0.177974967,0.518803568,18.60990734,0.080809017,1.002940341,38.53569301,0.158113638,0.910637617,34.30946522,0.166210675,1.089130979,42.45658422,0.145049089,0.825057736,29.82721265,0.11627505
420,M,0,0,59.98333333,2.412799999,108.0091204,0.104114021,0.286973851,6.886288144,0.125380605,0.250342615,6.367433631,0.115272121,0.282993797,7.11659001,0.160790674,0.678006027,25.29653595,0.113025056,0.492507324,18.65477541,0.154946584,1.227128105,47.7536618,0.206037084,0.75192071,29.67710619,0.104426653,0.722942201,27.22960326,0.113026233
420,M,1,30,89.98333333,2.491378672,111.1097789,0.105062919,0.245681516,6.022602096,0.1160395,0.213715109,5.608397389,0.098023355,0.230998963,6.380363438,0.107286482,0.599627055,22.64446762,0.107829228,0.450108372,17.59419601,0.073759938,1.34045221,51.95086044,0.229820698,0.693236969,27.45747415,0.088999794,0.710068782,27.10626188,0.094365065
420,M,2,60,119.9833333,2.589409445,116.5138925,0.109586768,0.283681555,6.585637458,0.133344696,0.250551956,6.105032136,0.124350519,0.237840153,6.540031707,0.125266726,0.641886509,23.57224286,0.11281618,0.454650566,17.30014765,0.089591359,1.204569542,47.37166255,0.223686876,0.718589079,28.24656749,0.090378269,0.729884243,27.97035695,0.095723266
445,H,0,0,59.98333333,2.084535205,93.23695695,0.101952601,0.294480966,5.46339638,0.181790609,0.242674327,4.7086325,0.153923045,0.279538634,5.986814879,0.177291585,0.721979422,26.57278542,0.125432231,0.538129477,19.86307317,0.164730895,1.051607163,43.92850345,0.171840993,0.927315881,36.59693194,0.143546305,0.90066765,33.83139266,0.140407284
445,H,1,30,89.98333333,2.023474171,91.75726129,0.101048069,0.321392225,5.407629642,0.178195703,0.252762486,4.662449296,0.152910009,0.312665127,6.413417747,0.161030894,0.696996842,24.87242138,0.119958931,0.517930094,19.08409896,0.126652704,1.012419776,41.2398486,0.157038828,0.894816375,34.32912237,0.140041753,0.930931092,34.05572205,0.142564316
445,H,2,60,119.9833333,1.984374893,91.58549987,0.094056094,0.298255545,5.172770765,0.213648173,0.237073828,4.800926983,0.175753204,0.277217256,5.756140124,0.172023378,0.664693401,24.39222593,0.115358644,0.525309274,20.04565327,0.128753565,0.94689273,39.53827202,0.1152879,0.886141694,34.56929918,0.119304799,0.930671125,34.42212298,0.150393854
458,M,0,0,59.98333333,2.089629474,94.40828162,0.116775903,0.273561209,4.912075029,0.16527965,0.256285782,4.956729363,0.157447415,0.257803979,5.662063121,0.184164385,0.632999238,21.86810565,0.122129058,0.593309315,22.52068846,0.150659255,0.60777487,24.11466525,0.157883321,0.759902099,29.37211696,0.138414443,0.686392758,24.54021357,0.109708642
458,M,1,30,89.98333333,1.878451995,84.73665491,0.102628792,0.261483405,4.673536499,0.136916046,0.248712117,4.934797308,0.142659209,0.221789617,4.636663514,0.135277481,0.529790988,19.04075178,0.096142849,0.551686965,20.6910453,0.130614045,0.576504236,23.65445257,0.150633452,0.728327193,27.63455881,0.143931151,0.592826492,21.61165704,0.090431525
458,M,2,60,119.9833333,1.776883223,79.76509835,0.100924353,0.2319628,4.38900742,0.104140397,0.219376597,4.72729533,0.089531376,0.197092886,4.187486532,0.114238769,0.493110452,17.09592428,0.085968911,0.467886682,17.76278467,0.089210971,0.499716256,21.44753159,0.034305842,0.651204056,24.89653142,0.088742577,0.545648171,20.06403128,0.078013388
439,L,0,0,59.98333333,1.914698804,84.80735097,0.103146179,0.14907525,2.796953512,0.177418533,0.140283725,2.632763392,0.18479849,0.180454194,3.696292263,0.174188559,0.356386503,12.5010653,0.147710405,0.208034316,7.782572354,0.135342852,0.598160178,25.36962172,0.106429068,0.544354145,20.1780254,0.175962602,0.631837708,23.46667584,0.108762738
439,L,1,30,89.98333333,1.951549428,86.22056689,0.100018136,0.134716156,2.585421729,0.155132593,0.125273279,2.417222102,0.166749483,0.150068902,3.385488755,0.170669901,0.337128859,12.19924363,0.159482391,0.1907991,7.504920629,0.048246912,0.568599399,24.026164,0.106705225,0.529988079,20.38428461,0.169620878,0.590000748,21.94676594,0.112856477
439,L,2,60,119.9833333,2.016082784,89.52031323,0.103955066,0.147921104,2.746896681,0.131533257,0.131169935,2.633421317,0.137016248,0.193020315,3.702623599,0.172842421,0.359169863,12.87327064,0.11699443,0.199685631,7.760689892,0.046466921,0.654985523,26.94347196,0.122598641,0.574141945,21.7442653,0.142411478,0.618412718,23.03957044,0.136127542
439,H,0,0,59.98333333,1.840973973,81.25749787,0.095422722,0.247563786,3.504904333,0.22329498,0.195086893,2.832671882,0.196191433,0.229213966,3.874974418,0.194196457,0.454436914,15.53675868,0.140385098,0.52323047,19.32912561,0.152845767,0.901212712,33.73684555,0.190027484,0.580216875,21.30567109,0.18861483,0.694761091,24.86504892,0.135814057
439,H,1,30,89.98333333,1.749173527,77.48796491,0.09092553,0.247746271,3.543403156,0.215005342,0.186401163,2.787403703,0.199396755,0.249795146,3.95824385,0.193357083,0.430546755,15.11598022,0.126259517,0.485693323,18.39278202,0.138320753,0.866475796,33.3041165,0.175722368,0.566717479,20.76541526,0.168441933,0.645010578,23.75265357,0.092545253
439,H,2,60,119.9833333,1.742450317,77.14846847,0.093426042,0.20970181,3.13270395,0.194178126,0.164841329,2.573742103,0.187879337,0.20303673,3.429817349,0.185043254,0.412678359,14.11670301,0.140258756,0.42926094,16.02843349,0.105556656,0.644127875,27.27442153,0.088979169,0.551665141,19.99851717,0.158414851,0.585973353,21.9841941,0.080225697
461,M,0,0,59.98333333,1.886766071,84.3591151,0.095504008,0.142730079,3.963814237,0.200108904,0.124831743,3.470642965,0.242691187,0.180937358,5.175414282,0.248191313,0.464447737,15.88988712,0.207319341,0.531352517,19.88671063,0.20469937,0.716654499,31.24107051,0.050933129,0.714773331,27.682879,0.171486017,0.777669704,27.8326483,0.175163391
461,M,1,30,89.98333333,1.631708083,72.07102144,0.087624705,0.105652054,3.151988315,0.051486793,0.084697721,2.680077374,0.046493648,0.136366274,4.308799897,0.035075321,0.405697013,13.7760829,0.065554289,0.47932027,18.60863566,0.076895733,0.754409086,31.78361845,0.086404266,0.580444298,23.67372685,0.056041795,0.586321354,22.29829388,0.078401682
461,M,2,60,119.9833333,1.677044493,73.98281585,0.093331625,0.118321896,3.318564028,0.08016253,0.095229663,2.822137294,0.069328857,0.147903379,4.529194927,0.043804807,0.426410003,14.50476657,0.069563742,0.485471662,18.93672299,0.070342178,0.970070729,38.20896412,0.125128321,0.608117458,24.06774566,0.080931376,0.633989364,23.60434953,0.090259804
424,M,0,0,59.98333333,1.896505996,85.95158881,0.106728757,0.275486259,6.596327596,0.123730604,0.302507702,8.362861889,0.129527057,0.429141726,11.52551982,0.184654025,0.717350954,26.16449262,0.106249753,0.846471225,33.84867721,0.115985936,0.642591395,26.06648128,0.109190212,0.700079833,27.6517756,0.10366907,0.865185958,32.68200276,0.136520312
424,M,1,30,89.98333333,1.688264948,76.25991758,0.085074794,0.231895866,6.112859213,0.169102136,0.268596748,7.959711065,0.201129003,0.314179497,9.374074903,0.140471253,0.587719374,22.72381691,0.100593521,0.698852543,28.45091838,0.067075901,0.731225974,28.14617512,0.138574239,0.594548961,23.53417523,0.056177101,0.703276005,27.37236498,0.103626311
424,M,2,60,119.9833333,1.732164399,77.03359629,0.083445756,0.238744429,6.406287737,0.120108624,0.277735167,8.149851983,0.143235557,0.288098339,8.529320632,0.129192508,0.540888709,21.06717179,0.088251107,0.712489269,29.13264254,0.069412556,0.723460917,27.69534722,0.137171574,0.633778163,24.60353216,0.084146626,0.663471899,25.82521121,0.102008986
445,L,0,0,59.98333333,2.32730583,105.9825719,0.115044513,0.241273237,4.434827567,0.150756999,0.196793514,4.091518989,0.151125677,0.270974416,6.284667991,0.148502083,0.790106744,29.58263998,0.124052479,0.453803224,17.60855882,0.136823613,0.356003859,15.66387294,0.019212628,0.78105743,31.41330968,0.096834556,0.783581611,29.00360766,0.141060757
445,L,1,30,89.98333333,2.27483357,102.4543474,0.112163162,0.209549852,4.513991013,0.146758629,0.17419489,4.261078068,0.122780975,0.248708751,5.80999441,0.154238256,0.708326903,26.56873376,0.135103303,0.42525666,16.35425215,0.121890556,0.439202409,18.56649121,0.072076393,0.785558682,31.21951472,0.101592518,0.7578968,29.04696668,0.122847811
445,L,2,60,119.9833333,2.480202491,112.1486021,0.119653753,0.235612732,4.719852776,0.149450101,0.19903066,4.445519211,0.13025884,0.267024492,5.843454297,0.146141934,0.673838081,24.03243208,0.122185872,0.404509408,15.29974928,0.135991121,0.512155552,20.42764858,0.095129549,0.764825473,30.51857103,0.107721907,0.832275607,30.94118675,0.137944505
419,M,0,0,59.98333333,2.10970573,94.10466597,0.10390569,0.170753793,3.844356139,0.115945785,0.155014015,3.479246352,0.112778584,0.237571121,6.572027132,0.130111978,0.524359968,19.13211327,0.122888585,0.38832253,15.00819742,0.079618433,0.319790124,14.37431423,0.031837355,0.836427627,32.99626594,0.110474143,0.764035701,27.50932461,0.17421505
419,M,1,30,89.98333333,2.09375292,94.67986538,0.102994738,0.198148764,3.903103882,0.136508543,0.181826102,3.604535255,0.123874679,0.250618817,6.562239052,0.127742198,0.50948363,18.46065217,0.118995489,0.413428854,15.54906355,0.112180131,0.304205225,13.89227146,0.014475038,0.904313805,35.99006764,0.10218503,0.753256506,27.88596546,0.144786804
419,M,2,60,119.9833333,2.200758953,99.37941545,0.113380231,0.197830351,3.971490911,0.155289737,0.18187782,3.739272707,0.138761212,0.250072914,6.324675881,0.165262465,0.485944857,17.22498749,0.127585562,0.393254282,14.97743254,0.109136031,0.622572595,22.88599499,0.171245343,0.961982097,38.51969597,0.117531834,0.808630021,29.57757561,0.154500508
404,H,0,0,59.98333333,2.246979537,100.8597546,0.108480812,0.32623133,5.634165081,0.147561143,0.323036351,5.948886082,0.152935551,0.397338972,9.400992846,0.181140066,0.842052673,29.55333543,0.130393581,0.618318523,23.14756904,0.136265064,0.878774178,32.29068805,0.161546631,0.98357645,35.80172412,0.165212998,1.031243478,36.25198025,0.164697803
404,H,1,30,89.98333333,2.110538597,94.28428759,0.107429982,0.274334775,5.151743109,0.128040255,0.270296972,5.437616286,0.120664072,0.350035839,8.839888019,0.159293945,0.775565467,27.22778727,0.118543472,0.590969211,22.69674854,0.138391776,0.75012833,28.10774313,0.142685646,0.883376265,33.82565631,0.124198994,0.892832581,31.84095345,0.147203264
404,H,2,60,119.9833333,2.016388727,90.73104517,0.103055192,0.216100026,4.592425598,0.117567524,0.216554035,4.905902087,0.110360789,0.281974259,7.833534676,0.137606896,0.684158741,24.92164162,0.127348022,0.537282009,21.52643236,0.089682347,0.496602174,21.93065347,0.026935935,0.885224823,35.45825022,0.113564583,0.76857799,28.71717258,0.127067913
441,H,0,0,59.98333333,1.998123029,87.43528402,0.098135814,0.377747909,9.116233401,0.168773906,0.343963067,9.839841012,0.151601473,0.274824174,6.715567087,0.173492015,0.63154187,23.58633575,0.114994688,0.924370522,36.5269011,0.169836903,0.604710924,23.58776778,0.096532624,0.957840476,38.01704129,0.139239795,0.884340097,33.13118567,0.150384223
441,H,1,30,89.98333333,2.055932023,90.51482552,0.098643289,0.380197242,9.64292947,0.148772171,0.352013994,9.849897348,0.133526033,0.273088566,7.060814357,0.120250481,0.610823583,22.6951153,0.10628478,0.99560744,38.71195936,0.116285588,0.733675798,28.50833678,0.132583509,0.951816952,37.50881933,0.125126129,0.929561773,35.43506713,0.142869734
441,H,2,60,119.9833333,2.130859817,94.74642153,0.105139574,0.361559342,9.447476592,0.154538212,0.329375606,9.219849984,0.14296878,0.255884037,7.02066779,0.113147969,0.611554304,22.71962403,0.110064498,0.932819764,36.3515097,0.117964783,0.717651221,27.82149458,0.129017547,0.970974521,38.54976242,0.127369429,0.938898519,35.21355684,0.144244919
420,H,0,0,59.98333333,2.549832805,115.4779135,0.108833978,0.275163216,6.131113732,0.122615224,0.282522772,6.661410165,0.127897004,0.335151243,8.430039735,0.134018413,0.619581137,22.78669626,0.092310053,0.625449592,24.83741834,0.119889266,0.940342859,35.26544431,0.258741232,0.810070161,30.75632468,0.167287423,0.759015348,28.0186905,0.139352559
420,H,1,30,89.98333333,2.539849126,112.9501186,0.113133144,0.285578768,6.484518562,0.116323564,0.298440962,7.261684252,0.115937363,0.318494678,7.951963481,0.161524518,0.576766358,21.30820372,0.108635676,0.654273413,26.13774356,0.090114142,0.955032046,35.59645906,0.215802954,0.865769589,32.48579084,0.101155409,0.738590708,27.64047648,0.098050982
420,H,2,60,119.9833333,2.734275009,120.825266,0.121952404,0.321690526,7.288793313,0.126930662,0.331542227,8.111809031,0.131058691,0.350233155,8.815321904,0.15037846,0.639264441,23.23956431,0.106179895,0.679970953,27.19046477,0.098919454,0.922795194,34.76724546,0.237522008,0.895949945,33.62290694,0.123659143,0.764189087,29.0703036,0.107744957
465,H,0,0,59.98333333,2.451826908,109.9363134,0.11800898,0.255429252,4.236610424,0.173708014,0.219391944,3.909205037,0.159322524,0.257328017,5.33927725,0.123725178,0.489774558,16.53593263,0.126397351,0.469843637,17.85908821,0.108545392,0.792474071,31.83222653,0.105246614,1.013311501,39.50977303,0.129746335,0.870422973,31.02438759,0.126957704
465,H,1,30,89.98333333,2.384540028,107.9523431,0.111850093,0.206428794,3.766920457,0.139996615,0.193467787,3.606208467,0.131406338,0.180356376,4.47213757,0.116013144,0.445599847,15.42520553,0.088689221,0.430143639,16.45706112,0.08153495,0.832054743,32.31008136,0.136799046,0.961684858,37.68715255,0.142342001,0.77212331,28.72174464,0.098182554
465,H,2,60,119.9833333,2.203713193,98.53120892,0.109909886,0.189637284,3.578521951,0.124338375,0.178886466,3.425020891,0.120374868,0.17040743,4.330274428,0.113670015,0.424672855,14.91258305,0.077159452,0.393531339,15.12306244,0.120978165,0.932623258,34.98748044,0.165407371,0.89702615,36.31018242,0.136604777,0.713289602,27.22969255,0.095125886
445,M,0,0,59.98333333,1.125987229,49.95721268,0.052690805,0.29017074,5.398580455,0.172538621,0.273964357,5.376336719,0.184267364,0.252331483,5.562588146,0.179332952,0.588834543,21.43284211,0.14074674,0.560964018,21.85702321,0.135436985,0.179951156,7.122768562,0.023324849,0.75358082,29.33317125,0.125069798,0.567516048,21.20576851,0.118579218
445,M,1,30,89.98333333,1.162506661,52.87537321,0.052771157,0.291515089,5.476983547,0.186701268,0.262076526,5.526623374,0.171211079,0.285008492,6.241467152,0.155425263,0.672785559,25.23496377,0.122604618,0.53637845,21.14632525,0.139860378,0.170056549,6.615500586,0.022444699,0.822932585,32.18301646,0.122147925,0.547106955,20.51062001,0.097238627
445,M,2,60,119.9833333,1.217204972,55.5083532,0.062886398,0.281940569,5.480827102,0.173693078,0.244876308,5.584564744,0.157318136,0.303591666,6.586575909,0.17000453,0.737014546,27.32533059,0.112015058,0.54387549,20.80341747,0.103862308,0.192682504,8.110892598,0.047523146,0.86429489,33.94027894,0.135568328,0.586365134,21.87497119,0.102546621
458,H,0,0,59.98333333,1.902958956,86.00442487,0.106052389,0.139165115,2.342094294,0.158488994,0.110610667,1.974200906,0.181590664,0.242703489,4.974291744,0.182170143,0.214940963,7.291192825,0.140195399,0.397691896,14.33178898,0.186095168,0.497793678,19.93184581,0.156538958,0.55329056,20.9660992,0.140366212,0.495196195,18.04097264,0.171174321
458,H,1,30,89.98333333,1.799710749,81.31755459,0.100336458,0.115960807,2.139518982,0.071377504,0.091723134,1.789994564,0.057131908,0.194718155,4.244411696,0.161193501,0.164728767,5.890930391,0.041984751,0.333551666,12.13774933,0.093267443,0.665347015,24.3008008,0.240530532,0.520852334,19.35809411,0.102097913,0.446955367,16.4444873,0.064361298
458,H,2,60,119.9833333,1.940986092,88.08175929,0.116013042,0.137093695,2.307027236,0.075982165,0.101842297,1.826448061,0.057381809,0.218315862,4.551759432,0.152677909,0.190480489,6.338397135,0.050392038,0.350353959,12.27529422,0.117630221,0.584828967,21.89617213,0.22233397,0.543272708,20.48173716,0.095386868,0.488931912,18.00161206,0.071799129
461,L,0,0,59.98333333,2.249892064,99.69064483,0.110759885,0.109109734,2.764636873,0.153231702,0.105750852,2.812443654,0.149979371,0.373186624,11.29763536,0.191111089,0.277075013,9.502749349,0.112103944,0.995291984,39.0552331,0.167945505,0.121360539,5.193574043,0.030727827,0.550961763,21.73909836,0.093490372,1.194668557,43.83111769,0.163030403
461,L,1,30,89.98333333,1.914566346,84.79814405,0.100044614,0.100307146,2.795427669,0.034809647,0.097772304,2.819199522,0.035481894,0.310749234,9.988294836,0.082195508,0.225484317,7.905959149,0.036053495,0.890382906,35.67702287,0.119323396,0.087051197,3.582509317,0.013445283,0.458996216,18.0890445,0.051062401,1.008145386,37.50417888,0.125515138
461,L,2,60,119.9833333,1.681114061,74.25155966,0.087542942,0.090922448,2.69213303,0.025592458,0.089166461,2.691253031,0.025429308,0.26781152,8.573139459,0.064735674,0.21752447,7.582185945,0.033555131,0.950456705,37.80995186,0.103657768,0.067611946,2.952927905,0.00327065,0.372182576,14.84297052,0.038626245,0.827845062,31.84192491,0.101679198
424,L,0,0,59.98333333,1.855479993,81.65473397,0.097244931,0.243278145,6.306846357,0.118824411,0.237597332,6.401187511,0.124948728,0.293654454,8.792842009,0.145043768,0.502395125,18.87937474,0.090732871,0.441161996,17.60757161,0.114317281,0.689897298,25.6906697,0.142028176,0.930595583,34.95587795,0.116409252,0.919711111,35.6476257,0.15944152
424,L,1,30,89.98333333,2.004417411,89.90457977,0.098694007,0.182785759,5.249655505,0.083711614,0.185002078,5.508916881,0.07876551,0.242131417,7.934049125,0.10463294,0.467440621,17.87836953,0.057344335,0.388805408,15.51185085,0.050872222,0.660265131,24.79353639,0.140858209,0.942684637,35.91812851,0.113221199,0.932007954,35.66100643,0.127908931
424,L,2,60,119.9833333,2.070109776,93.21372617,0.095119795,0.166996202,4.664284077,0.074463772,0.16257221,4.841118794,0.070565782,0.234190056,7.25818757,0.108923281,0.468387374,17.82777253,0.071523624,0.35086997,14.12174384,0.044704013,0.425643128,18.97585031,0.018461606,0.833650497,33.30890778,0.097373224,0.960623335,36.56440457,0.143803377
447,M,0,0,59.98333333,2.187531986,99.16296301,0.102578071,0.120499587,2.944537458,0.086085472,0.114373657,2.782486681,0.080360726,0.259139081,7.495263003,0.10203106,0.318180407,12.26882466,0.06275685,0.202218702,8.167881885,0.086091714,1.360525938,59.2512256,0.084441193,0.928292106,36.65668219,0.094202757,0.914664527,35.25374413,0.105955741
447,M,1,30,89.98333333,2.134225906,95.9542325,0.093018058,0.147541924,3.197263533,0.129894718,0.147267543,3.099370739,0.129081102,0.257367977,7.749129979,0.08251644,0.358008228,13.51530993,0.071610514,0.188534615,7.492934499,0.056004587,1.384657769,59.70834911,0.084758078,0.946973432,37.3734397,0.112475512,0.903690374,34.71702254,0.106926443
447,M,2,60,119.9833333,2.240724478,99.83692995,0.097403634,0.204137511,3.87705773,0.149220013,0.20303536,3.78648618,0.150691161,0.312250367,8.38864119,0.129821868,0.409992729,14.74993923,0.099687593,0.266134441,9.914233771,0.1025749,1.441699825,60.98309844,0.09991082,1.063000798,42.72060071,0.131459355,0.945894799,37.1227959,0.110100419
402,M,0,0,59.98333333,0.216108688,9.908413222,0.029299159,0.219439302,5.332083397,0.144118523,0.196898546,4.776288183,0.137279561,0.19422269,5.172882313,0.095573233,0.007323022,0.282240686,0.001334458,0.110691149,4.375436817,0.035233298,0.16678484,6.955574869,0.034650906,0.25090499,9.557125467,0.042178372,0.148771777,5.572457559,0.035384011
402,M,1,30,89.98333333,0.173627959,7.824581382,0.008127044,0.210685806,5.149644555,0.149756016,0.187510524,4.518514507,0.15476842,0.164525661,4.834067505,0.068996632,0.005934803,0.219173841,0.00161657,0.067767641,2.579937142,0.030957937,0.157430307,6.083195644,0.03162783,0.221022026,8.504366113,0.038761135,0.115926058,4.401778107,0.013677778
463,L,0,0,59.98333333,2.070402252,91.05085205,0.111541871,0.175731955,3.76194319,0.132129192,0.174559594,3.826705825,0.136754413,0.290457395,7.758744368,0.206552759,0.439469148,16.96248316,0.113773557,0.936617158,37.62726266,0.167372541,0.842666003,35.7742947,0.090291078,1.016092663,40.13410476,0.16276429,0.767915659,29.71599539,0.102770246
463,L,1,30,89.98333333,2.080146686,92.16143001,0.110104309,0.198299747,3.762444762,0.146874039,0.200611169,3.96889528,0.145784503,0.292862466,7.639759674,0.187380914,0.466970828,17.66347152,0.121937809,0.936411974,36.3263692,0.16867069,0.950107962,39.51953269,0.112324842,1.011825509,39.11897889,0.118879759,0.747192614,28.95007794,0.089977081
463,L,2,60,119.9833333,1.874916685,83.07388532,0.097518478,0.137774975,3.244011547,0.1156207,0.145005152,3.527823914,0.120847321,0.20190768,5.833029452,0.124623855,0.385510602,14.7928621,0.101895163,0.752394776,30.15354773,0.119014609,0.768060013,33.44434483,0.077249828,0.927717927,37.50381174,0.112295457,0.625441237,24.97206603,0.086556361
426,L,0,0,59.98333333,0.220903502,9.9040608,0.011546695,0.169888976,3.391642375,0.191980869,0.171950219,3.726503629,0.187154517,0.193125082,4.280759747,0.188118164,0.279941998,10.35429812,0.063774597,0.254510009,9.956723626,0.075132759,0.337376594,15.40484579,0.016154049,0.724336426,28.45794325,0.104082291,0.433073074,16.3590193,0.071677291
426,L,1,30,89.98333333,0.22444585,9.911565291,0.011616543,0.155608344,3.28835627,0.169254003,0.168993483,3.75741264,0.196149826,0.172812083,4.072602795,0.131972478,0.260040401,9.691640703,0.076174734,0.24241021,9.320560046,0.066334732,0.506376129,20.63198454,0.095465854,0.656747061,26.37436079,0.137330927,0.402858538,15.50410556,0.062340328
426,L,2,60,119.9833333,0.267194344,12.11574848,0.033304068,0.14188712,3.613212456,0.163663638,0.157542508,4.177789427,0.185438329,0.157494755,4.341661395,0.11592646,0.267121899,10.15889088,0.079684015,0.27834231,10.90938985,0.095062437,0.702464152,26.57886123,0.121045754,0.6576714,26.52838337,0.146050309,0.412109821,16.3541819,0.074632417
422,H,0,0,59.98333333,2.199675096,98.8135252,0.123283384,0.32068931,6.052974513,0.133224548,0.236890587,4.691677295,0.109623434,0.286438494,7.199747836,0.107939087,0.702822062,24.08232868,0.111275111,0.522777908,19.51352706,0.094883617,0.574374638,24.13511428,0.107181021,1.036949116,40.19965732,0.158714419,0.89113717,30.81846083,0.15421605
422,H,1,30,89.98333333,2.146276208,95.41045602,0.124889804,0.275631483,5.583151175,0.133638613,0.222842412,4.449559979,0.123216223,0.25869964,6.676690787,0.118354129,0.648946672,21.92868148,0.116273635,0.515471528,19.28669188,0.110216048,0.684806687,26.48459289,0.143367375,0.962478797,36.87860749,0.168274912,0.857892735,29.42084412,0.148450109
422,H,2,60,119.9833333,2.265052796,100.6801007,0.126097986,0.312840072,5.86368564,0.163573631,0.25657642,4.591484606,0.137815811,0.280290086,6.933073759,0.161686583,0.661060999,22.2937761,0.14121805,0.563094323,20.76393633,0.131113555,0.754683634,28.66822927,0.146279298,1.032019947,39.51181524,0.170247472,0.887581478,30.63749129,0.160418912
467,H,0,0,59.98333333,2.256860266,99.76925488,0.108426765,0.300665244,5.360069701,0.197601556,0.318155963,6.288709526,0.178912118,0.273975386,5.884685827,0.185665127,0.646064116,23.02193906,0.109323362,0.378136507,14.73156387,0.088439901,0.89508607,32.261655,0.188822589,0.917280864,34.94627686,0.147310578,0.747316687,26.6134624,0.123406844
467,H,1,30,89.98333333,2.25249601,100.4273132,0.101907663,0.267804966,5.1110084,0.164917051,0.299453671,6.254539854,0.164144643,0.215899933,4.853369877,0.154914628,0.579406463,20.39502775,0.104107872,0.352637503,13.80022824,0.088140785,0.826585118,30.04750231,0.202921391,0.873745779,34.50324448,0.145764758,0.669774719,24.70599819,0.110977305
467,H,2,60,119.9833333,2.265090644,100.8920703,0.108128366,0.261249522,5.191686895,0.142364162,0.307746283,6.452158928,0.163920338,0.203916663,4.678410356,0.121277058,0.583459044,19.86587072,0.118412775,0.373055223,13.89088961,0.148721912,0.78825187,28.79670306,0.205061846,0.834205134,33.05428084,0.131787533,0.682253889,24.78742886,0.112276256
443,H,0,0,59.98333333,2.099387857,94.57304831,0.104292961,0.370051394,7.358161813,0.15531001,0.395151865,7.843167714,0.164483538,0.308295363,8.751631948,0.128313001,0.772558254,29.85463138,0.127013626,0.369306495,14.54839292,0.074041833,0.561376553,24.69569885,0.102833825,0.77383545,29.57380186,0.113499437,0.847646422,31.76069656,0.12326557
443,H,1,30,89.98333333,2.112522751,95.47084178,0.097560086,0.338456941,7.016654947,0.153327079,0.373044171,7.944121473,0.165013184,0.289900196,8.286387199,0.116684456,0.730712447,26.81080876,0.110409283,0.369517425,14.04059171,0.07000193,0.700250706,28.24719786,0.101251322,0.750160233,28.28184573,0.09321045,0.841713113,31.18228208,0.119866694
443,H,2,60,119.9833333,2.1815903,98.97685689,0.103859873,0.352850763,7.443433716,0.179697243,0.391690301,8.520870906,0.189194195,0.277412602,7.491905257,0.116459172,0.726931642,25.37270342,0.118207425,0.410612056,15.0450769,0.101003887,0.928529908,35.72480914,0.150938923,0.766592588,29.22500918,0.103562302,0.882643756,32.45556269,0.129123482
463,M,0,0,59.98333333,2.322069846,103.716297,0.112813402,0.079787772,1.344885988,0.081127754,0.079828393,1.421389485,0.079539195,0.123168219,2.582059352,0.095760751,0.150864075,5.111720288,0.087748476,0.591013961,22.55269316,0.100854933,0.798246188,33.97821269,0.086539077,0.973373491,39.54173757,0.152329363,0.468618848,18.35204801,0.074469298
463,M,1,30,89.98333333,2.285162057,102.2932497,0.120812823,0.090886738,1.394784418,0.087455766,0.092248114,1.490347513,0.085493161,0.123579759,2.64685125,0.105520382,0.154496684,5.040719759,0.089676658,0.621898851,23.67551932,0.097753685,0.83179816,34.29893345,0.108676252,0.995077071,40.35821458,0.137938656,0.448318708,17.50381907,0.073196189
463,M,2,60,119.9833333,2.337217306,104.6631013,0.124918328,0.093456242,1.385173225,0.092795354,0.095445202,1.482646902,0.102892947,0.124423119,2.80276375,0.087749531,0.154428819,5.216340917,0.072219245,0.643643478,24.80063299,0.105835054,0.838096917,34.46948343,0.110112283,1.067721144,41.95478934,0.154891297,0.494168329,18.71218731,0.074573388
426,M,0,0,59.98333333,0.394572516,17.98536491,0.020420157,0.223620756,4.132737812,0.178211191,0.236816379,4.820976625,0.206450393,0.239660246,5.009688727,0.175198297,0.295887046,10.97911835,0.069331188,0.180447995,6.898340751,0.057595499,0.587843743,20.23952169,0.199999124,0.472120041,18.4578694,0.106230819,0.332251791,12.89790128,0.058871098
426,M,1,30,89.98333333,0.4998595,22.41600381,0.047352122,0.278580579,5.528432056,0.197856498,0.28643487,6.221664315,0.213830495,0.268089676,5.697607062,0.16721684,0.346607413,13.33973589,0.094696662,0.287471474,10.31674911,0.115103599,0.524536058,18.55913381,0.202956981,0.512072754,20.6806969,0.136884182,0.400284108,15.27376347,0.104447501
426,M,2,60,119.9833333,0.493940071,22.32327554,0.046944856,0.294119271,5.781026574,0.187131582,0.302734892,6.317381149,0.194890949,0.280625024,6.015459605,0.199712616,0.378279814,14.7643923,0.086720725,0.291072338,10.46335392,0.119900192,0.437018872,17.10595751,0.096347263,0.510603363,20.64952711,0.119403216,0.418517728,15.75767787,0.10356614
447,L,0,0,59.98333333,3.310358037,150.1904775,0.135915441,0.210596719,4.895702626,0.080250384,0.206533636,4.677656739,0.082202518,0.404973451,12.32161769,0.107511186,0.808991271,30.82947358,0.101397744,0.371563921,15.15986216,0.071256406,0.986638496,43.42029825,0.054648822,0.94821316,38.23565182,0.09319192,0.884111038,35.05711107,0.10051132
447,L,1,30,89.98333333,3.283298918,148.2321377,0.132435308,0.248793629,5.276021795,0.08371109,0.256480493,5.199316661,0.084174095,0.415439651,12.47404792,0.115980006,0.813586621,31.44576309,0.117557457,0.401685341,15.84050309,0.066011474,1.15922233,50.1076813,0.081902458,0.999566024,38.96044251,0.106575615,0.907400038,36.00377244,0.096874493
447,L,2,60,119.9833333,3.307771249,146.2180854,0.14038093,0.259554543,5.474395376,0.102539721,0.276195523,5.552180033,0.106795571,0.433739979,12.3807307,0.126810183,0.823863266,31.40103522,0.150508555,0.466522708,17.84749306,0.097926247,1.31930235,55.32784166,0.095382719,0.985870115,38.14841451,0.115137636,0.982407866,39.16238818,0.113422398
402,L,1,30,89.98333333,0.545693338,25.00527678,0.023775225,0.190307905,5.027922362,0.097934871,0.160194335,4.164970741,0.092476577,0.129686178,3.9478747,0.053939126,0.005268764,0.197280002,0.00079996,0.05221614,2.11354859,0.016921993,0.045316881,1.924642218,0.007426834,0.527911293,20.23790296,0.06364222,0.665465701,25.22118589,0.110414056
402,L,2,60,119.9833333,0.569248964,26.11538069,0.023324539,0.214491118,5.243507583,0.127622344,0.184945773,4.561360274,0.120494369,0.123578173,3.368605502,0.048266094,0.004522946,0.16708603,0.000864663,0.033528115,1.204958561,0.011890768,0.050877046,2.045427129,0.00953386,0.562014317,21.56565905,0.069096282,0.75995017,29.07092096,0.092456328
418,H,0,0,59.98333333,2.426225554,107.7463011,0.129618563,0.131027719,2.087530807,0.13567875,0.108869024,1.809340652,0.141159896,0.43790073,10.79892561,0.221704578,0.609768803,20.9713559,0.197776031,0.730796373,27.88122774,0.133560479,0.626293067,23.84982457,0.145419012,0.89113714,35.27650561,0.129196911,0.940750121,32.83896932,0.209858876
418,H,1,30,89.98333333,2.239229576,98.94468085,0.128632801,0.113126808,2.115683454,0.048366223,0.088257534,1.817094637,0.036690037,0.415188992,11.11868362,0.17202132,0.575152858,20.54896532,0.086117753,0.608050937,24.53250914,0.109509221,0.795665977,28.3989472,0.170455366,0.83110677,33.10199604,0.104947245,0.841778196,30.99046394,0.160292682
418,H,2,60,119.9833333,1.999651803,87.82913321,0.120351406,0.10264815,2.022151178,0.05074881,0.081468904,1.741554654,0.039382344,0.366780171,9.894327845,0.157509947,0.554696754,20.15799471,0.079072994,0.51832792,21.01512383,0.080478127,0.709400114,26.87271869,0.137568936,0.790114398,31.4183518,0.096390128,0.782179984,29.4053182,0.146993368
440,M,0,0,59.98333333,1.876954874,83.69130437,0.09313798,0.14960264,3.193964942,0.117528799,0.134643309,3.134008829,0.109842134,0.264486794,5.957096622,0.155086558,0.384638361,13.53642427,0.086276851,0.872640218,34.70008131,0.147064282,0.718179155,24.8361351,0.181247236,0.822150922,32.31676984,0.211010308,0.773042983,27.54163814,0.141396487
440,M,1,30,89.98333333,1.873237332,83.22894622,0.09318204,0.141838783,3.161631273,0.081537538,0.121799673,3.096470658,0.074051705,0.282071181,5.944155797,0.167054633,0.390180494,14.11508865,0.068087813,0.917096306,36.71403243,0.158995836,0.703906184,24.49933207,0.166958832,0.843869584,33.15752277,0.158009424,0.729572998,26.22640279,0.112786619
440,M,2,60,119.9833333,1.918769597,86.37423025,0.093961115,0.146665705,3.014472073,0.111276444,0.127905002,2.937525561,0.102604037,0.271229207,5.852789633,0.165623023,0.38576237,14.03893354,0.095205642,0.859190907,34.0552736,0.159731525,0.761346163,27.16422881,0.151733431,0.888795231,34.07278758,0.147117119,0.738009171,27.15888618,0.109228257
421,L,0,0,59.98333333,1.357497492,59.94681944,0.085258812,0.226402463,6.100344093,0.102089176,0.192245312,5.47712509,0.099962183,0.357534148,10.26054465,0.141690322,0.725112312,26.80763342,0.117112848,0.413621231,17.04984271,0.135117374,0.961049102,40.42819962,0.110281176,0.826728151,33.56118135,0.122093451,0.859164678,30.4306327,0.142399666
421,L,1,30,89.98333333,1.309550334,58.351015,0.076909932,0.21465446,6.110300581,0.119949137,0.19329815,5.720264674,0.136986565,0.28937004,9.209326837,0.079307006,0.654453974,23.92876544,0.102989183,0.356376066,14.74409515,0.098878608,0.977085209,39.91222684,0.11859843,0.775808217,31.51707748,0.122951419,0.770370902,27.39335401,0.128144554
421,L,2,60,119.9833333,1.357513262,59.61829807,0.080624285,0.242283115,6.126493126,0.147070434,0.21613863,5.724201879,0.168584321,0.317262939,9.257960512,0.119395528,0.713872462,25.66415276,0.131876535,0.383759929,15.58967865,0.135114398,0.921934968,37.59361547,0.112301935,0.822864529,32.6841184,0.128806333,0.811257885,28.32038471,0.15204857
464,L,0,0,59.98333333,1.734085911,77.80837838,0.085039981,0.1583667,3.554135389,0.132217141,0.19601131,4.978094195,0.154718628,0.129183939,2.816435393,0.098409537,0.298291346,10.71516784,0.068445298,0.335629027,13.11836536,0.133550819,0.451000428,19.36036832,0.074282086,0.900606572,34.79780724,0.135450466,0.61428712,22.74076412,0.128882105
464,L,1,30,89.98333333,1.713125902,75.7714856,0.087639318,0.137431161,3.52374421,0.103903515,0.172358171,4.782658645,0.112070471,0.100664072,2.586318494,0.106745302,0.245034887,9.203082896,0.058433397,0.303395855,12.66571114,0.048764046,0.531094463,21.51775473,0.090504374,0.937320102,36.49195778,0.135364743,0.600311215,22.70814199,0.114921038
464,L,2,60,119.9833333,1.814078458,79.90064306,0.088923651,0.150217063,3.639934708,0.142534717,0.189893662,4.908607283,0.136546508,0.10581225,2.664640314,0.151404171,0.26193146,10.04266611,0.068404866,0.293516906,11.89266833,0.080031817,0.659503134,26.02079105,0.159858829,1.016311671,39.9153525,0.154624708,0.600421618,22.96002115,0.126588846
459,L,0,0,59.98333333,1.880357786,84.43014429,0.09072523,0.081914747,1.993254428,0.189120053,0.079909812,1.892744702,0.197777923,0.122193807,3.097274748,0.131423136,0.201798641,7.455665112,0.178600958,0.399521009,15.91810877,0.129166182,0.571522134,24.49262589,0.050994044,0.4403167,17.62115235,0.136522464,0.670202034,27.06098051,0.122284344
459,L,1,30,89.98333333,1.834174831,83.26264225,0.080680086,0.074543196,1.758716418,0.048383854,0.067238604,1.674827894,0.043016276,0.124211515,3.461167038,0.075651066,0.168008884,6.384639416,0.028461816,0.367109951,14.54327065,0.095559965,0.681034041,28.49394869,0.075114721,0.420633695,16.68509234,0.063102516,0.637754695,25.68138878,0.075631159
459,L,2,60,119.9833333,1.880640988,85.21702101,0.08101647,0.076750445,1.751982541,0.04857725,0.066583981,1.61536406,0.04375812,0.138739764,3.790351641,0.083330664,0.192344535,7.291954237,0.033625468,0.365340678,14.12497233,0.064482091,0.786554869,31.03234921,0.13288887,0.433375041,17.19554561,0.063318632,0.670867647,26.00622307,0.082513996
438,M,0,0,59.98333333,1.728373767,76.6664375,0.087266715,0.237405527,5.529961793,0.218696036,0.209513881,5.420282029,0.213296843,0.23352357,6.23871657,0.146630185,0.508433689,18.53579708,0.161963381,0.786423556,31.13019523,0.169371402,1.034255259,45.16113207,0.085698612,1.132871209,45.89859775,0.145798327,0.765313906,28.20906838,0.160520756
438,M,1,30,89.98333333,1.820382312,81.91228712,0.096910228,0.277087643,5.707173096,0.199381974,0.232026738,5.340174408,0.17234719,0.291724872,7.659924,0.153874613,0.588250427,21.05191747,0.1394536,0.79761842,31.3401094,0.180032943,1.123857906,46.94737916,0.110758145,1.238094969,49.10069992,0.144019145,0.875961581,31.29581689,0.175988306
438,M,2,60,119.9833333,1.832926804,82.77254031,0.097336569,0.263956419,5.124136853,0.175653728,0.219155411,4.705685851,0.146664053,0.291503717,7.467084487,0.147089096,0.578600191,20.68644376,0.127968379,0.778203801,30.85800134,0.144886578,1.058534951,44.51521005,0.090153154,1.278215856,49.9095529,0.148766038,0.900669163,32.37537766,0.170090533
460,H,0,0,59.98333333,2.490946123,111.815436,0.11745011,0.306543795,7.24698353,0.198659312,0.322962205,7.599628017,0.213398844,0.406639214,11.43131008,0.185956836,0.627171794,22.89306443,0.11549049,0.399419542,15.31771643,0.142105826,0.786865172,30.95335584,0.128099627,0.843971226,32.42719676,0.121221676,0.997567312,38.01910497,0.166482888
460,H,1,30,89.98333333,2.338421169,105.0286825,0.107223118,0.213830636,5.800930145,0.085828996,0.239109382,6.337017503,0.088899154,0.268153076,8.697999549,0.106625889,0.49611385,18.45620141,0.092088461,0.398902216,16.03636728,0.043174016,0.658202348,27.32121787,0.08475941,0.75821071,30.82615427,0.077529273,0.796427736,31.07065524,0.100461261
460,H,2,60,119.9833333,2.264140731,102.7351251,0.094214361,0.18140758,5.049250118,0.120655983,0.197042969,5.560229306,0.134951686,0.242853441,7.704097867,0.098390753,0.497079785,18.8547901,0.072023829,0.415646199,16.55791931,0.071309392,0.6744445,27.85781946,0.083420075,0.781753863,31.52067832,0.065775094,0.782618663,31.42770871,0.109122588
425,H,0,0,59.98333333,0.314684813,14.03963492,0.035768391,0.130564827,2.633098468,0.106015872,0.109344708,2.523359955,0.121546371,0.136310035,3.058260469,0.144820664,0.061873662,2.286899755,0.03624639,0.120275938,4.880511302,0.030927395,0.224950726,10.04379101,0.032456269,0.196789901,7.515696243,0.047947288,0.373607934,13.7915498,0.10222927
425,H,1,30,89.98333333,0.271152238,12.14786831,0.013036884,0.097062424,2.260279158,0.06356979,0.079007299,2.133416881,0.045272546,0.0965378,2.555006603,0.059968032,0.011741666,0.449109171,0.002369172,0.054604005,2.059279766,0.006396647,0.15605413,6.49757311,0.015845244,0.132173807,5.128450813,0.015723197,0.30832077,11.43778604,0.04762849
425,H,2,60,119.9833333,0.262832693,11.74002133,0.01225855,0.097081141,2.363097022,0.044452831,0.087237586,2.245041428,0.046113252,0.087358919,2.49258421,0.055779694,0.011077557,0.427783916,0.001730561,0.05044563,1.954025851,0.006390117,0.151744891,6.277120793,0.013671853,0.128871324,5.053526329,0.021217269,0.284403179,10.86993525,0.036688943
438,L,0,0,59.98333333,1.714642551,76.9114301,0.095038664,0.256196564,6.756930265,0.188115602,0.260342114,7.692405748,0.200749595,0.344274689,9.716326691,0.181609531,0.666303898,23.58302463,0.182114436,0.664473374,26.06659689,0.128642624,0.760975109,33.93151323,0.044726284,1.037787404,40.54851244,0.116587833,0.705478976,25.29812788,0.156925705
438,L,1,30,89.98333333,1.811113889,81.36384564,0.101387085,0.281157441,6.572005527,0.194660884,0.27074288,7.311040396,0.205574928,0.383327666,10.44016016,0.202681709,0.694671701,24.03132291,0.192427346,0.744097759,28.75463732,0.160628667,0.881373855,37.60054381,0.119536296,1.063634784,42.4438679,0.145309928,0.768355202,27.52421148,0.171011696
438,L,2,60,119.9833333,1.62384843,72.53264264,0.089968669,0.236653259,5.867017611,0.152964526,0.230846605,6.340018125,0.161790833,0.315380166,8.851473984,0.163531635,0.61474691,21.31695528,0.181195496,0.661450219,25.8486363,0.160157555,0.917660557,38.6625636,0.118591259,1.020522006,41.12680158,0.14564767,0.661996907,24.28893269,0.15624548
444,H,0,0,59.98333333,0.524329916,23.39102012,0.032124921,0.18185302,2.466979727,0.113219741,0.204871486,2.924526238,0.119097297,0.194314053,3.192004286,0.135183768,0.058494093,1.955821487,0.015547004,0.16644736,5.720211771,0.076257323,0.573506783,22.04200691,0.141250691,0.442431289,16.47857602,0.099759077,0.446564257,16.23534051,0.096157264
444,H,1,30,89.98333333,0.554123331,24.87804168,0.042700441,0.203717409,2.60876047,0.13716126,0.218516201,3.123287325,0.135274826,0.23205406,3.359894004,0.169463183,0.058481342,1.810233086,0.01826066,0.133585541,4.372829219,0.051458204,0.620398964,22.81654544,0.157470627,0.472481298,17.95809145,0.083962716,0.476137257,17.35112256,0.068184271
459,M,0,0,59.98333333,2.25845427,101.7333781,0.107833343,0.251451611,5.043952741,0.168160432,0.207910222,4.261024978,0.163312529,0.170651776,3.857368206,0.141300255,0.410939683,15.54508579,0.122003363,0.314977999,11.65604416,0.105587586,0.970618225,37.67212835,0.155586428,0.586691677,22.16554298,0.128753115,0.760426643,29.56880152,0.102093027
459,M,1,30,89.98333333,2.120989178,95.01877781,0.102677686,0.161335535,4.245599329,0.11729655,0.136562029,3.608374069,0.107351443,0.108392745,3.111501235,0.060607989,0.296258342,11.47409165,0.051485403,0.278000561,10.70258335,0.069255527,0.954354319,36.51754573,0.156150353,0.494530127,20.12651385,0.058974283,0.65145264,25.94750217,0.071134236
459,M,2,60,119.9833333,2.144371668,96.52787038,0.093726091,0.128792595,3.601206157,0.107689342,0.11154093,3.17197473,0.09592865,0.084181872,2.729137057,0.041105695,0.246974621,9.651534876,0.048065744,0.242472214,9.620735173,0.045720335,0.710980076,29.50449435,0.102240532,0.437511307,18.6947999,0.043725622,0.678853603,26.8731498,0.065335412
421,M,0,0,59.98333333,1.874620158,84.25118913,0.099420726,0.250710889,7.348468154,0.102238297,0.18352006,5.651781678,0.084239476,0.297069955,8.81403141,0.128061689,0.691130312,25.63462649,0.116242707,0.55419824,22.94992227,0.119422602,0.980972621,40.697109,0.101975518,0.709715664,29.18563944,0.09326055,1.053094713,38.63781567,0.162183857
421,M,1,30,89.98333333,1.822086632,80.86817706,0.095563247,0.238808956,7.074820576,0.121551711,0.188616943,5.704031609,0.11732647,0.253760133,7.984094265,0.079485393,0.61609008,22.84252299,0.104227764,0.525023628,21.37594457,0.14621419,1.10132046,42.90327271,0.158760972,0.663169556,27.43002439,0.065207291,0.985173456,36.88188109,0.145683309
421,M,2,60,119.9833333,1.866252269,81.77662455,0.103237401,0.290254224,7.565815861,0.167130161,0.226198034,6.160913255,0.15800494,0.289127644,8.021961373,0.103650007,0.669920315,23.59067779,0.121859146,0.519170125,20.70820579,0.160677567,0.974856332,38.53841329,0.149150498,0.746117634,30.19348204,0.083320648,1.069436493,37.33964845,0.175559718
464,M,0,0,59.98333333,1.928164556,84.69910765,0.094329372,0.104023314,3.026946683,0.087366691,0.117825536,3.57464391,0.101142477,0.086732898,2.359789748,0.111856547,0.290091058,10.80299404,0.081014101,0.192207165,7.679154017,0.073515327,0.531102894,21.72161109,0.100148954,0.879611699,34.2843755,0.121530001,0.540657498,20.91645212,0.138433665
464,M,1,30,89.98333333,2.11635932,94.24450224,0.107463148,0.142084191,3.36128784,0.15249354,0.145631604,3.776123939,0.148568606,0.125399253,2.684026105,0.176924127,0.369424069,13.41066084,0.104100371,0.209957432,8.067153208,0.213801491,0.547057249,22.77254617,0.104604873,0.923331942,35.8579949,0.147897612,0.645068672,24.24457447,0.134408178
464,M,2,60,119.9833333,2.103598971,93.89541372,0.105679305,0.167289984,3.577905384,0.154973576,0.166798326,3.971623958,0.163293698,0.145898839,3.090693205,0.153011038,0.415320749,14.88003618,0.11038943,0.204624213,7.753848986,0.238652567,0.695231286,27.26647724,0.144475271,0.979625413,37.36577301,0.166888013,0.684586181,25.55535797,0.125561441
440,L,0,0,59.98333333,2.319928204,104.6444759,0.114397267,0.233878598,4.858212206,0.141034668,0.227290246,4.936777719,0.125100467,0.255994647,5.497792893,0.176778512,0.388948241,13.92543384,0.080953384,0.513627168,19.98699662,0.116973196,0.809963753,31.19726379,0.216854323,0.811761785,31.04400211,0.151991606,0.715976276,26.10756542,0.128580832
440,L,1,30,89.98333333,2.390810997,105.8765611,0.116559403,0.190536088,4.720107991,0.099713774,0.18341185,4.863577282,0.0870116,0.227204299,5.512684026,0.133668026,0.359325127,13.44861992,0.057992441,0.485439664,18.95401461,0.077208462,0.625865377,25.51819648,0.144647796,0.857794382,33.32754858,0.104292429,0.677080097,25.38382648,0.094416264
440,L,2,60,119.9833333,2.367512628,104.3868965,0.108886639,0.210167553,4.77701222,0.155403457,0.203578276,4.94491793,0.155283945,0.231226896,5.317722294,0.141279201,0.347371563,12.86801624,0.091540243,0.486322874,18.34081161,0.092777533,0.800198837,30.49476696,0.154448234,0.831074839,32.48146512,0.128521804,0.638358769,24.66815275,0.100894264
423,M,0,0,59.98333333,2.094711692,93.87052242,0.115484689,0.231156284,3.428808203,0.162263411,0.197071964,3.235736905,0.144575272,0.2427217,4.443178601,0.158778349,0.493558035,16.09913178,0.108362672,0.610742028,23.77138452,0.143560866,1.15650192,43.99341251,0.164874896,0.875545393,31.37860385,0.126931633,0.821766162,28.99966966,0.121345683
423,M,1,30,89.98333333,2.030234248,90.3992008,0.106685621,0.209133275,3.31869396,0.140945105,0.190470113,3.232626816,0.138743969,0.189585726,3.924427347,0.121634728,0.42991758,14.22748891,0.092602005,0.572212445,22.41877097,0.126935224,1.034401724,41.58714709,0.123941842,0.776346055,28.65689516,0.145120136,0.718935685,25.40940703,0.096307832
423,M,2,60,119.9833333,2.009680474,89.25386583,0.106114692,0.230316647,3.593275426,0.12949793,0.20084377,3.41561625,0.118713838,0.208724978,4.047955349,0.125558068,0.41710821,13.45255444,0.079597543,0.6372559,24.26327628,0.108992835,0.769501899,34.05679937,0.046458349,0.81349596,30.5771184,0.137416301,0.713097026,24.62752343,0.096807679
466,M,0,0,59.98333333,1.967018694,88.41005529,0.092089019,0.238000862,7.677002068,0.173196375,0.256003861,8.533843265,0.17389337,0.318599774,10.19652353,0.171852376,0.657451385,24.73882022,0.111414922,0.821582016,32.21599586,0.126343083,0.734214139,29.32623125,0.108989929,1.28399514,51.57071987,0.137780523,0.598552422,22.72062884,0.114414181
466,M,1,30,89.98333333,1.917587276,86.47987623,0.094808555,0.251875475,7.597237318,0.129442505,0.275735177,8.664956274,0.119505219,0.327245075,10.51268258,0.169629161,0.649793977,24.6270566,0.100352979,0.923727102,36.84719267,0.121630853,0.548813892,22.89504068,0.07478179,1.261248334,49.9721752,0.122756741,0.615798113,22.7189849,0.104756641
466,M,2,60,119.9833333,1.818500478,81.77821235,0.08918026,0.216119075,6.899498898,0.116283757,0.237167288,7.75537343,0.137253032,0.308527074,10.6185675,0.129594804,0.735008134,28.61625752,0.113918963,0.956862694,39.13017334,0.098211395,0.528372703,21.97049241,0.101281636,1.178491008,46.67830381,0.115674879,0.568410605,21.35725786,0.085735803
407,L,0,0,59.98333333,2.427952923,108.9039711,0.126801502,0.231622912,4.597497132,0.206285448,0.205033207,4.621296369,0.189223543,0.378353909,8.567057845,0.214443957,0.545640087,18.5319586,0.141180764,0.694181448,26.30157374,0.172802617,1.047306165,43.72037342,0.10119321,1.174320033,45.81695058,0.138991839,0.921574571,32.39861506,0.164383872
407,L,1,30,89.98333333,2.323348187,102.4797278,0.126951079,0.208206156,4.304279357,0.191458403,0.191099975,4.449840545,0.184859853,0.323968199,7.686057285,0.181739892,0.513047334,17.37584275,0.124300875,0.615873359,23.18756822,0.180906383,0.910939625,39.28094302,0.081925611,1.121333322,44.5998672,0.132337706,0.856567604,29.8117889,0.153536743
407,L,2,60,119.9833333,2.13870762,94.00722642,0.118538029,0.173569524,3.937174449,0.14700914,0.161289979,4.191299452,0.146581578,0.254818155,6.572753146,0.140018076,0.468326433,15.96505523,0.10579791,0.547615825,20.77781859,0.144170767,0.799839584,35.24257925,0.04492599,1.062589041,41.47209922,0.124694259,0.758876719,26.76076471,0.151114842
442,L,0,0,59.98333333,2.701245086,121.6890422,0.124386209,0.316140737,8.473322514,0.159861126,0.41767316,12.28315846,0.172825531,0.2705675,7.326846177,0.179203395,0.656184714,23.07995516,0.154991265,0.938232832,38.1338544,0.15655884,0.816189094,35.87630229,0.062573979,0.971043744,38.3290477,0.115917733,0.775188182,28.31903968,0.163997765
442,L,1,30,89.98333333,2.476100926,110.9742955,0.122025756,0.255057599,8.118631432,0.128111336,0.366235493,12.20660726,0.142466522,0.223519415,6.777854317,0.135369199,0.570640926,20.67775317,0.135392269,0.804625438,32.56960937,0.140654963,0.727858565,32.39039632,0.038848655,0.875566293,35.00579078,0.083653791,0.619283117,23.34230844,0.152957674
442,L,2,60,119.9833333,2.384443001,107.0349935,0.113702985,0.244543387,8.050635297,0.100229197,0.358716572,12.02002207,0.129443468,0.195384751,6.162346577,0.096790411,0.486433832,18.35506365,0.112132142,0.806044427,32.63499661,0.121780526,0.765032585,34.23465916,0.040907813,0.864017519,34.89391461,0.086148449,0.601363753,23.56732861,0.121870703
446,H,0,0,59.98333333,2.58680062,117.5859946,0.114170445,0.194500541,3.390280673,0.137434838,0.183060717,3.229276806,0.138694629,0.375507574,8.694675204,0.160216754,0.557945145,18.70493096,0.131327821,0.628266957,23.93245903,0.157695975,0.562755715,23.79355194,0.069312026,1.053636347,39.46610623,0.147684164,1.268164469,45.7648504,0.154686585
446,H,1,30,89.98333333,2.432815459,109.6136775,0.114500726,0.211586825,3.688648548,0.145104304,0.198363838,3.613741354,0.14328022,0.410885525,9.361911408,0.188146271,0.569386662,18.88652688,0.114190134,0.690340919,25.77454458,0.141961557,0.626636337,25.080134,0.100759884,1.117269131,41.4844318,0.150726867,1.29856224,45.92588231,0.151689023
446,H,2,60,119.9833333,2.466283949,110.8967635,0.11875787,0.202357196,3.71514603,0.167651209,0.191813425,3.696854536,0.163732307,0.418777464,9.549564638,0.193797801,0.597401561,20.14186172,0.150870735,0.670307858,23.73796713,0.128094666,0.707663988,27.30426832,0.133855018,1.186041908,44.35363337,0.172232822,1.285230708,45.52446239,0.155136817
462,H,0,0,59.98333333,1.673325717,75.83452752,0.095045774,0.110124386,2.882547807,0.088467363,0.106500799,2.776103886,0.08333756,0.194570762,5.809953115,0.084627488,0.520704133,17.86222466,0.09377598,0.59512448,23.50029714,0.111955711,0.580375065,21.33843722,0.179184741,0.782353795,31.24939425,0.133366002,0.881057386,30.65083469,0.13482175
462,H,1,30,89.98333333,1.619498192,74.15845778,0.091815408,0.122055995,2.963425121,0.13707663,0.119995699,2.909824702,0.139500666,0.186959015,5.672986969,0.104467022,0.535788897,18.35363121,0.136297008,0.547397418,21.45355663,0.13412702,0.585917875,20.61517119,0.199667698,0.768770127,30.4390638,0.121629834,0.860856955,30.235474,0.126808965
462,H,2,60,119.9833333,1.725705842,79.4529268,0.09939054,0.144968239,3.198802563,0.176183206,0.143366745,3.127321403,0.177108914,0.228123292,5.920745757,0.16498617,0.556655675,18.42753729,0.159346365,0.626004018,24.60392713,0.13589906,0.825636225,27.1743216,0.24391042,0.830663907,32.86831901,0.118300104,0.898659688,31.375819,0.135275463
427,H,0,0,59.98333333,0.399656658,17.81664068,0.046396848,0.327262917,8.712333102,0.139143421,0.269317197,7.047159178,0.127877397,0.368111289,10.56103083,0.175612727,0.105512294,4.532549295,0.030132434,0.272583793,11.00569705,0.051880561,0.163895955,7.04591324,0.046235445,0.289350022,11.44194418,0.064750594,0.680538981,28.11531669,0.128374326
427,H,1,30,89.98333333,0.383228804,17.6230317,0.056174175,0.250324266,6.570035617,0.097002253,0.20238919,5.367741712,0.088223847,0.29206302,8.473180552,0.130393682,0.090307364,3.66702227,0.031337567,0.177685247,6.893354185,0.036827059,0.094489858,3.640452383,0.020706744,0.286811833,11.17298799,0.0637788,0.585913202,23.10955544,0.103710921
427,H,2,60,119.9833333,0.329204938,15.12021175,0.051618399,0.231519512,6.262968936,0.107982918,0.199048691,5.367747799,0.110537146,0.273905399,7.87097528,0.129626999,0.047897381,1.692434155,0.016292983,0.141435646,5.368202176,0.033644877,0.08489567,3.379186354,0.018419387,0.23742925,9.074823619,0.056419149,0.545147756,20.94479795,0.091267354
407,M,0,0,59.98333333,2.331427661,104.772607,0.123928262,0.28798198,6.626163831,0.14396815,0.247248747,6.028860578,0.129387765,0.420107375,10.66825717,0.182459494,0.670061805,23.20267661,0.1547777,0.733059873,28.59800712,0.153169654,0.836470828,35.94397686,0.057572413,1.102627206,42.89688359,0.149610615,0.850086149,29.29286612,0.177206723
407,M,1,30,89.98333333,2.284872519,101.1997181,0.12639183,0.280702523,6.665632647,0.162517574,0.235347141,6.089135792,0.160990969,0.429612515,11.13851875,0.163585452,0.707439415,24.01640611,0.149362523,0.759342167,29.22244247,0.1532338,0.869320243,35.73376595,0.078052947,1.106766343,43.40990466,0.126773847,0.858409824,30.29565409,0.156422548
407,M,2,60,119.9833333,2.23892875,97.95048134,0.12362359,0.305753154,6.838822551,0.174573054,0.246854963,6.032204371,0.162576936,0.459345761,11.77728308,0.194040179,0.692177862,23.487216,0.157497507,0.787440656,29.51095447,0.174109617,0.923617953,37.74041769,0.086451625,1.141639801,44.67388895,0.139031513,0.856466374,30.55719526,0.170555915
442,M,0,0,59.98333333,2.500598497,109.1956453,0.110285423,0.295454902,9.235118882,0.152616226,0.316639168,10.3802432,0.170582281,0.348035738,10.66205683,0.156030471,0.669911895,25.12516985,0.145766194,0.849054806,33.98769562,0.202847261,0.980378276,41.66885137,0.069541734,1.295612991,53.22604811,0.15763601,0.709139832,27.29347711,0.139355183
442,M,1,30,89.98333333,2.39358916,105.4556088,0.103687043,0.254942326,8.292580197,0.089229083,0.272645883,9.170495057,0.086929276,0.278026833,9.111268983,0.104746801,0.543131383,20.99729853,0.109052684,0.926355072,36.68011254,0.096985274,0.923690357,40.36078228,0.059146288,1.21628736,50.13182367,0.102201644,0.679024177,26.61547224,0.105895294
442,M,2,60,119.9833333,2.211194109,98.43678436,0.098225094,0.245908185,7.694645973,0.117978305,0.255377384,8.354857309,0.127896919,0.284450678,9.156102582,0.140113083,0.527780957,20.00982009,0.121157717,0.887724193,36.73946457,0.101991994,1.01361333,43.92793894,0.066632838,1.225378814,50.10244721,0.123282625,0.617252606,23.95357609,0.122488267
423,L,0,0,59.98333333,1.968909451,86.92203318,0.111417193,0.214559494,3.801972074,0.143092034,0.225842056,4.735225117,0.144503469,0.226224078,4.325826065,0.161163223,0.38243181,13.2740601,0.092744328,0.616157103,23.32173133,0.154781196,0.645707932,28.8243127,0.033560024,0.923960727,36.07143675,0.124749776,0.724008432,25.59800714,0.122256063
423,L,1,30,89.98333333,1.903680971,85.11667556,0.104895084,0.188760392,3.358639298,0.142890003,0.21555038,4.309469421,0.168454795,0.173781338,3.639279787,0.130311542,0.335196573,11.29271516,0.07530553,0.647666411,24.84756662,0.136681846,0.709670429,31.39772564,0.034860605,0.865278434,34.37639385,0.120078022,0.682278493,24.43833702,0.11188654
423,L,2,60,119.9833333,2.057690588,92.6164537,0.111558056,0.213047495,3.628911303,0.148516632,0.249860282,4.62276113,0.179755869,0.18726932,3.824150401,0.128297216,0.351894928,11.79953935,0.076070372,0.66537034,25.12980108,0.127197736,0.999164563,39.733428,0.132842922,0.886477468,34.56545091,0.112182402,0.719118926,25.33807674,0.106620996
466,L,0,0,59.98333333,1.737691466,77.888985,0.081112727,0.137912361,4.03841137,0.152688944,0.128804505,3.864859634,0.156040358,0.308898314,9.603539269,0.12537089,0.484264884,17.7288774,0.135912472,0.877898887,35.38251969,0.156452928,0.678982866,26.95161362,0.097362992,0.937360554,37.54481068,0.117503426,0.728394361,26.47376817,0.130707754
466,L,1,30,89.98333333,1.525074009,68.15367471,0.074019994,0.122146506,3.751604747,0.110202106,0.11923277,3.734363127,0.101963711,0.262723019,8.432773356,0.131128384,0.425929326,15.91907051,0.100459709,0.770162357,31.13893625,0.109629209,0.660790025,27.16012652,0.093521857,0.883926381,35.0461761,0.110062903,0.659163542,24.87603679,0.122140587
466,L,2,60,119.9833333,1.519199,66.8633773,0.077201747,0.12503865,3.806678708,0.096067594,0.119159067,3.660029293,0.091486483,0.247171139,8.20463471,0.120827597,0.412306547,15.58009919,0.089883346,0.703351052,28.66944515,0.110338439,0.590014589,24.93626174,0.079664935,0.893948178,35.37040015,0.077540454,0.632946786,24.60761925,0.120020582
466,H,0,0,59.98333333,1.827464903,82.04222663,0.087683254,0.353526381,11.23979998,0.177067228,0.328887859,10.57822706,0.153505788,0.368857899,11.81049633,0.214047479,0.920772919,35.35950787,0.162528111,0.72196777,29.4225653,0.105414745,0.492766,20.40486177,0.054726785,1.00297325,39.60413201,0.118498057,0.605025269,21.80255384,0.142271616
466,H,1,30,89.98333333,1.765031421,79.06639194,0.082451137,0.321843428,10.90147717,0.122354219,0.298982515,10.12985904,0.098952377,0.3143044,10.5748749,0.153552305,0.863636954,33.48151652,0.12749747,0.657970977,27.24280141,0.081431074,0.379886536,16.10984023,0.049698444,0.927283997,37.6375569,0.093162173,0.53936976,19.55772425,0.107726058
466,H,2,60,119.9833333,1.819351799,81.35548838,0.090447336,0.348756368,11.4402049,0.104345484,0.310314926,10.16454254,0.096884826,0.331275684,11.31086183,0.116018168,0.851544869,32.72617557,0.116482387,0.735562647,31.22554707,0.071109401,0.487516698,18.96412767,0.091445379,0.940198695,37.53984822,0.100201713,0.587945468,21.54062969,0.096696844
423,H,0,0,59.98333333,2.034760144,91.44166746,0.112716923,0.376137607,5.540018057,0.180787956,0.347615451,5.900781537,0.171756714,0.390293851,6.593560139,0.205017404,0.647570259,20.1596093,0.136497141,0.679692948,24.72931774,0.163801115,0.918202756,35.29527336,0.136683664,1.130304138,42.1192221,0.146320911,0.858391656,28.84941268,0.134778509
423,H,1,30,89.98333333,1.903842455,86.47754122,0.099158903,0.319530154,4.89502556,0.197373284,0.309818406,5.300335854,0.196369632,0.294379035,5.313714096,0.20044021,0.558903719,17.75904102,0.134312136,0.622707021,22.53908368,0.142278473,0.90763585,36.31175707,0.129190078,1.018661859,38.4973425,0.141781847,0.721762006,25.35541391,0.103422842
423,H,2,60,119.9833333,1.866692172,83.73904324,0.102127852,0.284385594,4.607174688,0.175422927,0.276827744,5.159739483,0.178628739,0.27672946,5.01769312,0.170999745,0.523506231,17.36689456,0.104447985,0.601223209,22.46417995,0.103984013,1.111029858,41.52746708,0.141168586,0.980324072,37.81586396,0.136170244,0.69750629,25.08799632,0.093300131
427,L,0,0,59.98333333,0.470387079,21.50635583,0.049341349,0.310342208,8.826257302,0.141978991,0.284109467,8.407622836,0.135965694,0.27057624,7.609383271,0.184243445,0.027357929,1.01221021,0.005930623,0.31219277,12.50052315,0.110301435,0.725655674,28.46329215,0.138452437,0.284452279,11.27532504,0.047230633,0.547367065,20.64643659,0.108187867
427,L,1,30,89.98333333,0.395528111,17.81553403,0.038069292,0.261721388,7.504314451,0.144376818,0.243798781,7.258474975,0.144704711,0.229396144,6.911362975,0.119715837,0.021961096,0.81665353,0.004005605,0.24075944,9.398664234,0.091944357,0.641725978,26.36076151,0.116377086,0.244567581,9.836921549,0.041138506,0.425223292,16.38900409,0.093857084
427,L,2,60,119.9833333,0.35063451,15.64008873,0.022125624,0.217438827,5.505765653,0.165316724,0.209173516,5.793000458,0.159617057,0.217930978,5.902937756,0.108113401,0.01928552,0.682519057,0.003871594,0.162313217,6.244618863,0.038721181,0.60178037,25.30051754,0.072305723,0.236344501,9.316256505,0.028620591,0.343339405,12.9025656,0.058673648
462,L,0,0,59.98333333,1.921839155,85.37237509,0.117561359,0.134608357,3.432018973,0.066656446,0.105249221,2.9558662,0.051241158,0.31372816,8.942851898,0.123120051,0.464194689,16.1308006,0.081715055,1.138816632,44.96101512,0.155538451,0.386090124,16.23692467,0.034744603,0.712003376,27.68416403,0.109623751,0.977304861,34.58151911,0.153283446
462,L,1,30,89.98333333,1.961259175,88.63866912,0.118549484,0.137289444,3.488567391,0.11469121,0.113545339,3.031285706,0.105968275,0.314432689,9.020736004,0.134948645,0.47873614,16.58991713,0.088037644,1.135808575,45.45376772,0.161137632,0.501914801,18.71153697,0.108878177,0.765513984,30.11255976,0.102764103,0.986002609,34.13894218,0.167964663
462,L,2,60,119.9833333,2.05990004,93.84569665,0.119913872,0.153239095,3.549105403,0.208092712,0.12895863,3.049753961,0.2036013,0.336412304,9.339171614,0.169730879,0.524354404,17.69649797,0.161392172,1.097611892,44.07552473,0.19444207,0.628963052,21.49099967,0.225658431,0.793498682,30.81404855,0.163703649,1.034265801,35.33573207,0.179810226
446,M,0,0,59.98333333,2.046547623,93.22096293,0.096233408,0.251677537,5.706116192,0.146146343,0.226279615,5.228060263,0.147467356,0.403448806,10.7672206,0.170824204,1.09963634,37.39641182,0.181364045,1.011271527,38.50994666,0.147354514,0.525170602,22.16878895,0.081183155,0.77296092,30.57747791,0.103467313,1.12184395,40.40360337,0.186144419
446,M,1,30,89.98333333,2.038869896,92.97998111,0.09129409,0.292771491,6.070139944,0.148133387,0.265407202,5.645177953,0.142949147,0.426435329,10.65769896,0.184216441,0.951505573,32.76002481,0.160705221,1.102455249,41.39546923,0.144499637,0.651376255,26.38435823,0.113546995,0.827158634,31.48709182,0.100115792,1.093672216,40.15016684,0.160454151
446,M,2,60,119.9833333,1.965114508,89.42697147,0.085895818,0.271984038,5.658378977,0.148965591,0.238145532,5.298754974,0.141091326,0.431355951,11.01483255,0.18138811,0.959610676,33.67307568,0.171208786,1.01995928,40.07844074,0.129992887,0.571888642,23.98026089,0.092718213,0.831123423,31.96614589,0.087609639,1.10590186,39.72396329,0.158455378
446,L,0,0,59.98333333,2.298759387,104.0819201,0.103548181,0.208268062,3.322135794,0.185802567,0.184811454,3.178281248,0.182348397,0.453465595,10.06108486,0.205645945,0.545674968,18.34508505,0.174102144,0.643101811,23.20183097,0.151166667,0.631527099,26.88355564,0.095441091,0.827744472,31.60734369,0.115146405,1.269364273,46.412851,0.17297669
446,L,1,30,89.98333333,2.463034295,110.5833418,0.108534338,0.208446913,3.532123162,0.169880283,0.192296287,3.313103892,0.166996407,0.403228366,9.816066743,0.195830385,0.513813314,17.0365002,0.14961041,0.644270835,23.10818875,0.13174297,0.600900435,25.77272287,0.096023477,0.815519044,30.37821665,0.108134946,1.278580572,46.48131626,0.159776574
446,L,2,60,119.9833333,2.47242473,110.1680933,0.109489964,0.201910958,3.770411302,0.148406413,0.184187178,3.539263399,0.133909445,0.440107696,10.52708962,0.217055018,0.498746729,16.76445831,0.117388064,0.652437102,23.89151575,0.12658607,0.577041182,24.73496359,0.070606236,0.845604232,31.39747486,0.099568588,1.299179938,48.38375251,0.156251466
427,M,0,0,59.98333333,0.601851089,27.98253618,0.058771542,0.296391347,8.49128603,0.139962884,0.326592252,9.475578769,0.188096938,0.219936959,6.147021069,0.206784641,0.377090003,13.86233519,0.106909833,0.339502033,12.99532662,0.083685896,0.759956555,29.58716993,0.135870127,0.655111095,25.52607167,0.147086268,0.545690799,20.92178495,0.10167836
427,M,1,30,89.98333333,0.612030093,27.98363048,0.059550397,0.27678672,8.392186702,0.13013049,0.294489857,9.248478004,0.175108214,0.207033371,6.251653492,0.12669347,0.363272363,13.2108237,0.119865088,0.324015638,12.86464097,0.077681724,0.775232707,30.49257026,0.136236868,0.671974146,26.27834852,0.117962904,0.516291277,20.12625281,0.074602958
427,M,2,60,119.9833333,0.405823843,18.02935349,0.020332462,0.190085524,4.912041827,0.106598005,0.220393986,6.04871473,0.109601482,0.154174751,4.053525869,0.087428532,0.284159,10.27346369,0.080054235,0.196325738,7.820930469,0.036931074,0.718634014,29.33842199,0.151214472,0.568096694,22.25373711,0.090803047,0.368026126,14.08627796,0.042667806
462,M,0,0,59.98333333,1.796498101,81.08905332,0.114969341,0.194852978,5.12697585,0.16880011,0.210225188,6.127314147,0.153215187,0.286899109,8.408167759,0.174236445,0.757436808,25.80864685,0.131550585,0.660189026,26.4717313,0.157440289,0.594859596,23.74895399,0.142826288,0.770278182,30.86537997,0.09786704,1.118069348,38.05690267,0.181088575
462,M,1,30,89.98333333,1.739378156,79.55382859,0.108909212,0.181039707,5.081008387,0.148034073,0.207955825,6.147676036,0.17838182,0.260413467,8.009144385,0.110623197,0.787096132,26.98914288,0.119287072,0.621467785,25.21433161,0.13773885,0.728522022,26.59093916,0.187316345,0.749502003,29.94847711,0.092456159,1.018644913,35.30506697,0.166750514
462,M,2,60,119.9833333,1.830050089,83.375106,0.10996059,0.186455166,5.030950812,0.169237576,0.223230776,6.604200355,0.201777357,0.253733123,7.541135017,0.121780496,0.755016181,26.38654686,0.129548375,0.631592541,24.9027268,0.139776584,0.793844045,28.30255034,0.177575839,0.891838656,34.84058193,0.149528183,1.105580068,38.33399672,0.178916239
442,H,0,0,59.98333333,1.957012508,88.83576142,0.096516267,0.187195891,3.37301656,0.170317493,0.174628353,3.967078026,0.198838094,0.188701199,3.617838168,0.136518529,0.455009068,15.72054253,0.163288952,0.511537805,19.15219591,0.13760953,1.005755599,41.99336062,0.110155958,0.971927181,38.30035602,0.136845188,0.755543598,27.13959273,0.112421513
442,H,1,30,89.98333333,2.056985978,93.28489092,0.099033731,0.167653985,3.099754105,0.102405225,0.161028556,3.805237344,0.082521274,0.159389643,3.293274395,0.099632615,0.407665873,14.13991169,0.084413126,0.492366565,18.32534869,0.087635158,0.980033742,40.93930084,0.104317491,0.954624419,36.71250306,0.10938222,0.832491996,29.53408223,0.119043096
442,H,2,60,119.9833333,1.981645633,89.30975295,0.101338876,0.144312075,2.869983447,0.100050863,0.14313249,3.492946463,0.082678274,0.133827908,2.795228059,0.094646016,0.345424248,12.09400394,0.078831816,0.489983196,18.54127902,0.063472473,0.81417247,34.88323884,0.093025469,0.889316972,33.92012099,0.114985035,0.779610069,27.82756575,0.112983825
407,H,0,0,59.98333333,1.732863873,76.38495896,0.095307007,0.260510725,5.425745588,0.186737712,0.24031475,5.410141457,0.184751882,0.334777525,8.467228907,0.161903785,0.751266978,25.85291006,0.162253853,0.78133749,29.48531767,0.170901956,0.925902711,38.31610289,0.114509891,1.302109446,51.4239262,0.152666864,0.748408108,27.40329068,0.135773615
407,H,1,30,89.98333333,1.728889943,76.67929936,0.089991472,0.232252057,5.346478368,0.167909022,0.219725434,5.321609886,0.184802322,0.307148443,8.30595411,0.132538375,0.784328752,27.01521273,0.157855288,0.734694744,28.23843986,0.164183405,0.875611146,37.47493954,0.070884065,1.270795109,49.64433742,0.128784113,0.754162264,27.39181796,0.141379754
407,H,2,60,119.9833333,1.882483626,84.04225131,0.092814304,0.245161461,5.407737377,0.161476584,0.238209158,5.542554776,0.173176294,0.307458969,8.163996443,0.147460273,0.774196459,26.62029208,0.164446914,0.749994289,28.83106354,0.163564991,1.051484616,40.94087703,0.140623678,1.311629728,51.76769821,0.139596696,0.803992124,28.56230404,0.164437215
418,M,0,0,59.98333333,2.106845702,94.67737716,0.113976481,0.144227036,3.240645766,0.166842874,0.130058125,3.023304479,0.174460685,0.131854705,3.46295813,0.148939729,0.337935416,12.31195465,0.146751254,0.271956588,10.26820511,0.11110766,0.634064018,26.05905717,0.160239947,0.82985934,32.34241769,0.153644365,0.60292885,22.4446263,0.152935412
418,M,1,30,89.98333333,2.014711685,89.077678,0.103051372,0.133302282,3.360166708,0.081983469,0.115945545,3.130179063,0.073115657,0.115130981,3.217987053,0.070746988,0.24894247,9.46309453,0.049759554,0.252083634,9.730420345,0.035667722,0.639070244,25.35456748,0.143169502,0.793109623,30.95735399,0.107298921,0.549625074,20.89617665,0.077691059
418,M,2,60,119.9833333,2.130116565,94.40233368,0.118229078,0.151754113,3.38968019,0.081657647,0.123994858,3.093820785,0.071590912,0.15187967,4.036601703,0.07664275,0.268018575,9.824825824,0.055675108,0.278746782,10.97545539,0.038217748,0.535237371,22.0583342,0.084716373,0.842838626,32.86041641,0.112594137,0.641644628,23.9231593,0.101808003
440,H,0,0,59.98333333,1.777148232,78.92701418,0.089802701,0.283697085,5.912611834,0.177712454,0.294161439,6.973774479,0.176293506,0.303888519,6.179779269,0.192094878,0.483003451,17.46190946,0.104557837,0.694396737,27.50354653,0.143400074,0.769924311,28.71374452,0.181210158,0.781160999,29.92297925,0.19004023,0.61196316,22.31255418,0.120901829
440,H,1,30,89.98333333,1.760092125,77.89957903,0.089503288,0.300638288,6.122138139,0.180965888,0.312605202,7.123904173,0.185762825,0.293254845,6.146014077,0.177638066,0.450482682,16.48144687,0.098596746,0.693494933,27.33003792,0.140525052,0.879892302,31.48305002,0.179795931,0.811276683,31.59956158,0.149228202,0.595928116,21.69252573,0.079902718
440,H,2,60,119.9833333,1.928075822,86.54461159,0.100906885,0.325348426,6.684727097,0.166308974,0.336543642,7.690183255,0.171008262,0.341322315,7.220829654,0.194126451,0.535782309,19.23371501,0.096886416,0.780265384,30.83650585,0.144743044,0.984876537,34.93586601,0.195683459,0.880129959,34.08449245,0.123673943,0.665542094,23.99014058,0.08544097
444,L,0,0,59.98333333,2.638251345,116.9669658,0.127537468,0.146164307,2.763570127,0.104866665,0.151854415,3.0656123,0.112910424,0.162830014,3.684120128,0.106295133,0.362278327,13.25526175,0.070753281,0.341760357,12.02290962,0.124234734,0.718944343,27.00610694,0.173090728,0.741581316,28.50396642,0.170460123,0.659225422,23.5258056,0.129894189
444,L,1,30,89.98333333,2.654811437,117.1282969,0.123877276,0.145174074,2.761711721,0.120336135,0.156789826,3.088188539,0.133017134,0.156788185,3.52888196,0.131491729,0.345319707,12.73249953,0.090070623,0.319310144,10.93992392,0.144153022,0.685601401,25.32683321,0.204315729,0.718643471,27.59974181,0.086742584,0.680775206,25.1164486,0.118149411
444,L,2,60,119.9833333,2.611603562,116.6181361,0.122200479,0.146440847,2.73156554,0.126422949,0.152308009,3.001662515,0.127796598,0.16975333,3.433370166,0.152935932,0.348789339,12.66777413,0.091783761,0.320709023,11.05471579,0.155779256,0.577343636,22.5965304,0.177401696,0.705618943,27.0962313,0.15522449,0.620003796,23.84726439,0.106034686
438,H,0,0,59.98333333,1.821617767,81.53550908,0.097805724,0.215925514,4.800283282,0.164944731,0.210844847,5.089454872,0.165616844,0.250993306,6.680332535,0.134339538,0.622999262,22.96085467,0.164330274,0.36467853,14.64754656,0.062024872,0.553520407,23.76048491,0.064607556,0.958410042,37.89804323,0.138320326,0.717459577,25.59148897,0.164810015
438,H,1,30,89.98333333,1.662150416,71.7072243,0.088779359,0.190487635,4.526621143,0.122919689,0.180240151,4.760793366,0.128394218,0.222584607,5.926890648,0.112650301,0.527665666,19.51018288,0.158337103,0.365216434,14.53166767,0.103895677,0.513165305,22.54404784,0.030919103,0.930725471,37.62965213,0.132280563,0.58569517,21.28572817,0.165033467
438,H,2,60,119.9833333,1.841968278,81.33722177,0.093399453,0.214659962,4.76889108,0.152557181,0.214845628,5.180726577,0.16053689,0.25158178,6.698941047,0.125319567,0.659326128,23.59361953,0.156380068,0.443831922,16.80124734,0.126610907,0.6500552,26.62891611,0.139506082,1.079426616,42.55898922,0.13577802,0.697250349,25.17297695,0.15693362
425,M,0,0,59.98333333,1.990823864,91.010011,0.100489216,0.227029953,4.362324505,0.112227441,0.197192626,4.124477484,0.095135283,0.315960723,7.327658385,0.16305218,0.540073051,18.95208736,0.095344789,0.485052271,18.47408204,0.107132738,0.950367756,37.18522338,0.130650979,0.718724665,27.08140473,0.113701437,0.753432137,28.01574345,0.13616998
425,M,1,30,89.98333333,1.736239203,78.25248492,0.081863599,0.097170665,2.857213655,0.069853862,0.098064719,2.873172839,0.073074999,0.161312294,5.16744521,0.059200314,0.405825709,14.98157372,0.07195751,0.361308448,15.08266317,0.073786515,0.938172406,36.12376373,0.128936167,0.549467093,22.2882241,0.107891501,0.519388711,20.05894648,0.076232386
425,M,2,60,119.9833333,1.63347032,73.09339213,0.077766687,0.093059253,2.678640011,0.0580483,0.089613041,2.524582443,0.061174411,0.139997575,4.681043179,0.06628726,0.380912779,14.38805821,0.072817564,0.365319712,14.81356817,0.063893196,0.742684835,30.8801905,0.079577095,0.497006469,20.56870762,0.065676292,0.511486723,19.718344,0.065363396
460,M,0,0,59.98333333,1.694155626,76.90560367,0.079667973,0.211525316,5.87210996,0.101883306,0.181870916,5.225007653,0.079420979,0.383684086,11.25740184,0.170399166,0.612570376,22.37876596,0.110349553,0.851435186,34.00006765,0.125509428,1.037079703,42.56994813,0.104467755,0.894042062,35.31481177,0.105489702,0.827242962,31.06439297,0.1178967
460,M,1,30,89.98333333,1.66961192,75.68574314,0.080677905,0.214060049,5.901405427,0.117132577,0.184570383,5.343120163,0.111152305,0.383816297,11.18894093,0.155801406,0.591023994,21.94419408,0.111934055,0.814446264,32.42207217,0.096045052,0.834282781,35.19079195,0.069274931,0.950083586,37.54519976,0.119324704,0.741266961,28.48431938,0.121327352
460,M,2,60,119.9833333,1.701578604,77.72527885,0.078582896,0.224639607,5.950187349,0.099201954,0.19978306,5.449068404,0.093360458,0.381906773,11.15595455,0.154622756,0.59523838,22.22126599,0.100743756,0.808716913,32.40753847,0.108176737,0.865357764,36.18558841,0.084799442,0.968683725,39.43979778,0.104127225,0.705916943,27.54728086,0.117961345
425,L,1,30,89.98333333,1.484676011,66.46610137,0.077776555,0.142943566,3.974496695,0.098232329,0.162128825,5.02256076,0.11183272,0.164010218,4.904203257,0.085765097,0.311613878,11.12264298,0.053430972,0.122234934,4.849317991,0.018223876,0.066863767,2.730665953,0.006148539,0.220585144,8.83150787,0.028797342,0.728173185,26.3628838,0.116143599
425,L,2,60,119.9833333,1.557024302,69.94214082,0.078344778,0.170052324,4.369958984,0.080334522,0.187199605,5.484241446,0.090000292,0.182802798,5.136543887,0.099773481,0.31954607,11.29958115,0.060598957,0.131804714,5.182726156,0.018588243,0.070341652,2.877459995,0.007330486,0.243169647,9.823332865,0.025165667,0.755231621,27.32159796,0.136626319
460,L,0,0,59.98333333,2.316212505,103.8928304,0.116383201,0.241815461,5.554564591,0.169118303,0.197137593,4.763935445,0.162620155,0.347306998,9.961345332,0.134296878,0.547003844,20.09677945,0.122046871,0.855295507,33.77893399,0.162106845,0.915519711,37.82455568,0.117210085,0.838932712,32.64964351,0.133484556,0.941141948,36.67662337,0.114248008
460,L,1,30,89.98333333,2.183071349,97.55291293,0.107656829,0.176446583,4.949553239,0.126838495,0.154461245,4.515541379,0.123296361,0.287097383,9.040405565,0.091068106,0.520736449,19.07784986,0.085272768,0.779617648,31.16772802,0.115577101,0.804500523,34.2705671,0.08488973,0.671135273,27.3735636,0.073781505,0.725114553,29.21069247,0.073055775
460,L,2,60,119.9833333,2.246745794,100.7190139,0.111840192,0.173043973,5.28345749,0.075038501,0.157645426,4.854515707,0.072972738,0.320625358,10.08763508,0.097858939,0.545479634,19.60403412,0.093191837,0.697757989,28.2101455,0.130471111,0.838573297,35.43949071,0.119607651,0.700033638,28.3165574,0.061817408,0.785029289,30.3516198,0.082238171
444,M,0,0,59.98333333,1.319286824,59.13572448,0.074115742,0.133538412,1.931111093,0.13748854,0.122095993,2.089569892,0.135418418,0.153556156,2.313606963,0.167025872,0.285044149,9.221978094,0.129076753,0.328364982,10.48709631,0.150217637,0.159544873,6.654669079,0.043845818,0.537021265,20.71630188,0.104034925,0.443539124,15.94834161,0.098720424
444,M,1,30,89.98333333,1.36946479,62.30954481,0.081096916,0.169667416,2.175660853,0.15507281,0.156394322,2.340082456,0.145554924,0.186356712,2.58523406,0.173873469,0.352964884,11.28439734,0.146921869,0.364112666,11.56606995,0.164970264,0.188007261,7.53784125,0.043467575,0.602413962,23.20295365,0.125434471,0.501144198,18.37255828,0.090612146
444,M,2,60,119.9833333,1.306017062,59.82157811,0.066379896,0.157182536,2.258715838,0.116363035,0.140650227,2.369268912,0.095917328,0.172282609,2.563904848,0.147360049,0.328549163,10.6507293,0.113781149,0.374208299,11.88133515,0.174996218,0.135976606,5.258280176,0.032330751,0.593831246,23.07396182,0.126868003,0.460428909,17.2303793,0.071813706
459,H,0,0,59.98333333,1.775257667,80.9612531,0.079546412,0.272762841,5.861905805,0.182549605,0.224649525,5.14329902,0.198229924,0.189245678,4.200117459,0.182520557,0.353447899,12.12500509,0.127089912,0.655764036,25.08134262,0.135541551,0.665062186,26.97505937,0.10546591,0.483624933,18.70790974,0.142825459,0.777276264,29.84443239,0.109308962
459,H,1,30,89.98333333,1.763954929,79.74723154,0.079600739,0.228748261,5.169099431,0.122112324,0.189562705,4.595140955,0.110929118,0.140799325,3.487215934,0.086304452,0.269758545,9.907109243,0.050327641,0.537849491,20.76115445,0.078958184,0.837618761,31.95507047,0.116641701,0.448583081,17.70082928,0.056214137,0.686479844,26.48157314,0.073521994
459,H,2,60,119.9833333,1.7562479,78.89388966,0.080008058,0.211680047,4.826305877,0.128548086,0.171318089,4.159654675,0.115942182,0.144722996,3.718965351,0.083502512,0.270509883,9.909890089,0.051941652,0.524132556,20.03908462,0.07817895,0.909626014,34.10889785,0.13059852,0.446262799,17.42799958,0.061412522,0.73602305,28.12457588,0.079505377
464,H,0,0,59.98333333,1.916645614,88.41153002,0.101403321,0.189537384,3.411674156,0.165386384,0.178356996,4.02685589,0.174534354,0.155097989,2.842073289,0.120675586,0.27085094,9.16184802,0.078078469,0.420558277,16.20823748,0.108437505,0.158694832,6.337904985,0.040644944,0.552343587,21.01668625,0.09549482,0.785709209,28.38767668,0.150983048
464,H,1,30,89.98333333,1.758090339,80.87061427,0.089918728,0.143725027,2.937098432,0.119106295,0.1514014,3.506221063,0.115036714,0.100981381,2.26143267,0.092452572,0.198616403,7.058032481,0.046514389,0.361205814,14.26157629,0.097920916,0.140495061,5.400787059,0.033478418,0.505073271,19.7445966,0.07313646,0.674019599,25.25255408,0.124932544
464,H,2,60,119.9833333,1.741976939,79.15539811,0.084499818,0.117392854,2.675425324,0.098720914,0.129794686,3.311373296,0.098056355,0.072400726,1.750647572,0.061317052,0.145231284,5.370497283,0.037906033,0.298470974,11.97550802,0.047128468,0.122488325,4.831863026,0.025331654,0.511934542,19.89239457,0.059240512,0.603910784,22.32203814,0.106286823
421,H,0,0,59.98333333,2.098158959,92.38010543,0.120983753,0.27397497,6.395565987,0.170639662,0.240281594,5.989688164,0.174591677,0.442804755,11.21602506,0.170237393,0.875826269,31.90313449,0.1303316,0.624701444,25.29518954,0.177117534,1.014503001,40.93544114,0.13279833,1.063019182,43.45508739,0.11423508,0.980411795,34.71534821,0.162487106
421,H,1,30,89.98333333,2.10409195,93.40450118,0.115055888,0.299250374,6.513481301,0.177427449,0.267076084,6.039857073,0.179255364,0.453483658,11.07146931,0.193559002,0.851562065,30.84140132,0.138014035,0.622021506,25.25352241,0.14602766,0.929141952,38.65638511,0.127278428,1.157595001,45.82584148,0.14291659,0.951730314,32.8164224,0.156359558
421,H,2,60,119.9833333,2.133893523,93.56413535,0.120749869,0.339073121,7.161952389,0.151700657,0.305360841,6.495019438,0.148071773,0.493406183,12.15274822,0.201810079,0.930785673,33.43710312,0.144131993,0.643433703,25.74863393,0.138360946,1.019736345,43.43309279,0.132469983,1.226178804,48.00065689,0.151360867,1.023575754,35.25394955,0.167106276
418,L,0,0,59.98333333,2.184631166,98.02902473,0.116721124,0.228980535,4.559071332,0.161360876,0.180517666,3.798323233,0.161487131,0.263568688,6.586122768,0.219528721,0.55790953,20.39853399,0.117650135,0.687446804,26.09114975,0.144510593,0.740385778,30.89405562,0.107886522,0.86726692,34.00649072,0.149734407,0.87962466,31.93629906,0.213391468
418,L,1,30,89.98333333,2.041964207,91.6625275,0.113666115,0.215302548,4.508301339,0.110822969,0.166977408,3.774556131,0.096110936,0.244612576,6.338901775,0.12020771,0.45801946,16.99025177,0.077749695,0.577599236,23.03993905,0.145187551,0.712421623,29.74277051,0.107581387,0.762639114,30.28539943,0.089175995,0.773553798,29.05982984,0.143779043
418,L,2,60,119.9833333,1.969941212,86.59098233,0.105330414,0.19401823,4.141319145,0.100826475,0.158340857,3.752252036,0.089387841,0.21468629,5.413104325,0.11555421,0.37884984,14.11126761,0.075841327,0.537397376,21.56370535,0.118042835,0.748068645,30.8833137,0.131992639,0.754677001,29.80713279,0.08536793,0.690843117,26.00173005,0.119853003