participant,condition,window_index,head_rotation_rad_min,head_rotation_rad_max,head_rotation_rad_rms,head_rotation_rad_mean,blink_aperture_min,blink_aperture_max,blink_aperture_rms,blink_aperture_mean,mouth_aperture_min,mouth_aperture_max,mouth_aperture_rms,mouth_aperture_mean,pupil_dx_min,pupil_dx_max,pupil_dx_rms,pupil_dx_mean,pupil_dy_min,pupil_dy_max,pupil_dy_rms,pupil_dy_mean,pupil_metric_min,pupil_metric_max,pupil_metric_rms,pupil_metric_mean,center_face_magnitude_min,center_face_magnitude_max,center_face_magnitude_rms,center_face_magnitude_mean,center_face_x_min,center_face_x_max,center_face_x_rms,center_face_x_mean,center_face_y_min,center_face_y_max,center_face_y_rms,center_face_y_mean,head_rotation_rad_vel_min,head_rotation_rad_vel_max,head_rotation_rad_vel_rms,head_rotation_rad_vel_mean,head_rotation_rad_acc_min,head_rotation_rad_acc_max,head_rotation_rad_acc_rms,head_rotation_rad_acc_mean,blink_aperture_vel_min,blink_aperture_vel_max,blink_aperture_vel_rms,blink_aperture_vel_mean,blink_aperture_acc_min,blink_aperture_acc_max,blink_aperture_acc_rms,blink_aperture_acc_mean,mouth_aperture_vel_min,mouth_aperture_vel_max,mouth_aperture_vel_rms,mouth_aperture_vel_mean,mouth_aperture_acc_min,mouth_aperture_acc_max,mouth_aperture_acc_rms,mouth_aperture_acc_mean,pupil_dx_vel_min,pupil_dx_vel_max,pupil_dx_vel_rms,pupil_dx_vel_mean,pupil_dx_acc_min,pupil_dx_acc_max,pupil_dx_acc_rms,pupil_dx_acc_mean,pupil_dy_vel_min,pupil_dy_vel_max,pupil_dy_vel_rms,pupil_dy_vel_mean,pupil_dy_acc_min,pupil_dy_acc_max,pupil_dy_acc_rms,pupil_dy_acc_mean,pupil_metric_vel_min,pupil_metric_vel_max,pupil_metric_vel_rms,pupil_metric_vel_mean,pupil_metric_acc_min,pupil_metric_acc_max,pupil_metric_acc_rms,pupil_metric_acc_mean,center_face_magnitude_vel_min,center_face_magnitude_vel_max,center_face_magnitude_vel_rms,center_face_magnitude_vel_mean,center_face_magnitude_acc_min,center_face_magnitude_acc_max,center_face_magnitude_acc_rms,center_face_magnitude_acc_mean,center_face_x_vel_min,center_face_x_vel_max,center_face_x_vel_rms,center_face_x_vel_mean,center_face_x_acc_min,center_face_x_acc_max,center_face_x_acc_rms,center_face_x_acc_mean,center_face_y_vel_min,center_face_y_vel_max,center_face_y_vel_rms,center_face_y_vel_mean,center_face_y_acc_min,center_face_y_acc_max,center_face_y_acc_rms,center_face_y_acc_mean
402,H,0,-0.704225994,0.305025108,0.109474235,-0.021289319,0.017121033,0.24142987,0.182497737,0.178613722,1.71E-09,0.24857821,0.033750456,0.011968296,-0.052490574,0.035025131,0.008349936,-0.003402529,-0.079212484,0.015015496,0.028341792,-0.025782958,0.015285001,0.108093933,0.050038373,0.048937201,0.021529779,0.766159266,0.191543632,0.155122081,0.002590329,0.48917991,0.118955117,0.090313908,0.005754762,0.760294639,0.150128755,0.110417686,-1.875502793,1.97627006,0.140052843,-0.000413168,-0.857263141,1.254730404,0.075375242,0.000170478,-0.029794002,0.027200166,0.004556168,2.54E-05,-0.015799442,0.013445175,0.00225836,4.31E-06,-0.044358648,0.061212717,0.006084269,-8.51E-06,-0.024577678,0.030519652,0.00293799,-4.28E-06,-0.019313901,0.020814744,0.002106761,1.49E-06,-0.012617099,0.0126802,0.001272153,-1.10E-06,-0.020388806,0.026794319,0.003048331,1.97E-06,-0.010315349,0.017708546,0.001794058,-5.79E-06,-0.029517721,0.024788772,0.002801407,2.39E-07,-0.022199015,0.019300527,0.00180325,4.80E-06,-0.044796882,0.056131586,0.006414873,-0.000104078,-0.017824601,0.018405081,0.001833083,-3.22E-07,-0.034225012,0.03208472,0.004294332,-9.03E-06,-0.007183465,0.02264707,0.00107776,1.42E-06,-0.044233815,0.05655331,0.006503818,-0.000103715,-0.017821039,0.020098989,0.002077206,-2.38E-06
402,H,1,-0.832915953,0.305025108,0.189114566,-0.052312907,0.061113585,0.235216321,0.176392475,0.172989404,5.03E-07,0.24857821,0.041749953,0.017844018,-0.052490574,0.035025131,0.007886821,-0.002667065,-0.077137532,0.016016069,0.028623632,-0.025980078,0.015285001,0.102334912,0.049361242,0.04839384,0.021529779,0.381566456,0.166692203,0.1457646,0.002590329,0.356743714,0.117092476,0.095290185,0.009041917,0.316837548,0.118640813,0.096482672,-2.015711886,1.97627006,0.162828262,0.000241093,-0.845938917,1.258908889,0.090519541,0.000143632,-0.024934157,0.031489166,0.004189851,4.77E-06,-0.015799442,0.0136849,0.002226609,2.95E-06,-0.04588794,0.061212717,0.007370001,-2.98E-06,-0.030593345,0.030519652,0.003586284,-4.57E-06,-0.019313901,0.020814744,0.002037629,4.01E-06,-0.012617099,0.0126802,0.001241902,-2.20E-06,-0.020388806,0.026794319,0.003010127,4.93E-06,-0.010775422,0.017708546,0.001740264,-4.11E-06,-0.029517721,0.024788772,0.002730457,-4.67E-06,-0.022199015,0.019300527,0.0017532,4.21E-06,-0.020798054,0.029684885,0.004311913,-3.75E-05,-0.009607814,0.009219088,0.001338839,-1.20E-06,-0.01929221,0.018071007,0.003271895,-4.17E-06,-0.003598176,0.006484412,0.000870936,-7.15E-07,-0.025870646,0.0299749,0.004439847,-4.75E-05,-0.009765949,0.017800284,0.001689352,-1.24E-06
402,H,2,-0.832915953,0.429543531,0.205961329,-0.092843577,0.061113585,0.26009963,0.181140333,0.177954593,2.72E-06,0.244679148,0.035279479,0.014655267,-0.026368625,0.021935238,0.006915808,-0.003530378,-0.094269182,0.016016069,0.029887883,-0.027447213,0.016368817,0.118937721,0.050928855,0.050109787,0.008787942,0.424068672,0.154565591,0.130250658,0.002847316,0.351579504,0.116446447,0.095416111,0.008313887,0.27448342,0.101640281,0.076931536,-3.146389041,5.453871199,0.214299476,0.000270343,-2.929751258,2.363445944,0.126795878,-0.000142102,-0.032881281,0.031489166,0.003875062,4.65E-06,-0.021111409,0.015859396,0.002060967,-5.58E-07,-0.04588794,0.057576723,0.005585016,-1.30E-07,-0.030593345,0.020113186,0.002745581,-4.47E-08,-0.009856808,0.01063541,0.0015147,-2.89E-06,-0.007046294,0.005352547,0.000895655,-6.50E-07,-0.022987346,0.019797799,0.00249418,-6.68E-06,-0.010775422,0.015593257,0.001440586,3.43E-08,-0.020878334,0.016186139,0.002065005,6.68E-06,-0.013479804,0.008741199,0.001210257,-9.45E-07,-0.018797942,0.031458132,0.003689471,-4.87E-06,-0.009607814,0.010112283,0.001143019,2.56E-07,-0.013665628,0.012784696,0.002831347,-3.38E-06,-0.003232872,0.006206314,0.000740506,-1.15E-06,-0.025870646,0.02964315,0.003966817,-2.83E-06,-0.009765949,0.022151816,0.001524742,7.14E-07
402,L,0,-0.497086155,0.383412225,0.099933528,-0.028633067,0.012882901,0.269642395,0.188159276,0.184300659,8.74E-09,0.028784099,0.005253926,0.003396231,-0.066839651,0.04702973,0.008714514,-0.005209024,-0.111707184,0.013561504,0.028311404,-0.025404843,0.016823994,0.156322435,0.050790956,0.049516718,0.015137653,1.17411641,0.197504196,0.117269324,0.003486113,0.353887428,0.081986289,0.055462791,0.00954769,1.123250104,0.179683488,0.094842887,-1.932506787,1.589999911,0.10447723,4.57E-05,-1.257391519,0.755719346,0.055951902,2.80E-05,-0.025156151,0.028617324,0.00440599,-7.96E-06,-0.012016324,0.010611332,0.002250495,2.17E-06,-0.008460677,0.007622011,0.001575613,3.19E-06,-0.005927258,0.005847678,0.001106107,-4.89E-07,-0.027015215,0.018448708,0.001756912,-3.47E-06,-0.013025607,0.01404943,0.000985854,1.31E-06,-0.033946022,0.020942553,0.003127983,1.07E-05,-0.015553943,0.017287117,0.001784567,-2.23E-06,-0.028373346,0.043963417,0.002902307,-1.20E-05,-0.023351555,0.020057084,0.001672494,2.65E-06,-0.042922813,0.06861852,0.005660261,-4.15E-05,-0.01756785,0.021525641,0.001540773,1.71E-06,-0.025362792,0.027132905,0.003336095,-1.88E-05,-0.006530269,0.013125965,0.000939327,9.19E-07,-0.04721301,0.069668539,0.00554984,-3.64E-05,-0.017633681,0.027340653,0.001672685,2.79E-07
402,L,1,-0.497086155,0.185005161,0.099273822,-0.051573201,0.053056002,0.243507424,0.18410879,0.181792202,8.74E-09,0.195609876,0.020920131,0.006707479,-0.025921582,0.04702973,0.009744802,-0.007161958,-0.111707184,0.010301062,0.029543279,-0.027353941,0.021034492,0.141436387,0.052449863,0.051538487,0.010631245,0.369304569,0.118208632,0.098408758,0.002955913,0.289144619,0.07546472,0.054992162,0.008508975,0.291267866,0.090985475,0.073017011,-0.671610817,0.635763766,0.079255568,-0.000147863,-0.460651871,0.278503845,0.042465205,-7.09E-05,-0.025156151,0.028617324,0.004135183,-3.16E-06,-0.012016324,0.010611332,0.002122046,2.87E-06,-0.036390604,0.031313661,0.003040793,1.97E-06,-0.015300706,0.013844921,0.001672334,8.65E-07,-0.006943442,0.014490161,0.001447909,-2.62E-06,-0.007006618,0.005871428,0.000813747,-3.58E-07,-0.025529953,0.015094095,0.002558164,-3.82E-06,-0.009317903,0.013413962,0.001462404,1.16E-06,-0.013260696,0.028166222,0.002188956,1.71E-06,-0.013750544,0.01060383,0.001248173,-7.80E-07,-0.017664274,0.03467678,0.003756872,-4.18E-06,-0.009469878,0.011490076,0.0012372,1.68E-06,-0.025362792,0.01848358,0.002744425,9.66E-07,-0.006530269,0.011144672,0.000797303,8.37E-07,-0.017315232,0.03369056,0.003453556,-2.58E-06,-0.010282621,0.011785744,0.001356575,7.88E-07
402,L,2,-0.316889712,0.28651401,0.122940302,-0.074641766,0.059643291,0.227725583,0.183432174,0.181842739,1.00E-08,0.195609876,0.027179397,0.009571404,-0.025921582,0.021396155,0.010399078,-0.007355123,-0.060000434,0.010301062,0.02964802,-0.027736354,0.021034492,0.085121474,0.053810298,0.052893871,0.010631245,0.492906303,0.133675483,0.113838111,0.002955913,0.413341149,0.092982167,0.071746442,0.007657135,0.291267866,0.096038801,0.077904911,-0.571705294,0.635763766,0.074135809,-0.000156902,-0.460651871,0.270170548,0.038598941,-7.04E-05,-0.021250194,0.018774995,0.003509752,9.81E-07,-0.01000948,0.010009514,0.001852548,3.43E-06,-0.036390604,0.031313661,0.003828361,-3.08E-06,-0.015352386,0.015108385,0.001984997,9.57E-07,-0.006943442,0.009305108,0.0015939,-2.08E-06,-0.00459439,0.004189887,0.000900419,5.56E-07,-0.010281159,0.013534858,0.002208083,1.81E-06,-0.007448156,0.007305257,0.0012396,5.58E-08,-0.010377141,0.008726517,0.002103547,-3.63E-07,-0.005587943,0.005244665,0.001181362,-1.33E-07,-0.017664274,0.03467678,0.00391396,-1.74E-05,-0.006834804,0.011490076,0.001239726,8.06E-07,-0.013503019,0.018542568,0.002791615,-1.48E-05,-0.005468229,0.008345431,0.000775894,3.45E-07,-0.025346979,0.03369056,0.00396722,-1.11E-05,-0.007946932,0.015004704,0.001496638,7.21E-07
402,M,0,-0.473915008,0.313403728,0.100706746,-0.04656576,0.022054499,0.280840501,0.191377367,0.188488011,7.92E-08,0.236030252,0.027567384,0.009944235,-0.053608078,0.024911489,0.007146017,-0.002054284,-0.061420755,0.017247371,0.028062561,-0.026140293,0.020248669,0.091221565,0.050033598,0.049377013,0.019161669,0.769433543,0.165353274,0.134470316,0.005981742,0.386075284,0.111818989,0.090696895,0.009000061,0.759502751,0.121812228,0.083339341,-1.974534746,2.207101032,0.128642949,0.000395418,-0.951788451,1.398980224,0.073390125,-0.000199462,-0.027188805,0.04203416,0.004440892,2.20E-05,-0.022676878,0.019293297,0.002356154,3.69E-06,-0.050349986,0.0554661,0.004702569,-5.17E-06,-0.026975651,0.028327719,0.002557377,-5.74E-07,-0.022047841,0.027357822,0.001690348,-2.24E-06,-0.013372049,0.018008657,0.001008627,4.73E-07,-0.021038953,0.024000644,0.002322805,8.52E-07,-0.014183425,0.0179942,0.001400509,-6.21E-07,-0.027906803,0.026267406,0.00210506,4.58E-06,-0.025288056,0.017562826,0.001354033,5.35E-07,-0.052088173,0.056445054,0.005337808,-8.71E-05,-0.018346428,0.020267326,0.001737816,3.29E-06,-0.024343812,0.018168061,0.003499986,-2.53E-05,-0.006859031,0.014242294,0.00101499,7.58E-07,-0.059642215,0.058196885,0.005856793,-8.47E-05,-0.018206305,0.026616992,0.002042809,2.04E-06
402,M,1,-0.277687951,0.41971879,0.128995067,-0.03504856,0.042997876,0.232787549,0.185008892,0.183124131,7.92E-08,0.236030252,0.041574401,0.016465551,-0.049718205,0.022826809,0.007814574,-0.004241253,-0.058401039,0.016140824,0.030095151,-0.027917161,0.023745668,0.103028163,0.051672149,0.050774612,0.012409142,0.474654061,0.168466735,0.140037959,0.005739214,0.451049816,0.125036626,0.092433448,0.010034534,0.354930512,0.112902094,0.095375621,-1.067425222,1.148741106,0.09395739,-0.000987395,-0.878680954,0.479054792,0.054241654,-0.000205142,-0.037697643,0.037197513,0.003986306,9.77E-06,-0.019539304,0.018097811,0.00209412,-2.88E-07,-0.050349986,0.0554661,0.005801455,-2.85E-05,-0.026975651,0.028327719,0.002961193,-5.75E-06,-0.015323151,0.018582723,0.001495047,8.66E-07,-0.007208367,0.011764303,0.000866748,-4.32E-08,-0.015753405,0.010597396,0.00226369,2.61E-06,-0.007167355,0.008045487,0.001319416,-1.72E-06,-0.022266082,0.013699329,0.00202801,-3.02E-06,-0.013392571,0.009911266,0.001215375,6.32E-07,-0.021688821,0.033914854,0.00395947,-2.75E-05,-0.008369307,0.013536287,0.001332715,1.54E-07,-0.017172973,0.018787426,0.003073498,7.49E-06,-0.005866473,0.01096372,0.000881078,1.27E-07,-0.022260432,0.031308244,0.003884552,-3.84E-05,-0.009031061,0.012653492,0.001492253,3.84E-07
402,M,2,-0.402681173,0.41971879,0.164861789,-0.095869121,0.02704045,0.246992993,0.179151272,0.175393178,5.79E-07,0.228170038,0.032495593,0.011292665,-0.049718205,0.017180247,0.007786559,-0.004509706,-0.062335251,0.033519219,0.031426522,-0.028645471,0.020200322,0.103028163,0.052932093,0.051824985,0.012409142,0.84932651,0.245776569,0.199979868,0.005739214,0.451049816,0.146649085,0.117688905,0.010034534,0.785606904,0.197231254,0.142731305,-1.067425222,1.148741106,0.094834251,-0.00054886,-0.878680954,0.479662253,0.05353705,-0.000155804,-0.039695499,0.02673983,0.005061441,-1.13E-05,-0.01806227,0.014799188,0.002428842,2.87E-06,-0.041093434,0.054484509,0.004336393,-2.41E-06,-0.026572213,0.019556832,0.002242998,-8.41E-07,-0.015323151,0.018582723,0.001666329,-3.05E-06,-0.007208367,0.011764303,0.000962043,8.28E-07,-0.015753405,0.015073728,0.002637234,-8.66E-06,-0.010468786,0.008138487,0.001535758,-1.01E-06,-0.022266082,0.013699329,0.002344442,3.70E-06,-0.013392571,0.009911266,0.001389092,8.10E-07,-0.035324697,0.053263597,0.006462436,1.26E-05,-0.013372918,0.028019817,0.001853056,-2.02E-06,-0.036141484,0.052415714,0.004749241,-5.30E-06,-0.015880297,0.032513858,0.00160521,-6.12E-07,-0.026168715,0.052833812,0.006234437,1.99E-05,-0.013768366,0.032248402,0.002010803,-1.56E-06
404,H,0,-0.126812414,0.146571067,0.037633457,0.004443006,0.005540293,0.222871712,0.161224627,0.153656425,8.76E-08,0.203660512,0.039116578,0.019091689,-0.021106049,0.013273346,0.004996197,-0.001500427,-0.039682466,0.012697638,0.020561458,-0.017310133,0.025344319,0.062922816,0.041708308,0.04137736,0.010079973,0.335354454,0.133313403,0.112994499,0.00297804,0.3123441,0.087573758,0.068126881,0.006448281,0.302872401,0.100515174,0.078260465,-0.223635625,0.219289713,0.046121753,-5.39E-05,-0.152467856,0.107138005,0.024664806,-2.74E-06,-0.041871336,0.046395743,0.006741601,9.13E-06,-0.018919951,0.020800763,0.003039872,-4.95E-08,-0.043897881,0.057257611,0.005337128,-2.04E-06,-0.027783268,0.021835804,0.002606432,-1.21E-06,-0.005695081,0.00449112,0.001045614,-9.56E-07,-0.00258948,0.002654988,0.000602833,-3.99E-08,-0.010932034,0.015130389,0.002226171,-4.29E-06,-0.008883459,0.007741763,0.001289524,-4.69E-07,-0.006542907,0.007525523,0.001308131,1.06E-06,-0.004764861,0.003567243,0.000791273,6.73E-07,-0.030608291,0.027963091,0.005085513,-1.72E-05,-0.009208452,0.023503167,0.00159507,-4.52E-07,-0.025694025,0.028111129,0.00427754,-3.37E-05,-0.005645955,0.026723489,0.001415141,1.56E-07,-0.031701008,0.02986068,0.004637076,1.59E-05,-0.009422632,0.025704825,0.001687629,-8.05E-07
404,H,1,-0.126812414,0.115675529,0.038126569,-0.003557154,0.010483046,0.215367845,0.161925636,0.156664566,2.62E-08,0.203660512,0.033639889,0.014804369,-0.016468325,0.013273346,0.004288626,-0.00091496,-0.04004908,0.012686003,0.021519835,-0.018570963,0.0283521,0.057338731,0.041944392,0.041621647,0.010079973,0.401879351,0.106219194,0.08292895,0.003656283,0.280814149,0.067155768,0.050650565,0.006448281,0.313713545,0.08229593,0.058586638,-0.295874102,0.252406366,0.044625194,-3.31E-05,-0.138748888,0.146402284,0.024195276,-4.55E-06,-0.047171202,0.044861356,0.006089493,1.85E-05,-0.018032126,0.021016787,0.002686339,1.88E-08,-0.043897881,0.057257611,0.004707195,-1.47E-06,-0.027783268,0.021835804,0.002303432,-9.53E-07,-0.004099661,0.00449112,0.000947191,-1.26E-06,-0.002241378,0.002432915,0.00055124,-4.25E-07,-0.010647782,0.011772001,0.002102884,6.91E-06,-0.005973891,0.006347854,0.001192493,-5.37E-07,-0.006291334,0.005131646,0.001237635,-2.64E-06,-0.003776912,0.003131841,0.000738282,8.07E-07,-0.03399837,0.027963091,0.004427956,7.30E-06,-0.009208452,0.011366312,0.001121146,1.55E-06,-0.02228862,0.020341575,0.003419134,9.12E-06,-0.004986738,0.012518496,0.000957591,7.66E-07,-0.028502506,0.02986068,0.003831759,1.06E-06,-0.009422632,0.015737917,0.001145743,1.43E-06
404,H,2,-0.092277581,0.10302146,0.026859835,-0.01076775,0.015815038,0.21932996,0.166639216,0.162585045,9.04E-09,0.02047435,0.007208792,0.005012411,-0.018135151,0.011247846,0.004248189,-0.001191549,-0.04004908,0.014013973,0.022776283,-0.020149184,0.02312811,0.057493694,0.042918804,0.042560716,0.010461687,0.401879351,0.095708447,0.073189843,0.003656283,0.280814149,0.061592087,0.043226634,0.006691189,0.313713545,0.073256546,0.052979252,-0.295874102,0.252406366,0.04029377,-6.53E-05,-0.138748888,0.146402284,0.022905899,-9.57E-06,-0.047171202,0.04171471,0.005240436,4.20E-06,-0.016367419,0.021016787,0.002407215,7.37E-07,-0.00729734,0.005854304,0.001977935,-2.68E-06,-0.005052062,0.004286963,0.001309654,2.60E-07,-0.00398578,0.004333101,0.000932314,-3.43E-06,-0.002241378,0.002444318,0.000547593,2.85E-07,-0.010647782,0.011772001,0.002053334,-9.84E-07,-0.00620154,0.006347854,0.001189976,5.19E-07,-0.006291334,0.006477048,0.001241284,2.09E-06,-0.003776912,0.004057468,0.000736158,-1.08E-07,-0.03399837,0.02330044,0.003606243,-8.86E-06,-0.005645308,0.009055612,0.000873729,-2.46E-07,-0.02228862,0.020341575,0.002863606,2.50E-06,-0.004070759,0.012518496,0.000764664,-6.15E-07,-0.028502506,0.02093399,0.003023177,-1.11E-05,-0.005922195,0.012467998,0.000906023,1.05E-07
404,L,0,-0.15510546,0.10359036,0.051688083,-0.038943367,0.01199705,0.222981973,0.176296679,0.171594351,7.02E-08,0.159304067,0.0173949,0.006855921,-0.020105656,0.011032431,0.005432594,-0.00277764,-0.037933004,0.023791813,0.019195537,-0.016765216,0.023558205,0.058782223,0.042852419,0.04252075,0.007923775,0.434533928,0.119955563,0.095773442,0.003832853,0.414757107,0.08775499,0.065017571,0.005211199,0.387376806,0.081782632,0.057758182,-0.243147954,0.227389128,0.044777541,0.000322963,-0.128377324,0.134897531,0.024692779,2.54E-05,-0.046607481,0.03783505,0.005091029,1.14E-05,-0.01550559,0.028568323,0.002255276,2.39E-06,-0.044630854,0.031098617,0.003204972,1.77E-06,-0.017081703,0.021958967,0.001644282,-3.33E-07,-0.004791676,0.005165022,0.000978804,9.21E-07,-0.00231555,0.002840504,0.000577435,3.26E-07,-0.013447813,0.010624437,0.001906416,4.77E-06,-0.007235695,0.007076925,0.001124408,-2.54E-06,-0.008672485,0.007240624,0.001223826,-1.95E-06,-0.003985173,0.003758077,0.000730061,3.32E-06,-0.020255763,0.027137585,0.003659438,1.35E-05,-0.006990567,0.009382586,0.000937893,8.41E-07,-0.02591324,0.04596809,0.003389712,-4.26E-06,-0.007728167,0.018983224,0.000874984,-7.43E-07,-0.021474348,0.018863677,0.003294648,2.41E-05,-0.007992333,0.012960415,0.000962288,3.02E-06
404,L,1,-0.108871324,0.091485751,0.049485713,-0.038304101,0.028135893,0.222981973,0.173576413,0.168837267,7.02E-08,0.159304067,0.01734219,0.006590854,-0.018480734,0.011032431,0.005219636,-0.002306779,-0.040170402,0.016987225,0.020288899,-0.017643195,0.026240902,0.057714373,0.043163613,0.042829639,0.010129737,0.343548557,0.100710916,0.086361123,0.003715502,0.171847613,0.06332253,0.05237321,0.004832294,0.327428861,0.078313127,0.058734485,-0.332105001,0.22357342,0.04311412,-5.20E-05,-0.199650186,0.157850479,0.024263068,-2.10E-05,-0.046607481,0.03815337,0.005181637,2.66E-05,-0.01550559,0.028568323,0.002402031,7.78E-06,-0.044630854,0.031098617,0.003204485,5.01E-07,-0.017081703,0.021958967,0.001642317,-1.12E-08,-0.005023303,0.00393658,0.000919579,5.03E-07,-0.00245712,0.002759374,0.000532946,-8.27E-07,-0.010197059,0.009772399,0.001883311,-1.57E-07,-0.005752785,0.005769387,0.001098348,1.75E-07,-0.005831685,0.007240624,0.001211564,-1.51E-07,-0.003430162,0.003581451,0.000728661,1.18E-06,-0.01762843,0.017786499,0.002893355,-2.89E-05,-0.005441764,0.013052664,0.000805117,-4.34E-06,-0.011934337,0.011341649,0.002126951,-1.44E-05,-0.003166288,0.006320001,0.00061919,-1.13E-06,-0.017854754,0.023881084,0.002818764,-2.52E-05,-0.005223892,0.014114701,0.000867195,-4.62E-06
404,L,2,-0.108871324,0.085281398,0.05458494,-0.044084381,0.027478696,0.218869842,0.167466675,0.163223955,4.62E-07,0.148554407,0.021762838,0.008676548,-0.017543647,0.012008672,0.005072366,-0.002427823,-0.040170402,0.016987225,0.020193042,-0.017482548,0.026880692,0.057316401,0.042618495,0.042248348,0.009232403,0.29475145,0.091866121,0.0783769,0.003715502,0.149252501,0.054128415,0.0431045,0.004832294,0.274628369,0.074225999,0.05959818,-0.332105001,0.259315755,0.046115447,-0.00052042,-0.199650186,0.157850479,0.026072115,-4.61E-05,-0.040131354,0.03815337,0.005154368,2.11E-06,-0.014786594,0.016391638,0.002308358,3.25E-07,-0.038109058,0.037272075,0.003246059,-5.52E-07,-0.016289605,0.018787824,0.001742072,-1.47E-07,-0.005357932,0.005229614,0.000985701,-7.94E-07,-0.002628058,0.003792466,0.000575019,2.92E-07,-0.010197059,0.009772399,0.002032677,-7.27E-08,-0.005752785,0.005723876,0.001158361,-4.22E-07,-0.005831685,0.006002998,0.00127477,-5.22E-07,-0.003610407,0.00331304,0.000753171,7.70E-07,-0.01866961,0.017786499,0.002956499,-1.96E-05,-0.005441764,0.013052664,0.000850941,1.99E-07,-0.009537692,0.012271022,0.002215868,-6.23E-06,-0.002781449,0.006320001,0.000616208,9.99E-07,-0.024882969,0.023881084,0.003042147,-1.90E-05,-0.007210157,0.014424411,0.000992624,-5.00E-07
404,M,0,-0.072637773,0.344310147,0.070691793,0.0258759,0.005725546,0.217148247,0.158383384,0.152061186,7.02E-08,0.183113283,0.030192565,0.013028912,-0.017569184,0.013406075,0.005108676,0.000150846,-0.045444346,0.022573074,0.021704331,-0.018071863,0.023367239,0.060656266,0.043010645,0.042637436,0.012088711,0.408498321,0.139181786,0.107641371,0.002678689,0.337211623,0.099881781,0.072410582,0.005385697,0.380660922,0.096928836,0.064981116,-0.295857277,0.349699307,0.049081943,-0.000956148,-0.170933619,0.156833076,0.02770988,-1.66E-05,-0.050235559,0.04023865,0.005814245,-4.21E-05,-0.018110718,0.020342659,0.002663263,2.92E-06,-0.029485402,0.038829743,0.004672132,-6.48E-07,-0.023188587,0.019363756,0.00242197,-6.68E-07,-0.004983221,0.004108621,0.001057795,-5.73E-06,-0.002879385,0.002593931,0.000588424,7.09E-07,-0.013916406,0.016674977,0.002382267,4.26E-06,-0.009363591,0.008042545,0.001324199,1.02E-06,-0.006368304,0.008526955,0.00136876,-6.06E-06,-0.004445628,0.004426911,0.000811869,8.87E-07,-0.029394931,0.036834788,0.005239632,1.30E-05,-0.008942268,0.020341172,0.001314623,-1.67E-06,-0.037073712,0.041033349,0.004112198,6.67E-06,-0.005714327,0.033226444,0.00121459,-2.66E-06,-0.025023647,0.03451341,0.00439304,1.10E-05,-0.008400624,0.012384204,0.001207206,8.35E-07
404,M,1,-0.094801307,0.102915253,0.036756682,-0.00776383,0.005725546,0.217148247,0.15878651,0.15466577,3.35E-07,0.183113283,0.029122057,0.012277784,-0.017569184,0.012837902,0.005134298,0.000462935,-0.041325016,0.022573074,0.024345884,-0.021260506,0.027506484,0.057001792,0.044661688,0.04435943,0.009323019,0.314133075,0.099117352,0.079683649,0.00283681,0.219593008,0.070598115,0.054127917,0.005385697,0.287720998,0.069571227,0.049803073,-0.243941942,0.235718057,0.042697249,-0.000131875,-0.155388884,0.156833076,0.024940497,-1.32E-05,-0.050235559,0.04023865,0.005424147,5.36E-06,-0.018110718,0.020342659,0.002508941,-1.39E-07,-0.029485402,0.03820682,0.004257765,1.16E-07,-0.017788197,0.018352105,0.002151508,-6.27E-07,-0.004912002,0.004761439,0.001011829,1.45E-06,-0.002560178,0.002498727,0.00056581,-3.83E-08,-0.013155099,0.014614853,0.002154345,-3.19E-06,-0.006506424,0.006711166,0.001195573,-1.40E-06,-0.006368304,0.006842059,0.001245437,3.77E-06,-0.00410189,0.004426911,0.000742949,1.16E-06,-0.018999097,0.036834788,0.003662412,5.39E-06,-0.008942268,0.008693417,0.000953435,-1.21E-06,-0.016163807,0.019923469,0.002733432,3.88E-06,-0.004250897,0.009502238,0.000754898,-9.16E-07,-0.018632422,0.03451341,0.003199568,3.93E-06,-0.008400624,0.01130759,0.00097611,-8.87E-07
404,M,2,-0.094801307,0.077618281,0.036547943,-0.022063174,0.015715937,0.220226701,0.160069454,0.156447607,2.73E-08,0.208907452,0.024036099,0.009833877,-0.018630004,0.011147348,0.005016538,1.72E-05,-0.042522771,0.01877068,0.025488712,-0.022897961,0.02949485,0.057785844,0.044836719,0.044543953,0.009323019,0.314133075,0.107824884,0.09109317,0.00283681,0.251595437,0.076430032,0.056451655,0.005686699,0.284131326,0.076056924,0.061820574,-0.243941942,0.20338351,0.039083283,-4.98E-05,-0.149059112,0.098251166,0.022234546,-2.42E-05,-0.038749064,0.039904315,0.00505143,4.62E-07,-0.015512475,0.025662298,0.002392142,1.03E-05,-0.028571523,0.030313616,0.003277647,3.04E-06,-0.014172257,0.01334033,0.001757698,7.09E-07,-0.003874553,0.004761439,0.000909423,-5.75E-07,-0.002146168,0.002477282,0.000527397,4.07E-08,-0.012824197,0.014614853,0.002156186,1.06E-06,-0.008496607,0.006711166,0.001244604,-1.52E-06,-0.006253719,0.005888685,0.001212398,2.44E-07,-0.003349431,0.003164829,0.000727044,1.19E-07,-0.015058591,0.023481651,0.00284659,-4.03E-05,-0.003921727,0.008422106,0.000768438,5.39E-07,-0.012397252,0.013364456,0.002216355,-5.16E-05,-0.003035856,0.007782697,0.000583147,4.00E-07,-0.01803344,0.026026019,0.002547627,-1.16E-05,-0.004033745,0.008341592,0.000849149,2.27E-07
407,H,0,-0.088676427,0.119589543,0.076312653,0.064896979,0.011780292,0.2023333,0.156816778,0.149457006,1.08E-06,0.13907537,0.022815497,0.015905495,-0.016994164,0.008655933,0.00509441,-0.003234744,-0.039528077,0.022412613,0.020048233,-0.015792698,0.029434951,0.064494731,0.048878016,0.048456921,0.00909372,0.328039927,0.118322412,0.10297417,0.002281085,0.271744515,0.088659137,0.073333927,0.005780376,0.194574067,0.078356561,0.060762806,-0.293456934,0.215124358,0.045606289,0.000130498,-0.148785777,0.149641729,0.024117886,-2.35E-05,-0.042389586,0.044940264,0.006472107,-6.07E-06,-0.018780086,0.023905451,0.002887507,-9.71E-06,-0.036736634,0.027818007,0.003009278,-2.96E-08,-0.022141455,0.015867062,0.001720736,4.17E-06,-0.004602206,0.00415209,0.000889042,-8.88E-07,-0.002857912,0.002914316,0.000525091,-9.32E-08,-0.008393209,0.012137452,0.00195599,-7.83E-06,-0.005700685,0.004971922,0.001082528,3.24E-06,-0.005564095,0.004328509,0.001110445,5.42E-07,-0.00260025,0.003057601,0.000660244,2.58E-07,-0.025406447,0.027644518,0.003370325,-3.50E-05,-0.007112559,0.019133882,0.001142135,9.36E-08,-0.030675319,0.021928037,0.002932859,-3.76E-06,-0.007593752,0.020213001,0.001020821,-5.76E-07,-0.025253429,0.02700631,0.003118484,-4.25E-05,-0.006719066,0.019970153,0.001206857,3.46E-07
407,H,1,-0.071498409,0.13154881,0.086376177,0.077296056,0.012479175,0.2023333,0.164185968,0.158522403,5.73E-06,0.116384685,0.01721669,0.014063076,-0.015571363,0.00830705,0.004915227,-0.002981177,-0.038646179,0.022982549,0.020786849,-0.01750561,0.03155423,0.062236807,0.048547616,0.048133868,0.009592528,0.253063665,0.102633771,0.088090133,0.001754663,0.228385071,0.086554418,0.07011404,0.008069458,0.170646189,0.055154545,0.043115432,-0.235733078,0.212490606,0.043889046,-7.79E-05,-0.098848506,0.142315855,0.023138987,-2.38E-05,-0.042389586,0.044940264,0.006635352,-6.63E-06,-0.018780086,0.023905451,0.002980764,-1.08E-05,-0.017743523,0.025361401,0.002540444,6.73E-07,-0.009754489,0.007328722,0.001513772,7.07E-07,-0.003665617,0.003527763,0.000853869,-1.80E-06,-0.002085745,0.002289812,0.000513986,-5.59E-07,-0.011205701,0.010463806,0.001955682,-7.02E-06,-0.00508259,0.005470906,0.001076088,1.33E-06,-0.005564095,0.007920854,0.001151846,1.05E-07,-0.003184951,0.003791347,0.000688013,4.66E-08,-0.016359581,0.027644518,0.002638156,4.19E-06,-0.006987895,0.019133882,0.000956879,1.34E-07,-0.01796902,0.021928037,0.002485073,-1.18E-05,-0.005084039,0.011324222,0.000783919,-6.08E-07,-0.02074436,0.02440046,0.002436979,1.72E-05,-0.006497209,0.019970153,0.001007673,9.41E-07
407,H,2,-0.042161992,0.145921723,0.086061076,0.077021933,0.008080916,0.203089181,0.162451682,0.155731272,2.88E-05,0.136444851,0.028173586,0.019574395,-0.016708549,0.008350885,0.005259883,-0.002655771,-0.041501097,0.022982549,0.019947258,-0.016592277,0.03155423,0.06345042,0.047578313,0.047161993,0.009592528,0.333124424,0.109418472,0.090480326,0.001754663,0.228385071,0.07881171,0.06105313,0.006081046,0.332881235,0.075902018,0.055931212,-0.235733078,0.236708716,0.044218156,-0.000146097,-0.13100266,0.117227024,0.023548078,-3.71E-05,-0.039649897,0.040156194,0.006543911,6.95E-06,-0.016257649,0.021544911,0.002872923,-8.93E-06,-0.029924532,0.031987292,0.003681445,-2.87E-06,-0.014711548,0.012775476,0.001887138,-7.86E-07,-0.004321115,0.004366309,0.000923139,-3.14E-06,-0.002085745,0.0027165,0.000536647,-5.31E-07,-0.011205701,0.011124728,0.001943524,2.64E-06,-0.006691584,0.005470906,0.001074545,1.52E-06,-0.004728917,0.007920854,0.001118628,3.42E-07,-0.003184951,0.003791347,0.000671105,-3.31E-07,-0.011627441,0.025387621,0.002783265,5.31E-06,-0.006057851,0.009012309,0.000805208,-1.88E-07,-0.01796902,0.016005422,0.00254651,-8.60E-06,-0.004587442,0.011324222,0.000726858,-4.71E-07,-0.0124837,0.021534271,0.002471036,1.68E-05,-0.004685468,0.00679384,0.000782346,6.59E-07
407,L,0,-0.110077927,0.157839188,0.059853324,0.037774511,0.005166308,0.20216927,0.145111308,0.13430121,8.42E-07,0.132521225,0.017202058,0.010718584,-0.018960493,0.011876219,0.006067638,-0.002354238,-0.037562092,0.023938537,0.016725478,-0.009763813,0.029707808,0.060805373,0.043964437,0.043662258,0.012797976,0.416815654,0.164457323,0.145365096,0.002258551,0.399164626,0.119165996,0.095417545,0.006279613,0.291309453,0.113338769,0.096616734,-0.273635298,0.210694011,0.042040702,0.00020148,-0.130371898,0.123457191,0.022455811,3.29E-06,-0.045663638,0.033324595,0.006157936,4.74E-05,-0.016705808,0.019600768,0.002641772,-1.22E-05,-0.034694456,0.029012502,0.003127901,-2.91E-06,-0.01241488,0.014833265,0.0017469,-1.06E-06,-0.004933077,0.005482119,0.00102062,-3.35E-06,-0.002751181,0.003307379,0.00057377,-1.07E-06,-0.01364744,0.014489696,0.0021092,-4.06E-06,-0.007568883,0.007157015,0.001153469,3.20E-06,-0.005588045,0.00589855,0.001106549,-2.33E-08,-0.00289131,0.00358365,0.000671711,-2.79E-09,-0.024823609,0.024084099,0.004091638,-2.43E-05,-0.005513458,0.010065846,0.000954001,9.06E-08,-0.023363082,0.019404454,0.003190671,-2.37E-06,-0.004831484,0.014246343,0.000768079,2.14E-07,-0.025574895,0.029540384,0.003796413,-2.93E-05,-0.006019719,0.019459644,0.001217736,-4.28E-07
407,L,1,-0.110077927,0.157839188,0.074530091,0.056518378,0.005166308,0.198431434,0.160644243,0.152884813,5.90E-09,0.132521225,0.013957685,0.008988178,-0.018960493,0.010799376,0.006365519,-0.002521541,-0.037562092,0.023750345,0.018613651,-0.014789136,0.029591719,0.055055885,0.044314047,0.044058793,0.011705722,0.416815654,0.140959295,0.119628275,0.002258551,0.399164626,0.114240611,0.090622175,0.00686177,0.291309453,0.082574848,0.06338337,-0.273635298,0.166591632,0.039019505,-9.45E-06,-0.136649706,0.123457191,0.020389951,7.09E-06,-0.039787012,0.033324595,0.006141319,-4.96E-06,-0.016705808,0.019600768,0.002609926,-1.01E-05,-0.034694456,0.029012502,0.002605122,-1.15E-06,-0.01241488,0.014833265,0.001547519,7.79E-07,-0.004933077,0.005296743,0.001076175,-1.68E-06,-0.002663792,0.00268331,0.000585673,-1.77E-06,-0.01364744,0.012384882,0.001969862,2.73E-07,-0.007568883,0.007157015,0.001095372,2.68E-06,-0.005588045,0.005025736,0.00108046,3.69E-06,-0.003069459,0.003070254,0.000661615,-3.82E-07,-0.024823609,0.031319135,0.003590778,2.36E-05,-0.005513458,0.016058604,0.000888187,-4.43E-07,-0.022949926,0.019404454,0.002887658,2.58E-05,-0.004831484,0.011619389,0.00071323,-4.53E-07,-0.020403196,0.031179667,0.003343724,-1.68E-06,-0.006916282,0.020020875,0.001093318,-9.43E-07
407,L,2,-0.096317759,0.122717535,0.06525775,0.052535087,0.009795285,0.19992641,0.165697898,0.159343954,5.90E-09,0.030937957,0.007908391,0.005907685,-0.017081775,0.010799376,0.006068396,-0.002757784,-0.036588164,0.023476446,0.017057904,-0.013924852,0.029591719,0.055177983,0.043446963,0.043195394,0.010096913,0.32839036,0.10979356,0.097273641,0.002605816,0.231595179,0.093633523,0.080754271,0.006062218,0.252396961,0.057335759,0.039258581,-0.27364907,0.193645111,0.035434245,-0.000267171,-0.136649706,0.121981276,0.018742018,5.58E-06,-0.043348498,0.035936978,0.005743534,-8.27E-07,-0.013850618,0.019272703,0.002369723,-8.48E-06,-0.00599427,0.00558859,0.001861213,-5.39E-07,-0.003933483,0.003874136,0.001233441,3.64E-07,-0.00463729,0.005296743,0.000999421,5.34E-07,-0.002967584,0.002727926,0.000562052,-1.32E-06,-0.013460359,0.011292429,0.001854289,3.67E-06,-0.005992361,0.005821863,0.001046574,2.50E-06,-0.006678963,0.005314504,0.001052633,-2.97E-06,-0.003942557,0.003415298,0.000644535,-8.53E-08,-0.025765959,0.031319135,0.002846676,-1.31E-05,-0.005408951,0.016058604,0.000780179,1.52E-07,-0.021514289,0.016731167,0.002226487,-1.16E-05,-0.005152266,0.016972303,0.00074893,-1.30E-06,-0.021147674,0.031179667,0.002745911,-6.77E-06,-0.006916282,0.020020875,0.000820797,9.99E-07
407,M,0,-0.061298766,0.121620599,0.072669327,0.062979596,0.011686313,0.207129356,0.157293319,0.14958454,1.97E-08,0.133967322,0.009175341,0.005351394,-0.017821633,0.008103342,0.005637243,-0.003554743,-0.033713087,0.023282577,0.016784993,-0.01245498,0.027058251,0.060231819,0.047164766,0.046740054,0.00861596,0.250054297,0.104325496,0.089893007,0.00194808,0.213112432,0.079507059,0.066056468,0.005743135,0.232357243,0.067545812,0.05025781,-0.218505582,0.2064463,0.041941739,-0.000330705,-0.122800263,0.134041525,0.023056171,-7.12E-05,-0.044796877,0.035030453,0.006280072,-2.69E-05,-0.017705793,0.01990865,0.00275669,-1.12E-05,-0.032246709,0.03311202,0.002371139,2.22E-06,-0.01660758,0.012724044,0.00141676,-1.92E-06,-0.004640787,0.003879155,0.000975638,3.81E-07,-0.002649101,0.002931418,0.000565831,-1.20E-06,-0.007392593,0.009560781,0.001792981,1.07E-05,-0.00395824,0.004481576,0.001004609,1.29E-06,-0.007191556,0.004894789,0.001109706,-2.84E-06,-0.003171933,0.00332381,0.000645712,-1.01E-06,-0.019746167,0.022892883,0.002444336,-1.77E-06,-0.005452911,0.017678097,0.000939869,-7.64E-07,-0.024961076,0.01695295,0.002423489,-6.02E-06,-0.00590249,0.015825391,0.000878257,-1.30E-06,-0.015795237,0.018191991,0.002283702,5.06E-06,-0.004707598,0.011163663,0.000860771,1.98E-07
407,M,1,-0.078656832,0.121620599,0.076835728,0.067735902,0.011347271,0.205326331,0.158523166,0.15191205,1.97E-08,0.133967322,0.01261194,0.006701157,-0.018946451,0.007453358,0.005827951,-0.004004405,-0.034328419,0.023282577,0.018467468,-0.01479066,0.02910659,0.060231819,0.047732853,0.047343275,0.00861596,0.243717791,0.089075009,0.078034135,0.00194808,0.213112432,0.073380283,0.060193383,0.00487954,0.158106037,0.050494468,0.039667157,-0.222468583,0.251680379,0.044344503,-0.000208732,-0.129228644,0.146601162,0.024348155,-2.30E-05,-0.044796877,0.033478507,0.006651356,1.92E-06,-0.017705793,0.020022493,0.002920435,-1.15E-05,-0.032246709,0.03311202,0.002837795,5.50E-06,-0.01660758,0.012724044,0.001557564,-2.86E-07,-0.005433961,0.003903319,0.000980024,-1.34E-06,-0.002649101,0.002773291,0.000572572,-1.15E-06,-0.012646875,0.011954645,0.001916062,4.77E-06,-0.004939266,0.006621823,0.00103855,1.90E-06,-0.007191556,0.007457714,0.001133477,-3.16E-07,-0.003988695,0.004394516,0.000657871,-1.12E-06,-0.01837775,0.022892883,0.002388074,-1.20E-05,-0.005452911,0.017678097,0.000909566,2.56E-07,-0.024961076,0.01695295,0.002339543,-1.41E-05,-0.00590249,0.015825391,0.000862842,-4.32E-07,-0.009794955,0.018191991,0.002131069,6.44E-07,-0.004707598,0.011163663,0.000814781,8.37E-07
407,M,2,-0.085161152,0.151131743,0.075858053,0.06368262,0.010974568,0.205326331,0.156819786,0.149147718,1.23E-07,0.137120389,0.015030643,0.009076503,-0.018946451,0.006604269,0.006150524,-0.00445025,-0.038453429,0.023192127,0.018312459,-0.014277734,0.030530345,0.058847665,0.046857849,0.046477931,0.007312627,0.240542436,0.10167669,0.089075601,0.002163511,0.192413242,0.082437133,0.069148681,0.00487954,0.175848009,0.059516959,0.047174956,-0.284178366,0.251680379,0.045859681,0.000120673,-0.176712816,0.15809905,0.024661132,-2.25E-05,-0.03935961,0.033489065,0.006460407,-8.60E-06,-0.014396104,0.020022493,0.002806322,-8.37E-06,-0.036604834,0.034333223,0.003075163,6.77E-07,-0.019033045,0.013190553,0.001704034,7.66E-07,-0.005433961,0.004440814,0.000932724,1.66E-06,-0.003328103,0.002773291,0.00054857,-6.92E-07,-0.012646875,0.012527244,0.002089378,-5.47E-07,-0.00632434,0.006621823,0.001154988,1.96E-06,-0.007252587,0.007457714,0.00112833,5.50E-07,-0.003988695,0.004800397,0.000673117,-6.59E-07,-0.019829058,0.024421911,0.00316047,5.31E-06,-0.006166582,0.009908796,0.000925015,4.98E-06,-0.0194979,0.021439084,0.00281837,-5.20E-06,-0.005542029,0.012355728,0.000919185,3.03E-06,-0.013773131,0.021633205,0.002486398,1.31E-05,-0.005900052,0.006972821,0.000816937,4.10E-06
408,H,0,-0.111101023,0.133345791,0.039395768,0.013838473,0.010912059,0.219966687,0.165746146,0.158905473,5.65E-08,0.247312597,0.048281361,0.020079128,-0.014736685,0.013128195,0.004317264,0.000183435,-0.051778822,0.016069692,0.026761268,-0.023565286,0.025186977,0.066963398,0.046927223,0.04630137,0.009696332,0.543197483,0.169217779,0.135185528,0.002066967,0.331252736,0.110390284,0.083141356,0.006569447,0.52034819,0.128252259,0.093215323,-0.257955256,0.298945451,0.04746949,0.000374161,-0.160809245,0.185685326,0.025811644,3.15E-05,-0.046345338,0.041770013,0.006605834,4.99E-05,-0.020989394,0.028417107,0.003032918,6.33E-07,-0.053735918,0.051429489,0.005854496,-3.17E-06,-0.022452127,0.023828591,0.002668546,-4.40E-07,-0.005587381,0.004242751,0.000942659,2.13E-06,-0.002711217,0.003058779,0.000562557,4.67E-07,-0.013916805,0.015961726,0.002450882,-6.48E-06,-0.009333827,0.008843725,0.001373058,-7.86E-07,-0.011445513,0.008667337,0.001556009,4.92E-06,-0.006477997,0.004908022,0.000909539,-4.52E-08,-0.033009551,0.041811718,0.006465721,-9.89E-06,-0.007036299,0.015603716,0.001343167,4.48E-08,-0.029918021,0.024266237,0.004260097,-2.06E-05,-0.005613987,0.020323596,0.001177262,-7.96E-07,-0.025190779,0.039575642,0.006029733,1.15E-05,-0.006877363,0.018500958,0.001385418,9.36E-07
408,H,1,-0.081841205,0.133345791,0.039808669,0.023443047,0.011345279,0.221905045,0.165016878,0.158409621,5.65E-08,0.313905526,0.055344999,0.021076448,-0.013688249,0.013128195,0.004052802,9.07E-05,-0.051371143,0.01765631,0.026683787,-0.02359806,0.025014536,0.06656243,0.047699855,0.047111601,0.009696332,0.543197483,0.167044779,0.132043688,0.001406783,0.315223089,0.106721172,0.079558043,0.006569447,0.443143764,0.128508947,0.097691084,-0.222194664,0.249377883,0.044509857,0.000126648,-0.119430088,0.113824393,0.02456982,1.46E-06,-0.046345338,0.03842835,0.006677733,1.16E-05,-0.016317773,0.02183824,0.003027276,1.42E-06,-0.064555188,0.051429489,0.006871893,2.53E-06,-0.022452127,0.027492263,0.003026053,-5.52E-06,-0.005587381,0.004242751,0.000981825,8.64E-08,-0.002711217,0.003058779,0.000589058,-7.13E-08,-0.01453531,0.012512185,0.002366411,4.74E-06,-0.008513592,0.007374415,0.001348995,-1.05E-06,-0.00996042,0.009054675,0.001538234,-2.27E-06,-0.005112745,0.00544945,0.000906109,1.34E-06,-0.037175463,0.041811718,0.006939758,3.43E-05,-0.009809522,0.015603716,0.001461322,1.54E-07,-0.02180939,0.032567546,0.004928691,1.20E-05,-0.006771334,0.017959282,0.001272683,-5.13E-07,-0.033794729,0.039575642,0.006075975,3.20E-05,-0.008989443,0.028638666,0.001599547,5.01E-07
408,H,2,-0.096091901,0.457950364,0.058389701,0.025978732,0.011708264,0.221905045,0.15944177,0.152310206,1.20E-07,0.326593402,0.054155489,0.019599859,-0.015479078,0.013761914,0.00444341,-0.00059158,-0.051371143,0.01765631,0.026225062,-0.022627645,0.025014536,0.067430674,0.047848215,0.047175772,0.011634281,0.60436885,0.210792351,0.175704287,0.001406783,0.437118891,0.149997192,0.119992261,0.007238409,0.459082584,0.148102187,0.114171906,-0.332106298,0.302492866,0.052859752,-3.79E-05,-0.121933741,0.113824393,0.026598451,1.86E-05,-0.049436284,0.03842835,0.007323677,6.82E-06,-0.019666806,0.022066146,0.003299434,4.28E-06,-0.064555188,0.056173515,0.006791291,-5.39E-06,-0.030455595,0.027492263,0.002988256,6.97E-07,-0.00499697,0.004192452,0.001013736,-8.06E-07,-0.002346005,0.00252823,0.000582747,-1.35E-07,-0.01453531,0.013279477,0.002588759,1.45E-06,-0.008513592,0.007826841,0.001462048,1.64E-07,-0.00996042,0.009054675,0.001601361,-2.74E-06,-0.005112745,0.00544945,0.000956994,4.85E-07,-0.04056236,0.042650658,0.007556339,1.23E-05,-0.009809522,0.020416488,0.001633349,-2.52E-06,-0.027749322,0.034251774,0.00581312,8.81E-06,-0.007129465,0.018501261,0.001439784,-2.08E-06,-0.033794729,0.039114824,0.00651127,9.91E-06,-0.008989443,0.028638666,0.00176224,-1.51E-06
408,L,0,-0.04782107,0.107484176,0.048326128,0.043829737,0.00385316,0.218406456,0.167404619,0.163747261,7.30E-07,0.285847751,0.05685612,0.021896693,-0.014869357,0.009543119,0.004882945,-0.002777606,-0.048477647,0.011289136,0.028229084,-0.02625866,0.02733437,0.065716917,0.049217004,0.048718712,0.010057512,0.398173624,0.09793067,0.077791302,0.001994057,0.231511138,0.070580493,0.056660479,0.005339478,0.324084139,0.067888218,0.04559232,-0.327551454,0.32008808,0.045636527,-8.99E-05,-0.180246186,0.200575658,0.026293045,7.54E-05,-0.046436865,0.038073528,0.005750697,5.61E-06,-0.019990129,0.025047272,0.002682136,-2.41E-06,-0.059458456,0.050156617,0.006619165,3.30E-05,-0.032421895,0.024714356,0.002957733,-1.78E-06,-0.004095444,0.003402514,0.000851197,3.49E-06,-0.002093298,0.002196919,0.00049621,-1.49E-06,-0.014984892,0.014679654,0.00238893,-1.32E-06,-0.007965057,0.008569633,0.001334539,-2.89E-06,-0.009042033,0.00874894,0.001432704,-3.02E-09,-0.006445195,0.003916168,0.000844358,7.50E-07,-0.019076022,0.030288021,0.002897067,-9.93E-06,-0.005157954,0.006557371,0.000673371,6.95E-07,-0.013491098,0.015110739,0.001939544,-1.50E-05,-0.003454033,0.010089414,0.000590334,1.04E-07,-0.015723169,0.026897442,0.002673614,5.66E-06,-0.005016167,0.008053704,0.000707083,2.45E-07
408,L,1,-0.038160891,0.10425059,0.045788988,0.042282677,0.00385316,0.207556528,0.169670022,0.167231543,3.10E-07,0.279045196,0.042481613,0.015615178,-0.011479675,0.012412444,0.004354903,-0.000179774,-0.051301311,0.014638845,0.030803005,-0.029115227,0.028774995,0.065716917,0.051445505,0.051034156,0.010057512,0.345885979,0.075110482,0.062506136,0.001994057,0.192934454,0.050771477,0.0413901,0.005339478,0.291807599,0.05535198,0.040509122,-0.216422513,0.32008808,0.041934596,0.000101908,-0.180246186,0.171395816,0.024278218,-2.52E-06,-0.044478727,0.035378589,0.004872754,3.50E-05,-0.019990129,0.020317961,0.002272655,3.85E-06,-0.052827759,0.047130711,0.004746528,-1.41E-06,-0.032421895,0.024714356,0.002302163,8.68E-07,-0.004396281,0.003446482,0.000862358,1.09E-06,-0.002571952,0.001932291,0.000497093,-1.01E-07,-0.016510399,0.017698402,0.002321318,-1.14E-05,-0.012020485,0.008569633,0.001304527,5.73E-07,-0.009633715,0.009150189,0.001427688,3.50E-06,-0.006445195,0.004600846,0.00084585,-1.51E-09,-0.026488244,0.03254041,0.002719269,-6.26E-05,-0.006706574,0.014171579,0.000753088,1.31E-06,-0.019104352,0.025814073,0.001977433,-2.03E-05,-0.005461132,0.017885252,0.000738066,1.46E-06,-0.022201483,0.025886337,0.002482093,-6.05E-05,-0.00568659,0.014981193,0.000733904,5.56E-07
408,L,2,-0.038160891,0.121092011,0.045275601,0.039849501,0.010255767,0.207556528,0.168986051,0.165393101,3.10E-07,0.118700584,0.020472064,0.007995615,-0.010888709,0.012412444,0.004184952,0.001097708,-0.051301311,0.022717492,0.029162238,-0.02688206,0.028581052,0.064685334,0.050640206,0.050248909,0.007364016,0.347901806,0.089968891,0.072947478,0.001999644,0.192934454,0.04797047,0.037502262,0.006409159,0.309293608,0.076113306,0.057598609,-0.216422513,0.304172793,0.041027332,-1.75E-05,-0.150438372,0.126237472,0.023412662,-4.11E-05,-0.037739101,0.041926402,0.004865745,6.01E-06,-0.01570519,0.01918508,0.002189937,5.16E-06,-0.01205669,0.00998353,0.00202993,-3.13E-05,-0.005886561,0.006860218,0.001318118,4.87E-07,-0.004396281,0.003446482,0.000884241,6.06E-07,-0.002571952,0.001932291,0.000520369,1.21E-06,-0.016510399,0.017698402,0.002264289,1.07E-06,-0.012020485,0.007466677,0.001287164,1.21E-06,-0.009633715,0.009150189,0.00137486,1.78E-07,-0.005112157,0.004600846,0.000821194,-2.68E-07,-0.026488244,0.03254041,0.003765225,-4.40E-06,-0.006706574,0.024941228,0.001004981,1.20E-06,-0.019104352,0.025814073,0.002498121,1.65E-06,-0.005461132,0.017885252,0.000867935,1.14E-06,-0.022201483,0.025886337,0.00337855,-7.92E-06,-0.005921593,0.019259692,0.000917446,6.29E-07
408,M,0,-0.232094911,0.043355053,0.062647579,-0.036444646,0.009383559,0.225111145,0.170403575,0.165815587,1.96E-09,0.332438883,0.044278197,0.013565403,-0.016233783,0.0135743,0.004229442,-7.05E-05,-0.051522994,0.013200658,0.024444626,-0.021727143,0.025871746,0.066583549,0.047713395,0.047253883,0.012150227,0.504526633,0.14316289,0.111306864,0.002762758,0.389983962,0.107496868,0.080614784,0.007233244,0.45699764,0.094551766,0.060620058,-0.403513244,0.330916722,0.050145022,0.000294409,-0.213769361,0.207326824,0.027703406,2.49E-06,-0.045200952,0.035358784,0.006130196,1.59E-05,-0.0206579,0.022021083,0.002836909,4.98E-06,-0.055612191,0.058412742,0.005191785,1.91E-06,-0.020771865,0.023745284,0.00234645,7.00E-07,-0.00427843,0.004370678,0.000974217,2.88E-06,-0.00247061,0.002945433,0.000558703,9.15E-07,-0.014078801,0.013011115,0.002220542,-2.75E-06,-0.006179236,0.006950567,0.00123209,-6.38E-08,-0.009238576,0.007670464,0.00142172,-7.41E-07,-0.004777611,0.003908321,0.000825451,4.39E-07,-0.019854352,0.04263177,0.004238645,-2.51E-05,-0.007051917,0.012983627,0.000981273,7.58E-07,-0.016270806,0.018552582,0.002830134,-2.66E-05,-0.003442411,0.012137907,0.000816806,3.87E-07,-0.015215233,0.041360674,0.004055615,1.63E-06,-0.006887133,0.011698259,0.000995486,1.23E-06
408,M,1,-0.241907095,0.120760208,0.060602111,-0.020424148,0.009383559,0.219313226,0.173435567,0.168907083,2.35E-09,0.253729866,0.039959549,0.01268893,-0.01476118,0.01365039,0.004232878,0.000554717,-0.047422463,0.015349988,0.02296326,-0.020218418,0.024848785,0.063893678,0.047218007,0.046815026,0.009050207,0.369827883,0.133849084,0.111136636,0.002719552,0.358274528,0.106528936,0.079336057,0.006848063,0.328463249,0.081038034,0.060893941,-0.286611598,0.289717243,0.043293814,-6.91E-05,-0.112299836,0.157706377,0.023618646,-6.71E-06,-0.04385622,0.038888163,0.00632842,-3.93E-05,-0.018516004,0.027647392,0.002888865,4.14E-06,-0.04783216,0.040854992,0.003848224,-1.01E-06,-0.0159222,0.018344212,0.001724169,-9.00E-08,-0.00427843,0.004370678,0.000983294,-2.05E-06,-0.002202732,0.002945433,0.000565418,2.08E-08,-0.014902134,0.01818592,0.00232027,3.18E-06,-0.009436915,0.007263913,0.001314905,-3.96E-07,-0.009126946,0.009129863,0.001433027,-9.32E-07,-0.00493778,0.005547955,0.000838287,3.41E-07,-0.023856412,0.039662211,0.004576953,4.48E-05,-0.009108357,0.016541038,0.001125966,6.48E-06,-0.019867658,0.021809813,0.00338693,-1.99E-06,-0.004820615,0.018058969,0.001022231,5.03E-06,-0.021202975,0.036170181,0.004216189,5.20E-05,-0.008649055,0.014701947,0.001086113,5.25E-06
408,M,2,-0.241907095,0.14502421,0.054147065,-0.005758689,0.011513355,0.223731815,0.169984344,0.164846908,9.21E-08,0.259712787,0.052490231,0.020265101,-0.013177901,0.015394719,0.004757745,0.000982011,-0.046617103,0.015349988,0.025180927,-0.022329593,0.024848785,0.06694352,0.048518252,0.048078436,0.009050207,0.414598114,0.142790674,0.121033875,0.00261902,0.358274528,0.109021633,0.081177272,0.006102865,0.327428596,0.092214207,0.074061783,-0.286611598,0.289717243,0.044962194,-1.45E-05,-0.128668001,0.157706377,0.024813724,3.40E-07,-0.046486517,0.041873015,0.006795622,6.08E-06,-0.02148894,0.027647392,0.0031666,1.91E-06,-0.055068038,0.044951431,0.00548242,-1.35E-06,-0.016561732,0.01877034,0.002356672,2.52E-08,-0.003949807,0.003727973,0.000962157,-1.26E-06,-0.001939697,0.002131485,0.000556683,-1.38E-06,-0.014902134,0.01818592,0.002286158,1.91E-06,-0.009436915,0.007263913,0.001300574,-8.86E-07,-0.009126946,0.009129863,0.001414483,-4.30E-07,-0.00493778,0.005547955,0.000818204,5.75E-07,-0.023856412,0.039662211,0.004844001,-1.86E-05,-0.009108357,0.016541038,0.001197053,1.62E-06,-0.020675059,0.021809813,0.00371477,-2.76E-05,-0.005344008,0.018058969,0.001076972,8.52E-07,-0.025209996,0.035968905,0.00456336,4.00E-06,-0.008649055,0.022221134,0.001291675,7.82E-07
409,H,0,-0.11175037,0.020747161,0.058326324,-0.051033873,0.0062721,0.217305915,0.169896182,0.16368799,3.23E-07,0.273793525,0.056057185,0.029324938,-0.016320581,0.009968017,0.004555695,-0.000344429,-0.043497734,0.017494938,0.023509131,-0.019421496,0.017794953,0.063402115,0.044887263,0.044263934,0.015439276,0.358525719,0.164647929,0.151132051,0.002601376,0.268080809,0.103756858,0.086688936,0.008293337,0.283183735,0.127841522,0.109546655,-0.278420167,0.269102823,0.048237989,6.31E-05,-0.133126514,0.182910634,0.02752568,3.44E-05,-0.049801008,0.039856042,0.005612961,-4.60E-05,-0.021374897,0.019409766,0.002423983,-5.40E-07,-0.067054547,0.035840013,0.005718253,1.26E-05,-0.026577391,0.023500177,0.002617117,-7.06E-07,-0.005891739,0.003773321,0.00096089,2.49E-06,-0.002484783,0.002786562,0.000569125,-5.49E-07,-0.014473433,0.014538654,0.002368562,6.06E-06,-0.006845912,0.008245064,0.001356178,2.29E-06,-0.007348897,0.007958486,0.001405345,-4.89E-06,-0.004556651,0.00407125,0.000824594,-5.91E-07,-0.023026165,0.027557813,0.004193378,4.94E-06,-0.007706448,0.008965655,0.001098946,-7.98E-07,-0.018877444,0.019341135,0.003237679,1.40E-05,-0.003648392,0.008440384,0.000776937,-3.41E-07,-0.02682368,0.039237418,0.004493979,-1.54E-06,-0.009573731,0.019668371,0.001364098,-1.13E-06
409,H,1,-0.109289833,0.012845557,0.047180554,-0.038829017,0.008391408,0.217485571,0.172642208,0.16346133,2.76E-05,0.273793525,0.058440755,0.040138943,-0.016320581,0.011865643,0.004626083,0.000686453,-0.042324102,0.021753184,0.019232663,-0.014939076,0.017794953,0.063402115,0.043431181,0.04285493,0.015439276,0.358525719,0.149710576,0.133666605,0.002502086,0.268080809,0.105133252,0.089423891,0.0064688,0.283183735,0.106584501,0.081230446,-0.278420167,0.269102823,0.05032021,-4.92E-05,-0.133126514,0.182910634,0.028925098,-2.06E-05,-0.045975785,0.039856042,0.00658882,-4.89E-06,-0.015689373,0.019132755,0.002730702,-3.66E-06,-0.067054547,0.034272316,0.005316063,1.25E-05,-0.026577391,0.023500177,0.002584122,-1.53E-06,-0.005891739,0.004248919,0.000993625,-9.33E-07,-0.002967646,0.002786562,0.000576701,-6.63E-07,-0.014473433,0.014538654,0.002476579,1.12E-06,-0.006845912,0.008245064,0.001392949,-3.33E-08,-0.008525819,0.007958486,0.001403476,1.49E-06,-0.004556651,0.004543119,0.000809709,5.78E-07,-0.023026165,0.036916219,0.004769882,-3.48E-07,-0.009082584,0.020841322,0.001252781,4.32E-07,-0.020255389,0.023168071,0.004020903,4.41E-06,-0.005632062,0.018421243,0.001121968,-2.90E-07,-0.021859218,0.029694666,0.004465606,-3.12E-06,-0.00713164,0.01788817,0.00121847,6.27E-07
409,H,2,-0.11593308,0.012845557,0.053011529,-0.044981302,0.008391408,0.217485571,0.174756663,0.167838976,9.83E-06,0.210969197,0.061201808,0.047175271,-0.014256643,0.014163942,0.004707846,0.001130056,-0.044323367,0.021753184,0.022189324,-0.018374632,0.017904924,0.063139299,0.045214184,0.044594725,0.009413946,0.456417848,0.145261379,0.123302414,0.001540318,0.288346456,0.114880282,0.093690126,0.0064688,0.365592337,0.088901006,0.063413106,-0.236900846,0.214775565,0.048145818,6.84E-05,-0.128678423,0.163302715,0.027557731,-5.39E-06,-0.043030288,0.036360483,0.005878058,4.06E-05,-0.015855812,0.019132755,0.002443601,1.18E-07,-0.034826361,0.051587262,0.005060253,2.86E-08,-0.020450004,0.019826516,0.002596867,-3.50E-07,-0.00503011,0.00425891,0.000968511,3.57E-06,-0.002967646,0.002272993,0.000565735,-2.44E-07,-0.014479696,0.01638207,0.002324652,-3.83E-06,-0.010197241,0.0073282,0.001280361,3.26E-08,-0.008525819,0.006886631,0.001348764,2.91E-06,-0.004475832,0.004543119,0.000774039,4.26E-07,-0.0218081,0.036916219,0.00468041,-5.61E-05,-0.009082584,0.020841322,0.001224039,-7.38E-08,-0.020255389,0.023168071,0.003739273,-2.92E-05,-0.005996007,0.018421243,0.001074478,-1.04E-06,-0.021835094,0.045024623,0.004452033,-4.77E-05,-0.009454102,0.020720846,0.001281397,7.37E-07
409,L,0,-0.195348575,-0.005889718,0.095480159,-0.091852803,0.008559759,0.211290766,0.171824356,0.166110217,6.79E-07,0.221733641,0.047668505,0.023767028,-0.016551726,0.011797561,0.004569696,-0.000881243,-0.042946282,0.016576583,0.023392816,-0.020594313,0.019701784,0.060367804,0.044898606,0.044455733,0.010026497,0.340168954,0.137431363,0.111611388,0.001325565,0.315269245,0.095734274,0.072646794,0.005061963,0.292085024,0.098601868,0.070594805,-0.236023543,0.281433288,0.045703683,0.000125764,-0.166292058,0.144414079,0.02643366,6.53E-06,-0.043996096,0.033584891,0.005214931,-3.88E-05,-0.014246213,0.01596214,0.002187478,-1.64E-07,-0.041083724,0.04836717,0.005075594,1.09E-06,-0.020554634,0.018914129,0.002497564,1.18E-06,-0.005525336,0.005958913,0.000985243,-8.74E-07,-0.003632731,0.002501529,0.000564863,-9.61E-07,-0.009838515,0.013288728,0.001910173,8.93E-06,-0.006177926,0.005902495,0.001052831,1.07E-06,-0.009658787,0.006922088,0.001258382,-5.18E-06,-0.00495592,0.004274806,0.000747907,1.08E-06,-0.030346952,0.037565248,0.004719875,2.63E-05,-0.008191681,0.013754215,0.001201787,-3.30E-06,-0.021138293,0.021138296,0.003329824,1.44E-05,-0.004771284,0.013328043,0.000904548,-1.66E-06,-0.029586235,0.043634064,0.004683492,2.33E-05,-0.008087054,0.024741356,0.001363826,-3.02E-06
409,L,1,-0.166799012,-0.005889718,0.091720331,-0.088423693,0.017256072,0.207866734,0.174644614,0.169268192,6.41E-11,0.221733641,0.047367351,0.023477625,-0.018391034,0.009630028,0.004833905,-0.002549867,-0.042946282,0.01585624,0.023862846,-0.020971262,0.019701784,0.060367804,0.045325079,0.044811526,0.012325248,0.473335805,0.133114946,0.103562396,0.002125813,0.315269245,0.090584658,0.063209495,0.005061963,0.414476736,0.097539779,0.070997921,-0.236023543,0.226986428,0.044553176,5.21E-05,-0.137283943,0.139572578,0.025706535,-2.87E-05,-0.041081364,0.035228269,0.00492199,-5.31E-06,-0.013035128,0.021243582,0.002084583,-1.25E-06,-0.041083724,0.04836717,0.005009767,-3.87E-07,-0.020554634,0.018914129,0.002456391,1.91E-07,-0.006656561,0.004305463,0.000914777,2.18E-06,-0.00257292,0.003265788,0.000528629,-4.07E-07,-0.009838515,0.01102744,0.001852777,3.21E-06,-0.005141316,0.00492029,0.001023763,6.05E-07,-0.006069404,0.006004548,0.00121629,-1.27E-06,-0.002669218,0.003540423,0.000703332,1.50E-08,-0.020952548,0.037264976,0.004184086,2.66E-05,-0.008191681,0.014728157,0.001038719,4.97E-07,-0.021138293,0.022117872,0.003145693,3.03E-05,-0.005737274,0.013328043,0.000855246,3.82E-07,-0.022105292,0.035622607,0.003805619,-4.68E-06,-0.007242339,0.016295743,0.001065838,5.81E-07
409,L,2,-0.166799012,-0.017473508,0.10044957,-0.097452083,0.015602748,0.211613527,0.173041137,0.164887042,6.41E-11,0.01791666,0.004780401,0.003058439,-0.018391034,0.008474952,0.005914296,-0.0035493,-0.038459279,0.01585624,0.022380862,-0.018869559,0.018929155,0.06023812,0.044680573,0.04404025,0.012325248,0.473335805,0.121477956,0.103688547,0.002862961,0.228595319,0.079820699,0.064550349,0.006640212,0.414476736,0.091572647,0.071382518,-0.268872642,0.226986428,0.044900971,-0.000191561,-0.129097133,0.137694624,0.025990467,-3.39E-05,-0.042330127,0.040274,0.005850596,4.11E-05,-0.014372297,0.023901613,0.002432696,-3.87E-07,-0.006357249,0.006135077,0.001593332,-4.64E-07,-0.004357342,0.003612652,0.001093239,-1.24E-06,-0.006656561,0.004305463,0.000931848,4.82E-07,-0.002588847,0.003265788,0.000540824,2.32E-07,-0.011003773,0.011463361,0.001921211,-2.88E-06,-0.005374043,0.005721485,0.001042877,-5.22E-08,-0.008867322,0.009062931,0.001331204,3.37E-06,-0.00358757,0.003978568,0.000758807,-5.98E-07,-0.02338611,0.025383457,0.004052235,-5.14E-05,-0.006420114,0.014728157,0.001074573,3.99E-06,-0.021447842,0.022117872,0.003216378,-2.18E-05,-0.005854786,0.016775795,0.001112122,2.78E-06,-0.021146035,0.028567029,0.004042767,-4.61E-05,-0.00607181,0.016295743,0.001168577,3.16E-06
409,M,0,-0.13652834,0.001065661,0.063768357,-0.058995019,0.013299864,0.214737558,0.169996083,0.162405947,0,0.018099903,0.004328442,0.002453318,-0.014748823,0.013310489,0.005311808,0.002236019,-0.045433438,0.02099831,0.023286066,-0.019245313,0.020767038,0.061304424,0.044996933,0.044478123,0.010003865,0.313579788,0.117947092,0.105450061,0.00256314,0.183200489,0.089488864,0.078695976,0.003978739,0.313061175,0.076832674,0.05231145,-0.2549643,0.255607424,0.044434376,-0.00016385,-0.156349104,0.120616411,0.025411335,2.49E-05,-0.041918497,0.034537257,0.005163412,3.86E-06,-0.014584126,0.022435403,0.002127898,-1.77E-06,-0.005709074,0.005787926,0.001406588,2.25E-08,-0.004227587,0.003864227,0.000950898,1.54E-07,-0.003773372,0.003674216,0.000890495,3.99E-06,-0.002063198,0.002126685,0.000538177,-6.24E-07,-0.014549392,0.013835022,0.00212138,1.07E-06,-0.007512668,0.00749503,0.001184639,7.05E-07,-0.006412441,0.006871203,0.001230594,-2.02E-06,-0.003301793,0.00401179,0.000730946,1.06E-06,-0.016773716,0.030385133,0.003247691,2.43E-05,-0.005743297,0.011287793,0.0008816,5.70E-07,-0.016658399,0.01771359,0.002357937,2.37E-05,-0.004642115,0.011852998,0.000726831,-3.67E-07,-0.014751426,0.031811019,0.003386295,7.46E-06,-0.006923396,0.010876767,0.0009512,1.49E-06
409,M,1,-0.13652834,0.001291414,0.073958797,-0.068789834,0.01408143,0.210216566,0.170844859,0.164167205,4.67E-10,0.21903868,0.037822977,0.014126377,-0.016798655,0.013310489,0.006171999,2.53E-05,-0.044610384,0.020603051,0.023443192,-0.019930835,0.021158347,0.062756743,0.045250297,0.044690351,0.013097222,0.392744326,0.156347132,0.136962125,0.00256314,0.356152705,0.121207861,0.10144095,0.004981276,0.267909555,0.098757684,0.07737782,-0.2549643,0.255607424,0.046579457,-3.45E-05,-0.156349104,0.120616411,0.026020859,3.32E-06,-0.041918497,0.034537257,0.005401917,-7.77E-06,-0.013787652,0.022435403,0.002229301,-7.22E-08,-0.051609908,0.043581334,0.004880845,3.77E-06,-0.023079804,0.026651435,0.002332255,8.40E-08,-0.004256419,0.003966301,0.000972211,-3.03E-06,-0.002852841,0.002243584,0.000577993,-2.74E-08,-0.009978481,0.012314911,0.002038154,2.11E-06,-0.004952863,0.006035419,0.001102725,2.27E-07,-0.006385375,0.006871203,0.00127518,-1.37E-06,-0.003282154,0.004128124,0.000752945,1.54E-07,-0.016773716,0.029873345,0.003760867,-1.03E-05,-0.00442699,0.010274225,0.00089365,5.44E-07,-0.016658399,0.020520789,0.003232866,-3.17E-05,-0.004642115,0.011852998,0.000828378,-5.87E-08,-0.014751426,0.031811019,0.003380709,2.52E-05,-0.006923396,0.010876767,0.000927736,9.74E-07
409,M,2,-0.165758983,0.001291414,0.086605356,-0.082055316,0.013704473,0.210216566,0.170166511,0.164127176,1.69E-07,0.21903868,0.037798678,0.014033878,-0.01914971,0.012178427,0.0068844,-0.00308966,-0.043864767,0.019275877,0.023237415,-0.020049937,0.021655266,0.062756743,0.044909483,0.04435999,0.013999698,0.392744326,0.160046466,0.139841272,0.002736522,0.356152705,0.121517665,0.099802711,0.009239236,0.314009799,0.104155309,0.087345238,-0.241595742,0.221686361,0.044684022,6.24E-05,-0.16507817,0.127427122,0.025659307,-3.06E-05,-0.044600022,0.040089739,0.004970215,-3.26E-06,-0.016727568,0.017862782,0.002141175,-2.14E-07,-0.051609908,0.043581334,0.004869079,2.06E-06,-0.023079804,0.026651435,0.002324848,5.89E-07,-0.004256419,0.004135955,0.000994333,4.45E-08,-0.002852841,0.002243584,0.000584143,-2.73E-07,-0.010665456,0.01176288,0.001880344,1.63E-06,-0.005782405,0.005961312,0.001021049,3.83E-07,-0.007876479,0.008766258,0.001235814,-6.85E-07,-0.004061773,0.004128124,0.000732002,-1.75E-07,-0.015528786,0.026250864,0.003645858,-1.03E-05,-0.005545066,0.009881345,0.000873582,-3.32E-07,-0.01538386,0.020520789,0.00295267,-1.64E-05,-0.003375696,0.010224984,0.000674329,3.29E-07,-0.022121986,0.031145724,0.003557981,6.43E-06,-0.007085744,0.01705897,0.001074533,-5.29E-07
410,H,0,-0.5436318,0.324576237,0.190948385,0.169521577,0.015032205,0.252066917,0.13173238,0.125868055,8.96E-07,0.067391684,0.010251895,0.00769998,-0.102097777,0.027618037,0.010155559,-0.006245694,-0.176131269,0.038323297,0.027424508,-0.021901366,0.013868081,0.234150085,0.043430269,0.041447958,0.012681225,0.668485222,0.203058515,0.155323159,0.003315062,0.385839358,0.112440319,0.074203351,0.007489555,0.608929609,0.169085585,0.123912627,-2.691131221,2.435231878,0.22076278,-0.000397749,-0.89888154,1.654993557,0.128860277,0.001028546,-0.058363344,0.057514806,0.006354074,4.49E-05,-0.041990607,0.027558741,0.003264673,-9.49E-07,-0.017673382,0.019333896,0.002272216,1.24E-06,-0.013561324,0.007842177,0.00146826,-1.23E-06,-0.040960591,0.036424665,0.002638881,2.08E-06,-0.022578316,0.028627306,0.001716676,1.04E-06,-0.069919932,0.073016708,0.004660816,-9.55E-06,-0.036889201,0.050573794,0.00301045,-3.89E-06,-0.081395778,0.082691983,0.004411454,-1.28E-06,-0.059119481,0.043772457,0.002960615,2.90E-06,-0.034300869,0.036040596,0.006724737,-6.89E-05,-0.007161417,0.02231106,0.001501586,-1.58E-05,-0.026736623,0.029893082,0.005484778,1.19E-05,-0.005545401,0.020619955,0.001280569,-1.30E-05,-0.026294391,0.031643772,0.005634744,-8.20E-05,-0.007697629,0.024624198,0.001571401,-1.09E-05
410,H,1,-0.5436318,0.284731787,0.198284429,0.17988581,0.008051561,0.252066917,0.139790325,0.136722654,1.86E-07,0.045270812,0.008934231,0.006668027,-0.102097777,0.027618037,0.009935746,-0.006456002,-0.176131269,0.038323297,0.028677546,-0.024341281,0.013868081,0.234150085,0.044405262,0.042788865,0.012681225,0.668485222,0.162467644,0.122431774,0.004684851,0.351611989,0.090569436,0.063213348,0.007489555,0.608929609,0.134881106,0.096035194,-2.691131221,2.435231878,0.205656027,0.000134617,-0.89888154,1.654993557,0.11861297,0.000880656,-0.058363344,0.057514806,0.005698289,5.43E-05,-0.041990607,0.027558741,0.002960454,-1.92E-07,-0.01154229,0.009866861,0.00202528,-3.17E-06,-0.007819277,0.005734866,0.001345915,9.77E-09,-0.040960591,0.036424665,0.002247695,-7.14E-06,-0.022578316,0.028627306,0.001452993,1.53E-06,-0.069919932,0.073016708,0.004047433,-8.66E-06,-0.036889201,0.050573794,0.00257768,-6.87E-06,-0.081395778,0.082691983,0.003741215,4.54E-06,-0.059119481,0.043772457,0.002490114,4.08E-06,-0.033009813,0.033418748,0.005227301,-0.000110101,-0.007161417,0.01664539,0.001092555,-9.28E-06,-0.023414165,0.027368189,0.004223092,-6.42E-05,-0.005282356,0.014236891,0.001014696,-8.38E-06,-0.02453304,0.031169189,0.004381142,-9.00E-05,-0.007109326,0.021512621,0.001098989,-6.37E-06
410,H,2,-0.614293594,0.269522819,0.188887297,0.180992759,0.008051561,0.195777061,0.139574709,0.136318581,1.86E-07,0.08095619,0.009235758,0.00628917,-0.076171627,0.01197457,0.007914459,-0.005010286,-0.127206346,0.048699363,0.027404893,-0.023471669,0.014558083,0.172596132,0.042506497,0.041139631,0.012120752,0.56242277,0.146960203,0.118757366,0.003784521,0.320205527,0.088080283,0.067807822,0.009203185,0.462773329,0.117639981,0.088527097,-2.65635984,2.427686245,0.109653861,-0.00077094,-0.911712354,1.38921384,0.05627706,0.000184825,-0.061339904,0.055282805,0.005458104,-2.16E-05,-0.041680214,0.039505113,0.003156355,5.22E-06,-0.014153108,0.017833605,0.00218777,-2.10E-06,-0.009291337,0.006126074,0.001400623,-8.30E-07,-0.012021622,0.028318131,0.001364571,-3.62E-07,-0.014865183,0.013402963,0.000836773,2.57E-07,-0.034206886,0.043496596,0.003019956,1.07E-06,-0.023282386,0.019615005,0.001659527,-4.33E-06,-0.052875455,0.030200172,0.002384457,-1.98E-06,-0.025506561,0.028150326,0.001474451,1.02E-06,-0.030351711,0.052527646,0.005585843,0.00010983,-0.010967494,0.027472875,0.001468729,-1.08E-05,-0.021837906,0.039262864,0.004245562,7.95E-05,-0.006037467,0.026634074,0.001310317,-6.84E-06,-0.02552799,0.038317798,0.004722848,7.60E-05,-0.009758105,0.023088203,0.001306578,-8.82E-06
410,L,0,-0.240921332,0.400845752,0.147182586,0.136768058,0.014219599,0.236901041,0.140894033,0.136726962,1.57E-06,0.111380196,0.01386586,0.010006377,-0.063041468,0.046849235,0.007670234,-0.004735814,-0.106792297,0.069290604,0.02434348,-0.021443366,0.015107735,0.158179303,0.041612683,0.040840627,0.008451415,0.816311258,0.162817889,0.101828566,0.003110266,0.544566659,0.106835513,0.063396038,0.005907085,0.657977604,0.122865122,0.072827167,-1.431549661,1.059064833,0.078251423,-8.99E-05,-0.789709655,1.021287046,0.048358141,7.68E-05,-0.073742405,0.054256212,0.005956319,3.35E-06,-0.043461416,0.031601422,0.003282432,1.22E-05,-0.025528854,0.029487053,0.002826256,1.35E-06,-0.0137314,0.012822848,0.001671239,2.83E-08,-0.021676139,0.021278635,0.001743242,-3.81E-06,-0.011678099,0.01553007,0.001084791,1.93E-06,-0.034993857,0.03124408,0.003102261,-6.31E-06,-0.017991555,0.023681472,0.00187444,3.62E-06,-0.038079676,0.041164205,0.002612554,5.56E-06,-0.028314915,0.020872081,0.001723427,-1.13E-06,-0.03455209,0.034298198,0.004707132,-8.88E-05,-0.00808049,0.026465697,0.001211748,-3.98E-06,-0.045472161,0.025823653,0.004399289,-9.74E-05,-0.011071667,0.026022714,0.00125433,-5.60E-07,-0.024229571,0.04825529,0.00405141,3.08E-05,-0.008322191,0.011708659,0.001105586,-7.11E-06
410,L,1,-0.318731251,0.234324234,0.158390901,0.152159672,0.016982738,0.250091859,0.146371193,0.143344871,6.22E-06,0.111380196,0.012831038,0.008475368,-0.047847641,0.009216224,0.006308258,-0.00416896,-0.059829369,0.0329362,0.024720078,-0.021901424,0.01539217,0.094558655,0.041359779,0.040722338,0.009143178,0.492021439,0.110298257,0.086309019,0.003252577,0.258921478,0.06522748,0.050602606,0.005907085,0.419722005,0.08894426,0.063540473,-1.924426247,1.615261556,0.095589383,3.19E-05,-0.789709655,1.375624883,0.062472064,0.000236494,-0.040785713,0.074839242,0.005668826,1.40E-05,-0.040211353,0.030156955,0.003110156,5.38E-06,-0.025528854,0.029487053,0.002734502,-7.04E-07,-0.0137314,0.012822848,0.001607089,9.18E-07,-0.020215886,0.01783748,0.001323421,-5.69E-06,-0.009865169,0.015431225,0.00083178,5.90E-07,-0.026708813,0.03124408,0.002743884,-5.54E-07,-0.016986437,0.022944168,0.001653352,1.22E-06,-0.026651818,0.03021816,0.001939029,-5.37E-07,-0.023734786,0.013911597,0.001219624,-2.07E-07,-0.017962767,0.034298198,0.004064581,8.65E-06,-0.006994752,0.013730388,0.00098894,-5.06E-06,-0.014709251,0.025823653,0.002883568,6.08E-06,-0.004082744,0.01630501,0.00087722,-1.45E-06,-0.016974462,0.03352438,0.003683242,6.34E-06,-0.006455898,0.011856369,0.000974649,-4.86E-06
410,L,2,-0.318731251,0.235454389,0.169977639,0.165727084,0.016982738,0.250091859,0.148984753,0.145451543,6.22E-06,0.019651133,0.008379424,0.006613098,-0.035666614,0.009216224,0.0066073,-0.004670833,-0.052145951,0.01400923,0.0250797,-0.022232744,0.01539217,0.071425599,0.041542545,0.040909258,0.010788342,0.315005392,0.098420434,0.084661278,0.002303812,0.180910114,0.056702974,0.044560165,0.007794283,0.283357719,0.08044473,0.064561427,-1.924426247,1.615261556,0.077365847,2.06E-05,-0.745033633,1.375624883,0.048907482,0.0001225,-0.040785713,0.074839242,0.005412313,4.25E-05,-0.040211353,0.030156955,0.002743169,2.94E-06,-0.006685406,0.006271609,0.001890879,2.23E-06,-0.004287266,0.004240346,0.001249143,-7.85E-07,-0.01324521,0.011630835,0.001148131,-3.12E-06,-0.00564078,0.009854082,0.000666806,6.98E-07,-0.014990069,0.011716887,0.00258788,-2.84E-06,-0.006975859,0.00864765,0.001505864,1.00E-06,-0.012198983,0.016240893,0.001762465,2.43E-06,-0.010687075,0.006758079,0.001038025,-4.84E-07,-0.017962767,0.033331883,0.003744995,-2.02E-05,-0.006205786,0.017823069,0.001051272,8.64E-07,-0.014709251,0.01769064,0.002637723,-2.98E-05,-0.003361484,0.011070448,0.000869926,3.38E-06,-0.016974462,0.03352438,0.003565835,-6.93E-06,-0.006345479,0.018295334,0.001047891,-1.30E-06
410,M,0,-0.296466131,0.296032194,0.14127179,0.132185807,0.007898287,0.252126577,0.131345834,0.124435632,2.67E-07,0.0902789,0.012169345,0.008829183,-0.068347692,0.012974678,0.006902694,-0.004878328,-0.10056307,0.02609219,0.025390644,-0.021420199,0.016733877,0.149257125,0.042618038,0.041846129,0.012747034,0.461545686,0.162027172,0.130728271,0.003370894,0.297959787,0.080750273,0.062503221,0.006752427,0.448529912,0.140471342,0.104831644,-2.046448204,1.951672989,0.102336254,-0.000117174,-0.844388139,1.518286051,0.066093658,0.000257038,-0.041795015,0.066126084,0.006055454,4.54E-05,-0.035459067,0.024031764,0.002876995,7.11E-06,-0.029188784,0.028912765,0.002756725,3.45E-06,-0.020372268,0.012910583,0.00171511,-1.50E-06,-0.016534407,0.029384707,0.001496923,1.39E-06,-0.016285847,0.013669753,0.000925452,4.98E-07,-0.024102542,0.046599934,0.002881207,-1.37E-05,-0.024968173,0.022826518,0.001653675,5.82E-07,-0.048525824,0.022903156,0.00223429,2.87E-06,-0.025754357,0.024671133,0.001361886,2.07E-06,-0.035503869,0.035403685,0.004999821,-4.79E-05,-0.007045679,0.010893806,0.001143986,-5.70E-06,-0.015152401,0.023231398,0.002985977,-2.33E-06,-0.00541843,0.012061151,0.000840159,-2.55E-06,-0.039011572,0.038494599,0.004828896,-5.37E-05,-0.007958226,0.013540553,0.001160639,-5.37E-06
410,M,1,-0.296466131,0.242742027,0.159900839,0.154411254,0.01736955,0.273669174,0.138971068,0.136251042,3.46E-06,0.0902789,0.012615889,0.00975371,-0.068347692,0.012974678,0.007232892,-0.00511578,-0.10056307,0.02609219,0.031956541,-0.029224574,0.016733877,0.149257125,0.046387119,0.045551992,0.012747034,0.45713182,0.121718487,0.09742101,0.003370894,0.198307925,0.051168769,0.038911468,0.006752427,0.448529912,0.110440695,0.082475186,-2.046448204,1.951672989,0.102887918,-6.59E-05,-0.844388139,1.518286051,0.067808385,0.000258318,-0.042182581,0.078007572,0.005387205,1.67E-05,-0.04558895,0.031119761,0.002811559,-1.05E-07,-0.029188784,0.028912765,0.002896826,2.17E-06,-0.020372268,0.012910583,0.001811951,5.11E-07,-0.017691152,0.029384707,0.001564325,-2.11E-07,-0.016285847,0.013669753,0.000974407,2.30E-06,-0.024102542,0.046599934,0.002901037,-4.82E-06,-0.024968173,0.022826518,0.001697561,-9.32E-07,-0.048525824,0.025192974,0.002356237,1.41E-06,-0.025754357,0.024671133,0.001442859,-3.55E-07,-0.035503869,0.035403685,0.004387829,1.84E-05,-0.007245215,0.015883591,0.001063545,-4.35E-06,-0.010635242,0.018217032,0.001998358,8.79E-06,-0.002892988,0.008084873,0.000543981,-1.55E-06,-0.039011572,0.038494599,0.00439654,1.48E-05,-0.007958226,0.018469558,0.001105126,-4.28E-06
410,M,2,-0.315038192,0.249053026,0.171381398,0.168329205,0.023020275,0.273669174,0.136396722,0.134915231,3.46E-06,0.019237528,0.009375298,0.007818787,-0.048368456,0.010475537,0.007347481,-0.005420483,-0.058720908,0.017677255,0.03749364,-0.035855715,0.020105919,0.096247933,0.049724996,0.049143521,0.012571693,0.292038837,0.088085304,0.079172258,0.00289081,0.164585817,0.037835216,0.029967143,0.006786692,0.241503959,0.079545693,0.06960804,-2.177687942,1.886672326,0.085537228,-0.000239244,-0.893654961,1.602283722,0.056547872,0.000206257,-0.042182581,0.078007572,0.003986147,1.82E-05,-0.04558895,0.031119761,0.002115319,4.46E-06,-0.006283642,0.006410343,0.002204971,-2.68E-06,-0.004447058,0.004420824,0.001453169,4.19E-07,-0.017691152,0.012670344,0.0011791,-2.23E-06,-0.007045985,0.011598702,0.000688306,7.31E-07,-0.020273314,0.013909964,0.002157262,6.11E-06,-0.009370718,0.011581879,0.001223776,-1.66E-06,-0.016656407,0.025192974,0.001646496,-1.24E-06,-0.015831539,0.009337985,0.00098127,2.37E-07,-0.020468272,0.03475899,0.003355178,5.26E-06,-0.007245215,0.018582112,0.001073036,-2.65E-06,-0.011838356,0.018217032,0.00183031,1.51E-05,-0.003893988,0.008345232,0.000566495,-1.09E-06,-0.024725297,0.033795536,0.003259537,-1.11E-05,-0.007798848,0.018469558,0.001097034,-2.43E-06
411,H,0,-0.139162828,0.077277602,0.067663281,-0.062609637,0.012120162,0.179510398,0.151679168,0.147795711,7.62E-07,0.153238483,0.01741549,0.007837621,-0.015492817,0.007612344,0.006193585,-0.003706795,-0.033519928,0.021805314,0.017543551,-0.015117067,0.020204379,0.048116875,0.0367963,0.036553725,0.019855639,0.472116492,0.1486581,0.128152029,0.002417621,0.245845114,0.07694981,0.061339081,0.005103568,0.403094117,0.127192599,0.105202329,-0.272651788,0.443114754,0.050031179,-0.000227661,-0.22948522,0.139426011,0.026441212,4.99E-06,-0.035322794,0.025301658,0.003623815,2.94E-06,-0.012600953,0.015649511,0.001575791,2.90E-06,-0.031248885,0.028895224,0.003054742,-1.43E-06,-0.011091578,0.012602999,0.001524299,1.31E-07,-0.005239099,0.004101726,0.000937869,-3.38E-07,-0.002293807,0.002190855,0.000506706,2.62E-07,-0.010202631,0.012280638,0.001601763,-6.64E-07,-0.00521739,0.004654759,0.000877244,1.24E-06,-0.004881499,0.004606926,0.001020405,2.52E-07,-0.002917984,0.00317113,0.000617521,4.40E-07,-0.041087385,0.043190259,0.005699451,-2.65E-05,-0.009924813,0.036973704,0.001543514,1.51E-06,-0.019934577,0.025816904,0.003308657,-1.49E-05,-0.004325696,0.019224351,0.001065365,-1.63E-07,-0.042089634,0.041977112,0.005654028,-2.18E-05,-0.009609455,0.034087938,0.001679038,1.35E-06
411,H,1,-0.121815761,0.083876875,0.071694665,-0.065711929,0.012120162,0.179510398,0.148439677,0.143485949,4.08E-07,0.153238483,0.023559493,0.010247421,-0.016025969,0.008690015,0.006198456,-0.003469332,-0.032404603,0.019992295,0.017762681,-0.01465595,0.020204379,0.048116875,0.03729532,0.037052427,0.01580713,0.456175844,0.160862201,0.136357035,0.002417621,0.276577839,0.076012999,0.061375931,0.01000698,0.403094117,0.141769784,0.115208253,-0.455355168,0.564462092,0.056079302,-0.000101605,-0.352515675,0.214929053,0.029284131,-8.45E-05,-0.037254311,0.025679405,0.004028834,-9.19E-06,-0.012600953,0.015649511,0.001699262,4.64E-06,-0.031248885,0.028895224,0.003775351,1.50E-06,-0.011862053,0.012664278,0.001732432,7.28E-07,-0.0057414,0.004236443,0.000932437,1.99E-06,-0.002849379,0.002876869,0.000524794,-2.35E-07,-0.010532906,0.012280638,0.001685673,-2.33E-06,-0.00521739,0.005292219,0.000919788,9.33E-08,-0.005763853,0.004606926,0.001067382,3.62E-06,-0.003405587,0.003820262,0.000664164,5.73E-07,-0.041087385,0.050885141,0.006155812,2.60E-05,-0.009924813,0.036973704,0.001848197,3.89E-07,-0.018174805,0.032877478,0.003677961,1.98E-05,-0.005698772,0.021353891,0.001197833,6.08E-07,-0.042089634,0.039640854,0.005692556,7.40E-06,-0.009609455,0.034087938,0.001790549,8.72E-08
411,H,2,-0.176658271,0.083876875,0.086390257,-0.079970178,0.015425147,0.180436547,0.142828447,0.137745624,2.85E-07,0.191808792,0.021038852,0.008438237,-0.016025969,0.009426047,0.005613388,-0.002590095,-0.036943772,0.022223664,0.018992667,-0.015283716,0.024292581,0.048356933,0.038123069,0.037918791,0.013211463,0.447677574,0.174643377,0.142174948,0.003316908,0.378089284,0.097984736,0.073716671,0.00888822,0.38978928,0.144565904,0.10985087,-0.455355168,0.564462092,0.061458325,0.000104941,-0.352515675,0.214929053,0.031660295,-0.000118399,-0.037254311,0.025679405,0.004047664,-1.15E-05,-0.012412719,0.014925688,0.001708543,4.25E-06,-0.033964264,0.028641038,0.003226797,2.42E-06,-0.012877404,0.012792218,0.001521388,1.02E-06,-0.0057414,0.004956535,0.000905347,-2.51E-06,-0.002849379,0.002876869,0.000524121,-1.55E-07,-0.010532906,0.011345249,0.001719482,7.22E-07,-0.005255071,0.005587279,0.000941933,-1.10E-06,-0.007639828,0.005903656,0.001132435,3.05E-06,-0.004837697,0.004163302,0.00070908,1.46E-06,-0.028889232,0.05775117,0.00665651,0.000104513,-0.010149057,0.037836523,0.002104018,4.73E-07,-0.016142646,0.032877478,0.003756712,9.06E-05,-0.005993362,0.021353891,0.001134017,9.15E-07,-0.040467202,0.056357615,0.006275147,2.97E-05,-0.010234462,0.037335474,0.002103979,-1.28E-07
411,L,0,-0.206372737,0.081018345,0.09097928,-0.085305753,0.007816893,0.181641653,0.14838581,0.145822434,3.19E-10,0.13211729,0.018305482,0.00679259,-0.016258516,0.010324841,0.005969433,-0.003127064,-0.037515034,0.026518451,0.019086944,-0.017309705,0.022944617,0.04887976,0.037166433,0.036959559,0.007227998,0.582988639,0.142645082,0.102555619,0.002565806,0.279980403,0.066661428,0.046171738,0.006652895,0.542522898,0.12611056,0.084426122,-0.288699342,0.486249593,0.042911304,6.34E-05,-0.207011447,0.159563007,0.022438929,-3.72E-05,-0.038478525,0.02923786,0.00365558,-5.66E-06,-0.012876807,0.017013736,0.001643399,3.00E-06,-0.011197141,0.009926471,0.001617659,-1.75E-05,-0.006504987,0.00588123,0.001024367,-1.65E-06,-0.006037671,0.005228788,0.0009455,-6.84E-07,-0.002541478,0.00361886,0.000536108,-2.36E-07,-0.0092262,0.01041013,0.001545762,-4.02E-06,-0.005455886,0.005478313,0.000873263,-8.07E-07,-0.00407197,0.004753723,0.001015657,4.72E-06,-0.003014942,0.003288991,0.000622521,3.84E-07,-0.030479116,0.070543949,0.005330472,-1.87E-05,-0.008378774,0.024354427,0.001105493,-1.64E-06,-0.011993785,0.02715412,0.002384231,-6.68E-06,-0.004319991,0.008344265,0.00056817,-1.23E-06,-0.029975555,0.067560561,0.005265409,-1.91E-05,-0.008080397,0.029295376,0.001174052,-1.21E-06
411,L,1,-0.170697578,0.081018345,0.090084245,-0.087028797,0.013249169,0.179027005,0.147040979,0.145505318,3.19E-10,0.153946483,0.012208414,0.005757692,-0.016258516,0.010324841,0.006382514,-0.003396861,-0.034975367,0.025287193,0.020120088,-0.018804049,0.025093724,0.053484464,0.038443695,0.038232192,0.012681008,0.573686231,0.115620061,0.088863018,0.002565806,0.33555717,0.06027892,0.043700006,0.005761486,0.535568258,0.098663318,0.071593506,-0.262620271,0.411459532,0.038325345,-7.31E-05,-0.16779221,0.117220113,0.020125566,-2.28E-05,-0.038478525,0.025111938,0.003394703,-3.79E-06,-0.013252695,0.019444666,0.001571498,3.11E-06,-0.021467794,0.025041838,0.002261034,3.62E-06,-0.013059024,0.008264466,0.001246343,-7.74E-07,-0.006037671,0.004691978,0.00095504,-1.56E-06,-0.002541478,0.003249167,0.000533202,4.72E-07,-0.0092262,0.01017515,0.001425125,2.00E-06,-0.005455886,0.003856824,0.00081877,2.43E-07,-0.004626166,0.004753723,0.001020062,-2.80E-06,-0.003014942,0.003145975,0.000616168,7.67E-07,-0.022325108,0.070543949,0.004560976,1.26E-05,-0.009692555,0.024354427,0.001148573,-3.14E-07,-0.008812869,0.02715412,0.002098409,1.55E-05,-0.004319991,0.006361216,0.00047671,-8.91E-07,-0.025506232,0.067560561,0.004441991,5.48E-06,-0.009451662,0.029295376,0.001267865,2.53E-07
411,L,2,-0.170697578,0.07585251,0.094702068,-0.091175563,0.004990189,0.172317556,0.141480754,0.138726081,3.33E-09,0.153946483,0.016828893,0.008388852,-0.01553748,0.010043157,0.006002247,-0.002348635,-0.034837166,0.026323523,0.020682836,-0.018331734,0.025093724,0.053484464,0.038717622,0.038545335,0.011222782,0.573686231,0.138667993,0.100728897,0.00317034,0.33555717,0.06877609,0.048748821,0.005761486,0.489308136,0.120410389,0.081876588,-0.446203897,0.491393591,0.045679784,3.64E-05,-0.194233229,0.196208581,0.023663028,-3.84E-05,-0.036450705,0.02564786,0.003936519,4.34E-06,-0.013252695,0.019444666,0.001775527,4.27E-06,-0.030502118,0.025041838,0.003090073,5.68E-07,-0.014047337,0.012460826,0.001651532,-9.22E-08,-0.005379393,0.005008315,0.001007245,-7.09E-07,-0.00243513,0.003249167,0.000549524,1.02E-07,-0.01104594,0.013728357,0.001657431,2.77E-06,-0.005608904,0.006513706,0.000889128,-5.15E-07,-0.004626166,0.004885497,0.001027174,-1.03E-06,-0.002860611,0.003627964,0.000647341,9.61E-07,-0.024127599,0.052329878,0.005439289,2.47E-05,-0.011921169,0.028992757,0.001462594,-1.50E-06,-0.017011233,0.023429354,0.002576065,2.41E-06,-0.004436169,0.013637456,0.000668482,-7.69E-07,-0.033106538,0.057524292,0.005357114,2.69E-05,-0.013209867,0.042258958,0.001681048,-1.47E-06
411,M,0,-0.151871044,0.089126075,0.080979483,-0.07352096,0.016164004,0.182477727,0.144271527,0.13968641,6.61E-07,0.122884001,0.013931616,0.007116472,-0.016856476,0.009891488,0.006572838,-0.003534726,-0.035481931,0.022199374,0.019230798,-0.016365692,0.027153089,0.049112998,0.038365467,0.038148172,0.014123177,0.520524277,0.174482992,0.148705146,0.002271586,0.28326372,0.09157001,0.077567333,0.009984906,0.486090588,0.14852356,0.116004674,-0.44808623,0.58621872,0.057136299,0.000282901,-0.242517282,0.212563466,0.028119876,-7.60E-05,-0.039932329,0.028566342,0.004823713,-2.51E-05,-0.014908373,0.02172891,0.002174981,1.59E-06,-0.034033416,0.023874919,0.002470837,-5.98E-06,-0.012639591,0.01510062,0.001453659,-5.05E-08,-0.005583777,0.005170958,0.00100939,5.26E-07,-0.00268041,0.002781649,0.000568821,2.47E-07,-0.012505367,0.012561586,0.001858704,7.42E-06,-0.006528263,0.006110799,0.001022964,1.45E-06,-0.005809787,0.006143153,0.001107418,-2.31E-06,-0.00363846,0.004028199,0.000709833,1.10E-06,-0.041351048,0.061174826,0.007483012,8.70E-06,-0.01582071,0.051389654,0.002424609,1.42E-05,-0.019478527,0.028952397,0.003726545,-3.20E-05,-0.005358747,0.018739348,0.001202139,9.08E-07,-0.043212819,0.063291796,0.007205581,3.65E-05,-0.017076026,0.051352597,0.002434992,1.38E-05
411,M,1,-0.188076916,0.10205966,0.09188934,-0.084022715,0.014661319,0.181357506,0.140464216,0.136018548,1.43E-06,0.122884001,0.01450592,0.007053419,-0.016856476,0.00838753,0.006239511,-0.00359803,-0.040122313,0.022199374,0.020352388,-0.017237148,0.023544215,0.050423316,0.038977836,0.03877976,0.011810266,0.597841787,0.191500729,0.154437152,0.002271586,0.28326372,0.086886462,0.067668444,0.007132172,0.561681661,0.170655418,0.12954607,-0.44808623,0.58621872,0.059846449,-8.30E-05,-0.247677416,0.212563466,0.029857348,-9.74E-05,-0.036639178,0.023772291,0.004468296,2.39E-05,-0.011271205,0.014848732,0.001957784,4.57E-06,-0.034033416,0.023874919,0.002473171,1.48E-07,-0.012639591,0.01510062,0.001429895,1.03E-06,-0.005583777,0.003916817,0.001001039,-2.51E-06,-0.00268041,0.002781649,0.00057534,-5.90E-07,-0.012505367,0.012561586,0.001888328,-8.72E-06,-0.006389873,0.005651163,0.001051617,6.12E-07,-0.006126469,0.006143153,0.001154868,3.05E-06,-0.003514789,0.003661177,0.000742994,1.42E-06,-0.056544473,0.058395901,0.008550855,-2.24E-05,-0.028172794,0.040619482,0.002576253,-4.46E-06,-0.022696659,0.033910861,0.004417565,-2.12E-05,-0.008889266,0.022265011,0.001378243,-2.01E-06,-0.052037817,0.063291796,0.008136225,-1.37E-05,-0.029191602,0.043365432,0.002619566,-3.59E-06
411,M,2,-0.188076916,0.108462353,0.081040457,-0.067620559,0.014661319,0.182758999,0.141344248,0.136660248,1.68E-06,0.155317365,0.024859496,0.010980372,-0.016431707,0.010530284,0.005420353,-0.002421523,-0.040122313,0.021221057,0.021382609,-0.018062997,0.023544215,0.050423316,0.038645618,0.038449682,0.011810266,0.597841787,0.20132068,0.157726505,0.002628812,0.299740594,0.088527164,0.068142369,0.007132172,0.561681661,0.18081194,0.134251194,-0.43667679,0.478374987,0.057076385,-0.000371408,-0.258978102,0.173686505,0.029083061,-0.000105225,-0.04188313,0.031471863,0.004699611,1.67E-05,-0.015725246,0.024237445,0.002128932,1.16E-05,-0.033685869,0.031011521,0.003715991,1.55E-06,-0.013745631,0.014516267,0.001801047,4.45E-07,-0.006086811,0.00537214,0.001014974,-1.09E-06,-0.003120958,0.00373365,0.000581705,-6.02E-07,-0.008961442,0.012036144,0.001933221,-5.01E-06,-0.006440931,0.005330051,0.001080405,-3.08E-06,-0.006190227,0.005199615,0.001174544,9.52E-07,-0.003488902,0.004292655,0.000745414,6.29E-07,-0.056544473,0.058395901,0.008314553,4.41E-05,-0.028172794,0.027462439,0.002117458,-1.43E-05,-0.022696659,0.033910861,0.004414153,3.82E-05,-0.008889266,0.022265011,0.001355548,9.60E-07,-0.052037817,0.059414285,0.007948698,2.27E-05,-0.029191602,0.031880471,0.002173401,-1.49E-05
412,H,0,-0.238840259,0.100667133,0.071638679,-0.012746811,0.008029713,0.199751219,0.133478559,0.126341877,1.48E-07,0.354046104,0.049088922,0.015167544,-0.018653635,0.009540619,0.005878066,-0.003329866,-0.050781459,0.012838787,0.028878618,-0.025321327,0.019619967,0.065294778,0.046101203,0.045379834,0.013085112,0.760056593,0.22679386,0.188518565,0.004055193,0.501089504,0.147404984,0.12159536,0.009757869,0.695476535,0.172357842,0.126987011,-0.373885904,0.387101691,0.065522308,-0.000116506,-0.159973226,0.157131222,0.031108987,9.05E-05,-0.042597706,0.036162792,0.006952862,-1.65E-05,-0.015398069,0.02635346,0.003241844,5.34E-06,-0.046679027,0.03930845,0.003831077,-1.79E-06,-0.021377385,0.021120068,0.00186629,2.61E-06,-0.004926109,0.005021094,0.001116819,-1.72E-07,-0.002939576,0.003135523,0.000633415,-3.21E-07,-0.012770483,0.013881481,0.002617019,4.32E-06,-0.007805739,0.008056385,0.001472639,-2.51E-06,-0.008038442,0.007679851,0.001617138,-1.37E-06,-0.004282328,0.004371648,0.00094976,1.59E-06,-0.042190784,0.061192303,0.008291408,5.56E-05,-0.016844888,0.022300561,0.00202099,-6.57E-06,-0.032128331,0.043219266,0.006638312,-1.77E-05,-0.011014938,0.024338305,0.002017436,-6.16E-06,-0.036666492,0.054046449,0.00758552,7.25E-05,-0.014133346,0.033370533,0.002152201,-5.52E-06
412,H,1,-0.220405595,0.100667133,0.055130575,-0.013158389,0.007433011,0.188408579,0.137882195,0.131612457,4.00E-07,0.18702653,0.023415585,0.009214634,-0.015794696,0.009639967,0.005279778,-0.002280257,-0.049868062,0.012838787,0.03096342,-0.027934145,0.018197129,0.06530393,0.047960137,0.047306236,0.013085112,0.660401133,0.222636441,0.190523932,0.004055193,0.501089504,0.134479876,0.100150232,0.009757869,0.557431834,0.177432094,0.149265019,-0.373885904,0.335488534,0.062914127,-2.92E-05,-0.1174552,0.157131222,0.028500687,2.48E-05,-0.042597706,0.035645904,0.00577846,-5.53E-06,-0.014540532,0.022935733,0.002778613,3.70E-07,-0.046679027,0.040145669,0.004155995,1.45E-05,-0.022927655,0.021120068,0.002088696,-5.66E-06,-0.004011071,0.005021094,0.00108014,2.01E-06,-0.002939576,0.002482201,0.000617941,-1.36E-07,-0.013900492,0.013881481,0.002667596,6.04E-07,-0.008735483,0.007013196,0.00150392,-1.38E-06,-0.009336277,0.009191771,0.001692178,-1.55E-06,-0.005220482,0.004924202,0.000993512,8.25E-07,-0.042632488,0.064027334,0.009461023,3.82E-05,-0.017535031,0.036699516,0.002835971,-5.92E-06,-0.032128331,0.046940483,0.007488916,-1.59E-06,-0.011987495,0.02575331,0.002381206,-4.90E-06,-0.048655801,0.054046449,0.008556864,4.44E-05,-0.013514001,0.041878049,0.002896955,-4.95E-06
412,H,2,-0.220225338,0.091286332,0.06225547,-0.019744261,0.006188522,0.191241818,0.13430383,0.125625945,2.33E-06,0.174996613,0.029761962,0.01413253,-0.015918884,0.009639967,0.004641375,-0.001343875,-0.049675761,0.014674157,0.030302801,-0.026430947,0.018197129,0.06530393,0.047208294,0.046421979,0.017779746,0.70040434,0.241752751,0.204765677,0.003606055,0.429023698,0.135986218,0.103534079,0.010254532,0.626315158,0.199880317,0.167341679,-0.344835491,0.335488534,0.061006302,-0.00056748,-0.161797384,0.132151282,0.027475673,-8.41E-06,-0.034969753,0.038221227,0.005435192,-2.27E-05,-0.014280579,0.018187832,0.002534451,-6.53E-06,-0.040914213,0.040145669,0.004883338,1.06E-05,-0.022927655,0.017353716,0.002435966,-3.60E-08,-0.004223398,0.005861015,0.001059638,-4.45E-08,-0.002706805,0.002482201,0.000634615,-4.26E-07,-0.01404403,0.012741061,0.002751846,7.10E-06,-0.008735483,0.007013196,0.001527624,2.60E-06,-0.009336277,0.009191771,0.001687988,-3.39E-06,-0.005220482,0.004924202,0.000985081,-4.94E-07,-0.04347317,0.064027334,0.009501602,6.64E-05,-0.017535031,0.036699516,0.002809101,-4.13E-06,-0.033764435,0.046940483,0.007434275,9.07E-05,-0.011987495,0.027729272,0.002256782,-3.00E-06,-0.069424392,0.061200893,0.008387299,3.14E-05,-0.019401332,0.054621254,0.003046247,-1.54E-06
412,L,0,,,,,0.002024153,0.206110929,0.120075424,0.108754485,1.62E-07,0.041635406,0.007374356,0.005105323,-0.120537835,0.010081468,0.015666596,-0.007561955,-0.137387053,0.037748313,0.022424467,-0.014628315,0.001162172,0.184811076,0.045303105,0.042662735,0.014971237,3.23396759,0.751938176,0.542438712,0.003387878,2.807684039,0.458898845,0.276651014,0.013758331,3.06086369,0.595670102,0.402312477,,,,,,,,,-0.048432476,0.049201523,0.007305411,1.54E-05,-0.026077938,0.027535635,0.003485525,-1.70E-05,-0.00964551,0.008880521,0.001858551,-1.24E-06,-0.006119087,0.005269827,0.001245486,-6.36E-07,-0.023396032,0.029113704,0.002255737,1.52E-06,-0.013623919,0.020922752,0.00135128,3.47E-06,-0.034055247,0.041283253,0.003875326,-4.06E-06,-0.017684132,0.029573568,0.002218404,4.35E-06,-0.050682796,0.042918867,0.003559603,8.96E-07,-0.037098231,0.020688826,0.002184952,-2.79E-06,-0.055775751,0.057333387,0.009798875,-0.000617735,-0.012806119,0.04135036,0.002054806,-3.60E-06,-0.060127023,0.039529186,0.008150117,-0.000177304,-0.01123099,0.023831522,0.001668363,-9.77E-06,-0.056987371,0.082991632,0.010682456,-0.0005615,-0.011332551,0.046916904,0.00234973,8.28E-06
412,L,1,-0.290241522,0.074563163,0.061528506,-0.024654442,0.009373902,0.200901177,0.139909536,0.132722487,2.25E-07,0.205135523,0.020001316,0.006581901,-0.019289599,0.01120949,0.007415816,-0.005351593,-0.050140228,0.019900961,0.022227515,-0.016399875,0.024894228,0.065207765,0.043706745,0.043012601,0.014971237,0.608147458,0.250001223,0.210529396,0.003387878,0.402523167,0.133113638,0.10513074,0.013758331,0.550521686,0.211616093,0.172179826,-0.492478463,0.44332448,0.060758948,0.000728376,-0.212368352,0.191494179,0.028020686,7.09E-05,-0.041133019,0.039860253,0.00668768,2.90E-05,-0.015387961,0.025361508,0.003061489,3.37E-06,-0.050042856,0.039716928,0.00339716,7.72E-07,-0.029921268,0.020253994,0.001830078,5.53E-07,-0.005977922,0.005479128,0.001081566,5.40E-07,-0.003038197,0.002881564,0.000631981,7.35E-07,-0.013315465,0.014723655,0.002792741,-1.09E-05,-0.007891535,0.007920699,0.001553423,4.70E-07,-0.009695861,0.007882885,0.001723645,4.83E-06,-0.004983097,0.006545572,0.00102428,8.96E-07,-0.055016444,0.057333387,0.008719506,-0.000123884,-0.012806119,0.04135036,0.002135629,-3.03E-06,-0.038816702,0.037945767,0.006511501,-6.89E-06,-0.008391786,0.017977601,0.001672585,-8.24E-06,-0.051724927,0.068274355,0.007511704,-0.000126832,-0.014291421,0.055200225,0.002347629,8.36E-08
412,L,2,-0.21589402,0.074563163,0.047927507,-0.020555496,0.009373902,0.190606251,0.144739519,0.139983534,3.38E-07,0.209749452,0.028903007,0.010518328,-0.019289539,0.011810202,0.007362937,-0.004898273,-0.050140228,0.00979368,0.022495825,-0.018445828,0.023315904,0.064359207,0.044906554,0.044355464,0.019494153,0.608147458,0.266046532,0.239020347,0.00399545,0.48619985,0.157755526,0.126126232,0.006508559,0.490326865,0.214228736,0.189248814,-0.311669278,0.293739044,0.055849094,-0.000545215,-0.143889349,0.16441303,0.026549909,2.83E-05,-0.037794022,0.039860253,0.005708247,-3.98E-05,-0.015321782,0.02525936,0.002648651,3.24E-06,-0.050042856,0.039716928,0.004628678,3.24E-05,-0.029921268,0.020253994,0.002242233,2.17E-06,-0.006146182,0.006055639,0.001165295,-3.07E-06,-0.003038197,0.002881564,0.000659851,-5.03E-07,-0.012578891,0.014023656,0.002739052,5.84E-06,-0.00646146,0.007920699,0.001556016,1.89E-06,-0.00932792,0.007882885,0.001658935,-2.07E-06,-0.004983097,0.005695217,0.000985354,-1.29E-06,-0.055016444,0.068198514,0.00759892,1.44E-05,-0.014479692,0.043614108,0.001964793,-6.38E-06,-0.038816702,0.051460447,0.006722679,4.14E-05,-0.010743626,0.028430501,0.00178069,-8.17E-06,-0.049944526,0.068274355,0.006699297,-3.33E-05,-0.014291421,0.055200225,0.002323474,-1.30E-06
412,L,3,-0.246120272,0.077171953,0.05488783,-0.028966096,0.009790651,0.193125969,0.144417896,0.139690462,3.38E-07,0.209749452,0.027167848,0.011668422,-0.024114322,0.011810202,0.007520349,-0.004933693,-0.054016012,0.01261251,0.025290711,-0.020681785,0.023315904,0.067241655,0.046857774,0.046203204,0.020200988,0.626701973,0.313177238,0.295893563,0.003446309,0.48619985,0.155699647,0.11922,0.006508559,0.621753605,0.271730753,0.251945008,-0.369012787,0.331915134,0.062751892,-3.95E-05,-0.15970211,0.16441303,0.030342798,1.90E-05,-0.043415739,0.03962216,0.005715317,-9.30E-07,-0.016380731,0.026135596,0.00275249,3.27E-06,-0.047755681,0.035231094,0.004071173,1.77E-06,-0.018462332,0.019575983,0.001953368,-2.02E-07,-0.006146182,0.006055639,0.001246141,-2.44E-07,-0.003035837,0.002850833,0.000692933,4.33E-07,-0.012877621,0.014611016,0.002874367,4.84E-06,-0.00656346,0.00738966,0.001591813,1.96E-06,-0.010860895,0.007104733,0.00173124,2.64E-07,-0.006117342,0.004957459,0.001000862,-9.66E-07,-0.040385072,0.068198514,0.008104796,0.000130884,-0.014479692,0.043614108,0.002332117,-1.29E-05,-0.034360264,0.051460447,0.007275013,2.51E-05,-0.010743626,0.028430501,0.001929149,2.20E-06,-0.049944526,0.049975766,0.007462771,0.000123126,-0.014176764,0.047208877,0.002626376,-1.12E-05
412,M,0,-0.46024425,0.152217026,0.121944375,-0.063412717,0.009190918,0.185301864,0.138896155,0.133061554,1.51E-09,0.150512451,0.012005079,0.005414183,-0.019803322,0.010877266,0.005538317,-0.003196509,-0.0601724,0.018765858,0.028945305,-0.025675836,0.021282311,0.07351745,0.047717874,0.047019823,0.018182981,1.214510668,0.356205787,0.242218048,0.003203564,0.957168959,0.223272624,0.151339602,0.01138273,1.066859098,0.277546208,0.163137534,-0.372948224,0.42633771,0.067346275,0.001148916,-0.212907269,0.194080941,0.031139324,-2.05E-05,-0.046103713,0.044170411,0.00618287,2.26E-05,-0.016069518,0.022834333,0.002933514,1.68E-06,-0.032978146,0.030466244,0.002882514,-4.28E-06,-0.017376896,0.01247106,0.00157099,1.60E-06,-0.005796184,0.006414518,0.001173106,5.10E-07,-0.003699341,0.003899799,0.000681432,8.11E-08,-0.017444705,0.01365679,0.002719498,-8.97E-06,-0.007679561,0.007233568,0.001569658,3.93E-07,-0.008439914,0.010932309,0.00183231,4.02E-06,-0.005066623,0.00503332,0.001090605,-2.26E-07,-0.039446734,0.059809603,0.00889804,-0.000104574,-0.012317265,0.017320216,0.001840837,-2.54E-06,-0.033177086,0.040801187,0.006786644,-0.000101431,-0.00758692,0.027562441,0.001852826,-3.10E-06,-0.051894736,0.081090539,0.009356798,-1.10E-05,-0.0169682,0.0513415,0.002191222,-9.93E-07
412,M,1,-0.218185928,0.087045925,0.060815441,-0.039403532,0.009867523,0.199415662,0.143981958,0.140481432,1.51E-09,0.150512451,0.020451911,0.009174518,-0.021149008,0.009131122,0.005313185,-0.002616102,-0.050184013,0.014103635,0.032504263,-0.030521197,0.022507202,0.065170487,0.049978924,0.049468991,0.021859914,0.646914138,0.178663237,0.147265727,0.003203564,0.409105456,0.117640337,0.094762931,0.009560539,0.522529573,0.134466738,0.099267962,-0.336351831,0.295663423,0.056501552,-0.000218093,-0.139799571,0.162817627,0.02779079,-6.86E-06,-0.046103713,0.036971057,0.006075902,-8.84E-06,-0.016069518,0.022834333,0.003063183,5.45E-06,-0.041849153,0.042371563,0.004361077,1.71E-06,-0.029380509,0.018448712,0.002350994,-1.28E-06,-0.005796184,0.006414518,0.001088053,-1.22E-06,-0.003699341,0.003899799,0.000622418,-5.87E-07,-0.01327694,0.01365679,0.002648979,-2.32E-06,-0.008899716,0.006832322,0.001561906,-1.18E-06,-0.008439914,0.010932309,0.001772238,1.82E-06,-0.004843632,0.00503332,0.001053353,8.59E-07,-0.031267899,0.059809603,0.007022516,1.06E-05,-0.012317265,0.017026027,0.001562273,-1.14E-06,-0.025898074,0.040801187,0.005805958,-1.25E-06,-0.007269494,0.027562441,0.001826527,-3.62E-07,-0.027707525,0.051570155,0.005896067,1.83E-05,-0.01112382,0.025867621,0.001344872,-1.72E-06
412,M,2,-0.224899845,0.077684118,0.073955182,-0.050374497,0.012293111,0.199415662,0.143295808,0.140584454,2.06E-06,0.176850246,0.028371125,0.014711878,-0.021149008,0.010779522,0.006244362,-0.003184846,-0.050228672,0.008956689,0.033151449,-0.031349479,0.022507202,0.065170487,0.050743013,0.050292181,0.024591686,0.665393632,0.186441126,0.160836633,0.004191802,0.461251536,0.144486407,0.113631243,0.009417945,0.510967778,0.117830266,0.093500568,-0.296319304,0.295663423,0.054813419,-0.000303907,-0.13856447,0.162817627,0.027578494,2.05E-05,-0.040546525,0.038816803,0.005704011,4.42E-06,-0.013899482,0.024077711,0.002889214,3.21E-06,-0.043545233,0.042371563,0.004904344,2.93E-06,-0.029380509,0.018448712,0.002656376,4.34E-07,-0.005774803,0.005681041,0.001042676,-1.80E-06,-0.002534803,0.002958523,0.000595,-4.03E-07,-0.01327694,0.013547604,0.002544444,-8.40E-07,-0.008899716,0.006832322,0.00147457,-7.95E-07,-0.00801512,0.008298249,0.001676377,-3.08E-07,-0.005484299,0.004933581,0.000987567,4.73E-07,-0.032659857,0.041098752,0.005540783,2.14E-05,-0.008055434,0.017026027,0.001255195,-2.15E-06,-0.03158958,0.0306428,0.005059116,2.32E-05,-0.007602983,0.019099627,0.00146187,-2.09E-06,-0.027306476,0.041288286,0.004581862,-3.56E-06,-0.005767233,0.009856428,0.00104728,-1.26E-06
413,H,0,-0.429981657,0.281612537,0.239823551,-0.219625015,0.001226663,0.217419624,0.151156838,0.142381651,9.37E-06,0.354952986,0.072270399,0.046666705,-0.020003129,0.007693113,0.007546222,-0.00597143,-0.052971591,0.029464816,0.023730421,-0.017893407,0.016349255,0.06491528,0.044971908,0.044243283,0.03185659,1.351270987,0.368528918,0.31398452,0.00469432,0.524896518,0.225379013,0.191606185,0.008300564,1.30120823,0.29157823,0.187796838,-0.376061791,0.555480086,0.064844641,0.000325604,-0.193813519,0.168068274,0.031936853,-1.78E-05,-0.055632959,0.051658248,0.007552488,4.38E-05,-0.021544642,0.02892218,0.003401401,9.95E-06,-0.063998232,0.049138106,0.006513542,4.03E-06,-0.023160739,0.02375409,0.002892645,-2.58E-06,-0.00552438,0.005154926,0.001119435,-4.33E-07,-0.003626744,0.002713608,0.000668201,4.26E-07,-0.018613594,0.01792955,0.002941891,-1.00E-06,-0.012114728,0.009137094,0.001633308,-2.45E-06,-0.010415665,0.012153587,0.0018307,4.42E-06,-0.007618817,0.00770299,0.001090647,8.42E-07,-0.040938157,0.080519931,0.008785321,-4.89E-05,-0.019160801,0.029948336,0.001645753,-1.76E-06,-0.034514359,0.031937295,0.004769576,-0.000123135,-0.006558214,0.016952314,0.000952242,-6.92E-07,-0.040652133,0.080528626,0.009482739,5.30E-05,-0.018783369,0.032627784,0.001838919,-3.68E-06
413,H,1,-0.429981657,-0.045252889,0.188238141,-0.180270819,0.002784135,0.22006947,0.153740638,0.143718909,2.89E-05,0.354952986,0.07701656,0.050749408,-0.020003129,0.007693113,0.007743383,-0.006519072,-0.051068198,0.02440959,0.020580975,-0.014973608,0.019141383,0.064758823,0.043790785,0.043046401,0.015552463,0.88731033,0.311698139,0.269214523,0.004114237,0.419619569,0.176374826,0.144497839,0.008300564,0.887052852,0.256997374,0.18952899,-0.259179544,0.283176737,0.062194701,0.000370314,-0.158347742,0.155054109,0.033148207,-2.16E-05,-0.053806072,0.051658248,0.0083224,-1.32E-06,-0.021544642,0.021222199,0.003731169,1.33E-05,-0.069270234,0.051449567,0.007670723,6.62E-06,-0.024359259,0.024386081,0.003491412,2.07E-07,-0.004667187,0.005035698,0.001064976,-8.56E-07,-0.002633112,0.002604199,0.000637501,5.29E-07,-0.018613594,0.016222632,0.002863806,2.25E-06,-0.012114728,0.009137094,0.001611819,-3.10E-06,-0.010415665,0.012153587,0.001828811,5.64E-07,-0.007618817,0.00770299,0.001090514,8.50E-08,-0.055873504,0.061722347,0.008944474,-0.000126989,-0.010200112,0.028265633,0.001871024,4.60E-06,-0.026511685,0.028555057,0.004778671,-6.57E-06,-0.005508182,0.009335456,0.000934052,2.70E-06,-0.059305545,0.075940789,0.010132518,-0.000122755,-0.012312804,0.039556946,0.002557337,3.77E-06
413,H,2,-0.356260278,-0.039572554,0.178933547,-0.172998056,0.005786459,0.22006947,0.157509752,0.147400883,1.75E-06,0.301745553,0.058669,0.036417066,-0.020894049,0.010246385,0.007473152,-0.005939039,-0.047270541,0.02440959,0.019007831,-0.013543175,0.018648804,0.064758823,0.04271306,0.042059339,0.015552463,0.884668218,0.312186072,0.279746871,0.004114237,0.458308702,0.165891405,0.136921054,0.008038203,0.853023277,0.264462068,0.225433951,-0.259179544,0.408039742,0.064462924,-0.000195476,-0.190114383,0.183637932,0.034549162,-6.01E-05,-0.048686855,0.046392171,0.008436883,-8.80E-06,-0.018276193,0.02137033,0.003795242,8.74E-06,-0.07016666,0.051449567,0.006425891,1.06E-06,-0.025776513,0.027993138,0.00319306,5.81E-07,-0.005586785,0.005661503,0.001171119,-5.22E-07,-0.00294248,0.00323803,0.000688619,-2.75E-07,-0.014019703,0.015662537,0.002982444,4.56E-06,-0.008354614,0.01023524,0.001680155,-1.57E-06,-0.010798405,0.008909435,0.001813211,-3.66E-08,-0.005805621,0.005692695,0.001069173,1.86E-06,-0.055873504,0.061722347,0.009185526,8.52E-05,-0.010692375,0.028265633,0.002017654,2.22E-06,-0.026511685,0.02015148,0.004795247,1.93E-05,-0.003712838,0.009743834,0.000990576,-7.35E-07,-0.059305545,0.075940789,0.010555567,8.25E-05,-0.012312804,0.048552228,0.002920872,2.25E-06
413,L,0,-0.593581998,0.427518018,0.207606078,-0.159066331,0.002605577,0.249747102,0.136264405,0.125741758,0.000106949,0.294109031,0.078433318,0.058204149,-0.055123393,0.03533705,0.009102089,-0.005297093,-0.12810291,0.027223159,0.021608214,-0.013375718,0.014495571,0.175407389,0.043454897,0.042272839,0.026156338,3.031686684,0.968735799,0.662695085,0.005503573,1.464003973,0.450436972,0.347804979,0.011314114,2.755771455,0.857645372,0.50803444,-1.412239123,1.476619859,0.121169643,-0.000932407,-1.124771722,0.801554109,0.068811491,-0.000157192,-0.062490277,0.052018521,0.008406728,-2.41E-05,-0.032181131,0.029675276,0.003985106,8.35E-06,-0.063930623,0.045741639,0.006495955,-3.86E-06,-0.021367492,0.025517181,0.003187277,1.24E-06,-0.015824775,0.015848734,0.001480243,-3.15E-06,-0.008928329,0.012536567,0.000902466,-1.09E-06,-0.040776314,0.02929593,0.003443642,3.69E-06,-0.016755522,0.016852227,0.001874279,-9.29E-07,-0.029596144,0.043508196,0.002704518,-7.25E-06,-0.022391986,0.018919449,0.001600039,2.76E-06,-0.053995891,0.068225889,0.010543446,-8.38E-05,-0.011972904,0.014510943,0.001819935,-2.33E-05,-0.065838843,0.063919833,0.009432451,-3.96E-05,-0.013979503,0.045236933,0.002280691,-1.36E-05,-0.051637913,0.054774567,0.010647579,-6.89E-05,-0.012670402,0.031479303,0.002277745,-2.10E-05
413,L,1,-0.487579028,-0.060857585,0.255799345,-0.242092265,0.002605577,0.210756845,0.144164957,0.135661751,5.08E-05,0.294109031,0.075347139,0.052159096,-0.020366137,0.004946662,0.007964495,-0.006756344,-0.043326401,0.026183855,0.022954032,-0.017073642,0.016621282,0.061204483,0.043997555,0.043323392,0.025408725,1.100907946,0.370538938,0.317978938,0.007883511,0.587636459,0.275133892,0.239377006,0.011314114,1.004303521,0.248194372,0.17941925,-0.363434406,0.303616764,0.057574827,-0.000238222,-0.179959469,0.200425479,0.028405064,-7.00E-05,-0.049832651,0.04165111,0.00794381,-1.48E-06,-0.018297978,0.025813977,0.003650056,1.17E-05,-0.063930623,0.045741639,0.005865316,3.22E-06,-0.021367492,0.025517181,0.002781728,-2.29E-06,-0.006082917,0.003963722,0.000992074,6.55E-08,-0.003760261,0.003984027,0.000580241,5.04E-07,-0.014603653,0.015390713,0.002856574,-7.32E-06,-0.009498795,0.007217965,0.001532451,-2.69E-06,-0.011061637,0.009229992,0.001699192,3.97E-06,-0.004517654,0.005354307,0.001016052,2.07E-06,-0.058379889,0.048191201,0.008161805,1.29E-05,-0.012999475,0.009268195,0.001471011,-6.08E-06,-0.016988573,0.018185894,0.003772724,-4.94E-05,-0.003171596,0.011242215,0.000673595,-1.54E-06,-0.060734138,0.063923092,0.009701364,0.000101085,-0.013233171,0.032959856,0.002229002,-7.12E-06
413,L,2,-0.487579028,-0.040040423,0.228190956,-0.205207567,0.004321424,0.208891869,0.155975305,0.15064591,5.08E-05,0.082265168,0.033506818,0.028401807,-0.020366137,0.007013307,0.007565499,-0.006208375,-0.043268059,0.026183855,0.021282872,-0.017866973,0.020930962,0.061204483,0.043902055,0.04335053,0.025408725,1.100907946,0.430177941,0.381483184,0.007883511,0.510131232,0.235696249,0.198356085,0.016973383,1.004303521,0.359861556,0.297669528,-0.363434406,0.303616764,0.050056063,0.000287556,-0.179959469,0.200425479,0.025550806,-6.98E-05,-0.049832651,0.038831002,0.007276915,3.34E-05,-0.018123983,0.025813977,0.003242523,9.32E-06,-0.015282174,0.019073397,0.003551151,-3.57E-06,-0.009720841,0.011182198,0.002109592,-1.01E-06,-0.004223026,0.00355227,0.000900228,-1.92E-06,-0.001989198,0.001873684,0.000531571,-2.60E-07,-0.014603653,0.015390713,0.002624527,-6.47E-06,-0.007150125,0.007248465,0.001425203,-1.93E-06,-0.011061637,0.009229992,0.001534201,2.69E-06,-0.004517654,0.005354307,0.000919827,8.65E-07,-0.058379889,0.048191201,0.006438712,-9.00E-06,-0.012999475,0.009104132,0.001139731,-1.83E-06,-0.013719056,0.016502932,0.003152896,-2.46E-05,-0.003171596,0.011242215,0.000550947,1.10E-07,-0.060734138,0.063923092,0.007183639,1.06E-05,-0.013233171,0.032959856,0.001529602,-2.27E-06
413,M,0,-0.363873134,0.642433443,0.182569887,-0.126256127,0.003712958,0.223038863,0.148958934,0.136789971,6.28E-06,0.29285063,0.046058528,0.027405218,-0.033735616,0.027739306,0.008538647,-0.006832881,-0.075837574,0.023519463,0.019516266,-0.013122315,0.017774501,0.111531121,0.043105589,0.042223516,0.025462989,2.451725758,0.614784273,0.389823399,0.004965266,2.195001036,0.453009582,0.236684567,0.007857678,1.62285798,0.41562245,0.261809485,-1.998463016,1.532765595,0.108300556,0.000471556,-0.925351323,0.689111552,0.052412665,2.68E-05,-0.054888614,0.042072552,0.009192344,4.70E-05,-0.01927626,0.027585496,0.004112181,1.42E-05,-0.043943883,0.03914525,0.004785029,-2.50E-06,-0.024375546,0.017859849,0.002504684,-6.47E-07,-0.012924027,0.010663518,0.001321171,-1.37E-06,-0.008797808,0.007782578,0.000810106,-1.06E-06,-0.03040574,0.035410547,0.003290277,-3.68E-06,-0.019880234,0.023651344,0.001917423,-1.33E-06,-0.036880395,0.030476105,0.002384444,1.15E-05,-0.02513039,0.018865213,0.001487997,3.19E-06,-0.058110992,0.063352882,0.010081833,-7.05E-05,-0.014477429,0.015434305,0.001866818,-1.38E-05,-0.063321744,0.061510125,0.008149683,-9.67E-06,-0.011720097,0.037984932,0.001638865,-1.50E-05,-0.053581494,0.059845976,0.0097584,-5.42E-05,-0.015434518,0.040371327,0.002270442,-2.16E-06
413,M,1,-0.342773392,0.047487809,0.21436864,-0.204708602,0.010478741,0.214112766,0.15604927,0.148339017,5.17E-06,0.29285063,0.050892523,0.031292492,-0.026339936,0.006498035,0.010784994,-0.009119122,-0.04955255,0.022844776,0.017666239,-0.01206904,0.016966236,0.06359384,0.043474555,0.042836702,0.025462989,0.740573572,0.246701591,0.20922578,0.005130884,0.363052095,0.096076889,0.075297806,0.011963359,0.689980184,0.227224353,0.184817227,-0.280588306,0.313388988,0.055851375,-0.000254059,-0.182807135,0.145741782,0.031332912,-5.50E-05,-0.048161071,0.03850703,0.008136848,-3.90E-06,-0.01927626,0.023561393,0.003595935,6.42E-06,-0.043943883,0.03914525,0.004427161,-7.08E-06,-0.024375546,0.017859849,0.002308194,-2.40E-06,-0.003845415,0.004595637,0.001011276,-6.85E-07,-0.00258435,0.002554867,0.00059008,-5.19E-07,-0.012559667,0.015351592,0.00248103,1.11E-06,-0.008287814,0.006829708,0.001388766,2.83E-07,-0.010442562,0.008288407,0.001626642,4.78E-07,-0.006264072,0.006822656,0.00099415,8.03E-07,-0.049948513,0.063352882,0.006726294,3.69E-05,-0.014477429,0.018591884,0.001500064,-1.17E-06,-0.01493616,0.022146851,0.00255008,1.10E-05,-0.004234536,0.004666831,0.000560157,-5.33E-07,-0.053581494,0.059845976,0.007397989,3.03E-05,-0.014050611,0.040371327,0.001944594,-1.98E-06
413,M,2,-0.35956091,-0.006531937,0.240387115,-0.230212317,0.001571111,0.218407574,0.152707586,0.144952365,5.17E-06,0.397411464,0.05669663,0.031227993,-0.026339936,0.005929541,0.010547736,-0.008902696,-0.043267278,0.024380432,0.018244457,-0.012949488,0.016966236,0.060616601,0.044092352,0.043484985,0.02121092,0.784815186,0.267254942,0.23191715,0.005502777,0.565834889,0.153203026,0.112098749,0.00958281,0.75791796,0.218984102,0.172225474,-0.242921815,0.261301141,0.054283157,4.12E-06,-0.156584597,0.141501503,0.029619242,-6.30E-05,-0.051493836,0.041695334,0.008103527,-5.60E-06,-0.019064162,0.021787469,0.003692214,5.41E-06,-0.038643263,0.041961386,0.0045674,-1.40E-07,-0.015869475,0.012511399,0.002161787,-3.61E-07,-0.004545688,0.004595637,0.00101739,4.77E-07,-0.002728541,0.002554867,0.00060103,2.61E-07,-0.011993057,0.013662864,0.002395189,3.19E-06,-0.006421161,0.00541607,0.001332592,-6.21E-07,-0.010442562,0.008381894,0.00164849,-1.08E-06,-0.006264072,0.006822656,0.001009403,6.84E-07,-0.047086624,0.06062232,0.007007118,5.33E-05,-0.011762553,0.028979368,0.001605016,2.08E-06,-0.013473996,0.012481183,0.00274529,4.28E-05,-0.003476472,0.006910045,0.000577862,3.02E-07,-0.048996718,0.062213561,0.007861795,3.71E-05,-0.011810469,0.052008451,0.002204455,1.82E-06
414,H,0,-0.096526726,0.082710261,0.035364675,-0.023075207,0.001967059,0.210697455,0.172531677,0.163324445,1.31E-06,0.142754778,0.015158941,0.010515221,-0.023856152,0.009203104,0.006590705,-0.004062657,-0.038649064,0.025713361,0.017084619,-0.013376175,0.028444032,0.061378985,0.042443881,0.042127187,0.010840576,0.191226139,0.075034111,0.066293781,0.001683088,0.105317982,0.042477066,0.036236671,0.005543636,0.190966008,0.061853187,0.049329016,-0.295752327,0.379300768,0.054160122,-0.000120728,-0.221962153,0.176144937,0.029392505,-4.26E-05,-0.053853027,0.052817924,0.007289999,4.06E-06,-0.022707988,0.024897427,0.003342005,1.73E-06,-0.018609161,0.018601715,0.002588205,-2.50E-07,-0.010871585,0.007213625,0.001526675,-2.21E-07,-0.00522047,0.004416212,0.001077276,6.78E-07,-0.002877202,0.002652678,0.000625539,-1.59E-06,-0.014743218,0.014625185,0.00239446,2.14E-06,-0.008111034,0.008717648,0.001357946,1.86E-06,-0.007737784,0.006875558,0.001284896,-4.61E-07,-0.005288435,0.004350144,0.000823237,6.58E-07,-0.009769549,0.00890604,0.001578379,2.00E-05,-0.002867938,0.003730293,0.000622239,1.15E-06,-0.005731316,0.00543423,0.001207099,2.64E-05,-0.00213225,0.002750654,0.000465817,6.43E-07,-0.009726093,0.010078811,0.001747238,-3.04E-06,-0.004406211,0.006460879,0.000720385,5.90E-07
414,H,1,-0.106012612,0.062078613,0.048760896,-0.041686082,0.001967059,0.210697455,0.178958664,0.172855223,1.31E-06,0.146611508,0.024458649,0.014168477,-0.018985385,0.009203104,0.006186853,-0.003567313,-0.035683615,0.023221525,0.01676823,-0.014570002,0.028936258,0.060087392,0.043823153,0.04356617,0.010840576,0.124551589,0.063427472,0.057751958,0.002035319,0.105317982,0.043675459,0.036845336,0.005543636,0.121194821,0.045994549,0.038463609,-0.303043831,0.355681507,0.052248204,-4.53E-05,-0.221962153,0.176144937,0.028961617,-3.76E-05,-0.053853027,0.042348463,0.005910359,5.67E-06,-0.022707988,0.021753711,0.002719823,8.46E-07,-0.035796948,0.035307784,0.004240613,-1.22E-07,-0.017439594,0.014153211,0.002141588,8.32E-07,-0.005586501,0.004244735,0.001030048,-3.08E-06,-0.002689034,0.002871343,0.000605316,-6.04E-07,-0.012066607,0.013971892,0.002008901,-2.49E-06,-0.007806212,0.007336541,0.001177246,1.42E-06,-0.005417338,0.007154285,0.001111675,3.76E-06,-0.004171844,0.003683579,0.000704541,-2.17E-08,-0.008807546,0.009608846,0.001528809,-1.53E-05,-0.003689768,0.003528848,0.000612036,4.23E-07,-0.003734845,0.006541364,0.001152237,3.77E-06,-0.002309753,0.003411847,0.000437528,1.94E-07,-0.011056588,0.010078811,0.001687847,-1.81E-05,-0.003672258,0.006010333,0.000712397,3.52E-07
414,H,2,-0.10742668,0.053359817,0.052020374,-0.046190047,0.004954638,0.215085295,0.180887628,0.175854647,2.40E-08,0.173559403,0.024289887,0.012379338,-0.020768961,0.007562389,0.007405525,-0.004742958,-0.042584674,0.015426577,0.016184662,-0.014338348,0.028936258,0.061282419,0.045555182,0.045249248,0.013113542,0.138845863,0.060752649,0.056699554,0.002035319,0.097848946,0.038781601,0.033050238,0.006604365,0.120355456,0.046764001,0.040616169,-0.319226894,0.428448822,0.055387093,4.01E-05,-0.245886115,0.177247312,0.031026993,-1.49E-05,-0.054734591,0.047614451,0.005379149,-1.43E-06,-0.02085843,0.026850171,0.002587263,4.00E-06,-0.035796948,0.036579996,0.004677296,6.36E-07,-0.018794458,0.015176202,0.002333416,-5.89E-07,-0.005586501,0.004748486,0.001035479,-3.32E-06,-0.003422775,0.002896029,0.000599682,-1.02E-06,-0.014259312,0.010517703,0.001859795,7.93E-07,-0.007806212,0.008360505,0.001100838,-1.97E-07,-0.005339524,0.008110863,0.001109108,-1.46E-07,-0.00484758,0.003633804,0.000678182,2.42E-07,-0.009405659,0.00986275,0.001611315,-1.90E-05,-0.003689768,0.003498683,0.000600964,1.49E-07,-0.005971451,0.006541364,0.001224436,-2.49E-05,-0.002309753,0.003411847,0.000447934,-3.21E-07,-0.011056588,0.015351147,0.001788101,2.32E-06,-0.003672258,0.006010333,0.000729669,7.60E-07
414,L,0,-0.048037114,0.10433499,0.020086142,0.009444054,0.010885733,0.211632931,0.173040741,0.164716505,1.26E-07,0.031994806,0.011196708,0.009294749,-0.020460583,0.010078306,0.006720289,-0.003029983,-0.039070798,0.023206885,0.016040711,-0.012881097,0.023828567,0.057987859,0.040566292,0.040254677,0.009712475,0.201272222,0.093645013,0.08177002,0.00380951,0.07642471,0.033905176,0.028612834,0.005993964,0.186602251,0.087291623,0.074077237,-0.441982741,0.392300802,0.048278695,-0.000140173,-0.257499719,0.204875185,0.02781702,-2.08E-05,-0.052075179,0.046968789,0.005461023,3.57E-05,-0.019315021,0.023198649,0.002537021,-2.36E-07,-0.008822834,0.00983016,0.002126982,9.04E-06,-0.005917151,0.005137308,0.001388542,-7.72E-07,-0.004649353,0.004162302,0.00097872,4.55E-06,-0.002440939,0.002558665,0.000538544,-2.51E-07,-0.011015778,0.013084826,0.001995136,-3.42E-06,-0.005262981,0.00626155,0.00112198,-6.10E-07,-0.00532341,0.006163703,0.001125228,-1.32E-06,-0.003616034,0.003340901,0.000676668,6.22E-07,-0.008582195,0.00948657,0.001624624,-4.28E-05,-0.002875525,0.002696183,0.000590143,-2.17E-07,-0.005688692,0.006799303,0.001100426,-1.09E-05,-0.002842058,0.002236265,0.000449785,-1.25E-07,-0.009581676,0.008433768,0.001623951,-4.21E-05,-0.002784323,0.002814451,0.000596109,-1.94E-07
414,L,1,-0.033680106,0.105521585,0.024489365,0.016115907,0.017432603,0.211632931,0.182093904,0.178803165,3.19E-06,0.155894007,0.01656876,0.011357042,-0.020460583,0.01048278,0.007430368,-0.002779245,-0.039070798,0.019717899,0.017619497,-0.015822648,0.028460887,0.056970645,0.042067501,0.041762552,0.009712475,0.149131376,0.074266054,0.066676168,0.004464255,0.084453376,0.032921808,0.027914,0.005852772,0.145608822,0.066570274,0.057424238,-0.441982741,0.345607634,0.044028171,0.000264902,-0.257499719,0.204875185,0.025620788,9.23E-07,-0.047215726,0.033961463,0.004503234,3.29E-06,-0.018702664,0.020954963,0.002109185,4.63E-06,-0.034710876,0.037694437,0.00339633,6.99E-06,-0.019593847,0.014383888,0.001846522,1.04E-06,-0.00480277,0.005319857,0.001044086,-2.46E-07,-0.003322926,0.003489949,0.000578413,-4.95E-07,-0.011688075,0.013802841,0.001776375,2.52E-06,-0.009221412,0.008210724,0.00107748,9.07E-07,-0.00532341,0.006163703,0.001065973,5.26E-07,-0.003815829,0.003340901,0.000651821,-6.90E-07,-0.00997083,0.008537752,0.001531894,-2.31E-05,-0.002875525,0.003802153,0.000580658,5.27E-08,-0.005223598,0.005366415,0.001029589,-6.12E-06,-0.002066491,0.002992541,0.000438158,8.94E-09,-0.011317834,0.010395617,0.001666701,-2.30E-05,-0.004257439,0.004727371,0.000631181,1.57E-07
414,L,2,-0.019464521,0.112511593,0.02886465,0.019311493,0.010528371,0.211387473,0.18021208,0.176152271,3.11E-06,0.180533835,0.019679823,0.012341676,-0.019627001,0.013535835,0.008155295,-0.004062037,-0.038048086,0.021099584,0.017131378,-0.014685274,0.029024308,0.056970645,0.042824696,0.042539368,0.010758994,0.196143705,0.093377402,0.083313673,0.002519942,0.140860591,0.042058387,0.034443019,0.005459928,0.175973714,0.083369246,0.071363522,-0.329405988,0.384309996,0.044800476,0.000156892,-0.234187089,0.158605672,0.025765929,7.81E-06,-0.053927675,0.037430701,0.00498978,2.06E-06,-0.020355158,0.021356884,0.002362004,2.55E-06,-0.044979956,0.037694437,0.003873677,-2.19E-06,-0.019593847,0.01685555,0.001976796,4.58E-07,-0.00480277,0.005319857,0.001085214,6.66E-07,-0.003322926,0.003489949,0.000603756,-5.18E-07,-0.011688075,0.013802841,0.001807872,-5.21E-06,-0.009221412,0.008210724,0.00105895,2.04E-06,-0.005570299,0.006525077,0.001087381,5.01E-06,-0.003815829,0.003271167,0.000657427,7.21E-08,-0.010523782,0.007358711,0.001664371,3.77E-05,-0.002800463,0.003802153,0.000622045,-1.20E-07,-0.005127209,0.005464141,0.001148386,1.58E-05,-0.002725347,0.002992541,0.000489006,-7.53E-08,-0.011317834,0.010395617,0.001857283,3.42E-05,-0.004257439,0.004727371,0.000703841,-4.22E-10
414,M,0,-0.095043465,0.104240655,0.029787495,-0.005936428,0.005873931,0.210228516,0.16948934,0.160963473,1.25E-06,0.339299414,0.02591897,0.013741636,-0.019204465,0.010596475,0.00611951,-0.002851633,-0.03909926,0.019050702,0.016914783,-0.014022176,0.028339627,0.059252015,0.042828915,0.042538481,0.011374782,0.225641142,0.109025958,0.098301918,0.00286474,0.16040108,0.055584928,0.047718424,0.008349805,0.218893202,0.093792192,0.080513859,-0.319756429,0.350658583,0.051733493,0.000215445,-0.186344038,0.154848364,0.028848465,-1.25E-05,-0.049625074,0.047880105,0.006831243,1.62E-05,-0.019300602,0.022492729,0.003100257,4.51E-06,-0.09030391,0.068071735,0.004803212,3.73E-06,-0.054344671,0.034240705,0.002586751,-3.30E-06,-0.005885038,0.005825449,0.001089662,-6.77E-07,-0.003137125,0.00298383,0.000624769,8.64E-07,-0.012113701,0.010650768,0.002063491,-3.05E-06,-0.005175076,0.006552978,0.001168092,1.25E-07,-0.006572666,0.007278644,0.001169571,3.06E-06,-0.005146229,0.003567818,0.000703625,4.73E-08,-0.013012109,0.015824997,0.002261403,-7.13E-07,-0.003619817,0.003779069,0.000691808,8.36E-07,-0.007489021,0.007482918,0.001403432,-5.01E-06,-0.002307932,0.004430092,0.000530339,7.16E-07,-0.013434657,0.015872305,0.002327308,5.55E-06,-0.003637619,0.003952935,0.000766323,3.07E-07
414,M,1,-0.104445587,0.104240655,0.046774059,-0.03470682,0.005143656,0.209517999,0.168476241,0.159929822,1.25E-06,0.339299414,0.025202565,0.014036295,-0.018942584,0.008968124,0.005682823,-0.002313044,-0.03909926,0.019058433,0.017691567,-0.01495902,0.028339627,0.056014304,0.042733494,0.042460332,0.011041467,0.214698449,0.095475769,0.081208428,0.002139643,0.16040108,0.046724948,0.036752161,0.005436559,0.198170088,0.083261045,0.067632496,-0.319756429,0.43554852,0.055760027,-0.000161333,-0.244690286,0.166227517,0.031069537,-3.90E-05,-0.05355409,0.047880105,0.006499949,2.73E-06,-0.019502951,0.022492729,0.00292932,4.63E-06,-0.09030391,0.068071735,0.004957699,4.85E-06,-0.054344671,0.034240705,0.002725653,6.17E-07,-0.00416708,0.005825449,0.001002671,-4.23E-07,-0.002287312,0.002495173,0.000579866,-5.49E-07,-0.012113701,0.010650768,0.001966136,-5.79E-06,-0.005593752,0.005885473,0.001119488,-9.43E-08,-0.005534115,0.006880391,0.001123933,1.65E-06,-0.00362295,0.003302518,0.000690069,1.99E-07,-0.013012109,0.01274973,0.002046516,-1.86E-05,-0.003619817,0.003570818,0.00063993,-7.23E-07,-0.006584515,0.007482918,0.001285009,-1.53E-05,-0.002307932,0.004430092,0.000468923,-3.88E-07,-0.01347155,0.012819969,0.002114352,-1.33E-05,-0.003637619,0.00371906,0.000698383,-5.66E-07
414,M,2,-0.104445587,0.036203838,0.05519156,-0.050368704,0.005143656,0.205064684,0.175098883,0.169748455,5.37E-07,0.184773213,0.018244461,0.010991088,-0.018942584,0.008587554,0.006473858,-0.002822159,-0.035234818,0.021076671,0.017289803,-0.015140172,0.029646616,0.057351955,0.043061925,0.042825349,0.011041467,0.200697556,0.060290068,0.053868674,0.002139643,0.114380875,0.031309156,0.025494058,0.005436559,0.164913687,0.051523093,0.044451009,-0.237916328,0.43554852,0.051354944,-3.06E-05,-0.244690286,0.166227517,0.02925784,-1.92E-05,-0.05355409,0.041071952,0.005010209,1.48E-06,-0.019502951,0.022140835,0.002249403,3.02E-06,-0.046205887,0.026693936,0.003332078,1.23E-06,-0.01759861,0.017443198,0.001899152,-1.21E-06,-0.004530743,0.005012598,0.00102036,-1.67E-06,-0.002380653,0.002892344,0.000587928,-4.12E-07,-0.011971752,0.012087289,0.001798816,-7.51E-07,-0.005971773,0.005686253,0.001056642,2.97E-07,-0.005534115,0.004706687,0.001088306,5.78E-07,-0.003501684,0.003302518,0.000686811,4.03E-07,-0.009732607,0.007557689,0.001523828,7.88E-06,-0.00256963,0.003991861,0.000566697,-8.40E-09,-0.005730692,0.005955205,0.001076923,7.48E-06,-0.00202625,0.002078801,0.000405049,2.08E-07,-0.01347155,0.007873658,0.001612132,3.39E-06,-0.003080466,0.004584331,0.000622521,-4.61E-07
415,H,0,-0.1459176,0.240975741,0.0663278,-0.029140362,0.003853098,0.222184696,0.170473653,0.161864256,5.28E-11,0.164188617,0.029914083,0.012106477,-0.021130838,0.010372405,0.006312924,-0.001958163,-0.043777682,0.015462474,0.024024444,-0.020733824,0.020018458,0.064883898,0.046220317,0.045600737,0.008667462,0.376224092,0.094506399,0.076620471,0.001563636,0.267160147,0.063650618,0.044925257,0.006518181,0.267022629,0.069857413,0.055294364,-0.291895158,0.252268902,0.049417808,-0.000199719,-0.190145551,0.180533099,0.027895538,-3.54E-05,-0.054959665,0.048656807,0.007371397,-7.75E-06,-0.019627119,0.024627538,0.003148102,7.99E-06,-0.037520209,0.031472462,0.003329752,-4.22E-06,-0.012570825,0.014842364,0.001683585,1.06E-06,-0.004693801,0.004475253,0.001104191,-3.46E-06,-0.002077669,0.002754198,0.000605842,9.46E-07,-0.012840446,0.013007485,0.002218444,4.33E-06,-0.005835168,0.00736335,0.00122866,-1.60E-06,-0.009955095,0.009702195,0.001447365,-2.17E-06,-0.005389089,0.004999251,0.00081671,2.11E-06,-0.017739405,0.01436847,0.00246266,-8.36E-06,-0.004483808,0.008357157,0.000723669,4.77E-07,-0.007273566,0.009784438,0.001533148,-2.84E-05,-0.002642538,0.00316625,0.000448518,6.61E-07,-0.020855038,0.01631387,0.002715891,4.14E-06,-0.005194273,0.012254455,0.000844826,-2.29E-07
415,H,1,-0.109336033,0.089535576,0.055174074,-0.038829756,0.008412776,0.222184696,0.175065785,0.168396886,6.41E-14,0.175545936,0.044309705,0.021792765,-0.017472578,0.013349373,0.006604847,-0.001205422,-0.046171543,0.018062742,0.024364202,-0.021230511,0.023297723,0.064883898,0.046708057,0.046126104,0.008406442,0.155422854,0.06350255,0.055465679,0.001148983,0.101499926,0.033739926,0.026284542,0.006518181,0.155062345,0.053797688,0.043731371,-0.267245325,0.215853048,0.04567793,-8.20E-05,-0.170229851,0.159943022,0.026577124,-3.43E-05,-0.051663054,0.048414191,0.006847821,-1.85E-05,-0.016534173,0.027983129,0.002915383,8.82E-06,-0.038829242,0.035705097,0.004499818,1.35E-05,-0.014377272,0.018098076,0.002125497,4.09E-07,-0.004734678,0.005878605,0.001115445,5.16E-06,-0.002581898,0.003063482,0.000615305,6.11E-08,-0.012190622,0.013007485,0.00214189,-4.01E-06,-0.00750056,0.006919923,0.0011815,-7.95E-07,-0.009955095,0.007801189,0.001355871,8.02E-07,-0.004569568,0.004999251,0.000759389,1.17E-06,-0.010384362,0.009888882,0.001884488,-4.87E-07,-0.00289961,0.005061199,0.000593029,-6.59E-07,-0.00608698,0.006184237,0.00124251,-3.48E-08,-0.002642538,0.002925698,0.000391971,2.21E-07,-0.010517328,0.010615727,0.002017608,-7.04E-07,-0.003250745,0.005308991,0.000647069,-7.60E-07
415,H,2,-0.124808405,0.061086526,0.064034261,-0.053979021,0.006746582,0.22178877,0.175601993,0.167071556,6.41E-14,0.175545936,0.046560093,0.025001149,-0.01647548,0.013349373,0.005882573,8.08E-05,-0.046171543,0.018062742,0.02309718,-0.019733517,0.023297723,0.063656328,0.044361528,0.043734462,0.008406442,0.165241216,0.075497458,0.067215286,0.001148983,0.138898983,0.048854552,0.039378828,0.006492735,0.155266151,0.057559525,0.046867087,-0.29231361,0.245317798,0.04629017,-0.000258254,-0.170229851,0.170073897,0.027535473,-2.05E-05,-0.051663054,0.043728505,0.007177137,4.47E-05,-0.016254538,0.027983129,0.00302991,5.30E-06,-0.038829242,0.036024962,0.005371976,6.17E-06,-0.022704336,0.018098076,0.002579469,-4.83E-08,-0.004734678,0.005878605,0.001082515,-1.01E-06,-0.002581898,0.003063482,0.000596213,-4.41E-07,-0.013076064,0.011615443,0.002129411,-6.01E-06,-0.00750056,0.006921735,0.001174379,-1.83E-07,-0.008325252,0.007801189,0.001303913,5.04E-06,-0.003960316,0.004013714,0.000735687,5.84E-07,-0.008161679,0.008340129,0.001772054,-7.53E-06,-0.00289961,0.002483527,0.000532602,5.53E-07,-0.005074193,0.007372942,0.001295905,7.83E-06,-0.001548881,0.003784406,0.000391665,2.05E-07,-0.008743704,0.013314489,0.002034023,-9.85E-06,-0.003250745,0.003184573,0.000616241,8.64E-07
415,L,0,-0.122177667,0.134856473,0.074345914,-0.056882433,0.008308749,0.207474836,0.161051789,0.154028369,1.66E-07,0.019154805,0.006913299,0.004892429,-0.015557293,0.011834751,0.00455928,0.000208419,-0.044492405,0.019735471,0.027279111,-0.024121189,0.022149205,0.061150936,0.046531009,0.046037144,0.00751657,0.251280611,0.094782249,0.080217154,0.002542679,0.249267489,0.069459054,0.048537801,0.006182625,0.169467172,0.064491198,0.056008719,-0.275707236,0.258856667,0.050669018,-0.000404348,-0.17612618,0.15302389,0.02930565,-4.03E-05,-0.05067313,0.040168897,0.006764741,2.27E-06,-0.01748025,0.025787899,0.003110699,4.51E-06,-0.006494966,0.006167282,0.00197632,-2.47E-06,-0.004760373,0.004427602,0.001343933,2.12E-06,-0.00450579,0.005163307,0.000975574,3.59E-06,-0.00217433,0.002618417,0.000549589,-3.26E-07,-0.014823066,0.011572092,0.002123758,2.96E-06,-0.005398546,0.00700991,0.001135546,-1.64E-06,-0.006675887,0.008582357,0.001383646,-1.12E-06,-0.004151833,0.003595622,0.00079818,1.26E-06,-0.010167849,0.014020296,0.001841431,-3.39E-05,-0.003091573,0.003953569,0.000617331,2.40E-07,-0.007819704,0.018859812,0.001597031,-3.08E-05,-0.003782831,0.004005707,0.000435234,9.57E-07,-0.012620771,0.016565365,0.002091956,-1.60E-05,-0.004648583,0.010374179,0.000767109,-8.28E-07
415,L,1,-0.229162274,-0.010227212,0.083178711,-0.077523872,0.009902903,0.219794599,0.165970755,0.159523599,1.66E-07,0.180881737,0.042766187,0.019414344,-0.015437354,0.011834751,0.004784373,-0.000502036,-0.045123284,0.019735471,0.027069674,-0.024548012,0.022149205,0.064265826,0.047493865,0.046973198,0.00751657,0.190753033,0.065982091,0.057332562,0.002542679,0.123082812,0.039877671,0.032581259,0.005748989,0.181454746,0.052568124,0.041943852,-0.30487169,0.285262372,0.050820416,-0.000212363,-0.17612618,0.176538501,0.029261932,6.38E-06,-0.050356119,0.040168897,0.006884663,-3.00E-06,-0.018138613,0.02076217,0.003035751,4.84E-06,-0.045572319,0.034924832,0.004992494,2.98E-06,-0.020872354,0.021666735,0.002441732,-1.62E-06,-0.005176731,0.005163307,0.001025481,-1.68E-06,-0.002294909,0.002807266,0.000578103,-2.34E-07,-0.014823066,0.011328566,0.002078794,4.07E-06,-0.006504089,0.00605078,0.001135474,-3.69E-07,-0.00685282,0.008582357,0.001455884,7.01E-07,-0.004100761,0.003595622,0.000841663,4.85E-07,-0.008983854,0.01373784,0.001972333,-7.60E-06,-0.003178064,0.004862864,0.000642606,-1.33E-06,-0.006220936,0.00622539,0.001312127,6.99E-07,-0.001811617,0.003464866,0.000418713,-1.24E-07,-0.010015967,0.013559779,0.00209852,-7.82E-06,-0.003199168,0.008026869,0.000761095,-1.54E-06
415,L,2,-0.229162274,-0.010227212,0.093967397,-0.08855163,0.009902903,0.219794599,0.174069363,0.169523525,4.28E-07,0.180881737,0.042965236,0.020736017,-0.015437354,0.011035193,0.004835131,-0.000619106,-0.045123284,0.013026089,0.026618984,-0.024822325,0.022873928,0.064265826,0.048180904,0.047748325,0.008754432,0.195476083,0.072722298,0.064894905,0.001902056,0.123082812,0.049749025,0.043699328,0.003994485,0.181454746,0.053043068,0.040891004,-0.30487169,0.285262372,0.048707045,-0.000169012,-0.145457034,0.176538501,0.027997485,1.30E-05,-0.050356119,0.040778717,0.006360921,-2.59E-06,-0.018138613,0.021976735,0.00274439,6.31E-06,-0.045572319,0.034924832,0.005051245,3.12E-06,-0.020872354,0.021666735,0.002498404,-1.15E-07,-0.005176731,0.004912012,0.001047245,-4.84E-06,-0.002434485,0.002807266,0.000612799,3.70E-07,-0.012828895,0.011493082,0.001995689,5.81E-07,-0.008404271,0.005846897,0.001109022,-2.85E-07,-0.008097548,0.007590417,0.001433488,2.57E-06,-0.004100761,0.004744967,0.000830489,7.07E-07,-0.010143157,0.01373784,0.001947183,-2.47E-06,-0.003178064,0.004862864,0.000608469,-1.14E-06,-0.006220936,0.005691695,0.00122912,-1.06E-05,-0.001811617,0.003464866,0.000393269,-7.93E-07,-0.01010102,0.013559779,0.002197958,4.70E-06,-0.003199168,0.008026869,0.000773338,-6.86E-07
415,M,0,-0.137360237,0.020258695,0.057036173,-0.046037853,0.00457839,0.216010304,0.17054273,0.164518936,1.61E-08,0.185600622,0.011160163,0.004586431,-0.014098296,0.01253275,0.00516901,0.001117156,-0.04454184,0.017552245,0.025310023,-0.022415878,0.022877368,0.06582523,0.045291205,0.044727878,0.009299765,0.266742184,0.097879206,0.074725643,0.001928442,0.238844818,0.069998302,0.044843809,0.004597397,0.261692518,0.068414741,0.048556266,-0.262673742,0.251567148,0.043269598,-0.000385424,-0.180656504,0.197126484,0.025148381,4.16E-05,-0.048154338,0.038557886,0.006156044,-8.61E-06,-0.017230708,0.022345299,0.002841094,6.05E-06,-0.021938109,0.045924073,0.002358249,1.73E-06,-0.019552948,0.016342389,0.001358403,-2.18E-06,-0.003730052,0.004424974,0.000923073,7.38E-07,-0.002215825,0.002542622,0.000547569,-1.80E-07,-0.012095039,0.011594245,0.002055016,5.06E-06,-0.007325009,0.005842493,0.001131302,6.36E-07,-0.006482456,0.008079126,0.001285967,-4.80E-06,-0.003891855,0.004198531,0.000737239,6.74E-07,-0.014512632,0.016734052,0.001978905,-4.77E-05,-0.004229388,0.004346583,0.000646905,-3.63E-07,-0.008763114,0.006616446,0.001199028,-5.60E-05,-0.00231115,0.005638947,0.000422935,5.94E-08,-0.013770833,0.01878729,0.002185426,-1.74E-06,-0.00681483,0.004654897,0.000713618,-2.46E-07
415,M,1,-0.137360237,-0.008891507,0.077877963,-0.073999434,0.00457839,0.21516005,0.173080964,0.16844269,3.49E-09,0.2503783,0.04546546,0.02073186,-0.014049852,0.01253275,0.005515448,0.001104342,-0.042907624,0.016779963,0.027077623,-0.025266441,0.022596513,0.063089108,0.047264463,0.046860504,0.009548198,0.266742184,0.072211975,0.054946382,0.001715264,0.119928347,0.032028281,0.026103205,0.004597397,0.261692518,0.064720618,0.04370685,-0.35116468,0.272614738,0.051026018,-7.43E-05,-0.198628627,0.197126484,0.029690665,-1.76E-05,-0.048154338,0.04038699,0.006283911,-5.84E-06,-0.017278926,0.021359354,0.002836122,6.70E-06,-0.04266552,0.045834743,0.005206624,1.16E-06,-0.018429166,0.018070925,0.002395496,8.56E-07,-0.00662421,0.004424974,0.001023372,1.03E-07,-0.003133649,0.003464105,0.000584009,4.69E-07,-0.01123148,0.01162072,0.001934044,-1.35E-06,-0.007325009,0.006976956,0.00107427,-1.11E-06,-0.008845772,0.008079126,0.00132768,1.79E-06,-0.004368289,0.004628579,0.000762003,1.15E-06,-0.014512632,0.01292446,0.001922141,-9.62E-06,-0.003101708,0.003994343,0.000655849,3.11E-08,-0.007071038,0.006616446,0.00115154,-4.70E-06,-0.00197276,0.005638947,0.000397455,-3.18E-07,-0.01307983,0.012890158,0.002011156,-8.35E-06,-0.003806588,0.00581653,0.000728257,2.86E-07
415,M,2,-0.126610632,-0.016300886,0.075197368,-0.072508119,0.011849338,0.20659622,0.165578642,0.159285989,3.49E-09,0.2503783,0.052741478,0.027901647,-0.014686351,0.012488921,0.00503035,0.000456205,-0.043866153,0.018228986,0.027780488,-0.024956914,0.022596513,0.0642523,0.047374455,0.046839715,0.009548198,0.214286525,0.065640764,0.057452748,0.001715264,0.120188344,0.045874074,0.037846867,0.00502492,0.198100194,0.046949752,0.036536211,-0.35116468,0.272614738,0.052623437,3.11E-05,-0.198628627,0.178061056,0.030305143,-1.54E-05,-0.045991183,0.043433966,0.006591623,-3.55E-05,-0.017278926,0.025612296,0.003031436,8.90E-06,-0.04266552,0.045834743,0.006018804,2.44E-05,-0.018429166,0.020137833,0.002797203,1.05E-06,-0.00662421,0.004358927,0.001053716,-5.35E-06,-0.003133649,0.003464105,0.000587838,-4.12E-07,-0.01123148,0.01162072,0.00208398,9.24E-06,-0.006175758,0.006976956,0.001136069,-2.59E-06,-0.008845772,0.006610315,0.001375116,-3.10E-06,-0.004368289,0.004628579,0.000795914,1.33E-06,-0.009551511,0.01292446,0.001826254,1.87E-05,-0.003047928,0.003813737,0.000618662,1.18E-06,-0.00622531,0.006029798,0.001147636,1.78E-05,-0.00187036,0.002628523,0.000385697,4.68E-07,-0.009571348,0.012890158,0.002018464,1.26E-05,-0.003806588,0.00581653,0.000752757,1.11E-06
416,H,0,-0.161698584,0.000143059,0.069612875,-0.063696021,0.021309411,0.21869144,0.165247674,0.159331701,2.24E-08,0.113838161,0.015098044,0.006872678,-0.019136198,0.010562985,0.008292613,-0.005913433,-0.050417343,0.017309633,0.031186498,-0.02766355,0.030537659,0.069834109,0.056312589,0.055819158,0.009196478,0.337610657,0.097358872,0.077425578,0.00225434,0.216137572,0.050662384,0.038628642,0.004904396,0.322949154,0.083138876,0.062179513,-0.396700404,0.332136428,0.056600646,-0.00030899,-0.25484655,0.157420717,0.032729141,-8.13E-06,-0.039852245,0.046131265,0.005853555,-6.12E-06,-0.018606437,0.021948939,0.002743198,3.58E-06,-0.025478637,0.03374555,0.003299805,1.40E-06,-0.016618836,0.016007166,0.001859871,-1.26E-06,-0.006428252,0.005059125,0.001176856,2.50E-06,-0.002970731,0.003495885,0.000677839,7.42E-07,-0.014548205,0.016227803,0.002458607,-5.91E-06,-0.008735491,0.006724758,0.001316022,-8.61E-08,-0.007174867,0.00930245,0.001439525,3.48E-06,-0.004951228,0.004036378,0.000853213,-1.04E-07,-0.012895699,0.016073756,0.00246316,-4.09E-05,-0.00365166,0.005379693,0.000862312,2.13E-07,-0.007097994,0.011783444,0.001893743,-3.33E-06,-0.002875952,0.006052194,0.000566041,-1.12E-06,-0.01673779,0.014861962,0.00256539,-4.43E-05,-0.004077283,0.01178019,0.001022535,8.62E-07
416,H,1,-0.161698584,-0.002126559,0.082281198,-0.078267853,0.025936141,0.216261268,0.169091716,0.164470901,6.37E-07,0.123900901,0.015199441,0.006686294,-0.018660092,0.011645042,0.007733762,-0.004708719,-0.047526833,0.017309633,0.031714949,-0.028899011,0.025355396,0.069834109,0.05533358,0.054903945,0.009196478,0.320221853,0.069827285,0.055880907,0.002231339,0.263681082,0.044100418,0.031200244,0.004904396,0.228319831,0.054138736,0.042274879,-0.396700404,0.332136428,0.05375357,0.000137805,-0.25484655,0.157420717,0.030795059,3.64E-05,-0.041042178,0.044042635,0.005339992,1.72E-06,-0.017290218,0.019275635,0.002478236,4.06E-06,-0.025478637,0.03374555,0.00308639,2.66E-05,-0.016618836,0.016007166,0.001720307,-8.42E-07,-0.006428252,0.005059125,0.001290051,-9.62E-07,-0.002764502,0.003215277,0.000737678,-1.15E-07,-0.014548205,0.016227803,0.002277767,3.82E-06,-0.007919129,0.006367674,0.001216032,5.11E-08,-0.007678841,0.011205811,0.001496072,1.31E-08,-0.004951228,0.005963409,0.000894014,8.20E-07,-0.012895699,0.019384282,0.002708961,8.47E-06,-0.005244731,0.007484379,0.000869846,6.68E-07,-0.00790201,0.009973399,0.001822013,9.77E-07,-0.002875952,0.006052194,0.000555439,3.38E-07,-0.023083421,0.022046361,0.002880706,9.56E-06,-0.00502511,0.018965206,0.001072806,5.06E-07
416,H,2,-0.137361085,-0.002126559,0.075623112,-0.070176664,0.029487275,0.219299356,0.177392564,0.17339125,1.56E-07,0.123900901,0.019926018,0.008448,-0.017078032,0.013242341,0.00672009,-0.002938226,-0.04223775,0.017004775,0.028346187,-0.025920588,0.025355396,0.065597622,0.05108402,0.050748558,0.010180688,0.320221853,0.083909129,0.068997807,0.002231339,0.263681082,0.049613853,0.037229668,0.006279144,0.2333151,0.067669842,0.053291015,-0.339047344,0.223296166,0.050510152,0.000129096,-0.205421057,0.135657223,0.028536329,1.17E-05,-0.041042178,0.043290745,0.005185392,4.27E-06,-0.0157081,0.018008434,0.002360421,3.83E-06,-0.02476964,0.030699112,0.003055739,6.47E-07,-0.014902241,0.01284044,0.001709313,-3.52E-07,-0.005209126,0.004675073,0.001268253,-2.27E-07,-0.002764502,0.003480391,0.000727384,-3.16E-07,-0.01361737,0.013844635,0.001981002,2.64E-06,-0.005969974,0.00667061,0.001089582,-1.37E-06,-0.007678841,0.011205811,0.001348374,-1.04E-06,-0.004786026,0.005963409,0.000807414,1.31E-06,-0.013393604,0.019384282,0.002831596,1.68E-05,-0.005244731,0.007484379,0.000822398,-9.62E-07,-0.01090543,0.01051273,0.001827593,7.02E-06,-0.003072875,0.005294663,0.000540593,-2.62E-07,-0.023083421,0.022046361,0.003031965,1.57E-05,-0.00502511,0.018965206,0.001009687,-1.20E-06
416,L,0,-0.646112776,0.076412552,0.063599505,-0.049227141,0.042213903,0.319516419,0.183091198,0.178546717,6.80E-08,0.11364032,0.019168836,0.008378391,-0.104741196,0.010755771,0.008061036,-0.005400452,-0.053251794,0.0169611,0.024081244,-0.022107433,0.031646263,0.216355301,0.052747134,0.052183898,0.005480476,2.786986067,0.200730871,0.088667806,0.001415524,2.257438287,0.142915431,0.03921448,0.004504976,1.635573773,0.140954114,0.071963886,-2.895293027,2.487475813,0.119738213,0.001257669,-0.538464106,2.628229389,0.06574483,0.000705888,-0.04019096,0.045422142,0.005333146,-3.39E-06,-0.018193036,0.018629686,0.002422399,2.56E-07,-0.023929449,0.024592905,0.002874081,2.43E-06,-0.015589466,0.01143866,0.001628075,3.31E-07,-0.021996752,0.011404654,0.001316401,3.86E-06,-0.006600403,0.014599507,0.000775633,3.63E-06,-0.014607509,0.014690936,0.002061623,-6.60E-06,-0.012983233,0.006310025,0.001197508,-2.64E-06,-0.022379951,0.042850091,0.001831226,-6.88E-07,-0.030655894,0.023060875,0.001179614,-6.01E-06,-0.102242006,0.083865749,0.006214904,1.88E-05,-0.037002046,0.017982397,0.001656935,-6.48E-06,-0.111860247,0.066153062,0.005910196,2.19E-05,-0.036396436,0.013515529,0.001531797,-7.56E-06,-0.035476461,0.053694673,0.004165133,2.87E-05,-0.018985053,0.014302988,0.001165737,-2.05E-06
416,L,1,-0.129901164,-0.012417002,0.062758573,-0.057822743,0.042213903,0.216906007,0.183703059,0.179557397,7.40E-10,0.11364032,0.013266578,0.0046726,-0.017158,0.00837312,0.007243608,-0.004750281,-0.042770522,0.0169611,0.022893925,-0.021419611,0.031636775,0.064003731,0.050345826,0.050077274,0.005480476,0.194270966,0.052954216,0.04522229,0.001415524,0.145989671,0.032571385,0.024316082,0.004504976,0.128172634,0.041752292,0.034061974,-0.30613886,0.28005185,0.052729658,6.71E-05,-0.172690608,0.139003538,0.029660283,1.63E-07,-0.036718582,0.045422142,0.005185407,2.82E-06,-0.018193036,0.021990902,0.002380111,3.14E-06,-0.023929449,0.024592905,0.002471099,-1.24E-06,-0.015589466,0.01143866,0.001402814,7.06E-07,-0.004451223,0.005023031,0.001146534,2.86E-07,-0.002553438,0.002894647,0.000669372,-9.96E-07,-0.009382707,0.008691431,0.001669514,9.46E-07,-0.005752584,0.004271397,0.000979534,2.46E-07,-0.006672858,0.006285806,0.001217881,2.27E-07,-0.003400865,0.003326135,0.000746811,1.25E-06,-0.013125737,0.014330324,0.001985267,1.44E-06,-0.004459571,0.011555636,0.000717633,-7.61E-07,-0.008215283,0.01449564,0.001661701,2.18E-07,-0.004792448,0.00578316,0.000548803,-6.79E-07,-0.011860053,0.01203949,0.001819016,9.67E-07,-0.00418817,0.009691174,0.00074186,-5.05E-07
416,L,2,-0.129901164,-0.013951126,0.065516814,-0.061378801,0.029376763,0.213106916,0.185368416,0.18215956,7.40E-10,0.103320332,0.012337945,0.005237442,-0.018597307,0.008533127,0.006773775,-0.00333315,-0.045391976,0.015363487,0.023247428,-0.022017932,0.031636775,0.064003731,0.048215874,0.047971059,0.006178704,0.227899874,0.070870839,0.061520545,0.001876143,0.145989671,0.034504689,0.02578015,0.004815785,0.218512113,0.061903975,0.051979284,-0.30613886,0.28005185,0.052263075,-0.000111342,-0.172690608,0.143141602,0.029916856,-1.08E-05,-0.041031627,0.043956185,0.005121181,-6.56E-07,-0.017265981,0.024106537,0.002493675,3.01E-06,-0.019248472,0.020015719,0.002238241,1.42E-06,-0.010372938,0.007585137,0.001243124,2.35E-07,-0.004834676,0.004290041,0.001135755,-5.20E-08,-0.002548347,0.002885389,0.000657995,-1.47E-07,-0.012754911,0.008691431,0.001636337,-3.10E-06,-0.005763691,0.004552609,0.000952716,1.18E-07,-0.006672858,0.006285806,0.001208255,-1.22E-06,-0.003400865,0.003326135,0.000730081,5.34E-07,-0.008809689,0.014330324,0.001878559,1.89E-06,-0.004459571,0.004337604,0.000646228,1.91E-07,-0.008215283,0.01449564,0.001505313,4.22E-06,-0.004792448,0.003884754,0.000465665,2.76E-07,-0.00857958,0.015558456,0.001824781,-1.25E-07,-0.004303374,0.004735013,0.000676463,6.02E-08
416,M,0,-0.130322833,0.050080717,0.067625698,-0.061903984,0.012238392,0.221055386,0.1626408,0.155910438,1.10E-09,0.107772128,0.013570132,0.006077007,-0.02103707,0.011907074,0.006618156,-0.002939674,-0.051444024,0.022451102,0.030658434,-0.026523673,0.021359978,0.075163892,0.05438059,0.053788665,0.009290245,0.258441938,0.117837825,0.097203664,0.001834553,0.254375218,0.044456857,0.02936197,0.006298614,0.250048343,0.109129927,0.085646299,-0.301023433,0.257156657,0.051645045,-8.41E-05,-0.134502453,0.130422547,0.029188854,7.41E-06,-0.051940235,0.043224306,0.005700712,3.46E-06,-0.019343131,0.021329594,0.002643457,1.74E-06,-0.020712019,0.019943849,0.002415023,9.18E-07,-0.012603162,0.010798396,0.001471082,9.45E-09,-0.006364092,0.007261065,0.001222796,4.67E-07,-0.003293959,0.0045703,0.000690204,-2.03E-06,-0.016915147,0.016940497,0.002603589,1.24E-06,-0.010782484,0.007011445,0.001420813,-9.04E-08,-0.010312974,0.010624413,0.001530271,-2.12E-07,-0.004942721,0.005229671,0.000903359,1.79E-06,-0.02237268,0.022593894,0.002550484,-4.82E-05,-0.006707385,0.008174718,0.000827335,-5.01E-07,-0.025152662,0.022570514,0.002305986,7.53E-06,-0.006760205,0.011744535,0.000633655,-7.30E-08,-0.01846356,0.012957462,0.002337691,-5.40E-05,-0.005110631,0.012452465,0.000916472,7.32E-07
416,M,1,-0.156514847,-0.013958466,0.078942372,-0.075067198,0.01817106,0.21386325,0.16611545,0.159773234,2.25E-07,0.119415583,0.019151563,0.009358687,-0.02053836,0.011907074,0.007585802,-0.003086756,-0.045924984,0.018983278,0.030585238,-0.02676436,0.032619308,0.070757368,0.055462057,0.054944923,0.008280243,0.236335748,0.072772457,0.059165869,0.001834553,0.106765607,0.030896655,0.024865885,0.004924269,0.213447813,0.06588799,0.050188111,-0.272161427,0.242431596,0.051620215,5.74E-05,-0.156897188,0.151945124,0.029883177,-8.71E-06,-0.047968915,0.043224306,0.005172897,7.40E-07,-0.018425691,0.021615665,0.002480169,2.78E-06,-0.024370811,0.022997887,0.003127508,-1.15E-06,-0.016491814,0.014121071,0.001806214,1.32E-06,-0.005105836,0.005952839,0.0011558,-2.16E-06,-0.003207078,0.003380029,0.000648372,-1.07E-06,-0.014801695,0.015179091,0.002113879,1.78E-06,-0.006193246,0.006631892,0.001148247,-1.57E-06,-0.007781121,0.007104246,0.001286276,1.12E-06,-0.004068521,0.004230826,0.000780903,2.28E-06,-0.015938904,0.019245654,0.002279595,9.51E-06,-0.005505291,0.007532594,0.000778436,6.07E-07,-0.007196522,0.008493684,0.00134286,-1.18E-06,-0.001821089,0.004474109,0.000463723,2.61E-07,-0.017547741,0.018782213,0.002389107,1.21E-05,-0.005685819,0.012452465,0.000918507,6.75E-07
416,M,2,-0.156514847,-0.013958466,0.078727583,-0.075857554,0.01817106,0.209106392,0.166638406,0.162363889,2.25E-07,0.119415583,0.014570745,0.006825107,-0.02053836,0.011114643,0.008831372,-0.005557146,-0.046299411,0.018983278,0.032736147,-0.030104365,0.032619308,0.070757368,0.057552339,0.057153551,0.0081289,0.236335748,0.061637713,0.051892873,0.002067717,0.112219905,0.032440972,0.02646541,0.004924269,0.213447813,0.052409836,0.04007388,-0.272161427,0.242431596,0.05185725,4.63E-05,-0.176488225,0.151945124,0.03052,-7.33E-06,-0.047968915,0.043855311,0.004870366,5.96E-06,-0.018425691,0.021615665,0.002403332,3.92E-06,-0.024370811,0.022997887,0.002618237,3.76E-07,-0.016491814,0.014121071,0.001561448,7.26E-07,-0.006470693,0.004480059,0.00114681,-1.79E-06,-0.002919665,0.003669928,0.000651701,-3.70E-07,-0.015096428,0.014545209,0.001989441,1.40E-06,-0.006848503,0.006631892,0.001100496,-8.39E-07,-0.007781121,0.008271885,0.00131514,-9.16E-07,-0.004068521,0.004520639,0.000792372,9.52E-07,-0.015938904,0.019245654,0.002143283,2.55E-06,-0.005505291,0.007532594,0.000788035,5.13E-08,-0.007196522,0.008493684,0.001307646,-1.48E-06,-0.00199286,0.004474109,0.000451206,6.72E-07,-0.017547741,0.018782213,0.002254463,4.54E-06,-0.005685819,0.009458493,0.000902371,-6.56E-07
417,H,0,-0.065074227,1.251145988,0.266869981,0.172033061,0.011176581,0.833530434,0.16419528,0.154460178,5.04E-09,0.258068379,0.037313151,0.015940524,-0.149876965,0.043717678,0.009514901,-0.000666454,-0.170875096,0.059936128,0.023777148,-0.020224141,0.016066137,0.25671254,0.044711795,0.042728431,0.014258394,8.097918103,0.854701558,0.405038038,0.004562567,7.849415644,0.719966157,0.274734171,0.008585103,2.114055086,0.460612077,0.2518341,-15.48978717,14.65053747,0.522494033,0.000179742,-5.030032491,16.29239721,0.382349299,0.003661057,-0.059358883,0.080811569,0.008000328,-4.09E-06,-0.055543352,0.044081038,0.004352161,-1.28E-06,-0.046035913,0.055105021,0.005252133,1.27E-05,-0.023587105,0.024010514,0.002755551,-3.40E-06,-0.018021934,0.043358674,0.00215485,-7.22E-06,-0.017168156,0.020546172,0.001258969,5.91E-06,-0.025789993,0.044411653,0.003269097,-4.66E-07,-0.018559697,0.024414267,0.001960525,-1.09E-05,-0.061006231,0.019633761,0.002849496,6.46E-06,-0.025574809,0.023355296,0.001647964,1.07E-06,-0.157593276,0.085169156,0.016588066,-0.000527733,-0.020775711,0.041688436,0.003621221,-2.59E-05,-0.186984124,0.097061689,0.014114253,-0.000677379,-0.027980365,0.043448495,0.003337341,-3.49E-05,-0.105555959,0.105622721,0.01528307,0.000234131,-0.018866782,0.049915254,0.003616784,-1.77E-06
417,H,1,-0.033238518,0.161452695,0.112087788,0.105651755,0.018183216,0.202512133,0.16158799,0.156634484,5.04E-09,0.1927391,0.033996852,0.014929914,-0.013187072,0.009143761,0.004405695,-0.00209175,-0.040062082,0.014510808,0.022989653,-0.021104289,0.020887734,0.059120999,0.043288468,0.042765837,0.014258394,0.768352924,0.216626965,0.179936225,0.004562567,0.356610746,0.119336088,0.101541835,0.008585103,0.745093698,0.180793086,0.135737794,-0.292062659,0.290922223,0.046695224,-0.000571312,-0.11446565,0.143226765,0.022266701,4.50E-05,-0.036230381,0.038197193,0.005281726,-3.53E-05,-0.016190988,0.018590082,0.002361473,8.84E-06,-0.047417422,0.02822642,0.004628452,6.35E-07,-0.021135845,0.021605116,0.002372653,-1.01E-06,-0.005069645,0.005828166,0.001067726,-6.06E-07,-0.003360323,0.003613875,0.000625021,3.98E-07,-0.008620274,0.010439011,0.001838746,3.91E-06,-0.004613177,0.004666197,0.001075473,-1.11E-06,-0.007735094,0.006060745,0.001320643,-4.60E-06,-0.003584195,0.003937791,0.000765309,5.34E-07,-0.071326685,0.07971874,0.011181682,0.000171558,-0.021238455,0.066447695,0.003446972,-7.39E-06,-0.047443681,0.050215446,0.007392843,6.05E-06,-0.014563943,0.040793176,0.002954942,-3.92E-06,-0.068555894,0.064048124,0.010523942,0.000211645,-0.015561006,0.052433026,0.003210888,-6.14E-06
417,H,2,-0.095683108,0.181938308,0.113442587,0.104131325,0.017525115,0.202512133,0.156061665,0.15035223,1.69E-06,0.1927391,0.049872195,0.026518692,-0.020742995,0.009143761,0.004690461,-0.002442809,-0.040945781,0.014510808,0.023268359,-0.021026789,0.022128087,0.062335451,0.043533985,0.04296794,0.014458404,0.904254092,0.266468168,0.218614185,0.004643356,0.500263154,0.131703268,0.107643213,0.010375457,0.754805086,0.231645276,0.179216828,-0.321734457,0.391516078,0.056311635,-0.00011856,-0.159996274,0.16913042,0.026596197,5.82E-05,-0.042111009,0.046931996,0.005830563,1.23E-05,-0.019930582,0.019715853,0.002633632,1.14E-05,-0.047417422,0.039953933,0.006549333,-2.70E-06,-0.021135845,0.021605116,0.00316862,1.85E-06,-0.005139844,0.006858844,0.00113296,-1.81E-06,-0.003634078,0.003164937,0.000661833,5.19E-07,-0.011447618,0.010704814,0.002072069,-4.83E-06,-0.006029171,0.005006431,0.001231578,-1.22E-06,-0.009009752,0.00670146,0.001403466,1.06E-06,-0.003879439,0.00377725,0.000836066,-2.59E-07,-0.088048905,0.104888165,0.01441083,7.38E-05,-0.024075577,0.066447695,0.004261846,-1.68E-05,-0.059366366,0.067870836,0.009339043,-4.09E-07,-0.016767866,0.040793176,0.003452365,-1.03E-05,-0.072679633,0.084552041,0.013432469,8.02E-05,-0.017653677,0.065854559,0.004195977,-1.36E-05
417,L,0,-0.249297639,0.718543782,0.136281007,0.113124678,0.001154977,0.227658677,0.156418306,0.15024317,4.11E-08,0.186844562,0.032840736,0.014714607,-0.01865484,0.012522794,0.004820281,-0.002502044,-0.046182766,0.017409651,0.019680752,-0.017503744,0.020437636,0.058579352,0.042569442,0.042031023,0.010748173,1.622587904,0.304922648,0.218541659,0.002893522,1.473653451,0.224028081,0.158136814,0.008073132,0.767783542,0.206855602,0.131694356,-0.917350427,1.021299459,0.083360495,0.001280241,-0.33844864,0.517293369,0.035267179,7.93E-05,-0.051961588,0.049400589,0.006783293,-2.32E-05,-0.018242872,0.026491648,0.003012855,9.61E-06,-0.0536052,0.039508167,0.004843247,-1.52E-06,-0.02413535,0.023191241,0.002516878,1.25E-07,-0.006882931,0.007209232,0.00116592,1.31E-06,-0.004106432,0.004449564,0.000691097,4.13E-07,-0.01372574,0.01433409,0.002207817,-3.88E-06,-0.009033557,0.007756529,0.001298095,9.08E-07,-0.009468659,0.009679465,0.001528776,3.65E-06,-0.007849919,0.005634956,0.000948504,-1.92E-06,-0.121859525,0.098704833,0.012034961,-6.20E-05,-0.024907495,0.039425782,0.003152823,-2.61E-05,-0.121343241,0.11250989,0.010631697,-7.13E-05,-0.024309199,0.090277088,0.003834725,-2.52E-05,-0.044433788,0.080797767,0.010479605,-2.50E-05,-0.018863669,0.039274648,0.002845588,-8.90E-06
417,L,1,-0.077573099,0.211989295,0.117407309,0.112411121,0.012996696,0.208482385,0.166728677,0.16268884,7.55E-10,0.153112426,0.026967935,0.010921232,-0.018081807,0.009914256,0.004114955,-0.002050977,-0.040090764,0.015080503,0.020274866,-0.018356526,0.017736701,0.057339301,0.043552278,0.043129202,0.010748173,0.851012364,0.208379039,0.133400432,0.002893522,0.444420237,0.116596025,0.080297914,0.007873995,0.735247459,0.172705503,0.092212745,-0.373958748,0.276257564,0.045645313,-5.17E-05,-0.172381633,0.13815406,0.023005743,2.76E-05,-0.04112404,0.049400589,0.004980934,5.50E-06,-0.018242872,0.019017783,0.002194798,7.22E-06,-0.040154941,0.039508167,0.003825706,1.57E-06,-0.018483289,0.01790797,0.002014911,-6.01E-07,-0.006205502,0.004870654,0.001035319,-1.01E-06,-0.003249549,0.003484978,0.00061518,2.08E-07,-0.01372574,0.01433409,0.001890391,-2.19E-06,-0.009033557,0.006828734,0.001107454,-1.52E-06,-0.008843837,0.007575899,0.00133509,-3.19E-06,-0.004382583,0.004349378,0.000791977,6.67E-08,-0.052316056,0.098704833,0.010059373,6.49E-05,-0.022912671,0.024486148,0.00231553,-9.89E-06,-0.046669906,0.056695374,0.006460693,2.82E-05,-0.013016339,0.025295402,0.002014521,-5.11E-06,-0.047339687,0.080797767,0.009346513,5.57E-05,-0.018863669,0.039274648,0.002374907,-8.93E-06
417,L,2,-0.09688338,0.207930384,0.114486025,0.110378195,0.014074653,0.20444264,0.165864447,0.162055337,7.55E-10,0.171470572,0.027457173,0.01092988,-0.018081807,0.012860865,0.003823758,-0.00172308,-0.041957899,0.015080503,0.019417596,-0.017478022,0.017736701,0.057493446,0.043434408,0.043003933,0.009849656,0.818850944,0.191153893,0.132372206,0.003732751,0.415773449,0.099893206,0.073418828,0.007873995,0.781875752,0.162975944,0.099998759,-0.376359539,0.322840413,0.046518789,-0.000353697,-0.172381633,0.199679727,0.024743368,-6.37E-05,-0.03713131,0.050109675,0.005046829,-2.32E-05,-0.01997167,0.020863907,0.002326392,5.97E-06,-0.043869568,0.034336944,0.003693868,1.51E-06,-0.020237844,0.018755321,0.001921686,5.27E-07,-0.004885526,0.004952017,0.001013569,-4.09E-07,-0.002944213,0.002623849,0.000600026,2.10E-07,-0.01304265,0.010239115,0.001907131,4.12E-06,-0.007310073,0.006832467,0.001110538,-6.51E-07,-0.009265019,0.009767597,0.001324845,-5.39E-06,-0.00511945,0.006369634,0.000782742,1.40E-07,-0.059440479,0.078186176,0.009772775,0.000137872,-0.01597788,0.024486148,0.002187598,1.08E-05,-0.042147208,0.038727658,0.005745934,7.16E-05,-0.009589699,0.025295402,0.001721539,3.12E-06,-0.058096178,0.07773049,0.009209297,0.000115236,-0.015565067,0.037289746,0.002210797,1.25E-05
417,M,0,-0.070308067,0.444483746,0.123820587,0.114001036,0.004709131,0.209941229,0.158210299,0.152370512,2.27E-08,0.214942879,0.040703858,0.019674552,-0.016767102,0.015438611,0.005325096,-0.001284643,-0.056912182,0.014261209,0.019558985,-0.017084295,0.013329502,0.06940422,0.042053338,0.041525897,0.011693159,0.976220832,0.296808532,0.231659432,0.003515443,0.872761711,0.169240029,0.135695366,0.008097332,0.9548388,0.243830099,0.16430678,-0.425172964,0.457082528,0.062891469,-1.14E-06,-0.150664728,0.182961045,0.028851021,7.00E-05,-0.041461591,0.045135471,0.006372054,3.24E-05,-0.015090802,0.017220609,0.002761217,1.35E-05,-0.052728073,0.036584977,0.005314045,3.28E-06,-0.02730723,0.020749798,0.002648972,-2.71E-07,-0.008088772,0.006743045,0.001208622,-7.29E-07,-0.004348763,0.004081778,0.000711432,8.33E-07,-0.012373133,0.013793022,0.002271179,-4.79E-06,-0.007061307,0.005719411,0.00128772,-1.98E-06,-0.009280478,0.009696543,0.001644667,4.71E-06,-0.005305162,0.00706531,0.000961058,8.99E-07,-0.087167146,0.091727826,0.012460079,-4.98E-05,-0.020372416,0.035624478,0.003147229,-2.15E-05,-0.119872971,0.085669274,0.009024848,-4.01E-05,-0.030024395,0.067172291,0.003670821,-1.35E-05,-0.070597351,0.091129975,0.012002047,-3.70E-05,-0.020338428,0.042349124,0.002904725,-1.59E-05
417,M,1,-0.038190725,0.153919637,0.112749717,0.10745468,0.00817073,0.209941229,0.163778578,0.158920577,2.27E-08,0.209827049,0.035124536,0.015789146,-0.016767102,0.008757638,0.004396188,-0.002683869,-0.039358352,0.014261209,0.019257902,-0.017251389,0.020946958,0.055767156,0.042178582,0.041687523,0.011693159,0.936322754,0.244844475,0.172836535,0.003428859,0.374100416,0.121416646,0.099956654,0.006766665,0.931905005,0.212618944,0.120514423,-0.338923027,0.374032188,0.047307025,-0.000250494,-0.129937549,0.152571508,0.023926476,2.91E-05,-0.036895452,0.045135471,0.005243331,2.90E-06,-0.014007237,0.017220609,0.002321852,7.68E-06,-0.044807993,0.032377537,0.004069053,-4.92E-06,-0.014236626,0.020695976,0.0020952,-6.06E-08,-0.004682708,0.005583528,0.001008881,-3.50E-06,-0.003002842,0.002872008,0.000590764,4.63E-07,-0.011804092,0.011042409,0.002012843,-2.66E-06,-0.005372926,0.005484576,0.001161773,-4.91E-07,-0.00841509,0.008939208,0.001357634,1.79E-06,-0.004933597,0.003870883,0.000781604,3.96E-08,-0.071833836,0.070819906,0.011497335,5.15E-05,-0.018014064,0.031121095,0.002688835,-1.34E-05,-0.037195827,0.03979362,0.006659818,1.07E-05,-0.009769165,0.032408506,0.002364652,-5.45E-06,-0.063573803,0.071579679,0.010987644,4.80E-05,-0.015561986,0.042349124,0.002519868,-1.22E-05
417,M,2,-0.024111735,0.163189153,0.111278248,0.107022758,0.014028934,0.210072929,0.16409448,0.160161942,5.83E-07,0.260626007,0.044614614,0.022845569,-0.013170547,0.013342685,0.004078732,-0.002444656,-0.039924046,0.012306372,0.018943734,-0.017284914,0.020946958,0.057523089,0.043188068,0.042671948,0.008816862,0.842707594,0.220358146,0.154927014,0.003428859,0.374100416,0.123578179,0.098606588,0.006766665,0.756726639,0.182444912,0.100706851,-0.286665219,0.374032188,0.040511701,-0.000282045,-0.128986868,0.152571508,0.02169889,5.81E-05,-0.038075531,0.04783352,0.004480398,3.92E-06,-0.020287511,0.019981618,0.002071747,5.13E-06,-0.032629929,0.034989763,0.00473419,-3.82E-06,-0.013121156,0.017425248,0.002303141,-9.18E-07,-0.00585744,0.005583528,0.000982729,-1.39E-06,-0.003329564,0.003013356,0.000583147,-2.17E-07,-0.011804092,0.009802019,0.001828872,-3.11E-06,-0.004904499,0.005749986,0.001077897,2.05E-07,-0.007143031,0.006730675,0.001279881,1.47E-06,-0.003416925,0.003768996,0.000726615,4.75E-08,-0.064001078,0.060067542,0.009154677,4.73E-05,-0.017200598,0.022365016,0.001943212,-8.44E-06,-0.037195827,0.03979362,0.005705089,1.02E-05,-0.009761483,0.026531815,0.001746614,-1.58E-06,-0.054606289,0.057802068,0.008547748,4.66E-05,-0.014673664,0.035482345,0.001896438,-8.47E-06
418,H,0,-0.193233293,0.09844411,0.057673391,-0.042401989,0.002551026,0.216111452,0.146881567,0.130629728,5.33E-09,0.200081819,0.038828671,0.019532209,-0.018864974,0.010024478,0.006680544,-0.003292977,-0.042457343,0.017781733,0.019087634,-0.014730353,0.018654726,0.061979687,0.041811143,0.041266891,0.016476457,0.713849943,0.265130278,0.219453739,0.001601646,0.710736814,0.24216535,0.17806876,0.007009832,0.321286441,0.107935201,0.090514129,-0.345158281,0.258253134,0.054505077,0.000301991,-0.204392307,0.158388254,0.030582187,-7.88E-05,-0.051378326,0.046578087,0.007449875,-2.56E-06,-0.018817458,0.019779048,0.003164017,1.68E-05,-0.032991241,0.032488844,0.004046909,5.09E-06,-0.012440402,0.013445381,0.001908466,-6.87E-08,-0.006080575,0.005981482,0.001134569,1.21E-06,-0.003601266,0.003313323,0.000654881,-6.01E-07,-0.01247249,0.010971806,0.00235377,7.24E-06,-0.005390747,0.006206948,0.001267711,-2.12E-06,-0.007344798,0.01140226,0.001559048,-4.21E-06,-0.004733238,0.005538817,0.000903152,3.23E-06,-0.040992085,0.045363041,0.005614874,-7.85E-05,-0.005253175,0.018273939,0.001225972,1.45E-06,-0.048872468,0.051638042,0.005674421,-8.97E-05,-0.005913597,0.038809659,0.001250088,2.87E-07,-0.023167958,0.023541658,0.004162411,6.70E-06,-0.006827221,0.015089453,0.001320645,1.67E-06
418,H,1,-0.128208255,0.041642889,0.041398698,-0.026168238,0.002788913,0.225075248,0.175227757,0.16421472,8.39E-07,0.232452856,0.047229721,0.025659997,-0.017115551,0.011782062,0.005558699,-0.001564319,-0.045260308,0.017781733,0.018897515,-0.015283097,0.020951292,0.065734441,0.042707506,0.04219823,0.015494313,0.345433607,0.121283762,0.105796986,0.002260759,0.252832497,0.08702205,0.065903511,0.007009832,0.258765276,0.084480256,0.074665338,-0.345158281,0.258253134,0.045957655,0.000146861,-0.204392307,0.158388254,0.027035236,-1.82E-05,-0.054034133,0.046578087,0.008083293,4.36E-05,-0.01884412,0.020384638,0.003489675,2.02E-05,-0.045467197,0.032963316,0.005348313,-3.63E-06,-0.015748265,0.021335101,0.002435395,-1.42E-06,-0.006080575,0.005981482,0.001143581,3.82E-06,-0.003601266,0.003313323,0.000644575,-8.44E-07,-0.015241511,0.010394056,0.00230183,-5.65E-06,-0.006120162,0.007991081,0.001287719,-1.37E-08,-0.007506934,0.013600597,0.001587449,2.52E-06,-0.006042992,0.008342704,0.0009252,2.60E-06,-0.023094244,0.030110908,0.004526691,-4.91E-05,-0.006122124,0.015429492,0.001200245,-1.73E-06,-0.021775382,0.022785585,0.00402168,-3.98E-05,-0.005913597,0.013972198,0.000992458,-2.31E-06,-0.020264638,0.022443995,0.003912252,-3.09E-05,-0.005691499,0.015089453,0.001396755,1.54E-08
418,H,2,-0.113333591,0.052001626,0.025937934,-0.010784135,0.002788913,0.225075248,0.180921986,0.171707326,2.50E-09,0.232452856,0.036636347,0.017319069,-0.017952373,0.011782062,0.006121633,-0.001904194,-0.045260308,0.014230234,0.018717209,-0.015599664,0.022728196,0.065734441,0.04361842,0.043146508,0.009504979,0.412579986,0.11636975,0.095915995,0.003895984,0.333290428,0.083300149,0.057668245,0.007365974,0.254056337,0.081258871,0.068318132,-0.252158525,0.223824027,0.039955703,-4.35E-05,-0.137358086,0.125842502,0.022817458,-2.15E-05,-0.054034133,0.046330515,0.007660885,-2.33E-06,-0.018948533,0.023383698,0.003379081,1.83E-05,-0.045467197,0.032963316,0.004712721,-4.06E-06,-0.015748265,0.021335101,0.002229908,-6.55E-07,-0.005830858,0.005434131,0.001143408,-1.98E-06,-0.00396408,0.003144231,0.000643785,-1.23E-06,-0.015241511,0.011624144,0.002140622,-3.02E-07,-0.006196116,0.007991081,0.001229875,3.78E-07,-0.007656793,0.013600597,0.001485576,3.49E-06,-0.006042992,0.008342704,0.000872893,1.94E-06,-0.023094244,0.030791772,0.004573122,2.75E-05,-0.006122124,0.015429492,0.001130233,2.23E-07,-0.018635493,0.023750624,0.004049267,4.33E-05,-0.004306604,0.013972198,0.000969878,-1.49E-06,-0.020264638,0.024253073,0.003709805,-1.28E-05,-0.005691499,0.014130031,0.001317186,2.44E-06
418,L,0,-0.196267936,0.103582378,0.068584527,-0.053038387,0.00409035,0.221956169,0.14321425,0.125103104,8.98E-07,0.141573409,0.021713543,0.011011383,-0.021176003,0.013390603,0.008115321,-0.005488475,-0.044708458,0.017281199,0.018832642,-0.014034166,0.018809811,0.063637675,0.042049481,0.041245528,0.011551914,0.645772711,0.257984793,0.205899457,0.003120016,0.519241621,0.149429817,0.112627031,0.006850761,0.629736881,0.210301885,0.154901628,-0.312732256,0.320308493,0.055709803,0.000140188,-0.187256097,0.162495558,0.030544897,-3.71E-05,-0.050994183,0.040823108,0.006691572,1.44E-05,-0.018149466,0.028422175,0.00306766,9.65E-06,-0.030651217,0.027309628,0.002978878,-5.52E-07,-0.011353095,0.009797958,0.001626845,7.36E-07,-0.005497957,0.006081108,0.001195592,4.83E-08,-0.00347916,0.003074955,0.000678218,-1.28E-06,-0.013840489,0.013772973,0.002226771,-2.12E-06,-0.00629246,0.007350596,0.001240212,-7.61E-07,-0.012319867,0.009535165,0.0015281,1.60E-06,-0.00526874,0.004925618,0.000887652,6.72E-07,-0.026962126,0.025286315,0.004158648,-4.63E-05,-0.005137531,0.016034507,0.001074662,-2.04E-06,-0.024130996,0.025608953,0.003926275,-8.28E-06,-0.004939297,0.018891182,0.001058819,-6.48E-08,-0.024066843,0.036300965,0.004030724,-4.82E-05,-0.006268579,0.025382279,0.001154963,-2.28E-06
418,L,1,-0.180332274,0.033166636,0.081574397,-0.068916805,0.006309409,0.221956169,0.165675151,0.157320823,1.51E-07,0.141573409,0.020759814,0.009105526,-0.020998159,0.010914806,0.008239331,-0.004912242,-0.043548776,0.017446106,0.022381373,-0.018918189,0.018545197,0.063637675,0.04503651,0.044574568,0.011551914,0.393451855,0.117160206,0.100291585,0.002556267,0.310941249,0.083152967,0.06343775,0.007335173,0.289791028,0.082535434,0.065762797,-0.298561685,0.255006168,0.044652434,-0.000381839,-0.186099762,0.127441871,0.025812007,-9.91E-06,-0.050994183,0.041616818,0.006797197,-2.43E-05,-0.018149466,0.028422175,0.003056059,2.55E-05,-0.030651217,0.027309628,0.002851169,-2.12E-06,-0.011353095,0.009797958,0.001533354,-5.51E-09,-0.005497957,0.006312585,0.001147249,-4.84E-06,-0.002875563,0.003074955,0.000632932,-1.57E-06,-0.014185169,0.011228749,0.002111908,8.78E-06,-0.00629246,0.007350596,0.001162309,-2.31E-06,-0.007959218,0.009535165,0.001444524,4.92E-07,-0.004228617,0.004743606,0.000842534,4.45E-06,-0.026518246,0.034469568,0.004148826,6.05E-05,-0.006650565,0.01099537,0.001039036,-3.93E-06,-0.023457464,0.023510707,0.003561586,7.48E-05,-0.006705052,0.010084499,0.000892016,-2.37E-06,-0.022395322,0.026065503,0.00350043,-3.08E-06,-0.005543109,0.016091599,0.001075706,-4.84E-06
418,L,2,-0.180332274,0.029658047,0.096863598,-0.090140994,0.006849491,0.213825386,0.170172803,0.164675641,1.51E-07,0.175370998,0.02515431,0.009844443,-0.021234939,0.010914806,0.008534077,-0.004346323,-0.050410929,0.019379442,0.024218313,-0.021765798,0.018545197,0.069960069,0.045821669,0.045414938,0.01174056,0.40497622,0.149738502,0.126080989,0.002556267,0.386469688,0.103687327,0.079624773,0.007335173,0.289791028,0.108030353,0.090244029,-0.298561685,0.242237634,0.041780847,3.04E-05,-0.186099762,0.127441871,0.024021241,-1.42E-05,-0.046529838,0.041616818,0.005708523,6.45E-06,-0.016774595,0.024240888,0.002530138,1.14E-05,-0.029316844,0.040535454,0.003141225,3.47E-07,-0.015244085,0.01506383,0.001656698,6.06E-07,-0.004338072,0.006312585,0.001150745,-3.08E-06,-0.002801098,0.002815423,0.000626088,-9.11E-07,-0.014185169,0.008548014,0.001811802,1.76E-06,-0.006002391,0.006262737,0.001006132,-9.00E-07,-0.007516821,0.00836269,0.001337954,-3.58E-07,-0.00448205,0.004743606,0.000783993,2.51E-06,-0.026518246,0.034469568,0.003851911,4.38E-05,-0.006650565,0.01099537,0.000950417,-3.11E-07,-0.023457464,0.023510707,0.003346329,1.68E-05,-0.006705052,0.010084499,0.00079475,-5.40E-07,-0.040358926,0.026149433,0.003707273,4.30E-05,-0.007638781,0.029099924,0.001349239,3.28E-07
418,M,0,-0.423947781,0.227294516,0.085239008,-0.043450628,0.000589124,0.208638613,0.162351295,0.155656326,2.78E-06,0.263059507,0.047728623,0.023340485,-0.01984488,0.011847477,0.008007608,-0.004906853,-0.042058513,0.013907552,0.019784196,-0.017135178,0.017698494,0.060738535,0.043542352,0.043039479,0.009516863,0.933445849,0.287980863,0.198412867,0.002071816,0.834068962,0.221441729,0.13728731,0.007951461,0.92471038,0.184110124,0.117102846,-0.278369115,0.299842328,0.047840065,-0.000260038,-0.196858377,0.136695432,0.025267017,-1.11E-05,-0.045457294,0.040666951,0.005007972,-3.20E-06,-0.016555151,0.025932293,0.002305524,5.32E-06,-0.032901659,0.057243644,0.004203072,-9.83E-08,-0.020418037,0.022769394,0.002243522,-3.04E-07,-0.006004385,0.00654477,0.001234439,-5.15E-06,-0.00340103,0.002980725,0.000700156,2.23E-07,-0.012144897,0.010320133,0.001842794,1.61E-06,-0.007949736,0.008372465,0.001083566,-4.70E-08,-0.006626087,0.010126437,0.001298689,-1.18E-06,-0.004966973,0.004211767,0.000759371,1.33E-06,-0.035744502,0.035319358,0.003929725,-8.18E-05,-0.006162773,0.008600731,0.000948223,-1.97E-06,-0.03477533,0.028265262,0.00370243,-9.04E-05,-0.00539465,0.023062911,0.001135033,-1.75E-06,-0.03393947,0.028574956,0.003634567,-1.50E-05,-0.007066822,0.006195195,0.000954507,-1.63E-06
418,M,1,-0.126441099,0.0153111,0.058954607,-0.053889255,0.00895747,0.215436827,0.175715599,0.172606606,2.65E-06,0.204987685,0.042095662,0.020961897,-0.019155664,0.012162236,0.008177465,-0.004025183,-0.049612099,0.011906073,0.020156909,-0.018258755,0.022890887,0.066377086,0.044560387,0.044229548,0.009516863,0.444241896,0.110225727,0.087255017,0.002071816,0.402862778,0.073743271,0.049293472,0.006281346,0.282757035,0.081924605,0.063145346,-0.222100221,0.215049583,0.04207065,-9.65E-05,-0.157001134,0.130574878,0.023360241,-1.82E-05,-0.043925584,0.040699585,0.004625935,2.65E-06,-0.015735502,0.02698634,0.002192466,7.98E-06,-0.0349321,0.031642778,0.004154101,7.03E-10,-0.013053339,0.015333593,0.002052979,-8.90E-08,-0.006602086,0.00654477,0.001234338,2.79E-06,-0.00340103,0.002940899,0.000676621,-6.28E-07,-0.011963047,0.009426931,0.001699069,-3.43E-06,-0.005217295,0.006164873,0.000965545,5.02E-08,-0.005758163,0.006904763,0.001176686,1.37E-07,-0.003212953,0.003544847,0.000697543,1.45E-06,-0.016253745,0.031812475,0.003052955,1.85E-05,-0.00584836,0.009377727,0.000789212,-1.09E-06,-0.013733599,0.022722636,0.002415427,6.84E-06,-0.003488212,0.007740905,0.000649408,-6.59E-07,-0.024981043,0.038265204,0.003051726,1.74E-05,-0.005987209,0.026698915,0.001027328,-6.84E-07
418,M,2,-0.13189527,0.0153111,0.057892346,-0.051916646,0.003684228,0.215436827,0.175664934,0.169877762,2.02E-06,0.204987685,0.023875915,0.00987586,-0.020225181,0.012162236,0.007134889,-0.002564729,-0.049612099,0.013552677,0.020010405,-0.017598452,0.022890887,0.066377086,0.044190454,0.043809193,0.015743735,0.444241896,0.132878743,0.114337081,0.002385663,0.402862778,0.10009813,0.080461078,0.003824292,0.282757035,0.087390644,0.071046976,-0.307644676,0.203336159,0.04706829,-0.000178931,-0.177012355,0.177872996,0.027069009,-3.49E-05,-0.050296022,0.040699585,0.005413595,-4.62E-05,-0.017772834,0.02698634,0.002359436,7.91E-06,-0.0349321,0.031642778,0.003407194,1.55E-06,-0.013053339,0.015333593,0.001764466,9.40E-07,-0.006602086,0.005543905,0.001214827,3.46E-06,-0.003372059,0.002797966,0.00067015,-5.36E-07,-0.011963047,0.009426931,0.001867483,6.24E-06,-0.005217295,0.006408573,0.001044852,-5.67E-07,-0.005758163,0.008594596,0.001250139,-4.02E-06,-0.004164876,0.003544847,0.000727609,1.05E-06,-0.016253745,0.031812475,0.003624322,2.11E-05,-0.00584836,0.009377727,0.000871672,-8.94E-07,-0.013733599,0.022722636,0.00298154,2.81E-05,-0.004488215,0.007740905,0.000692656,-1.35E-06,-0.024981043,0.038265204,0.003583686,-7.83E-06,-0.005987209,0.026698915,0.00121676,3.05E-07
419,H,0,-0.360895131,0.311853425,0.215112157,-0.200464038,0.004614897,0.201139024,0.142726916,0.134122822,1.74E-08,0.245592937,0.06377555,0.035465328,-0.015847768,0.009914469,0.00510416,-0.002787223,-0.044827162,0.015782952,0.023558439,-0.019685148,0.013236319,0.058160443,0.039894854,0.039012665,0.02365474,0.961152037,0.296390921,0.246622508,0.00404727,0.815883135,0.19153946,0.149782906,0.010367256,0.639568079,0.226186236,0.179567608,-0.478085073,0.456493242,0.065190445,0.000269436,-0.198820593,0.142407333,0.030711802,-4.26E-05,-0.040587341,0.038330685,0.005556867,2.85E-06,-0.015234244,0.017151664,0.002535283,2.93E-06,-0.055540713,0.050029002,0.005480523,-6.29E-06,-0.020276903,0.018616437,0.002473161,3.66E-06,-0.004664813,0.004953246,0.000977533,1.80E-06,-0.002721633,0.0027547,0.000569549,-4.01E-07,-0.011906406,0.012461949,0.002419347,-5.24E-08,-0.007380931,0.006212716,0.001367875,2.35E-07,-0.011038481,0.007820578,0.001608691,6.95E-08,-0.005236778,0.004823539,0.000925948,7.16E-07,-0.053971797,0.054192937,0.006533247,-4.47E-05,-0.00870998,0.028229261,0.001488483,-2.29E-06,-0.049595256,0.059288066,0.005972104,-7.53E-06,-0.007606657,0.033952264,0.00147177,-2.25E-06,-0.032790431,0.027876919,0.005760765,-4.77E-05,-0.009794144,0.021846964,0.001538377,-2.01E-07
419,H,1,-0.380877291,-0.097349643,0.2266938,-0.219554349,0.011338287,0.205892124,0.149973278,0.142438564,1.79E-06,0.245592937,0.066265145,0.04013941,-0.014178515,0.009316337,0.00472034,-0.002369307,-0.04558232,0.01571689,0.025042165,-0.02120608,0.013236319,0.060717811,0.040558755,0.039639355,0.02365474,0.694729843,0.237633436,0.19945794,0.004888646,0.581912095,0.159276166,0.11754952,0.006520292,0.639568079,0.176354056,0.139162082,-0.283630085,0.291785952,0.056220871,-0.000153569,-0.198820593,0.142407333,0.030086537,-5.93E-05,-0.047962346,0.038764486,0.006188452,-4.47E-05,-0.021082243,0.02203886,0.002803569,5.69E-06,-0.055540713,0.050029002,0.006285382,-1.70E-06,-0.020276903,0.018616437,0.002822048,1.43E-06,-0.004599553,0.003875829,0.000985857,-9.54E-07,-0.002578175,0.002163647,0.000568028,-4.11E-07,-0.011597553,0.012461949,0.002473415,9.86E-06,-0.006707218,0.006212716,0.001403289,-4.30E-07,-0.011038481,0.008136015,0.001679484,-5.32E-06,-0.005236778,0.004823539,0.000956621,1.51E-06,-0.026276016,0.027533236,0.005269848,-4.68E-06,-0.006136011,0.011128979,0.001171296,1.18E-06,-0.025815277,0.021765868,0.004703903,-3.65E-06,-0.00758919,0.019955574,0.001120585,1.94E-06,-0.032217966,0.027876919,0.005264886,-4.74E-06,-0.006422457,0.021846964,0.001447615,5.52E-07
419,H,2,-0.380877291,-0.121272005,0.208161778,-0.20268418,0.014619378,0.205892124,0.160259037,0.155691478,1.94E-09,0.214542768,0.042697115,0.017423719,-0.014642057,0.00837174,0.004892137,-0.002361445,-0.04558232,0.013315786,0.026668506,-0.023570101,0.018660031,0.061115407,0.041896995,0.041138084,0.018700343,0.694729843,0.214734636,0.187492732,0.004836814,0.581912095,0.162775929,0.126031241,0.006520292,0.385060191,0.14005342,0.110265386,-0.212055781,0.251057053,0.05079305,-0.000140168,-0.153610877,0.114637167,0.028868827,-3.32E-05,-0.047962346,0.038764486,0.005822825,-1.95E-06,-0.021082243,0.02203886,0.002701746,5.63E-06,-0.039375812,0.039818398,0.005158734,-1.28E-06,-0.01447145,0.017729591,0.002296034,1.28E-07,-0.004599553,0.003875829,0.000923268,1.52E-08,-0.002578175,0.002360641,0.000537494,-9.04E-08,-0.011597553,0.01254095,0.002399879,1.15E-06,-0.006171224,0.006146484,0.001351823,-1.51E-06,-0.009257018,0.008136015,0.001617638,-1.67E-06,-0.004387095,0.004671864,0.000918162,1.31E-06,-0.025775079,0.025893793,0.004021638,3.65E-06,-0.005861436,0.00912,0.000863175,1.97E-06,-0.021219025,0.021765868,0.003280198,1.18E-05,-0.003182256,0.012334649,0.000689884,2.34E-06,-0.026833971,0.026714673,0.003955213,-1.62E-05,-0.006422457,0.013807186,0.001057848,8.24E-07
419,M,0,-0.304054745,-0.105438737,0.196094457,-0.192805946,0.007227849,0.210119185,0.147021803,0.138927609,1.21E-07,0.121298842,0.009801856,0.004279733,-0.014294059,0.014798358,0.005340187,-0.003355188,-0.047848542,0.019439692,0.022260646,-0.016784484,0.017995989,0.064837843,0.040913038,0.040229401,0.011703907,0.50451204,0.126020739,0.106367772,0.002986167,0.203704643,0.073097307,0.063923279,0.007277392,0.502268465,0.102654812,0.071983692,-0.243859414,0.203759719,0.046489568,0.000243283,-0.153435382,0.132376543,0.026218721,-3.03E-05,-0.038571417,0.037605533,0.005419343,1.34E-05,-0.015236209,0.013626056,0.002420851,-6.21E-08,-0.018046955,0.026284777,0.001920454,-4.77E-06,-0.01011455,0.007337167,0.001195554,1.38E-07,-0.00399756,0.004115894,0.000891791,-3.30E-06,-0.002253856,0.002206507,0.000511837,7.04E-07,-0.014900934,0.014756658,0.00240703,-1.14E-05,-0.007440193,0.007532104,0.001344678,-4.94E-07,-0.009098049,0.007318366,0.001471179,3.27E-06,-0.004500223,0.005860049,0.000872182,-1.33E-08,-0.015922452,0.025294633,0.002742999,3.55E-05,-0.003531167,0.003977085,0.000618163,-5.95E-07,-0.009275925,0.015598338,0.001988526,5.09E-06,-0.002595064,0.005370013,0.000471962,-4.40E-07,-0.015943854,0.020827092,0.002654377,4.47E-05,-0.003444821,0.005797233,0.000744446,-1.60E-07
419,M,1,-0.333669888,0.092455217,0.199125835,-0.192605515,0.015012591,0.201227389,0.158347311,0.150929589,1.21E-07,0.016934449,0.004804629,0.003240384,-0.018223375,0.012031204,0.005132247,-0.002847317,-0.047848542,0.018089475,0.021651431,-0.018042195,0.017995989,0.064837843,0.040084916,0.03947023,0.010565001,0.40585091,0.141756243,0.114698328,0.002986167,0.33580387,0.093549795,0.069253044,0.007277392,0.369686326,0.10650478,0.084028637,-0.197477428,0.292114717,0.04957694,-0.000596988,-0.146331063,0.132376543,0.026300715,-1.38E-05,-0.038571417,0.037605533,0.005279572,-3.38E-05,-0.013846679,0.015587114,0.002262898,2.99E-06,-0.005733834,0.005826071,0.001536936,4.87E-07,-0.004038223,0.003585407,0.001068572,5.93E-07,-0.003774709,0.004128053,0.000899121,1.60E-07,-0.002348206,0.002280961,0.000511934,-1.71E-07,-0.014122658,0.016013901,0.002277719,7.21E-06,-0.007241027,0.006758108,0.001272072,-1.01E-07,-0.009098049,0.006888241,0.001481181,-5.22E-06,-0.005119583,0.005860049,0.000881926,1.05E-06,-0.013856733,0.025294633,0.003061303,5.37E-05,-0.004960056,0.00471636,0.000726394,-9.55E-07,-0.011687666,0.021658052,0.002441206,2.64E-05,-0.003716345,0.005369873,0.000545292,-1.30E-06,-0.013477216,0.020827092,0.002933917,4.75E-05,-0.005351998,0.005797233,0.000842918,-3.78E-07
419,M,2,-0.333669888,0.092455217,0.217404413,-0.211790088,0.011110751,0.199773083,0.156431225,0.149863881,1.56E-06,0.262042506,0.053419211,0.025988793,-0.018223375,0.008867316,0.004848645,-0.00269364,-0.043166151,0.018089475,0.023122676,-0.019903176,0.018200351,0.057505364,0.039479505,0.038896343,0.010565001,0.40585091,0.15220471,0.125316533,0.004322772,0.33580387,0.094607867,0.067825383,0.006496691,0.369686326,0.119229296,0.094977371,-0.230703225,0.292114717,0.04753391,-0.000304839,-0.146331063,0.122334775,0.025312645,-6.59E-05,-0.049243124,0.040118185,0.005287541,1.10E-05,-0.017685538,0.024708634,0.002304633,3.57E-06,-0.041621752,0.056993985,0.005352189,2.07E-05,-0.023889364,0.022929949,0.002403272,3.61E-06,-0.003474549,0.004128053,0.00091796,-2.41E-06,-0.002348206,0.002280961,0.000540445,-2.15E-07,-0.012299616,0.016013901,0.002274762,3.00E-06,-0.006892787,0.007229826,0.001285842,-2.71E-07,-0.008525509,0.008833469,0.001488815,-7.80E-07,-0.005727744,0.005617674,0.00088567,1.04E-06,-0.01642234,0.01781998,0.002955773,6.56E-06,-0.004960056,0.004869198,0.000697713,-5.41E-07,-0.011785624,0.021658052,0.002466653,-1.52E-05,-0.003716345,0.008292021,0.000580902,-4.85E-07,-0.019622559,0.017797574,0.003130909,1.01E-05,-0.005351998,0.013983589,0.000879468,-3.99E-07
420,H,0,-0.219816304,-0.010390447,0.100520597,-0.095248103,0.011939886,0.21127277,0.171562109,0.168584618,7.95E-07,0.22870076,0.099555996,0.079063055,-0.018959936,0.006503214,0.006338991,-0.00437655,-0.048311233,0.006734382,0.028910305,-0.027775499,0.022201442,0.066149,0.046373039,0.045945211,0.010229024,0.355859616,0.101401761,0.089765949,0.003279163,0.175756607,0.057541669,0.047402563,0.007406277,0.311573209,0.083494152,0.068215855,-0.295333158,0.247666192,0.040278071,8.69E-05,-0.168352262,0.164480422,0.023054507,-9.70E-06,-0.037995328,0.034441716,0.004145368,-9.05E-06,-0.015201627,0.015052581,0.001823278,1.22E-06,-0.041761742,0.036160739,0.005623753,9.50E-07,-0.025871229,0.018129669,0.002951852,-7.68E-07,-0.004496888,0.004621242,0.001004984,-1.08E-06,-0.002884162,0.002809079,0.000585142,2.49E-07,-0.011750906,0.010878506,0.001875203,-1.59E-06,-0.005696171,0.006155244,0.001084032,-4.06E-07,-0.008863019,0.012424884,0.001444631,2.58E-06,-0.006447814,0.005256236,0.000842272,-9.42E-07,-0.02247248,0.039415962,0.003818953,-6.35E-07,-0.011390935,0.009919706,0.001136396,2.05E-07,-0.021826074,0.03340173,0.003081077,3.50E-06,-0.007954249,0.019129252,0.00117225,-8.60E-07,-0.020565827,0.031353094,0.003806178,-2.91E-06,-0.009075609,0.021858613,0.001252156,7.25E-07
420,H,1,-0.2757228,-0.010390447,0.086750985,-0.083304049,0.028027168,0.215766428,0.175310252,0.172843513,9.76E-06,0.223688537,0.073728449,0.054001542,-0.019551227,0.008262934,0.007065504,-0.004732815,-0.048311233,0.010160557,0.03045941,-0.029465378,0.022482003,0.066149,0.048295792,0.047900673,0.010229024,0.320248106,0.106211227,0.095579606,0.003279163,0.246940584,0.052047319,0.03880981,0.007406277,0.258787295,0.092584563,0.082138324,-0.45177587,0.45852534,0.045305882,-0.000135499,-0.185568684,0.30658409,0.026181317,-3.90E-07,-0.037438065,0.037616767,0.004115496,4.78E-06,-0.013318627,0.013298642,0.0017498,1.01E-06,-0.047705097,0.037075912,0.005911297,-2.42E-05,-0.025871229,0.024106384,0.003032979,-1.59E-06,-0.004496888,0.00583549,0.001094875,-3.97E-07,-0.003323018,0.002809079,0.000617682,-1.05E-07,-0.012932873,0.011696978,0.001774834,5.46E-07,-0.006962532,0.006516413,0.00102347,-3.33E-07,-0.009055301,0.010316268,0.001446021,-3.38E-07,-0.005838165,0.004053901,0.00081547,5.46E-07,-0.032814114,0.039386027,0.004072184,2.70E-05,-0.011119057,0.025153091,0.001358317,-2.15E-06,-0.017944692,0.034305645,0.003070714,1.13E-05,-0.008694294,0.011096843,0.000993842,-1.35E-06,-0.037325005,0.033943058,0.00371763,2.36E-05,-0.0117877,0.024712712,0.001416924,-1.38E-06
420,H,2,-0.2757228,-0.010721159,0.092950514,-0.0890705,0.022980206,0.222712933,0.177164598,0.173966756,9.76E-06,0.223688537,0.084011004,0.063426018,-0.019585054,0.008262934,0.008425751,-0.006294457,-0.045817946,0.010160557,0.028330842,-0.027180776,0.022482003,0.065407308,0.0480333,0.047630876,0.015147787,0.320248106,0.108791065,0.09783416,0.001566432,0.25823123,0.062874802,0.046525783,0.009391555,0.205529381,0.088782065,0.079340249,-0.45177587,0.45852534,0.048155167,5.76E-05,-0.185568684,0.30658409,0.028014049,-4.61E-05,-0.040572413,0.037616767,0.004859027,3.90E-06,-0.014986185,0.016302105,0.002103864,2.32E-06,-0.047705097,0.037920535,0.005758083,2.69E-06,-0.021001245,0.024106384,0.002945913,2.78E-07,-0.006509258,0.00583549,0.001152583,5.62E-08,-0.003323018,0.002809717,0.000659784,-5.79E-07,-0.012932873,0.011696978,0.001828618,8.02E-07,-0.006962532,0.006516413,0.001062192,2.90E-08,-0.009055301,0.010316268,0.001459947,-6.36E-07,-0.005838165,0.004895251,0.000837206,9.53E-07,-0.032814114,0.039386027,0.004286588,-2.03E-05,-0.011119057,0.025153091,0.00144672,-3.10E-06,-0.017944692,0.034305645,0.003374669,8.76E-06,-0.008694294,0.011096843,0.00099267,-2.94E-06,-0.037325005,0.033943058,0.004057288,-2.60E-05,-0.0117877,0.024943059,0.001701149,-1.91E-06
420,L,0,-0.205923425,-0.027443854,0.099635622,-0.093815337,0.02097719,0.217995327,0.172310934,0.167515363,5.57E-13,0.198678491,0.033879175,0.01605454,-0.019424323,0.005639113,0.007127455,-0.00559339,-0.050008667,0.014568429,0.027746952,-0.025528991,0.023147234,0.071564685,0.047091614,0.046569431,0.011715077,0.348936742,0.079951415,0.067033016,0.004088671,0.232928979,0.053661041,0.041285795,0.009276847,0.260077877,0.059268216,0.046951032,-0.226749763,0.192768538,0.033425398,0.000114598,-0.095944589,0.141498488,0.019393816,-9.42E-06,-0.03351782,0.035505079,0.003066529,1.14E-05,-0.0144909,0.016189748,0.001396719,-2.55E-07,-0.053645253,0.031932837,0.003968694,-4.02E-06,-0.03061168,0.027473143,0.002123517,-1.34E-06,-0.003513124,0.003589958,0.000850761,-8.21E-08,-0.002012116,0.001702104,0.000505396,6.08E-07,-0.013284541,0.011109387,0.00155412,6.11E-06,-0.004749434,0.006933718,0.00090889,-2.54E-06,-0.006670417,0.009751493,0.001166391,-3.61E-06,-0.005076718,0.003164011,0.000692688,2.58E-06,-0.022523842,0.044993432,0.002531922,-9.90E-06,-0.012148666,0.012467413,0.000892005,-1.22E-06,-0.012446311,0.023772601,0.00158655,-2.11E-05,-0.006430881,0.005385198,0.000542937,-1.09E-06,-0.024024113,0.043643965,0.002504947,1.36E-05,-0.011348478,0.012624786,0.001008015,-3.40E-07
420,L,1,-0.152954602,-0.00892487,0.068826229,-0.064539631,0.029023107,0.215074371,0.173423453,0.171456561,5.57E-13,0.181258738,0.041017491,0.021310912,-0.017072361,0.008727819,0.005604546,-0.003990131,-0.04737344,0.012284011,0.030929783,-0.029861269,0.023098845,0.06252003,0.048803765,0.048420625,0.011715077,0.220677535,0.078298269,0.070240047,0.003051615,0.191160669,0.043906649,0.035573981,0.007408365,0.156698003,0.0648292,0.056179915,-0.26379007,0.157277482,0.03652232,-0.000135357,-0.100509211,0.115801621,0.020632025,-1.77E-05,-0.035538702,0.030446988,0.003192213,-8.75E-06,-0.013781718,0.012388844,0.001390645,9.10E-07,-0.038178432,0.049543469,0.004472,-2.69E-05,-0.017139211,0.024434922,0.002264812,4.30E-07,-0.004480788,0.004957109,0.0008288,1.47E-06,-0.002409961,0.002777955,0.000499744,-9.04E-08,-0.011640339,0.01114914,0.001529362,-1.80E-06,-0.00539183,0.006542587,0.000885038,1.12E-06,-0.005812828,0.009064214,0.0011469,2.92E-07,-0.00411167,0.003835779,0.000689564,-5.29E-07,-0.015008139,0.021633597,0.002422452,-6.26E-06,-0.005356282,0.013659045,0.000951847,-4.13E-07,-0.012345982,0.015416494,0.001820579,1.10E-05,-0.003563052,0.008739802,0.000661743,1.61E-07,-0.013602635,0.022568922,0.002354594,-1.69E-05,-0.005720987,0.013599165,0.001019312,-1.22E-06
420,L,2,-0.152954602,-0.00892487,0.075411047,-0.070578899,0.021363446,0.215074371,0.173530656,0.170169727,2.04E-11,0.181258738,0.037857171,0.017084551,-0.017676809,0.008727819,0.004625809,-0.002598083,-0.04737344,0.012284011,0.030136323,-0.028662399,0.020686779,0.063489153,0.047104643,0.046677129,0.014512815,0.30301606,0.097681635,0.090386442,0.003051615,0.191160669,0.056337191,0.047751718,0.007408365,0.288132374,0.079798639,0.0698719,-0.26379007,0.272173331,0.039872204,-0.000152958,-0.179180331,0.126975389,0.022728351,-7.40E-06,-0.037839722,0.034141569,0.004148352,-5.92E-06,-0.013781718,0.016499468,0.001764531,1.11E-06,-0.038178432,0.049543469,0.004174524,-2.69E-06,-0.017139211,0.024434922,0.002093203,-2.31E-07,-0.005250461,0.005036249,0.000886792,-7.41E-08,-0.003100233,0.002995579,0.000530332,-5.40E-08,-0.012249417,0.01114914,0.001736494,-1.44E-06,-0.005720703,0.005754403,0.000972576,-3.43E-07,-0.005919934,0.009064214,0.001282691,-1.23E-06,-0.004122152,0.003835779,0.000757292,5.47E-07,-0.016975277,0.032021759,0.003030573,-8.75E-06,-0.006953101,0.013659045,0.001077647,-4.54E-08,-0.030568165,0.015416494,0.002436612,-1.27E-05,-0.010411715,0.01697966,0.001043566,3.40E-07,-0.016014444,0.030627621,0.003059134,-4.92E-06,-0.006791265,0.013599165,0.001164868,-2.30E-07
420,M,0,-0.347589285,-0.006559139,0.113033257,-0.098813906,0.018316977,0.231550239,0.173781599,0.170567422,2.31E-08,0.155036692,0.046012431,0.029776039,-0.038885667,0.004086241,0.011110846,-0.009984834,-0.046434303,0.01691929,0.029257067,-0.027545875,0.021878655,0.073740406,0.05063754,0.050046115,0.014011889,0.430367894,0.108644445,0.086508956,0.003175842,0.307909849,0.064982024,0.049261738,0.005506728,0.417209501,0.087068662,0.062615881,-0.276145041,0.27679452,0.042291451,0.000662728,-0.123270725,0.194279148,0.022575029,-2.46E-06,-0.044179437,0.037320624,0.004168157,1.95E-05,-0.013481575,0.016761011,0.001801714,4.99E-06,-0.038768568,0.035350409,0.00502112,3.42E-06,-0.015001519,0.018267772,0.002721474,3.18E-06,-0.011584859,0.01121167,0.001172829,1.18E-06,-0.005019213,0.008452923,0.000694437,-1.10E-06,-0.014021768,0.011252083,0.001892895,-6.96E-06,-0.006834544,0.006110119,0.001083929,-3.09E-06,-0.011282991,0.015560097,0.00153299,4.12E-06,-0.007173257,0.006206004,0.000912,3.51E-06,-0.024604424,0.041827277,0.004121324,-3.83E-05,-0.00951351,0.018830262,0.001289375,-3.15E-06,-0.020611401,0.036774218,0.003211451,-1.07E-05,-0.009393189,0.019165816,0.00109782,-3.90E-06,-0.02599035,0.037441137,0.003735869,-3.89E-05,-0.00868352,0.019247786,0.001335402,-1.48E-06
420,M,1,-0.197287336,-0.013609489,0.085215653,-0.080962165,0.01274572,0.221523946,0.178921276,0.177029152,4.06E-06,0.153671738,0.052818528,0.035185,-0.020072649,0.004084869,0.01111868,-0.010246197,-0.048183506,0.012143149,0.030513567,-0.029486296,0.021289972,0.066204985,0.051365624,0.050978641,0.015294932,0.371143541,0.088834955,0.077695126,0.002850711,0.255220754,0.056339314,0.044075335,0.005506728,0.276442983,0.068684284,0.056819996,-0.166925138,0.213799916,0.037532357,-0.000132541,-0.086707751,0.116176425,0.021012208,-3.53E-05,-0.03684634,0.034785359,0.003565658,2.76E-05,-0.014814933,0.013709508,0.001575257,8.28E-06,-0.042624116,0.039290606,0.005822701,-7.10E-06,-0.019702641,0.022633563,0.003074339,3.54E-06,-0.004719694,0.00612075,0.001009645,-4.45E-06,-0.003319567,0.003340303,0.000604954,4.86E-07,-0.012616858,0.013210384,0.00173322,-7.02E-06,-0.008797813,0.007466439,0.001041728,-1.97E-06,-0.007031649,0.011406701,0.001387279,4.33E-06,-0.006473719,0.005405511,0.000835149,6.08E-07,-0.019840217,0.035859761,0.003338167,1.90E-05,-0.007857594,0.014716066,0.001114951,2.35E-06,-0.013928073,0.023265121,0.002491793,2.48E-07,-0.006516672,0.012846527,0.000896092,1.86E-06,-0.026700164,0.032274305,0.003209747,2.17E-05,-0.006646081,0.019247786,0.001208009,1.57E-06
420,M,2,-0.214416027,0.004722048,0.087968985,-0.081834664,0.01274572,0.222118787,0.180697824,0.178649961,3.53E-06,0.148707024,0.048336666,0.029431394,-0.022275055,0.00666457,0.010496262,-0.009208096,-0.048183506,0.029740612,0.029950104,-0.02902654,0.021289972,0.066455915,0.050280694,0.049943048,0.014510762,0.371143541,0.106850493,0.093974971,0.002760607,0.255220754,0.064900588,0.048534615,0.004417015,0.276442983,0.084881927,0.072727091,-0.237736009,0.213799916,0.039244524,-0.000147303,-0.11967321,0.116176425,0.020978362,-2.27E-06,-0.03684634,0.034785359,0.003955259,1.29E-05,-0.014814933,0.014767774,0.001733347,2.37E-06,-0.042624116,0.039290606,0.005587077,-2.20E-06,-0.026075924,0.022633563,0.002973672,-5.17E-06,-0.005046079,0.006739542,0.001087816,-3.51E-06,-0.003094763,0.003405693,0.000633167,-6.63E-07,-0.014188211,0.02169708,0.001879047,2.48E-06,-0.011529813,0.010227931,0.00110896,-1.26E-07,-0.011621804,0.011406701,0.00142484,-5.73E-07,-0.00735158,0.008747455,0.000862271,9.40E-07,-0.02298961,0.032214816,0.003796758,-1.86E-05,-0.007630621,0.020876784,0.001231106,-1.93E-06,-0.018684703,0.029864498,0.003101447,-8.24E-06,-0.007783852,0.024240561,0.001130361,-1.91E-06,-0.026700164,0.026547332,0.003462035,-1.68E-05,-0.006478391,0.016651583,0.001196561,-9.04E-07
421,H,0,-0.36299889,-0.101683519,0.235815793,-0.231246467,0.010635641,0.229712643,0.167678593,0.16189501,5.28E-09,0.116476847,0.017677105,0.007702048,-0.017817946,0.0128311,0.005214148,-0.000692621,-0.044384687,0.013210436,0.026565533,-0.023558622,0.021836536,0.061744144,0.046780804,0.046171099,0.009825656,0.265864332,0.104364712,0.087529782,0.003381867,0.170575335,0.068199886,0.053908802,0.007061274,0.248862041,0.078998535,0.062162704,-0.220830781,0.270713353,0.036599791,-0.000525658,-0.142292875,0.140168053,0.021276516,-3.91E-05,-0.05110388,0.042654354,0.007427689,-3.90E-05,-0.018128144,0.027303571,0.003334824,5.95E-06,-0.028895286,0.027091452,0.002962183,3.89E-06,-0.01172046,0.011036047,0.00157853,-7.30E-07,-0.003537141,0.004595203,0.000885239,3.29E-07,-0.002847004,0.002392055,0.000514315,8.45E-07,-0.013170458,0.014538214,0.00229301,8.58E-06,-0.008678665,0.006876206,0.001234992,-1.87E-06,-0.008526623,0.007864866,0.001433629,-4.30E-06,-0.003932568,0.004114525,0.000796025,1.88E-06,-0.02246953,0.031127324,0.003885649,3.91E-05,-0.005790449,0.01621434,0.001063269,-1.75E-07,-0.014559406,0.016334499,0.002143123,1.42E-05,-0.003274605,0.01215169,0.000633021,6.36E-07,-0.022594849,0.03082763,0.003811852,4.00E-05,-0.006106163,0.016663167,0.001126318,-7.80E-07
421,H,1,-0.36299889,-0.15007215,0.257058644,-0.254249285,0.010635641,0.216540052,0.169730037,0.163332325,5.28E-09,0.116476847,0.016681719,0.006966008,-0.013367666,0.013850265,0.005268593,0.000662433,-0.044265073,0.01535699,0.023176829,-0.020385887,0.024266614,0.061326622,0.045377993,0.04486827,0.009825656,0.30486867,0.116185058,0.099825246,0.002674049,0.190189516,0.072624703,0.058295614,0.007100267,0.279642816,0.090689692,0.072173981,-0.220830781,0.286986323,0.036332361,-2.08E-06,-0.169520551,0.140168053,0.020912965,-3.52E-05,-0.054791466,0.038839584,0.007206426,-8.34E-06,-0.02016339,0.026225888,0.003102171,6.18E-06,-0.026507697,0.027091452,0.002731103,1.29E-06,-0.016472557,0.012553358,0.001514678,3.15E-07,-0.003537141,0.004595203,0.000893752,2.08E-06,-0.002847004,0.002392055,0.000511891,1.09E-07,-0.012319044,0.014538214,0.002064194,-7.27E-07,-0.008591586,0.006254132,0.001122657,-4.52E-07,-0.008476023,0.00877365,0.001391723,2.02E-07,-0.00415937,0.004899009,0.000802908,1.11E-06,-0.029481845,0.031127324,0.004266344,2.20E-05,-0.006336953,0.01621434,0.001179081,1.21E-07,-0.014559406,0.013034411,0.002318011,4.58E-06,-0.003179626,0.01215169,0.000690044,8.66E-07,-0.026863222,0.03082763,0.004117166,2.26E-05,-0.006562738,0.016216723,0.001220052,-2.08E-07
421,H,2,-0.334801037,-0.119547907,0.25872997,-0.256188747,0.012373444,0.227370973,0.165811006,0.157964792,4.21E-07,0.109143687,0.017740817,0.007994519,-0.013764011,0.013850265,0.005167763,0.001577968,-0.040129922,0.020406896,0.022692566,-0.019670222,0.022364642,0.059406381,0.044636773,0.044111504,0.010997299,0.30486867,0.110773802,0.091150789,0.002674049,0.190189516,0.061897942,0.050532548,0.004421787,0.279642816,0.091866643,0.068117695,-0.296062961,0.286986323,0.037469064,0.00012596,-0.178081292,0.140136785,0.021377198,-3.44E-05,-0.054791466,0.046954265,0.007681487,-1.24E-06,-0.02016339,0.03288927,0.00334905,1.11E-06,-0.026507697,0.026250142,0.003023451,-1.06E-06,-0.016472557,0.012553358,0.001710872,1.05E-06,-0.00418127,0.004976037,0.000913796,1.15E-06,-0.002335217,0.002925203,0.000528571,4.60E-07,-0.013023949,0.01166841,0.002154407,-2.27E-06,-0.008111492,0.007721761,0.001168502,7.61E-07,-0.007807626,0.00877365,0.001465985,-1.67E-06,-0.005056506,0.004899009,0.000873325,1.90E-07,-0.029481845,0.038800023,0.004725338,4.61E-05,-0.008576303,0.014946862,0.001225243,5.06E-06,-0.015392226,0.020817908,0.002772669,1.78E-05,-0.002795444,0.010157909,0.000750847,3.95E-06,-0.026863222,0.03346444,0.004375423,4.25E-05,-0.008672826,0.016120787,0.001239133,3.67E-06
421,L,0,-0.287595183,-0.043412481,0.210327727,-0.204962994,0.012807236,0.231414349,0.164628836,0.159863009,1.44E-08,0.117462829,0.015792978,0.008097936,-0.0161448,0.007704889,0.006744348,-0.005076342,-0.044823181,0.015427623,0.027237203,-0.025088644,0.023533569,0.061465288,0.048844879,0.048281114,0.013156454,0.347072179,0.086201063,0.066350822,0.004093166,0.179304895,0.045886528,0.038656831,0.003160349,0.339205979,0.07297294,0.04535442,-0.168546956,0.159573405,0.030723926,-0.000329039,-0.10842882,0.105877793,0.018136314,-3.03E-05,-0.05782266,0.039322481,0.006982914,-5.10E-05,-0.01980434,0.026157841,0.003200241,9.40E-06,-0.028111833,0.021490607,0.00280159,6.21E-06,-0.015167751,0.015214104,0.001569875,-1.58E-06,-0.00404727,0.004247772,0.00078054,2.07E-06,-0.002534997,0.002349914,0.000470805,-9.35E-07,-0.015106958,0.014556084,0.002365522,7.95E-06,-0.009570499,0.006673329,0.001278533,-2.67E-06,-0.010621226,0.008940297,0.001551463,-4.66E-06,-0.004461866,0.006303377,0.000837376,2.88E-06,-0.031575484,0.027432608,0.002920574,3.62E-05,-0.006179233,0.019598972,0.000867385,-1.11E-06,-0.011877383,0.009427527,0.001413138,9.95E-06,-0.002388586,0.005557254,0.000418571,-5.26E-07,-0.032925304,0.03266766,0.003145657,3.62E-05,-0.007258272,0.022459696,0.001039286,-1.42E-06
421,L,1,-0.388343575,-0.179536631,0.247586166,-0.245309075,0.015680075,0.202452842,0.167840761,0.165247626,1.42E-08,0.118189627,0.016381196,0.008140502,-0.016466484,0.006378827,0.007648906,-0.006185336,-0.042074033,0.015098864,0.027657719,-0.026086337,0.024049227,0.062282146,0.050013477,0.049615048,0.013198867,0.252561185,0.066722282,0.057195623,0.004093166,0.214196993,0.051792431,0.043021146,0.003520095,0.220291403,0.042064319,0.03166833,-0.125623244,0.113203717,0.024966929,-0.000258277,-0.070433766,0.057088041,0.014705631,-8.79E-06,-0.046436659,0.043571476,0.006480759,-6.08E-07,-0.016813664,0.028582169,0.003019842,9.62E-06,-0.024990066,0.022865385,0.002818011,-3.66E-06,-0.01088447,0.008137045,0.001496346,1.29E-06,-0.003125426,0.004247772,0.000824786,-1.50E-06,-0.001911621,0.001988624,0.000493304,-6.96E-08,-0.015106958,0.015057836,0.00233618,6.15E-06,-0.00970096,0.007377673,0.001291931,-1.54E-06,-0.010924662,0.011550471,0.001519594,-1.94E-06,-0.004752798,0.006303377,0.000844128,2.07E-06,-0.008439915,0.018229978,0.001601837,2.31E-05,-0.00361031,0.004988119,0.000465184,1.74E-10,-0.006961743,0.01359184,0.001308465,2.05E-05,-0.002187921,0.002867562,0.000305511,1.47E-07,-0.010836041,0.020152141,0.001753507,8.37E-06,-0.003854726,0.010516562,0.00064368,-4.09E-07
421,L,2,-0.388343575,-0.179536631,0.264996772,-0.261016257,0.006996355,0.207526872,0.173235503,0.168684371,9.02E-11,0.118189627,0.014947995,0.006665177,-0.016466484,0.00654181,0.006851042,-0.005429033,-0.044863983,0.016887687,0.025191939,-0.021982112,0.022909918,0.062282146,0.046929577,0.046285508,0.011506992,0.252561185,0.0756598,0.065608722,0.004527662,0.214196993,0.055133674,0.045721721,0.003111594,0.220291403,0.05181393,0.040507899,-0.179877594,0.182310443,0.028820357,-1.76E-05,-0.088031456,0.112209266,0.016542307,-3.99E-06,-0.051876047,0.043571476,0.007141269,3.58E-05,-0.018999082,0.028582169,0.00320725,1.09E-05,-0.024990066,0.022865385,0.002671551,-2.86E-06,-0.01088447,0.008137045,0.001405066,-1.41E-07,-0.005268612,0.003535713,0.000844341,-1.34E-06,-0.002322496,0.002450652,0.000490675,2.12E-07,-0.014462577,0.017061802,0.002159172,-6.98E-06,-0.00970096,0.007377673,0.001202069,-1.03E-07,-0.010924662,0.011550471,0.001405502,6.02E-06,-0.004752798,0.005663557,0.000783997,1.59E-06,-0.012187277,0.017589713,0.002235253,-1.83E-05,-0.004137266,0.007590114,0.000609856,1.99E-06,-0.006961743,0.01359184,0.001539793,-1.25E-05,-0.002187921,0.004050782,0.000367546,6.82E-07,-0.012183941,0.0204033,0.002321932,-1.48E-05,-0.004383831,0.006714469,0.000716919,1.92E-06
421,M,0,-0.208223547,-0.022827389,0.143072323,-0.139482803,0.003022067,0.227696735,0.159925305,0.15415344,1.08E-06,0.122693286,0.015778599,0.007842621,-0.015579492,0.008848332,0.007057558,-0.005372278,-0.044312942,0.012930998,0.028477952,-0.026197463,0.024072183,0.061503544,0.048342905,0.04771392,0.006257696,0.492225174,0.101239349,0.077738756,0.002420307,0.114604628,0.036743178,0.030124021,0.005194902,0.480262012,0.094336337,0.067432269,-0.200324883,0.166299128,0.032212293,-0.000249443,-0.142439559,0.119216145,0.019431569,1.99E-05,-0.053825698,0.048102195,0.00758185,-1.16E-05,-0.018774449,0.029957745,0.003618414,1.91E-05,-0.029207599,0.020124954,0.002853397,1.13E-06,-0.012770543,0.00964436,0.00155963,5.49E-07,-0.004136945,0.004122876,0.000875016,-3.59E-06,-0.002643434,0.00225845,0.000505935,-2.64E-07,-0.013169237,0.014525202,0.002216924,-4.69E-06,-0.009658458,0.006425707,0.001236536,-3.93E-06,-0.012431178,0.00900981,0.001536657,4.00E-06,-0.00522548,0.006493759,0.000864571,3.46E-06,-0.017863883,0.029023826,0.002753912,-1.08E-05,-0.005210478,0.017224468,0.000813653,4.02E-07,-0.007355997,0.009702058,0.001134798,-1.49E-05,-0.001980832,0.004762816,0.00040623,7.40E-07,-0.024403089,0.030837194,0.002856658,3.06E-06,-0.005632823,0.022264123,0.000912827,-6.53E-07
421,M,1,-0.256895107,-0.053107975,0.169520277,-0.165028903,0.003022067,0.227696735,0.164585215,0.160888143,2.93E-07,0.131706776,0.024517464,0.011559563,-0.017149085,0.009087468,0.007189347,-0.005706211,-0.044390064,0.017418025,0.030194065,-0.028603404,0.026214717,0.062518057,0.050478244,0.050072704,0.006257696,0.199648968,0.064753557,0.052914506,0.002420307,0.155041237,0.036276354,0.027746621,0.005194902,0.169778003,0.053638132,0.042001104,-0.200324883,0.166299128,0.030598165,-0.00023259,-0.142439559,0.119216145,0.018143304,-4.73E-06,-0.053825698,0.048102195,0.006893966,-5.93E-06,-0.018774449,0.029957745,0.003252279,1.10E-05,-0.030298017,0.023354631,0.00375237,-4.02E-07,-0.012770543,0.015834267,0.001845847,4.20E-07,-0.004136945,0.004122876,0.000885012,-4.63E-07,-0.002643434,0.001946753,0.000504295,-9.26E-07,-0.016779794,0.016241729,0.002279376,1.05E-07,-0.011492965,0.009076282,0.001286457,-2.21E-06,-0.012431178,0.011522154,0.001542738,-3.23E-07,-0.00595527,0.006493759,0.00088261,1.96E-06,-0.017863883,0.026948512,0.001963908,-2.60E-05,-0.005210478,0.017224468,0.000769462,6.24E-07,-0.006465415,0.009613197,0.001119474,-9.50E-06,-0.001946673,0.007010317,0.000402307,-3.31E-07,-0.024403089,0.030837194,0.002036273,-2.47E-05,-0.005632823,0.022264123,0.000867948,9.12E-07
421,M,2,-0.287489578,-0.059109084,0.196693953,-0.192058995,0.00733646,0.223552428,0.162974009,0.157610138,1.43E-09,0.131706776,0.022586195,0.009985518,-0.019845898,0.010245888,0.007813871,-0.006244468,-0.044439372,0.017418025,0.027040915,-0.02470904,0.024487091,0.063084751,0.048793255,0.048223728,0.011996314,0.256698322,0.094017757,0.081680707,0.005014172,0.232832345,0.053325376,0.041768836,0.005534993,0.178862061,0.077432182,0.065423105,-0.215418926,0.225216658,0.030446173,-0.000207584,-0.151864536,0.116453006,0.017277741,-3.72E-05,-0.052271577,0.036472597,0.007058395,1.69E-05,-0.017026754,0.024936531,0.003093804,5.56E-06,-0.030298017,0.023354631,0.003469316,-2.00E-06,-0.014084836,0.015834267,0.001743468,-6.56E-07,-0.006613154,0.004914937,0.0009232,-1.56E-06,-0.003108085,0.002995565,0.000541707,-6.11E-07,-0.016779794,0.016241729,0.002302325,2.17E-06,-0.011492965,0.009076282,0.001283396,-2.95E-07,-0.011106184,0.011522154,0.001543255,1.37E-06,-0.00595527,0.006254408,0.000874473,4.72E-07,-0.017028085,0.029086183,0.002460233,1.88E-05,-0.008012589,0.017750102,0.000898451,1.14E-06,-0.008941224,0.010781965,0.00158097,9.72E-07,-0.002562029,0.007010317,0.000451605,-2.61E-07,-0.024230309,0.030892561,0.002631918,1.94E-05,-0.008414061,0.02100965,0.001078508,1.69E-06
422,H,0,-0.132387075,0.108383632,0.034656761,0.011141878,0.006550996,0.245916619,0.186883993,0.178737208,7.21E-08,0.21304658,0.025778819,0.007537268,-0.016735772,0.014031865,0.0056292,0.001148635,-0.065804275,0.016015529,0.033540493,-0.028995885,0.019020962,0.079190271,0.052420253,0.05113834,0.013579202,0.288680317,0.100921197,0.084933071,0.003008336,0.236424188,0.068456091,0.053521663,0.006775064,0.254548022,0.074154242,0.060226798,-0.229759559,0.278393784,0.04938964,0.000203345,-0.134198589,0.153962133,0.026001538,5.05E-06,-0.056202279,0.043349453,0.007694451,4.72E-05,-0.019691235,0.027687049,0.00333274,9.43E-06,-0.047809344,0.055182213,0.004075771,-2.56E-07,-0.022523909,0.022896863,0.002063491,3.63E-07,-0.004815941,0.004149635,0.000977375,3.73E-06,-0.002527369,0.002387125,0.000559212,6.57E-07,-0.016191698,0.015382252,0.002959143,-7.59E-06,-0.008141868,0.008270762,0.001577808,-1.81E-06,-0.012509812,0.010920957,0.001951685,6.02E-08,-0.005856221,0.005614265,0.001060239,2.37E-06,-0.021231387,0.030706598,0.004070882,9.81E-06,-0.006474408,0.015191528,0.00107906,-1.23E-06,-0.020004953,0.019339472,0.003516847,-2.82E-06,-0.005035191,0.014756092,0.000989465,-9.66E-08,-0.016667256,0.024455546,0.003194337,1.13E-05,-0.006810606,0.012028203,0.001023069,-1.52E-06
422,H,1,-0.126332888,0.1307218,0.044868369,0.023705246,0.011577117,0.245916619,0.196618734,0.189329895,3.54E-08,0.228120566,0.035516549,0.012622511,-0.016630626,0.012909448,0.005469305,0.001715715,-0.058500269,0.015971217,0.030147454,-0.026640528,0.019020962,0.076058732,0.051373713,0.050402416,0.013579202,0.542593724,0.132602665,0.096500686,0.002947003,0.267662034,0.076131525,0.055904338,0.007234533,0.520420398,0.108570059,0.070167432,-0.281495058,0.265747662,0.048965291,-0.000154038,-0.166611549,0.138486657,0.025640749,2.56E-05,-0.053956144,0.043349453,0.007598931,-4.23E-05,-0.02007101,0.025309753,0.003286005,5.71E-06,-0.044318216,0.055460879,0.005379885,2.08E-06,-0.022523909,0.022896863,0.002603088,1.23E-06,-0.004885519,0.003837617,0.000935501,-2.34E-06,-0.002527369,0.002430352,0.000545979,-2.78E-07,-0.016191698,0.015382252,0.002605923,1.70E-05,-0.008242715,0.007886962,0.001428056,-6.35E-07,-0.012509812,0.011146592,0.001737371,-1.28E-05,-0.005351257,0.005614265,0.000962331,7.05E-07,-0.021917299,0.021585226,0.003695237,4.26E-05,-0.005395579,0.009716085,0.000807615,3.25E-07,-0.026950248,0.015537976,0.00315099,3.33E-05,-0.006953332,0.009334362,0.000805147,2.37E-07,-0.02034295,0.021311901,0.003165205,2.83E-05,-0.00453388,0.012028203,0.000812732,2.25E-07
422,H,2,-0.126332888,0.211212915,0.055091442,0.031396242,0.008908965,0.247068858,0.188791743,0.180257315,3.54E-08,0.228120566,0.036698401,0.014378994,-0.016630626,0.015243873,0.005679693,0.000296161,-0.056104114,0.011138902,0.028757873,-0.025714699,0.021631894,0.074128327,0.050750689,0.049917867,0.013881025,0.542593724,0.15882701,0.12944096,0.002947003,0.267662034,0.08494101,0.064965219,0.007470806,0.520420398,0.134205231,0.102232804,-0.281495058,0.265747662,0.053297626,1.77E-05,-0.166611549,0.153734869,0.02759885,1.71E-05,-0.058940019,0.043064678,0.007788826,-1.78E-05,-0.020425505,0.030688395,0.003365131,6.75E-06,-0.044318216,0.055460879,0.005783629,-2.07E-07,-0.028540508,0.022173661,0.002826938,-2.18E-07,-0.00559835,0.003883531,0.001016752,-1.80E-06,-0.002714579,0.002430352,0.000579853,-4.69E-07,-0.014930515,0.015630818,0.002463763,4.20E-06,-0.008242715,0.006749559,0.001345804,-4.76E-07,-0.011491514,0.011146592,0.001755998,-1.92E-06,-0.005351257,0.005082143,0.000969642,7.34E-07,-0.026943873,0.021585226,0.00415629,1.27E-05,-0.00624482,0.016710824,0.001016391,9.28E-07,-0.026950248,0.021502919,0.00364362,7.07E-06,-0.006953332,0.011943278,0.00098933,6.32E-07,-0.02034295,0.021311901,0.003701321,1.19E-05,-0.00621829,0.014432905,0.000955885,1.06E-06
422,L,0,-0.135043969,0.174051198,0.038032308,0.010355729,0.005131764,0.246838555,0.200227486,0.194761182,9.45E-10,0.237282706,0.022228275,0.006132071,-0.012601886,0.013967276,0.005360005,0.002197365,-0.060399047,0.010015082,0.032378947,-0.029140111,0.021652502,0.076693982,0.052716138,0.051778121,0.011148675,0.336876958,0.107825333,0.084505211,0.003140215,0.271169721,0.076832954,0.056718895,0.003880893,0.275141371,0.075650509,0.05481259,-0.239249092,0.276989216,0.044192233,0.000290538,-0.108340115,0.10492997,0.023368913,1.64E-05,-0.053896181,0.042785117,0.00703908,1.11E-05,-0.018665762,0.029956527,0.003090944,8.56E-06,-0.043129719,0.057138557,0.003870904,9.65E-07,-0.020870563,0.025046555,0.001947233,-4.76E-08,-0.006395629,0.003943883,0.000945052,-1.70E-06,-0.003213411,0.003560435,0.000553526,-1.41E-07,-0.013320248,0.012932355,0.002377494,3.11E-06,-0.008063547,0.006537842,0.001318591,-1.15E-06,-0.010285558,0.011041539,0.001720851,-3.87E-07,-0.004969746,0.004147621,0.000945077,1.01E-06,-0.020628655,0.032154555,0.003115828,-6.60E-05,-0.005937292,0.011123674,0.000815869,-9.14E-07,-0.019651734,0.02188129,0.00310306,-4.60E-05,-0.004118476,0.012601019,0.000876457,6.69E-08,-0.01064799,0.025368739,0.002142641,-4.68E-05,-0.00529222,0.012207895,0.000775595,-1.24E-06
422,L,1,-0.307393919,0.174051198,0.07637485,-0.006000657,0.010923248,0.246227217,0.204135855,0.199306024,1.12E-08,0.267479533,0.02152577,0.006138221,-0.016251662,0.013967276,0.00585692,-0.000333268,-0.060399047,0.01258832,0.030427417,-0.027432106,0.021652502,0.075461436,0.052614933,0.051915626,0.011730353,0.400974754,0.129495907,0.101816128,0.003140215,0.397378547,0.113880162,0.079513935,0.005251247,0.213178037,0.061648184,0.050464459,-0.205241608,0.276989216,0.043743959,-0.000759768,-0.108340115,0.14124699,0.022599589,-1.63E-05,-0.047536937,0.046563363,0.006953123,-1.11E-05,-0.020997564,0.029956527,0.003101151,7.47E-06,-0.060744392,0.06719156,0.003873041,-1.14E-06,-0.02566582,0.02638284,0.001920156,-1.80E-06,-0.006395629,0.003898099,0.00094769,-2.22E-06,-0.003213411,0.003255309,0.000547906,-2.71E-07,-0.016008891,0.013938292,0.002355317,-2.46E-07,-0.010421162,0.007037784,0.001348711,-1.38E-06,-0.009337871,0.010939181,0.001579427,9.94E-07,-0.005332264,0.005759891,0.000883032,1.34E-06,-0.020628655,0.023177861,0.002944311,6.28E-05,-0.004618733,0.005075451,0.000688612,-1.68E-06,-0.019651734,0.02188129,0.002971402,7.48E-05,-0.004047683,0.012529693,0.000729156,-1.48E-06,-0.009438261,0.015535624,0.002145173,-1.43E-05,-0.004880372,0.005429683,0.000728608,-3.98E-07
422,L,2,-0.307393919,0.081427002,0.079276964,-0.016989088,0.018119129,0.246227217,0.203925923,0.198038196,9.58E-14,0.267479533,0.021460673,0.005801134,-0.017319723,0.013491784,0.005800161,-0.001363557,-0.057598092,0.015246145,0.02845097,-0.025266597,0.02242307,0.074180546,0.050841732,0.050112113,0.011730353,0.400974754,0.143182012,0.12071713,0.003758524,0.397378547,0.123047559,0.092906493,0.005251247,0.213178037,0.073214662,0.06143264,-0.205241608,0.383891111,0.042136526,-2.56E-05,-0.155415704,0.188341564,0.022281767,-1.70E-05,-0.054698172,0.046563363,0.007033491,-7.07E-06,-0.020997564,0.026061373,0.003163875,9.65E-06,-0.060744392,0.06719156,0.003853499,3.10E-07,-0.02566582,0.02638284,0.001900059,-1.48E-06,-0.006607343,0.004068717,0.000956499,-1.05E-06,-0.002813703,0.003727946,0.000551477,2.07E-07,-0.016008891,0.013938292,0.002324845,8.28E-07,-0.010421162,0.007037784,0.001331255,8.90E-08,-0.010468823,0.010939181,0.001513745,-1.40E-06,-0.005332264,0.005759891,0.000845919,7.41E-07,-0.015987799,0.019636188,0.00275243,-8.03E-06,-0.003671031,0.008432855,0.00067249,-1.86E-07,-0.01175388,0.016572622,0.002717486,-4.91E-06,-0.004047683,0.012529693,0.000647814,-7.24E-07,-0.014391302,0.015535624,0.002312395,-6.27E-06,-0.004861572,0.008244843,0.000762046,8.95E-07
422,M,0,-0.146475641,0.34135445,0.052385549,0.011777955,0.001329086,0.240521969,0.181149706,0.171359578,1.20E-10,0.205514419,0.016214516,0.004176847,-0.014351493,0.014596584,0.005333821,5.29E-05,-0.057368616,0.023526941,0.028692532,-0.023951121,0.023767193,0.073052566,0.049165666,0.048075179,0.009318831,0.808733088,0.171536497,0.119420428,0.001498745,0.79954743,0.120368913,0.074576237,0.006555762,0.603882542,0.122213316,0.081862473,-0.257202685,0.299440552,0.053711038,0.000169687,-0.178899981,0.153083094,0.026976358,2.21E-05,-0.051969117,0.040947207,0.008706834,-2.48E-06,-0.018519102,0.027464025,0.003768867,4.91E-06,-0.0216372,0.052939733,0.002230696,3.09E-07,-0.024408231,0.023228989,0.001341427,-5.59E-08,-0.005227063,0.004696675,0.001029903,2.67E-06,-0.002696086,0.002548366,0.000600028,-1.34E-07,-0.014471284,0.016058098,0.003019338,-7.72E-06,-0.009281902,0.008938702,0.001627874,2.05E-08,-0.012335396,0.011223167,0.00188862,6.48E-06,-0.007236985,0.005883337,0.001054052,1.80E-06,-0.048463448,0.035342945,0.005597589,-7.60E-06,-0.007625135,0.011599266,0.001063829,-3.64E-07,-0.048672866,0.033611247,0.005238311,-9.64E-06,-0.008758038,0.019621944,0.001208298,8.88E-07,-0.020727133,0.029300616,0.00419265,-4.01E-06,-0.006124519,0.01034113,0.000980698,-7.59E-07
422,M,1,-0.146475641,0.178718796,0.048785466,0.026082896,0.010763818,0.240521969,0.195080817,0.188945273,7.50E-08,0.249562169,0.03804333,0.014123547,-0.016808266,0.014596584,0.005788232,0.001232061,-0.057697848,0.017057523,0.030553719,-0.027918846,0.025033297,0.074744168,0.052068883,0.051360666,0.009318831,0.347457026,0.118926415,0.097499012,0.001498745,0.33767915,0.08545749,0.062323055,0.006555762,0.294480927,0.082707373,0.06601129,-0.243185798,0.238341461,0.051751857,9.09E-05,-0.140268797,0.123292067,0.027153153,-9.25E-06,-0.052171833,0.047159998,0.008928216,-7.05E-07,-0.018359093,0.028471649,0.003961314,1.30E-05,-0.039832136,0.062376108,0.005206975,3.54E-05,-0.024326128,0.026085555,0.002428064,-2.07E-06,-0.005249604,0.004696675,0.001096116,-5.80E-07,-0.003121551,0.0035478,0.000633614,4.91E-08,-0.012948504,0.016058098,0.002811549,1.98E-06,-0.007548599,0.008938702,0.001532352,-4.16E-09,-0.012335396,0.0101188,0.001907224,-1.28E-06,-0.007236985,0.005086935,0.001050007,9.81E-07,-0.02163209,0.029734888,0.003944674,2.04E-06,-0.005391832,0.009907951,0.00088012,-6.91E-07,-0.015908716,0.019632881,0.00329452,-3.74E-06,-0.00343124,0.011598059,0.000788895,1.07E-06,-0.018087682,0.027958649,0.003164729,2.76E-06,-0.005752559,0.01034113,0.000857829,-1.32E-06
422,M,2,-0.123800716,0.178718796,0.044056912,0.023454273,0.013362432,0.248071484,0.198454536,0.193032231,1.39E-08,0.249562169,0.039046774,0.014975636,-0.016808266,0.011904166,0.004976352,0.001036101,-0.061630639,0.013550156,0.03046937,-0.027513068,0.019323641,0.074744168,0.051280607,0.050510648,0.013622276,0.347457026,0.111869019,0.093244736,0.002031767,0.33767915,0.082042818,0.060343968,0.007694828,0.294480927,0.076050335,0.061431932,-0.230557403,0.229347828,0.046390858,-0.000101767,-0.13511664,0.123292067,0.024511476,-5.19E-05,-0.052171833,0.047159998,0.008179917,-8.80E-06,-0.018342758,0.028471649,0.003641627,1.34E-05,-0.039832136,0.062376108,0.005444259,-1.28E-06,-0.024326128,0.026085555,0.002564681,-7.50E-07,-0.005249604,0.004487016,0.001018103,-2.16E-06,-0.003121551,0.0035478,0.000592231,-3.28E-07,-0.015202446,0.015586308,0.002596678,2.81E-06,-0.007286739,0.007642301,0.001433112,6.26E-07,-0.010605603,0.012952106,0.001784198,-3.60E-06,-0.005559841,0.004547118,0.000958797,-5.12E-07,-0.023078555,0.019815761,0.003353923,1.51E-05,-0.005636062,0.010159903,0.000832632,2.27E-07,-0.016016464,0.019632881,0.003104271,3.82E-06,-0.004172236,0.011601485,0.000817154,-5.86E-07,-0.018797133,0.019780505,0.002587997,1.47E-05,-0.004581378,0.005686189,0.000758383,1.88E-07
423,H,0,-0.252906515,0.119262724,0.080054177,-0.051565762,0.004003381,0.243615577,0.16785055,0.156010731,1.84E-13,0.18825715,0.030166369,0.014841481,-0.019158257,0.010894287,0.007332557,-0.004597959,-0.045495104,0.019489216,0.024126024,-0.019735806,0.023746983,0.062906632,0.046576255,0.046049577,0.021238168,1.089949857,0.344183184,0.261338342,0.002518824,0.446427432,0.135986217,0.10651173,0.007558294,0.995580483,0.316180033,0.220248534,-0.487819766,0.332121599,0.06515339,-0.000244204,-0.20262836,0.14683463,0.033581948,-6.13E-05,-0.053341653,0.040400664,0.007879767,-3.16E-05,-0.020549709,0.02576979,0.003465806,1.01E-06,-0.032685309,0.035171096,0.004643089,-5.09E-06,-0.018832451,0.019907749,0.002421789,2.20E-06,-0.006110362,0.005042535,0.001297953,1.71E-06,-0.00329894,0.003415638,0.000720015,-3.24E-06,-0.015524082,0.01459069,0.002546576,5.74E-06,-0.007831251,0.008100568,0.001408872,1.53E-06,-0.008748186,0.009151377,0.001582007,-3.40E-06,-0.005171547,0.004268101,0.000934563,9.61E-07,-0.089596388,0.095038098,0.01451999,0.000131402,-0.019333912,0.038147452,0.003138663,-3.93E-06,-0.038046315,0.043691744,0.006685269,0.000106645,-0.00943114,0.022655822,0.001999894,-2.45E-06,-0.098213782,0.111934424,0.014780004,8.02E-05,-0.021007564,0.068223034,0.003679053,3.30E-06
423,H,1,-0.252906515,0.086047236,0.081335405,-0.061599089,0.004003381,0.244746483,0.181022756,0.172193591,3.97E-06,0.184295138,0.033653672,0.022544687,-0.018513807,0.008796141,0.007043068,-0.004976169,-0.045438624,0.018971731,0.022459231,-0.019522949,0.023746983,0.062683093,0.046259082,0.045831263,0.027091721,1.089949857,0.32969257,0.267613166,0.002518824,0.466209057,0.150977799,0.122742188,0.007558294,0.995580483,0.293091957,0.223431484,-0.487819766,0.332121599,0.06224459,-0.000291777,-0.20262836,0.157418519,0.030942146,7.47E-06,-0.052883512,0.038263704,0.006853372,4.40E-05,-0.020549709,0.025714592,0.003134372,3.15E-06,-0.032213869,0.03328143,0.004031338,4.84E-06,-0.013407393,0.018371657,0.002192944,-1.23E-06,-0.006193034,0.004983987,0.001258149,-1.48E-06,-0.00329894,0.003442526,0.000698585,-1.59E-06,-0.013207956,0.012493875,0.002139547,-8.99E-06,-0.008413768,0.006603922,0.001254337,7.47E-07,-0.006886812,0.006828692,0.001415591,2.77E-06,-0.00381334,0.004268101,0.00083218,1.08E-06,-0.089596388,0.095038098,0.012598383,-5.41E-05,-0.019333912,0.038147452,0.002756649,-2.18E-05,-0.038046315,0.043691744,0.006200018,4.11E-06,-0.00943114,0.022655822,0.001791112,-5.49E-06,-0.098213782,0.111934424,0.013057396,-5.51E-05,-0.021007564,0.068223034,0.003394716,-2.13E-05
423,H,2,-0.251042975,0.047770348,0.078600899,-0.068291692,0.008469585,0.244746483,0.18528097,0.17724568,4.30E-05,0.184295138,0.041032584,0.030640425,-0.01879435,0.009369486,0.007308422,-0.004794338,-0.039653999,0.026226916,0.020874121,-0.018394113,0.023753347,0.062035117,0.045631509,0.045281804,0.015900178,0.846355408,0.304221622,0.273065602,0.003715511,0.466209057,0.135812425,0.109394195,0.005522182,0.777920048,0.272223769,0.238260024,-0.395144243,0.284010266,0.058963289,-0.000649606,-0.163450671,0.157418519,0.031117945,6.75E-06,-0.050848466,0.046241112,0.007102618,6.24E-05,-0.019396957,0.025714592,0.003268423,1.16E-06,-0.034403023,0.03328143,0.005162374,3.25E-06,-0.014556326,0.018371657,0.002632532,5.63E-07,-0.006193034,0.005582827,0.001233602,-1.53E-06,-0.002830946,0.003442526,0.000678952,9.08E-07,-0.013207956,0.012802446,0.001962637,-1.17E-05,-0.008413768,0.006603922,0.001144262,3.47E-07,-0.008309856,0.009165106,0.001346177,3.60E-06,-0.003899422,0.00555896,0.000808831,-2.26E-07,-0.071733368,0.064235724,0.011858822,2.78E-05,-0.018884788,0.043444491,0.003162359,-3.10E-05,-0.036805343,0.029001711,0.005250304,-4.32E-05,-0.008479416,0.02331538,0.001560853,-9.17E-06,-0.076745271,0.084032525,0.012435195,7.32E-05,-0.020252536,0.066169804,0.003735802,-3.70E-05
423,L,0,-0.196548239,0.051739596,0.067808708,-0.049257381,0.001942158,0.240860197,0.184908067,0.178236496,4.51E-08,0.023717727,0.007204278,0.0050841,-0.022620836,0.012128475,0.007360427,-0.003950492,-0.044450058,0.018806991,0.023771983,-0.021253027,0.023895968,0.061248813,0.046507592,0.046084724,0.014367587,1.30544936,0.265540867,0.174706668,0.002393163,0.458200588,0.114778864,0.079892335,0.009236016,1.222395293,0.239453053,0.139936784,-0.311440325,0.268092472,0.051235454,0.000116497,-0.176315497,0.191540439,0.027120313,-7.87E-06,-0.059131431,0.049942471,0.006543748,6.59E-05,-0.023595574,0.027730415,0.003035533,1.67E-06,-0.006529516,0.006817782,0.0021097,2.69E-06,-0.004856499,0.004368653,0.00143657,-1.43E-06,-0.005933457,0.004674636,0.001179118,-4.20E-06,-0.003275252,0.002794315,0.000661677,-3.61E-07,-0.015166327,0.013408698,0.002169107,-1.03E-05,-0.009795524,0.007413981,0.001250659,6.48E-07,-0.008838806,0.008266303,0.001419154,7.48E-06,-0.004604168,0.004702923,0.000851328,-1.57E-07,-0.06953724,0.077057313,0.011190494,-0.000299347,-0.014932314,0.0232254,0.002014661,-1.24E-05,-0.032469147,0.031153482,0.004689037,-0.000101526,-0.006792266,0.021337262,0.001148993,-5.41E-06,-0.06550489,0.080739215,0.010881782,-0.000281693,-0.015087548,0.058933773,0.002306022,-1.15E-05
423,L,1,-0.196548239,0.05903779,0.069379006,-0.055866861,0.003466775,0.240189717,0.190454422,0.185001415,1.42E-07,0.020892747,0.007865129,0.005957556,-0.020036552,0.012128475,0.006977992,-0.002953008,-0.043797314,0.018213958,0.022091427,-0.020166229,0.026237823,0.061082936,0.045433839,0.045101263,0.014365831,0.889201938,0.227379458,0.173163891,0.002693129,0.38632625,0.12854118,0.104317788,0.011555321,0.820070891,0.187559545,0.120545131,-0.311176924,0.268092472,0.051967335,-0.000186569,-0.176315497,0.191540439,0.028212507,-2.05E-05,-0.056777404,0.049942471,0.006167535,1.50E-05,-0.019407198,0.025952865,0.002860516,1.18E-06,-0.006649123,0.006677038,0.002141896,2.44E-06,-0.005031046,0.004198464,0.001449057,7.61E-07,-0.005933457,0.005876432,0.001127702,-1.01E-06,-0.003275252,0.002794315,0.000657009,1.03E-06,-0.011321587,0.012859906,0.00189574,2.73E-06,-0.006004202,0.005618216,0.001098313,8.73E-07,-0.008838806,0.006399597,0.001290417,-2.38E-06,-0.00423413,0.004307551,0.000788798,-3.36E-07,-0.05541722,0.066117549,0.008759216,3.35E-05,-0.011067669,0.03430922,0.001754546,-5.26E-06,-0.028360626,0.029271795,0.003997125,9.18E-06,-0.005521555,0.017721339,0.000974142,-2.82E-06,-0.051468379,0.080739215,0.008674866,3.13E-05,-0.011628543,0.058933773,0.002152326,-4.91E-06
423,L,2,-0.240122223,0.05903779,0.06084413,-0.04733586,0.003144578,0.241744485,0.194173498,0.188842272,3.85E-08,0.161269665,0.02745783,0.014403311,-0.020265271,0.01118512,0.007269271,-0.003271598,-0.049774017,0.021772497,0.020665557,-0.018622768,0.023663292,0.06379302,0.045043577,0.044733694,0.014365831,0.889201938,0.228159676,0.174419799,0.001794691,0.419055267,0.133307836,0.104461915,0.01301695,0.820070891,0.185164409,0.122066216,-0.320688487,0.254855528,0.052352495,-1.21E-05,-0.164232565,0.198423966,0.028469304,1.28E-05,-0.056777404,0.047235172,0.006594976,-8.72E-06,-0.019407198,0.025952865,0.003045015,9.27E-07,-0.035501357,0.040752589,0.004472094,4.71E-06,-0.024480195,0.019367297,0.002432095,1.84E-06,-0.006513712,0.005952439,0.001191907,-1.08E-06,-0.002653157,0.003212132,0.000664122,-1.16E-06,-0.011732524,0.01672295,0.002004643,-3.72E-06,-0.00768673,0.00897028,0.001152801,9.96E-07,-0.007598179,0.010410943,0.001297247,1.60E-06,-0.00429216,0.005396053,0.00080676,1.87E-07,-0.056623187,0.066117549,0.008754512,3.66E-05,-0.014763367,0.03430922,0.00175598,-3.67E-06,-0.02605187,0.027483697,0.004267016,4.60E-05,-0.005365075,0.022652578,0.001079836,-1.28E-06,-0.053995473,0.064401703,0.008518448,-2.11E-07,-0.013950953,0.034254436,0.001861813,-3.75E-06
423,M,0,-0.209677713,0.141492168,0.072526254,-0.051910885,0.007674768,0.245701877,0.18348138,0.17574526,2.95E-07,0.149998493,0.030238197,0.015121656,-0.020543017,0.009415245,0.006645207,-0.003352665,-0.046582906,0.024824824,0.022078104,-0.01943268,0.023889685,0.065932398,0.045615768,0.045261336,0.016002009,1.199235301,0.290382264,0.206926608,0.002876672,0.481794478,0.138122265,0.110528053,0.009231427,1.166741069,0.255429245,0.154332512,-0.29842125,0.345516429,0.055531616,-4.76E-06,-0.180785364,0.189926648,0.031473735,-6.77E-05,-0.055438488,0.048744007,0.007135615,2.05E-05,-0.021511218,0.025724409,0.003247443,-2.29E-06,-0.034959512,0.031803225,0.004875561,1.34E-05,-0.017441759,0.014329696,0.002432928,3.50E-07,-0.005605151,0.006106056,0.001198885,-4.56E-06,-0.003220184,0.003660206,0.000679621,1.36E-06,-0.011867857,0.016178693,0.002196589,2.78E-06,-0.007001641,0.008537064,0.001241646,1.01E-06,-0.006759515,0.008846207,0.001366195,-2.84E-07,-0.004715827,0.00557325,0.000839783,-4.36E-07,-0.054599773,0.063455138,0.010589477,-8.11E-05,-0.010216802,0.013857839,0.001684184,-1.19E-05,-0.025375123,0.030955785,0.004805432,-9.60E-06,-0.004843037,0.020778344,0.001193467,-5.24E-06,-0.053941395,0.061964332,0.010290789,-8.32E-05,-0.010559063,0.016396788,0.001710514,-1.06E-05
423,M,1,-0.161347128,0.102482937,0.070927147,-0.055006867,0.011085879,0.242135285,0.189345844,0.184243253,2.95E-07,0.148409557,0.022652801,0.011580592,-0.020543017,0.009415245,0.007195282,-0.003722516,-0.04498247,0.019737058,0.023122063,-0.021126139,0.024265958,0.065932398,0.046760613,0.046455861,0.017797017,0.855739564,0.217837565,0.179049546,0.002876672,0.437490591,0.134184224,0.106119635,0.007747023,0.805734925,0.171603609,0.12533776,-0.274537837,0.255063837,0.050324885,0.0001545,-0.180785364,0.157623355,0.028849324,-2.44E-05,-0.050221343,0.048744007,0.006544565,5.65E-05,-0.01852547,0.020647022,0.002951577,-1.96E-06,-0.033469147,0.031803225,0.0041343,8.60E-07,-0.017441759,0.01265907,0.002143072,6.16E-07,-0.004802229,0.006106056,0.001170225,2.33E-06,-0.00252781,0.003536285,0.000640757,-9.77E-08,-0.011742516,0.012177654,0.002043012,-1.02E-05,-0.006081213,0.006973619,0.00115591,5.09E-07,-0.00704881,0.006804072,0.001325995,4.05E-06,-0.003422707,0.003980108,0.000802377,9.92E-08,-0.041747407,0.062502161,0.008092592,-9.73E-05,-0.01049429,0.034051383,0.001730663,1.70E-06,-0.023155298,0.029975516,0.004478645,-1.62E-05,-0.004843037,0.019363721,0.001104865,4.40E-07,-0.040329186,0.060802135,0.007942839,-0.000101131,-0.011946553,0.044124357,0.001950274,2.00E-06
423,M,2,-0.202999354,0.026604808,0.07943584,-0.069530383,0.011085879,0.234423007,0.185629633,0.17959031,4.88E-07,0.042597699,0.009359661,0.006749029,-0.019586864,0.009379937,0.007302763,-0.004677666,-0.04304598,0.019737058,0.024267332,-0.022178651,0.024265958,0.063428697,0.047529952,0.047152177,0.015535173,0.730056228,0.22971775,0.203600641,0.001942497,0.437490591,0.115359772,0.088820884,0.007747023,0.656545028,0.198651372,0.170906437,-0.290844933,0.267076152,0.055527685,-0.000149266,-0.167609862,0.172926066,0.030327192,7.31E-06,-0.048755663,0.048175964,0.00635977,2.18E-05,-0.017452455,0.020217792,0.002837073,-7.92E-07,-0.007951762,0.007662528,0.002110758,-1.04E-05,-0.004647356,0.004421943,0.001411452,-1.34E-06,-0.004945403,0.006512081,0.001162019,1.36E-06,-0.002876907,0.003842079,0.00062896,-7.05E-07,-0.011742516,0.014930829,0.002067273,-9.91E-08,-0.00703987,0.006973619,0.001166717,1.29E-06,-0.00704881,0.006611901,0.001304437,-6.29E-07,-0.003422707,0.004145975,0.000771913,-2.58E-07,-0.041747407,0.062502161,0.009041247,3.32E-05,-0.01049429,0.041363403,0.002372517,-9.18E-06,-0.022578483,0.029975516,0.004699089,-6.64E-06,-0.004439171,0.020768673,0.001287714,-4.46E-06,-0.046249363,0.060802135,0.00908176,3.62E-05,-0.011946553,0.044124357,0.002683089,-8.66E-06
424,H,0,-0.139413804,0.210184378,0.090784911,-0.077190148,0.006192087,0.222832663,0.167245811,0.159370279,8.94E-11,0.193394175,0.03761098,0.016163156,-0.019912666,0.010918091,0.004564806,4.21E-05,-0.049627032,0.028890001,0.019680405,-0.015676604,0.022474759,0.065805476,0.046557601,0.046101349,0.012496898,0.641417965,0.145075373,0.107721879,0.002180667,0.341559997,0.081785669,0.05246922,0.007405329,0.638764056,0.11982474,0.081827783,-0.308981481,0.25870195,0.048406075,-0.000896773,-0.165936227,0.178212858,0.027383335,-1.45E-05,-0.045744042,0.044749957,0.006633518,-7.84E-06,-0.017668535,0.026446635,0.003113052,1.37E-06,-0.036522369,0.040404578,0.004719976,2.25E-05,-0.020356396,0.015829418,0.002234006,4.28E-06,-0.007123599,0.006491754,0.00108976,-9.65E-07,-0.003826528,0.004695656,0.000637073,-4.78E-07,-0.013486825,0.011925035,0.002165159,4.78E-06,-0.007772714,0.007445643,0.001195532,-6.47E-07,-0.009126338,0.00800032,0.00150507,-3.48E-06,-0.005720024,0.005665228,0.000906298,1.90E-06,-0.02572829,0.029834113,0.003676282,-2.21E-05,-0.010140967,0.011529345,0.001225559,1.17E-08,-0.010739814,0.013061641,0.002036304,-2.48E-05,-0.003447532,0.006279163,0.000638147,5.21E-07,-0.025781464,0.030614081,0.003856269,1.38E-06,-0.010092589,0.01661475,0.001464377,-2.08E-06
424,H,1,-0.167085943,-0.036534977,0.103000761,-0.101993659,0.006192087,0.215257624,0.174475197,0.170302207,1.43E-06,0.193394175,0.040034483,0.017671517,-0.013544038,0.010222514,0.004101119,0.000220232,-0.034294777,0.028890001,0.020256057,-0.017815554,0.02547176,0.067042607,0.048609187,0.048202297,0.012496898,0.175031009,0.074527279,0.066242859,0.002350879,0.108826501,0.045142751,0.037185101,0.005154237,0.171416128,0.05929964,0.047021254,-0.235445209,0.209979402,0.037241486,3.65E-05,-0.123017844,0.148671508,0.02226289,-1.26E-05,-0.045744042,0.044749957,0.00567199,-8.54E-06,-0.017992602,0.027278463,0.002905732,2.23E-06,-0.036522369,0.038542916,0.004531266,-1.34E-06,-0.020356396,0.014772972,0.002154387,-4.89E-07,-0.007123599,0.006491754,0.0009938,-1.61E-06,-0.003826528,0.004695656,0.000592635,-7.10E-08,-0.013486825,0.011171308,0.001832036,3.68E-06,-0.007772714,0.005758857,0.001047271,2.06E-07,-0.009126338,0.008020605,0.001311589,-1.69E-06,-0.004782908,0.005613417,0.0008019,3.01E-07,-0.013823383,0.013070743,0.002373254,2.11E-07,-0.003589274,0.007019826,0.000868935,-3.42E-07,-0.008794574,0.012933939,0.001655869,-3.56E-06,-0.00258007,0.006279163,0.000553457,-4.20E-07,-0.013233761,0.013480477,0.002476942,1.31E-06,-0.003967253,0.00737706,0.001029464,-1.70E-07
424,H,2,-0.181215331,-0.056396391,0.108891021,-0.107945156,0.009393965,0.214587776,0.171586661,0.167191906,3.12E-07,0.20166286,0.035523788,0.014496165,-0.012300757,0.010058313,0.004016806,0.000495084,-0.034294777,0.027139333,0.020318322,-0.017979323,0.025811797,0.067042607,0.049025625,0.048586753,0.012327346,0.191636645,0.072925544,0.063750544,0.002375502,0.108826501,0.043420787,0.035619563,0.005154237,0.190677612,0.058589848,0.045842788,-0.187825451,0.209979402,0.035038794,-1.53E-05,-0.123017844,0.148671508,0.021002208,2.50E-06,-0.043823226,0.049388189,0.005485023,-1.52E-05,-0.021756177,0.027278463,0.002734954,2.06E-06,-0.038606993,0.038996042,0.00362371,-2.68E-05,-0.013520145,0.019990434,0.001799237,-3.70E-06,-0.004893302,0.004057771,0.000971009,1.11E-08,-0.002523534,0.002880635,0.00057226,-1.29E-07,-0.0125534,0.012399739,0.001918064,6.15E-06,-0.006899859,0.005758857,0.00107162,-2.85E-07,-0.007918851,0.008224491,0.001293551,-2.59E-06,-0.003529219,0.004983734,0.000755558,-2.35E-07,-0.013760363,0.015448511,0.002583465,-6.01E-06,-0.004851257,0.008671833,0.000931141,-1.95E-06,-0.008794574,0.012933939,0.001592349,-1.63E-05,-0.002207099,0.004829841,0.000547498,-1.05E-06,-0.013574496,0.015937558,0.002728382,7.52E-06,-0.004934466,0.010108262,0.001067952,-2.45E-06
424,L,0,-0.194381106,0.223037574,0.116772969,-0.105744862,0.012205107,0.221051217,0.17826855,0.173690147,3.50E-07,0.235632498,0.037941375,0.015407882,-0.015910347,0.012728356,0.004644807,0.000526767,-0.044196386,0.026859901,0.024187021,-0.021568424,0.022759261,0.065636235,0.050219473,0.049805405,0.008494387,0.37836461,0.095631567,0.070481931,0.003158039,0.372360158,0.066019124,0.041231794,0.005931148,0.3610711,0.069187223,0.047538139,-0.324223606,0.296109402,0.050156841,-0.001148734,-0.212127625,0.149961372,0.02883361,-3.41E-06,-0.046939282,0.040667326,0.005519336,1.26E-06,-0.019433081,0.026866616,0.002708029,2.42E-06,-0.048965548,0.039048507,0.005068724,3.08E-06,-0.01671835,0.018913547,0.002280354,-7.45E-07,-0.005744322,0.006136796,0.001055841,-1.79E-06,-0.002936257,0.00358461,0.000609437,-1.06E-07,-0.01624052,0.01685497,0.002107631,-5.36E-06,-0.01158585,0.00899748,0.00120044,1.38E-06,-0.009833379,0.010054533,0.001440135,3.43E-06,-0.005084575,0.005956647,0.000860209,9.34E-07,-0.022066106,0.025022091,0.003071189,-7.98E-05,-0.004665758,0.014352893,0.00105762,2.04E-07,-0.024862987,0.026972221,0.00248175,-3.70E-07,-0.00672901,0.019472206,0.000811846,-1.61E-06,-0.023419829,0.024994896,0.003238578,-8.37E-05,-0.007902007,0.016010241,0.00121274,1.42E-06
424,L,1,-0.208185234,-0.041132433,0.133604128,-0.131799642,0.007199906,0.224539848,0.18594992,0.182936323,2.30E-07,0.235632498,0.037251766,0.014485378,-0.015700753,0.011936318,0.004207655,0.000827289,-0.045444466,0.023241914,0.024443725,-0.022482931,0.027333991,0.068849201,0.051294678,0.05097064,0.008494387,0.204387751,0.064448748,0.056899162,0.001941784,0.141787513,0.038129663,0.028339849,0.00444785,0.171240879,0.05195931,0.044404398,-0.299026924,0.275311395,0.04358867,-4.05E-05,-0.154580233,0.148221691,0.025166803,-4.58E-05,-0.043091974,0.050941185,0.005126314,-3.39E-05,-0.017575078,0.026866616,0.002555155,4.24E-06,-0.048965548,0.039048507,0.004842341,5.55E-06,-0.01671835,0.018913547,0.002181731,7.93E-07,-0.005673754,0.005441458,0.000967647,8.83E-07,-0.002787917,0.003655621,0.000578238,-6.77E-07,-0.01624052,0.01685497,0.002269168,9.31E-06,-0.01158585,0.00899748,0.00132754,1.06E-06,-0.009833379,0.009155222,0.001354453,-6.38E-06,-0.005084575,0.004958561,0.0008229,1.15E-06,-0.015020943,0.019140096,0.00236229,1.30E-05,-0.004493292,0.006588896,0.000929855,-1.77E-06,-0.009190105,0.013080902,0.001678696,2.90E-06,-0.00309199,0.007674954,0.000625102,-4.76E-07,-0.014010641,0.019810502,0.002390712,1.22E-05,-0.004581095,0.011530723,0.001035026,-1.72E-06
424,L,2,-0.208185234,-0.085110216,0.135918896,-0.134555528,0.007199906,0.224539848,0.184890081,0.18038351,2.30E-07,0.017490255,0.005256729,0.003764469,-0.012174922,0.01069965,0.003450169,0.001087251,-0.045444466,0.017990267,0.023780609,-0.021468242,0.025938963,0.068849201,0.050787404,0.050409943,0.007872271,0.204387751,0.058140068,0.051254182,0.001941784,0.118636521,0.035276559,0.028579152,0.00444785,0.171240879,0.046215061,0.037642765,-0.299026924,0.234363944,0.039800117,-3.56E-05,-0.138668386,0.148221691,0.02330448,-2.91E-05,-0.04124018,0.050941185,0.005203421,-7.93E-06,-0.018695039,0.02137594,0.002473802,3.94E-06,-0.00573732,0.005579848,0.001635266,-6.79E-07,-0.00410913,0.003899878,0.001126888,-7.34E-08,-0.004904717,0.00539929,0.000902078,-1.47E-07,-0.002315478,0.003655621,0.000542808,-1.00E-06,-0.015026604,0.011542969,0.002092424,-2.46E-06,-0.008394683,0.006859057,0.00121337,-5.80E-07,-0.007067688,0.009155222,0.001218599,-1.35E-06,-0.004908185,0.004077793,0.000715891,1.22E-06,-0.015020943,0.019140096,0.002193789,-1.73E-06,-0.004493292,0.006518033,0.000844637,-1.27E-06,-0.009190105,0.013080902,0.001462475,-2.44E-06,-0.00309199,0.007674954,0.000610361,5.35E-07,-0.014010641,0.019810502,0.002413107,-2.79E-07,-0.004457181,0.011530723,0.001003921,-1.90E-06
424,M,0,-0.185784959,-0.011522594,0.105843785,-0.103268537,0.00487289,0.243154382,0.168108325,0.16148002,4.60E-07,0.218781278,0.026739201,0.010466474,-0.01563715,0.010075452,0.004037059,-0.00035588,-0.042617803,0.027317635,0.02096334,-0.016900268,0.023047727,0.064838518,0.048515302,0.048251324,0.009865757,0.300174896,0.094307399,0.078458102,0.00239943,0.176796054,0.060132847,0.048888571,0.006289493,0.272599118,0.072649337,0.054752603,-0.315309752,0.261831166,0.043952073,0.000154757,-0.121263621,0.160802525,0.025410752,-1.40E-05,-0.048951642,0.042693431,0.006707094,-2.36E-05,-0.019449829,0.028079584,0.00317976,-2.74E-06,-0.051921036,0.036047105,0.004067474,2.62E-06,-0.018691424,0.020238258,0.002016977,-1.92E-06,-0.004440584,0.005134226,0.000940061,5.00E-06,-0.002674309,0.003342529,0.000552982,-2.61E-07,-0.012951316,0.011596927,0.002013596,6.60E-06,-0.007319336,0.006697767,0.001093002,-1.51E-06,-0.009309173,0.008918195,0.001301693,-6.10E-06,-0.004300154,0.004933846,0.000760042,1.77E-06,-0.01809529,0.023981123,0.003586796,-2.71E-05,-0.00530617,0.006322694,0.001156179,-1.08E-06,-0.010992201,0.012226658,0.002146882,-1.39E-05,-0.003171165,0.003414243,0.000617275,-1.23E-06,-0.01779408,0.030762176,0.003710781,-3.22E-05,-0.005229459,0.009249545,0.00138243,-2.34E-07
424,M,1,-0.168229746,-0.04755261,0.110391895,-0.109575258,0.012653087,0.219075533,0.174235228,0.169171768,4.60E-07,0.218781278,0.034907416,0.014568959,-0.013111043,0.011301519,0.003853029,0.000876647,-0.039222427,0.027193024,0.021830539,-0.019224409,0.023252615,0.065381951,0.048883175,0.048615413,0.010539568,0.176010164,0.082552164,0.073538067,0.00239943,0.151810804,0.068482395,0.057779036,0.00514627,0.143985655,0.046097953,0.036601851,-0.199429395,0.191789402,0.035590881,-5.66E-05,-0.10895193,0.129682265,0.021132289,2.98E-06,-0.054441311,0.046894744,0.005653509,3.38E-05,-0.021352811,0.034531364,0.0028315,-3.40E-07,-0.051921036,0.036047105,0.004758511,-1.35E-06,-0.018691424,0.020238258,0.00222702,-6.62E-08,-0.004654125,0.004688226,0.00091006,-1.37E-06,-0.002275882,0.003185793,0.000547832,-3.93E-07,-0.012951316,0.01029878,0.001758181,-1.00E-05,-0.007064181,0.005398457,0.00100607,4.20E-07,-0.00880274,0.010795858,0.001189748,4.72E-06,-0.004705992,0.005894315,0.000698486,-2.74E-07,-0.014386036,0.016107404,0.002511284,1.30E-06,-0.005529073,0.007615985,0.000919445,-2.12E-06,-0.010992201,0.009824229,0.001842304,1.90E-05,-0.003171165,0.006018836,0.000590358,-1.46E-06,-0.013076824,0.016610426,0.002601836,-1.69E-05,-0.006017985,0.008615698,0.001147915,-1.76E-06
424,M,2,-0.210791102,-0.075061184,0.117933554,-0.11712121,0.015250424,0.214071253,0.176360294,0.172902438,2.19E-06,0.188470094,0.034745849,0.014416639,-0.013275761,0.012182598,0.004505726,0.00126155,-0.040720876,0.027193024,0.023305155,-0.022068875,0.023252615,0.065381951,0.049649704,0.049332946,0.010539568,0.18448998,0.084682315,0.075685632,0.001923715,0.151810804,0.06649031,0.054758283,0.00514627,0.154976374,0.052441711,0.042419987,-0.211369632,0.221154415,0.036953842,5.60E-05,-0.139903668,0.162977054,0.022104044,-2.32E-05,-0.054441311,0.046894744,0.004830922,-3.70E-05,-0.021352811,0.034531364,0.002409569,3.27E-06,-0.042221431,0.036120603,0.004742152,-2.45E-06,-0.018349015,0.015934625,0.002246333,4.99E-07,-0.004706425,0.004688226,0.0009727,-9.36E-07,-0.002275882,0.003185793,0.000576407,-7.08E-08,-0.011976628,0.00970496,0.001791395,7.33E-06,-0.00736231,0.005471605,0.0010665,7.26E-07,-0.00880274,0.010795858,0.001227599,-3.93E-06,-0.004705992,0.005894315,0.000728111,6.64E-07,-0.016142912,0.018913771,0.002462953,5.86E-06,-0.005529073,0.009736648,0.000997428,1.97E-08,-0.010334311,0.01059377,0.001878184,-1.14E-05,-0.003006088,0.008720606,0.000676517,8.95E-07,-0.01981548,0.022726774,0.002774411,2.55E-05,-0.006017985,0.018397575,0.001239553,-2.03E-07
425,H,0,-0.231479513,0.572276866,0.085914149,-0.047907877,0.00637311,0.201444038,0.154539454,0.146895085,5.90E-06,0.203028959,0.018704738,0.012836467,-0.029039182,0.010628934,0.007134061,-0.006088481,-0.119634849,0.025546741,0.01917125,-0.015511429,0.017112253,0.128784725,0.042731348,0.042195538,0.013203262,2.046701291,0.322319592,0.174498302,0.004437753,1.177444671,0.186887127,0.095384595,0.005930345,1.692069791,0.262608303,0.135219403,-1.158390816,0.88903332,0.078133088,0.000356731,-0.386030428,0.344156343,0.032525884,-2.40E-06,-0.048628442,0.043861753,0.005558696,7.80E-07,-0.018897251,0.026502131,0.002689659,1.90E-06,-0.053986359,0.046106839,0.003435556,-1.99E-06,-0.018857462,0.023448253,0.00192135,-1.57E-06,-0.006318219,0.006656184,0.001044901,8.67E-08,-0.003965979,0.004318361,0.000629069,5.72E-07,-0.014157472,0.034301236,0.002063441,5.31E-06,-0.012986515,0.016116639,0.001096775,9.07E-07,-0.034050634,0.014229027,0.001618118,-3.15E-06,-0.016293007,0.01405232,0.000926237,1.45E-06,-0.042403731,0.051552178,0.00665173,4.14E-05,-0.011161329,0.020653876,0.001617086,-8.83E-06,-0.030371356,0.047628248,0.004248085,-1.49E-06,-0.009221762,0.023483987,0.001107582,-3.50E-06,-0.042594969,0.060777648,0.006684583,5.93E-05,-0.01145432,0.016968875,0.001590264,-8.57E-06
425,H,1,-0.136506147,0.076174548,0.05434769,-0.050131197,0.00637311,0.196256439,0.167101367,0.1625207,3.22E-05,0.203028959,0.018721165,0.012953651,-0.016815927,0.007834771,0.006856779,-0.005498429,-0.034608374,0.024154774,0.0173806,-0.014963161,0.018499261,0.054719966,0.041426199,0.04104927,0.013203262,0.42520809,0.102704945,0.083766622,0.00431453,0.219887224,0.05753574,0.045716811,0.005649517,0.382545814,0.085076109,0.063346303,-0.28396033,0.376643236,0.04070271,8.80E-05,-0.184489986,0.185163906,0.021870039,1.91E-05,-0.048628442,0.043861753,0.004906145,4.08E-06,-0.018897251,0.026502131,0.00228854,-2.80E-06,-0.053986359,0.046106839,0.003435454,-6.58E-07,-0.018857462,0.023448253,0.001905449,2.05E-06,-0.004733909,0.00378173,0.000946584,-8.58E-08,-0.002394428,0.002613617,0.000560926,-1.30E-07,-0.014372648,0.012521732,0.001577715,-7.92E-07,-0.005705147,0.006361385,0.000876595,-2.31E-07,-0.008049175,0.011692897,0.001143479,1.94E-06,-0.005997419,0.006029417,0.000686466,5.98E-07,-0.030946502,0.037881608,0.003695647,-1.39E-05,-0.009322554,0.016194735,0.00112827,1.05E-07,-0.016370616,0.025520298,0.002123378,-1.34E-05,-0.005980973,0.012140804,0.000644685,4.88E-07,-0.031048563,0.032987227,0.003649591,-5.33E-06,-0.008290377,0.016968875,0.001225854,-3.37E-07
425,H,2,-0.136506147,0.030645531,0.054013477,-0.049777348,0.009924873,0.198093986,0.170687233,0.167986165,4.87E-06,0.099770504,0.017226221,0.012741679,-0.018955003,0.007834771,0.00840559,-0.006524551,-0.035777213,0.022026327,0.018224424,-0.016477032,0.023417639,0.055535781,0.041235559,0.040871029,0.018558068,0.42520809,0.118609229,0.099571686,0.00431453,0.205903944,0.081562806,0.065104217,0.005649517,0.382545814,0.086114214,0.064880548,-0.306842015,0.376643236,0.036704716,-2.52E-05,-0.184489986,0.200853516,0.020811752,-5.46E-05,-0.051285107,0.037354064,0.004227571,1.12E-05,-0.020362867,0.029676212,0.002094623,-5.84E-06,-0.016153904,0.017113012,0.002706292,-5.08E-06,-0.009034267,0.007928835,0.001601078,7.50E-07,-0.00472385,0.00378173,0.000984867,-9.38E-07,-0.002334774,0.002426607,0.000570099,-1.16E-06,-0.014372648,0.012521732,0.00156035,5.80E-07,-0.008587362,0.006361385,0.000900804,1.83E-07,-0.006352094,0.009213388,0.001091188,8.35E-07,-0.004822425,0.004717181,0.000638609,-6.95E-07,-0.025187764,0.036045704,0.002945014,-3.02E-07,-0.009322554,0.009275562,0.000837862,5.87E-06,-0.014367871,0.025520298,0.002022589,3.33E-05,-0.005980973,0.012140804,0.000585162,1.14E-06,-0.022430615,0.030543139,0.002898258,-2.36E-05,-0.008290377,0.012634923,0.000923252,5.46E-06
425,L,0,-0.220001243,0.451630635,0.084182437,-0.062756961,0.002979539,0.189027012,0.156299391,0.150491787,1.94E-07,0.164856527,0.015712877,0.008226285,-0.026636032,0.121878203,0.008133655,-0.005745199,-0.174016458,0.029959193,0.021818124,-0.018563029,0.019724895,0.242427252,0.043735396,0.042914614,0.009725103,0.905871631,0.152637381,0.108525977,0.001950538,0.278381439,0.080040641,0.062744355,0.004635427,0.876989391,0.129967942,0.075903827,-1.38831241,1.576329589,0.075585542,-0.000147105,-0.55716884,1.098274558,0.041383095,5.77E-05,-0.045280103,0.037407783,0.005563491,2.09E-06,-0.021636369,0.022974531,0.002763731,-5.25E-06,-0.052685376,0.050734574,0.003312911,2.38E-06,-0.041825569,0.027579516,0.002010439,-1.23E-06,-0.038640286,0.044076592,0.001945429,8.45E-08,-0.027905201,0.017904787,0.001141991,-7.79E-07,-0.049268267,0.053119852,0.003067509,3.31E-06,-0.020569166,0.034824043,0.001784689,6.54E-07,-0.064258537,0.065163518,0.002990289,-8.03E-07,-0.043913853,0.026511073,0.001804689,-5.01E-07,-0.053533277,0.027866918,0.004419602,-6.82E-05,-0.012393991,0.022284342,0.001309334,-3.40E-07,-0.041529961,0.027133646,0.003121254,4.02E-06,-0.010591184,0.016857252,0.000979001,1.01E-07,-0.057533428,0.033923609,0.004860143,-7.00E-05,-0.014197602,0.033981253,0.001556023,-5.59E-07
425,L,1,-0.171960898,0.061829,0.083664507,-0.08085649,0.002979539,0.189967544,0.166502605,0.162903544,9.81E-06,0.122977129,0.016830722,0.011989457,-0.020483143,0.004269819,0.008238931,-0.007491182,-0.030817396,0.029709124,0.020961058,-0.019193536,0.020315421,0.055480388,0.042990373,0.042759402,0.009725103,0.284618475,0.077908349,0.06525996,0.001950538,0.123542575,0.050568569,0.040159592,0.004635427,0.259458372,0.059266607,0.041338327,-0.356223235,0.428196296,0.036117114,0.000139462,-0.245721328,0.19256189,0.020207939,2.29E-05,-0.048635932,0.036708806,0.005202153,-2.36E-06,-0.016919913,0.025480127,0.002387139,-4.06E-06,-0.029196237,0.021900818,0.002905534,2.42E-06,-0.012956358,0.009981414,0.001649754,-3.63E-07,-0.004006605,0.003733516,0.000829623,-9.45E-07,-0.002214525,0.002480056,0.000500867,-6.80E-07,-0.011973392,0.014201639,0.00172194,2.66E-08,-0.00794979,0.005567855,0.000992136,5.46E-07,-0.0068568,0.011004442,0.001111399,-1.25E-06,-0.00585704,0.005556366,0.000698484,3.55E-07,-0.023842851,0.025872221,0.002182834,-8.33E-08,-0.005424252,0.010850428,0.000665779,7.04E-07,-0.007051993,0.008834531,0.001091843,-2.40E-05,-0.001713257,0.002446725,0.000357191,2.21E-07,-0.026291979,0.031966975,0.002476944,2.23E-05,-0.006079886,0.022707715,0.000865254,4.80E-07
425,L,2,-0.171960898,0.035418462,0.081132198,-0.078114214,0.006689526,0.194406155,0.16121873,0.156408887,5.45E-08,0.186834674,0.019105945,0.012911,-0.020483143,0.006333999,0.008144477,-0.006974977,-0.033144067,0.029709124,0.020300199,-0.017831078,0.021448949,0.052723076,0.041766098,0.04151764,0.020121334,0.300356094,0.094695303,0.085635265,0.002851207,0.157910357,0.055824756,0.046505136,0.005048159,0.259458372,0.076490503,0.060684155,-0.356223235,0.347171219,0.038400728,0.000101955,-0.149138709,0.187000813,0.020868608,-1.44E-05,-0.048635932,0.032794904,0.005325254,-8.68E-07,-0.016919913,0.025480127,0.002405089,-2.56E-06,-0.05219491,0.049788889,0.003574273,2.06E-06,-0.036873796,0.02363898,0.00207927,-5.43E-07,-0.004006605,0.004646091,0.0008698,-1.47E-06,-0.002322065,0.002516418,0.000521153,-4.64E-07,-0.013831792,0.012890936,0.001771666,-1.75E-06,-0.007393379,0.006715396,0.000971164,2.44E-06,-0.007627687,0.006818134,0.001134663,2.34E-06,-0.004165537,0.004089794,0.000700851,-8.24E-07,-0.020756819,0.025872221,0.002483548,3.64E-06,-0.005424252,0.010850428,0.000707509,8.60E-07,-0.01078424,0.011033849,0.001441184,5.47E-06,-0.003005083,0.003320468,0.00042765,-1.18E-07,-0.01877069,0.031966975,0.002568251,1.14E-06,-0.006079886,0.022707715,0.000871844,1.21E-06
425,M,0,-0.122487643,0.234593067,0.058227283,-0.037346186,0.008312995,0.186496154,0.144135447,0.136233937,2.65E-06,0.171943019,0.028423393,0.016608133,-0.021447085,0.007970217,0.004508055,-0.002199951,-0.037816864,0.032262274,0.021872031,-0.01737122,0.017321222,0.051811389,0.039210845,0.038880675,0.013940481,0.606179055,0.137577173,0.113552579,0.004623433,0.553751778,0.101789489,0.079738509,0.005452068,0.372022283,0.092554733,0.071187384,-0.281433851,0.329484145,0.046570861,-3.93E-05,-0.14110952,0.144705125,0.024695305,-7.68E-06,-0.04838032,0.041684432,0.005020582,1.29E-05,-0.020620739,0.020896608,0.002358979,-3.88E-06,-0.04872107,0.029440206,0.004308046,6.34E-06,-0.023018218,0.019219718,0.002240906,-1.97E-07,-0.00487375,0.005170215,0.000964482,5.82E-07,-0.002584097,0.002688407,0.000570998,-4.94E-07,-0.013563319,0.012305289,0.001814808,1.23E-06,-0.006488673,0.00623738,0.001007285,1.46E-06,-0.007263966,0.00980216,0.001210452,5.77E-07,-0.004271661,0.005117247,0.000775928,2.45E-08,-0.043812454,0.03640077,0.005049795,-3.86E-05,-0.007901926,0.024068977,0.001544701,3.20E-07,-0.034749681,0.056268107,0.004560648,-3.52E-05,-0.009556559,0.039839685,0.0015876,8.83E-07,-0.038605684,0.029434256,0.004383645,-1.63E-05,-0.007419119,0.023210457,0.001437882,5.55E-09
425,M,1,-0.179662389,0.001155478,0.06136992,-0.053111115,0.009706714,0.19383431,0.162435825,0.161404388,4.47E-06,0.171943019,0.03025125,0.019887386,-0.015706814,0.007970217,0.004605893,-0.002632454,-0.037816864,0.013164349,0.02237739,-0.021799136,0.018333842,0.054197101,0.041185138,0.041007675,0.013940481,0.292137269,0.086434155,0.075494499,0.005294909,0.21324759,0.065897742,0.056594362,0.005452068,0.214427343,0.055931661,0.043352984,-0.18239441,0.223153992,0.033028076,-7.78E-06,-0.14110952,0.126861133,0.019932205,-1.13E-05,-0.04838032,0.031397542,0.004265063,3.18E-06,-0.020620739,0.021909049,0.002067816,-2.50E-06,-0.04872107,0.029424988,0.004510473,-1.06E-05,-0.023018218,0.019219718,0.002270237,1.87E-06,-0.004442789,0.003571046,0.000804042,-1.93E-06,-0.002410605,0.002358765,0.000478389,-4.96E-07,-0.010607894,0.012305289,0.001444075,1.07E-06,-0.006488673,0.006188676,0.000845031,1.03E-06,-0.007263966,0.00980216,0.001049614,-1.24E-07,-0.004271661,0.005019945,0.000629044,-8.88E-08,-0.009949163,0.010191584,0.001581417,-1.72E-05,-0.003613183,0.003694474,0.000576056,4.29E-08,-0.009056787,0.008582631,0.001289447,-5.77E-06,-0.002946146,0.002533163,0.000424583,-1.03E-07,-0.005678045,0.00805376,0.001529458,-1.71E-05,-0.002858455,0.00332456,0.000644367,8.26E-08
425,M,2,-0.179662389,-0.001169604,0.073137701,-0.068123779,0.014868033,0.19383431,0.166478698,0.165676611,1.03E-05,0.171879551,0.021188824,0.015892565,-0.017485732,0.006673111,0.006625403,-0.005363143,-0.03235373,0.006061943,0.021892597,-0.02147086,0.022865578,0.054197101,0.041557728,0.041386234,0.015093289,0.292137269,0.098035988,0.089278816,0.005547847,0.21324759,0.073644545,0.066346119,0.005912152,0.214427343,0.064711173,0.055099344,-0.227986914,0.183313489,0.032871093,-0.000182214,-0.127689825,0.108236154,0.01916861,-1.09E-05,-0.039471032,0.032612824,0.003933535,2.30E-06,-0.014231118,0.021909049,0.001928276,3.07E-07,-0.032911373,0.029424988,0.003223015,-3.32E-06,-0.01454476,0.012274125,0.001751805,-7.66E-07,-0.003850024,0.003571046,0.000759811,-1.83E-06,-0.002367433,0.002014337,0.000447145,6.00E-08,-0.008154901,0.00873048,0.001338664,2.45E-07,-0.006358136,0.004207095,0.00080026,-1.59E-07,-0.006891309,0.005069945,0.001002454,6.06E-07,-0.003127561,0.003523897,0.000594474,-1.66E-07,-0.009949163,0.00993855,0.001343627,3.04E-05,-0.003613183,0.00307445,0.000511938,-3.57E-07,-0.009056787,0.008197648,0.001131658,1.45E-05,-0.002946146,0.002533163,0.000366834,9.09E-08,-0.005967025,0.006248082,0.001337943,2.68E-05,-0.002858455,0.002400123,0.000594634,-4.34E-07
426,H,0,-0.668212652,0.013926787,0.129213536,-0.096781911,0.012601946,0.200663511,0.153948776,0.147345005,5.42E-06,0.337036585,0.081656437,0.057888069,-0.116410247,0.008045064,0.008272868,-0.004465894,-0.101139859,0.021392646,0.022584773,-0.019603981,0.014512589,0.184775438,0.041592293,0.040493157,0.017663033,0.652634578,0.248953862,0.225795465,0.00363695,0.452758006,0.167112239,0.139985355,0.009022166,0.491108488,0.184530553,0.159871288,-1.45624276,2.186783,0.114599616,-7.26E-05,-0.936518607,1.24852045,0.064089705,8.73E-05,-0.03358166,0.037932783,0.004977063,-1.77E-05,-0.025559552,0.025735456,0.002393526,4.52E-06,-0.037241511,0.036756117,0.005190634,-6.84E-06,-0.015070012,0.013684521,0.002538698,5.01E-07,-0.030702428,0.030340515,0.001970787,1.39E-06,-0.013202917,0.01509594,0.001146671,-6.88E-07,-0.027416788,0.032766102,0.002644324,7.13E-06,-0.015337433,0.018507768,0.001571432,-2.88E-06,-0.040348671,0.044305898,0.002731231,-6.00E-06,-0.023532965,0.017298104,0.001616876,2.32E-06,-0.044737036,0.040875681,0.005982312,7.09E-06,-0.010347011,0.021246439,0.00153111,5.45E-06,-0.025608062,0.02609766,0.004613066,-1.54E-05,-0.005898192,0.017383834,0.001163652,6.24E-07,-0.037206809,0.050496511,0.006147276,1.88E-05,-0.012641353,0.030962507,0.002071399,7.56E-06
426,H,1,-0.668212652,0.021675086,0.104472379,-0.068396066,0.0148605,0.204435476,0.15816402,0.152397242,3.24E-06,0.317702111,0.08007853,0.057310513,-0.116410247,0.009666436,0.007785377,-0.003508824,-0.101139859,0.021392646,0.021288202,-0.018793593,0.014512589,0.184775438,0.040455228,0.039440359,0.010942768,0.652634578,0.229643206,0.189263317,0.00363695,0.46117869,0.165642025,0.130289678,0.005733681,0.64026077,0.159055718,0.111384769,-1.274052873,2.186783,0.099663562,0.000417079,-0.936518607,1.24852045,0.054927131,0.000107444,-0.03358166,0.037932783,0.004722747,2.48E-05,-0.025559552,0.025735456,0.002333788,3.72E-06,-0.073327223,0.045422151,0.006973037,1.84E-05,-0.023631151,0.027854726,0.003191539,6.11E-07,-0.030702428,0.030340515,0.001882444,5.20E-07,-0.013202917,0.01509594,0.001079674,-4.30E-07,-0.027416788,0.032766102,0.00249859,2.46E-06,-0.015337433,0.018507768,0.001459267,-1.73E-06,-0.040348671,0.044305898,0.002644931,-2.23E-06,-0.023532965,0.017298104,0.00154365,2.07E-06,-0.044737036,0.044923583,0.006431734,-1.14E-05,-0.009702155,0.021246439,0.001411797,-6.40E-06,-0.027845241,0.030752291,0.004480843,-1.52E-05,-0.006138257,0.017383834,0.001041669,-4.06E-06,-0.037206809,0.039131431,0.006256555,-2.71E-06,-0.00991786,0.028786107,0.001821967,-4.25E-06
426,H,2,-0.284445178,0.021675086,0.077405091,-0.063072995,0.018400464,0.204435476,0.158880875,0.153712204,3.24E-06,0.317702111,0.093073482,0.066254372,-0.014257458,0.013965191,0.005170827,-0.002500464,-0.043137409,0.016073793,0.020387439,-0.018468009,0.016793805,0.057432542,0.039536679,0.03907816,0.010942768,0.645701348,0.205524967,0.159525457,0.003954897,0.46117869,0.130095203,0.09866776,0.005733681,0.64026077,0.159109239,0.100113126,-0.28400659,0.277050644,0.045184569,1.28E-05,-0.186265895,0.151056124,0.025042065,5.01E-05,-0.027116335,0.034874971,0.003788102,2.40E-05,-0.010312209,0.011966475,0.001789254,4.31E-06,-0.073327223,0.047979088,0.007599841,3.97E-05,-0.02617931,0.027854726,0.00353577,5.12E-07,-0.006105622,0.005279589,0.000891694,-1.57E-06,-0.002659816,0.002549307,0.000516406,-1.69E-07,-0.011860095,0.009383831,0.001688091,-4.26E-06,-0.00584594,0.005510091,0.000988823,2.74E-07,-0.005135318,0.008386025,0.001193064,3.03E-06,-0.004062418,0.004456231,0.000714516,7.26E-07,-0.037475952,0.044923583,0.005931573,-2.56E-06,-0.008115674,0.008542592,0.001154059,-1.18E-05,-0.027845241,0.030752291,0.003736935,1.58E-05,-0.006492901,0.020615313,0.000945096,-5.70E-06,-0.035554572,0.036789923,0.005705037,-8.35E-06,-0.007766763,0.013272505,0.001263532,-1.04E-05
426,L,0,-0.309170141,-0.023962101,0.141666977,-0.131250917,0.010755324,0.202190347,0.153615917,0.147355048,4.61E-07,0.022626126,0.005282731,0.003745987,-0.020007743,0.008117621,0.006808948,-0.005269254,-0.042924455,0.020944081,0.023447174,-0.020028015,0.018265323,0.056710126,0.04135287,0.040703122,0.01245594,0.625663639,0.253344476,0.206355762,0.003617637,0.514234622,0.136777286,0.111317353,0.007408318,0.593189247,0.213249613,0.155514712,-0.226396879,0.214929943,0.043625938,-0.000359116,-0.128012359,0.14796147,0.024645931,-1.33E-05,-0.0329903,0.035599726,0.00406981,3.92E-06,-0.01426391,0.015369261,0.001805328,3.25E-06,-0.00992163,0.005350748,0.001531871,-4.82E-06,-0.003824526,0.004180184,0.00105436,3.36E-06,-0.003319991,0.004267173,0.00087414,2.31E-06,-0.002463625,0.002467779,0.000508323,-6.01E-08,-0.011522972,0.011613342,0.001817548,6.30E-06,-0.005302559,0.004913567,0.001012604,-1.57E-06,-0.007706677,0.006416551,0.001251795,-3.87E-06,-0.004398654,0.003582047,0.000736117,2.16E-06,-0.031853655,0.047353939,0.005159761,-5.49E-05,-0.012999013,0.015403064,0.001165282,-4.76E-06,-0.022460623,0.031378016,0.003449891,-1.22E-06,-0.006708857,0.008704195,0.000785912,-3.23E-06,-0.037574488,0.044966684,0.00489667,-6.95E-05,-0.011796981,0.026400862,0.00138993,-3.51E-06
426,L,1,-0.257810941,-0.022692652,0.142903811,-0.134882492,0.010755324,0.19313463,0.156303779,0.150866873,4.61E-07,0.258179706,0.028073233,0.013099363,-0.018086566,0.006356286,0.006600794,-0.004970549,-0.042811768,0.019915497,0.023857798,-0.020730397,0.019012281,0.056710126,0.04170034,0.041109607,0.01245594,0.592933421,0.198244361,0.1614304,0.005290847,0.514234622,0.145953237,0.120459517,0.006910723,0.554951689,0.134158412,0.082065827,-0.204816079,0.246566245,0.040722356,-0.000226727,-0.128012359,0.105452778,0.022401198,-3.58E-05,-0.0329903,0.035599726,0.003779597,-1.31E-05,-0.01426391,0.015369261,0.001677903,2.09E-06,-0.059427921,0.050735434,0.004303984,1.78E-05,-0.019157561,0.021959433,0.002043909,-1.66E-06,-0.004020487,0.004267173,0.000884533,1.24E-06,-0.00216434,0.002467779,0.000511057,3.08E-07,-0.011522972,0.009551343,0.00174739,-3.23E-06,-0.00474988,0.004966034,0.000977604,-1.76E-06,-0.007013913,0.006416551,0.00124166,8.86E-07,-0.003553353,0.003582047,0.000737569,1.63E-06,-0.031232786,0.038921605,0.004535762,6.87E-05,-0.008775859,0.012499001,0.000994954,-2.74E-06,-0.022460623,0.031378016,0.003166327,5.36E-05,-0.006693873,0.008704195,0.000756706,-1.77E-06,-0.02731692,0.039859762,0.004189629,3.66E-05,-0.007572487,0.01573672,0.00110061,-2.64E-06
426,L,2,-0.677110669,0.063734437,0.152526152,-0.13828381,0.015789271,0.19830788,0.160682204,0.157226363,5.62E-06,0.258179706,0.045142847,0.032376836,-0.073051913,0.014180024,0.007880895,-0.005653745,-0.043193588,0.016943303,0.024836793,-0.022471375,0.019012281,0.107060866,0.043081833,0.042534992,0.015000604,0.942353156,0.185720728,0.146709795,0.005290847,0.393419017,0.13684609,0.111876692,0.006500421,0.884263108,0.12556009,0.071153054,-1.444529512,3.63631526,0.109496421,0.000219444,-1.823557745,1.310190114,0.064709819,-5.05E-05,-0.029929821,0.030419472,0.003315208,-4.72E-05,-0.01310524,0.011955009,0.00158805,1.86E-06,-0.059427921,0.050735434,0.005281369,-6.72E-07,-0.019157561,0.021959433,0.002514285,-9.57E-08,-0.020931909,0.020804957,0.001260574,-2.28E-06,-0.0125706,0.013946035,0.000765681,-8.67E-07,-0.015485752,0.013902006,0.001792723,2.68E-06,-0.006455289,0.009173816,0.001027155,-1.91E-06,-0.026886005,0.027515459,0.001547588,-9.05E-07,-0.018400852,0.014218824,0.000941585,2.27E-06,-0.030547385,0.05343741,0.00453124,0.000124625,-0.015422201,0.012499001,0.000961364,-2.81E-06,-0.014118038,0.025232643,0.002653323,1.77E-05,-0.006727978,0.0080074,0.000652429,-3.38E-06,-0.029875391,0.052250705,0.004431298,0.000140107,-0.014342431,0.01573672,0.001099919,-1.44E-06
426,M,0,-0.259644125,0.091675608,0.121142168,-0.106752217,0.012327742,0.200330764,0.15148699,0.145648655,9.93E-06,0.429710393,0.121179514,0.084789302,-0.016450019,0.008842867,0.004844352,-0.002158217,-0.041230767,0.019335473,0.021141736,-0.018443109,0.01791344,0.059150926,0.04032373,0.039709426,0.01337088,0.504752381,0.193663499,0.166171075,0.003562758,0.350699897,0.121629332,0.100942829,0.006013236,0.471411135,0.150704534,0.110123335,-0.251775293,0.266286502,0.04406461,-0.000402536,-0.164750725,0.116696522,0.024020745,-3.03E-05,-0.028553199,0.033709444,0.003851409,1.94E-06,-0.010603613,0.011663459,0.001717126,2.93E-06,-0.058146607,0.045265863,0.006943062,9.43E-06,-0.029377244,0.020678779,0.003249168,-2.15E-06,-0.004741882,0.004673734,0.000908822,3.69E-06,-0.002436922,0.002097984,0.000536774,-7.09E-07,-0.009131644,0.010771131,0.001658687,4.91E-06,-0.005646253,0.005652254,0.000978958,-1.27E-06,-0.005521806,0.005773165,0.001155353,-3.33E-06,-0.00324883,0.003253669,0.000694368,1.26E-06,-0.030049913,0.04027506,0.004886709,4.05E-05,-0.010463084,0.012193824,0.001190035,-2.29E-06,-0.021886645,0.022406647,0.0034918,1.73E-05,-0.004610725,0.016999367,0.000878164,-2.25E-06,-0.027608118,0.036901838,0.004987937,3.87E-05,-0.01028127,0.023435146,0.001423869,-1.12E-06
426,M,1,-0.790483133,0.026640811,0.145737698,-0.10263373,0.016756609,0.201879443,0.154748872,0.15067396,2.75E-06,0.429710393,0.114493996,0.073488508,-0.046332659,0.008842867,0.005800625,-0.002219488,-0.055784908,0.027314317,0.021169906,-0.018820105,0.01791344,0.078615987,0.041917656,0.041421729,0.01337088,0.885662021,0.218179881,0.169274947,0.003562758,0.491133665,0.147328717,0.113805593,0.009358924,0.749638194,0.160924546,0.108605926,-1.470408423,1.795262395,0.129309577,0.000355293,-1.058649524,1.014149523,0.063145976,6.85E-05,-0.026467803,0.032207165,0.003907189,2.29E-05,-0.022485753,0.017161812,0.001929101,5.63E-06,-0.058146607,0.042587948,0.006200686,1.80E-05,-0.029377244,0.016711063,0.002879863,8.38E-07,-0.014363322,0.011397159,0.001248788,1.71E-07,-0.009482766,0.008987018,0.000800523,-4.18E-07,-0.027934813,0.029663696,0.002156331,-1.84E-06,-0.014184759,0.022208763,0.001368446,-3.41E-07,-0.016724422,0.018754953,0.00152248,1.35E-06,-0.014764426,0.011276996,0.001046222,1.41E-06,-0.043060462,0.048933008,0.007083737,-1.97E-05,-0.010463084,0.016418384,0.001486421,-9.31E-06,-0.029892201,0.039879172,0.004846486,4.45E-05,-0.007074418,0.028720904,0.001284034,-6.97E-06,-0.04442654,0.048150417,0.006597988,-3.92E-05,-0.01028127,0.023413844,0.001530402,-7.50E-06
426,M,2,-0.790483133,0.026640811,0.151827006,-0.105942316,0.0157779,0.201880178,0.15711313,0.151499296,2.75E-06,0.180870583,0.062145013,0.046064801,-0.046332659,0.009821788,0.005665516,-0.00197257,-0.055784908,0.027314317,0.021959967,-0.01931709,0.01566749,0.078615987,0.04232533,0.041706278,0.014269184,0.885662021,0.23098231,0.184314607,0.003670654,0.491133665,0.138681138,0.103150956,0.007501394,0.749638194,0.184716999,0.136873132,-1.470408423,1.795262395,0.130130065,-0.00013504,-1.058649524,1.014149523,0.063465531,0.000102766,-0.026467803,0.034090033,0.004184432,-4.97E-05,-0.022485753,0.017161812,0.002085231,5.97E-06,-0.045108591,0.045073997,0.00493679,-4.32E-05,-0.030540326,0.021577962,0.002651642,1.72E-06,-0.014363322,0.011397159,0.001251567,-4.06E-07,-0.009482766,0.008987018,0.000800718,-6.43E-07,-0.027934813,0.029663696,0.002282916,5.44E-06,-0.014184759,0.022208763,0.001444595,5.29E-07,-0.016724422,0.018754953,0.001558608,-4.31E-06,-0.014764426,0.011276996,0.001056344,3.67E-07,-0.043060462,0.048933008,0.007245801,0.000108801,-0.009108474,0.016418384,0.001512386,-1.06E-05,-0.029892201,0.039879172,0.005323457,3.16E-05,-0.007146558,0.028720904,0.001423471,-5.22E-06,-0.04442654,0.048150417,0.00694101,0.000109897,-0.00929495,0.023413844,0.001638411,-9.46E-06
427,H,0,-0.880258574,0.174017968,0.182654541,-0.127800378,0.023825029,0.283839721,0.127824751,0.125221464,8.49E-06,0.211764679,0.040723283,0.022292643,-0.171009616,0.016660248,0.020743502,-0.009602901,-0.302267504,0.031073585,0.034013397,-0.018314138,0.01106979,0.33605782,0.055288596,0.046377883,0.015270333,1.829515553,0.33092907,0.236198401,0.003446498,1.667601563,0.207282499,0.122560178,0.006892241,0.75248401,0.257969019,0.178456694,-2.293986757,0.928867937,0.119817546,-0.001011613,-0.776555345,0.70079148,0.048395933,9.68E-05,-0.067449356,0.065203199,0.00626953,2.29E-05,-0.045951897,0.030379473,0.003679563,2.63E-06,-0.032728158,0.049414822,0.004701883,2.84E-05,-0.02058626,0.020274196,0.00234265,2.25E-07,-0.044671403,0.05216418,0.00545615,-8.39E-06,-0.032272076,0.031700859,0.00337587,2.16E-06,-0.088890547,0.073122935,0.008813142,-3.25E-05,-0.057973267,0.054198948,0.005400107,5.23E-06,-0.085503095,0.092286151,0.009571809,2.17E-05,-0.060599317,0.066788905,0.006014053,-2.44E-06,-0.066112771,0.074399596,0.008489064,-2.20E-05,-0.023908163,0.018059332,0.001952787,-1.33E-05,-0.062050122,0.061112466,0.006809873,9.00E-05,-0.017344333,0.034404956,0.001728828,-1.02E-05,-0.041539446,0.043414622,0.00718816,-9.46E-05,-0.018822226,0.02078482,0.001866708,-6.69E-06
427,H,1,-0.651573142,0.062816329,0.130524917,-0.107581991,0.05691974,0.374482414,0.135823456,0.133565176,8.49E-06,0.211764679,0.045347321,0.025784274,-0.144751765,0.015193961,0.019213737,-0.008705368,-0.302267504,0.020306313,0.032564174,-0.018656091,0.013394077,0.33605782,0.054689205,0.046791699,0.015270333,0.684017778,0.186766774,0.144576083,0.003048859,0.290708439,0.099378683,0.077322315,0.006892241,0.641225777,0.158131923,0.106104319,-0.874475528,0.519361813,0.069018905,-9.95E-05,-0.200935529,0.262265491,0.031608077,4.48E-05,-0.087323252,0.089593308,0.006718201,1.05E-06,-0.055214462,0.031413637,0.003709756,4.82E-08,-0.032728158,0.049414822,0.00470743,-5.73E-06,-0.02058626,0.020274196,0.002328207,3.70E-07,-0.040949058,0.042406907,0.003830978,-7.25E-06,-0.018307352,0.020831036,0.002158218,1.56E-06,-0.088890547,0.056289562,0.006808187,-6.96E-06,-0.034740113,0.04293565,0.003815586,5.23E-06,-0.069578851,0.092286151,0.007044605,7.29E-06,-0.043896763,0.040944226,0.004004859,-4.37E-06,-0.043636031,0.041448121,0.005952886,3.84E-05,-0.007543744,0.022312208,0.00142172,-4.23E-06,-0.023736673,0.023487066,0.004056072,-7.49E-06,-0.004672703,0.01754846,0.001137314,-2.17E-06,-0.041539446,0.037633168,0.005719236,6.03E-05,-0.008069494,0.02078482,0.001494345,-3.99E-06
427,H,2,-0.651573142,0.109000751,0.105029805,-0.069176118,0.053029624,0.374482414,0.140505191,0.13830185,1.13E-06,0.202230946,0.040338865,0.022621951,-0.159745962,0.015193961,0.015764363,-0.006703194,-0.28022585,0.020147769,0.027581695,-0.016831395,0.014504645,0.337515245,0.050433408,0.044774291,0.01528413,0.684017778,0.187184562,0.154840553,0.003048859,0.287965539,0.114095474,0.090098768,0.007054883,0.641225777,0.148392328,0.106871566,-0.874475528,0.519361813,0.065055959,-0.00024456,-0.200935529,0.262265491,0.029064922,4.90E-06,-0.087323252,0.089593308,0.006468962,-1.97E-05,-0.055214462,0.031413637,0.003481272,1.68E-06,-0.031530869,0.039694112,0.003884464,-3.11E-05,-0.013583521,0.013734391,0.00199604,-7.92E-07,-0.050138331,0.040211548,0.00349997,-1.83E-06,-0.022741696,0.030854052,0.002060926,-3.52E-07,-0.089566346,0.059500001,0.006183798,5.28E-06,-0.038562114,0.054041467,0.003622459,1.92E-06,-0.068778298,0.104252916,0.006365629,-1.76E-07,-0.062571827,0.049716738,0.003821567,-1.20E-06,-0.031029869,0.046528353,0.005208759,3.31E-05,-0.0091692,0.022312208,0.00132497,2.36E-06,-0.023736673,0.023487066,0.003857999,8.40E-06,-0.004248452,0.01754846,0.001067919,2.05E-06,-0.027361138,0.044377839,0.0052294,4.80E-05,-0.008955546,0.019337965,0.001432643,2.24E-06
427,L,0,-0.360407563,0.108548977,0.100990497,-0.073689933,0.023204598,0.347861676,0.139264202,0.135448455,1.61E-05,0.191249483,0.032360322,0.016955211,-0.183037336,0.01434895,0.015777025,-0.007205393,-0.288075727,0.037877514,0.029341043,-0.017991285,0.018184451,0.368800314,0.052002791,0.046151114,0.014442688,0.669313828,0.247769386,0.205926971,0.003154937,0.223471878,0.090587793,0.072295284,0.008159789,0.640651189,0.230615525,0.178825848,-0.308266467,0.377247741,0.053148624,-0.000248175,-0.141217259,0.142667201,0.02780849,-1.04E-05,-0.069005639,0.078568099,0.006765544,2.14E-05,-0.049734774,0.037902327,0.003718808,-2.35E-06,-0.040019234,0.038033418,0.003900371,-9.35E-07,-0.016168173,0.016728651,0.001937506,-8.32E-07,-0.043827849,0.05496454,0.003529074,2.38E-06,-0.022313823,0.029872963,0.001984956,1.40E-06,-0.07597147,0.0872613,0.006014951,-2.54E-06,-0.033595081,0.047427724,0.003373288,2.43E-07,-0.103420046,0.087069574,0.006372906,9.05E-07,-0.056784927,0.048173141,0.003710709,-1.18E-06,-0.030751024,0.039227558,0.004349144,-8.43E-05,-0.007586245,0.007078366,0.001024666,8.66E-07,-0.01819954,0.019510697,0.003017103,8.75E-07,-0.004644094,0.018249847,0.000810249,-5.86E-08,-0.03040065,0.039672825,0.004565508,-9.25E-05,-0.007642815,0.013022201,0.001135688,7.64E-07
427,L,1,-0.360407563,0.079343192,0.134523445,-0.122229754,0.028848884,0.347861676,0.143298098,0.140573807,1.06E-06,0.18775584,0.027505055,0.014937411,-0.183037336,0.016749319,0.01398122,-0.007352692,-0.288075727,0.024864776,0.026681413,-0.017425379,0.020074676,0.368800314,0.049600625,0.045240262,0.014442688,0.669313828,0.149811814,0.126398298,0.003705882,0.223471878,0.085266248,0.072939975,0.005022811,0.640651189,0.123179732,0.091860999,-0.308266467,0.377247741,0.051875947,-0.000134097,-0.141217259,0.12526126,0.02687391,2.87E-05,-0.058635521,0.078568099,0.005487825,1.22E-05,-0.049734774,0.036657287,0.002977162,-2.43E-06,-0.037582469,0.038033418,0.003149813,-6.73E-06,-0.016168173,0.016728651,0.001702832,3.11E-06,-0.03893478,0.05496454,0.003231202,-2.22E-06,-0.022313823,0.029872963,0.001859495,2.04E-07,-0.063752558,0.0872613,0.005510843,1.43E-06,-0.033595081,0.047427724,0.003179476,7.17E-07,-0.103420046,0.076730273,0.005701047,2.33E-06,-0.056784927,0.048173141,0.003407347,6.23E-07,-0.030751024,0.019766052,0.003207667,-8.15E-05,-0.005235713,0.007449339,0.000843698,-3.37E-06,-0.026323427,0.018820856,0.002728907,-2.20E-05,-0.007882056,0.015584401,0.000802896,7.24E-07,-0.03040065,0.020414625,0.003569344,-8.04E-05,-0.006183207,0.013022201,0.001064075,-3.77E-06
427,L,2,-0.281619296,0.006500706,0.136391576,-0.127227022,0.032516075,0.191892308,0.136963045,0.134112637,1.06E-06,0.147729969,0.019168091,0.01198993,-0.093190899,0.016749319,0.007209534,-0.00524569,-0.151658076,0.024765669,0.020131676,-0.014547603,0.017100581,0.195096772,0.041524343,0.040588743,0.020526478,0.39597027,0.131300558,0.120405467,0.002805312,0.280571194,0.089736855,0.079188722,0.005022811,0.33118209,0.095849535,0.08407279,-0.254331946,0.253377649,0.048901373,-9.46E-05,-0.141949352,0.14409258,0.027413258,-2.98E-06,-0.028013419,0.021705378,0.00371534,-7.12E-06,-0.011643334,0.014639552,0.001854124,1.08E-06,-0.038929797,0.024245336,0.002751048,2.06E-05,-0.014414968,0.016448279,0.001545157,1.42E-06,-0.03893478,0.03284031,0.001774524,-1.11E-06,-0.019906037,0.025776423,0.00111494,-1.52E-06,-0.06073274,0.05817287,0.003522705,1.03E-05,-0.030078592,0.042630286,0.00212757,1.47E-06,-0.068127708,0.069548898,0.002878763,-1.87E-06,-0.04937144,0.029108404,0.001873234,2.15E-07,-0.017816171,0.021937553,0.003111836,7.93E-05,-0.004858957,0.009817031,0.00093634,-1.01E-06,-0.026323427,0.01769257,0.002441749,2.77E-05,-0.007882056,0.015584401,0.000781041,-1.87E-06,-0.026019374,0.023191842,0.003519592,7.61E-05,-0.006312239,0.019974184,0.001267817,-2.71E-07
427,M,0,-0.277087908,0.116889594,0.1013581,-0.06774454,0.033876146,0.287535455,0.118034654,0.114614335,2.88E-06,0.201427486,0.037167555,0.024766577,-0.174151181,0.024014753,0.017058395,-0.007792439,-0.313661052,0.047688197,0.03060226,-0.015277751,0.015744717,0.355002771,0.052796667,0.04516858,0.055205881,0.779386414,0.37939363,0.313784126,0.004704549,0.312924359,0.118173082,0.089140666,0.019104206,0.77402465,0.36051997,0.283766152,-0.226890327,0.316118627,0.056298727,-0.00038282,-0.14829473,0.120583945,0.03008243,2.72E-06,-0.059272093,0.053212532,0.004273438,-3.78E-06,-0.035869926,0.039541258,0.002435485,1.29E-07,-0.035452737,0.037500145,0.004103337,1.88E-06,-0.014356844,0.013391896,0.002067006,5.87E-07,-0.051362492,0.052842141,0.004124298,-4.14E-07,-0.036797648,0.03835745,0.002670923,2.57E-07,-0.103855247,0.106974393,0.007785139,-8.09E-07,-0.074374339,0.077698248,0.005102043,2.20E-06,-0.11003878,0.112608418,0.00784074,3.40E-06,-0.084576977,0.069733966,0.005184115,-1.15E-06,-0.034809273,0.030359483,0.004544664,-0.00014981,-0.007873096,0.016213115,0.001138814,-3.62E-06,-0.016316267,0.014911521,0.003007277,-1.72E-05,-0.00357545,0.012896146,0.000770434,-1.13E-07,-0.035107103,0.031746313,0.004810139,-0.000149146,-0.008086698,0.017285874,0.001208804,-4.23E-06
427,M,1,-0.237424379,0.116889594,0.136701805,-0.116833366,0.037607672,0.287535455,0.124793821,0.123011942,2.10E-05,0.201427486,0.036037693,0.022778383,-0.174151181,0.024014753,0.016812096,-0.007444535,-0.313661052,0.047688197,0.03156673,-0.017254802,0.008631464,0.355002771,0.051545717,0.043452539,0.014932371,0.768750107,0.23299828,0.174178575,0.00300897,0.313596095,0.101155552,0.070505518,0.009037214,0.709147213,0.209894623,0.150192795,-0.235499938,0.210028177,0.050975354,-0.000174085,-0.147381738,0.120583945,0.028759765,-3.23E-05,-0.059272093,0.053212532,0.004200061,-2.35E-06,-0.035869926,0.039541258,0.002392131,5.98E-07,-0.035452737,0.037500145,0.003990929,-3.60E-06,-0.014356844,0.011431138,0.001998091,2.92E-06,-0.051362492,0.052842141,0.004208226,3.16E-07,-0.036797648,0.03835745,0.002707485,4.09E-08,-0.103855247,0.106974393,0.008016329,-2.74E-06,-0.074374339,0.077698248,0.005217014,1.91E-06,-0.11003878,0.112608418,0.00808036,1.09E-06,-0.084576977,0.069733966,0.005301821,-9.22E-07,-0.034468425,0.035498527,0.00407594,1.36E-05,-0.010323442,0.008110842,0.001023049,-3.27E-06,-0.010825413,0.020210892,0.002581019,-7.30E-06,-0.00373887,0.007531508,0.000634538,-1.16E-06,-0.034800558,0.030022669,0.004276095,1.98E-05,-0.009760186,0.016188806,0.001147451,-3.14E-06
427,M,2,-0.237424379,-0.011159922,0.145383271,-0.138932564,0.037607672,0.171099642,0.128057932,0.126703071,1.17E-06,0.199579243,0.036619533,0.018634098,-0.072813169,0.012488501,0.008036521,-0.006096447,-0.178806659,0.018722597,0.018089618,-0.013769939,0.008631464,0.201089342,0.041135574,0.040334873,0.014064336,0.590011199,0.12883344,0.097955436,0.00300897,0.313596095,0.068671872,0.049540812,0.00745253,0.533630286,0.109005638,0.078897718,-0.235499938,0.37352285,0.052028309,7.74E-05,-0.148218586,0.173296194,0.030245795,-4.39E-05,-0.027914593,0.014759364,0.003373942,6.57E-06,-0.010259902,0.011118308,0.0017958,-5.60E-07,-0.037516999,0.045690082,0.003765858,-3.33E-06,-0.017521627,0.014927906,0.001939918,-1.07E-06,-0.02691,0.015503808,0.001487471,-1.77E-06,-0.012713751,0.014289747,0.00084759,-7.95E-07,-0.060704335,0.032840814,0.003141709,-6.07E-07,-0.028657962,0.032243503,0.001838861,-4.30E-07,-0.0366229,0.06663193,0.002541082,1.69E-07,-0.035986989,0.028103485,0.001486349,1.00E-06,-0.034468425,0.035498527,0.003738288,-2.73E-06,-0.010323442,0.008110842,0.001084737,-1.40E-06,-0.01079205,0.020210892,0.002236209,1.10E-05,-0.00373887,0.007531508,0.000597269,-9.96E-07,-0.034800558,0.030022669,0.003891944,-5.57E-06,-0.009760186,0.016188806,0.001261799,-1.12E-06
428,H,0,-0.062331772,0.107036724,0.035959317,0.026914091,0.020554264,0.198900045,0.161776618,0.158299538,0.00427157,0.139888429,0.061468973,0.056933393,-0.014276939,0.009180222,0.00423112,-0.001364785,-0.036783496,0.021086453,0.013308915,-0.008769449,0.02772866,0.060928281,0.045066724,0.04476593,0.010558972,0.326355832,0.120074409,0.102306473,0.003883885,0.199172039,0.069281167,0.059802647,0.004843235,0.317020195,0.098071319,0.072735807,-0.206489806,0.360138095,0.041765769,1.50E-05,-0.162059005,0.143281151,0.024191882,-4.28E-06,-0.035252393,0.031680644,0.003984291,4.36E-06,-0.011816224,0.022848257,0.001826946,-2.31E-07,-0.02854009,0.02624076,0.004194922,9.66E-06,-0.011146354,0.015425091,0.002309618,1.57E-06,-0.003518565,0.003768325,0.000911175,-1.13E-06,-0.002160081,0.002194856,0.000526173,-7.51E-08,-0.011328445,0.010963479,0.002080836,-4.90E-06,-0.005131436,0.007339582,0.001166684,-5.12E-07,-0.005570508,0.006057202,0.001095821,-5.81E-07,-0.003048127,0.003119816,0.000669234,1.51E-06,-0.020704654,0.020916431,0.00322221,-4.04E-05,-0.008423197,0.008604172,0.001065228,-1.12E-06,-0.014133626,0.011460831,0.001788594,-4.57E-06,-0.003581277,0.006118325,0.000655157,-7.24E-07,-0.020590674,0.026152631,0.003573937,-4.50E-05,-0.009136053,0.011444961,0.001243609,-4.51E-07
428,H,1,-0.062331772,0.09060001,0.027743711,0.021826826,0.020554264,0.203007831,0.164334529,0.161191047,0.007704512,0.180712987,0.077389234,0.071993821,-0.015676418,0.008640497,0.005108439,-0.002488209,-0.037727481,0.021086453,0.017210379,-0.01365922,0.030438562,0.060792654,0.046638711,0.046306594,0.010558972,0.326355832,0.083948913,0.06952852,0.004715783,0.127219321,0.055275186,0.046684313,0.004843235,0.317020195,0.063182859,0.043255692,-0.206489806,0.360138095,0.035501338,-4.96E-05,-0.139418967,0.143281151,0.020535368,-9.87E-06,-0.035252393,0.031680644,0.004058146,-2.50E-05,-0.011816224,0.022848257,0.001852417,-1.81E-06,-0.02854009,0.035978139,0.004647488,-6.20E-06,-0.011146354,0.015425091,0.002458619,1.54E-06,-0.003544187,0.004791537,0.000907928,-9.26E-08,-0.002160081,0.002044279,0.000524754,-1.16E-07,-0.014256674,0.015761965,0.00200688,6.13E-06,-0.008605188,0.008325714,0.001137901,7.76E-07,-0.006222737,0.006057202,0.001143211,-5.21E-06,-0.003048127,0.004531601,0.000697456,-2.49E-07,-0.016986765,0.019517281,0.00263936,2.03E-05,-0.005391192,0.007066562,0.000924974,3.50E-07,-0.014133626,0.007083829,0.001618578,3.43E-07,-0.003581277,0.005632881,0.000626009,3.71E-07,-0.018700741,0.026152631,0.002918579,3.46E-05,-0.005529532,0.011444961,0.001091469,1.89E-07
428,H,2,-0.035926001,0.077837147,0.021274485,0.01661056,0.022255698,0.209958194,0.166186821,0.164005331,0.007704512,0.180712987,0.076380109,0.069864415,-0.017380688,0.007252022,0.005887106,-0.004168848,-0.040604322,0.020728818,0.018478237,-0.015258847,0.025823726,0.062303022,0.047036828,0.046664356,0.012706102,0.199143283,0.077067162,0.067623468,0.003261224,0.136335171,0.054077212,0.045062439,0.006119884,0.170764184,0.054909039,0.043508585,-0.20176295,0.244515921,0.033023892,3.11E-05,-0.137185611,0.123019833,0.019726108,-1.58E-06,-0.033930261,0.028888977,0.003756385,-3.22E-06,-0.011407913,0.014936282,0.001760181,-1.06E-07,-0.032764234,0.035978139,0.004515889,-2.29E-06,-0.015030169,0.01790198,0.002433292,1.17E-07,-0.004608217,0.004791537,0.00089579,1.19E-06,-0.002504734,0.002340285,0.000532711,-1.19E-07,-0.014256674,0.015761965,0.002005594,6.15E-06,-0.008605188,0.008325714,0.00115249,6.05E-07,-0.006993137,0.007219516,0.001162901,1.38E-06,-0.003809036,0.004531601,0.000699972,-7.85E-07,-0.012591401,0.016618109,0.002398381,1.74E-06,-0.004751319,0.009100544,0.00092428,2.23E-07,-0.013485102,0.016280421,0.001877646,-5.60E-06,-0.003957016,0.011048559,0.0007028,-3.41E-07,-0.011307874,0.016436954,0.002315427,7.99E-06,-0.005006753,0.009289946,0.001038681,2.29E-07
428,L,0,-0.0825225,0.084620006,0.037174064,0.018522012,0.019530716,0.203816223,0.163612778,0.161155917,0.012259264,0.181860537,0.065125178,0.059625444,-0.013740809,0.010822481,0.005085077,-0.003338758,-0.037288943,0.023065165,0.012083266,-0.007161525,0.028912882,0.062959988,0.045632477,0.04538583,0.00746047,0.30931587,0.09996393,0.087489712,0.002608505,0.173337549,0.06732869,0.0578152,0.005643161,0.296950747,0.073889342,0.057884689,-0.261708705,0.190852342,0.041581139,-0.000191537,-0.109294378,0.160559447,0.024299209,-2.42E-05,-0.035698494,0.024097831,0.003627352,5.50E-06,-0.011965649,0.012238791,0.001636715,1.39E-06,-0.027072066,0.029029117,0.004293522,7.45E-06,-0.013600892,0.014831567,0.002360362,-1.07E-06,-0.004743858,0.004720826,0.000894892,1.11E-06,-0.002956352,0.002056813,0.000532852,3.93E-08,-0.012317649,0.012415687,0.002087024,7.62E-07,-0.006143802,0.007614343,0.001198512,1.61E-06,-0.006104237,0.00649075,0.001080022,-1.67E-06,-0.004664506,0.003042887,0.000646347,-8.78E-07,-0.01648521,0.028291731,0.003160002,1.44E-05,-0.011646357,0.015439511,0.001113026,2.11E-07,-0.014446856,0.014944694,0.002071521,2.42E-05,-0.00676699,0.011396547,0.00077723,-8.01E-07,-0.019987094,0.028236144,0.003095546,-6.75E-06,-0.014195625,0.016561814,0.001217533,1.00E-06
428,L,1,-0.102461977,0.103626239,0.034401856,-0.010357734,0.030455691,0.212608964,0.169072867,0.167271681,0.012259264,0.20288108,0.066057459,0.058179446,-0.015526398,0.012928245,0.005234183,-0.003703536,-0.041794392,0.023065165,0.011102366,-0.007953117,0.026276313,0.063208187,0.046210625,0.046031498,0.00746047,0.275879921,0.079283126,0.068431464,0.002608505,0.207826449,0.049766092,0.036791902,0.005197095,0.260882896,0.061718313,0.050533858,-0.261708705,0.190852342,0.042599802,-0.000305299,-0.109294378,0.160559447,0.024544294,-1.96E-05,-0.035768655,0.024097831,0.003566353,1.62E-06,-0.013953364,0.013847104,0.001663006,-4.92E-07,-0.041315111,0.029129451,0.004544208,-1.10E-05,-0.018146575,0.018899214,0.002318679,5.25E-07,-0.005786631,0.004186567,0.0008957,1.93E-08,-0.00259554,0.002191593,0.000536672,1.23E-07,-0.012083407,0.012415687,0.001871042,-9.02E-07,-0.005742951,0.0065923,0.00108189,-3.04E-07,-0.007735337,0.006648394,0.001075852,-1.91E-06,-0.004374307,0.005253859,0.000649409,-3.96E-07,-0.014200935,0.027689188,0.002973762,-3.62E-07,-0.004242851,0.015439511,0.001071533,4.47E-07,-0.021547488,0.021541839,0.002477557,-1.84E-06,-0.00676699,0.016771918,0.000899199,3.45E-08,-0.016405444,0.027703221,0.002637492,2.16E-07,-0.004335502,0.016561814,0.001077518,4.82E-07
428,L,2,-0.102461977,0.103626239,0.027429309,-0.020144089,0.039070268,0.212608964,0.170673983,0.169456577,0.013969729,0.20288108,0.052851813,0.045067792,-0.015526398,0.012928245,0.004875689,-0.003682844,-0.041794392,0.018321172,0.009899047,-0.006879644,0.026276313,0.063208187,0.046764756,0.04665338,0.008202352,0.245304576,0.064952685,0.055596174,0.002592356,0.207826449,0.042823608,0.031782753,0.005197095,0.210877844,0.048836357,0.039905138,-0.25467345,0.324166637,0.038222649,9.67E-06,-0.131587454,0.212500657,0.022323826,-4.07E-06,-0.035768655,0.025264507,0.003434139,-9.51E-06,-0.01396069,0.014584974,0.001655113,9.30E-08,-0.041315111,0.029129451,0.003816602,-7.56E-06,-0.018146575,0.018899214,0.002035895,3.42E-06,-0.005786631,0.003987875,0.000849819,6.51E-07,-0.00259554,0.002191593,0.000511463,-1.69E-07,-0.014786405,0.010654398,0.00171702,-6.45E-06,-0.006994178,0.006086016,0.001047263,-8.05E-07,-0.007735337,0.006648394,0.000949612,2.16E-06,-0.004374307,0.005253859,0.000584675,7.83E-07,-0.012461625,0.01576339,0.002136565,-3.28E-06,-0.004189911,0.007042396,0.000818839,6.32E-07,-0.021547488,0.021541839,0.001925743,-3.10E-05,-0.005323986,0.016771918,0.000699978,8.89E-07,-0.009455442,0.015079958,0.001983246,1.91E-05,-0.004691822,0.00764768,0.000898846,-2.03E-07
428,M,0,-0.041462993,0.096539547,0.03385718,0.022648041,0.022505812,0.200894791,0.162862658,0.160504977,0.000310935,0.162893151,0.041808028,0.036648983,-0.01659932,0.008914697,0.004378448,-0.001762829,-0.04161922,0.021199025,0.013971093,-0.009279386,0.018931348,0.059382111,0.041488113,0.040907458,0.013651681,0.22666688,0.1044643,0.09581476,0.005365626,0.155059859,0.082519289,0.07318848,0.006285314,0.218626887,0.064057451,0.045752928,-0.227218556,0.250094648,0.038892906,6.80E-05,-0.115123685,0.125194642,0.022144414,-5.38E-06,-0.034274557,0.024615142,0.003735069,-8.39E-06,-0.012403833,0.014592495,0.001722665,5.16E-06,-0.013588558,0.021183359,0.003127735,2.79E-05,-0.008211958,0.008391911,0.001857864,-7.74E-07,-0.003534173,0.004126489,0.00088967,3.22E-06,-0.002284127,0.002594419,0.000520065,-8.67E-07,-0.01445636,0.015070142,0.001957761,-3.13E-06,-0.008142492,0.008762973,0.001132341,-2.20E-07,-0.006501108,0.007646699,0.00123556,2.53E-06,-0.004143507,0.004550834,0.000728854,-3.06E-07,-0.014348161,0.011892067,0.001810127,9.75E-07,-0.004830307,0.003962071,0.000738975,-1.34E-06,-0.011636814,0.010009811,0.001452062,-2.24E-06,-0.002471211,0.004873973,0.000532298,-5.50E-07,-0.014506014,0.012124685,0.002164354,1.19E-05,-0.008568622,0.008415389,0.000958948,-1.46E-06
428,M,1,-0.024876305,0.097097323,0.042748577,0.034137516,0.022505812,0.19896282,0.159906254,0.157690572,0.004919984,0.18825478,0.056369769,0.048637354,-0.01659932,0.008856104,0.004798573,-0.002651717,-0.04161922,0.023976099,0.014216822,-0.010853344,0.02479688,0.059382111,0.045133036,0.044760518,0.013651681,0.22666688,0.095158999,0.085914969,0.002454583,0.155059859,0.065454272,0.053758702,0.007190844,0.218626887,0.069072233,0.055129467,-0.209452445,0.250094648,0.040400046,0.000208966,-0.115123685,0.08615199,0.022864239,-9.16E-06,-0.034274557,0.025895853,0.004007788,2.46E-06,-0.012403833,0.014592495,0.001827507,1.62E-06,-0.021632298,0.024267392,0.003457484,3.71E-07,-0.007408044,0.012278439,0.00192982,2.80E-07,-0.003534173,0.004126489,0.000856878,5.85E-07,-0.002284127,0.002493626,0.000514145,-5.46E-07,-0.013405703,0.015070142,0.002111752,2.29E-06,-0.008142492,0.007543387,0.00123705,1.08E-06,-0.006501108,0.005664271,0.001093928,3.08E-06,-0.004143507,0.004550834,0.000662882,-4.52E-07,-0.014348161,0.011892067,0.002072696,-2.82E-05,-0.004031069,0.006054141,0.000907398,1.71E-07,-0.011636814,0.01179795,0.001689097,-2.72E-05,-0.003457207,0.010660321,0.000671927,4.90E-07,-0.014506014,0.012124685,0.002234021,-2.68E-06,-0.004386859,0.004908057,0.001009003,3.01E-07
428,M,2,-0.026242678,0.098643218,0.044502716,0.038055767,0.039356826,0.19896282,0.160550862,0.158509401,0.002921479,0.18825478,0.060634194,0.050713,-0.014087728,0.008856104,0.004440014,-0.002592879,-0.034377148,0.024506513,0.012144682,-0.009021587,0.027931513,0.060136746,0.04626925,0.045989085,0.011833644,0.231767332,0.08227591,0.073218712,0.002026285,0.163661753,0.057012722,0.046541208,0.007493128,0.197534218,0.059320104,0.04979382,-0.209452445,0.173959981,0.039905425,3.53E-05,-0.107202446,0.096394605,0.023387062,-2.40E-05,-0.029046867,0.025895853,0.003675322,-1.83E-05,-0.009371996,0.013342271,0.00170925,1.51E-06,-0.024432749,0.024267392,0.003644125,-2.81E-05,-0.008973114,0.012278439,0.00193539,1.08E-06,-0.003490184,0.003734487,0.000820017,1.58E-07,-0.002403038,0.002228436,0.000496612,-2.88E-08,-0.013405703,0.011294925,0.002078642,6.75E-06,-0.00665583,0.007472187,0.001254444,-3.24E-06,-0.0057043,0.005289369,0.000992731,-4.58E-07,-0.00331819,0.002835928,0.00061052,-3.23E-07,-0.013250077,0.013810725,0.001971665,2.88E-05,-0.004031069,0.006054141,0.000849064,-7.11E-07,-0.01015059,0.01179795,0.001414158,1.54E-07,-0.003457207,0.010660321,0.000613208,3.76E-07,-0.011136236,0.016904773,0.002240661,3.69E-05,-0.004386859,0.004908057,0.000982795,-4.03E-07
429,H,0,-0.093336401,0.410489954,0.070667355,0.025462553,0.010219218,0.204665874,0.137950113,0.125388831,6.04E-06,0.398613443,0.096677331,0.060658528,-0.018958187,0.010786151,0.007779715,-0.005166566,-0.053498862,0.022283829,0.020736374,-0.013257527,0.019090729,0.073685846,0.042697478,0.041576137,0.019179883,0.871799359,0.263973008,0.231635622,0.002832314,0.185322186,0.073663957,0.059692087,0.009534118,0.866494922,0.25348643,0.21687755,-0.281097212,0.282922916,0.050356129,-0.001337692,-0.144932255,0.195754219,0.028189349,5.21E-05,-0.03993128,0.03946774,0.006117089,4.11E-05,-0.013872636,0.022472303,0.002745124,-9.08E-08,-0.048550546,0.057873078,0.008852182,1.42E-05,-0.016681015,0.023282406,0.003544905,3.70E-06,-0.005161207,0.006572837,0.001174316,1.77E-06,-0.003180565,0.003121243,0.000653651,-8.53E-07,-0.013697819,0.015636214,0.002964137,-1.02E-05,-0.007883364,0.008722516,0.001655894,-1.12E-06,-0.009121829,0.010492475,0.001728426,5.88E-06,-0.005644055,0.004793451,0.00099143,-2.12E-07,-0.086039027,0.069316083,0.009771392,-0.000168797,-0.020047154,0.0576693,0.003187514,-2.92E-06,-0.015608713,0.012731687,0.002675987,-6.78E-06,-0.003118184,0.010037618,0.00084425,2.76E-07,-0.098557743,0.071042491,0.010742703,-0.000166887,-0.021172363,0.080408098,0.003928508,-3.33E-06
429,H,1,-0.108179951,0.089135969,0.035778211,-0.000700914,0.006834157,0.215812087,0.139933201,0.129830312,3.93E-07,0.427457899,0.120407713,0.08459424,-0.018958187,0.011798302,0.007427133,-0.005398086,-0.053802278,0.022283829,0.021289782,-0.013132588,0.017724407,0.073685846,0.04319648,0.041964249,0.017977673,0.668332767,0.256842256,0.226914263,0.004899844,0.300494789,0.086532586,0.068357574,0.010490733,0.65912747,0.2418265,0.207013357,-0.281097212,0.280447858,0.048008537,-8.48E-05,-0.144932255,0.195754219,0.027277894,-1.15E-05,-0.03993128,0.042970335,0.00641354,-5.96E-06,-0.014828041,0.023206763,0.002817381,2.38E-06,-0.048550546,0.059941771,0.011317148,-1.81E-05,-0.020588673,0.023282406,0.004237809,3.46E-06,-0.005127454,0.005477438,0.001187374,-2.87E-06,-0.00299247,0.002553877,0.000665329,-8.95E-07,-0.015199327,0.015636214,0.003206906,5.35E-06,-0.008902143,0.010776979,0.001777269,-1.53E-06,-0.010091045,0.011700437,0.001915415,-1.67E-07,-0.008460858,0.004984163,0.001090458,2.91E-07,-0.051794161,0.069316083,0.010324298,-4.06E-05,-0.011351292,0.047715302,0.003005445,2.27E-06,-0.019927615,0.01370161,0.003200102,-2.31E-05,-0.004249432,0.014185349,0.000991156,5.86E-07,-0.057449452,0.073855574,0.011171692,-3.15E-05,-0.013463773,0.055137054,0.003646246,2.16E-06
429,H,2,-0.121586046,0.114771083,0.036148154,0.004079312,0.006834157,0.215812087,0.143042595,0.135012415,3.93E-07,0.427457899,0.118763299,0.083628416,-0.020709822,0.011798302,0.008199789,-0.005919053,-0.053802278,0.019972413,0.021575646,-0.014716227,0.017724407,0.070071188,0.044844929,0.043867013,0.014002029,0.744594163,0.233029067,0.190731239,0.004269736,0.300494789,0.079975276,0.063381869,0.009697344,0.741185817,0.218875538,0.168694293,-0.267075053,0.288871827,0.047985487,0.000202597,-0.169308437,0.147090869,0.026841879,-1.36E-05,-0.038018438,0.042970335,0.005972986,-3.29E-05,-0.014828041,0.023206763,0.002591092,2.73E-06,-0.049427801,0.059941771,0.010546399,-1.64E-05,-0.020588673,0.015852659,0.003908592,-6.74E-07,-0.004603708,0.005477438,0.001209151,-8.46E-07,-0.003246214,0.00284415,0.000705782,4.60E-07,-0.015199327,0.016374908,0.003086721,8.47E-06,-0.008902143,0.010776979,0.001691934,-9.35E-07,-0.010091045,0.011700437,0.001841965,-3.71E-06,-0.008460858,0.006037875,0.001077338,1.26E-06,-0.06171374,0.058277103,0.009685172,-4.07E-05,-0.0109411,0.038970928,0.002306852,-4.28E-07,-0.019927615,0.014451422,0.003208839,9.46E-06,-0.004249432,0.014185349,0.000951988,1.01E-06,-0.064552123,0.073855574,0.010289745,-4.63E-05,-0.011745579,0.037981514,0.00263958,-1.15E-06
429,L,0,-0.09765395,0.124493728,0.031165088,-0.011910439,0.008615181,0.21116748,0.146416292,0.13680396,4.48E-06,0.415433656,0.074828125,0.042606729,-0.020637284,0.012522389,0.009190697,-0.006551658,-0.048747581,0.023116053,0.028217185,-0.022505429,0.019814501,0.067079588,0.046744729,0.045664272,0.017987727,0.467399646,0.171691041,0.151307304,0.00363216,0.227570253,0.079415144,0.066364439,0.012444282,0.454689975,0.152220395,0.125960141,-0.211635053,0.22443516,0.04092651,-8.59E-05,-0.161146553,0.104658493,0.022979999,-1.18E-05,-0.035943182,0.035626838,0.005313808,1.25E-06,-0.013770955,0.015028442,0.002270816,3.15E-07,-0.043232025,0.061792429,0.007261785,9.69E-06,-0.019874719,0.021275641,0.002993914,-3.60E-07,-0.005787815,0.006358759,0.001246227,2.67E-06,-0.002979254,0.003084006,0.000682234,-4.99E-08,-0.015188307,0.015271665,0.002363093,-9.74E-06,-0.006493784,0.007984352,0.001288381,2.54E-06,-0.011300212,0.009017776,0.001498412,4.99E-06,-0.005317397,0.005184926,0.000874677,-4.65E-07,-0.048681053,0.035673366,0.005606174,-3.54E-05,-0.011009438,0.022972342,0.001579978,3.04E-06,-0.010060829,0.014640438,0.001969175,2.00E-05,-0.002975175,0.004738499,0.00049964,1.01E-07,-0.051362009,0.041730358,0.006159169,-7.05E-05,-0.011607302,0.037648377,0.001961219,3.18E-06
429,L,1,-0.144376481,0.062197445,0.033146951,-0.021257768,0.005965931,0.208171514,0.148017174,0.14141165,7.10E-06,0.415433656,0.093521836,0.054549578,-0.021027148,0.011929284,0.009669789,-0.007272474,-0.049364128,0.023116053,0.025709969,-0.019656453,0.01866198,0.067079588,0.046561043,0.045689611,0.017773208,0.716221263,0.195866828,0.150231477,0.005613646,0.227570253,0.081260048,0.066387066,0.009361174,0.711976699,0.178215091,0.119396739,-0.182741016,0.213307657,0.041799219,-9.10E-05,-0.126483617,0.142086725,0.023831098,-3.04E-06,-0.035943182,0.038280285,0.004992014,4.22E-05,-0.013803228,0.017178713,0.002277978,2.94E-06,-0.048003196,0.061792429,0.008679567,7.75E-05,-0.019874719,0.021275641,0.003397271,-1.75E-06,-0.006450788,0.006358759,0.001297944,1.70E-06,-0.004396734,0.003304627,0.000723911,-1.89E-07,-0.014482964,0.015933958,0.002692155,-5.28E-06,-0.00766531,0.007000619,0.001497376,8.85E-07,-0.010233722,0.009017242,0.001542382,1.39E-06,-0.005480395,0.005155709,0.000907418,-6.85E-07,-0.054836146,0.068107712,0.007845239,-3.98E-05,-0.009283626,0.025226983,0.001643502,3.41E-06,-0.017029008,0.016232827,0.002195001,5.01E-06,-0.003279418,0.014193375,0.000685307,1.21E-06,-0.05374762,0.075109592,0.008305178,-4.30E-05,-0.00920141,0.047072396,0.001945853,3.20E-06
429,L,2,-0.144376481,0.037734149,0.033705591,-0.021655031,0.005965931,0.192259275,0.143473455,0.136300188,7.80E-06,0.431229334,0.089491381,0.046395954,-0.021027148,0.012072699,0.008680377,-0.005829015,-0.050306425,0.019111284,0.022436834,-0.015645631,0.01584377,0.066950768,0.044251739,0.043356421,0.0117528,0.716221263,0.241115972,0.184541864,0.004147658,0.291822236,0.086103866,0.069434463,0.007367562,0.711976699,0.225217753,0.156577132,-0.193518069,0.225316356,0.045542176,-6.42E-05,-0.126483617,0.142086725,0.02612023,8.46E-06,-0.035714161,0.038280285,0.005387164,1.22E-05,-0.013803228,0.017178713,0.002390106,1.30E-06,-0.048003196,0.040793646,0.007472283,1.00E-05,-0.017683406,0.016458215,0.002962845,6.57E-06,-0.006450788,0.006960887,0.001281563,-9.02E-07,-0.004396734,0.003304627,0.000730151,-5.99E-07,-0.014482964,0.015933958,0.002909741,7.42E-06,-0.00766531,0.008056992,0.001609008,1.07E-06,-0.010233722,0.009017242,0.00167536,-1.36E-06,-0.005480395,0.005155709,0.000979479,-5.36E-07,-0.054836146,0.068107712,0.009675769,-3.94E-05,-0.012265524,0.031737797,0.002109386,2.42E-06,-0.024392931,0.016232827,0.002562406,-3.43E-05,-0.004191621,0.016711463,0.000810787,-5.98E-07,-0.05374762,0.075109592,0.010291823,-5.54E-06,-0.015210832,0.047072396,0.002569835,2.86E-06
429,M,0,-0.109862571,0.193235781,0.032656966,-0.005607929,0.00806295,0.217905836,0.142698284,0.129508669,1.07E-07,0.40230698,0.098303892,0.057777984,-0.02276801,0.012021762,0.009814579,-0.00843368,-0.054797741,0.021688601,0.021100809,-0.012443068,0.017215743,0.062490061,0.041951652,0.041014023,0.015062775,0.486273029,0.226784156,0.207128832,0.003640002,0.263536875,0.071706313,0.056032044,0.011056661,0.435622396,0.215149386,0.19321818,-0.209359897,0.202117865,0.041566607,6.64E-05,-0.142191845,0.130808466,0.02402768,1.33E-05,-0.03817341,0.039249037,0.005614187,2.96E-05,-0.013300407,0.015021918,0.002438028,7.90E-06,-0.059134976,0.044379286,0.010020997,7.98E-06,-0.017890513,0.017188948,0.003661775,-2.13E-06,-0.005850466,0.006532479,0.001102956,-2.74E-06,-0.004176474,0.00298053,0.000637246,-4.57E-07,-0.016407542,0.01717022,0.002897735,-8.13E-06,-0.008319537,0.010729598,0.001550171,-2.17E-10,-0.009942676,0.010941909,0.001625286,2.88E-06,-0.007191195,0.006113889,0.000952875,8.21E-07,-0.051769106,0.045352287,0.007785205,-6.35E-05,-0.01032439,0.048544817,0.002668163,1.83E-06,-0.022248587,0.016637239,0.002355882,2.44E-06,-0.003675952,0.011286529,0.000700352,3.13E-06,-0.053887113,0.047421869,0.008242576,-6.77E-05,-0.010475472,0.050637756,0.002977975,-6.24E-07
429,M,1,-0.097275977,0.078041932,0.024300062,-0.010094702,0.008307212,0.203656735,0.149702816,0.141192686,3.09E-06,0.417728815,0.103675925,0.06267251,-0.02276801,0.009147448,0.0095445,-0.008068072,-0.054797741,0.021688601,0.02474729,-0.017695407,0.016447304,0.066313978,0.044935415,0.043961173,0.013737135,0.566231527,0.199591106,0.168362332,0.00328796,0.207319309,0.064749627,0.048648491,0.010095238,0.566067449,0.188796439,0.152832266,-0.181039121,0.254241102,0.039038206,2.88E-05,-0.118253958,0.14150893,0.0229895,-2.91E-05,-0.042583874,0.036360445,0.005571297,1.45E-05,-0.014874183,0.019454995,0.002520473,-3.98E-06,-0.059134976,0.037379307,0.009208666,-8.35E-06,-0.017890513,0.01916899,0.003480586,4.17E-06,-0.004825787,0.005295198,0.001120766,1.98E-06,-0.003337033,0.002552878,0.000657266,-4.68E-07,-0.016407542,0.01717022,0.002843752,8.52E-06,-0.008319537,0.010729598,0.001568707,2.44E-06,-0.009988696,0.010941909,0.001670753,2.19E-06,-0.007191195,0.006113889,0.000981905,-6.36E-07,-0.053248435,0.060455699,0.007036884,-1.37E-05,-0.01250138,0.04681027,0.002231847,-2.26E-06,-0.012125631,0.015354433,0.002489892,1.01E-06,-0.003060169,0.00814642,0.000689507,-2.70E-07,-0.058214838,0.065008333,0.007410501,-1.58E-05,-0.013290941,0.051273651,0.002413646,-3.46E-06
429,M,2,-0.080036892,0.115267949,0.025221591,0.007486481,0.00839739,0.203656735,0.151536402,0.145022001,1.84E-06,0.417728815,0.091452576,0.051333085,-0.02291331,0.013712235,0.008771129,-0.005194413,-0.048143684,0.016042446,0.026830219,-0.022324572,0.016447304,0.066313978,0.046860212,0.046170027,0.013737135,0.577552882,0.175733501,0.128080527,0.00328796,0.205458495,0.067510734,0.053693503,0.010095238,0.567508916,0.162248465,0.107920601,-0.168116182,0.254241102,0.037914021,-2.40E-05,-0.11849375,0.14150893,0.022329571,-1.53E-05,-0.042583874,0.036360445,0.005585165,1.60E-05,-0.014874183,0.019454995,0.00257252,-4.30E-06,-0.048062791,0.041394316,0.008219879,1.12E-06,-0.017357595,0.01916899,0.003248224,4.81E-07,-0.006707882,0.007289989,0.001259144,-5.39E-07,-0.003337033,0.003027797,0.000690594,-1.91E-08,-0.012127793,0.015535167,0.002604683,-4.10E-06,-0.006937009,0.008030045,0.001452059,6.31E-07,-0.009988696,0.007921781,0.001627454,2.96E-06,-0.005036679,0.004158107,0.000952915,-1.07E-06,-0.053248435,0.060455699,0.006734471,-3.22E-05,-0.01250138,0.04681027,0.001669013,3.28E-06,-0.013376346,0.015354433,0.002563553,-8.51E-06,-0.003427695,0.01096927,0.000708046,-2.81E-06,-0.058214838,0.065008333,0.00696197,-3.46E-05,-0.013290941,0.051273651,0.001785909,5.83E-06
430,H,0,-0.162001971,0.088819707,0.043183783,-0.016279027,0.007566763,0.200431396,0.146379178,0.14041462,2.39E-12,0.199225213,0.028195922,0.009311734,-0.015781078,0.009028252,0.004950256,-0.003284547,-0.039149516,0.021339658,0.01572597,-0.008259743,0.027320086,0.058502978,0.04443301,0.043985692,0.026220984,0.700928353,0.205024507,0.180253236,0.003798409,0.35345639,0.109343558,0.092166745,0.006080193,0.69844346,0.173433085,0.139892148,-0.280502309,0.341289108,0.051555496,-0.000172163,-0.154038226,0.129158413,0.027681231,2.83E-05,-0.043689424,0.038236931,0.005797978,-1.30E-06,-0.015737514,0.019399693,0.002572394,-2.89E-06,-0.0312167,0.036905319,0.003301395,4.51E-06,-0.020137358,0.015032949,0.001598761,1.23E-06,-0.004185432,0.004176535,0.000902434,-5.99E-07,-0.00257645,0.002181876,0.000531549,5.12E-07,-0.011613015,0.015063093,0.002522597,-1.52E-06,-0.006871052,0.007516986,0.001427247,2.47E-06,-0.00728387,0.006469519,0.001278598,-4.36E-06,-0.00509462,0.003242797,0.000770249,-4.22E-07,-0.046931116,0.051697932,0.006041206,3.26E-06,-0.012856349,0.016509507,0.001383329,1.55E-06,-0.025429792,0.027446646,0.003482008,2.93E-06,-0.007588505,0.010732266,0.000866264,-1.18E-06,-0.047058386,0.050043872,0.006488865,1.53E-06,-0.012961117,0.032899075,0.001675322,2.72E-06
430,H,1,-0.163941259,0.050565222,0.057363339,-0.045148867,0.008660481,0.196775928,0.153087235,0.14708272,5.96E-07,0.199225213,0.032536245,0.0119428,-0.015781078,0.009028252,0.00546815,-0.003830427,-0.039149516,0.018743653,0.018701843,-0.013594893,0.027263369,0.058502978,0.044173876,0.043611232,0.012274473,0.700928353,0.213622853,0.186752033,0.003743159,0.301553277,0.126815308,0.106689261,0.006080193,0.69844346,0.171908699,0.124966947,-0.260586327,0.341289108,0.054868516,-0.00013475,-0.154038226,0.139364557,0.030262294,-3.53E-05,-0.043689424,0.038236931,0.004864978,2.70E-06,-0.015737514,0.019399693,0.00223455,-4.64E-06,-0.03299715,0.036905319,0.004350149,2.25E-05,-0.022181941,0.015856665,0.002131454,4.22E-08,-0.004185432,0.004486407,0.000956998,-4.39E-07,-0.00257645,0.002181876,0.00056735,-2.46E-07,-0.011613015,0.015063093,0.002469994,-1.60E-06,-0.006871052,0.007516986,0.001427805,9.92E-07,-0.00728387,0.006469519,0.001321623,-5.92E-09,-0.00509462,0.003242797,0.000801184,1.81E-07,-0.050322723,0.051697932,0.006903351,8.21E-06,-0.013576247,0.022954365,0.001691932,2.28E-06,-0.025429792,0.020937916,0.00353431,9.39E-06,-0.007078693,0.012782667,0.000984713,3.33E-07,-0.050493175,0.050043872,0.00751404,3.29E-06,-0.013758759,0.032899075,0.001966059,2.75E-06
430,H,2,-0.185949661,0.076693627,0.057307731,-0.045854066,0.012965009,0.200083551,0.152756925,0.146984867,8.06E-07,0.218166731,0.043523456,0.021655032,-0.01527546,0.008364994,0.005617676,-0.003866941,-0.040833594,0.018743653,0.020097091,-0.015201257,0.024863596,0.060357074,0.044999533,0.044460741,0.007600238,0.646377943,0.200018125,0.16722464,0.003161421,0.378594663,0.129507119,0.110051225,0.006001421,0.64568126,0.152430824,0.098995736,-0.295843442,0.319075614,0.055512982,0.000131399,-0.172704662,0.14236278,0.030012478,-3.11E-06,-0.033767656,0.032357869,0.004634553,6.23E-06,-0.012465214,0.014986838,0.002173662,-4.60E-06,-0.040839327,0.037973481,0.005624397,-2.13E-06,-0.022181941,0.016398848,0.002721308,-7.90E-07,-0.004752468,0.004486407,0.000990957,2.29E-06,-0.00253271,0.002532872,0.000596035,-8.24E-08,-0.016566284,0.013733726,0.00252096,-6.48E-06,-0.007147928,0.009457563,0.001483912,-4.34E-08,-0.0062832,0.006921918,0.00127562,3.79E-06,-0.004872149,0.0032102,0.000769882,3.43E-07,-0.050322723,0.061610464,0.007299516,-1.74E-05,-0.013724405,0.022954365,0.00172806,2.30E-06,-0.021615551,0.023600693,0.003865111,4.43E-06,-0.00455322,0.015038969,0.001055322,-7.60E-07,-0.050493175,0.061406613,0.007372462,-3.47E-05,-0.013870914,0.02423991,0.001779139,3.14E-06
430,L,0,-0.162991126,0.150651994,0.076232542,-0.060166746,0.008541405,0.195756523,0.151607938,0.146135739,1.38E-09,0.217195172,0.029090795,0.010362846,-0.01595725,0.010437949,0.006493078,-0.004080935,-0.039148846,0.020791651,0.020161124,-0.016089685,0.026910794,0.061216838,0.045581007,0.045224363,0.011828111,0.671103754,0.176158217,0.136759695,0.003065697,0.282253156,0.090118901,0.073853533,0.006432258,0.647752813,0.151361491,0.102880404,-0.211709363,0.341432699,0.057727378,-0.00024518,-0.150126412,0.142951646,0.031494709,-1.57E-05,-0.038140786,0.035135,0.005032299,-1.02E-05,-0.014723327,0.015728938,0.00221917,-3.01E-06,-0.040557468,0.044949199,0.003871275,7.54E-08,-0.020293898,0.019568687,0.001933745,-8.41E-07,-0.004772774,0.005280474,0.001114405,1.84E-06,-0.002547597,0.002630902,0.000627277,-1.00E-06,-0.011297117,0.012908663,0.002302756,-1.96E-06,-0.00633843,0.007148878,0.001346375,6.66E-07,-0.007042151,0.00715641,0.001280974,1.54E-06,-0.00392698,0.003940829,0.000781459,-5.50E-07,-0.050505419,0.047516122,0.007558584,-8.28E-05,-0.010804163,0.022530986,0.001755515,8.92E-07,-0.021148237,0.024216982,0.003719281,-1.35E-05,-0.005364574,0.014068839,0.001023897,-3.00E-07,-0.051802594,0.049580941,0.0080116,-8.45E-05,-0.010657633,0.029212724,0.002003458,1.03E-06
430,L,1,-0.162991126,0.001066427,0.085037004,-0.079545422,0.017378435,0.187327197,0.157106318,0.153234467,1.47E-08,0.217195172,0.038273331,0.016016205,-0.01699165,0.010437949,0.00633173,-0.004002441,-0.037687733,0.020147146,0.020539111,-0.017932577,0.026139287,0.060676028,0.046804455,0.046485082,0.00783764,0.671103754,0.157152827,0.108567008,0.001818449,0.268685952,0.072050619,0.055090753,0.004827584,0.647752813,0.139662877,0.083451012,-0.291878694,0.256541985,0.051096572,0.000122164,-0.179072567,0.125511903,0.028593202,-2.51E-05,-0.033382909,0.0364728,0.003884279,-3.70E-07,-0.012269208,0.01330841,0.001701831,-8.65E-07,-0.040557468,0.044949199,0.004748765,-2.63E-06,-0.020293898,0.019568687,0.002294008,-1.51E-07,-0.004501737,0.004526117,0.001046528,5.29E-06,-0.002298485,0.002301753,0.00059862,-6.37E-07,-0.011297117,0.011797437,0.00192235,8.65E-08,-0.006306872,0.007148878,0.001150519,8.20E-08,-0.007042151,0.00715641,0.001211055,1.97E-07,-0.00392698,0.00385949,0.000736945,-3.58E-07,-0.050291442,0.058078334,0.007630879,8.26E-06,-0.010804163,0.022530986,0.001597027,2.39E-06,-0.013058218,0.020562644,0.003072437,2.02E-06,-0.003229001,0.014068839,0.000801489,-6.75E-08,-0.051802594,0.058333073,0.007806818,8.72E-06,-0.010657633,0.029212724,0.001738953,2.65E-06
430,L,2,-0.144139584,-0.01373451,0.098892923,-0.096110574,0.017378435,0.185295741,0.160868289,0.158669215,2.36E-07,0.161284949,0.025814216,0.008463942,-0.01699165,0.008030528,0.006340806,-0.004644578,-0.037111455,0.018154772,0.020014389,-0.018361347,0.026139287,0.058019418,0.046686499,0.046408446,0.00783764,0.64215927,0.114007661,0.082412909,0.001818449,0.155495618,0.05334428,0.041312464,0.004827584,0.633387816,0.100757801,0.064549077,-0.291878694,0.256541985,0.042759154,1.44E-06,-0.179072567,0.119344938,0.024052243,-1.24E-05,-0.033382909,0.0364728,0.002947328,1.55E-06,-0.012269208,0.012232587,0.001323128,-1.17E-06,-0.036383767,0.038384024,0.003183449,-1.11E-06,-0.01403631,0.019154018,0.001581307,7.33E-07,-0.004226181,0.003253631,0.000961801,8.63E-07,-0.002298485,0.00190408,0.000552307,5.55E-08,-0.009273587,0.009428621,0.001632858,-1.45E-06,-0.004486147,0.00609408,0.00096669,3.81E-07,-0.006214807,0.004641,0.00113608,4.37E-07,-0.003475183,0.002757583,0.000679086,1.64E-07,-0.044093218,0.058078334,0.004949392,1.29E-05,-0.008233326,0.010588984,0.001038549,2.25E-06,-0.010239529,0.010458303,0.00204421,-3.09E-06,-0.002826655,0.006022615,0.000564524,2.96E-07,-0.044309033,0.058333073,0.005173908,1.63E-05,-0.008145508,0.011037363,0.00114132,2.22E-06
430,M,0,-0.136053135,0.053818137,0.074957461,-0.060493318,0.012000594,0.198048569,0.149857923,0.144948842,5.03E-11,0.018231062,0.004222381,0.002564389,-0.014423809,0.00752603,0.006038955,-0.004759481,-0.040439399,0.023718856,0.022255717,-0.018759679,0.027738149,0.06245779,0.046531573,0.046067713,0.016403938,0.59936126,0.170087137,0.140549495,0.002106357,0.42376329,0.099682487,0.07364242,0.007465276,0.582918877,0.137815224,0.103602218,-0.289214764,0.292195239,0.052564819,-0.000397413,-0.158170716,0.167907302,0.029851444,2.12E-05,-0.035273061,0.032617567,0.004745054,3.38E-05,-0.013639917,0.012472507,0.002055706,-6.98E-06,-0.005846585,0.006111423,0.001406648,1.05E-06,-0.00431173,0.003858811,0.000981251,-1.31E-06,-0.00365213,0.003999406,0.000962368,-2.23E-06,-0.002073758,0.002299858,0.000557375,4.42E-07,-0.014874609,0.015262546,0.002376798,-9.69E-06,-0.007173122,0.007537121,0.001351463,2.08E-07,-0.006309391,0.007898365,0.001344014,9.23E-06,-0.003780848,0.003295138,0.000799463,-2.88E-06,-0.041332613,0.051763142,0.006016144,-1.94E-05,-0.009486886,0.026941561,0.001526379,1.88E-07,-0.016776372,0.019694782,0.003383663,-3.22E-05,-0.004055243,0.015670917,0.000987453,-6.41E-07,-0.041048568,0.054643403,0.006392107,6.61E-06,-0.011402238,0.042478804,0.001807968,-6.83E-07
430,M,1,-0.136053135,0.020310168,0.085714489,-0.079352879,0.012000594,0.203347973,0.157977007,0.155121125,5.03E-11,0.246014522,0.034389689,0.013026952,-0.015457835,0.00752603,0.005596475,-0.004054877,-0.039530337,0.01963032,0.021881982,-0.019701219,0.027183602,0.06245779,0.047052984,0.046669757,0.016403938,0.59936126,0.14447447,0.123312445,0.002106357,0.24931679,0.073828042,0.057824682,0.006011588,0.582918877,0.124186524,0.097322622,-0.289214764,0.292195239,0.049422122,-0.000103737,-0.158170716,0.167907302,0.027484016,-4.56E-05,-0.034833054,0.036180472,0.003411299,1.11E-06,-0.015958723,0.013347006,0.001611341,-1.22E-06,-0.048958397,0.045612336,0.00485581,3.09E-06,-0.022102428,0.018735938,0.002232862,3.20E-08,-0.003449797,0.004209875,0.000896894,7.06E-07,-0.002275372,0.002258698,0.000531191,-1.26E-07,-0.008564002,0.015262546,0.001857854,2.60E-06,-0.006039012,0.006763125,0.001078967,1.89E-06,-0.006309391,0.005026545,0.001206669,-1.79E-06,-0.003316272,0.003286492,0.000724319,-1.01E-06,-0.041332613,0.051763142,0.005504448,-1.36E-05,-0.009486886,0.026941561,0.001368926,2.77E-06,-0.01578177,0.019694782,0.0026088,1.23E-05,-0.003618751,0.015670917,0.000757197,1.64E-08,-0.041048568,0.054643403,0.005777551,-1.86E-05,-0.011402238,0.042478804,0.001649821,2.39E-06
430,M,2,-0.134863788,0.005062749,0.075580865,-0.068630357,0.011069251,0.203347973,0.154017017,0.149570286,4.04E-08,0.246014522,0.039550158,0.016486318,-0.017050137,0.008267684,0.00601089,-0.004112256,-0.039704368,0.019279999,0.022072737,-0.019209949,0.027183602,0.061256451,0.046707804,0.046296475,0.010617946,0.750110469,0.179314751,0.137563936,0.003415532,0.24931679,0.086767477,0.070071464,0.00575709,0.727287892,0.156924137,0.104145611,-0.299924863,0.281300177,0.053837797,0.000145581,-0.14744858,0.136164349,0.030884758,1.40E-05,-0.031410849,0.036180472,0.00401831,-2.55E-06,-0.015958723,0.015441873,0.001824482,-6.81E-06,-0.048958397,0.045612336,0.00556832,3.85E-05,-0.022102428,0.019804731,0.002561664,-1.26E-06,-0.006030822,0.004790118,0.00098942,6.20E-07,-0.002472951,0.002889561,0.000576999,-8.50E-07,-0.010497949,0.013302823,0.001947148,4.92E-06,-0.006956415,0.008825829,0.001149389,8.86E-07,-0.004745101,0.006300172,0.001220291,-3.47E-06,-0.003316272,0.003060078,0.000742907,-6.33E-07,-0.037466379,0.056952933,0.00652057,3.05E-06,-0.00934152,0.010325891,0.001322578,5.14E-06,-0.016297288,0.01645587,0.002921908,1.05E-05,-0.004618634,0.01161691,0.000831674,-2.38E-07,-0.037469281,0.060412713,0.006649373,-2.66E-06,-0.009138585,0.019969691,0.001454277,6.42E-06
431,H,0,-0.293391591,-0.138481804,0.211608738,-0.209763876,0.011615554,0.189688658,0.139751502,0.134121177,2.78E-09,0.13382264,0.027011281,0.011439403,-0.016907321,0.012896362,0.0057696,-0.000745114,-0.047409498,0.016992861,0.0253889,-0.020492987,0.024298602,0.060823055,0.044549336,0.044004525,0.008036575,0.435875864,0.18206521,0.161449108,0.003892825,0.205790301,0.088723557,0.077553259,0.005093176,0.433733075,0.158983871,0.125649673,-0.223866716,0.21449407,0.048677545,-1.91E-05,-0.141367649,0.123627571,0.028277813,-7.36E-05,-0.03164052,0.034117384,0.004874315,6.96E-06,-0.01101459,0.011642746,0.002009446,-3.39E-06,-0.029492333,0.035754511,0.003594164,2.31E-06,-0.015757562,0.018096983,0.001913846,-2.71E-06,-0.003339799,0.006136785,0.000918744,2.91E-06,-0.002396003,0.002206683,0.000540911,-7.35E-07,-0.013528909,0.014678187,0.002622226,-7.57E-06,-0.007351201,0.006999493,0.001439582,1.22E-06,-0.006254626,0.008502827,0.001478531,4.55E-06,-0.004614482,0.003952899,0.000875782,-5.73E-07,-0.021959483,0.037267949,0.00501851,-5.27E-05,-0.00780239,0.020573677,0.001272466,4.58E-06,-0.014830608,0.020364495,0.002818518,-2.67E-05,-0.004168321,0.013677076,0.000850471,2.59E-07,-0.02175514,0.036449042,0.005068647,-4.52E-05,-0.008027809,0.02481191,0.001294249,4.69E-06
431,H,1,-0.299862026,-0.143375548,0.223602482,-0.221718334,0.003704051,0.189907172,0.14425554,0.141152436,5.39E-06,0.134174991,0.038346965,0.019819779,-0.021067625,0.012896362,0.005151776,-0.00019091,-0.048113256,0.016992861,0.026886727,-0.024005344,0.024437805,0.062839923,0.045619994,0.045107058,0.008036575,0.347787542,0.139354118,0.125047402,0.003892825,0.29731325,0.101395685,0.082001574,0.007030821,0.317614726,0.095595424,0.077370122,-0.223866716,0.206583995,0.043424678,-3.62E-05,-0.134101786,0.123627571,0.024732917,-3.16E-05,-0.036224125,0.031338313,0.003725847,-7.47E-06,-0.013503421,0.013027536,0.001607113,-6.51E-07,-0.029492333,0.035754511,0.004826027,7.92E-06,-0.015757562,0.018096983,0.002352412,-6.02E-07,-0.004821082,0.006136785,0.000893592,-7.07E-07,-0.002396003,0.002571214,0.000519275,3.73E-07,-0.011522462,0.011326086,0.002299372,-4.31E-06,-0.006936937,0.005344392,0.001287025,1.96E-07,-0.006859087,0.008502827,0.001338742,3.61E-06,-0.004024503,0.003952899,0.000806171,2.17E-07,-0.021959483,0.037267949,0.003814481,1.38E-05,-0.00780239,0.014960892,0.001000435,1.33E-06,-0.014523864,0.020364495,0.002625625,1.45E-05,-0.00406185,0.013677076,0.000695692,-2.89E-07,-0.02175514,0.036449042,0.00372835,1.19E-06,-0.008027809,0.02481191,0.001088722,1.64E-06
431,H,2,-0.299862026,-0.130332474,0.229058385,-0.227608401,0.003704051,0.197342874,0.140686433,0.137260912,5.39E-06,0.141586564,0.033834119,0.016307681,-0.021067625,0.010477135,0.005173946,-0.002474199,-0.048113256,0.018872639,0.027859768,-0.024136283,0.024120706,0.063589514,0.045676246,0.044989413,0.018637227,0.329115372,0.15882388,0.146604074,0.005420566,0.29731325,0.100820633,0.07963813,0.007333174,0.281045814,0.122720108,0.109241613,-0.227942497,0.206583995,0.040597165,8.26E-06,-0.127638211,0.10894671,0.022879553,-2.67E-05,-0.036224125,0.030225624,0.003805746,-9.63E-06,-0.013503421,0.013027536,0.001622207,-8.52E-07,-0.029214755,0.0326852,0.004303908,2.65E-06,-0.011732486,0.012970228,0.002065263,-2.08E-07,-0.005856558,0.003787247,0.000894127,-1.54E-08,-0.002530144,0.002571214,0.000510784,1.52E-07,-0.012196925,0.014394956,0.00233115,1.45E-06,-0.006518002,0.005953298,0.001266284,-8.97E-08,-0.008717161,0.009070733,0.001428369,-6.66E-07,-0.00428848,0.004712818,0.000844966,3.53E-07,-0.021612727,0.035904349,0.003711968,9.47E-06,-0.005402994,0.015225885,0.000982487,2.04E-06,-0.0193634,0.019950209,0.002835834,8.12E-06,-0.003453359,0.01611085,0.000677768,3.34E-07,-0.026924462,0.038085957,0.004128844,4.84E-06,-0.007064231,0.030310109,0.001535491,2.27E-06
431,L,0,-0.324074282,-0.141781564,0.233932618,-0.232416279,0.004659956,0.191116778,0.142540516,0.138591072,1.33E-06,0.123962699,0.019679382,0.007957457,-0.01711214,0.011826945,0.005761591,-0.004231534,-0.046696873,0.015097394,0.02176426,-0.019029139,0.025235313,0.060065908,0.043134209,0.042685502,0.008792077,0.414653956,0.139995748,0.124329469,0.004490518,0.174679963,0.05429448,0.046158121,0.00486277,0.381543282,0.129038439,0.111186177,-0.182685083,0.249065882,0.036853619,-3.08E-05,-0.135346749,0.128760155,0.0213822,-3.45E-05,-0.039984205,0.036140229,0.004813504,-1.14E-06,-0.01340309,0.020563612,0.002161168,-1.87E-06,-0.026772678,0.02697419,0.002880621,1.05E-06,-0.010873434,0.012847696,0.001542586,-1.83E-07,-0.003614991,0.004314061,0.000744922,1.27E-06,-0.002427481,0.001713482,0.000446475,-3.46E-07,-0.014407299,0.012146192,0.002147783,1.47E-06,-0.006796911,0.00625536,0.001202224,-3.56E-07,-0.008057878,0.008763557,0.001306792,-1.59E-07,-0.004716107,0.004917305,0.000765095,2.91E-07,-0.027690068,0.039608287,0.003215443,-3.37E-05,-0.007956078,0.010968954,0.000831063,1.53E-06,-0.011626756,0.019543881,0.001693238,-4.34E-06,-0.003473586,0.010480178,0.000495401,3.84E-07,-0.029428346,0.035136997,0.003081252,-3.38E-05,-0.007299091,0.009849692,0.000817592,1.48E-06
431,L,1,-0.281731044,-0.155566098,0.226837701,-0.225626593,0.014879142,0.191116778,0.147757294,0.144146536,7.46E-09,0.123962699,0.019639039,0.00782647,-0.015847994,0.006301057,0.003907615,-0.002332117,-0.042176767,0.01455121,0.023163861,-0.020544021,0.025381521,0.057066218,0.043798885,0.043466813,0.008792077,0.36205499,0.097901794,0.083851096,0.003870562,0.194055435,0.060423565,0.049544121,0.006352688,0.313394952,0.077030864,0.060448012,-0.169754709,0.18301278,0.036818011,-0.000159784,-0.135346749,0.128760155,0.021659952,-3.03E-05,-0.039984205,0.035739502,0.004584995,1.41E-07,-0.01405793,0.021003705,0.002060804,-1.40E-06,-0.026772678,0.02697419,0.002875848,-4.68E-07,-0.010873434,0.012847696,0.001540091,-1.40E-06,-0.004294132,0.004466206,0.000776658,1.86E-06,-0.002427481,0.002444422,0.000459461,-2.12E-07,-0.012365901,0.013539408,0.00206374,-1.11E-06,-0.007267625,0.006349251,0.001161654,7.19E-07,-0.006418702,0.007284449,0.001210855,1.11E-06,-0.003908522,0.004917305,0.000717869,-5.11E-07,-0.02720313,0.039608287,0.003423073,4.52E-06,-0.007536258,0.010968954,0.000841409,2.37E-06,-0.011626756,0.019543881,0.002048618,-7.00E-06,-0.003473586,0.010480178,0.000548731,3.95E-07,-0.029428346,0.035136997,0.003297041,1.02E-05,-0.006991089,0.014204474,0.000887481,2.32E-06
431,L,2,-0.281731044,-0.142314247,0.228732006,-0.227606604,0.009865713,0.187999281,0.145385081,0.141284131,7.46E-09,0.12537719,0.018985352,0.007765142,-0.017937018,0.006301057,0.003561565,-0.0017213,-0.042134051,0.016882868,0.022941899,-0.019775602,0.025289996,0.061472627,0.043394907,0.043023726,0.014166562,0.36205499,0.113185472,0.098307311,0.003329716,0.194055435,0.059883204,0.048512531,0.006119479,0.313394952,0.096046619,0.076544989,-0.169754709,0.176494292,0.037719626,0.000143285,-0.101370961,0.107455437,0.022285036,-3.19E-05,-0.039693744,0.035217098,0.004348081,-3.18E-06,-0.01405793,0.021003705,0.001914856,-3.04E-06,-0.035212198,0.023478921,0.002864122,3.33E-07,-0.015226235,0.014898354,0.001607536,-5.58E-08,-0.004294132,0.004466206,0.000784047,2.59E-07,-0.002232595,0.002444422,0.000470517,4.86E-07,-0.011960407,0.013539408,0.002041967,3.45E-07,-0.007267625,0.006349251,0.001146345,-4.65E-07,-0.005331479,0.008144481,0.001204344,-8.42E-07,-0.004129088,0.003921828,0.000713882,1.02E-07,-0.022815819,0.032087527,0.003324177,2.51E-05,-0.004813583,0.016013634,0.000904886,1.29E-06,-0.0114252,0.016878014,0.002088956,-2.16E-06,-0.003377601,0.008188046,0.000562921,7.14E-07,-0.027187947,0.027823549,0.003307474,2.73E-05,-0.005976069,0.023957468,0.001080757,1.15E-06
431,M,0,-0.263800574,-0.153590221,0.221687609,-0.220974983,0.001718876,0.178023248,0.139945268,0.135863889,2.93E-11,0.02002245,0.005797911,0.003857299,-0.018563244,0.01017998,0.004518543,-0.002842943,-0.046380873,0.014774181,0.029444568,-0.026401419,0.024990639,0.059793434,0.046352752,0.045854909,0.006759011,0.368184605,0.123457602,0.093008192,0.0030499,0.227752762,0.049550024,0.03508961,0.004682736,0.348444867,0.113077738,0.083082364,-0.171741579,0.219812955,0.037228687,4.50E-05,-0.123287023,0.088490877,0.020953651,-1.22E-05,-0.038337178,0.035066707,0.004727651,4.47E-06,-0.014681043,0.015328394,0.001978174,-2.63E-06,-0.006031335,0.008113672,0.001702252,1.32E-06,-0.00435465,0.003789487,0.001138934,-2.53E-06,-0.003511305,0.004415247,0.000786554,1.17E-06,-0.001787938,0.002147261,0.00046196,-5.56E-07,-0.012835723,0.013763823,0.002254164,5.19E-06,-0.006525951,0.005914947,0.001235896,2.04E-06,-0.010432642,0.007041686,0.001378205,-3.89E-06,-0.004133041,0.005118965,0.000804672,-1.29E-07,-0.033659474,0.034084733,0.004481497,-4.79E-05,-0.0082103,0.00976123,0.000994644,2.30E-06,-0.015691117,0.020505454,0.002283582,-1.08E-05,-0.004636286,0.013575093,0.000617482,9.11E-07,-0.032059647,0.031862971,0.004132024,-4.83E-05,-0.007781841,0.007777657,0.000960146,2.12E-06
431,M,1,-0.263800574,-0.13923286,0.217381656,-0.216237978,0.016283969,0.196109323,0.140292747,0.136205098,2.93E-11,0.180111099,0.026808195,0.010444881,-0.018720509,0.01017998,0.004098064,-0.001986717,-0.046380873,0.012477904,0.029466798,-0.026042103,0.024887428,0.063192233,0.046270858,0.045643355,0.006759011,0.368184605,0.12299744,0.098051866,0.002921823,0.348667104,0.068080412,0.045981245,0.004682736,0.348444867,0.102437433,0.077781954,-0.177776451,0.219812955,0.04115455,-6.81E-05,-0.124478543,0.099243551,0.02277027,-3.85E-05,-0.038337178,0.035066707,0.004136769,-3.96E-06,-0.014681043,0.015328394,0.001789554,-3.05E-06,-0.027744771,0.02912417,0.003752148,9.88E-06,-0.013186535,0.01329532,0.001765082,-6.05E-06,-0.004548453,0.006970964,0.000864839,-2.28E-07,-0.003289016,0.003210384,0.000500214,1.09E-07,-0.011137277,0.013235649,0.002290896,4.88E-06,-0.006525951,0.007150322,0.001281522,-8.02E-07,-0.006444944,0.007041686,0.001425185,-2.28E-06,-0.004269611,0.003985793,0.000836355,6.56E-07,-0.023237391,0.036872644,0.004686527,4.79E-05,-0.007578155,0.018408759,0.001123327,2.39E-06,-0.02902117,0.018563526,0.00299331,2.21E-05,-0.004645399,0.015524391,0.000795334,1.55E-06,-0.021023471,0.034996302,0.004390914,4.19E-05,-0.007762344,0.0208638,0.00116952,1.84E-06
431,M,2,-0.299608041,-0.13923286,0.214910118,-0.213527374,0.006243324,0.196109323,0.139305026,0.134047365,5.03E-08,0.180111099,0.030095521,0.0138051,-0.018720509,0.014950131,0.004735313,-0.001670719,-0.045767788,0.019159349,0.030382759,-0.026545401,0.024887428,0.0650569,0.047277203,0.046591243,0.009856345,0.36340182,0.149618619,0.132105424,0.002921823,0.348667104,0.079739741,0.062095031,0.006723112,0.298483249,0.126598992,0.108146185,-0.214335386,0.205480714,0.047890655,-4.20E-05,-0.155579013,0.10999642,0.027988087,-5.24E-05,-0.037485034,0.033591076,0.004681979,-2.12E-06,-0.014023669,0.01722424,0.002044704,-4.46E-06,-0.027744771,0.02912417,0.004321113,1.12E-06,-0.013186535,0.01329532,0.002050362,-5.66E-07,-0.004548453,0.006970964,0.000909277,2.91E-06,-0.003289016,0.003210384,0.000524745,7.63E-07,-0.014339583,0.015124581,0.002462561,-4.03E-06,-0.00993618,0.007167017,0.001379717,-1.78E-06,-0.010539561,0.008756143,0.001550941,5.15E-06,-0.005361948,0.005199032,0.000915298,1.11E-06,-0.02363942,0.036872644,0.00455411,2.12E-05,-0.008051121,0.018408759,0.001366709,2.31E-06,-0.02902117,0.021504612,0.003187718,1.22E-05,-0.004645399,0.015524391,0.000864572,1.13E-06,-0.035085347,0.041642404,0.004703345,1.69E-05,-0.008991498,0.035824381,0.001706956,2.11E-06
432,H,0,-0.296829408,0.154541844,0.101675279,-0.071986108,0.004289959,0.201702629,0.134699683,0.125226534,2.06E-07,0.306022273,0.117448798,0.084610428,-0.022505078,0.007284609,0.006892141,-0.005302576,-0.043783162,0.020936709,0.0229894,-0.0183934,0.020834363,0.058571798,0.041760824,0.041095075,0.013932704,0.611503248,0.286701832,0.259921195,0.005390641,0.483908955,0.16253274,0.127647337,0.006912049,0.591060016,0.23618012,0.201604386,-0.259558281,0.26310948,0.057636248,-0.000350421,-0.166292125,0.152283488,0.029241075,2.63E-05,-0.043571198,0.038165343,0.006453711,-2.69E-05,-0.015620316,0.023378305,0.002798433,-4.30E-06,-0.051117101,0.043805604,0.006714331,1.62E-05,-0.021239121,0.019219179,0.003106583,6.09E-06,-0.004355965,0.004794195,0.001008996,1.51E-06,-0.002657747,0.002449164,0.000589133,5.86E-08,-0.015468101,0.012495348,0.002463519,1.36E-05,-0.007414077,0.009316963,0.001314725,1.56E-06,-0.007896366,0.010247599,0.001465806,-7.10E-06,-0.005669193,0.004481402,0.000876018,3.06E-07,-0.070487096,0.054018581,0.009461831,5.43E-05,-0.019061534,0.026302195,0.002611692,1.60E-06,-0.035417472,0.022747298,0.004971694,-6.16E-05,-0.009975959,0.019687398,0.001416879,5.23E-07,-0.064876565,0.076660118,0.010761013,9.65E-05,-0.016676928,0.057669444,0.003389425,1.75E-06
432,H,1,-0.294285652,0.087741117,0.102168977,-0.086621307,0.005792291,0.203364516,0.140246369,0.130952723,2.41E-05,0.222396948,0.096970011,0.075586258,-0.01504764,0.008233405,0.005762612,-0.003978412,-0.043783162,0.021797221,0.021088499,-0.016709807,0.019136258,0.058571798,0.040149045,0.039533956,0.013932704,0.672131577,0.278016054,0.240962235,0.005788893,0.322157846,0.119389489,0.097469799,0.006912049,0.665401722,0.251075837,0.199364408,-0.287368061,0.263421858,0.060604331,-0.000374775,-0.166292125,0.146819353,0.030739552,1.39E-05,-0.037917248,0.045779017,0.007117705,8.02E-06,-0.019951093,0.019586097,0.003188395,-6.75E-06,-0.05126796,0.043805604,0.007990381,-2.48E-05,-0.021239121,0.019219179,0.003633769,-7.42E-06,-0.004355965,0.004838922,0.000999347,3.64E-06,-0.00287973,0.002449164,0.000585247,-2.85E-07,-0.015468101,0.013106746,0.002549907,-3.04E-06,-0.007414077,0.009316963,0.001385232,3.16E-06,-0.00722801,0.010247599,0.001501993,4.44E-06,-0.005669193,0.004481402,0.000880702,-1.25E-08,-0.070487096,0.054018581,0.01038348,0.000108508,-0.019061534,0.033865174,0.002651605,-1.08E-06,-0.035417472,0.02533056,0.005172946,4.76E-05,-0.009975959,0.01847946,0.001530569,-4.59E-07,-0.062366665,0.076660118,0.011409074,0.000101854,-0.016676928,0.057669444,0.003211765,-1.97E-06
432,H,2,-0.294285652,0.047047761,0.120177518,-0.112386503,0.005792291,0.203364516,0.146087775,0.137886224,7.05E-06,0.259047086,0.088633724,0.063577466,-0.018591596,0.009187271,0.005696069,-0.003670183,-0.043113477,0.021797221,0.0204559,-0.016414024,0.019136258,0.056324178,0.039596202,0.039062485,0.016334109,0.984605267,0.285490029,0.231074845,0.005788893,0.336927892,0.12296504,0.096531441,0.008144178,0.92668888,0.257651228,0.189070043,-0.287368061,0.263421858,0.054842088,4.20E-05,-0.162827446,0.146819353,0.028842342,1.81E-06,-0.037917248,0.045779017,0.006536631,3.34E-05,-0.019951093,0.019617114,0.003012047,-6.41E-06,-0.05126796,0.039775189,0.007165709,4.35E-06,-0.020850359,0.016615266,0.003303218,-6.92E-06,-0.004752283,0.004838922,0.000947944,1.10E-06,-0.00287973,0.00223672,0.000555994,-8.02E-07,-0.012232424,0.013106746,0.002397034,-1.09E-05,-0.005821084,0.006649522,0.001310971,2.16E-06,-0.00722801,0.00716742,0.001443528,5.83E-06,-0.003960552,0.00346441,0.00084407,-4.37E-08,-0.043128809,0.048832824,0.008895718,-9.71E-05,-0.010162122,0.033865174,0.002195316,-1.78E-06,-0.028725163,0.02533056,0.004664125,2.25E-05,-0.007314807,0.015597087,0.001316754,-3.47E-06,-0.049765228,0.052996178,0.009717975,-0.000106836,-0.013189586,0.041685888,0.002549501,-1.07E-06
432,L,0,-0.195629218,0.076904316,0.105746952,-0.090518718,0.008643797,0.205404346,0.136806125,0.128547325,2.11E-10,0.223011076,0.068483753,0.042173219,-0.019361589,0.008197667,0.007389842,-0.006024837,-0.046135708,0.019411198,0.020508486,-0.015101062,0.024105112,0.062935289,0.0426474,0.042006021,0.014305502,0.526776155,0.195986717,0.169513547,0.004585278,0.251833694,0.09665795,0.080214129,0.007323208,0.473287847,0.170493502,0.138398508,-0.278120539,0.29651357,0.054188635,-3.42E-05,-0.161969352,0.205519884,0.029279161,9.17E-05,-0.041027193,0.032488397,0.006136868,-8.72E-06,-0.015322729,0.015816785,0.002676362,-1.57E-06,-0.031325824,0.034330288,0.004729458,1.05E-06,-0.015784651,0.013688198,0.002253004,-1.38E-06,-0.005643765,0.003921935,0.000986205,8.83E-07,-0.002781446,0.002581516,0.000591974,-3.07E-07,-0.012230029,0.016164025,0.002345887,9.23E-07,-0.007296379,0.006696857,0.001277262,2.22E-06,-0.010797421,0.008293353,0.00149507,-1.83E-06,-0.004674512,0.005682512,0.000877764,-9.15E-07,-0.035562986,0.058736995,0.007038547,8.14E-05,-0.010989741,0.040528839,0.002089031,-1.61E-06,-0.022081788,0.019627016,0.003217561,2.67E-05,-0.004474775,0.01405304,0.000948336,-3.92E-06,-0.049999696,0.058957054,0.007920636,7.43E-05,-0.012364771,0.049804877,0.0026932,6.42E-07
432,L,1,-0.152042469,0.061303423,0.069532902,-0.054264929,0.010656668,0.202054993,0.145420962,0.138389289,6.54E-14,0.198455114,0.067093881,0.042280777,-0.018221997,0.008197667,0.006713707,-0.005315806,-0.046135708,0.019493695,0.022951326,-0.019136299,0.023692011,0.062935289,0.042955435,0.042338254,0.012507133,0.569721504,0.196599564,0.160568209,0.004785428,0.251833694,0.084585144,0.066008654,0.007323208,0.544785383,0.177473215,0.134618505,-0.278120539,0.29651357,0.051244126,6.60E-05,-0.161969352,0.205519884,0.027497233,1.09E-05,-0.043746882,0.036834225,0.005545926,-1.00E-06,-0.017134732,0.022482052,0.002372638,-2.07E-06,-0.047967708,0.036649044,0.004917543,-8.25E-06,-0.020951248,0.021962773,0.002391584,-2.78E-06,-0.00368612,0.004280805,0.000948638,1.23E-06,-0.002706479,0.002616674,0.000569408,-5.60E-08,-0.011934891,0.01519623,0.002227089,-1.20E-06,-0.008027442,0.006696857,0.001186059,1.25E-06,-0.006604233,0.008293353,0.001419661,1.04E-06,-0.004404574,0.003828076,0.00083307,-2.82E-07,-0.035562986,0.058736995,0.007050205,-1.90E-05,-0.010989741,0.040528839,0.001969386,-5.45E-07,-0.022081788,0.019627016,0.003368896,1.02E-06,-0.004474775,0.012743718,0.000984558,-1.96E-06,-0.03819974,0.058957054,0.007582469,-2.11E-05,-0.011481381,0.039431661,0.00227236,6.20E-07
432,L,2,-0.205109739,0.061296619,0.071140018,-0.056336596,0.009889987,0.202973153,0.145571398,0.13755782,6.54E-14,0.173537227,0.049869417,0.028202907,-0.01661095,0.008075414,0.006479411,-0.00496336,-0.045470918,0.022158374,0.023296173,-0.019303974,0.023692011,0.059550471,0.042041271,0.04153972,0.012507133,0.569721504,0.176449829,0.131930537,0.004785428,0.204548265,0.073411574,0.056006116,0.006435328,0.544785383,0.160453367,0.10813898,-0.239430601,0.237102903,0.047438287,2.05E-05,-0.12060425,0.109289334,0.024878546,2.80E-05,-0.046390259,0.036834225,0.005610739,2.06E-05,-0.017134732,0.022482052,0.002430229,-7.54E-06,-0.047967708,0.036649044,0.004718965,-9.65E-07,-0.020951248,0.021962773,0.002291852,-7.84E-07,-0.005146962,0.005307728,0.000983292,5.28E-07,-0.002706479,0.002643425,0.000584257,1.32E-07,-0.011934891,0.01519623,0.00226229,-1.93E-06,-0.008027442,0.005861376,0.001202869,2.88E-06,-0.006996081,0.007021044,0.001336057,4.65E-06,-0.003625326,0.004684868,0.000788774,-9.45E-07,-0.031507729,0.045928959,0.006853413,-3.99E-05,-0.010266789,0.028501581,0.001643502,8.51E-06,-0.018481004,0.020930301,0.003290217,2.41E-05,-0.003443407,0.011635349,0.000946348,1.63E-06,-0.033718852,0.051013354,0.007238464,-6.05E-05,-0.013487231,0.036058915,0.001969988,9.77E-06
432,M,0,-0.250139128,0.033178807,0.117096533,-0.108754292,0.007780169,0.206060815,0.136924405,0.12762374,2.27E-07,0.220140816,0.061898604,0.038044417,-0.129016401,0.032397106,0.008616194,-0.006265873,-0.127946938,0.025179741,0.021843984,-0.017066732,0.015017866,0.195227313,0.041546456,0.040680939,0.017322193,1.787487482,0.428256296,0.331289617,0.004999046,0.748598079,0.214390874,0.158413273,0.01036877,1.623914073,0.370729023,0.274432378,-0.269974718,0.297930356,0.055856511,0.00025021,-0.144956988,0.151228968,0.028953137,-3.96E-05,-0.041588124,0.039066662,0.00701536,1.10E-05,-0.016186086,0.023466893,0.003058067,-8.73E-06,-0.046180349,0.035637091,0.005546526,3.86E-06,-0.018152189,0.021645932,0.002698368,-3.15E-06,-0.047313256,0.035455967,0.001904344,3.40E-06,-0.020000673,0.028509407,0.00112479,-3.47E-07,-0.042649456,0.034363937,0.002874886,9.78E-07,-0.017568937,0.026100141,0.001545434,1.30E-06,-0.050395865,0.063215472,0.002475006,-1.72E-06,-0.038847493,0.031186656,0.001554329,1.06E-06,-0.05485858,0.069379302,0.009092226,-0.00012563,-0.015259886,0.040745073,0.002535302,1.03E-06,-0.026879474,0.017584192,0.004067579,-0.000100505,-0.005725255,0.013753569,0.001015665,-4.43E-06,-0.062596475,0.068515229,0.01008136,-7.95E-05,-0.015996366,0.04213075,0.003069367,1.20E-06
432,M,1,-0.221439286,0.082193596,0.124184229,-0.118699111,0.004523378,0.201990097,0.143620799,0.137231221,1.99E-08,0.220140816,0.063304253,0.038839141,-0.016922142,0.008060692,0.00673252,-0.00530236,-0.044148082,0.019019465,0.023115838,-0.019674921,0.023517713,0.057218548,0.041116644,0.040579901,0.011999517,0.85387228,0.208441973,0.182289585,0.004857156,0.297998514,0.100690749,0.077774231,0.008552682,0.853744092,0.18250871,0.152378426,-0.206982813,0.268618886,0.044052013,0.000188558,-0.144956988,0.151228968,0.024290249,-2.98E-05,-0.041588124,0.039066662,0.00615804,2.69E-05,-0.016186086,0.016770294,0.002782713,-6.00E-07,-0.046180349,0.038102859,0.005477102,1.84E-07,-0.020189736,0.017125435,0.002657805,4.45E-07,-0.003956768,0.004673304,0.000955879,-2.13E-06,-0.002888764,0.002050062,0.000578695,-9.96E-08,-0.01188474,0.012094994,0.002273971,-4.87E-06,-0.005977313,0.005613536,0.0012351,-7.70E-07,-0.008487133,0.006769893,0.001452815,2.44E-06,-0.003612352,0.004789668,0.000853148,1.38E-06,-0.040077783,0.041740655,0.006199689,-0.000175801,-0.008275549,0.020421278,0.001753825,-1.37E-06,-0.015148113,0.016598011,0.002952864,2.59E-05,-0.003616587,0.013753569,0.000820415,-6.54E-07,-0.041253678,0.05099058,0.006835103,-0.000182015,-0.010905395,0.034844499,0.002110039,-1.69E-06
432,M,2,-0.217546721,0.082193596,0.133618411,-0.126565876,0.004523378,0.201990097,0.141065222,0.135785967,1.81E-11,0.186144107,0.068100922,0.041756271,-0.01591882,0.004829486,0.006681836,-0.005308577,-0.047918136,0.022838711,0.025776932,-0.022304178,0.024933446,0.061905861,0.042741116,0.042052426,0.011999517,0.421582742,0.165211433,0.150089596,0.004348561,0.213789674,0.075920165,0.06291737,0.008552682,0.398115209,0.14673427,0.125742637,-0.200726299,0.249916911,0.043941146,-0.000237136,-0.100086937,0.117010219,0.024233372,-6.28E-05,-0.040812943,0.035685884,0.00544453,1.77E-06,-0.015087727,0.016770294,0.002471034,-2.39E-06,-0.044476596,0.038102859,0.004987974,3.19E-05,-0.020189736,0.017125435,0.00244147,5.12E-06,-0.004086522,0.003750156,0.000899779,-1.59E-06,-0.002088326,0.001892495,0.000536207,1.59E-08,-0.01188474,0.013620069,0.002264857,-3.65E-06,-0.006636434,0.005890303,0.001247978,1.73E-06,-0.007925452,0.006769893,0.001432243,3.79E-06,-0.003907332,0.00423938,0.000841507,-3.25E-07,-0.0365871,0.038827693,0.005409503,1.25E-05,-0.008275549,0.020217553,0.001530052,-4.39E-06,-0.021625951,0.024276402,0.002659257,-6.08E-06,-0.005749551,0.022174295,0.000818372,3.33E-06,-0.03732474,0.036269708,0.005756486,1.39E-05,-0.008524478,0.029515202,0.001755319,-5.39E-06
433,H,0,-0.302137625,0.16376208,0.090202247,-0.051075246,0.010099687,0.214540237,0.163886962,0.154088416,6.55E-07,0.140689728,0.028439934,0.01724867,-0.012997691,0.009902815,0.003840697,-0.001185301,-0.037415942,0.02509801,0.017138017,-0.01214624,0.020366138,0.057449646,0.037769899,0.037346073,0.016419251,0.895969246,0.240340586,0.206241794,0.003223315,0.385166974,0.12300136,0.095276743,0.010040879,0.883060747,0.20648066,0.166645169,-0.304424586,0.269247393,0.053737257,-0.000584593,-0.143745952,0.138155765,0.026045944,2.68E-05,-0.053366902,0.046196768,0.006181978,-8.36E-06,-0.016994869,0.024085195,0.002781122,1.03E-05,-0.030130881,0.027098527,0.003707709,5.38E-07,-0.015068557,0.013261266,0.00197441,-5.59E-07,-0.00471708,0.003984945,0.000978794,-2.75E-06,-0.001891559,0.002632517,0.000559888,-1.05E-06,-0.013848376,0.012866136,0.002169862,-6.18E-06,-0.007363401,0.008033383,0.001232315,2.21E-06,-0.005983915,0.009645983,0.001338104,3.44E-06,-0.003773121,0.004592612,0.000795158,1.60E-06,-0.05374024,0.052732822,0.007437192,4.03E-05,-0.011995471,0.028678335,0.001966747,5.24E-06,-0.029342176,0.0318029,0.004977203,-2.99E-05,-0.006859885,0.014439399,0.001240861,-1.11E-06,-0.079929281,0.052043646,0.008540656,6.74E-05,-0.013489939,0.033646807,0.002620209,6.11E-06
433,H,1,-0.309475742,0.085017572,0.105370382,-0.078789924,0.010099687,0.214964215,0.166813124,0.158341065,5.13E-06,0.150007085,0.037945829,0.023108171,-0.013008016,0.009260068,0.003678029,-0.001153645,-0.039391959,0.03314323,0.018004925,-0.013304207,0.020366138,0.058735719,0.039015018,0.038521683,0.015562037,0.964207463,0.292100564,0.219655737,0.003223315,0.421785899,0.130398909,0.097024902,0.009946944,0.962998152,0.261378775,0.1775179,-0.304424586,0.313085372,0.056221502,-0.000312702,-0.141041199,0.127739079,0.027863292,-4.40E-05,-0.053366902,0.046196768,0.006039466,-1.84E-05,-0.016994869,0.024085195,0.00274074,6.34E-06,-0.030130881,0.027395211,0.004910853,-1.00E-06,-0.015068557,0.014871544,0.002533298,1.89E-07,-0.004994987,0.004131441,0.000964697,-3.43E-06,-0.002525235,0.002587953,0.000573299,-1.00E-07,-0.01235682,0.011792834,0.002146226,2.40E-06,-0.007073572,0.00623446,0.001234433,-4.14E-07,-0.006934699,0.008478059,0.001374882,-1.87E-06,-0.004212926,0.004100532,0.000807627,1.67E-06,-0.071228654,0.063614574,0.011064909,6.80E-05,-0.015733484,0.035910657,0.002637643,4.22E-06,-0.030826672,0.037219719,0.005438085,1.20E-05,-0.007467884,0.015933469,0.001515699,-1.18E-06,-0.079929281,0.062787113,0.012000104,7.49E-05,-0.016053585,0.036787584,0.003051256,4.63E-06
433,H,2,-0.309475742,0.047403546,0.097082194,-0.066710371,0.020233018,0.214964215,0.16986056,0.162302754,3.33E-07,0.150007085,0.030691613,0.017723952,-0.013639612,0.009260068,0.003900003,-0.001038356,-0.039391959,0.03314323,0.021593833,-0.016932341,0.021471731,0.058735719,0.040901586,0.040425608,0.015562037,0.964207463,0.278133708,0.195380674,0.003488339,0.421785899,0.118638378,0.085285036,0.008975707,0.962998152,0.251561712,0.159626525,-0.402746608,0.313085372,0.052707843,6.36E-05,-0.141041199,0.127739079,0.026543444,-8.74E-05,-0.041970489,0.045880329,0.005992768,-4.33E-05,-0.015909697,0.019458324,0.002661768,5.02E-06,-0.028753616,0.027395211,0.004202141,7.38E-07,-0.012545612,0.014871544,0.002246075,1.52E-07,-0.004994987,0.004131441,0.000958924,-4.32E-07,-0.002525235,0.002587953,0.000569004,8.37E-07,-0.012193796,0.011792834,0.002195253,1.14E-05,-0.00661175,0.00623446,0.001240618,-9.45E-07,-0.006934699,0.008478059,0.001387334,-5.10E-06,-0.004212926,0.004100532,0.000826908,1.17E-06,-0.071228654,0.063614574,0.010784275,4.46E-05,-0.015733484,0.035910657,0.002424321,2.25E-06,-0.030826672,0.037219719,0.004812169,4.62E-05,-0.007467884,0.015933469,0.001337315,3.38E-06,-0.07186363,0.062787113,0.011362599,2.97E-05,-0.016053585,0.036787584,0.002729654,1.67E-06
433,L,0,-0.258325866,0.075335867,0.083894076,-0.060244267,0.009507699,0.219715975,0.165712973,0.157236817,7.84E-07,0.180669812,0.0314178,0.01764738,-0.012181646,0.011203558,0.004045698,-0.000378135,-0.035539895,0.027282486,0.016989671,-0.012799209,0.021577295,0.053154901,0.037719957,0.03726353,0.015290458,0.387782923,0.159546514,0.143465958,0.003671236,0.387134153,0.113940702,0.090130292,0.00754867,0.285108294,0.111680825,0.091308826,-0.208804236,0.290587857,0.043801464,-0.00010728,-0.104227559,0.112427286,0.023125366,4.61E-06,-0.049577827,0.045188626,0.006576105,-2.92E-06,-0.018183725,0.021686059,0.00295461,6.39E-06,-0.046092946,0.03950316,0.004608039,1.77E-06,-0.020127871,0.018340652,0.002286057,4.61E-08,-0.005650734,0.004038353,0.000938896,1.89E-06,-0.002136539,0.002588937,0.000535116,9.73E-08,-0.013015355,0.014026808,0.002128065,-2.90E-06,-0.009152412,0.006342137,0.001193757,-1.67E-06,-0.006630351,0.005935929,0.001307948,4.37E-06,-0.003594159,0.004683805,0.000768867,1.73E-06,-0.020469847,0.019611205,0.003305548,1.85E-05,-0.004230778,0.013888503,0.000929654,-2.77E-07,-0.019524619,0.019731066,0.00323726,4.52E-05,-0.004092971,0.012172571,0.000868713,-8.24E-07,-0.026237146,0.019267233,0.003912136,-1.83E-05,-0.004777901,0.012740748,0.001162126,1.37E-06
433,L,1,-0.221492203,0.037994472,0.070497146,-0.051749119,0.0102013,0.214839156,0.177368887,0.171240275,1.92E-06,0.180669812,0.027931931,0.01675534,-0.011584801,0.010684664,0.003789758,-0.001244687,-0.035214192,0.024764466,0.015194515,-0.012800202,0.021577295,0.054205548,0.037272561,0.036808616,0.015290458,0.476981866,0.161356301,0.136552487,0.002680031,0.280214685,0.103654964,0.086014936,0.00754867,0.440611029,0.123658823,0.091081748,-0.216139794,0.290587857,0.042589701,-0.000168327,-0.104267091,0.112427286,0.022903918,3.99E-06,-0.053149372,0.045993217,0.005865582,5.29E-06,-0.019313941,0.022064204,0.002622571,6.15E-06,-0.044034083,0.03950316,0.003802982,-1.13E-05,-0.015199206,0.017561671,0.001947628,4.90E-08,-0.004313286,0.003933662,0.000859591,-3.42E-06,-0.002090999,0.002207803,0.000498251,-3.03E-07,-0.013007243,0.010800083,0.001889665,8.92E-07,-0.007733125,0.006886383,0.001110436,-6.19E-07,-0.007254484,0.006447088,0.001209955,-2.92E-07,-0.003804605,0.004683805,0.000714797,1.93E-06,-0.04045345,0.028786274,0.004147637,-4.80E-05,-0.009019809,0.020970783,0.001090002,-6.98E-07,-0.022872132,0.019731066,0.003551011,-4.99E-05,-0.004092971,0.014127009,0.000879523,6.40E-07,-0.037045058,0.025317772,0.004746165,-1.18E-05,-0.009268818,0.022882282,0.001278295,-1.54E-06
433,L,2,-0.4076184,0.037994472,0.087475075,-0.058514593,0.006895425,0.21655853,0.170988506,0.163996585,1.14E-06,0.066806638,0.012907626,0.008910061,-0.011584801,0.010977773,0.003888513,-0.001151236,-0.041622209,0.024689011,0.016565641,-0.013638427,0.013365241,0.056897259,0.037461999,0.036956604,0.015312985,0.885550967,0.212732284,0.163059405,0.001980739,0.423668427,0.113321585,0.08532651,0.008833356,0.879903997,0.180036783,0.125289706,-0.317674192,0.240121406,0.047824426,-0.000218559,-0.130103547,0.106098901,0.024826691,-4.15E-06,-0.053149372,0.054305233,0.006124293,7.12E-07,-0.020652563,0.02337058,0.002782581,7.61E-06,-0.013464259,0.01482039,0.002192444,1.76E-07,-0.009198781,0.007666618,0.001370411,2.15E-07,-0.00344216,0.004671459,0.00090475,-1.53E-06,-0.002233844,0.002294915,0.000538841,3.47E-08,-0.013544505,0.010800083,0.002130468,1.83E-06,-0.007162176,0.006886383,0.001211459,-3.21E-07,-0.007254484,0.011551613,0.001332536,-2.23E-06,-0.006494676,0.004414865,0.000793917,1.23E-06,-0.070276341,0.058123691,0.00683558,1.50E-05,-0.009779826,0.020970783,0.001493345,-3.88E-07,-0.022872132,0.022393652,0.004174569,-2.44E-06,-0.005003261,0.016500067,0.001061598,5.72E-08,-0.074846697,0.056819053,0.007272497,2.56E-05,-0.009746243,0.027799193,0.001783412,-2.38E-06
433,M,0,-0.26922311,0.015381933,0.082476259,-0.06589739,0.005572934,0.213104417,0.159842769,0.14871914,1.59E-05,0.071226874,0.023986505,0.019931873,-0.019532538,0.012176193,0.004621811,-0.001060198,-0.034182887,0.022666169,0.0142682,-0.010544363,0.021809093,0.055180317,0.0379134,0.037398446,0.013715506,0.508040745,0.139954652,0.113207389,0.00474303,0.239936199,0.070762052,0.054781424,0.009618457,0.460512385,0.120747822,0.092201113,-0.241127369,0.276752675,0.039382872,0.000121157,-0.120403458,0.104487182,0.021207266,7.13E-06,-0.045979505,0.0390341,0.00603826,7.37E-06,-0.014825737,0.022407358,0.002570807,6.86E-06,-0.013281751,0.014973847,0.002879158,5.72E-07,-0.009321798,0.007859258,0.001765,-5.79E-08,-0.007161227,0.005611183,0.000976617,-1.41E-07,-0.002773173,0.003521669,0.000548918,7.31E-07,-0.013458664,0.012293981,0.001669885,-1.15E-06,-0.008532141,0.006132575,0.001001449,-8.01E-07,-0.006027613,0.00551689,0.001103481,4.09E-06,-0.00315244,0.004013363,0.000683525,6.51E-07,-0.022425992,0.032033501,0.003352101,6.35E-06,-0.005711044,0.008528831,0.000821712,3.04E-07,-0.015609479,0.018203641,0.00257248,2.25E-05,-0.003735005,0.012418753,0.000761114,-6.36E-07,-0.02052171,0.030853683,0.003180342,-1.19E-05,-0.005551652,0.009878351,0.000877232,9.68E-07
433,M,1,-0.209254799,0.004230575,0.065773027,-0.051085878,0.019286985,0.213104417,0.176009946,0.169992365,7.57E-06,0.212727802,0.032277465,0.021912342,-0.011914591,0.014957138,0.004327017,-0.001195263,-0.034182887,0.022022141,0.015699078,-0.013119308,0.021809093,0.052133338,0.039346012,0.038997363,0.013715506,0.324225392,0.125209603,0.110134951,0.004339859,0.22044835,0.090680483,0.072304313,0.009785914,0.254989965,0.086339415,0.068865498,-0.259225583,0.276752675,0.038341989,-0.000168143,-0.107364073,0.130067389,0.021025251,-1.18E-05,-0.041825392,0.0390341,0.004793509,-4.97E-06,-0.013568995,0.022407358,0.002051494,6.40E-06,-0.03025482,0.031350121,0.003934115,-1.48E-08,-0.012453161,0.013560647,0.002133737,2.00E-07,-0.00496436,0.005300953,0.000868875,-1.61E-06,-0.002318689,0.002092596,0.00051094,-2.20E-07,-0.012962721,0.00907254,0.001529275,-3.87E-06,-0.006823188,0.005744349,0.000900815,-3.86E-07,-0.006027613,0.006123974,0.001024224,1.57E-06,-0.00305242,0.003692943,0.000620363,1.39E-06,-0.017714427,0.017331601,0.002681297,2.68E-05,-0.005102417,0.0075669,0.000732152,-1.25E-06,-0.015609479,0.022129945,0.002507458,5.08E-06,-0.004352586,0.012721669,0.000791071,-9.09E-07,-0.015606616,0.017963491,0.002473542,2.62E-05,-0.004120758,0.007648502,0.000773103,-1.10E-06
433,M,2,-0.205359374,-0.00242393,0.068576492,-0.055028327,0.019286985,0.212730727,0.173803194,0.167343503,7.57E-06,0.212727802,0.031736647,0.020223987,-0.011322998,0.014957138,0.004261696,-0.001276288,-0.033154398,0.025270525,0.016412221,-0.013134694,0.023328344,0.0545283,0.03858286,0.03825869,0.014327325,0.280685599,0.125345094,0.111622582,0.003586307,0.246944036,0.091629534,0.075754691,0.007152841,0.248482842,0.085530235,0.067750338,-0.259225583,0.167862338,0.036280569,-0.000270295,-0.107606607,0.130067389,0.020171634,3.73E-07,-0.044858892,0.043286882,0.004952297,-3.98E-05,-0.014634153,0.017225102,0.002098331,3.72E-06,-0.03025482,0.031350121,0.003972038,2.56E-05,-0.012453161,0.013560647,0.002113149,3.30E-06,-0.00496436,0.005300953,0.000845222,-2.35E-06,-0.001978429,0.002092596,0.000494168,-4.21E-08,-0.012962721,0.011026016,0.001672819,6.25E-06,-0.006823188,0.005744349,0.000952858,4.19E-07,-0.006048272,0.006123974,0.001043614,-4.90E-06,-0.003593371,0.003692943,0.000631956,9.06E-07,-0.020439584,0.023127697,0.002751255,-6.09E-06,-0.006445431,0.014355149,0.000840591,-7.79E-07,-0.015131165,0.022129945,0.002481415,-4.26E-06,-0.004352586,0.012721669,0.000767913,-7.49E-07,-0.029086027,0.023907937,0.002704131,-5.74E-06,-0.006705278,0.023037601,0.001027722,-9.53E-07
434,H,0,-0.143093223,0.39846289,0.075244209,-0.036959601,0.009655271,0.236730449,0.177653578,0.170094978,5.89E-08,0.231202667,0.043921927,0.023646752,-0.012672318,0.017760001,0.005248843,0.001958704,-0.056397538,0.018323024,0.024660885,-0.021361534,0.025545794,0.0702237,0.047923959,0.047276079,0.010325434,0.70622135,0.212675435,0.180945173,0.002460867,0.705751767,0.147877155,0.107396819,0.007479671,0.595413817,0.152850213,0.121060412,-0.278910817,0.273207483,0.053823113,-0.000190121,-0.14058256,0.115167136,0.027937845,-1.81E-05,-0.060198422,0.046793265,0.008889285,-4.88E-05,-0.023094864,0.026909214,0.004051411,-2.37E-06,-0.044226136,0.046900042,0.004889702,7.57E-06,-0.030003058,0.020063199,0.002554301,-4.16E-07,-0.004243007,0.004512038,0.001075835,3.55E-07,-0.002193457,0.002599999,0.00062397,-8.81E-07,-0.013024088,0.015106191,0.002674537,2.49E-06,-0.00867383,0.007432683,0.001453371,3.62E-06,-0.01010751,0.007873375,0.001627002,-2.54E-06,-0.004464175,0.004627881,0.000914796,1.59E-07,-0.058424929,0.039369741,0.005503379,3.27E-06,-0.013729529,0.022159359,0.001370863,-1.96E-07,-0.039115974,0.044945168,0.004811363,1.18E-05,-0.007484245,0.01203849,0.001087278,-1.17E-06,-0.081998789,0.049240424,0.005655656,-1.26E-05,-0.018824241,0.023071917,0.001600216,7.05E-07
434,H,1,-0.143093223,0.031654498,0.069882976,-0.061096215,0.009655271,0.241627758,0.182916205,0.176293113,5.89E-08,0.133729,0.024114182,0.015378116,-0.01077903,0.015711621,0.005851322,0.00406358,-0.051266863,0.017782518,0.025423158,-0.023000716,0.027783705,0.067768936,0.048596999,0.048099277,0.009724049,0.291984461,0.105378622,0.090103802,0.002460867,0.291625036,0.08225659,0.058893899,0.006860588,0.198603655,0.065867347,0.052945765,-0.271739458,0.318774657,0.04903771,-5.61E-05,-0.180481185,0.170863696,0.028585637,1.46E-05,-0.058128824,0.046793265,0.008726228,-3.18E-05,-0.020551488,0.026909214,0.003868933,-2.01E-06,-0.02871731,0.032456706,0.003424625,2.27E-06,-0.012592212,0.013641738,0.00184266,5.02E-07,-0.003930052,0.004512038,0.000915117,-9.80E-08,-0.002193457,0.002354873,0.000536803,-3.29E-07,-0.013911995,0.015106191,0.002456933,1.04E-05,-0.007713872,0.007432683,0.001325766,-1.20E-08,-0.01010751,0.007873375,0.001556211,-4.26E-06,-0.004464175,0.004627881,0.000854368,9.42E-07,-0.012235316,0.015353476,0.00212581,-2.30E-05,-0.003595515,0.010120947,0.000703093,6.61E-07,-0.015994355,0.012279501,0.002050372,-2.27E-05,-0.003272967,0.007957037,0.000567557,6.32E-07,-0.015880977,0.022489735,0.002520526,-7.08E-06,-0.004654851,0.012371052,0.000881672,-4.80E-08
434,H,2,-0.128477098,0.022625027,0.066611407,-0.060226038,0.012277691,0.241627758,0.182776769,0.177242868,1.45E-07,0.150051612,0.014807323,0.011136777,-0.009602342,0.015584954,0.005475014,0.00299681,-0.045268157,0.013951733,0.026967566,-0.025073098,0.030670552,0.068301817,0.049149117,0.048712105,0.009724049,0.215935626,0.101368442,0.086636997,0.002986585,0.151636267,0.064442052,0.052367875,0.006860588,0.198989051,0.078248213,0.06211368,-0.271739458,0.318774657,0.050670154,4.63E-05,-0.180481185,0.170863696,0.030228112,2.80E-05,-0.053139412,0.042580835,0.007861843,5.29E-05,-0.018277148,0.024318338,0.003489102,-2.20E-08,-0.026883671,0.039262495,0.002785407,-4.91E-07,-0.015686597,0.015038458,0.001629761,2.20E-08,-0.003634842,0.003493486,0.00086688,1.32E-06,-0.001900436,0.002237526,0.000507533,3.18E-07,-0.014084801,0.012255167,0.002196206,-1.02E-05,-0.008574896,0.007308724,0.001204706,5.84E-07,-0.007433985,0.009413638,0.001358168,3.99E-06,-0.004423681,0.004785902,0.000758687,1.88E-08,-0.014641002,0.023121468,0.002322514,7.19E-06,-0.0053556,0.011072905,0.000822825,5.12E-07,-0.015044871,0.017396103,0.002375813,-1.85E-05,-0.004132135,0.013482881,0.000796496,7.62E-07,-0.016713159,0.024713864,0.002340882,2.83E-05,-0.005662651,0.018177898,0.000946378,1.24E-07
434,L,0,-0.326780281,0.291995967,0.080699153,-0.063575479,0.008963015,0.660942249,0.181614025,0.171183399,1.19E-06,0.149207156,0.021803634,0.012334422,-0.055362704,0.72282459,0.045662548,0.005032027,-0.267239188,0.014721573,0.030258492,-0.023304001,0.028361822,0.798157514,0.068266641,0.051090785,0.015245416,1.268953329,0.190331705,0.138380627,0.004445476,0.568195836,0.114353196,0.087585077,0.008784228,1.146390065,0.152149613,0.092388597,-2.79814156,3.885177285,0.1816972,-0.00029949,-2.083337794,1.621530265,0.086469126,-0.000385546,-0.051923449,0.06443152,0.00938476,-8.70E-05,-0.029391082,0.029930093,0.004294478,-1.09E-05,-0.03520582,0.034706332,0.003421338,-1.39E-05,-0.011803688,0.013966539,0.001820085,-3.74E-06,-0.116140531,0.053929391,0.004430498,-4.88E-05,-0.050065907,0.047046363,0.001974276,-2.50E-05,-0.015226315,0.050067809,0.003247883,7.97E-06,-0.014339487,0.019210867,0.001656712,3.40E-06,-0.126539343,0.054295268,0.004768187,-2.96E-05,-0.049215529,0.048543247,0.002147856,-1.77E-05,-0.029978298,0.025474029,0.003790359,6.09E-05,-0.00983183,0.009679571,0.00095971,-4.81E-07,-0.031001394,0.028481311,0.003331208,-4.07E-05,-0.008775585,0.021973644,0.001033665,2.79E-06,-0.022150114,0.029722402,0.00382211,8.93E-05,-0.014771472,0.015394173,0.001206004,-3.37E-06
434,L,1,-0.171729368,0.016598395,0.097551977,-0.091906206,0.014233912,0.234998722,0.181027111,0.174366935,1.32E-05,0.149207156,0.017499904,0.01085037,-0.015631211,0.01652238,0.004316041,-0.000211035,-0.044764559,0.013176124,0.025581764,-0.023349087,0.026642545,0.06801869,0.047686138,0.047109231,0.017585446,0.237210325,0.112724388,0.100699579,0.004445476,0.226507208,0.089138974,0.073651171,0.006426034,0.216897834,0.069000224,0.056169704,-0.209472501,0.221358275,0.042948489,-8.46E-05,-0.129005602,0.12221193,0.02469492,1.82E-05,-0.050006139,0.039818982,0.008080946,-9.97E-06,-0.017626289,0.025056542,0.003614167,2.33E-06,-0.03520582,0.034706332,0.003317921,-3.99E-06,-0.011803688,0.013966539,0.001752961,-5.52E-07,-0.003453115,0.005431935,0.000898326,2.08E-08,-0.002156661,0.002274277,0.000526989,-2.38E-07,-0.014923994,0.011709381,0.002168991,-1.42E-06,-0.008071032,0.00616078,0.001160699,-1.85E-07,-0.00796963,0.006413705,0.001441508,6.19E-07,-0.004058086,0.003940249,0.000807467,1.17E-06,-0.012744017,0.017343737,0.002488972,4.98E-05,-0.003864139,0.006050711,0.000655945,9.58E-07,-0.018966957,0.018380407,0.002472214,4.84E-05,-0.003697842,0.011505897,0.000670081,1.36E-06,-0.019260357,0.018242803,0.002500517,1.58E-05,-0.004862488,0.011524077,0.000808134,-7.58E-07
434,L,2,-0.195714708,-0.002754186,0.103145672,-0.097590268,0.008761803,0.235696938,0.178258233,0.17195516,3.41E-07,0.142000363,0.013927794,0.010286242,-0.015080658,0.01652238,0.004144714,-0.000904336,-0.046353839,0.017122806,0.026687845,-0.024417363,0.026642545,0.067630017,0.048877576,0.048243508,0.019083617,0.28622972,0.121072034,0.106028253,0.004599916,0.284119248,0.100763049,0.081071052,0.006426034,0.217725264,0.067121124,0.05494247,-0.24332749,0.221358275,0.042136669,0.000119005,-0.144503982,0.130941622,0.024397748,1.68E-05,-0.050006139,0.035967923,0.007881668,-3.38E-06,-0.017626289,0.024067629,0.003487676,4.75E-06,-0.026352464,0.033049724,0.002643334,3.75E-06,-0.013364175,0.010726131,0.001555805,1.14E-06,-0.003259486,0.005431935,0.000909384,1.61E-06,-0.002322582,0.00257924,0.000536971,-6.41E-07,-0.012363394,0.01108602,0.002106869,-4.76E-06,-0.008071032,0.005158115,0.001121081,-1.61E-06,-0.007043537,0.006462306,0.001373284,-2.48E-07,-0.003519287,0.003374317,0.000774947,1.15E-06,-0.009707437,0.017143483,0.002140656,-7.29E-06,-0.003247292,0.005269763,0.000623661,-1.32E-06,-0.012889494,0.018380407,0.002244154,1.72E-05,-0.003087925,0.008740618,0.000598909,-1.75E-06,-0.012532354,0.010812099,0.002006629,-1.82E-05,-0.002359087,0.003703533,0.00066892,-5.04E-07
434,M,0,-0.135995846,0.267368362,0.075122695,-0.057799214,0.00339723,0.242748109,0.171473036,0.162077517,3.34E-08,0.161866456,0.018381333,0.010814703,-0.013663638,0.01264402,0.003887763,0.000619732,-0.051061251,0.015759224,0.024052997,-0.020555849,0.024400635,0.065326296,0.045724167,0.045150771,0.015515313,0.490787893,0.127937898,0.11392575,0.002608664,0.349331052,0.08424335,0.061476206,0.009985211,0.34473261,0.096286882,0.082894593,-0.269555352,0.430682341,0.055608813,-0.000208907,-0.146973977,0.157847776,0.029761557,-7.03E-05,-0.050232734,0.046886531,0.009821869,3.32E-05,-0.017597527,0.02989818,0.004219311,-2.37E-06,-0.030137025,0.031295425,0.003418955,1.21E-05,-0.010795477,0.013084978,0.001799087,-5.88E-06,-0.004431895,0.005022526,0.001004825,-1.04E-07,-0.002320182,0.002614924,0.000586987,-5.08E-07,-0.014165174,0.014806278,0.002617489,-7.41E-06,-0.008544763,0.007178069,0.001377398,9.86E-07,-0.008898169,0.00933802,0.001626076,1.23E-06,-0.004649049,0.004962735,0.00093031,1.68E-06,-0.036685849,0.037126454,0.003825497,-4.00E-05,-0.009033978,0.015921392,0.001084043,-3.80E-06,-0.028919764,0.026534744,0.003144748,1.25E-05,-0.007032193,0.013276925,0.000904732,-2.85E-06,-0.023101696,0.03602219,0.003770901,-4.47E-05,-0.006139866,0.019177736,0.001262521,-2.50E-06
434,M,1,-0.117346876,0.039287212,0.049966844,-0.039048356,0.004359652,0.243700314,0.175025672,0.167409182,2.16E-06,0.161866456,0.02528289,0.014998004,-0.011868713,0.013196226,0.004719703,0.00140464,-0.052787662,0.015617615,0.02575757,-0.022653688,0.026733308,0.067680661,0.046304239,0.045687046,0.014412554,0.250781501,0.103485083,0.093397592,0.002608664,0.162865881,0.050372847,0.037350881,0.009985211,0.214041438,0.09039767,0.080749564,-0.267386403,0.205647921,0.04625937,0.000181665,-0.108629072,0.1414299,0.025903142,8.86E-06,-0.054618324,0.04476551,0.008818352,4.25E-06,-0.018544273,0.024663372,0.003809723,-3.91E-06,-0.030137025,0.031295425,0.003987222,-2.88E-06,-0.015509497,0.013084978,0.00201615,-1.13E-06,-0.00515113,0.005022526,0.000980642,5.11E-07,-0.002576581,0.002645778,0.000557216,-7.85E-07,-0.015979404,0.013013024,0.002465183,3.40E-06,-0.007667412,0.006069006,0.001299214,1.16E-06,-0.009172621,0.010638455,0.001553667,-1.05E-06,-0.004277435,0.004912781,0.000874934,7.77E-08,-0.015092579,0.015966241,0.002756885,-1.30E-05,-0.004418327,0.011099167,0.000803113,1.41E-06,-0.017967513,0.016073921,0.002593041,1.54E-06,-0.00414099,0.010042622,0.00073693,2.40E-07,-0.016988348,0.016720237,0.002552443,-1.34E-05,-0.004947796,0.010049483,0.000852595,1.15E-06
434,M,2,-0.195495363,0.031037098,0.068908366,-0.056152833,0.004359652,0.243700314,0.17194403,0.164660728,1.05E-06,0.12961863,0.020481559,0.011379498,-0.012010683,0.014359125,0.004537765,0.001492175,-0.052787662,0.020878333,0.026953151,-0.023863932,0.026429167,0.067680661,0.047246774,0.046620834,0.014412554,0.250781501,0.102240743,0.090835551,0.002195005,0.152443845,0.050217532,0.037510572,0.010144992,0.214041438,0.089058233,0.077142413,-0.237662862,0.229194405,0.044153657,-0.000213556,-0.125761386,0.128883643,0.02518347,9.56E-06,-0.054618324,0.045227855,0.009006307,1.86E-05,-0.018544273,0.024462762,0.003903456,-4.65E-06,-0.028923042,0.025929294,0.003103854,-1.03E-05,-0.015509497,0.010131249,0.001728244,5.49E-06,-0.00515113,0.003840483,0.000974946,5.84E-07,-0.002576581,0.002645778,0.000555624,-2.52E-07,-0.015979404,0.013013024,0.002564742,-2.28E-06,-0.007667412,0.006782139,0.001367516,1.19E-06,-0.009172621,0.010638455,0.001626932,3.92E-06,-0.004902784,0.004912781,0.000914388,-4.98E-08,-0.014924803,0.011756501,0.002353138,3.55E-06,-0.003526291,0.003392647,0.000640495,1.84E-06,-0.017967513,0.016073921,0.002295665,8.52E-06,-0.00414099,0.010042622,0.000659953,3.34E-06,-0.012336704,0.012057139,0.002040614,-3.72E-06,-0.003241758,0.003419487,0.00063137,-3.46E-07
435,H,0,-0.157150394,-0.014158938,0.096127812,-0.091451784,0.01127513,0.201782765,0.143079846,0.136060868,5.56E-08,0.230319862,0.039813144,0.020281668,-0.022590571,0.008886581,0.008676034,-0.005836223,-0.047727419,0.022731345,0.026233669,-0.021493732,0.02229857,0.066450128,0.047821329,0.047189049,0.011002146,0.386141317,0.137936132,0.119296217,0.004769131,0.224322473,0.085411658,0.066786626,0.007447914,0.38159006,0.108310781,0.088476742,-0.180102965,0.232766869,0.035721949,6.18E-05,-0.11822208,0.132126816,0.020346102,4.27E-05,-0.035718521,0.0366566,0.004342052,1.64E-05,-0.013326988,0.012166792,0.001853798,-6.30E-06,-0.041648429,0.06437577,0.004958993,1.83E-05,-0.030397065,0.028508486,0.002388028,7.99E-07,-0.005163014,0.004059246,0.001005853,-1.45E-06,-0.002371851,0.002396602,0.000573378,1.53E-07,-0.012866032,0.011573109,0.001861724,-3.08E-07,-0.005488308,0.007032083,0.000995272,1.69E-06,-0.009984102,0.009043875,0.001208616,1.74E-07,-0.004625348,0.004116415,0.000708571,-5.51E-07,-0.025131546,0.030689823,0.00349964,-4.82E-05,-0.005052799,0.012597323,0.00092159,-3.37E-07,-0.016446689,0.019359668,0.001962732,9.18E-06,-0.003698811,0.008040837,0.000549902,3.09E-08,-0.02036125,0.029302008,0.003686728,-5.86E-05,-0.005089671,0.020202569,0.001094668,2.93E-07
435,H,1,-0.210272393,-0.014158938,0.093454881,-0.087682246,0.005952672,0.207274314,0.155070481,0.148144405,4.86E-09,0.23870565,0.039281026,0.01622984,-0.020072122,0.011994719,0.006333201,-0.003863977,-0.048402033,0.017575324,0.028650684,-0.025583487,0.02229857,0.067479976,0.048822568,0.048213048,0.011002146,0.424507855,0.161064975,0.140623966,0.003140646,0.224322473,0.086450834,0.069945149,0.007447914,0.413649775,0.135897681,0.110267205,-0.171385987,0.174343118,0.038080999,0.000115699,-0.1111537,0.094224567,0.02117102,-2.78E-06,-0.037850968,0.036921488,0.005130129,1.90E-06,-0.013413766,0.013851606,0.002159696,-4.23E-06,-0.041648429,0.061387906,0.005302216,2.29E-05,-0.029867536,0.028508486,0.002532068,-1.29E-07,-0.005699622,0.006865265,0.001025079,1.16E-06,-0.004458893,0.003359503,0.000580028,-7.11E-07,-0.014151641,0.014287067,0.002056269,3.80E-06,-0.006222517,0.007032083,0.001128293,1.59E-06,-0.009362901,0.009043875,0.001246472,-2.20E-06,-0.004625348,0.004127142,0.000727971,-2.85E-07,-0.021511745,0.032443623,0.004306592,2.64E-05,-0.007750571,0.016247492,0.001121701,2.04E-06,-0.015825311,0.012491218,0.002479848,-2.69E-06,-0.003248736,0.013831563,0.00065732,-8.41E-07,-0.023879153,0.036033502,0.004533246,2.78E-05,-0.007257463,0.025201871,0.00129308,2.78E-06
435,H,2,-0.210272393,0.000557923,0.095194201,-0.089424324,0.005952672,0.207274314,0.154299351,0.146640907,4.86E-09,0.252720207,0.050079948,0.027386244,-0.020072122,0.011994719,0.007007208,-0.004944693,-0.048402033,0.022634352,0.028032115,-0.024755754,0.024832768,0.067479976,0.049099372,0.048485414,0.021675403,0.424507855,0.17749055,0.15765942,0.003140646,0.26450652,0.096951798,0.080332486,0.005800815,0.413649775,0.148671598,0.120033884,-0.172769586,0.174343118,0.039109072,-0.000327556,-0.111932443,0.104574256,0.022090178,-6.14E-06,-0.037850968,0.038841275,0.005111384,-4.73E-05,-0.014373634,0.014328302,0.002131504,-4.82E-06,-0.048482263,0.043557427,0.005471628,-1.37E-05,-0.021926643,0.021755573,0.002619878,-6.16E-07,-0.005699622,0.006865265,0.001014971,1.15E-06,-0.004458893,0.003359503,0.000573934,-3.08E-07,-0.014151641,0.014287067,0.002046757,6.80E-06,-0.006222517,0.006706814,0.001134103,1.26E-06,-0.009362901,0.007721528,0.001240035,-6.29E-06,-0.004104059,0.004205071,0.000731225,-2.33E-07,-0.024237864,0.041209023,0.004645006,4.06E-05,-0.007750571,0.018053728,0.001312717,1.72E-06,-0.015825311,0.011877475,0.002684559,1.12E-07,-0.003248736,0.013831563,0.000721924,-1.15E-06,-0.049973896,0.043515742,0.005450494,4.64E-05,-0.010144081,0.040114471,0.00187577,2.12E-06
435,L,0,-0.213272948,0.134989706,0.084001964,-0.066960763,0.00903492,0.213501716,0.155023209,0.148255158,8.39E-07,0.274468533,0.033383741,0.013600036,-0.016404962,0.010399363,0.005893403,-0.003129056,-0.048012248,0.0240273,0.028054778,-0.024263964,0.023710403,0.066938665,0.050064582,0.049474331,0.015170396,0.459522816,0.203527525,0.165235361,0.00335352,0.406896955,0.144904094,0.101335699,0.011446311,0.436204712,0.142920457,0.108914877,-0.193719943,0.220615851,0.043620953,-4.52E-06,-0.126385523,0.102887282,0.023673601,-4.43E-05,-0.045492619,0.035547868,0.004965528,-2.07E-06,-0.016179467,0.017720217,0.002143598,-5.44E-06,-0.063466088,0.046335047,0.004300514,-3.77E-06,-0.026528477,0.022618041,0.002095187,8.24E-07,-0.003924409,0.004199176,0.000897502,-1.40E-06,-0.002138345,0.002243455,0.000522572,-2.61E-08,-0.014779191,0.011771878,0.002101048,1.16E-06,-0.009738556,0.0081065,0.001154674,2.34E-06,-0.00786341,0.007845726,0.001305767,1.65E-06,-0.004308584,0.003839952,0.000759293,-7.19E-07,-0.01602553,0.035675079,0.00376824,-2.87E-05,-0.00646914,0.008713749,0.000865493,3.95E-06,-0.015291248,0.015887362,0.002459822,-4.68E-06,-0.003406941,0.011220424,0.000614553,-3.16E-06,-0.030259011,0.036245271,0.004193398,-3.08E-05,-0.007419742,0.022568236,0.001079715,5.40E-06
435,L,1,-0.213272948,0.002898449,0.077957322,-0.065910508,0.013778472,0.217108239,0.170449517,0.165895034,3.02E-08,0.274468533,0.059581018,0.034102772,-0.015562838,0.010399363,0.005573561,-0.003526951,-0.049112217,0.023128381,0.026987037,-0.0246015,0.023710403,0.070401908,0.051047815,0.050484633,0.015170396,0.459522816,0.191376299,0.161143183,0.00335352,0.406896955,0.157507043,0.113565686,0.009569197,0.410209933,0.108703353,0.090514744,-0.230146002,0.212465782,0.040921963,0.0002383,-0.093435382,0.134858966,0.022473582,-4.00E-06,-0.045492619,0.036691169,0.004549529,-5.85E-06,-0.016179467,0.022782151,0.002082896,-2.84E-06,-0.063466088,0.046335047,0.005009164,1.46E-08,-0.026528477,0.022618041,0.002320754,-7.05E-08,-0.003655986,0.004326893,0.00084376,1.44E-06,-0.001817569,0.002243455,0.000510617,1.04E-07,-0.014779191,0.011771878,0.001853221,1.32E-06,-0.009738556,0.0081065,0.001023754,1.44E-06,-0.009537307,0.007845726,0.001274911,1.37E-06,-0.004308584,0.005163173,0.000738849,-9.73E-07,-0.020056824,0.026972781,0.002753144,1.09E-05,-0.004934502,0.01915916,0.000814892,5.65E-07,-0.015291248,0.015887362,0.002321117,7.96E-06,-0.002546223,0.011220424,0.000527917,5.48E-08,-0.030259011,0.028470442,0.0032052,6.27E-06,-0.007419742,0.022568236,0.001041305,7.12E-07
435,L,2,-0.181205916,0.002898449,0.064249708,-0.05203408,0.00442622,0.217108239,0.176012488,0.173297981,3.02E-08,0.219556566,0.050155846,0.025510385,-0.015224277,0.006422681,0.005406938,-0.004149133,-0.049112217,0.021832684,0.026459894,-0.02468112,0.026210079,0.070401908,0.051336916,0.050854107,0.013308225,0.310930342,0.133020817,0.123023945,0.003684918,0.309625165,0.105045192,0.081997431,0.009569197,0.206764546,0.081609101,0.074132771,-0.230146002,0.212465782,0.036520463,7.64E-05,-0.093435382,0.134858966,0.020625603,-1.73E-05,-0.043855911,0.036691169,0.004077789,3.42E-06,-0.014773354,0.022782151,0.001934105,-1.90E-06,-0.033246383,0.033963717,0.003515135,-5.54E-07,-0.018418136,0.01445367,0.00177924,-3.30E-08,-0.003424734,0.004326893,0.000825853,4.93E-07,-0.00252295,0.002053484,0.000498951,-3.46E-07,-0.012782885,0.012718207,0.001729167,1.21E-06,-0.006136836,0.006071612,0.000968914,-2.12E-07,-0.009537307,0.00813605,0.001257256,-6.75E-07,-0.004073652,0.005163173,0.000719357,2.87E-07,-0.020056824,0.026972781,0.002025517,-9.99E-07,-0.004934502,0.01915916,0.000676347,7.35E-07,-0.009757955,0.011981645,0.001761424,2.09E-05,-0.001369001,0.005146162,0.000403898,4.01E-07,-0.02148632,0.027757652,0.00203218,-1.87E-05,-0.005142525,0.020721949,0.000739266,4.67E-07
435,M,0,-0.181656943,0.059709567,0.076376585,-0.064301427,0.0108026,0.213811487,0.156386281,0.150609594,9.85E-08,0.20459206,0.070733307,0.045017333,-0.017854264,0.008466862,0.006741781,-0.004895852,-0.056929106,0.01995212,0.026299439,-0.023084124,0.021225612,0.067373548,0.048841711,0.048149121,0.013344208,0.664666729,0.197806693,0.171865506,0.003620011,0.536960961,0.125592384,0.100437448,0.007043232,0.458472971,0.15282029,0.122509694,-0.258846004,0.220928713,0.037689541,0.000185519,-0.093053437,0.12554333,0.020490608,-1.98E-05,-0.048232019,0.034367456,0.004503046,1.77E-05,-0.016274563,0.017828918,0.001950799,-2.47E-06,-0.042721752,0.04946316,0.005652937,6.13E-06,-0.01933125,0.020839834,0.002603053,-1.83E-06,-0.004223123,0.003950516,0.000951968,4.06E-08,-0.00227753,0.002336095,0.000560273,-1.60E-08,-0.014035617,0.016120808,0.001926567,2.39E-06,-0.007204211,0.006616709,0.001070434,2.39E-06,-0.00981537,0.0094261,0.001244258,-6.58E-08,-0.004509701,0.004769696,0.000734437,-5.82E-07,-0.026338235,0.034860317,0.003576373,-3.84E-05,-0.007248787,0.012054769,0.000831078,1.45E-06,-0.034153203,0.035873973,0.00320353,-3.94E-05,-0.007086076,0.007832067,0.000639018,-5.04E-08,-0.020836186,0.035011549,0.00382505,4.92E-06,-0.005711184,0.0115147,0.000932398,4.18E-06
435,M,1,-0.196074171,0.036152238,0.076599511,-0.062829503,0.0108026,0.213811487,0.165493412,0.160602984,5.55E-07,0.20459206,0.067817711,0.040530085,-0.015285785,0.008018288,0.005751277,-0.004074744,-0.056929106,0.01624648,0.027687451,-0.024748589,0.021225612,0.067373548,0.049207215,0.048569511,0.013492268,0.381255931,0.182736672,0.158838701,0.003624397,0.30351526,0.113269541,0.092930112,0.007774865,0.369539054,0.14339701,0.112628601,-0.258846004,0.220928713,0.035932199,-0.000304252,-0.115513407,0.12554333,0.020033671,-3.07E-06,-0.048232019,0.045885856,0.004677599,-1.38E-05,-0.016274563,0.017828918,0.002041126,-2.93E-06,-0.042721752,0.04416758,0.004868608,-1.59E-05,-0.017893446,0.018509196,0.002276738,-5.73E-06,-0.004223123,0.003876948,0.00090212,-1.51E-06,-0.002206571,0.002336095,0.000533067,-7.15E-07,-0.014035617,0.016120808,0.001932733,-6.01E-06,-0.007204211,0.006616709,0.001077119,3.63E-07,-0.00981537,0.0094261,0.001249921,3.84E-06,-0.004509701,0.004769696,0.000736523,-3.90E-07,-0.020869415,0.033032158,0.003335549,-7.07E-05,-0.006231351,0.012054769,0.000811598,2.72E-06,-0.01126272,0.014224655,0.002021303,-7.02E-05,-0.003097092,0.007832067,0.000507584,1.60E-06,-0.020354486,0.03644009,0.004129427,-1.21E-05,-0.006795398,0.023237354,0.00106516,1.38E-06
435,M,2,-0.204343754,-0.001460406,0.097019067,-0.090350173,0.012730817,0.204995832,0.161307655,0.157120448,5.55E-07,0.13287326,0.010798783,0.005880795,-0.015932535,0.007705266,0.005335426,-0.003109985,-0.050471017,0.022006445,0.030530972,-0.02825981,0.02648234,0.06431156,0.051281166,0.050828435,0.013492268,0.3988733,0.154124438,0.12988209,0.003377177,0.265916459,0.112445479,0.090939222,0.006142085,0.369539054,0.105405677,0.076148356,-0.240291418,0.195114972,0.037459934,-0.000168437,-0.148349286,0.149532609,0.021152649,1.42E-05,-0.043986814,0.045885856,0.004371802,-1.01E-05,-0.016267597,0.017282334,0.001901689,-2.99E-06,-0.007619522,0.014209361,0.002015664,3.59E-05,-0.004483686,0.006217234,0.001299416,-5.24E-07,-0.004671299,0.00420816,0.000918636,4.99E-07,-0.00213113,0.002862738,0.000541011,-4.73E-07,-0.012444241,0.011385675,0.001860926,-3.29E-06,-0.005806418,0.006375044,0.001038474,5.49E-07,-0.00826243,0.011013873,0.001247669,1.12E-06,-0.00490507,0.006149337,0.000755882,-1.17E-07,-0.020869415,0.029641456,0.003542563,1.50E-05,-0.006231351,0.006516055,0.000773738,2.02E-06,-0.012111007,0.009745262,0.001961394,1.11E-05,-0.003097092,0.007385263,0.000516721,7.59E-07,-0.017964656,0.03644009,0.004061353,1.06E-05,-0.006795398,0.023237354,0.001093523,1.88E-06
437,H,0,-0.079399536,0.185126539,0.069397217,0.049682546,0.006646029,0.22617783,0.162094572,0.153719105,2.15E-10,0.206883657,0.020671399,0.007730082,-0.0215851,0.014611679,0.006219365,0.000325773,-0.053679718,0.022500676,0.026317012,-0.022663071,0.019445533,0.075224777,0.050035085,0.049274504,0.010541978,0.788176262,0.219233115,0.155521516,0.001913781,0.509569846,0.145489348,0.100530277,0.006438746,0.784369315,0.164000026,0.093368413,-0.35504353,0.407986233,0.063444623,-0.000302393,-0.19538063,0.192057325,0.0322069,-6.62E-05,-0.038924387,0.04007457,0.005734696,1.92E-05,-0.013616806,0.022616749,0.002569253,-5.36E-06,-0.052073189,0.033951273,0.004159566,-2.13E-07,-0.019050982,0.02148153,0.002105931,-5.32E-07,-0.004747029,0.005002696,0.001106906,6.81E-07,-0.00295604,0.002651162,0.000617116,5.34E-07,-0.012496808,0.011913506,0.002473358,-8.12E-06,-0.007887406,0.007008548,0.001370278,1.27E-06,-0.008852466,0.008979293,0.001587275,5.80E-06,-0.004487961,0.00570551,0.000899455,-1.14E-06,-0.028449322,0.047444121,0.004880279,-7.88E-05,-0.008868673,0.010372954,0.001133253,6.95E-07,-0.022832099,0.027333516,0.004601796,-5.94E-05,-0.00505766,0.01382169,0.001103664,-8.35E-07,-0.027732978,0.048877924,0.004369356,-4.90E-05,-0.009041172,0.010357813,0.001193776,1.84E-06
437,H,1,-0.079399536,0.185126539,0.075978543,0.058733352,0.014320014,0.22617783,0.168733159,0.16321982,3.72E-09,0.206883657,0.017783941,0.006167898,-0.017530884,0.01224221,0.005409274,-0.001612485,-0.053679718,0.022500676,0.027011411,-0.024278351,0.019445533,0.075224777,0.050619765,0.049939194,0.010541978,0.788176262,0.217502386,0.168781625,0.001913781,0.468176722,0.135297428,0.101485609,0.006438746,0.784369315,0.170299424,0.109395294,-0.35504353,0.352317556,0.059742682,4.95E-05,-0.169553061,0.162739556,0.03135274,-2.06E-05,-0.038924387,0.038771877,0.005636088,-3.35E-05,-0.013616806,0.022616749,0.002476924,-2.78E-06,-0.052073189,0.033951273,0.003597281,2.58E-07,-0.019050982,0.02148153,0.001852007,3.17E-07,-0.004849,0.004257939,0.00103146,-1.41E-06,-0.002270063,0.002763371,0.000605583,4.11E-08,-0.012496808,0.011913506,0.002224836,3.23E-06,-0.007887406,0.007008548,0.001242606,-6.14E-07,-0.008852466,0.007311037,0.001453232,-2.45E-06,-0.004487961,0.00388543,0.000802717,2.88E-07,-0.028449322,0.047444121,0.004364969,-0.00012124,-0.008868673,0.010372954,0.001019149,-3.75E-07,-0.022236767,0.021788663,0.003904364,-5.08E-05,-0.004163213,0.007277219,0.000861078,-9.07E-07,-0.027732978,0.048877924,0.004252265,-0.000121838,-0.009041172,0.010357813,0.00115882,1.47E-06
437,H,2,-0.040416044,0.151229206,0.091730435,0.084795415,0.015096176,0.218148554,0.173008798,0.169678379,2.87E-08,0.089144129,0.008803573,0.003645458,-0.017530884,0.012395529,0.005226,-0.000417517,-0.045307118,0.013249182,0.025926003,-0.02434886,0.027066999,0.06458314,0.050325298,0.049979769,0.007178372,0.33908886,0.137471213,0.120918852,0.001870734,0.316174509,0.102582703,0.079880262,0.006081685,0.234163429,0.091515702,0.075778439,-0.244279463,0.352317556,0.054948078,0.000271271,-0.169553061,0.127331144,0.029624857,2.59E-05,-0.03199489,0.038771877,0.004340496,-5.28E-06,-0.012655128,0.015230516,0.001901771,-3.31E-07,-0.021953283,0.021693843,0.00201731,1.22E-05,-0.012316753,0.010127344,0.001214172,-2.06E-06,-0.004849,0.004964882,0.000987577,9.78E-07,-0.002592513,0.002763371,0.000577893,3.97E-07,-0.008026075,0.009788319,0.001677067,2.04E-06,-0.004611883,0.004127707,0.000969301,-2.26E-06,-0.006894571,0.005224696,0.001161759,-1.39E-06,-0.002652805,0.002921937,0.000681577,1.31E-06,-0.016909307,0.018055883,0.002984956,1.12E-05,-0.004204167,0.006262077,0.000808447,-5.30E-07,-0.015785943,0.016401359,0.002771044,8.06E-06,-0.004081998,0.011505807,0.000723955,-1.66E-06,-0.013769312,0.018885121,0.002580357,8.73E-06,-0.003799061,0.005547617,0.000869291,1.27E-06
437,L,0,-0.101899975,0.24973752,0.078399516,0.061138831,0.008891395,0.212694739,0.16221686,0.154385522,2.06E-07,0.399195995,0.058692202,0.022410984,-0.045877207,0.012090117,0.005622404,-0.002442784,-0.044185498,0.020068649,0.020154727,-0.017512882,0.017286123,0.092432456,0.046866426,0.046343574,0.022045444,0.732386727,0.230565365,0.200403081,0.003016022,0.444865013,0.16749513,0.142170509,0.011526078,0.718157916,0.158448,0.112432449,-0.288627272,0.415903336,0.054156293,0.000222791,-0.207650342,0.175058106,0.028766538,2.03E-05,-0.03967375,0.040374682,0.006176013,8.57E-06,-0.016136276,0.016591083,0.002624036,-6.53E-06,-0.046886756,0.042700834,0.003815538,-1.56E-06,-0.021240062,0.020695107,0.001966452,1.50E-06,-0.020802776,0.019308192,0.001309922,1.45E-06,-0.011411461,0.014833745,0.000793927,-1.67E-06,-0.015160331,0.016493621,0.002205544,-5.06E-09,-0.010205946,0.012085455,0.001270027,2.70E-06,-0.026181964,0.02651657,0.001744565,2.74E-06,-0.019583295,0.012053036,0.001058857,-1.54E-06,-0.056529252,0.063371318,0.006931589,-3.54E-05,-0.01284806,0.0486786,0.002183032,-7.13E-06,-0.040140215,0.041544806,0.006373429,-2.65E-05,-0.0084061,0.027999865,0.002004301,-4.60E-06,-0.050079812,0.067669242,0.006891901,-1.82E-05,-0.016561211,0.040182486,0.002183847,-4.13E-06
437,L,1,-0.077877928,0.24973752,0.058032653,0.044231262,0.013212552,0.217325153,0.180373229,0.176439739,1.99E-07,0.103599664,0.007080207,0.003859498,-0.016624141,0.011269661,0.005797208,-0.000887715,-0.040891474,0.013995366,0.017817644,-0.016368982,0.022855009,0.059416644,0.045822338,0.0455476,0.022045444,0.442987696,0.154641725,0.137265011,0.003016022,0.360765418,0.107675546,0.082335846,0.011526078,0.382450896,0.110995675,0.095278,-0.249406761,0.192790164,0.038267958,6.34E-05,-0.134572568,0.125607535,0.021159682,1.53E-05,-0.036217029,0.037914401,0.004555369,1.79E-06,-0.013338145,0.015548856,0.001943149,-1.70E-06,-0.02493508,0.013041741,0.001858489,3.99E-06,-0.010220544,0.008787574,0.001177706,-3.26E-07,-0.005397431,0.00609461,0.001007937,4.43E-06,-0.003085839,0.002651247,0.000560373,-2.59E-07,-0.010613626,0.007574454,0.001606622,-1.37E-06,-0.004825597,0.006100649,0.000964902,4.45E-07,-0.005324694,0.006230346,0.001094415,1.57E-06,-0.003480241,0.003476816,0.000650827,3.66E-07,-0.045791327,0.052486599,0.00442205,-2.64E-05,-0.01195027,0.0486786,0.001374289,-1.92E-06,-0.031677351,0.034703485,0.003834453,-4.37E-05,-0.008152153,0.027234238,0.001143865,-1.40E-06,-0.041663596,0.039420842,0.003390893,1.23E-05,-0.00993732,0.040182486,0.001175024,-7.18E-07
437,L,2,-0.072728612,0.160208366,0.060952848,0.048142949,0.014450703,0.223217791,0.179860161,0.176554875,1.39E-08,0.103599664,0.009622397,0.004487504,-0.017500309,0.011226791,0.005896987,-0.001120589,-0.042041713,0.013895597,0.018967636,-0.01736926,0.023861457,0.061578106,0.045764973,0.045496526,0.021069482,0.462990672,0.144688187,0.125250234,0.003593748,0.291146786,0.089094642,0.066352425,0.011156289,0.364537281,0.11400358,0.09822852,-0.255626288,0.192790164,0.038268143,-0.000335017,-0.134572568,0.107672289,0.021349936,1.24E-05,-0.043588681,0.03724738,0.00438769,-2.32E-06,-0.0131378,0.014018283,0.00180488,-3.19E-06,-0.026420519,0.024293076,0.002408523,1.77E-06,-0.014818271,0.011230773,0.001386244,3.82E-07,-0.004902749,0.00609461,0.001024387,5.38E-07,-0.003085839,0.002651247,0.000576673,-6.25E-07,-0.013096715,0.007179655,0.001585685,3.79E-06,-0.006065179,0.007119825,0.000930005,1.02E-06,-0.006331251,0.008245133,0.001065109,5.06E-07,-0.005331297,0.003331608,0.000639124,-2.09E-08,-0.020927902,0.042651117,0.003677625,-1.07E-05,-0.006847085,0.007736693,0.000805894,1.09E-06,-0.016594896,0.030087146,0.003166939,-8.96E-06,-0.005232316,0.011844245,0.000796531,1.75E-07,-0.017020644,0.030363076,0.002911584,-7.73E-06,-0.005384546,0.006419442,0.000737689,1.62E-06
437,M,0,-0.118427578,0.15293558,0.093523703,0.081628055,0.00811251,0.219807314,0.168934032,0.163309583,8.30E-09,0.116955314,0.014124602,0.005678632,-0.021018205,0.01552586,0.005916106,-7.29E-05,-0.045363219,0.014620008,0.023967379,-0.021816943,0.026743557,0.067679929,0.05013201,0.04969637,0.013719964,0.602326782,0.150765533,0.121413488,0.002221449,0.314745749,0.105152359,0.080618207,0.006043012,0.543993084,0.108042711,0.080187253,-0.401679995,0.224545458,0.05412697,0.000489639,-0.139069756,0.142106813,0.027230675,-5.58E-06,-0.039178172,0.042496929,0.00499677,1.23E-05,-0.014601063,0.016190034,0.002179021,-1.88E-06,-0.03197102,0.027739109,0.003332593,3.22E-06,-0.014803256,0.013595474,0.001764351,-4.54E-07,-0.005182418,0.005814531,0.001028858,6.57E-06,-0.004140239,0.003440121,0.000616313,-1.26E-06,-0.007605749,0.009867815,0.001702531,-1.70E-07,-0.004177092,0.004090701,0.000972069,1.58E-06,-0.005909246,0.00529916,0.001169234,1.13E-06,-0.003261202,0.003405977,0.00068937,-1.46E-06,-0.021510523,0.038896926,0.003843216,-2.25E-05,-0.006000837,0.018318154,0.001145166,3.96E-06,-0.021902911,0.028602342,0.003591816,4.36E-06,-0.005170752,0.015337563,0.001059405,2.77E-06,-0.039604552,0.040045174,0.003456695,-3.12E-05,-0.009396036,0.03710269,0.001230573,2.30E-06
437,M,1,-0.10705959,0.136758732,0.091648939,0.078071977,0.005759171,0.225366657,0.173782035,0.170306759,8.30E-09,0.116955314,0.013879349,0.005561518,-0.01423238,0.014185958,0.005077016,0.000257147,-0.045254004,0.017542007,0.025354638,-0.023844357,0.026743557,0.067698496,0.051168852,0.050805441,0.013719964,0.381460806,0.123500254,0.108602186,0.002579561,0.258802165,0.097524621,0.078612671,0.004952305,0.286565474,0.07577111,0.062373161,-0.401679995,0.234507326,0.05274965,-0.000303644,-0.194778562,0.150049867,0.027357808,-1.00E-05,-0.039178172,0.043932813,0.004611249,-3.84E-05,-0.015249818,0.018389078,0.002077261,-2.06E-06,-0.03197102,0.027739109,0.003224307,-3.17E-06,-0.014803256,0.013595474,0.001720729,9.32E-07,-0.004964387,0.004578846,0.000981491,1.20E-06,-0.002748803,0.00340177,0.000600352,-7.82E-08,-0.008354398,0.007651599,0.001707332,1.17E-05,-0.004550872,0.005191385,0.000970552,-1.31E-07,-0.006233278,0.00605261,0.001174883,-4.33E-06,-0.003261202,0.003921552,0.000698095,-5.77E-07,-0.018654958,0.032435677,0.003213513,7.01E-06,-0.006397186,0.01410211,0.000979808,7.54E-07,-0.018471264,0.028602342,0.003150577,8.84E-06,-0.005913831,0.015337563,0.00102002,2.69E-07,-0.022403927,0.023588419,0.002521158,-2.56E-06,-0.005713264,0.010425738,0.000819792,6.61E-07
437,M,2,-0.10705959,0.13469192,0.072629601,0.054775164,0.005759171,0.225366657,0.169369382,0.16382818,7.84E-08,0.072346074,0.00521299,0.002915829,-0.012451029,0.013788831,0.004298925,-0.001178184,-0.047545991,0.017542007,0.026448369,-0.024165567,0.027961938,0.069642888,0.052084357,0.051604764,0.01172853,0.381460806,0.120788348,0.104329055,0.001967842,0.258802165,0.094827371,0.073052342,0.004952305,0.286565474,0.074817075,0.062506121,-0.371383864,0.312636881,0.052817845,-0.000356493,-0.194778562,0.150049867,0.028830831,-3.53E-05,-0.035518203,0.043932813,0.004904676,-7.12E-06,-0.015249818,0.018389078,0.002166444,-5.27E-06,-0.013181029,0.016479181,0.001558309,-2.96E-06,-0.009820601,0.005581704,0.001041847,-6.64E-07,-0.00427421,0.003519448,0.000940189,-6.35E-07,-0.002390884,0.002379936,0.000560483,-2.14E-07,-0.015200976,0.011387069,0.002036469,3.70E-06,-0.006416963,0.008036554,0.001148639,2.52E-06,-0.006847684,0.007792239,0.001274883,-2.21E-06,-0.004851511,0.004466404,0.000763404,-1.07E-06,-0.018654958,0.027555482,0.003048041,-4.83E-06,-0.006397186,0.011723342,0.000831942,1.26E-07,-0.018471264,0.019196556,0.00290621,-1.42E-05,-0.005913831,0.013708614,0.000938948,1.84E-06,-0.012409522,0.023588419,0.002513368,6.85E-07,-0.005713264,0.004570415,0.000746394,-7.25E-07
438,H,0,-0.233642344,-0.013747642,0.106611942,-0.103870707,0.003484279,0.200260825,0.153488643,0.145749977,1.06E-05,0.130850879,0.017729067,0.011797547,-0.016678554,0.012109868,0.005655608,-0.003601014,-0.036664731,0.02849539,0.019459315,-0.015345608,0.028245049,0.057415462,0.04421479,0.043854039,0.009612085,0.300594504,0.098861406,0.079282298,0.003453879,0.277906319,0.070568647,0.051204104,0.003811667,0.219952762,0.069236144,0.052363147,-0.296746018,0.29711267,0.038340053,-0.000134231,-0.211282071,0.182522738,0.02271615,-2.50E-05,-0.047725699,0.03845352,0.005392096,-3.87E-05,-0.015939051,0.024270514,0.002432616,4.37E-06,-0.019948994,0.022751634,0.002430475,-3.81E-06,-0.00947575,0.00791791,0.001428458,-6.44E-07,-0.007143654,0.004322123,0.000884347,-2.07E-06,-0.003264304,0.003085736,0.000516749,-6.22E-07,-0.012318339,0.013586391,0.00186164,8.65E-06,-0.007105995,0.00583811,0.001017038,2.06E-07,-0.009209048,0.005367637,0.001116292,-1.30E-06,-0.004235731,0.004920908,0.000680459,1.29E-06,-0.029918866,0.024090079,0.002555524,-4.33E-05,-0.019205674,0.012685549,0.000926762,1.40E-06,-0.016890566,0.014646573,0.002053814,-3.23E-05,-0.003785339,0.004851319,0.000527759,1.67E-07,-0.030618352,0.024037067,0.002262826,-3.15E-05,-0.019525554,0.013433599,0.001010371,1.46E-06
438,H,1,-0.180056734,0.153380558,0.096585892,-0.087701801,0.010945689,0.203233492,0.160031724,0.153433147,1.53E-06,0.028891056,0.009993912,0.008024586,-0.016678554,0.009968252,0.005538739,-0.003727106,-0.033145262,0.02849539,0.018764025,-0.014551441,0.027845661,0.057415462,0.043448479,0.043113393,0.009612085,0.245091944,0.07285937,0.063165129,0.004166213,0.220809779,0.058117385,0.045997204,0.003811667,0.138253107,0.043941523,0.036894005,-0.213596385,0.239749183,0.037497107,0.000360706,-0.130211041,0.110501651,0.021065026,-9.82E-06,-0.047437487,0.03574059,0.00448611,7.41E-06,-0.017041357,0.018020328,0.001876407,2.71E-06,-0.007626315,0.008563231,0.001967167,3.75E-06,-0.006188273,0.005699772,0.001295823,2.74E-07,-0.004679148,0.005021137,0.000853285,-3.52E-07,-0.003534567,0.002167608,0.000501465,-6.78E-07,-0.011332225,0.009456996,0.001631452,3.18E-06,-0.004827982,0.00583811,0.000891129,-4.93E-07,-0.00542906,0.005248143,0.00100692,-1.13E-07,-0.002724671,0.003417496,0.000602924,1.87E-06,-0.010290558,0.020702513,0.002053263,-6.18E-06,-0.005466391,0.010008409,0.000704527,5.41E-07,-0.009725591,0.016014379,0.001721911,-5.42E-06,-0.003534612,0.010193594,0.000576436,2.77E-07,-0.010732943,0.014598933,0.001827232,-3.11E-06,-0.004555979,0.004837186,0.000718442,3.14E-07
438,H,2,-0.180056734,0.153380558,0.071299482,-0.051472673,0.011423907,0.204544836,0.16775553,0.161882935,1.53E-06,0.21478343,0.033214095,0.013974259,-0.016619157,0.009968252,0.004661883,-0.002718714,-0.037208881,0.027828818,0.018105383,-0.014675279,0.027845661,0.058181421,0.042526482,0.042179731,0.008304645,0.461861963,0.107428845,0.080314516,0.004166213,0.236325384,0.069371636,0.05282791,0.005581168,0.461551491,0.082027634,0.051766467,-0.2283573,0.239749183,0.045512498,0.000316902,-0.118123131,0.127506775,0.024235782,-2.76E-05,-0.047437487,0.03574059,0.004833564,3.57E-05,-0.017041357,0.018490787,0.002101601,2.03E-06,-0.039949774,0.04183879,0.003449941,-1.25E-08,-0.017161796,0.01717627,0.001868636,7.09E-08,-0.004679148,0.005021137,0.000860531,6.77E-07,-0.003534567,0.002167608,0.000502799,-3.23E-07,-0.012103108,0.011461755,0.001768036,-8.37E-06,-0.004827982,0.006492202,0.000991077,-5.30E-07,-0.00542906,0.005248143,0.001073079,1.10E-07,-0.003384779,0.003417496,0.000642442,1.28E-06,-0.02030478,0.020702513,0.002626683,2.66E-05,-0.005466391,0.010008409,0.000825038,1.03E-06,-0.010336407,0.017438018,0.002185438,1.77E-05,-0.003534612,0.010193594,0.000677417,7.50E-07,-0.020318093,0.015049762,0.002561489,2.24E-05,-0.005246005,0.004931562,0.000880315,7.97E-07
438,L,0,-0.189110166,-0.006746692,0.095482242,-0.09052444,0.004321856,0.20432128,0.163308509,0.15547505,1.89E-06,0.030182781,0.010007913,0.008368585,-0.015141875,0.011189934,0.006410359,-0.003914632,-0.036822805,0.024482542,0.01987196,-0.015967219,0.028805239,0.05723736,0.044481755,0.044201781,0.011818938,0.215018457,0.095480459,0.085148951,0.00323857,0.206301601,0.070713361,0.057692415,0.00556421,0.205305386,0.06415714,0.055005639,-0.224923151,0.27361809,0.039750933,-0.000169995,-0.12855591,0.123470499,0.022793171,4.96E-06,-0.048798348,0.041739932,0.005729203,-4.07E-06,-0.019364272,0.019433884,0.002415824,5.13E-06,-0.005566384,0.006143503,0.001887763,-4.17E-06,-0.004693923,0.004183718,0.001254377,-6.86E-07,-0.005387564,0.004977568,0.000969537,-1.05E-06,-0.002813408,0.004019449,0.000560827,7.84E-07,-0.014525711,0.01020037,0.001802125,-2.19E-06,-0.006626887,0.007438595,0.000974493,6.89E-08,-0.0047901,0.004579611,0.001046094,2.83E-06,-0.003268498,0.003320322,0.00065216,1.52E-06,-0.020367574,0.020842602,0.002083339,-2.79E-05,-0.014680519,0.009549162,0.000823408,2.44E-06,-0.018086886,0.007874935,0.001699664,-1.15E-06,-0.002705332,0.008376947,0.000554553,4.01E-07,-0.021146979,0.023044234,0.002053733,-2.70E-05,-0.015759624,0.011135738,0.000909976,2.68E-06
438,L,1,-0.189110166,0.046768329,0.079162047,-0.069444437,0.009978482,0.20432128,0.161343377,0.152260672,1.89E-06,0.133798274,0.01915362,0.010087178,-0.015141875,0.011189934,0.006065028,-0.003590785,-0.036822805,0.024358025,0.017387563,-0.012694835,0.029406728,0.05598652,0.042234118,0.041942871,0.010047034,0.226153734,0.099194741,0.088226733,0.002838547,0.206301601,0.071113152,0.055296137,0.00556421,0.216044242,0.069155739,0.060988525,-0.224923151,0.279952181,0.044162357,-1.70E-05,-0.133015859,0.132763926,0.025038746,-3.91E-05,-0.044916063,0.041739932,0.005966533,-1.06E-05,-0.017503538,0.019500486,0.002452104,3.32E-06,-0.021002916,0.031361306,0.002689604,-3.05E-06,-0.011942898,0.01647393,0.001531711,2.59E-07,-0.005387564,0.005509732,0.000958033,1.83E-06,-0.002813408,0.004019449,0.000550677,-4.26E-07,-0.014525711,0.011747524,0.001898725,9.78E-07,-0.006991647,0.007438595,0.001059081,2.90E-07,-0.005820019,0.007148136,0.001080992,-1.06E-06,-0.004092121,0.003473975,0.000670724,6.93E-07,-0.01424054,0.017640372,0.002411433,-2.48E-06,-0.00420893,0.00627179,0.000759349,2.14E-07,-0.018086886,0.015441591,0.002163214,-7.37E-06,-0.002705332,0.008376947,0.000660388,9.93E-07,-0.010794878,0.013553309,0.002215556,2.25E-06,-0.005420632,0.007678245,0.00082126,-1.09E-07
438,L,2,-0.174736671,0.046768329,0.087900577,-0.079308912,0.011892322,0.200726825,0.161858323,0.154397618,3.15E-06,0.133798274,0.019214908,0.010382019,-0.0154897,0.010355075,0.006548096,-0.004095154,-0.032601481,0.026894046,0.016654018,-0.012670005,0.027911129,0.056102436,0.042330074,0.042034996,0.010047034,0.226153734,0.085082945,0.078340258,0.002838547,0.172993876,0.056956077,0.04768273,0.006255374,0.216044242,0.063206905,0.053918095,-0.212205697,0.279952181,0.039586299,9.27E-05,-0.137580883,0.132763926,0.022343517,-2.22E-05,-0.043354583,0.039112878,0.004938176,-3.37E-06,-0.016099789,0.019500486,0.002039753,3.58E-06,-0.021002916,0.031361306,0.002766193,8.38E-07,-0.011942898,0.01647393,0.001587785,7.57E-08,-0.004550568,0.005509732,0.000875245,-4.67E-06,-0.002564332,0.00212232,0.000505749,-1.52E-07,-0.012858955,0.011747524,0.001706898,3.33E-06,-0.006991647,0.007370048,0.000988184,3.41E-07,-0.005820019,0.007148136,0.001037275,-2.67E-06,-0.00430654,0.003473975,0.000643454,8.98E-07,-0.014901067,0.017640372,0.002048199,6.59E-06,-0.005480108,0.005910337,0.000683755,5.90E-07,-0.012715961,0.015441591,0.001797247,1.27E-05,-0.002700629,0.006935327,0.000543932,7.58E-07,-0.01481122,0.013553309,0.001871868,-2.59E-06,-0.005441657,0.007026248,0.000733347,2.60E-07
438,M,0,-0.215199682,-0.02282463,0.104633168,-0.098321867,0.009140439,0.206012706,0.16504582,0.158250015,5.63E-07,0.098930357,0.014129832,0.009714945,-0.013860341,0.011439317,0.004458884,-0.002141785,-0.038917474,0.025216146,0.017644177,-0.014356395,0.024368793,0.060113473,0.042316717,0.041933833,0.018289893,0.352307417,0.136945888,0.126960753,0.003856956,0.280605628,0.09963861,0.080517482,0.008080149,0.350553634,0.093948517,0.080631499,-0.219885051,0.38937322,0.041956718,-0.000220302,-0.219706971,0.15669381,0.024280975,-1.74E-05,-0.046025956,0.039007753,0.004725046,-4.79E-05,-0.016628569,0.01734381,0.002109441,4.41E-06,-0.017895828,0.019883681,0.002469502,4.83E-06,-0.007889585,0.007998092,0.001541454,-5.52E-07,-0.005289336,0.003320685,0.000883075,-1.46E-07,-0.002702012,0.00231819,0.000533581,-8.74E-07,-0.012809854,0.009709411,0.001688694,5.42E-06,-0.005238413,0.005636477,0.000946155,-5.29E-07,-0.008150344,0.007154647,0.001132772,-3.42E-06,-0.004201444,0.00461585,0.000692718,1.61E-06,-0.01872388,0.025648159,0.002732081,1.55E-05,-0.006218678,0.009995016,0.00081788,3.73E-07,-0.013611281,0.015578183,0.002403956,1.70E-05,-0.003795648,0.010123296,0.000724728,5.22E-07,-0.026863677,0.024020974,0.002866152,2.21E-06,-0.007030333,0.013336881,0.000931726,5.36E-07
438,M,1,-0.215199682,-0.008257625,0.099078638,-0.091467321,0.009583567,0.206685136,0.162350406,0.153012608,5.63E-07,0.121293442,0.017732181,0.011380626,-0.014909448,0.011439317,0.004890472,-0.002690074,-0.038917474,0.026338063,0.017632662,-0.013681109,0.024368793,0.060113473,0.041896049,0.041450159,0.013422545,0.272510641,0.115810192,0.104134408,0.002824101,0.250839859,0.089303284,0.074878138,0.009835136,0.181746662,0.073735501,0.063617779,-0.218212623,0.38937322,0.044182318,7.39E-05,-0.219706971,0.145307258,0.02498916,-1.70E-05,-0.046025956,0.052082067,0.005954675,-1.17E-05,-0.024390237,0.025542418,0.002599177,6.72E-06,-0.024825378,0.029899793,0.00308569,8.09E-06,-0.01723188,0.009005568,0.001778718,-6.95E-07,-0.005289336,0.00418437,0.000908899,-8.22E-07,-0.002702012,0.00231819,0.000536896,-4.97E-07,-0.015839668,0.011740168,0.001959982,1.61E-06,-0.006802292,0.009972017,0.001095059,-3.55E-07,-0.008150344,0.007154647,0.001218458,-2.51E-06,-0.004579086,0.00461585,0.000712647,1.07E-06,-0.021736918,0.025648159,0.003289571,1.65E-05,-0.006218678,0.009995016,0.000969575,2.31E-07,-0.017368722,0.021732392,0.00296491,2.35E-05,-0.005406815,0.017075935,0.000950239,1.62E-07,-0.015268763,0.024020974,0.002827708,5.69E-06,-0.00667073,0.009462485,0.00098533,4.93E-08
438,M,2,-0.199941832,-0.004545651,0.092167967,-0.086910681,0.003904349,0.206685136,0.161933219,0.153155968,1.76E-06,0.121293442,0.016342216,0.011935844,-0.015937708,0.00845304,0.005268823,-0.003572201,-0.036176007,0.026338063,0.017362472,-0.014204012,0.025312363,0.056719903,0.042167883,0.041674656,0.013422545,0.272510641,0.112526661,0.101788771,0.002824101,0.250839859,0.083962088,0.070768947,0.009835136,0.184129611,0.074917403,0.065913571,-0.2844909,0.264053975,0.043860323,0.000119093,-0.198182851,0.167603799,0.025481592,-3.02E-05,-0.054461488,0.052082067,0.005988841,3.55E-05,-0.024390237,0.025542418,0.002588944,6.77E-06,-0.024825378,0.029899793,0.002855211,-2.39E-06,-0.01723188,0.009005568,0.001673158,2.75E-07,-0.00433914,0.00418437,0.00090457,6.56E-07,-0.002405483,0.002818303,0.000537825,2.70E-07,-0.015839668,0.011740168,0.001891323,-5.37E-06,-0.006802292,0.009972017,0.001078858,-8.11E-07,-0.005119236,0.006274074,0.001165904,1.62E-06,-0.004579086,0.004099258,0.000682156,1.12E-06,-0.021736918,0.022936167,0.003104623,3.33E-06,-0.005827011,0.007573752,0.000922608,1.00E-06,-0.017368722,0.021732392,0.002943562,-5.13E-06,-0.005406815,0.017075935,0.000914535,8.91E-07,-0.015268763,0.018939568,0.002625212,1.10E-05,-0.004417285,0.009462485,0.000955159,3.63E-07
439,H,0,-0.277448488,0.089956285,0.125945139,-0.107974839,0.010188686,0.236202572,0.16914665,0.159222149,3.83E-09,0.203141732,0.050605433,0.030231452,-0.024473972,0.012559113,0.009073834,-0.006789995,-0.049709429,0.021589704,0.025203339,-0.020956028,0.019630198,0.069088944,0.045171288,0.044351252,0.026622706,0.962761884,0.414283852,0.365035566,0.006709896,0.715534054,0.244392469,0.188245612,0.007719463,0.955209995,0.334519702,0.250249245,-0.322953385,0.349565391,0.051228542,0.000134101,-0.187227057,0.142970173,0.027014438,-5.71E-05,-0.038238331,0.044718954,0.005601761,6.96E-06,-0.013414264,0.0146586,0.002287191,1.73E-06,-0.047776369,0.041856586,0.005473569,3.10E-06,-0.01711587,0.021083992,0.002697249,1.02E-06,-0.005583715,0.005863187,0.001134274,1.10E-06,-0.003633029,0.003302974,0.000642177,-5.67E-07,-0.014351271,0.012521369,0.002213123,-5.60E-06,-0.006461784,0.006722112,0.001248998,-1.21E-06,-0.00899464,0.010284875,0.001595759,5.07E-06,-0.00539899,0.005883384,0.000931248,1.96E-06,-0.061272128,0.063327831,0.008916918,3.02E-05,-0.017026559,0.054237497,0.002262702,1.39E-06,-0.025326404,0.034274767,0.004990504,4.76E-05,-0.006896234,0.018000387,0.001066571,-7.46E-07,-0.060524515,0.080270382,0.010015643,3.14E-06,-0.016964911,0.055162829,0.002639449,1.82E-06
439,H,1,-0.330567363,-0.010099224,0.141356251,-0.128751087,0.010188686,0.229457686,0.175515256,0.165489104,1.69E-06,0.203141732,0.046953798,0.027481745,-0.028705734,0.013242418,0.009674611,-0.007560473,-0.05361965,0.020316822,0.025108859,-0.021508299,0.020333434,0.068744976,0.046176894,0.045270597,0.02713455,0.850429407,0.378877284,0.343053273,0.005666812,0.562351651,0.234572612,0.194839353,0.013634406,0.850074097,0.297529303,0.229129415,-0.238624127,0.182995278,0.045853346,-0.000145105,-0.116216299,0.130222808,0.024674793,-3.88E-05,-0.038238331,0.044718954,0.005587471,-1.91E-05,-0.01568314,0.014797135,0.002289695,3.01E-06,-0.047776369,0.040144809,0.00514957,-1.42E-05,-0.01711587,0.021083992,0.002560438,1.87E-07,-0.004366886,0.005863187,0.001096734,5.13E-06,-0.003294849,0.00264939,0.000631312,-7.18E-07,-0.011373527,0.011962834,0.002152121,9.69E-06,-0.006231444,0.005664686,0.001213093,-3.10E-07,-0.00899464,0.007892373,0.001653257,-1.07E-05,-0.005133664,0.005444913,0.000931313,1.36E-06,-0.061272128,0.064567973,0.009797674,9.27E-05,-0.017026559,0.054237497,0.002471111,3.11E-06,-0.028806531,0.023641137,0.004589241,-2.14E-05,-0.007149479,0.013051738,0.001002944,9.67E-07,-0.061491434,0.080270382,0.011689,0.000126836,-0.016964911,0.060536973,0.003484058,1.63E-06
439,H,2,-0.330567363,-0.052371066,0.162444112,-0.156295025,0.011134612,0.229457686,0.181257657,0.172307714,7.40E-07,0.165420697,0.023018577,0.012550082,-0.028705734,0.013242418,0.010939714,-0.009118953,-0.05361965,0.020316822,0.024610886,-0.021281696,0.020333434,0.067777292,0.046653246,0.045743924,0.039302247,0.897453431,0.367279678,0.332093371,0.004861014,0.594892172,0.230081986,0.190015174,0.008716671,0.894930222,0.286280704,0.229855426,-0.218357185,0.209268312,0.040460745,-0.000146836,-0.100124039,0.105448719,0.021552736,-9.32E-06,-0.037821721,0.045482405,0.005060986,-2.46E-05,-0.01568314,0.016044801,0.002183625,2.24E-06,-0.030488788,0.040144809,0.003387947,-4.50E-07,-0.016242567,0.017112318,0.001910743,-1.45E-06,-0.005664382,0.005740221,0.001078154,-1.65E-06,-0.003294849,0.002531933,0.000626951,-6.57E-07,-0.009918005,0.013598442,0.00211175,6.80E-06,-0.005724797,0.005664686,0.001193687,-7.97E-07,-0.010297646,0.008057374,0.001670661,-3.97E-06,-0.005133664,0.005444913,0.000950788,1.19E-06,-0.043660005,0.064567973,0.008170496,1.68E-05,-0.010442376,0.01992144,0.0017538,-4.81E-07,-0.028806531,0.028379937,0.00429501,-5.85E-05,-0.007149479,0.02019928,0.001024115,1.70E-06,-0.061491434,0.078982688,0.009976246,6.07E-05,-0.015739392,0.060536973,0.00292261,-1.69E-06
439,L,0,-0.601687926,0.188294985,0.174537176,-0.136855827,0.009357979,0.22460898,0.171035101,0.166052642,2.12E-08,0.181861915,0.021952157,0.008024244,-0.025805783,0.008687867,0.010089522,-0.008020946,-0.049995168,0.01965311,0.026883545,-0.023949095,0.021493558,0.066899586,0.046435295,0.045889312,0.020277547,0.840000702,0.337018519,0.300153681,0.003031314,0.590119849,0.215621977,0.181651552,0.011066155,0.831884496,0.259014759,0.213322521,-0.271893245,0.273180189,0.041264544,-0.000571609,-0.115782092,0.121546112,0.021419557,-1.02E-05,-0.037035183,0.040055831,0.004183084,4.66E-06,-0.012315643,0.014796804,0.001849189,5.89E-06,-0.025823642,0.040193435,0.002811726,1.73E-06,-0.013115207,0.015673602,0.001493446,-2.78E-07,-0.004553778,0.004691841,0.001031461,3.68E-07,-0.002229779,0.002538391,0.000590018,-2.22E-07,-0.012099668,0.012959394,0.002090434,-9.67E-06,-0.005962719,0.006401299,0.001184597,2.60E-06,-0.006896711,0.008749026,0.001435318,3.98E-06,-0.004700546,0.003635811,0.000862428,1.12E-06,-0.029774629,0.052261599,0.005752693,-2.12E-06,-0.018517255,0.011466012,0.001311139,-1.16E-07,-0.022274573,0.025187486,0.003675438,-1.80E-05,-0.005341953,0.013830432,0.000798325,-6.54E-07,-0.036516151,0.079114584,0.00693645,-4.12E-07,-0.018759782,0.035915482,0.001730499,4.32E-07
439,L,1,-0.276846672,-0.007455004,0.151179628,-0.145749218,0.010411585,0.22460898,0.179447351,0.173859856,1.24E-07,0.181861915,0.021761174,0.007389364,-0.025805783,0.008687867,0.010364049,-0.008756622,-0.049489616,0.022861648,0.027012245,-0.023605015,0.021493558,0.066899586,0.047425758,0.046837655,0.027268695,0.76416841,0.298613068,0.260178212,0.005592656,0.590119849,0.181359732,0.131917817,0.008503219,0.749204926,0.237230714,0.201138335,-0.271893245,0.231773206,0.037123256,-7.64E-05,-0.115782092,0.116538189,0.020729858,-2.95E-05,-0.037035183,0.040055831,0.004163814,9.40E-06,-0.012051569,0.014796804,0.001937201,1.07E-06,-0.025823642,0.040193435,0.002738916,1.89E-06,-0.013115207,0.015673602,0.001435174,6.23E-07,-0.003560016,0.004232844,0.000981054,6.29E-07,-0.002412517,0.002538391,0.000574538,-1.10E-06,-0.009960702,0.012959394,0.002044334,5.06E-06,-0.005477434,0.006013633,0.001153137,-2.30E-07,-0.006896711,0.008749026,0.001420731,-3.60E-06,-0.004700546,0.003635811,0.000850749,8.12E-07,-0.031274104,0.052261599,0.005035838,5.18E-05,-0.007828504,0.01811332,0.001246822,5.51E-07,-0.022274573,0.019342537,0.003293551,-1.47E-06,-0.005341953,0.013830432,0.00076181,5.35E-07,-0.04603107,0.079114584,0.006459215,5.79E-05,-0.012615843,0.045279901,0.001828703,-6.05E-08
439,L,2,-0.276846672,-0.013965424,0.158287856,-0.15351679,0.01356548,0.221309138,0.175130696,0.167861348,1.57E-08,0.180680507,0.026174724,0.009780742,-0.023175575,0.006726655,0.009921303,-0.00846865,-0.048459276,0.024169559,0.027079372,-0.023069973,0.023066556,0.068852145,0.047014684,0.046382017,0.011036787,0.633182115,0.276654649,0.246916019,0.005592656,0.432987584,0.150501641,0.118362825,0.008503219,0.625786788,0.232135846,0.191476684,-0.254501606,0.182612308,0.03821647,5.25E-05,-0.14539499,0.101725665,0.021284581,-2.87E-05,-0.035594255,0.044539868,0.004927857,-5.51E-06,-0.014118954,0.015540983,0.002197829,-7.67E-08,-0.034647474,0.034031324,0.003649834,4.56E-08,-0.019605053,0.018894904,0.001942909,-7.84E-07,-0.004494385,0.004807027,0.001046968,3.07E-06,-0.003117551,0.002242869,0.000603947,-4.73E-07,-0.009733666,0.012184624,0.002072334,6.45E-06,-0.006353014,0.005351705,0.001173875,1.49E-07,-0.007411995,0.008785588,0.001416899,-3.24E-06,-0.003922034,0.004358262,0.000836063,-3.38E-08,-0.036285286,0.051990218,0.006416521,-3.48E-05,-0.009764127,0.02534995,0.001697775,-8.49E-07,-0.020948427,0.019617802,0.00326008,1.31E-05,-0.004119577,0.017065307,0.000780199,-1.57E-06,-0.058228009,0.078455721,0.007997819,-3.28E-05,-0.015753604,0.054959219,0.002485445,-1.19E-06
439,M,0,-0.27700082,0.27977361,0.108556282,-0.065042504,0.01290094,0.228997055,0.160792431,0.152833762,9.41E-09,0.223297465,0.036956542,0.018749249,-0.024330129,0.022646511,0.009040267,-0.003168857,-0.047140329,0.022449004,0.024728874,-0.021648143,0.019476574,0.070167151,0.045115449,0.044432315,0.035483542,1.66835566,0.728045316,0.598755407,0.005111187,1.426082884,0.539271865,0.432773687,0.012245154,1.116465194,0.489117407,0.362417563,-0.306608703,0.231300312,0.05060874,-0.000713545,-0.129034812,0.165778903,0.025202032,-2.01E-05,-0.054527118,0.048520342,0.006272411,1.81E-05,-0.019908786,0.021256442,0.002685861,4.85E-06,-0.047916034,0.035381335,0.005150162,1.51E-05,-0.022412385,0.016342447,0.002463482,8.63E-07,-0.005449885,0.004879716,0.001161251,-1.22E-06,-0.002992842,0.003013346,0.000675238,-1.07E-08,-0.015119228,0.01291551,0.002419704,-7.52E-06,-0.006267478,0.006602209,0.001347628,6.26E-07,-0.010691647,0.010078889,0.00175795,6.88E-06,-0.005640273,0.005267998,0.001054,1.14E-07,-0.058358044,0.044410882,0.007444688,4.50E-06,-0.023329317,0.01862399,0.001893229,-7.79E-06,-0.029323903,0.040059463,0.005934337,-1.02E-05,-0.013779714,0.015736398,0.001275032,-9.76E-06,-0.060291737,0.077867262,0.008624101,2.00E-05,-0.022656386,0.053288507,0.002800986,-3.21E-06
439,M,1,-0.296547081,0.020244233,0.123644593,-0.110523763,0.01290094,0.240593551,0.170765137,0.162799407,4.22E-07,0.223297465,0.033663211,0.0151964,-0.0255101,0.01382285,0.009305761,-0.006445974,-0.047140329,0.015513738,0.024764274,-0.021721301,0.020035089,0.065915138,0.046620282,0.045921698,0.03026658,0.94414927,0.448579955,0.382339096,0.003360025,0.754836101,0.293960546,0.236206075,0.011472655,0.910352773,0.338837976,0.24966687,-0.188872875,0.168238132,0.043953366,-0.000208602,-0.104244785,0.10026974,0.023233634,1.30E-06,-0.037264597,0.048520342,0.00553623,-5.29E-06,-0.016367741,0.017686166,0.00234163,4.88E-07,-0.047916034,0.035381335,0.004816175,1.10E-06,-0.016142322,0.016342447,0.002179791,3.54E-07,-0.005449885,0.00541647,0.001080888,-1.68E-07,-0.002682337,0.002726116,0.000620143,-5.29E-07,-0.013190513,0.011783863,0.002121952,4.83E-06,-0.005776045,0.007664597,0.001195003,-4.39E-07,-0.007338067,0.010078889,0.001478055,-3.35E-06,-0.005295373,0.004695701,0.000872655,6.40E-07,-0.053596961,0.045866027,0.006998446,0.000156442,-0.01544325,0.024783223,0.001830154,-2.66E-07,-0.022442703,0.02181182,0.004500055,2.17E-05,-0.006178665,0.015736398,0.001114119,-1.67E-06,-0.07541686,0.077867262,0.008679339,0.000198689,-0.017232419,0.053288507,0.002760692,1.60E-06
439,M,2,-0.338605899,-0.023213743,0.135165733,-0.122665417,0.019451954,0.240593551,0.170447169,0.162511735,6.01E-07,0.130191699,0.015914796,0.005880856,-0.0255101,0.01382285,0.00962633,-0.007035139,-0.05077067,0.015252238,0.025368749,-0.022152727,0.020035089,0.065915138,0.046941531,0.046134499,0.03026658,0.94414927,0.455246796,0.399606756,0.003360025,0.416096776,0.179670509,0.147583318,0.01113436,0.910352773,0.418291948,0.35028145,-0.311595307,0.183394418,0.043048918,-0.000402446,-0.104244785,0.145529371,0.023627285,3.41E-06,-0.037017693,0.040562576,0.005426372,-5.50E-05,-0.013739296,0.016305986,0.002221861,1.48E-06,-0.027812249,0.026335044,0.002295016,-1.34E-05,-0.009581218,0.013715724,0.001292759,-3.34E-06,-0.003876345,0.00633899,0.001057147,1.24E-06,-0.00335229,0.002530025,0.000622139,1.18E-07,-0.01254471,0.010737436,0.002121169,1.02E-05,-0.005602801,0.007664597,0.001180904,1.41E-06,-0.00670613,0.007199098,0.001494827,-6.02E-06,-0.004652837,0.004450611,0.000873478,1.38E-07,-0.053596961,0.068125494,0.007967082,6.32E-05,-0.012852981,0.041210172,0.002193116,-8.42E-08,-0.014922675,0.020744446,0.003715096,-1.72E-06,-0.0048047,0.014971921,0.000957081,-1.22E-06,-0.07541686,0.090518794,0.009224539,6.33E-05,-0.016550236,0.068328836,0.002813009,3.41E-07
440,H,0,-0.043718144,0.15552337,0.093211507,0.087581691,0.017742238,0.231300736,0.194393599,0.188241348,2.99E-05,0.218077132,0.101285061,0.089846278,-0.020409664,0.015090382,0.007557745,-0.00399261,-0.050386172,0.020153121,0.027268227,-0.024712418,0.025354137,0.066743847,0.049286983,0.048691529,0.01376691,0.443814243,0.148889296,0.120243221,0.003106889,0.252726404,0.072625254,0.055250275,0.004744158,0.435703542,0.129975363,0.096361218,-0.174990485,0.228421725,0.037342578,7.43E-05,-0.094283346,0.119688937,0.020860535,3.81E-05,-0.032159919,0.055274457,0.005433686,4.51E-05,-0.017685037,0.025857855,0.002285046,7.15E-06,-0.062606351,0.049748022,0.005525256,-3.79E-06,-0.02838428,0.025848971,0.002865392,1.89E-06,-0.006740411,0.005774043,0.001171472,-2.64E-06,-0.003399038,0.002621886,0.000651651,2.45E-07,-0.013622097,0.011703848,0.001911872,-7.70E-06,-0.006056908,0.006629003,0.001070543,-2.25E-06,-0.008636292,0.010028912,0.001435392,1.25E-06,-0.00406279,0.004481154,0.00082206,2.98E-06,-0.032888882,0.030444089,0.004706494,1.11E-05,-0.008879441,0.013746548,0.001217884,-2.42E-06,-0.011592657,0.010596258,0.001997106,-1.00E-05,-0.002605814,0.007477981,0.000557342,-1.42E-06,-0.032746961,0.030190078,0.004990972,1.59E-05,-0.008802833,0.015733919,0.001421609,-1.06E-06
440,H,1,-0.043718144,0.178183469,0.09331843,0.087935791,0.022335326,0.233926746,0.199601269,0.194482309,4.58E-05,0.242338465,0.110470885,0.100287678,-0.018801422,0.013951099,0.007122818,-0.003039558,-0.050386172,0.015437206,0.028563808,-0.026398056,0.020386074,0.066191287,0.049989788,0.049443507,0.012303672,0.443814243,0.136877439,0.112832387,0.002265081,0.252726404,0.069903673,0.053322361,0.004744158,0.435703542,0.117681391,0.088612649,-0.244778848,0.22553905,0.036755386,-0.000127651,-0.130037868,0.140258426,0.020833842,2.05E-05,-0.042823233,0.047475144,0.005109152,3.02E-06,-0.015287526,0.01810736,0.002045456,8.29E-06,-0.062606351,0.049748022,0.006772348,8.55E-06,-0.02838428,0.025848971,0.003327875,7.59E-07,-0.005561395,0.007299768,0.001239606,1.13E-06,-0.003600782,0.003634936,0.000675335,-2.72E-07,-0.016251359,0.009595927,0.001971446,-4.65E-06,-0.007274084,0.006770072,0.00108917,-1.30E-06,-0.009298147,0.010630885,0.001463503,1.39E-06,-0.005032009,0.005874635,0.000833975,1.67E-06,-0.027376305,0.039673374,0.004793411,2.57E-05,-0.008283902,0.012076284,0.001153246,-3.41E-06,-0.011827059,0.009666058,0.001973636,7.03E-07,-0.002605814,0.007477981,0.000550238,4.92E-08,-0.02715462,0.051273983,0.005239529,2.98E-05,-0.010636013,0.014076025,0.001375182,-3.65E-06
440,H,2,-0.011436433,0.178183469,0.086285098,0.080069618,0.003775849,0.234528548,0.19638049,0.189912698,0.000135351,0.242338465,0.117796014,0.106477928,-0.022173268,0.01342538,0.007160866,-0.002278983,-0.05370808,0.01829546,0.027065555,-0.02445692,0.020386074,0.071376888,0.048781488,0.048162706,0.012303672,0.466278282,0.143089649,0.121015165,0.002265081,0.189188487,0.061169311,0.049815371,0.00803172,0.461172041,0.129355955,0.099840516,-0.244778848,0.220082176,0.041047758,-0.000154046,-0.139974526,0.153900232,0.024114248,1.73E-05,-0.051268838,0.055761743,0.006262855,-3.57E-06,-0.018522676,0.024413153,0.002606325,1.10E-05,-0.055166474,0.049121899,0.007291527,8.48E-06,-0.026571766,0.02368031,0.003521976,1.22E-06,-0.006829004,0.007299768,0.00131026,-3.15E-06,-0.003600782,0.003634936,0.000718833,2.11E-07,-0.016251359,0.010779541,0.002171687,-4.13E-07,-0.007954526,0.008222591,0.001211964,-2.85E-06,-0.009298147,0.012168366,0.00160153,2.23E-06,-0.00672649,0.005874635,0.000898232,2.95E-06,-0.032386065,0.039830852,0.005653221,8.13E-06,-0.008283902,0.017653808,0.001418939,-4.77E-06,-0.011827059,0.008286789,0.002019229,2.27E-05,-0.002093023,0.004393175,0.000562192,-2.27E-07,-0.033891974,0.051273983,0.006129739,-6.57E-06,-0.010636013,0.019065058,0.00159338,-5.02E-06
440,L,0,-0.087526603,0.195241748,0.067285057,0.054543868,0.019424734,0.233565112,0.201846102,0.197520807,7.80E-06,0.23404632,0.090276014,0.072838757,-0.019013551,0.013557697,0.005898373,-0.001253581,-0.050923108,0.0162983,0.026283961,-0.024268964,0.02204513,0.069810952,0.050164731,0.04964678,0.009723796,0.494720158,0.164438226,0.13484565,0.003372691,0.189070053,0.062806536,0.049618304,0.008598561,0.45776393,0.151971278,0.117964579,-0.190476859,0.181160236,0.039007168,-0.000149211,-0.112046146,0.117464173,0.021868757,6.89E-06,-0.047000446,0.044832599,0.0050548,2.60E-06,-0.015826668,0.024883518,0.00216533,9.04E-06,-0.065362177,0.038244825,0.005470955,-6.41E-06,-0.027641625,0.027542379,0.002860666,3.38E-06,-0.007063129,0.005008381,0.001084809,-6.90E-06,-0.002586244,0.002888006,0.000612138,9.23E-07,-0.011752423,0.011512238,0.002128911,-6.18E-06,-0.006494813,0.005720996,0.001201997,-3.94E-07,-0.009197318,0.010195684,0.001519039,8.72E-07,-0.004513193,0.004751896,0.00083841,3.34E-06,-0.023826995,0.041155116,0.004805779,-1.96E-05,-0.00895116,0.012497813,0.00123749,-2.86E-06,-0.021425183,0.010163882,0.002293114,-2.21E-05,-0.003640597,0.00798933,0.000637492,-1.44E-07,-0.025753673,0.043475999,0.005090855,-8.47E-06,-0.008832278,0.020014598,0.001400485,-3.12E-06
440,L,1,-0.072144192,0.1003909,0.050217028,0.042928453,0.031815178,0.234684245,0.205673506,0.202088846,7.80E-06,0.123491994,0.081503651,0.07307181,-0.019903887,0.011079002,0.007455429,-0.004898461,-0.050923108,0.014305776,0.028851576,-0.026613474,0.02204513,0.067758839,0.051037877,0.05045128,0.008538435,0.376064625,0.10979251,0.087375486,0.003240977,0.127495046,0.042623477,0.035910651,0.006283766,0.363089553,0.101181196,0.072768956,-0.221463897,0.164632242,0.037372168,9.69E-06,-0.112046146,0.088964099,0.020901611,8.83E-07,-0.047000446,0.044832599,0.004957209,-4.22E-06,-0.015826668,0.024883518,0.00215146,7.49E-06,-0.023899933,0.018369342,0.003510792,-2.16E-05,-0.009805129,0.01003348,0.002020778,7.21E-07,-0.005013862,0.005008381,0.001065239,-2.67E-06,-0.002586244,0.00260641,0.000602346,-4.42E-07,-0.013660101,0.011512238,0.002263595,-2.65E-06,-0.006498946,0.005526285,0.001280807,-1.93E-06,-0.009197318,0.010195684,0.00157298,2.80E-06,-0.004513193,0.004751896,0.000868165,2.77E-06,-0.024490432,0.037450204,0.004560898,-1.57E-05,-0.00895116,0.020566477,0.001269496,-3.72E-06,-0.009912383,0.010163882,0.001603354,-6.01E-06,-0.003333333,0.007241642,0.000515716,8.18E-07,-0.025753673,0.037460324,0.004731415,-1.66E-05,-0.008832278,0.021551599,0.001352319,-4.84E-06
440,L,2,-0.140328391,0.106989338,0.05373275,0.043676064,0.031815178,0.243689854,0.205651896,0.202439198,3.89E-06,0.215087844,0.093978869,0.085944902,-0.020783373,0.011079002,0.007915811,-0.005996789,-0.050336583,0.016226837,0.028018695,-0.025864262,0.024021091,0.067758839,0.050311157,0.049728494,0.008538435,0.409596592,0.136698335,0.109616383,0.003240977,0.322229359,0.077458314,0.057478265,0.006283766,0.378223091,0.112635005,0.082647008,-0.221463897,0.163327733,0.037505719,-0.000116788,-0.094632212,0.090370815,0.020128506,1.51E-05,-0.033806653,0.044783718,0.004194678,9.97E-06,-0.0143137,0.022146097,0.001767701,6.36E-06,-0.057338968,0.038036796,0.005405629,1.91E-06,-0.026589521,0.025126968,0.00279859,-6.29E-07,-0.005013862,0.004119111,0.001095077,-3.94E-07,-0.002648147,0.00260641,0.000626682,-6.16E-07,-0.013660101,0.01089841,0.002183777,1.35E-06,-0.006498946,0.005453859,0.001249361,-6.32E-07,-0.007251281,0.010053902,0.001532369,8.04E-07,-0.004411488,0.00414334,0.000868554,9.89E-07,-0.026371058,0.039328297,0.004771376,3.79E-05,-0.007479673,0.021111389,0.001394234,-3.76E-06,-0.006988736,0.010306865,0.001771951,2.26E-05,-0.002637144,0.006191444,0.000514287,-6.70E-07,-0.028696112,0.049194858,0.005071903,3.01E-05,-0.007410956,0.021695753,0.001516468,-3.91E-06
440,M,0,0.007987568,0.17800705,0.096254813,0.091917071,0.018481937,0.227124048,0.195329907,0.190377969,2.27E-05,0.298158193,0.112825953,0.099302741,-0.019503859,0.013126256,0.006583327,-0.000894537,-0.04330212,0.014443791,0.024513545,-0.022904876,0.027263365,0.065728802,0.048934661,0.048522935,0.010867446,0.502370525,0.166032059,0.139816395,0.004080519,0.476848744,0.104434763,0.077162271,0.005682096,0.421628429,0.129073719,0.099134521,-0.183109365,0.234196664,0.039043327,-0.00016189,-0.117048688,0.105302729,0.02272227,1.49E-05,-0.056353726,0.054272425,0.005760876,-2.08E-06,-0.020442128,0.03166362,0.002472864,1.41E-05,-0.046811231,0.044937199,0.00547242,3.09E-05,-0.018010381,0.019413153,0.002557719,2.11E-07,-0.005963727,0.005331933,0.001195875,-3.45E-06,-0.0033489,0.003179415,0.000674835,-2.56E-07,-0.011595051,0.011542941,0.00186282,-1.53E-06,-0.005978875,0.00563605,0.001042557,-1.65E-06,-0.007857528,0.007981958,0.001478266,2.20E-06,-0.004142684,0.004454862,0.000844591,2.51E-06,-0.026498972,0.031853696,0.003914229,-6.41E-05,-0.006230024,0.008388595,0.001018012,-2.66E-06,-0.009572574,0.01483183,0.002282927,-2.25E-05,-0.004336715,0.006940938,0.000540247,-1.64E-06,-0.028108674,0.041043074,0.004415728,-5.89E-05,-0.006535196,0.015968957,0.00121733,-2.49E-06
440,M,1,-0.003030797,0.18562174,0.092404902,0.087085139,0.006050966,0.232521378,0.192964824,0.186872582,9.88E-05,0.21978424,0.131025706,0.121572009,-0.019503859,0.013126256,0.006937341,-0.002379808,-0.048772145,0.014443791,0.025082874,-0.022946234,0.024664668,0.066805899,0.048345378,0.047823947,0.01050214,0.486270387,0.142345684,0.116950352,0.004190814,0.132679185,0.066610167,0.056825622,0.006211572,0.484673297,0.125798964,0.089650846,-0.191286268,0.234196664,0.041856571,6.53E-05,-0.119765471,0.117474146,0.024561236,3.70E-05,-0.040607323,0.052480278,0.006044376,4.53E-05,-0.016499918,0.025716864,0.002553625,1.28E-05,-0.046811231,0.044937199,0.005274997,3.08E-05,-0.018010381,0.019413153,0.002484587,1.30E-06,-0.005963727,0.005133518,0.001187114,-2.69E-06,-0.0033489,0.002797053,0.00067716,-2.47E-07,-0.012361423,0.008820418,0.001906856,-4.81E-06,-0.006432369,0.006773457,0.00106999,-1.65E-06,-0.008262796,0.009295,0.001458018,4.31E-07,-0.004142684,0.004400583,0.000820622,2.80E-06,-0.023303694,0.04377573,0.004675513,4.28E-05,-0.007676775,0.021954698,0.001151909,-3.57E-06,-0.006760204,0.008456194,0.001728555,1.15E-05,-0.002162676,0.004996091,0.00048998,-2.37E-07,-0.023456908,0.044797649,0.005006211,4.30E-05,-0.007814986,0.024302342,0.001309557,-3.85E-06
440,M,2,-0.003030797,0.191012421,0.101974022,0.097148877,0.006050966,0.232521378,0.195598268,0.189947114,0.000378643,0.22637984,0.138772506,0.131448488,-0.01917544,0.012048011,0.006985605,-0.003336302,-0.048772145,0.012522068,0.025807538,-0.023879959,0.022984873,0.066884086,0.048693011,0.048193903,0.01050214,0.546270356,0.153984816,0.118170304,0.00503541,0.383535826,0.080839579,0.054216297,0.006211572,0.486315695,0.13105833,0.092560852,-0.191286268,0.186467,0.039475873,7.96E-05,-0.119765471,0.117474146,0.022770499,1.46E-05,-0.040607323,0.053257396,0.005905148,3.21E-07,-0.018995515,0.025716864,0.002517942,1.10E-05,-0.055199579,0.037046236,0.006085863,-1.42E-06,-0.024348799,0.026116795,0.002976399,8.01E-07,-0.004740453,0.005007289,0.00113469,1.52E-06,-0.002276927,0.002825016,0.000629046,2.90E-07,-0.012361423,0.008685046,0.001768793,-1.63E-06,-0.006432369,0.006773457,0.001002878,-2.60E-07,-0.008262796,0.009295,0.001351849,-7.36E-07,-0.003709518,0.004314151,0.000752057,1.47E-06,-0.023303694,0.04377573,0.004791051,4.51E-05,-0.007676775,0.021954698,0.001159912,-5.00E-06,-0.007327902,0.010119341,0.001913006,8.35E-06,-0.002200219,0.004996091,0.000511752,-7.25E-08,-0.023456908,0.044797649,0.005187649,4.74E-05,-0.007814986,0.024302342,0.001308298,-5.65E-06
441,H,0,-0.22944962,-0.0129646,0.08839392,-0.080308666,0.011921152,0.164816721,0.132166434,0.12786415,3.58E-06,0.215111178,0.02887995,0.013206933,-0.013002522,0.013420379,0.004629544,0.001354024,-0.036549585,0.022286304,0.016829752,-0.01350353,0.019506038,0.062025937,0.046667462,0.046047322,0.01146238,0.429793144,0.107429741,0.085139747,0.002615474,0.115306003,0.034092559,0.027127867,0.003461741,0.420247111,0.101876625,0.077563818,-0.246255906,0.194242847,0.049771474,0.0003496,-0.137022991,0.12235388,0.028081534,-7.41E-05,-0.028759517,0.027200107,0.00375496,4.81E-06,-0.011563662,0.014517753,0.001641825,-5.78E-06,-0.051491346,0.050427393,0.004510309,5.44E-05,-0.026498604,0.019891499,0.002236914,3.62E-06,-0.004827318,0.004977087,0.000925488,-2.46E-07,-0.002661295,0.003173575,0.000554403,-7.27E-07,-0.012559256,0.010323028,0.001738375,-9.68E-06,-0.005437384,0.006457759,0.000984201,2.69E-06,-0.007972983,0.009394909,0.001246355,2.43E-06,-0.003701945,0.005120961,0.000737434,-1.62E-06,-0.017884125,0.026634452,0.003054274,-3.13E-05,-0.005237452,0.008368213,0.000807916,2.89E-06,-0.009443302,0.013069444,0.001490994,-2.08E-05,-0.002352442,0.006013182,0.000487649,8.64E-07,-0.016557309,0.025631348,0.003055237,-2.59E-05,-0.004939198,0.015564672,0.000887349,2.86E-06
441,H,1,-0.146568884,-0.024202779,0.091455522,-0.087870451,0.019272634,0.160246219,0.134456387,0.130925794,3.58E-06,0.259704832,0.039968698,0.01686558,-0.013002522,0.009917922,0.003185455,-0.000763656,-0.037447857,0.021813791,0.018260692,-0.015696473,0.019506038,0.062025937,0.048149357,0.047517303,0.01146238,0.249794459,0.076551614,0.066689982,0.002615474,0.143798046,0.032279007,0.024440262,0.003461741,0.219683265,0.069413365,0.058106871,-0.246255906,0.23190983,0.052882369,-8.35E-05,-0.144573793,0.12235388,0.029778932,-4.61E-05,-0.030296282,0.028396459,0.003995962,2.20E-06,-0.011714583,0.016652973,0.001783629,-6.82E-06,-0.064649303,0.059161269,0.006157186,-8.58E-07,-0.038707599,0.030028586,0.003107552,-9.57E-07,-0.005305003,0.00410789,0.000907526,-1.29E-06,-0.002391147,0.002565478,0.000546516,-4.37E-07,-0.009956553,0.011236634,0.001757085,-4.35E-07,-0.005738513,0.005317007,0.000998636,1.16E-06,-0.007972983,0.009394909,0.001336648,3.17E-06,-0.003701945,0.00409261,0.000758521,-8.97E-07,-0.018846937,0.025138887,0.002805616,-1.42E-05,-0.006126774,0.014416215,0.000925213,3.25E-06,-0.007846511,0.013256276,0.001535949,-7.05E-06,-0.002314246,0.005753046,0.000478839,2.37E-06,-0.018878317,0.023778821,0.00285125,-1.27E-05,-0.00651764,0.015564672,0.001045773,2.46E-06
441,H,2,-0.146568884,-0.02587914,0.092454252,-0.088804976,0.018859849,0.16407376,0.132698089,0.129039756,6.46E-07,0.259704832,0.038957428,0.016570501,-0.01342408,0.012123371,0.003472209,-0.001032638,-0.037447857,0.021813791,0.017113436,-0.014957035,0.021983716,0.061100076,0.046928779,0.046344527,0.009587519,0.249794459,0.078051724,0.070157142,0.002154724,0.143798046,0.034940592,0.026943847,0.005257668,0.219683265,0.069794173,0.061102786,-0.237157486,0.23190983,0.050346175,2.14E-05,-0.144573793,0.118341668,0.028262255,-2.02E-05,-0.030296282,0.028396459,0.00412017,6.87E-06,-0.011714583,0.016652973,0.001861931,-7.03E-06,-0.064649303,0.059161269,0.006117999,-5.69E-05,-0.038707599,0.030028586,0.003097374,-4.28E-06,-0.005305003,0.004034378,0.000876685,-6.58E-07,-0.002391147,0.002565478,0.000526158,6.66E-07,-0.009956553,0.011236634,0.001692603,3.03E-06,-0.005738513,0.005317007,0.000985741,7.22E-07,-0.007676223,0.007133896,0.0012945,-1.37E-07,-0.003664014,0.00314757,0.000749662,-8.23E-07,-0.018846937,0.025138887,0.002658721,-2.00E-05,-0.006126774,0.014416215,0.00095012,9.58E-07,-0.007286681,0.013256276,0.001498518,-1.08E-05,-0.002314246,0.005813886,0.000492536,3.21E-07,-0.018878317,0.023778821,0.002637006,-1.56E-05,-0.00651764,0.014904756,0.0009948,9.29E-07
441,L,0,-0.2070533,-0.031266931,0.09574478,-0.091438984,0.007415205,0.15843731,0.127958234,0.122702422,3.58E-06,0.250822199,0.041558079,0.01881341,-0.01458914,0.014503468,0.004566138,-0.000601477,-0.033018191,0.02047528,0.014962761,-0.012039235,0.020218827,0.061236498,0.046911473,0.046219496,0.006887214,0.42658921,0.112156899,0.082832271,0.002118116,0.179030964,0.055868504,0.036105181,0.004727578,0.425950515,0.097251634,0.067608736,-0.213450752,0.188314215,0.046582829,0.000138441,-0.119757206,0.111499486,0.027205815,-5.82E-05,-0.030570751,0.02504712,0.003886791,2.21E-05,-0.010760837,0.013987847,0.001699112,-7.10E-06,-0.049348522,0.058938446,0.006050441,5.08E-06,-0.027013401,0.021653488,0.002934949,-1.86E-06,-0.00415991,0.005302438,0.00089405,-3.89E-06,-0.002508064,0.002457547,0.000515794,-4.27E-07,-0.01087221,0.009900133,0.001664919,-5.01E-06,-0.005367268,0.005189332,0.000981671,2.26E-06,-0.008023684,0.007875956,0.001281669,3.56E-06,-0.004589113,0.003935766,0.000747062,-7.47E-07,-0.011710255,0.0184807,0.002027065,-6.33E-05,-0.004570777,0.011078596,0.000704684,8.54E-07,-0.008418061,0.00999792,0.00121427,-3.54E-05,-0.001896419,0.005018146,0.000391674,-2.79E-07,-0.013371785,0.021306457,0.002231404,-5.11E-05,-0.005293284,0.011573583,0.00078439,1.30E-06
441,L,1,-0.139498085,-0.039553822,0.102263347,-0.100247666,0.011694503,0.15843731,0.13396241,0.131554934,1.28E-05,0.250822199,0.030726596,0.015354318,-0.01458914,0.01084671,0.004681223,-0.002798799,-0.033347148,0.016557074,0.016148218,-0.014754785,0.020218827,0.062080438,0.049937617,0.049441272,0.007197643,0.225635716,0.057080272,0.049582306,0.001532474,0.12640099,0.024511623,0.017899017,0.003307632,0.210963312,0.051549373,0.042989877,-0.213450752,0.151614567,0.040325433,-0.000178091,-0.089936026,0.084973471,0.023269688,-1.55E-05,-0.030047348,0.024018101,0.003494924,-3.24E-07,-0.011762974,0.012287493,0.001582289,-4.77E-06,-0.049348522,0.058938446,0.004791037,1.46E-06,-0.027013401,0.021653488,0.002464803,-2.65E-06,-0.004056188,0.004138881,0.000805198,-1.77E-06,-0.002230991,0.002457547,0.000480851,7.71E-08,-0.006136181,0.007274382,0.001403514,-2.28E-06,-0.003733583,0.003602806,0.000853692,1.10E-06,-0.006788633,0.006078904,0.001220994,-5.81E-07,-0.003350571,0.003621165,0.000703267,-7.63E-07,-0.011269967,0.017539926,0.001540676,4.52E-07,-0.003273989,0.010368381,0.000594854,-3.67E-07,-0.004300623,0.00999792,0.000884088,2.03E-06,-0.0018045,0.005018146,0.00034109,-5.21E-07,-0.011471289,0.01742628,0.001527168,-3.13E-06,-0.003072946,0.010108513,0.000627919,1.52E-07
441,L,2,-0.169413494,-0.058550374,0.113989683,-0.112430253,0.020497864,0.157276936,0.135257989,0.133219309,3.36E-06,0.032180489,0.012285265,0.010645975,-0.014509425,0.009826465,0.004919034,-0.003654982,-0.033347148,0.01712342,0.016444381,-0.015226413,0.02315979,0.062080438,0.050323504,0.049928386,0.007197643,0.225635716,0.054061039,0.045668808,0.001532474,0.093563852,0.027237703,0.02181141,0.003307632,0.210963312,0.046698003,0.037104663,-0.152991149,0.165449072,0.036181667,2.87E-05,-0.111264528,0.08697016,0.021403123,-1.56E-05,-0.029774953,0.025780775,0.003378841,1.44E-06,-0.011762974,0.012287493,0.001540822,-3.50E-06,-0.00656781,0.006640778,0.002420482,4.97E-07,-0.004663754,0.00474627,0.001595504,5.26E-07,-0.004056188,0.004126486,0.000754023,1.36E-06,-0.002230991,0.002255046,0.000461024,-1.91E-07,-0.005829995,0.007274382,0.001385323,4.49E-06,-0.003630424,0.003602806,0.000839786,1.10E-06,-0.008504808,0.006900812,0.001266574,3.03E-07,-0.003410658,0.004602038,0.000745759,-8.48E-07,-0.010410834,0.017539926,0.001890312,-2.63E-06,-0.002988883,0.009664339,0.00064065,5.93E-07,-0.006832569,0.007756739,0.001049256,-8.40E-06,-0.002597621,0.006668751,0.000352187,2.22E-07,-0.010492806,0.01742628,0.001854785,4.62E-06,-0.003336461,0.011770709,0.000712224,3.88E-07
441,M,0,-0.233867918,-0.063294423,0.13902952,-0.137497427,0.010161594,0.16253227,0.130610707,0.126975972,3.15E-06,0.25632096,0.033587616,0.013499231,-0.01591002,0.011537887,0.004093832,-0.000449252,-0.033361285,0.022011629,0.011756795,-0.007660186,0.021149727,0.061879725,0.045204384,0.044641808,0.010570829,0.341292131,0.086669878,0.064717636,0.003215327,0.130508274,0.038410802,0.027934676,0.003667168,0.331704753,0.077693488,0.054834273,-0.203999575,0.211437807,0.034276512,7.18E-05,-0.075300134,0.138589371,0.019950675,-1.38E-05,-0.031227159,0.026914772,0.003471327,1.34E-05,-0.011625869,0.014479276,0.001554329,-4.21E-06,-0.04066421,0.043873686,0.00422329,-4.33E-06,-0.018396008,0.025634838,0.002168038,1.99E-06,-0.003304182,0.004651399,0.000850855,1.77E-06,-0.001884334,0.002365748,0.000497725,6.87E-07,-0.009295087,0.012457048,0.001793873,5.03E-06,-0.005339476,0.006074838,0.001049425,8.23E-07,-0.007214374,0.004986859,0.001255449,2.03E-06,-0.003162145,0.003194525,0.000735038,-5.41E-07,-0.018837322,0.019650458,0.001941178,-5.05E-05,-0.004852937,0.006874429,0.000604567,8.61E-07,-0.009523528,0.008974991,0.001093252,-3.06E-05,-0.002170311,0.004090157,0.000385012,-7.35E-08,-0.01885428,0.021724814,0.002068483,-4.00E-05,-0.004827898,0.007950777,0.00066555,9.80E-07
441,M,1,-0.182779621,-0.063294423,0.141802872,-0.141174185,0.015980685,0.154344694,0.132733562,0.130772027,1.78E-06,0.25632096,0.033191903,0.012018082,-0.011729497,0.010415773,0.003013062,-0.000222976,-0.036226843,0.017270542,0.014336378,-0.010584136,0.01899659,0.062523773,0.048593436,0.048075514,0.008153155,0.135588701,0.060057324,0.055355981,0.002036041,0.095314261,0.023136725,0.018964319,0.003667168,0.135062173,0.055421784,0.048870997,-0.139533088,0.12236378,0.031294637,2.33E-05,-0.075300134,0.069198572,0.019082748,-2.44E-06,-0.029772148,0.026914772,0.00333026,-2.27E-05,-0.011625869,0.014479276,0.001524629,-3.86E-06,-0.04066421,0.043873686,0.004179747,4.15E-06,-0.018396008,0.025634838,0.002142888,1.37E-07,-0.005615843,0.003534926,0.000800263,-1.66E-06,-0.002583626,0.002591375,0.000476892,9.49E-08,-0.007243829,0.01085742,0.001832324,-1.79E-06,-0.00480188,0.0050435,0.001074643,8.25E-07,-0.005865777,0.006907733,0.001277264,-4.03E-06,-0.003347491,0.003613404,0.000748575,-1.34E-06,-0.010110812,0.014944499,0.001350388,1.32E-05,-0.003565149,0.006874429,0.000561081,-1.18E-06,-0.006105294,0.008974991,0.000985072,1.19E-05,-0.001848946,0.003735759,0.000360854,-3.12E-07,-0.012456901,0.01260258,0.001437281,4.74E-06,-0.00393718,0.007950777,0.000648971,-1.77E-06
441,M,2,-0.250791578,-0.086961228,0.156749901,-0.153355888,0.006628718,0.15223761,0.131015181,0.129047785,1.18E-06,0.281733891,0.044170193,0.017448961,-0.014869233,0.010667807,0.003896539,-0.000646618,-0.050168781,0.020616372,0.017392691,-0.012798863,0.01899659,0.06714845,0.049229068,0.048680813,0.008153155,0.231518184,0.085139871,0.078234331,0.002036041,0.116534513,0.038204021,0.030143527,0.005294406,0.227742263,0.076087124,0.068245367,-0.196825269,0.196138309,0.03302543,-0.000262643,-0.08575756,0.0824099,0.018906422,-1.74E-05,-0.036208204,0.032581201,0.00349715,-1.96E-06,-0.013152123,0.02053187,0.001667956,-3.88E-06,-0.068368491,0.05327845,0.006345185,4.30E-06,-0.024736405,0.02520122,0.002828509,-7.34E-07,-0.005615843,0.005834365,0.000895147,2.24E-06,-0.002648194,0.003212042,0.000524204,-4.64E-07,-0.009782057,0.011449184,0.002175298,-4.90E-06,-0.006537755,0.007117119,0.001222574,6.68E-07,-0.006597673,0.006907733,0.001330457,-8.97E-07,-0.003584449,0.003613404,0.000778672,-6.72E-07,-0.010110812,0.014169044,0.001556332,1.01E-05,-0.003565149,0.005241277,0.000573484,-1.95E-07,-0.005764252,0.006014177,0.001034596,-1.24E-06,-0.001848946,0.003459038,0.000368134,-4.32E-08,-0.012456901,0.014535672,0.001800353,1.22E-05,-0.00393718,0.005857416,0.000674706,-4.15E-07
442,H,0,-0.121888433,0.295268034,0.058183231,-0.005444725,0.005733581,0.226244477,0.166942294,0.158628954,5.49E-06,0.170703543,0.025143677,0.017002875,-0.019000614,0.014635111,0.007409269,-0.004683108,-0.051952427,0.087304274,0.02799132,-0.022278043,0.028258302,0.103733983,0.05067448,0.050030881,0.026758791,1.276488596,0.319624361,0.224591294,0.006023328,0.577448378,0.184370439,0.119910993,0.008110334,1.275489314,0.261088631,0.173362272,-0.465502595,0.452521784,0.063799892,6.32E-05,-0.284988872,0.217123449,0.034088236,9.80E-05,-0.042129887,0.048824208,0.005714896,-2.47E-05,-0.019684152,0.019422202,0.002624704,-1.13E-05,-0.045044572,0.03360821,0.003931855,9.82E-06,-0.025000259,0.01742752,0.002361411,-2.90E-06,-0.006027426,0.007822465,0.001214062,7.54E-07,-0.004535042,0.004878859,0.000697135,-4.90E-07,-0.030859046,0.040673555,0.002862927,1.08E-05,-0.026043738,0.02029551,0.001650449,4.92E-06,-0.028050709,0.021457702,0.00172065,-2.34E-06,-0.021974162,0.014250327,0.001091024,3.83E-07,-0.078796042,0.054873861,0.008795061,-0.000100701,-0.025502571,0.023621277,0.002328252,-7.66E-07,-0.028774496,0.044323588,0.003845219,-0.000118727,-0.008600416,0.013217148,0.001036567,-1.11E-07,-0.109313655,0.095857487,0.01044719,-2.26E-05,-0.037876798,0.053221789,0.003138134,-1.64E-06
442,H,1,-0.118902966,0.057934952,0.058586247,-0.045471675,0.009950922,0.224113008,0.164952596,0.156349354,5.49E-06,0.096826376,0.023517646,0.016472057,-0.020309093,0.014413861,0.008812152,-0.006107286,-0.050490955,0.025952183,0.027303775,-0.021812753,0.028581289,0.06495371,0.050847524,0.050317197,0.019958333,0.658279592,0.195898289,0.160159555,0.003591044,0.315434577,0.091204072,0.073385557,0.008110334,0.577782874,0.173372307,0.132731829,-0.434388807,0.452521784,0.060053788,-0.000265838,-0.284988872,0.209912763,0.032102279,5.94E-05,-0.043921987,0.048824208,0.005793596,4.07E-06,-0.019684152,0.021776385,0.002624386,-1.03E-05,-0.025546831,0.021253842,0.003536418,-6.15E-07,-0.015012663,0.012127113,0.002176475,-1.11E-07,-0.005734167,0.006415251,0.001186437,4.72E-06,-0.003209204,0.003524564,0.000657362,-1.58E-06,-0.012909116,0.016166563,0.002286723,1.54E-06,-0.00612034,0.006233986,0.001199971,2.23E-06,-0.007225707,0.007190726,0.00138392,-1.57E-06,-0.003602949,0.003465037,0.000810477,-1.85E-07,-0.03533227,0.05641592,0.007869684,-1.88E-05,-0.012528056,0.038723519,0.002190205,2.04E-06,-0.02471494,0.021708945,0.003263448,-4.91E-06,-0.00532925,0.011954245,0.000861177,4.23E-07,-0.034981011,0.060299276,0.007783365,-1.92E-05,-0.012757912,0.0452815,0.002397298,2.31E-06
442,H,2,-0.118902966,0.028834203,0.062611303,-0.056610261,0.01022582,0.221102302,0.166815791,0.159865204,1.24E-08,0.095752048,0.018862385,0.011750693,-0.020309093,0.014413861,0.009147775,-0.006900067,-0.046506402,0.025952183,0.028216965,-0.023761581,0.028581289,0.066767046,0.052753594,0.052252022,0.011554373,0.662565774,0.182756516,0.147061889,0.003318126,0.22799709,0.071742288,0.055268771,0.007844714,0.636691526,0.168086252,0.13015782,-0.273162334,0.326892489,0.056974877,8.90E-05,-0.180734891,0.180366577,0.031032321,-1.02E-05,-0.043921987,0.041301988,0.005093495,5.71E-06,-0.017393087,0.021776385,0.002319069,-8.78E-06,-0.025546831,0.032368843,0.003186671,1.13E-06,-0.018126477,0.016755719,0.002007541,1.55E-06,-0.005734167,0.006415251,0.001123662,3.07E-06,-0.003209204,0.003524564,0.000622021,-1.71E-06,-0.011426555,0.017986387,0.002118651,1.17E-06,-0.006385574,0.008266645,0.001122299,3.07E-06,-0.008297657,0.007190726,0.001296355,1.97E-06,-0.004874196,0.004510651,0.00075675,-9.73E-07,-0.03533227,0.05641592,0.007063693,9.04E-05,-0.013070852,0.038723519,0.002002983,2.68E-06,-0.012748888,0.020549464,0.002743531,1.26E-05,-0.004889671,0.010554095,0.000751879,1.83E-06,-0.034174466,0.060299276,0.006936324,9.21E-05,-0.012890825,0.0452815,0.002137804,2.15E-06
442,L,0,-0.116237738,0.041144816,0.040077097,-0.031612812,0.00844921,0.230507302,0.17908447,0.173074493,4.43E-08,0.12272737,0.009092953,0.004214181,-0.018809054,0.01362899,0.005796966,0.002227922,-0.052600542,0.028078314,0.025711054,-0.020753264,0.030970214,0.07369357,0.052186638,0.051771401,0.009572455,0.30602389,0.114591085,0.095732884,0.002313629,0.133070082,0.045949126,0.039557739,0.004758011,0.305597,0.10497521,0.081540419,-0.19340567,0.180006476,0.042700801,-0.000149501,-0.116899308,0.129019399,0.025226772,-1.02E-05,-0.03573619,0.03883838,0.004646941,1.72E-05,-0.013011994,0.014933512,0.00196707,-7.25E-06,-0.036478061,0.038304601,0.002774986,4.73E-06,-0.023481604,0.025438305,0.001762363,7.68E-07,-0.006393928,0.005956172,0.001082673,2.18E-06,-0.002685542,0.003949376,0.000628854,-1.64E-06,-0.012950756,0.017279222,0.002249957,3.05E-06,-0.00832187,0.008705401,0.001292869,2.08E-07,-0.007584344,0.009404951,0.001294464,-1.56E-06,-0.00515243,0.003984336,0.000780797,4.90E-07,-0.02244406,0.050677067,0.002965424,-2.79E-05,-0.012952967,0.016691567,0.001068217,-4.44E-07,-0.009219936,0.01447863,0.001600192,-1.30E-05,-0.003480412,0.005790145,0.000567362,2.13E-06,-0.027712633,0.050878907,0.003196951,-2.75E-05,-0.013052255,0.017089711,0.001177285,-1.80E-06
442,L,1,-0.090916524,0.003523281,0.039421695,-0.032622823,0.00844921,0.230507302,0.181497446,0.175895103,4.43E-08,0.019913386,0.00573333,0.003534166,-0.01402425,0.01798525,0.005668753,0.002741249,-0.048533332,0.028078314,0.024361343,-0.019884504,0.031796827,0.0684863,0.052210784,0.051824422,0.00583703,0.236038595,0.066313745,0.051299544,0.001806297,0.082416594,0.030360111,0.024554374,0.004351206,0.22501031,0.058955716,0.041702822,-0.183863453,0.185336005,0.037657627,-6.60E-05,-0.098714793,0.129019399,0.021974146,-1.80E-05,-0.033753142,0.03883838,0.004241672,1.12E-05,-0.013011994,0.015812802,0.001832193,-4.78E-06,-0.006239488,0.006411171,0.001714915,1.93E-06,-0.004648807,0.00421868,0.001152254,-6.11E-07,-0.005667413,0.005956172,0.001063577,2.81E-07,-0.002685542,0.003949376,0.000626007,-1.09E-06,-0.012937349,0.017279222,0.002006665,3.16E-06,-0.008065869,0.008365322,0.001163931,1.91E-06,-0.007584344,0.009404951,0.001215354,-1.33E-06,-0.00515243,0.003984336,0.000750751,-9.15E-07,-0.011420763,0.016387815,0.001769461,6.39E-07,-0.003648284,0.007644047,0.00066221,4.51E-07,-0.004674029,0.008638788,0.000935605,2.78E-07,-0.00195402,0.002103639,0.000379169,5.53E-08,-0.013545251,0.017971966,0.001855976,6.35E-07,-0.003534002,0.009691666,0.000734471,5.30E-07
442,L,2,-0.084476294,0.002374167,0.039780264,-0.034862142,0.014868549,0.225161585,0.185612806,0.182291018,5.40E-08,0.027898362,0.006106542,0.003876897,-0.013668455,0.01798525,0.005025032,0.002364856,-0.048533332,0.021257386,0.023208893,-0.020940202,0.033215097,0.067364206,0.052880583,0.052558057,0.00583703,0.177256587,0.056694201,0.048789421,0.001806297,0.075735474,0.030561603,0.024601565,0.004351206,0.166331615,0.047751658,0.037888239,-0.156157365,0.185336005,0.036786193,-8.92E-07,-0.082311082,0.110714727,0.021392407,-1.30E-05,-0.033753142,0.035911589,0.003568595,-4.87E-07,-0.012775282,0.015812802,0.001608966,-3.25E-06,-0.008973918,0.007997807,0.001788771,-3.61E-06,-0.006125164,0.005667181,0.001210201,-3.99E-07,-0.005409223,0.004033862,0.001030877,-1.64E-06,-0.002390142,0.002741315,0.000610892,-4.90E-07,-0.01143719,0.011566853,0.001786085,-1.69E-06,-0.005582295,0.005393657,0.001045437,4.99E-07,-0.007333981,0.007817719,0.001115029,1.61E-06,-0.004102696,0.00313627,0.000674149,-3.21E-07,-0.007428898,0.011757865,0.001381138,5.58E-06,-0.00308681,0.007543421,0.000554736,9.53E-07,-0.004674029,0.004663503,0.000797223,6.21E-06,-0.0015063,0.001933136,0.000350882,3.97E-07,-0.007181264,0.011817148,0.001449201,1.26E-06,-0.003105674,0.007731392,0.000606576,7.80E-07
442,M,0,-0.111511715,0.086623531,0.061260389,-0.042952947,0.012142171,0.223457612,0.168230514,0.163051638,1.63E-05,0.130797363,0.018079332,0.015676388,-0.020050666,0.011841355,0.005848909,-0.0034563,-0.053001501,0.025991295,0.028067734,-0.023309494,0.029739756,0.073538553,0.052473336,0.051888474,0.006737338,0.205148725,0.08571151,0.073022354,0.002533741,0.163827844,0.044097231,0.033833843,0.006242746,0.180392628,0.0734976,0.060344373,-0.247361722,0.254928165,0.054962856,-0.000166766,-0.170273535,0.136975084,0.031639157,-5.78E-06,-0.03880061,0.032232376,0.0043439,7.24E-06,-0.015188447,0.023366857,0.002135009,-2.99E-06,-0.042092123,0.030045579,0.00280774,-1.40E-06,-0.026358547,0.016972079,0.001769373,6.59E-07,-0.004695648,0.004932849,0.000949536,-1.56E-06,-0.00278725,0.002650675,0.000575459,6.85E-08,-0.014378822,0.014222435,0.0021462,3.92E-06,-0.00787976,0.00775046,0.001268806,-2.52E-07,-0.007734566,0.007781399,0.00124521,-2.09E-06,-0.004379233,0.004656174,0.000769507,-3.47E-07,-0.021440665,0.017365228,0.002322679,-1.13E-05,-0.009428195,0.012110145,0.000960342,4.56E-08,-0.007897493,0.012124921,0.001399929,-1.01E-05,-0.003771721,0.005565907,0.000598582,2.46E-07,-0.026308885,0.017872441,0.002494344,-5.18E-06,-0.009269519,0.018832113,0.001068888,-9.01E-07
442,M,1,-0.111511715,-0.010532817,0.071106703,-0.067979429,0.012405687,0.209728423,0.171036112,0.167720619,6.17E-06,0.053576851,0.01568727,0.013789731,-0.012943677,0.011841355,0.003856982,-0.001262611,-0.049380659,0.023952228,0.034468469,-0.03236452,0.033498849,0.070341639,0.055391466,0.055065123,0.006737338,0.135358928,0.03828256,0.034047278,0.002311383,0.074084801,0.023618121,0.019991577,0.006242746,0.132062131,0.030128702,0.025026048,-0.247361722,0.254928165,0.059345012,-2.21E-05,-0.170273535,0.136975084,0.033694558,2.15E-06,-0.03880061,0.034683777,0.003470657,2.17E-06,-0.015188447,0.016199193,0.001710868,-7.43E-07,-0.010377759,0.008128948,0.0023415,-2.20E-06,-0.005163809,0.005272608,0.001509832,-1.89E-06,-0.004597759,0.004932849,0.000878433,2.40E-06,-0.002593426,0.002650675,0.000530642,2.97E-07,-0.014378822,0.017473144,0.002015057,-5.07E-06,-0.006291414,0.00775046,0.001154708,-3.80E-07,-0.006637356,0.007781399,0.001259311,1.59E-06,-0.004416259,0.004656174,0.000786027,-1.50E-08,-0.018783458,0.014688144,0.001529273,-2.91E-05,-0.006831144,0.012110145,0.000747453,-1.25E-06,-0.007579781,0.012124921,0.001301582,-6.35E-06,-0.003771721,0.005565907,0.000619699,-3.51E-07,-0.017714373,0.012590383,0.001488245,-2.80E-05,-0.00624753,0.010839294,0.000748825,-1.03E-06
442,M,2,-0.126915971,-0.010532817,0.06828178,-0.064663151,0.020241291,0.210771809,0.174168118,0.170205945,2.93E-06,0.052585747,0.016561341,0.014206407,-0.012340659,0.011921716,0.003984513,-0.000552367,-0.049256058,0.023952228,0.032503056,-0.03010691,0.033593674,0.072490125,0.055920225,0.055566909,0.010493756,0.215984672,0.06600838,0.054347532,0.002311383,0.08685653,0.033999374,0.02829542,0.006831882,0.215601141,0.056578696,0.041561042,-0.340597453,0.272529374,0.05816945,-2.47E-05,-0.170467631,0.192939061,0.034251539,1.51E-05,-0.034688216,0.034683777,0.003511227,-3.45E-05,-0.012089189,0.016860764,0.001634817,-2.05E-06,-0.009230996,0.009512825,0.002514668,1.80E-06,-0.005487008,0.005557803,0.001605958,8.80E-08,-0.002968485,0.003714029,0.000855353,9.06E-07,-0.002140007,0.002062291,0.000513798,6.57E-07,-0.013523923,0.017473144,0.002151919,9.84E-06,-0.008014168,0.007524668,0.001238589,-4.78E-07,-0.012092299,0.005312425,0.001278288,-2.85E-06,-0.00548913,0.005062481,0.000796711,1.70E-07,-0.007784053,0.022400417,0.00176273,2.66E-05,-0.003621282,0.005573301,0.000695619,3.07E-07,-0.005037968,0.010346199,0.001170304,-1.86E-07,-0.003291813,0.002026589,0.000537409,-1.66E-07,-0.007786415,0.025646099,0.001787037,3.38E-05,-0.004108408,0.005718512,0.000709252,4.83E-07
443,H,0,-0.299593999,0.044905571,0.047328447,-0.026430735,0.009168795,0.202361344,0.154345235,0.148681951,1.34E-06,0.198203005,0.022705257,0.00828308,-0.026128029,0.006930334,0.006175788,-0.00406338,-0.057934738,0.008861853,0.030602733,-0.026551573,0.011222958,0.068017081,0.04459153,0.043193775,0.013862696,0.501701646,0.153746834,0.124742703,0.003631344,0.306406701,0.077697644,0.057095932,0.009951058,0.436246671,0.132669383,0.103263556,-0.371758802,0.363063733,0.057237511,-0.000108843,-0.196577739,0.18352767,0.030931514,5.59E-05,-0.038982033,0.042439111,0.006037891,-9.25E-07,-0.014787049,0.026979178,0.002829278,1.65E-05,-0.023165848,0.010640211,0.002180029,-5.13E-05,-0.008485927,0.005633785,0.001361623,-1.80E-07,-0.006881122,0.005087366,0.001025952,2.99E-07,-0.003568774,0.004218996,0.000624531,1.08E-06,-0.011555814,0.013323911,0.002774557,-6.25E-06,-0.005606037,0.007139764,0.001530512,-1.68E-06,-0.010115128,0.011508001,0.002131157,4.84E-06,-0.005344315,0.005374522,0.001173085,2.28E-06,-0.016939834,0.022800486,0.00397278,-3.65E-05,-0.006168596,0.008563261,0.001055687,-6.57E-06,-0.028390375,0.026366508,0.004247996,-7.82E-06,-0.010866847,0.019088166,0.001245222,-6.66E-06,-0.013542394,0.020184615,0.003064166,-3.97E-05,-0.006031501,0.004156267,0.000968018,-3.61E-06
443,H,1,-0.132207574,0.079550096,0.041619961,-0.018533815,0.006951631,0.202176875,0.149430209,0.145078024,1.40E-07,0.144481163,0.025320944,0.012819513,-0.022979641,0.011895718,0.005665993,-0.002736703,-0.057934738,0.013762991,0.032930344,-0.029118436,0.011222958,0.068666228,0.046483957,0.04526471,0.013862696,0.385875379,0.127157877,0.102461335,0.003733678,0.243771514,0.073222458,0.055043651,0.006514184,0.381315986,0.103959594,0.077142201,-0.270323537,0.363063733,0.054366909,-0.000225671,-0.18932278,0.154564067,0.028447528,8.56E-05,-0.035449583,0.045899634,0.005515558,6.71E-06,-0.01645408,0.018574583,0.002571687,1.92E-05,-0.027768256,0.027318953,0.003502547,4.60E-06,-0.017968566,0.011624335,0.001901001,-7.91E-07,-0.00734072,0.004999815,0.001110515,-2.43E-06,-0.004110192,0.00368037,0.000646885,1.34E-06,-0.01224844,0.013838419,0.002908022,-3.13E-06,-0.006116577,0.007139764,0.001628337,-2.43E-06,-0.010115128,0.011508001,0.002130734,3.17E-06,-0.005522745,0.005374522,0.001205477,1.85E-06,-0.026861369,0.021924814,0.00384861,6.50E-05,-0.004591887,0.008832194,0.001098072,-1.04E-05,-0.026409947,0.043850511,0.003870491,3.08E-05,-0.00894759,0.025231875,0.001255425,-9.09E-06,-0.022082557,0.016442837,0.003017057,5.30E-05,-0.004215952,0.00752416,0.001005204,-6.27E-06
443,H,2,-0.152630484,0.224868643,0.057004899,-0.019072774,0.006951631,0.202176875,0.141931709,0.137469258,1.40E-07,0.152422465,0.046754443,0.033494259,-0.023383453,0.011895718,0.005802294,-0.002364752,-0.056154723,0.013762991,0.032902298,-0.029198109,0.019223935,0.068666228,0.047445179,0.046417675,0.016078476,0.385875379,0.161003774,0.139935273,0.003366712,0.243771514,0.0798886,0.063917723,0.006514184,0.381315986,0.139785646,0.113388507,-0.28163865,0.348789275,0.057435705,-1.27E-05,-0.155908143,0.151650073,0.029765961,2.13E-05,-0.0410502,0.045899634,0.005691842,9.27E-06,-0.01645408,0.018574583,0.002575937,1.18E-05,-0.02932755,0.027318953,0.004698044,7.37E-06,-0.017968566,0.014085668,0.002546321,9.20E-09,-0.00734072,0.005404052,0.001213818,-2.42E-06,-0.004110192,0.003659978,0.000694281,2.97E-07,-0.014972407,0.013838419,0.0027924,7.54E-06,-0.006116577,0.005845351,0.00157703,-1.07E-06,-0.008247505,0.00981046,0.001946337,-4.86E-06,-0.005522745,0.005211172,0.00112529,1.01E-06,-0.026861369,0.021924814,0.003705149,-5.61E-06,-0.004591887,0.008832194,0.001109527,-4.34E-06,-0.026409947,0.043850511,0.003988129,1.09E-05,-0.00894759,0.025231875,0.001337877,-4.28E-06,-0.022082557,0.013879432,0.0032673,-1.44E-05,-0.004215952,0.00752416,0.001049337,-4.94E-07
443,L,0,-0.256487932,0.073887242,0.049244389,-0.033045254,0.011932543,0.215505145,0.165593793,0.161608975,1.32E-06,0.182428947,0.012623109,0.008273788,-0.024690962,0.014216154,0.004699868,-0.00248735,-0.055539765,0.00684781,0.030958733,-0.028071564,0.011619148,0.064589482,0.045317235,0.044345485,0.018462157,0.745144106,0.140931312,0.111930387,0.004286399,0.573041818,0.097863379,0.060567726,0.010084483,0.617582204,0.101412,0.083345955,-0.393787167,0.355999814,0.047197574,-0.000149538,-0.217469501,0.168546052,0.025689261,3.68E-05,-0.035842855,0.041676543,0.004896751,-1.99E-06,-0.01354478,0.015494021,0.002244735,7.71E-06,-0.042158558,0.022909118,0.002700855,4.31E-06,-0.01594105,0.013218673,0.001581439,-2.65E-06,-0.005770049,0.005340194,0.000953196,-1.73E-06,-0.002782304,0.002844181,0.000563408,1.78E-07,-0.016216088,0.013155064,0.002457592,-5.05E-06,-0.006065524,0.007867871,0.001387006,-1.55E-06,-0.014101872,0.012957727,0.001887368,3.61E-06,-0.006749791,0.005382455,0.00105558,1.64E-06,-0.021967657,0.047515187,0.004017307,-4.09E-05,-0.008316539,0.009190686,0.000948495,-3.59E-06,-0.0295527,0.03789503,0.003899731,2.03E-05,-0.007915159,0.020809706,0.000988481,-4.50E-06,-0.043438955,0.041742744,0.003610932,-6.04E-05,-0.007295418,0.006744026,0.000950746,-6.05E-07
443,L,1,-0.15074786,-0.001736889,0.066652147,-0.058932096,0.011932543,0.201321788,0.165045155,0.163258939,1.47E-10,0.182428947,0.011969257,0.006197425,-0.015712934,0.014216154,0.003564017,-0.001275844,-0.055490166,-0.001485877,0.030748927,-0.02839686,0.01762666,0.063885114,0.044622411,0.043914279,0.009184749,0.327657535,0.078788778,0.070411043,0.004286399,0.313676284,0.061913395,0.050569326,0.006180467,0.134985939,0.048727847,0.039869115,-0.283492628,0.355999814,0.044961435,-0.000136609,-0.217469501,0.144905576,0.025671093,3.06E-06,-0.035842855,0.03921234,0.003783666,3.71E-06,-0.012226031,0.015117526,0.001814413,3.63E-06,-0.042158558,0.022909118,0.002413564,-3.01E-06,-0.01594105,0.013218673,0.001349717,-5.08E-11,-0.003945558,0.005004148,0.000822759,3.16E-06,-0.002782304,0.002844181,0.000492604,1.55E-07,-0.010654269,0.010199856,0.002105149,7.76E-07,-0.005646863,0.005065953,0.001204911,-7.02E-07,-0.00744344,0.008819982,0.001604633,-7.81E-07,-0.004218609,0.004885645,0.000936151,4.23E-07,-0.012835651,0.023866057,0.002504005,-2.25E-06,-0.004985251,0.016160629,0.00082777,-2.28E-06,-0.011644133,0.018999256,0.002355873,1.49E-05,-0.004636169,0.012899231,0.000742359,-2.30E-06,-0.009018346,0.015090691,0.00169847,-1.83E-05,-0.004555983,0.010132249,0.000735568,-9.11E-07
443,L,2,-0.135744601,0.056986211,0.063444548,-0.051240226,0.014098461,0.197916222,0.158486122,0.155509104,1.47E-10,0.11900288,0.016011401,0.007356624,-0.018676905,0.011492649,0.003982987,-0.000789818,-0.054719694,-0.001336392,0.034798838,-0.032761757,0.017530588,0.064986811,0.047454786,0.046679148,0.009184749,0.252941287,0.10350703,0.088901501,0.004241734,0.205367072,0.064994686,0.055500697,0.006180467,0.220706868,0.080556788,0.059134095,-0.239804101,0.262312215,0.046192449,0.000104369,-0.131424848,0.136943089,0.026505208,1.41E-05,-0.039682334,0.044399377,0.00450485,-5.90E-06,-0.016806109,0.021097186,0.00216695,4.88E-06,-0.027115519,0.026491644,0.002493571,-2.13E-06,-0.010653327,0.012029092,0.001406502,1.01E-07,-0.004519612,0.004362652,0.000896244,1.33E-06,-0.002191987,0.00280982,0.000536907,-3.15E-07,-0.010654269,0.012048235,0.00220227,-3.70E-06,-0.007277963,0.006275205,0.001262367,2.26E-08,-0.008829383,0.010224299,0.001721014,3.58E-06,-0.004679145,0.005152795,0.001008413,1.85E-07,-0.013486434,0.023866057,0.00263971,1.60E-05,-0.003959837,0.016160629,0.000908252,-2.52E-06,-0.012002467,0.01994554,0.002519057,-2.79E-06,-0.004636169,0.012899231,0.00081636,-1.40E-06,-0.011353915,0.014596817,0.001924058,1.76E-05,-0.004064039,0.010132249,0.000838072,-1.59E-06
443,M,0,-0.237117001,0.081624224,0.053781975,-0.039177948,0.004047233,0.212544937,0.15327657,0.148290527,4.52E-06,0.133403576,0.021133169,0.012289648,-0.022752965,0.011141717,0.006033723,-0.003412614,-0.054117705,0.004913893,0.033245805,-0.029889226,0.016218833,0.065592167,0.047179048,0.046180958,0.013998636,0.478576616,0.120444484,0.099915752,0.001988192,0.390258749,0.08645503,0.06107547,0.005390705,0.338145311,0.083859416,0.069226804,-0.325363294,0.371903845,0.054891863,0.000524758,-0.205542255,0.157835929,0.029987482,-1.36E-05,-0.042347767,0.049908812,0.005866045,-1.30E-06,-0.018267576,0.020605261,0.00274592,8.64E-06,-0.030738573,0.02979773,0.003399245,1.86E-06,-0.013519273,0.012174175,0.001881705,-6.86E-07,-0.007257885,0.006569491,0.001126315,-1.15E-07,-0.004382565,0.003784226,0.000654697,-6.70E-08,-0.01370219,0.014549384,0.002826155,-1.53E-06,-0.00774995,0.006784245,0.001621142,-1.17E-06,-0.007555167,0.009942283,0.002044684,7.57E-06,-0.004952265,0.005653491,0.00119344,-5.32E-07,-0.02656946,0.029217087,0.00390683,-4.81E-05,-0.006653372,0.017166323,0.001106223,-7.13E-06,-0.015405343,0.026124241,0.003619987,-2.95E-05,-0.006416064,0.014896963,0.000988893,-7.04E-06,-0.023868978,0.026506286,0.003296944,-4.03E-05,-0.00757338,0.014418468,0.001187983,-2.91E-06
443,M,1,-0.145908546,0.019046815,0.059372779,-0.051000455,0.005963244,0.193988042,0.153215351,0.149698952,1.38E-06,0.133403576,0.018700201,0.010443513,-0.021737778,0.011141717,0.004378464,-0.001292039,-0.055712894,0.004913893,0.037781963,-0.035089362,0.020929236,0.064521376,0.050058131,0.049240557,0.007395721,0.23735485,0.083126995,0.069197112,0.001461883,0.217711721,0.054616914,0.038722176,0.005112184,0.182037944,0.062666499,0.051943156,-0.256657181,0.323139191,0.051469767,-0.00017367,-0.193788629,0.139977747,0.029841031,4.53E-06,-0.042347767,0.048703676,0.005092854,1.13E-05,-0.018267576,0.020605261,0.002435414,5.84E-06,-0.030738573,0.02979773,0.003245397,-6.72E-06,-0.013519273,0.012174175,0.001815364,-8.83E-07,-0.006362685,0.006569491,0.00094167,-4.42E-07,-0.004382565,0.003785557,0.00056967,4.00E-07,-0.01370219,0.014549384,0.002493382,1.66E-06,-0.007287661,0.006784245,0.001465914,-2.35E-06,-0.008917151,0.01071899,0.001852877,-8.71E-07,-0.004901256,0.00621073,0.001109341,1.69E-06,-0.02656946,0.026832195,0.00300558,-1.82E-06,-0.006599543,0.017166323,0.000986445,-1.75E-06,-0.015405343,0.021322095,0.002774133,5.48E-06,-0.004700294,0.014896963,0.000932137,-2.21E-06,-0.023868978,0.018887819,0.002422499,-8.14E-06,-0.00757338,0.014418468,0.000957984,-3.27E-07
443,M,2,-0.152765188,0.019046815,0.061649993,-0.054989729,0.006932688,0.194389309,0.151819595,0.149575129,1.38E-06,0.140859589,0.02309524,0.012756029,-0.022872217,0.016021652,0.00461198,-0.001104017,-0.055712894,0.002916617,0.039358116,-0.037232375,0.01915608,0.06947518,0.051250164,0.05051508,0.007395721,0.472201957,0.101145914,0.072355503,0.001461883,0.182215062,0.050493163,0.039855265,0.005112184,0.461982272,0.087640951,0.055682487,-0.304686813,0.311730622,0.050264792,-0.000266631,-0.207260722,0.139977747,0.028970927,-5.72E-05,-0.040524699,0.042557677,0.004219616,4.78E-05,-0.015323714,0.018898539,0.002045878,4.86E-06,-0.019939279,0.022330825,0.002893742,-2.37E-06,-0.00926273,0.01042615,0.001670371,9.27E-07,-0.006706065,0.005147419,0.000943235,2.03E-07,-0.002785377,0.003785557,0.000552793,2.71E-07,-0.012763701,0.011620869,0.002466181,-7.76E-06,-0.007996861,0.006491775,0.001415647,3.79E-08,-0.008917151,0.01071899,0.001814281,3.37E-06,-0.004930308,0.00621073,0.00106807,6.62E-07,-0.026410708,0.029462764,0.002852062,-2.21E-05,-0.006444796,0.008385533,0.000898054,-6.83E-07,-0.014570554,0.02125985,0.002331391,-1.09E-05,-0.004963104,0.011907639,0.000791307,-8.16E-07,-0.029127963,0.029626835,0.002592758,-1.94E-05,-0.007115365,0.007875075,0.000853014,-2.34E-07
444,H,0,-0.986432512,0.120922749,0.158994908,-0.04494432,0.011179628,0.284573068,0.158671836,0.149903697,6.46E-06,0.195148611,0.05585759,0.03329164,-0.062352571,0.022227409,0.005666589,-0.00190384,-0.129030828,0.07082548,0.028101344,-0.022894992,0.015190507,0.158233815,0.044995733,0.04392928,0.022293091,1.14249032,0.331532867,0.263322929,0.00533367,0.687594985,0.172279574,0.131532938,0.013357286,1.106919344,0.283255698,0.208341943,-1.820388697,2.538528048,0.133736625,0.001157077,-1.263615395,0.943405197,0.067699702,-0.000398827,-0.057196034,0.07870561,0.006644199,1.56E-05,-0.051261954,0.038660555,0.003350131,3.85E-06,-0.049974157,0.029475102,0.004758237,2.12E-05,-0.026717945,0.024693741,0.002358583,-2.93E-06,-0.022407179,0.026717193,0.00152354,4.12E-06,-0.013158858,0.017886375,0.000966235,-1.70E-06,-0.046741393,0.043578944,0.003548125,-3.49E-06,-0.037486274,0.033199482,0.002288411,-3.85E-06,-0.050116015,0.045014063,0.002836553,6.80E-06,-0.034815021,0.024456316,0.001948374,3.77E-06,-0.052559591,0.054877454,0.010198207,1.40E-06,-0.010028224,0.029062235,0.001903481,-5.19E-06,-0.040865995,0.041190198,0.006503106,-4.98E-05,-0.007297791,0.021102072,0.001455447,-9.65E-06,-0.052556778,0.054321135,0.009802115,7.00E-05,-0.010112551,0.037109814,0.002176996,5.46E-06
444,H,1,-0.430301551,0.409586244,0.134170228,-0.067206819,0.011179628,0.219429421,0.158549483,0.149647087,9.36E-06,0.238674848,0.068009984,0.044730271,-0.062352571,0.041524989,0.005543735,-0.000888903,-0.129030828,0.055144388,0.02873016,-0.02345121,0.015661338,0.158233815,0.044786876,0.043678358,0.023371445,1.448477048,0.407948419,0.332940053,0.005393262,0.649704985,0.175525361,0.142883383,0.011803948,1.392728832,0.368256378,0.285014837,-2.36037886,2.059179945,0.10413177,-0.001357197,-1.232248727,1.204840898,0.058754172,3.76E-05,-0.03556309,0.035027812,0.005415082,-7.58E-05,-0.014063887,0.012900261,0.002395037,-1.06E-06,-0.034221466,0.029475102,0.00515391,-4.70E-06,-0.015694038,0.015728758,0.002472544,-2.42E-06,-0.022407179,0.026717193,0.001606251,3.72E-07,-0.013158858,0.017886375,0.000993532,1.12E-06,-0.038884083,0.043578944,0.003269264,1.96E-05,-0.022509592,0.029898871,0.001917289,3.67E-06,-0.050116015,0.045014063,0.00273082,-1.03E-05,-0.034815021,0.028079925,0.001813286,6.33E-06,-0.065377857,0.055260808,0.012082105,0.000123528,-0.011724034,0.029062235,0.002090703,1.47E-05,-0.035263082,0.025597071,0.006055421,3.99E-05,-0.006979762,0.018006997,0.001446182,3.85E-06,-0.063932744,0.055944438,0.012498385,0.000117148,-0.01178214,0.037109814,0.002544953,1.60E-05
444,H,2,-0.759992708,0.409586244,0.147928773,-0.081466412,0.005763898,0.219429421,0.155986888,0.145793327,5.15E-06,0.238674848,0.059054144,0.035652141,-0.026942153,0.041524989,0.005520726,-0.001694297,-0.058966421,0.055144388,0.027981272,-0.022007075,0.015661338,0.092648433,0.043647872,0.042594765,0.017520831,1.738476027,0.435427186,0.342836113,0.005393262,0.649704985,0.179702849,0.13951346,0.010911833,1.621540557,0.39661533,0.296301085,-2.36037886,2.059179945,0.10516223,-0.000585028,-1.232248727,1.204840898,0.056796935,0.000177593,-0.03443241,0.034937247,0.005506109,-4.30E-05,-0.012674608,0.012172122,0.002348831,4.10E-06,-0.031507396,0.029202755,0.004442087,-3.52E-05,-0.012744808,0.013494713,0.002177406,1.89E-06,-0.020359816,0.018639285,0.001411564,-3.14E-06,-0.012208197,0.00968941,0.000858029,2.11E-06,-0.037073591,0.03339415,0.002979638,3.46E-06,-0.022509592,0.017115813,0.001704962,5.54E-06,-0.038020484,0.032642706,0.002209989,-3.06E-06,-0.024314628,0.028079925,0.001470919,2.56E-06,-0.065377857,0.059586648,0.013280766,4.40E-05,-0.015954195,0.026534345,0.00231046,9.24E-06,-0.036518089,0.033150027,0.006579915,-2.36E-06,-0.007655496,0.022602898,0.001587999,2.25E-06,-0.063932744,0.062848632,0.013353546,5.41E-05,-0.014648236,0.029212074,0.00256385,9.73E-06
444,L,0,-0.292099691,0.166684303,0.069040745,-0.003226551,0.006426762,0.201502617,0.147897545,0.141566696,1.05E-05,0.176441717,0.060486983,0.04192782,-0.016245858,0.013134693,0.005146459,-0.001259648,-0.052115553,0.024342883,0.032500067,-0.028625967,0.018085915,0.063370837,0.047452733,0.046517354,0.02893998,0.498241394,0.205154627,0.176863008,0.004106916,0.376803731,0.128494858,0.0963508,0.012186642,0.487086815,0.159929649,0.132749973,-0.28211088,0.315411595,0.043847083,-0.000126359,-0.101857129,0.116116083,0.020592188,-8.07E-05,-0.041437327,0.039454101,0.005263995,-7.14E-06,-0.013653553,0.020813302,0.002426473,3.72E-06,-0.045520061,0.033169951,0.005001068,6.62E-06,-0.019221501,0.018381079,0.002474542,-6.96E-07,-0.005217532,0.004370297,0.000951067,-2.00E-06,-0.002903596,0.002977034,0.000561885,-1.78E-08,-0.010911687,0.013649908,0.002264055,1.41E-07,-0.006754921,0.006347209,0.001247848,2.89E-07,-0.010206649,0.009399345,0.001542615,9.35E-08,-0.004535945,0.004739265,0.000878867,1.07E-06,-0.034829016,0.050667499,0.004186761,-8.57E-05,-0.010012241,0.014845035,0.001048732,1.90E-07,-0.026444797,0.033948988,0.003874073,2.00E-06,-0.007022139,0.020722646,0.000966248,-2.44E-07,-0.026488894,0.039856521,0.004042829,-9.28E-05,-0.007452621,0.014243461,0.001171811,1.71E-06
444,L,1,-0.37808083,0.114941148,0.081363691,-0.017015588,0.006426762,0.202001036,0.155773395,0.149185151,1.07E-05,0.248566569,0.070603719,0.04837409,-0.019146943,0.014173724,0.004992638,-0.001408158,-0.056047047,0.024342883,0.030240594,-0.026210885,0.014564534,0.069023568,0.045809392,0.045152933,0.012493893,0.782003426,0.215547646,0.167288729,0.004106916,0.34012798,0.127763345,0.09368963,0.008005325,0.728833239,0.173601024,0.125456026,-0.298807275,0.315411595,0.041894256,6.74E-05,-0.083469885,0.090195624,0.018492773,-1.34E-06,-0.041437327,0.03450639,0.004781412,-6.70E-07,-0.013542759,0.01867232,0.00219867,-2.53E-08,-0.032695112,0.033169951,0.004619286,1.73E-05,-0.018943144,0.013532071,0.002201982,-4.32E-06,-0.005217532,0.004237252,0.000950203,1.28E-06,-0.002903596,0.002813934,0.000558114,5.33E-08,-0.012364255,0.014038352,0.00214093,2.85E-06,-0.005559792,0.006347209,0.001181534,7.02E-08,-0.011458853,0.006665739,0.001442802,-2.70E-06,-0.004650626,0.005185101,0.000840305,8.70E-07,-0.034829016,0.050667499,0.00540738,2.53E-05,-0.010012241,0.026332409,0.001313615,6.31E-07,-0.026444797,0.033948988,0.003939194,3.90E-05,-0.007022139,0.027529981,0.001194233,-3.82E-07,-0.026488894,0.039856521,0.004567926,-9.96E-06,-0.007452621,0.019728171,0.001127297,1.86E-06
444,L,2,-0.37808083,0.105169021,0.086724632,-0.012278524,0.003717231,0.216546635,0.163426449,0.157733043,6.99E-07,0.248566569,0.05667034,0.034776436,-0.019146943,0.014173724,0.004979022,-0.00097814,-0.05676404,0.023310304,0.031032203,-0.027170329,0.014564534,0.069023568,0.046247373,0.045520141,0.012493893,0.917083214,0.252014502,0.192799855,0.002422828,0.34012798,0.135666936,0.110014293,0.008005325,0.873713949,0.212381241,0.140201255,-0.298807275,0.21400762,0.041121461,2.95E-05,-0.079926904,0.08806097,0.018621937,-4.05E-06,-0.043006994,0.041002525,0.004550861,-1.52E-06,-0.013746136,0.023951782,0.002177624,2.02E-06,-0.03269245,0.02558502,0.003522966,-1.05E-05,-0.012002266,0.013279038,0.001753269,1.24E-06,-0.005193482,0.004877333,0.000942845,3.16E-06,-0.00245446,0.002973099,0.00054939,1.74E-07,-0.012672134,0.014038352,0.002110058,1.10E-06,-0.005167571,0.005355728,0.001177307,-2.17E-07,-0.011458853,0.010089145,0.00152712,-5.55E-07,-0.004650626,0.005393344,0.000891762,9.81E-07,-0.056414006,0.050910639,0.006393573,1.38E-05,-0.010659691,0.026332409,0.001402456,3.67E-06,-0.024726404,0.030112662,0.003568121,6.35E-06,-0.006297826,0.027529981,0.00121122,5.33E-07,-0.056703942,0.043971911,0.006128653,1.28E-05,-0.011024667,0.019728171,0.001232331,3.77E-06
444,M,0,-0.47774173,0.090389917,0.122889131,-0.068962666,0.010332148,0.21844737,0.15139568,0.143066353,2.02E-07,0.284371534,0.05599042,0.025795396,-0.018987502,0.015027857,0.005171893,-0.000667367,-0.055582794,0.023970575,0.034510203,-0.029587528,0.015323676,0.070364686,0.04819035,0.046971102,0.018548214,1.299415238,0.461507582,0.394736826,0.005488967,0.973533797,0.202698178,0.132168655,0.011853326,1.298086195,0.414611501,0.344486832,-0.310048342,0.258064371,0.055801656,-6.75E-05,-0.129356959,0.11202806,0.024091016,-6.29E-05,-0.043842774,0.039832134,0.004720267,1.20E-05,-0.014402496,0.027224465,0.002180064,-3.66E-06,-0.040573387,0.047691859,0.004576043,1.97E-06,-0.025205808,0.026662716,0.002466675,-3.33E-06,-0.004221273,0.004899061,0.001037339,3.12E-06,-0.002829884,0.002577681,0.000613514,3.33E-07,-0.012782125,0.016445405,0.002336985,1.58E-06,-0.00891082,0.006330048,0.001290343,6.13E-07,-0.01075645,0.009406763,0.001713245,-4.26E-06,-0.005555894,0.004682834,0.00098536,2.14E-06,-0.054668738,0.055914361,0.009894658,-0.000156091,-0.013317283,0.014538757,0.001730391,9.60E-06,-0.043975552,0.030987962,0.005171575,9.09E-05,-0.014887313,0.02204874,0.00131236,5.23E-07,-0.056891237,0.061418913,0.010279809,-0.000247925,-0.013759395,0.026952675,0.002056264,8.61E-06
444,M,1,-0.468617653,0.103700621,0.131311344,-0.068718038,0.002678658,0.21037416,0.154923719,0.145959565,2.02E-07,0.212769835,0.045886573,0.021153952,-0.018987502,0.015027857,0.005054107,-0.001277737,-0.055582794,0.023021447,0.030715348,-0.025495459,0.015608719,0.066204792,0.044888597,0.04377427,0.040388194,1.589110353,0.473509699,0.373734995,0.005488967,0.973533797,0.219636565,0.155166501,0.011853326,1.560869006,0.41948923,0.30707283,-0.440701715,0.266674313,0.06068654,-0.000574444,-0.144506529,0.142026202,0.026010282,-4.94E-05,-0.046894609,0.039832134,0.005516325,-3.12E-05,-0.015589718,0.028049678,0.002547409,-7.42E-07,-0.040573387,0.047691859,0.005144419,-4.77E-06,-0.025205808,0.026662716,0.002749734,-8.68E-07,-0.004024445,0.004899061,0.001081429,5.64E-07,-0.002827643,0.002811714,0.000646325,-1.70E-07,-0.012782125,0.015299931,0.002403014,1.32E-05,-0.00891082,0.005835063,0.001345165,-8.01E-07,-0.010017663,0.007391968,0.001729988,-4.45E-06,-0.004376464,0.004682834,0.001028635,1.29E-06,-0.039947128,0.055914361,0.011300252,2.98E-06,-0.017308935,0.02907304,0.002143238,7.30E-06,-0.043975552,0.026948791,0.006274403,1.90E-05,-0.014887313,0.028791325,0.001658623,5.24E-07,-0.039839339,0.061418913,0.011244158,-8.00E-06,-0.017451524,0.022940778,0.002228695,8.38E-06
444,M,2,-0.468617653,0.188197942,0.129076686,-0.049955523,0.002678658,0.211877841,0.158480724,0.150046851,6.99E-07,0.212116314,0.042504444,0.0204265,-0.016052097,0.012839935,0.005417036,-0.002952549,-0.05303206,0.022814945,0.028390424,-0.023787801,0.017035222,0.066676241,0.044081919,0.04315602,0.017349047,1.589110353,0.394162436,0.307156909,0.004063421,0.481900627,0.150654342,0.117789889,0.012170832,1.560869006,0.36423522,0.263791859,-0.440701715,0.266674313,0.063523596,-0.000958551,-0.171840329,0.153248196,0.027347446,-4.52E-05,-0.046894609,0.038815874,0.005642304,-3.49E-05,-0.015589718,0.028049678,0.002561034,1.29E-06,-0.031156638,0.033543038,0.004402426,-3.99E-05,-0.020727019,0.0157707,0.002274127,1.29E-07,-0.004462745,0.004543919,0.001061465,1.32E-06,-0.002827643,0.002811714,0.000631048,-6.64E-07,-0.013222388,0.013410752,0.002423997,2.13E-06,-0.005952008,0.006239807,0.001349682,3.44E-07,-0.007399871,0.011022811,0.001724198,1.79E-07,-0.005316734,0.006522255,0.001036304,1.27E-06,-0.040370454,0.054304898,0.010073288,-7.62E-05,-0.017308935,0.02907304,0.002061723,5.65E-06,-0.037805416,0.026948791,0.005368164,-7.15E-05,-0.007671043,0.028791325,0.00148701,9.80E-07,-0.045888547,0.05400024,0.010131737,-7.16E-06,-0.017451524,0.02790052,0.002167264,6.51E-06
445,H,0,-0.269147898,0.064568509,0.153237031,-0.141155483,0.019295319,0.203272807,0.149977361,0.142355065,2.48E-05,0.141843632,0.030187336,0.016729181,-0.016532084,0.009059042,0.006077449,-0.004199025,-0.041355585,0.024664207,0.019151401,-0.01486067,0.021141471,0.058787768,0.042146689,0.04164212,0.021971376,0.427730484,0.176439111,0.158477731,0.003966661,0.328855679,0.11349919,0.092653844,0.00971873,0.40898426,0.135087726,0.114025575,-0.243728124,0.243351325,0.048194076,-0.000796887,-0.163309541,0.162510247,0.025924894,2.18E-05,-0.030634531,0.025413154,0.004397434,8.71E-06,-0.013313533,0.013213901,0.00206626,-1.52E-06,-0.03137543,0.033986305,0.00366085,-2.17E-06,-0.014163431,0.012662999,0.002013327,-1.35E-06,-0.004623444,0.003731239,0.000974131,-1.12E-06,-0.002384573,0.002675479,0.00058011,3.01E-07,-0.014402005,0.010911152,0.002222819,1.13E-05,-0.006788111,0.007728085,0.001263412,-9.43E-07,-0.010713021,0.007802141,0.001351383,-3.55E-06,-0.005005976,0.00531617,0.000808349,1.40E-06,-0.024320993,0.031658087,0.004617759,-5.21E-05,-0.00718372,0.010223408,0.001172485,3.12E-08,-0.025975122,0.022133737,0.003686203,1.11E-05,-0.005202654,0.02051732,0.001074105,-9.72E-08,-0.02323013,0.034773007,0.004903425,-7.00E-05,-0.007892515,0.022452708,0.001478048,4.93E-07
445,H,1,-0.26618273,-0.01061091,0.149421957,-0.142241069,0.026942405,0.203503218,0.157076789,0.151970073,3.17E-06,0.130840083,0.028941327,0.017556971,-0.016532084,0.009059042,0.006519629,-0.004680407,-0.041355585,0.019342172,0.018330707,-0.015180923,0.024252449,0.058787768,0.042915664,0.042443746,0.014836295,0.527429812,0.154511848,0.127385162,0.0029797,0.282919183,0.102125598,0.084065573,0.008685993,0.515185195,0.115949443,0.081403427,-0.274934809,0.180528117,0.046575554,-0.000224302,-0.149900423,0.162510247,0.024797734,-1.92E-05,-0.030634531,0.027191289,0.004621642,-2.46E-06,-0.013313533,0.012817326,0.002080085,-5.40E-07,-0.025938048,0.026523751,0.003258953,-6.61E-07,-0.012395896,0.010567232,0.001847379,1.10E-06,-0.004623444,0.003731239,0.000955273,1.24E-06,-0.002673237,0.002675479,0.000562244,2.23E-07,-0.011432879,0.010660045,0.002291731,4.41E-06,-0.007792328,0.007728085,0.001333171,8.66E-07,-0.008197535,0.00655011,0.001345013,-3.35E-06,-0.004854412,0.003408684,0.000792812,-1.80E-07,-0.024504816,0.033767961,0.005354724,-1.80E-05,-0.009198925,0.010223408,0.001281855,9.20E-07,-0.017539027,0.023104484,0.003652211,-1.92E-05,-0.004724609,0.01920349,0.001032004,9.03E-08,-0.029015611,0.034954938,0.005624003,-4.13E-06,-0.008431724,0.022747686,0.001641173,1.21E-06
445,H,2,-0.283039179,-0.01061091,0.157743651,-0.150764487,0.026942405,0.207084141,0.155687839,0.150337101,3.17E-06,0.127387311,0.021129941,0.012786377,-0.015719876,0.008798036,0.006523344,-0.004658162,-0.041881266,0.019342172,0.017735723,-0.014255209,0.020743949,0.061594649,0.042594756,0.042144196,0.014836295,0.527429812,0.170201936,0.140525738,0.0029797,0.282919183,0.117766866,0.098420528,0.008203888,0.515185195,0.122880691,0.079545937,-0.274934809,0.238543311,0.045552855,-0.000186541,-0.136262413,0.118867696,0.025108849,-3.38E-05,-0.029852535,0.02889419,0.004158405,-8.93E-07,-0.012701822,0.012040017,0.001897916,-1.51E-06,-0.025938048,0.017646066,0.002859053,2.27E-06,-0.012395896,0.010567232,0.001680335,2.89E-07,-0.004240431,0.005287108,0.000938126,-6.74E-07,-0.002869097,0.002835234,0.000557147,-5.53E-07,-0.011998989,0.014996424,0.002291654,-2.41E-06,-0.009051863,0.007574485,0.00135471,2.39E-07,-0.009359237,0.009584274,0.001304891,5.76E-07,-0.004876688,0.004292718,0.000793232,-7.15E-08,-0.024504816,0.033767961,0.004856471,2.22E-05,-0.009198925,0.008864117,0.001124672,1.88E-06,-0.023561478,0.023104484,0.003480676,6.04E-06,-0.006163612,0.01920349,0.001066603,1.95E-06,-0.029015611,0.034954938,0.005080749,3.00E-05,-0.008431724,0.022747686,0.001342844,6.06E-07
445,L,0,-0.273881132,0.117533379,0.176857073,-0.166593332,0.020859748,0.206618176,0.157736113,0.152678413,7.33E-06,0.03374703,0.011848098,0.010132877,-0.015862098,0.01300585,0.006364274,-0.004672608,-0.041451838,0.019742244,0.015023982,-0.011637516,0.025586375,0.062335592,0.041132136,0.040752693,0.023565309,0.512656533,0.185682326,0.165265471,0.004139351,0.378336056,0.100209101,0.074773309,0.009487134,0.435651302,0.156320383,0.135043925,-0.245316241,0.238634823,0.048866343,-0.000450191,-0.138719508,0.136705095,0.027604741,-1.47E-05,-0.030628388,0.030426618,0.004372407,5.15E-06,-0.013275354,0.013290603,0.001998674,-2.78E-06,-0.007711097,0.011025909,0.002213542,3.80E-06,-0.006127042,0.005212173,0.001454361,-4.37E-06,-0.005218029,0.006022059,0.000944666,-1.80E-06,-0.003545156,0.002912198,0.000565573,-1.19E-06,-0.012873763,0.01103391,0.002457088,2.14E-06,-0.007193827,0.008048854,0.001455349,1.87E-07,-0.007639723,0.007094601,0.001304289,-1.22E-06,-0.004778681,0.003583356,0.00080839,5.71E-07,-0.020711019,0.027696895,0.004004241,-7.50E-05,-0.007127103,0.014866183,0.001216443,2.14E-06,-0.024772868,0.019814744,0.003129844,9.97E-06,-0.003657209,0.016844362,0.000861503,8.26E-07,-0.03185551,0.03055816,0.004542949,-9.58E-05,-0.008341407,0.019171577,0.001508467,1.59E-06
445,L,1,-0.27705988,0.047420853,0.188421209,-0.180920937,0.02692291,0.202204203,0.157192084,0.152492371,4.30E-06,0.328501804,0.02890119,0.015171835,-0.015512236,0.004878218,0.005996146,-0.004346827,-0.041451838,0.019804252,0.014334155,-0.011009356,0.024870486,0.056792974,0.040616718,0.040303345,0.019675122,0.424376818,0.140498728,0.123545829,0.004340785,0.238903118,0.077768383,0.060492303,0.00800273,0.417841322,0.117012697,0.095206924,-0.238623745,0.199387915,0.044857116,-0.000108466,-0.115838966,0.115536012,0.024813582,-7.43E-07,-0.030628388,0.024826452,0.004054467,-7.10E-06,-0.013275354,0.010784462,0.001857452,1.28E-06,-0.067486968,0.05514047,0.004348501,4.40E-07,-0.036235031,0.030377651,0.002464456,-1.24E-06,-0.004069115,0.004910362,0.000906419,3.19E-07,-0.003236703,0.002407923,0.000549513,1.31E-07,-0.012873763,0.009796309,0.002256997,-4.95E-07,-0.007150482,0.007109205,0.001341049,1.05E-06,-0.007639723,0.0075546,0.0012548,3.21E-06,-0.004778681,0.00360077,0.000783334,-8.30E-07,-0.018535604,0.032413104,0.004162801,-1.29E-05,-0.008490883,0.014866183,0.001067796,3.33E-07,-0.024993438,0.017624327,0.002381951,1.44E-05,-0.003853044,0.014204466,0.000752869,5.45E-07,-0.018394871,0.034142588,0.00433164,-2.16E-05,-0.008818074,0.018442904,0.001214786,1.37E-07
445,L,2,-0.314390924,0.047420853,0.198458053,-0.189607156,0.025943905,0.202204203,0.149964797,0.14472386,4.30E-06,0.328501804,0.0379914,0.019717059,-0.015512236,0.007081692,0.005906792,-0.004044372,-0.042771006,0.019804252,0.016053868,-0.013081627,0.023570652,0.056639989,0.042176414,0.041815236,0.0135101,0.424376818,0.160273958,0.135393399,0.004449092,0.238903118,0.080113974,0.063258798,0.00800273,0.417841322,0.138814599,0.106836935,-0.238623745,0.222290966,0.042620698,-0.000224424,-0.115838966,0.097671246,0.023094858,-4.52E-06,-0.037055234,0.024826452,0.004244836,-7.07E-06,-0.01422166,0.015644903,0.00187027,-7.76E-07,-0.067486968,0.05514047,0.005018364,1.01E-06,-0.036235031,0.030377651,0.002682629,1.90E-06,-0.004069115,0.004910362,0.000903778,2.08E-06,-0.003236703,0.002234846,0.000543658,5.96E-07,-0.011676378,0.009796309,0.002031656,-2.29E-06,-0.005260855,0.005862487,0.001194083,2.37E-07,-0.006074666,0.0075546,0.00126097,2.86E-08,-0.004436499,0.004341363,0.000786307,-6.93E-07,-0.025692766,0.032413104,0.004595816,4.48E-05,-0.008490883,0.011520453,0.001076999,-1.99E-06,-0.024993438,0.015183408,0.00259692,-1.96E-05,-0.003853044,0.014204466,0.000766768,3.18E-09,-0.022320884,0.034142588,0.004619918,6.44E-05,-0.008818074,0.01345531,0.001168386,-1.59E-06
445,M,0,-0.250158161,0.062915556,0.099131839,-0.08675588,0.017517552,0.202500596,0.146797061,0.138167844,0.000140953,0.134474613,0.040671002,0.03287668,-0.016200256,0.007658163,0.005871013,-0.003771731,-0.045707163,0.020285985,0.021057669,-0.017434658,0.027068484,0.06233743,0.042778196,0.042422734,0.01514006,0.379101508,0.184645955,0.166937971,0.00331498,0.278296545,0.100842449,0.082194354,0.006632857,0.317659321,0.154676854,0.129373752,-0.389733243,0.268438718,0.051166427,-0.00044747,-0.247845304,0.204370027,0.028929118,-3.21E-06,-0.029542306,0.031467857,0.004190407,-2.70E-06,-0.011202581,0.011257136,0.001871835,-1.57E-06,-0.029055291,0.03066909,0.004295325,-5.21E-06,-0.01923126,0.012974395,0.002389717,2.67E-06,-0.005302837,0.004279791,0.000904327,-3.38E-07,-0.003635899,0.003322043,0.000549152,2.21E-07,-0.012328322,0.012478448,0.002046283,-1.16E-06,-0.007398669,0.006459121,0.001194536,4.46E-07,-0.005791257,0.008569706,0.001280854,-5.26E-07,-0.004922302,0.003227035,0.000787588,-4.54E-08,-0.028161127,0.031061576,0.003931391,-5.46E-05,-0.008342491,0.01480934,0.00112339,-2.21E-06,-0.01856351,0.020335489,0.003336801,-4.16E-05,-0.003914756,0.017814444,0.000972527,-6.55E-07,-0.025756051,0.039629682,0.00412486,-4.29E-05,-0.007913743,0.021270998,0.001293006,-2.07E-06
445,M,1,-0.234072309,0.028735889,0.137823673,-0.128684851,0.01301847,0.209156504,0.157740648,0.151527835,2.60E-05,0.142545042,0.035146177,0.026462017,-0.017791854,0.006800872,0.006239103,-0.00406039,-0.045707163,0.018885876,0.01984272,-0.016434946,0.026554883,0.058925615,0.041936267,0.041568626,0.01514006,0.501351546,0.147979931,0.126523083,0.00331498,0.278296545,0.092800612,0.077082757,0.006632857,0.480890839,0.115265374,0.087744579,-0.389733243,0.268438718,0.048038221,-0.000175806,-0.247845304,0.204370027,0.02776202,-3.10E-05,-0.029826963,0.031456047,0.004705578,-9.15E-06,-0.009671024,0.013036333,0.002163561,-2.48E-06,-0.029055291,0.03066909,0.004030591,-6.82E-06,-0.01923126,0.012974395,0.002237485,-4.03E-07,-0.005302837,0.004279791,0.000992136,-2.08E-06,-0.003635899,0.003322043,0.000599218,-1.93E-07,-0.012328322,0.013525478,0.00231374,2.76E-06,-0.007777103,0.006832002,0.001393453,-9.05E-07,-0.005354769,0.005992926,0.001284508,3.27E-07,-0.004922302,0.003227035,0.000791907,4.68E-07,-0.028161127,0.031101489,0.004486519,-6.42E-06,-0.008342491,0.01480934,0.001156506,6.12E-08,-0.01856351,0.020335489,0.003012157,-4.39E-06,-0.003914756,0.017814444,0.000917526,-3.41E-07,-0.029004121,0.039629682,0.004890816,-7.74E-06,-0.007913743,0.021270998,0.00136494,7.47E-07
445,M,2,-0.288252021,-0.067817533,0.175332098,-0.171541325,0.01301847,0.209156504,0.160358619,0.154247889,2.60E-05,0.318196311,0.036183518,0.020036905,-0.019104497,0.007864284,0.006815956,-0.005161869,-0.041696482,0.016989871,0.015576986,-0.012028743,0.024054201,0.056946293,0.04014784,0.039745366,0.014468714,0.501351546,0.160532269,0.130912829,0.002538519,0.231679217,0.083975535,0.071285578,0.011023687,0.480890839,0.13681637,0.097242785,-0.273692748,0.222817984,0.046690643,-3.71E-06,-0.134335217,0.128782394,0.026062607,-2.28E-05,-0.033684871,0.031456047,0.004952003,-4.92E-06,-0.011096678,0.01451209,0.002249274,-2.36E-06,-0.06600537,0.069165728,0.004655057,-3.82E-06,-0.030127998,0.041576491,0.00245936,-1.71E-06,-0.004641882,0.004113449,0.00101311,3.95E-06,-0.002731976,0.00267433,0.000606662,-2.73E-07,-0.013794113,0.013525478,0.002413428,2.77E-06,-0.007777103,0.00730175,0.001446971,1.00E-06,-0.005361709,0.006536461,0.001316934,-6.42E-07,-0.004970878,0.003217429,0.000802362,1.86E-07,-0.027188624,0.042879383,0.005427736,-4.68E-06,-0.012990333,0.014327216,0.001283566,2.47E-06,-0.020154925,0.014651768,0.002750396,1.24E-05,-0.004584797,0.011320568,0.000875683,7.02E-07,-0.029004121,0.040944978,0.005712704,-1.25E-05,-0.013612854,0.012972256,0.001390936,2.63E-06
446,H,0,-0.236446111,0.102361106,0.077788588,-0.056231712,0.022360279,0.205552442,0.142744284,0.137322447,8.61E-09,0.140497326,0.019399867,0.009232135,-0.011925783,0.011559029,0.004337291,-0.002270447,-0.045795144,0.021451708,0.019550209,-0.014746114,0.025399205,0.063573718,0.04573538,0.045199091,0.011351064,0.444840396,0.176071618,0.158761814,0.002051168,0.432841246,0.134506064,0.104817654,0.007533734,0.351964601,0.113619248,0.093167917,-0.327429445,0.301991392,0.057917318,-0.000394861,-0.153422276,0.223531829,0.032286935,-1.85E-05,-0.033382191,0.027652425,0.00511383,-3.50E-05,-0.013441801,0.020669085,0.002392871,6.34E-06,-0.024283499,0.02569741,0.00314261,1.91E-06,-0.016294026,0.011918046,0.001784331,-1.38E-06,-0.004925311,0.005211084,0.001012919,4.28E-06,-0.003373587,0.002776521,0.000594226,-5.65E-07,-0.012600047,0.014715851,0.002491643,3.93E-06,-0.00719925,0.006490826,0.001366234,-4.52E-07,-0.010572442,0.007861203,0.001523073,-4.81E-06,-0.005147464,0.004773979,0.000892368,1.32E-06,-0.025683222,0.04311834,0.005054421,6.36E-05,-0.012420774,0.012623965,0.001478426,1.80E-06,-0.019664509,0.043125985,0.003986135,1.13E-05,-0.011894754,0.011750401,0.001023952,-1.93E-06,-0.032671021,0.043982662,0.005743327,6.44E-05,-0.011492767,0.02935793,0.001920705,3.10E-06
446,H,1,-0.236446111,0.102361106,0.091969222,-0.078246443,0.015823876,0.198133288,0.139634864,0.134551182,6.72E-08,0.205291199,0.028667811,0.013842359,-0.014409052,0.016492564,0.004292185,-0.002005317,-0.045795144,0.025853629,0.019046122,-0.014627133,0.024120456,0.062413344,0.04522147,0.044730535,0.017538296,0.444840396,0.194143397,0.176799863,0.002051168,0.432841246,0.145338498,0.119832184,0.007533734,0.410947281,0.128718217,0.100376027,-0.27093958,0.322140103,0.061218425,0.000234699,-0.199630324,0.195253195,0.033310353,6.45E-06,-0.041721502,0.031965961,0.005300193,1.58E-05,-0.016667393,0.019243067,0.002472397,5.41E-06,-0.052075782,0.02569741,0.003883317,1.15E-06,-0.021451149,0.018996944,0.00205211,9.27E-07,-0.006837266,0.007032065,0.001086317,2.80E-06,-0.004592446,0.003222858,0.000636975,-4.56E-07,-0.013662196,0.015856299,0.002411252,-6.99E-06,-0.007815652,0.006820487,0.001345365,-6.28E-07,-0.008639913,0.009813477,0.001561505,3.19E-06,-0.004555094,0.005177696,0.000923764,5.70E-07,-0.027900969,0.04311834,0.005661136,-1.99E-05,-0.012420774,0.021604612,0.001694056,1.01E-06,-0.027688666,0.043125985,0.004238537,-1.39E-05,-0.011894754,0.014977766,0.001163085,-1.91E-06,-0.032671021,0.043982662,0.006549806,-1.80E-05,-0.011492767,0.02935793,0.002157552,2.06E-06
446,H,2,-0.177829162,0.102990685,0.07406819,-0.059783366,0.006299026,0.198133288,0.136039939,0.129960976,6.72E-08,0.24181631,0.038754544,0.019743767,-0.014409052,0.016492564,0.004679067,-0.002331873,-0.044117995,0.028255555,0.019966556,-0.015357688,0.019215512,0.066665214,0.046000413,0.045439762,0.017538296,0.545497228,0.213902751,0.188896157,0.002714027,0.526406811,0.165798272,0.133358168,0.008667546,0.4158216,0.135149251,0.103730327,-0.30054034,0.322140103,0.060275561,0.000234366,-0.199630324,0.154583975,0.031433129,-3.03E-05,-0.041721502,0.032167216,0.005727062,2.85E-05,-0.016667393,0.019243067,0.00263798,8.91E-06,-0.052075782,0.033102013,0.004664615,-2.21E-06,-0.021451149,0.018996944,0.002343932,-5.70E-07,-0.006837266,0.007032065,0.001171138,-6.19E-07,-0.004592446,0.004344906,0.000699257,-8.84E-07,-0.013662196,0.015856299,0.002626498,-4.97E-06,-0.008450781,0.00902672,0.001455342,-4.60E-07,-0.012165664,0.010953542,0.001666003,6.10E-06,-0.006073123,0.006679091,0.000971186,1.13E-06,-0.027900969,0.036616337,0.005512154,-5.50E-05,-0.009141324,0.021604612,0.001600085,3.07E-06,-0.027688666,0.015175281,0.003796343,1.14E-05,-0.005978998,0.014977766,0.001054757,1.69E-06,-0.041963064,0.041822601,0.006538038,-6.72E-05,-0.012404689,0.023250582,0.002016242,3.04E-06
446,L,0,-0.183831509,0.096232598,0.076120221,-0.057080857,0.015370943,0.207194272,0.141083106,0.135674542,7.56E-10,0.204719152,0.022856902,0.009760994,-0.016220761,0.009504375,0.004295579,-0.002508241,-0.045058392,0.024646138,0.023002411,-0.018236434,0.019485764,0.065772641,0.047451408,0.046930037,0.015405125,0.530255764,0.203320575,0.175070407,0.004138531,0.486892989,0.170136108,0.128175063,0.005673021,0.351721042,0.111323676,0.092533608,-0.374101001,0.27603044,0.056865763,-0.00044236,-0.179071123,0.189872025,0.029866667,2.20E-05,-0.036047774,0.035510886,0.004935318,-8.21E-06,-0.013881709,0.018190071,0.002279115,4.46E-06,-0.045940698,0.035910931,0.003323089,6.12E-07,-0.019130556,0.018257007,0.001873512,-1.49E-07,-0.004945371,0.005525881,0.000989721,-3.29E-07,-0.003137757,0.002952635,0.000599579,6.54E-08,-0.01512823,0.01627464,0.002575473,-3.52E-06,-0.008039723,0.006373132,0.001382536,-1.40E-06,-0.008982169,0.010332855,0.001525914,3.53E-06,-0.004579349,0.00555888,0.000885325,6.37E-07,-0.02692949,0.032904024,0.00487025,2.79E-05,-0.008568638,0.014503059,0.001233195,3.50E-07,-0.018663569,0.023145862,0.003839663,4.68E-05,-0.006125193,0.012973953,0.000912341,-7.46E-07,-0.041088021,0.042361482,0.005385791,-3.72E-06,-0.012440625,0.02746694,0.001735396,1.13E-06
446,L,1,-0.183831509,0.096232598,0.083243484,-0.070749406,0.015370943,0.200517992,0.14514001,0.141629039,7.56E-10,0.204719152,0.022584194,0.008847169,-0.016220761,0.009809336,0.004144776,-0.00209938,-0.045058392,0.016843322,0.023663341,-0.020350239,0.023177577,0.065175044,0.047121869,0.046702041,0.015405125,0.530255764,0.188045619,0.161656867,0.003231912,0.486892989,0.154913901,0.119501956,0.005673021,0.351721042,0.106596613,0.087716078,-0.374101001,0.332605196,0.056400091,-6.47E-05,-0.179071123,0.189872025,0.029706392,1.33E-05,-0.036047774,0.035510886,0.004545774,-2.29E-06,-0.014854678,0.018190071,0.002184649,3.49E-06,-0.045940698,0.035910931,0.003218989,-1.23E-06,-0.019130556,0.018257007,0.001791484,-5.24E-07,-0.004736084,0.004439295,0.000953198,-7.49E-07,-0.002409441,0.002793402,0.000568149,1.55E-07,-0.013054245,0.017306856,0.002348312,4.24E-08,-0.011596375,0.008520265,0.001311929,-1.35E-06,-0.006927145,0.00928115,0.00146692,-2.62E-06,-0.006028545,0.004467839,0.000868039,3.66E-07,-0.030565406,0.035547438,0.004482782,7.22E-06,-0.010557608,0.031846907,0.001293198,-5.57E-07,-0.01746541,0.023145862,0.003719949,-1.64E-06,-0.006125193,0.013725203,0.001006049,-1.65E-06,-0.041088021,0.042361482,0.004938662,2.10E-05,-0.012440625,0.029766527,0.001684757,1.14E-06
446,L,2,-0.163399883,0.050139792,0.07990746,-0.067884515,0.011884239,0.200517992,0.144454623,0.140211036,1.14E-08,0.135860553,0.016615354,0.00732234,-0.014721648,0.011655053,0.004248353,-0.001734869,-0.048108264,0.021797711,0.024773921,-0.021045969,0.028362079,0.065379911,0.047635446,0.047188294,0.015397193,0.470259446,0.170389381,0.142358524,0.003231912,0.366024644,0.124544049,0.09434903,0.007778596,0.348732678,0.116281216,0.0879971,-0.409946841,0.332605196,0.058125951,7.88E-05,-0.260764041,0.210976544,0.031438436,-3.25E-05,-0.032933448,0.026075689,0.004673999,-4.93E-06,-0.014854678,0.017515999,0.00219419,4.53E-06,-0.035575183,0.03346492,0.002906959,4.41E-07,-0.022748185,0.018759063,0.00171947,-4.51E-07,-0.003836352,0.006247825,0.001011303,-2.53E-06,-0.002957436,0.002963769,0.000596793,-1.04E-07,-0.013054245,0.017948204,0.002436422,4.87E-07,-0.011596375,0.008520265,0.001366473,-1.28E-06,-0.011742973,0.006959844,0.001529902,-3.51E-06,-0.006028545,0.005985817,0.000910668,8.09E-07,-0.030565406,0.038896452,0.004641745,-1.44E-05,-0.010557608,0.031846907,0.001446601,1.82E-06,-0.021021944,0.01943303,0.00338677,-1.30E-05,-0.005421835,0.014329578,0.001045633,4.20E-07,-0.037529703,0.039338137,0.005284768,-1.18E-05,-0.01032416,0.029766527,0.001614522,2.40E-06
446,M,0,-0.151098681,0.04383869,0.037316377,-0.023740465,0.01661342,0.214037818,0.147745058,0.141004634,1.77E-08,0.144056853,0.022257131,0.00905545,-0.017023868,0.010327453,0.004513214,-0.002593309,-0.040461815,0.023877568,0.016756069,-0.011982641,0.02579689,0.065205322,0.043969136,0.043396618,0.009618931,0.345025161,0.131280612,0.115849818,0.003546132,0.312908593,0.087785216,0.072368992,0.005131161,0.328091231,0.097613292,0.076745862,-0.338543037,0.233356869,0.056502008,-5.75E-05,-0.185594113,0.180136323,0.031158082,-4.58E-05,-0.05001483,0.031705796,0.005759084,-1.29E-05,-0.020902075,0.022012051,0.002653481,6.33E-06,-0.031209917,0.025309116,0.003123159,-2.79E-07,-0.015501924,0.01489529,0.001799545,-4.63E-07,-0.0042367,0.005216366,0.001005289,-9.49E-07,-0.002733821,0.002523674,0.000597937,-1.39E-07,-0.014496561,0.016434445,0.00297662,7.32E-06,-0.008962586,0.008685926,0.001695284,-1.08E-06,-0.009511041,0.009116589,0.001521117,-1.76E-06,-0.005184987,0.004738149,0.000931729,-4.59E-07,-0.021528928,0.026108403,0.003462317,-1.25E-05,-0.00747967,0.012290284,0.001017527,1.14E-06,-0.017001474,0.015687626,0.002445174,-9.92E-06,-0.004468327,0.013488013,0.000753927,-2.09E-06,-0.02513456,0.032305828,0.003919378,-7.64E-06,-0.008579425,0.022759709,0.001255237,4.50E-06
446,M,1,-0.151098681,0.032540211,0.044608909,-0.03454309,0.025887036,0.199512855,0.141157644,0.135874751,1.32E-07,0.243884477,0.032325592,0.0152363,-0.015372392,0.010327453,0.004641222,-0.002052878,-0.046782699,0.02093278,0.01900677,-0.014297034,0.025939003,0.061109918,0.043274286,0.042722492,0.009618931,0.345025161,0.136401337,0.121895425,0.003427275,0.312908593,0.085046161,0.068111413,0.005131161,0.277814031,0.106641807,0.08701162,-0.338543037,0.274232209,0.058455595,5.50E-05,-0.185594113,0.180136323,0.032017071,-2.84E-05,-0.03647273,0.023720449,0.004733017,4.87E-06,-0.014359541,0.019384094,0.002193755,5.65E-06,-0.056977073,0.031647374,0.004446083,-1.29E-06,-0.022064463,0.019729962,0.002368623,-4.76E-07,-0.005632764,0.004798659,0.001021393,-1.18E-06,-0.002966387,0.002853912,0.000600261,-3.78E-07,-0.016466484,0.016423008,0.0027747,2.62E-06,-0.008374315,0.008052149,0.001583846,1.22E-06,-0.010593052,0.008392429,0.001564757,1.57E-06,-0.005337289,0.005698291,0.000953341,-4.69E-07,-0.021528928,0.042110022,0.004086613,-7.24E-07,-0.009138563,0.024514958,0.001386099,3.45E-06,-0.017001474,0.016079422,0.00291431,4.18E-06,-0.004160582,0.013488013,0.000875098,-3.95E-07,-0.026483512,0.041961702,0.004743259,-4.53E-06,-0.009273925,0.027046593,0.001761781,4.30E-06
446,M,2,-0.123949635,0.026853751,0.043030226,-0.034731145,0.023819445,0.199512855,0.142943799,0.136879274,4.32E-07,0.243884477,0.025362163,0.010279251,-0.015372392,0.009977002,0.004632243,-0.001838144,-0.046782699,0.02093278,0.018475367,-0.013734438,0.025939003,0.060980076,0.043659426,0.043129854,0.013361899,0.25165752,0.127649582,0.116629787,0.002705838,0.235189519,0.078338603,0.065156806,0.00701653,0.24528988,0.10078432,0.085438717,-0.251173985,0.339220931,0.053645907,5.54E-05,-0.162793975,0.183808901,0.030564024,-2.91E-05,-0.039426354,0.023495454,0.004892078,-1.71E-05,-0.014359541,0.01553414,0.002212437,2.62E-06,-0.056977073,0.031647374,0.003730504,4.02E-06,-0.022064463,0.019729962,0.001974887,-6.76E-07,-0.005632764,0.004418096,0.000992654,-7.43E-07,-0.002966387,0.002853912,0.000582186,6.29E-08,-0.016466484,0.016423008,0.002795193,-2.20E-06,-0.008374315,0.008862692,0.001595671,1.93E-06,-0.010593052,0.007692023,0.001466329,-1.14E-06,-0.005337289,0.005698291,0.000913528,-2.73E-07,-0.02553323,0.042110022,0.004027875,2.76E-05,-0.009138563,0.024514958,0.001454587,6.66E-07,-0.021277294,0.016079422,0.002771879,1.27E-05,-0.005407362,0.01067,0.000816586,2.96E-07,-0.026483512,0.041961702,0.004785197,2.71E-05,-0.009273925,0.027046593,0.001917416,-1.41E-06
447,H,0,-0.446258829,-0.085449831,0.27854552,-0.268175367,0.016999166,0.202369497,0.168948547,0.166519281,1.80E-06,0.088483751,0.01263494,0.008854148,-0.024879641,0.009930988,0.009150139,-0.007703523,-0.047555803,0.007726607,0.022210201,-0.01993818,0.01546598,0.070717712,0.049104068,0.048379976,0.01587773,0.448933074,0.1697884,0.155700361,0.00615201,0.447381414,0.139560095,0.1196579,0.009547839,0.250022543,0.096700985,0.085043363,-0.218967491,0.263841815,0.044590133,-0.000629678,-0.133814276,0.137198867,0.025231411,-3.30E-05,-0.045968337,0.041652873,0.005193687,8.02E-06,-0.016305048,0.029222984,0.002462389,6.97E-06,-0.020427462,0.018664695,0.002619053,2.86E-06,-0.014166691,0.009710114,0.001652955,-2.33E-06,-0.005847214,0.006221472,0.001281509,-1.35E-06,-0.004104106,0.003913711,0.000759101,-3.06E-07,-0.012444946,0.010003047,0.00229175,-3.41E-06,-0.006118126,0.007770671,0.001355843,4.15E-07,-0.01170921,0.011654896,0.001870042,2.69E-06,-0.006576041,0.006163075,0.001077677,1.68E-06,-0.022691522,0.03543575,0.004241569,4.13E-05,-0.00720524,0.016059273,0.001353348,-1.39E-06,-0.020297036,0.027552425,0.003760701,3.16E-05,-0.006604186,0.020030633,0.001149968,1.19E-06,-0.019080935,0.032722214,0.004342193,2.73E-05,-0.007548181,0.014619326,0.001665985,-3.55E-06
447,H,1,-0.446258829,-0.142319149,0.295957335,-0.28943766,0.035853837,0.20572735,0.173101361,0.171401247,9.14E-07,0.055039341,0.007648471,0.005427877,-0.020718962,0.009943357,0.009269662,-0.007315316,-0.05126097,0.006863391,0.026370297,-0.023261232,0.020151167,0.074343096,0.05334203,0.052635941,0.01587773,0.471495962,0.185317111,0.158127599,0.004293291,0.456594408,0.16657614,0.132040527,0.008118114,0.246127878,0.081208505,0.069461443,-0.303531522,0.263841815,0.052762923,0.000139679,-0.186705453,0.116955789,0.028645938,-3.31E-05,-0.036626604,0.041652873,0.003623016,-5.85E-06,-0.014653887,0.017239956,0.001723629,1.35E-06,-0.014820924,0.014078167,0.002072549,1.25E-06,-0.010469274,0.006937264,0.001390543,5.33E-07,-0.005847214,0.005578998,0.001279394,-1.21E-06,-0.004104106,0.003409439,0.000761718,-2.29E-07,-0.013643794,0.009882667,0.002481442,3.45E-07,-0.007027479,0.007381291,0.001394228,-1.24E-07,-0.0073089,0.011654896,0.001756826,-1.68E-06,-0.006035598,0.006163075,0.000997274,7.44E-07,-0.022691522,0.03543575,0.004975434,1.03E-05,-0.00720524,0.016059273,0.001608396,1.55E-06,-0.020297036,0.027552425,0.004325121,1.66E-05,-0.006604186,0.020030633,0.00127357,4.38E-07,-0.019080935,0.032722214,0.004947554,-3.78E-06,-0.009655369,0.014619326,0.002025949,1.17E-06
447,H,2,-0.423231208,-0.134558129,0.260068442,-0.25525343,0.036749869,0.20572735,0.170080622,0.169013402,2.77E-07,0.14198537,0.012651633,0.007277882,-0.022638433,0.009943357,0.009265797,-0.007727826,-0.053778886,0.01423728,0.029790007,-0.025779369,0.024488855,0.074943228,0.055178386,0.054459511,0.014933808,0.471495962,0.171442187,0.14766275,0.004293291,0.456594408,0.149734091,0.118263657,0.008118114,0.22971484,0.083499256,0.072240355,-0.303531522,0.235893646,0.056899341,5.84E-05,-0.186705453,0.116955789,0.030461461,-9.47E-06,-0.036626604,0.03056766,0.003290453,3.94E-06,-0.013514288,0.014541866,0.00168075,2.37E-06,-0.037967486,0.024526451,0.003064654,2.38E-06,-0.015602062,0.014024277,0.001769965,-3.31E-07,-0.004955176,0.004643278,0.001165822,-7.53E-07,-0.002625408,0.002767195,0.000702724,9.34E-07,-0.013643794,0.013452216,0.002699367,-1.29E-06,-0.007811662,0.005929385,0.001508004,1.05E-07,-0.007526552,0.009459128,0.001735285,-2.62E-06,-0.004095793,0.004000697,0.00097626,4.21E-07,-0.017395609,0.028233288,0.004933792,-7.18E-05,-0.007047619,0.007415385,0.001658027,5.04E-07,-0.024612281,0.018794025,0.004260275,-5.83E-05,-0.00632012,0.013392401,0.001257214,-1.71E-06,-0.018631681,0.025632184,0.004766819,-4.34E-05,-0.009655369,0.010918496,0.001988554,2.27E-06
447,L,0,-0.306205114,-0.117681544,0.247608334,-0.245892417,0.011936345,0.201969301,0.171133387,0.169637733,8.00E-08,0.030774563,0.009751642,0.007397542,-0.020588804,0.012712999,0.006378942,-0.005051462,-0.04855645,0.014820881,0.022195836,-0.017559735,0.028135359,0.07377139,0.053648152,0.053229582,0.00922416,0.20126928,0.067210232,0.059219378,0.002714063,0.117272981,0.043599108,0.037208715,0.004955612,0.177081961,0.051150104,0.040645277,-0.244565341,0.228624986,0.039124707,-0.000397156,-0.147456046,0.111551777,0.022957428,-2.38E-05,-0.03523619,0.035116941,0.003820353,-9.95E-07,-0.011077755,0.015542487,0.001881815,1.52E-06,-0.012040396,0.00867523,0.00216482,-2.12E-06,-0.005430491,0.007151881,0.001422435,5.27E-06,-0.005376009,0.006926568,0.001009112,2.57E-06,-0.003485143,0.003945939,0.000590648,-7.07E-07,-0.012476782,0.013487164,0.003002275,3.70E-07,-0.008067263,0.008198036,0.001729976,-1.20E-06,-0.008615288,0.00644224,0.001565201,-1.81E-06,-0.004847087,0.004289925,0.000928001,1.05E-07,-0.010099985,0.021519504,0.00282213,-2.80E-05,-0.00739166,0.007920811,0.001052343,2.85E-06,-0.014394092,0.015685188,0.002248907,-1.78E-05,-0.004173624,0.010486684,0.000852459,4.65E-07,-0.013192553,0.022178119,0.002987571,-2.32E-05,-0.007393984,0.007795065,0.001213464,2.79E-06
447,L,1,-0.289914846,-0.08302243,0.249460199,-0.247998968,0.051114626,0.208251237,0.173208003,0.172419315,1.30E-06,0.12970241,0.013399903,0.008683862,-0.015289777,0.006716366,0.005516652,-0.004310462,-0.055066283,0.011882001,0.024081409,-0.019685049,0.030756347,0.07377139,0.054616016,0.054248613,0.009259129,0.291228743,0.081792595,0.065150049,0.002714063,0.224612506,0.049942783,0.038231431,0.004955612,0.288320621,0.064774587,0.044844167,-0.207250693,0.184986916,0.042571538,2.41E-05,-0.12451289,0.109526868,0.024319373,-2.24E-05,-0.03523619,0.02757643,0.003190889,3.72E-06,-0.011077755,0.015152907,0.001725831,1.33E-06,-0.023109482,0.03681343,0.002999758,9.91E-07,-0.019421619,0.014879027,0.001813445,1.55E-06,-0.00477662,0.004420458,0.000943488,2.12E-06,-0.002125832,0.002505333,0.000563593,1.94E-07,-0.013196452,0.013487164,0.003050065,1.45E-05,-0.008067263,0.00736218,0.001751937,-2.57E-07,-0.007051201,0.006636973,0.001632175,-5.81E-06,-0.004847087,0.004289925,0.000997871,3.30E-07,-0.014029254,0.019479676,0.003168284,4.55E-06,-0.005707402,0.006981906,0.001150903,1.35E-07,-0.014394584,0.016760253,0.002791062,7.99E-06,-0.003315256,0.011321869,0.001012051,1.48E-07,-0.018664994,0.018560075,0.00322195,-4.70E-06,-0.005616757,0.009588226,0.00126176,7.78E-07
447,L,2,-0.301136839,-0.07466452,0.238580087,-0.235177708,0.023911216,0.208251237,0.175643617,0.175099494,1.19E-05,0.12970241,0.017268219,0.01199252,-0.01863889,0.005982158,0.005778058,-0.00422733,-0.055066283,0.011882001,0.022884829,-0.018477579,0.02776758,0.072133527,0.054730731,0.054347252,0.009259129,0.291228743,0.095128547,0.080966346,0.003420112,0.224612506,0.056953434,0.044699705,0.006912506,0.288320621,0.076195452,0.057451144,-0.226187527,0.245764338,0.050142382,0.000482501,-0.156309464,0.129044936,0.027689309,-1.85E-05,-0.035215502,0.027058948,0.003149963,3.82E-06,-0.009769934,0.015493721,0.001728639,1.63E-06,-0.034319991,0.03681343,0.003873081,-7.32E-07,-0.019952296,0.014879027,0.00224216,-2.40E-06,-0.003843353,0.004953679,0.000953038,-2.17E-06,-0.003166556,0.0033306,0.000579719,-2.17E-08,-0.013196452,0.011889466,0.002906085,-1.50E-06,-0.007877224,0.00736218,0.001683536,2.66E-06,-0.009681529,0.010135371,0.001638956,2.65E-06,-0.004326881,0.005612154,0.000990962,-3.21E-07,-0.014029254,0.018773902,0.003536059,1.53E-05,-0.005707402,0.006981906,0.001233597,-5.28E-07,-0.014394584,0.016760253,0.003004529,2.68E-05,-0.003622209,0.011321869,0.001050179,1.28E-06,-0.018664994,0.018560075,0.003667986,-7.71E-06,-0.005616757,0.009588226,0.001333173,-1.81E-06
447,M,0,-0.361228523,0.002426661,0.241790085,-0.233914218,0.00420728,0.197465321,0.16356458,0.161493247,3.19E-05,0.070255256,0.016285593,0.013902466,-0.023332876,0.010308593,0.007086983,-0.004957054,-0.051166439,0.015594461,0.029340394,-0.026795296,0.024752762,0.073909881,0.053683535,0.05279982,0.009787986,0.444826224,0.116945069,0.100445884,0.003251958,0.311563232,0.090573915,0.071684294,0.005143417,0.327109078,0.073976449,0.059434399,-0.296531043,0.202019949,0.039502983,-0.000452989,-0.151683974,0.103239533,0.022490583,-3.16E-05,-0.041213586,0.026565813,0.003482064,2.29E-07,-0.013868274,0.017114465,0.00160006,1.97E-06,-0.012005009,0.011597796,0.002671012,-3.34E-06,-0.00632396,0.005936728,0.001696788,-2.90E-07,-0.007340515,0.008110654,0.001100675,1.15E-06,-0.004533755,0.003516805,0.000636961,1.60E-07,-0.010322548,0.01163835,0.002389895,-6.29E-07,-0.006081617,0.005621475,0.001376556,1.26E-07,-0.008737543,0.008284767,0.00154515,-1.83E-06,-0.003499826,0.004034032,0.00088754,1.88E-07,-0.012735831,0.024117798,0.002518535,-3.48E-05,-0.004781573,0.005996154,0.000843874,7.15E-07,-0.009955862,0.013701128,0.00212343,-4.04E-05,-0.003006234,0.003491083,0.000615756,4.65E-07,-0.017765613,0.024545805,0.002807604,9.54E-06,-0.009304485,0.017356627,0.001087814,5.86E-07
447,M,1,-0.46082497,-0.22759368,0.292228262,-0.289759653,0.046842996,0.202784063,0.175782039,0.174468425,1.36E-05,0.070255256,0.014598593,0.012032055,-0.028093071,0.009088261,0.0071331,-0.004258337,-0.051166439,0.011411794,0.024432938,-0.022783824,0.024505375,0.072986926,0.049102395,0.048636044,0.009787986,0.362817895,0.136389768,0.113322618,0.003251958,0.357759104,0.111734294,0.083323895,0.005143417,0.198277437,0.078215194,0.062964971,-0.186056918,0.16345082,0.034516252,-9.32E-05,-0.104838393,0.077589313,0.019789164,-2.15E-05,-0.043311384,0.035660057,0.003811009,2.03E-06,-0.016289992,0.027365121,0.001921038,6.64E-06,-0.012005009,0.011597796,0.00265847,5.30E-07,-0.006110716,0.005936728,0.001682492,-5.03E-07,-0.008075486,0.005677534,0.001166691,-3.52E-06,-0.002807372,0.004467014,0.00065228,-9.83E-08,-0.010322548,0.010579247,0.002316177,1.70E-06,-0.006081617,0.006196035,0.001367265,1.17E-06,-0.006610959,0.008284767,0.001479512,-4.29E-07,-0.003892712,0.004315729,0.000864407,-2.93E-07,-0.014011757,0.016889294,0.002801133,2.89E-05,-0.004781573,0.005996154,0.000943865,-3.30E-08,-0.016094962,0.013701128,0.002789614,2.80E-05,-0.00439918,0.005777719,0.000795661,-1.76E-06,-0.017765613,0.019972648,0.00301301,1.02E-05,-0.009304485,0.017356627,0.001281259,2.19E-06
447,M,2,-0.47645851,0.170352878,0.289800976,-0.280819875,0.01105495,0.205514763,0.176193967,0.174322473,1.36E-05,0.101214291,0.017150508,0.013932094,-0.028093071,0.010489282,0.007291688,-0.004212682,-0.05488415,0.011411794,0.025062666,-0.022420375,0.014317477,0.07283289,0.05041367,0.049814847,0.015880449,0.455139849,0.172551785,0.152912604,0.004505789,0.423629826,0.129350001,0.100397761,0.008117147,0.289461937,0.114204623,0.094908666,-0.255201667,0.385369141,0.050352245,-0.000602551,-0.136795388,0.147285072,0.026288148,-5.17E-06,-0.047133629,0.038879625,0.004389072,8.54E-07,-0.016289992,0.027365121,0.002162072,8.07E-06,-0.026464015,0.028712669,0.00295774,3.51E-06,-0.018621181,0.012550311,0.001813558,4.70E-07,-0.008075486,0.006567895,0.001326965,-7.76E-07,-0.003644118,0.004467014,0.000767653,6.75E-07,-0.012136091,0.010635247,0.002437372,-1.58E-06,-0.005554216,0.006196035,0.001400764,-2.23E-06,-0.006749691,0.008274482,0.001638,8.21E-07,-0.003892712,0.004315729,0.000953292,1.63E-06,-0.026656434,0.038074258,0.004189691,0.000105847,-0.006319553,0.018469193,0.001372017,9.03E-07,-0.026633628,0.025582614,0.003981658,0.000101173,-0.005945965,0.0203682,0.001254143,3.66E-07,-0.027539922,0.02850522,0.004025036,3.21E-05,-0.007035719,0.018389443,0.001499328,1.40E-06
448,H,0,-0.238806404,0.075456992,0.062559289,-0.039426285,0.002368907,0.233206592,0.19060889,0.186189549,5.89E-09,0.226564397,0.025072381,0.008767497,-0.016171745,0.011145301,0.004227328,-0.001348836,-0.057428412,0.013145712,0.027020269,-0.025130211,0.02519634,0.070261258,0.047358641,0.046898773,0.02347656,0.609896069,0.133712668,0.123926888,0.006202806,0.203229721,0.095851482,0.08487466,0.010133524,0.609626452,0.093228596,0.078909029,-0.292833498,0.268292685,0.035871034,3.40E-05,-0.121062078,0.163682255,0.019922154,7.11E-07,-0.054682276,0.03392423,0.004137601,3.28E-06,-0.018216378,0.023423836,0.001879669,1.24E-06,-0.038441212,0.038418247,0.003977361,4.97E-07,-0.015559077,0.016833285,0.002004463,3.90E-08,-0.003549922,0.005653326,0.000879977,5.89E-07,-0.002335579,0.00249445,0.000519183,-8.61E-07,-0.010968172,0.013748198,0.001645497,1.88E-06,-0.005581055,0.006652423,0.000945296,2.68E-07,-0.008887606,0.005849772,0.001071791,-1.08E-06,-0.003980632,0.003100057,0.000639771,-8.64E-07,-0.061520791,0.077762712,0.004142167,1.49E-05,-0.018788147,0.053245201,0.001491802,4.27E-07,-0.007007133,0.011309341,0.001294382,-2.83E-06,-0.003110358,0.003190702,0.000419565,1.92E-07,-0.065571659,0.078097335,0.004235917,1.46E-05,-0.018848461,0.057761254,0.001591665,4.91E-07
448,H,1,-0.14094633,0.049700488,0.043973608,-0.029711276,0.013315317,0.23418349,0.182859157,0.171673118,5.89E-09,0.226564397,0.023079348,0.008030613,-0.015185571,0.011781291,0.004636613,-0.002131282,-0.057971305,0.014278057,0.0264177,-0.022005436,0.01943011,0.071749088,0.045654809,0.044693625,0.026026347,0.823074307,0.279193991,0.225755347,0.005378185,0.294250736,0.116104876,0.096489118,0.011298435,0.786534627,0.25390735,0.184335598,-0.277351808,0.268292685,0.040408542,-0.000408626,-0.172557179,0.163682255,0.022491457,-1.97E-05,-0.040623124,0.0364336,0.005100967,-5.26E-05,-0.013502763,0.018403298,0.002140007,2.57E-06,-0.034826753,0.038418247,0.003686382,-1.92E-07,-0.015559077,0.016833285,0.001853777,-4.50E-07,-0.0047943,0.005653326,0.000897562,-3.64E-06,-0.002865661,0.002513965,0.000518772,1.88E-07,-0.013169588,0.012534379,0.001961688,7.35E-06,-0.006153755,0.007703694,0.001110672,-1.25E-07,-0.008201282,0.009516804,0.001264798,-3.15E-06,-0.005911813,0.004079957,0.000740915,7.59E-07,-0.037550282,0.055219641,0.006243801,0.000162699,-0.008795472,0.013054286,0.001186346,-4.70E-07,-0.023331176,0.032936761,0.003462849,3.33E-05,-0.005771267,0.012533862,0.000852368,-1.41E-06,-0.045076344,0.05363808,0.006549311,0.000167083,-0.008402645,0.017507774,0.001251867,-2.98E-07
448,H,2,-0.14094633,0.075549536,0.050883659,-0.034858688,0.011855252,0.23418349,0.17462915,0.162651366,1.12E-09,0.021989999,0.00588823,0.004163961,-0.016127932,0.011781291,0.005444107,-0.003988961,-0.057971305,0.014278057,0.027371904,-0.022422103,0.01943011,0.071749088,0.045921996,0.044815582,0.026026347,0.823074307,0.307421022,0.261157502,0.002700605,0.294250736,0.138539011,0.118962916,0.010906894,0.786534627,0.274435105,0.203766308,-0.277351808,0.312430411,0.04581855,-0.000112962,-0.172557179,0.116825346,0.024599259,4.70E-06,-0.044995203,0.0364336,0.005304859,-9.31E-06,-0.018710388,0.018046991,0.002259244,1.93E-06,-0.00616108,0.005848968,0.001640343,-1.14E-06,-0.004224416,0.004009209,0.001120707,1.14E-07,-0.0047943,0.004282102,0.00089386,1.53E-06,-0.002865661,0.002513965,0.000524324,9.19E-08,-0.013169588,0.012534379,0.002135388,-7.06E-06,-0.006153755,0.007703694,0.001198522,-1.76E-06,-0.008201282,0.009516804,0.001403306,1.32E-06,-0.005911813,0.004079957,0.000813074,1.28E-06,-0.037550282,0.055219641,0.006827837,4.54E-05,-0.008795472,0.013054286,0.001274109,1.49E-06,-0.030563792,0.032936761,0.00396726,5.77E-05,-0.007405248,0.012913842,0.001014429,2.45E-07,-0.045076344,0.05363808,0.007165052,1.50E-05,-0.008402645,0.017507774,0.001355368,1.28E-06
448,L,0,-0.175161821,0.071409695,0.07553276,-0.059708727,0.007227059,0.233675225,0.177572628,0.168940413,8.42E-09,0.182259963,0.02592382,0.009335237,-0.017410839,0.007732509,0.005769085,-0.003903671,-0.056853542,0.014793571,0.031662462,-0.028089464,0.021592374,0.069694461,0.050680126,0.049757898,0.011135099,0.717396933,0.252387568,0.188099066,0.003454518,0.229859082,0.065605557,0.050706088,0.007947017,0.717340535,0.243711706,0.172615237,-0.310100792,0.198964937,0.03799765,-0.000408597,-0.121010975,0.138226474,0.020817767,-1.32E-05,-0.054590702,0.044014521,0.004940608,-5.89E-06,-0.02089347,0.021280963,0.00219299,2.73E-06,-0.021623267,0.033736746,0.002838999,-4.33E-06,-0.010344468,0.010254005,0.001418038,2.25E-06,-0.004482592,0.005534926,0.000849506,-5.77E-07,-0.002700007,0.003246944,0.000501179,-7.03E-10,-0.008761444,0.012706402,0.001860058,6.02E-07,-0.006228615,0.005263284,0.001060333,9.02E-07,-0.008635284,0.00689746,0.001313257,9.10E-07,-0.003809584,0.003293899,0.000751224,-3.85E-08,-0.037917976,0.038077455,0.004290876,2.30E-05,-0.005696538,0.008493594,0.000881445,-4.98E-07,-0.022000135,0.020130344,0.002520746,1.43E-05,-0.005023283,0.005843486,0.000649932,-7.02E-07,-0.037984403,0.035004399,0.004470173,1.80E-05,-0.005745068,0.007387773,0.000926411,-2.78E-07
448,L,1,-0.175161821,0.074158777,0.076375585,-0.05298579,0.007227059,0.233675225,0.171135901,0.159930122,8.42E-09,0.199985955,0.026332319,0.009843548,-0.017410839,0.006205317,0.006248298,-0.005013492,-0.058577302,0.014793571,0.032047919,-0.027542393,0.021015776,0.074685436,0.050898998,0.049596008,0.011272802,0.717396933,0.291285161,0.228972381,0.004956022,0.295419804,0.081880942,0.062419512,0.008226331,0.717340535,0.279539901,0.208750838,-0.217585389,0.198964937,0.038522221,0.000191665,-0.113369731,0.104922352,0.021104938,-1.19E-05,-0.051302115,0.044014521,0.005036576,-2.60E-05,-0.02089347,0.01981524,0.00229431,-5.52E-06,-0.036418126,0.029268376,0.003327278,6.70E-07,-0.013137886,0.015291661,0.001677928,-1.33E-07,-0.004482592,0.005534926,0.000883778,2.91E-08,-0.002700007,0.003246944,0.000528884,-7.69E-07,-0.012931771,0.012706402,0.001882858,2.25E-06,-0.006228615,0.008164998,0.001089241,2.68E-06,-0.008635284,0.009799123,0.001341282,-4.35E-06,-0.005880111,0.004474015,0.000776574,-1.64E-06,-0.037917976,0.060157531,0.005384729,9.66E-05,-0.011911241,0.01500258,0.001148847,8.13E-07,-0.022000135,0.020130344,0.003012868,6.93E-05,-0.005023283,0.010187689,0.000764151,-1.14E-06,-0.037984403,0.06198018,0.005827188,6.51E-05,-0.012400796,0.023598717,0.001281983,2.62E-06
448,L,2,-0.148815602,0.139587468,0.065865577,-0.021702112,0.008816112,0.23816036,0.177537281,0.170662444,1.02E-07,0.229565719,0.045283226,0.0205474,-0.015298357,0.006381039,0.006300665,-0.005113315,-0.062564062,0.011086137,0.034930318,-0.031449163,0.021015776,0.074782126,0.0522065,0.051099332,0.01318651,0.698772786,0.232438089,0.188647106,0.005120996,0.295419804,0.078196935,0.060687557,0.009046285,0.696867559,0.218889709,0.168854829,-0.173469331,0.185469434,0.036040807,0.000191135,-0.109512406,0.106876581,0.020366191,1.60E-05,-0.0462734,0.04026356,0.003634694,-6.71E-06,-0.016046736,0.015814212,0.001717494,1.42E-06,-0.036418126,0.031621482,0.004358489,3.16E-06,-0.013137886,0.021227299,0.002123013,1.14E-07,-0.003664869,0.004537401,0.000852841,-7.88E-07,-0.002621675,0.002138879,0.000518215,-1.82E-07,-0.012931771,0.011772659,0.001788973,1.78E-06,-0.005614182,0.008164998,0.001039854,-1.12E-06,-0.007878254,0.009799123,0.001317025,-2.85E-06,-0.005880111,0.004474015,0.000777018,5.26E-07,-0.030643041,0.060157531,0.004406082,-5.35E-06,-0.011911241,0.01500258,0.001039075,2.50E-06,-0.019814608,0.0146117,0.002657911,-1.94E-05,-0.00432465,0.010187689,0.000685137,-1.67E-07,-0.029824484,0.06198018,0.004777332,4.23E-06,-0.012400796,0.023598717,0.001154293,2.51E-06
448,M,0,-0.114225807,0.10202405,0.048121553,-0.005462924,0.012348881,0.23243408,0.176504054,0.171732898,2.63E-07,0.188154141,0.042561045,0.02020696,-0.016313346,0.00514568,0.005825266,-0.004364607,-0.058236578,0.013443779,0.0366475,-0.033627204,0.024799785,0.072676949,0.0530586,0.052360486,0.017911932,0.5922623,0.169019614,0.14381828,0.003794907,0.310651771,0.079914093,0.059016818,0.008401393,0.565842233,0.148934105,0.116727819,-0.178702773,0.204719604,0.041648194,-0.000205013,-0.116553422,0.131526557,0.024282071,1.85E-05,-0.046944793,0.039543304,0.004353226,-3.63E-05,-0.016351866,0.024492161,0.002044011,2.33E-06,-0.039602574,0.054878459,0.00487225,3.71E-06,-0.021647739,0.027918491,0.00234274,-2.99E-07,-0.003943743,0.003806059,0.000812392,-1.37E-06,-0.002294123,0.002718406,0.000487032,4.84E-07,-0.008633865,0.013156042,0.00202396,1.76E-05,-0.005086862,0.005583406,0.00109744,-1.40E-06,-0.008914107,0.007107507,0.001388226,-6.60E-06,-0.004108235,0.003627908,0.000790777,1.03E-06,-0.021665997,0.03889042,0.003317626,0.000104839,-0.009910579,0.013228118,0.000857511,2.41E-06,-0.015639756,0.012452541,0.002123365,3.10E-05,-0.005262334,0.007459409,0.000582625,1.33E-06,-0.023183503,0.044411229,0.003221979,9.95E-05,-0.010894899,0.010676371,0.000879888,1.97E-06
448,M,1,-0.120564549,0.10202405,0.068505898,-0.026262092,0.013601495,0.23243408,0.183749925,0.179503656,2.64E-09,0.188154141,0.04219185,0.02142918,-0.017330858,0.008947189,0.005886787,-0.004290886,-0.060269183,0.018806106,0.036237198,-0.033374959,0.027436983,0.072008749,0.053525085,0.052843673,0.016514052,0.621955841,0.176141178,0.14361428,0.004361164,0.310651771,0.107162612,0.083828722,0.008401393,0.603377776,0.139792307,0.096472079,-0.153274378,0.18985554,0.03731233,-0.000130541,-0.109801636,0.108343766,0.021518441,6.42E-06,-0.044542075,0.039543304,0.003647599,-4.64E-06,-0.015718485,0.024492161,0.001788023,1.84E-06,-0.039602574,0.054878459,0.00487079,-4.27E-06,-0.021647739,0.027918491,0.002376592,4.54E-08,-0.003405425,0.003109968,0.000801221,-4.46E-07,-0.002160291,0.001781385,0.000480368,-1.40E-07,-0.009115784,0.013156042,0.001845967,1.61E-06,-0.005013943,0.005583406,0.00102847,-8.60E-08,-0.008914107,0.007107507,0.00133783,-1.91E-06,-0.004108235,0.003627908,0.000771469,2.17E-07,-0.021665997,0.03889042,0.003364111,-5.75E-06,-0.009910579,0.013228118,0.000817658,4.08E-07,-0.015639756,0.012452541,0.002489395,-1.24E-05,-0.002845122,0.007459409,0.000562168,-2.86E-07,-0.023183503,0.044411229,0.003393691,-1.39E-07,-0.010894899,0.010676371,0.000895233,4.25E-07
448,M,2,-0.16975248,0.082143096,0.073300569,-0.056852868,0.007940229,0.233529842,0.17699548,0.167781733,2.64E-09,0.210901199,0.030974297,0.013903723,-0.017330858,0.011285312,0.006174197,-0.004586628,-0.060269183,0.018806106,0.035118404,-0.030753519,0.022272268,0.072271965,0.052539064,0.051413699,0.014395804,0.735583045,0.24579063,0.19229771,0.004361164,0.326342069,0.110623481,0.087248385,0.011034225,0.72229442,0.219489132,0.145960523,-0.207953039,0.291792881,0.042465108,-0.000317866,-0.119271526,0.117806925,0.023359655,-3.24E-05,-0.036136511,0.038117889,0.004175624,4.43E-05,-0.011236739,0.013260812,0.001816096,2.28E-06,-0.040631808,0.039871104,0.003688576,-2.66E-06,-0.015680639,0.015233177,0.001884044,2.86E-07,-0.003198823,0.004435646,0.000863162,-3.00E-07,-0.002430259,0.002201178,0.000516776,-3.32E-07,-0.011139702,0.01736887,0.002039712,-6.63E-06,-0.00930971,0.007469011,0.001147587,-1.24E-06,-0.010278319,0.006745527,0.001456145,1.73E-06,-0.00502008,0.003366147,0.000837519,1.14E-06,-0.034550911,0.045952148,0.00576343,-8.10E-05,-0.008906675,0.022364412,0.001248808,1.52E-09,-0.015637953,0.017390448,0.003026362,-2.86E-05,-0.004246509,0.011626892,0.000731238,-9.17E-07,-0.034598485,0.055013999,0.005958348,-7.76E-05,-0.008657686,0.032827666,0.001390394,-1.07E-07
449,H,0,-0.11158594,0.125911937,0.046977923,-0.027323007,0.015581283,0.207615689,0.152598079,0.145279241,1.10E-07,0.288496557,0.083347594,0.05707882,-0.016726247,0.010171686,0.004709313,-0.001820086,-0.033260664,0.027222447,0.01644352,-0.012154931,0.031976448,0.063861975,0.04968662,0.04932267,0.015043722,0.697347204,0.180388553,0.122316945,0.003625877,0.494793973,0.107138061,0.063452572,0.008974862,0.526894551,0.14512569,0.098064485,-0.205400093,0.194375265,0.039320444,-7.52E-05,-0.111057901,0.096651526,0.0221328,-8.25E-06,-0.039609132,0.036096494,0.005079802,1.29E-05,-0.01497477,0.014709263,0.002263376,8.66E-07,-0.060285767,0.050133366,0.006575873,-2.91E-05,-0.021151556,0.020699562,0.002944259,1.09E-06,-0.004229918,0.004843338,0.000981344,-2.48E-06,-0.00227041,0.002266231,0.000574927,3.22E-07,-0.012743898,0.012480027,0.002026621,-2.74E-06,-0.005934263,0.00711501,0.001142517,-2.65E-07,-0.005662431,0.006899592,0.001245624,9.97E-07,-0.0039916,0.003729728,0.000764612,1.84E-06,-0.049425353,0.068842178,0.007839757,-2.69E-06,-0.01466956,0.046491668,0.002055984,-3.44E-06,-0.021157575,0.025683202,0.003787554,1.88E-06,-0.005983169,0.010670908,0.000956903,-1.92E-06,-0.052450196,0.082099591,0.007886178,-6.17E-06,-0.020292969,0.065813911,0.002442241,-2.58E-06
449,H,1,-0.11158594,0.033755445,0.050850313,-0.044399067,0.017112047,0.206458139,0.154219181,0.147755074,1.51E-05,0.229895994,0.055311776,0.031377514,-0.016117937,0.009100614,0.004468704,-0.002455664,-0.030706121,0.020646365,0.014338605,-0.010865203,0.031976448,0.063861975,0.049864208,0.049481846,0.015043722,0.462045589,0.129410932,0.100384024,0.002055169,0.214872376,0.061162367,0.047591151,0.007087721,0.42445551,0.114045404,0.081798267,-0.151377108,0.15913483,0.038818824,-3.58E-05,-0.091535972,0.094969083,0.022736001,-5.15E-07,-0.037572127,0.036096494,0.004715695,-8.33E-06,-0.01497477,0.014318527,0.002035171,9.02E-08,-0.045123238,0.05570865,0.005644094,-1.94E-05,-0.02223727,0.021118104,0.002703053,-7.72E-07,-0.003605952,0.004664139,0.000915439,-2.30E-06,-0.002532348,0.002266231,0.000547838,2.31E-08,-0.010229482,0.012480027,0.001802222,5.15E-07,-0.005813383,0.005622202,0.001037772,7.24E-07,-0.005827062,0.005471729,0.001198303,-1.30E-07,-0.003302616,0.003729728,0.000723218,-1.26E-07,-0.031012102,0.041603346,0.005604401,-1.16E-05,-0.009996145,0.018372159,0.001332119,-2.53E-06,-0.020905997,0.025343337,0.003201883,-5.02E-06,-0.005983169,0.017203836,0.001043657,-1.46E-06,-0.027647538,0.033972892,0.005330318,-1.16E-05,-0.008720889,0.021007488,0.001326089,-1.90E-06
449,H,2,-0.104338367,0.05417941,0.042843934,-0.035407188,0.015911068,0.216110287,0.155161403,0.1492147,2.51E-08,0.270909075,0.063537814,0.039723483,-0.013963461,0.009648164,0.004342757,-0.002418784,-0.033583996,0.021033025,0.015658888,-0.012227924,0.032336402,0.062813596,0.049174971,0.048800489,0.013294666,0.462045589,0.129246025,0.100363055,0.002055169,0.186300482,0.060680558,0.048341026,0.007087721,0.430629422,0.114115752,0.079303213,-0.230141196,0.197411723,0.037025297,5.78E-05,-0.134317365,0.094137779,0.021173802,-3.14E-05,-0.037572127,0.036950758,0.004646466,8.97E-06,-0.014057473,0.017404262,0.002042316,-2.55E-06,-0.074680423,0.05570865,0.007078168,-7.39E-08,-0.029255575,0.029742803,0.003293643,-9.89E-07,-0.003586844,0.00529344,0.000904921,4.51E-07,-0.002558753,0.002730338,0.000544046,4.58E-07,-0.010229482,0.011359537,0.001915686,3.41E-06,-0.00495221,0.005242088,0.001106362,9.49E-07,-0.006624289,0.004841649,0.001180553,-2.66E-06,-0.004555967,0.003541493,0.000725824,1.45E-07,-0.031012102,0.041611964,0.005342027,-1.02E-05,-0.011150913,0.012348955,0.001220156,-2.36E-09,-0.019038501,0.023826068,0.002873471,-4.65E-07,-0.004077287,0.017203836,0.001015986,3.02E-07,-0.027647538,0.040326527,0.005253094,-1.19E-05,-0.010779532,0.013334326,0.001185463,-8.23E-08
449,L,0,-0.097902932,0.096384177,0.043335984,-0.033485619,0.018182156,0.206821047,0.157921656,0.154006543,9.39E-07,0.176054732,0.04618469,0.026721084,-0.016386039,0.008071477,0.004878795,-0.002912814,-0.032980801,0.022285378,0.017495899,-0.014711951,0.032934166,0.064686476,0.047025212,0.046774852,0.010880916,0.627093753,0.119113594,0.082802316,0.002632803,0.402106346,0.067438891,0.040561197,0.006979287,0.483363953,0.098183726,0.066015537,-0.193398819,0.167100357,0.030450139,-0.000132129,-0.092833588,0.096259257,0.017791792,7.27E-06,-0.03382946,0.03271942,0.004264509,4.03E-06,-0.015337289,0.016692799,0.001851786,6.37E-07,-0.022512455,0.023038064,0.003200754,-2.77E-05,-0.009927496,0.01057001,0.001747659,-9.24E-08,-0.005081212,0.004741236,0.000925069,6.35E-07,-0.002824858,0.002577833,0.000540511,1.38E-08,-0.012148855,0.012210489,0.001809763,-5.34E-07,-0.007504951,0.009065655,0.001005676,-2.73E-06,-0.005491523,0.006883028,0.001120152,2.02E-06,-0.004726684,0.0041283,0.000720147,-3.09E-07,-0.038890047,0.046188721,0.004401873,-4.68E-05,-0.008866494,0.014610637,0.001082225,-2.38E-06,-0.028295941,0.027355471,0.003063636,-1.88E-05,-0.005985031,0.01410949,0.000723259,-4.10E-07,-0.032392746,0.042333429,0.004202697,-4.39E-05,-0.00879962,0.025348099,0.001282492,-1.87E-06
449,L,1,-0.097902932,0.037624088,0.045240678,-0.041107265,0.022412549,0.19815565,0.156969225,0.153120906,3.91E-06,0.233057483,0.039011488,0.019991807,-0.016386039,0.009077297,0.004223874,-0.001510156,-0.033284931,0.022673702,0.016608992,-0.01438249,0.032100263,0.059430222,0.046061736,0.045836375,0.010880916,0.401837357,0.099925393,0.079530997,0.002275549,0.168228155,0.052543898,0.04178337,0.006979287,0.371590873,0.084995429,0.061995261,-0.173102227,0.182166166,0.031234852,-7.18E-06,-0.077466734,0.101026076,0.018665346,3.59E-06,-0.03382946,0.036044428,0.004444506,2.36E-06,-0.01298804,0.014972046,0.001860583,-1.44E-06,-0.061085743,0.051836125,0.004957366,1.85E-06,-0.028047336,0.022494816,0.002436347,-1.98E-06,-0.005081212,0.005180756,0.000897401,2.41E-06,-0.001992072,0.002577833,0.00052128,5.99E-08,-0.009345117,0.013764294,0.001666913,1.35E-06,-0.006768414,0.005124262,0.000947155,9.03E-07,-0.005491523,0.006883028,0.001098638,-1.29E-07,-0.004726684,0.004012936,0.00070739,-7.93E-08,-0.025459036,0.04549283,0.003996285,1.47E-06,-0.010192272,0.018994043,0.001020953,-4.17E-07,-0.014976589,0.01847507,0.002072677,-1.89E-06,-0.004561032,0.01214937,0.000630082,-3.35E-07,-0.022282084,0.043246877,0.003778622,2.12E-06,-0.009531587,0.018385962,0.001010515,-2.99E-07
449,L,2,-0.079763004,0.037624088,0.037915364,-0.034240048,0.022412549,0.19815565,0.153454848,0.149249166,4.68E-06,0.245610708,0.052909568,0.029911948,-0.016551573,0.009077297,0.004171495,-0.001322919,-0.033284931,0.022673702,0.018258903,-0.015657442,0.031441271,0.059430222,0.045448399,0.045229382,0.009790215,0.401837357,0.109710051,0.086971521,0.002275549,0.168228155,0.054899791,0.045723314,0.005921934,0.371590873,0.094985832,0.065882694,-0.168482246,0.182166166,0.031527585,5.01E-05,-0.106163438,0.115466306,0.019043274,-4.11E-06,-0.030767197,0.036044428,0.004262051,-3.93E-06,-0.01298804,0.014972046,0.001812791,-1.18E-06,-0.061085743,0.051836125,0.006259101,1.27E-06,-0.028047336,0.022494816,0.002911586,-4.81E-07,-0.003823651,0.005180756,0.000855172,2.71E-07,-0.001971974,0.002326389,0.00050622,1.57E-07,-0.009345117,0.013764294,0.001746081,-1.31E-06,-0.006768414,0.005124262,0.000995354,1.08E-06,-0.005185635,0.005184273,0.001079169,-8.92E-08,-0.003432939,0.003784043,0.000682663,-3.91E-07,-0.025459036,0.04549283,0.004235978,-1.93E-06,-0.010192272,0.018994043,0.001010485,5.53E-08,-0.014976589,0.01847507,0.002210697,2.01E-05,-0.004561032,0.01214937,0.000660378,-1.48E-07,-0.022282084,0.043246877,0.004012631,-2.34E-05,-0.009531587,0.018385962,0.000988609,1.53E-07
449,M,0,-0.114832782,0.110271823,0.05323327,-0.042097568,0.018135911,0.205861029,0.160192971,0.15486863,3.05E-05,0.263192865,0.042937741,0.02502989,-0.015407191,0.00655989,0.006199599,-0.00499268,-0.0314204,0.021787584,0.01052086,-0.006694157,0.033068412,0.060938911,0.04656307,0.046195487,0.026938239,0.559071423,0.150496178,0.134561448,0.00392833,0.41215779,0.079858617,0.058887746,0.010118649,0.38409596,0.127560578,0.114106704,-0.166938469,0.233302556,0.046034669,-0.000184029,-0.130976844,0.11723784,0.026696316,2.34E-06,-0.042654705,0.03478009,0.00535411,5.59E-06,-0.014310323,0.017582629,0.002292136,5.71E-07,-0.044186806,0.054139769,0.004919407,-6.63E-06,-0.024342814,0.020144655,0.002434046,3.71E-06,-0.003211855,0.004506913,0.00088197,2.16E-07,-0.002272992,0.002356736,0.000523991,-4.14E-07,-0.012237444,0.013721895,0.002032364,-2.48E-06,-0.006798885,0.009004484,0.001194183,2.52E-06,-0.006116978,0.005199933,0.001162311,5.88E-07,-0.003855164,0.003526639,0.000708302,-3.63E-07,-0.029360051,0.037555485,0.004885052,-3.87E-05,-0.010964799,0.017088433,0.00122199,-1.43E-06,-0.020367317,0.019753174,0.002863799,-4.31E-05,-0.006112441,0.008477283,0.00065722,-6.71E-07,-0.031986697,0.036850833,0.005136297,-1.81E-05,-0.010151117,0.030956878,0.001604562,-1.66E-06
449,M,1,-0.114832782,0.059174622,0.056665291,-0.049152505,0.018135911,0.208246567,0.16021916,0.156503893,1.33E-06,0.263192865,0.058116491,0.034768571,-0.014726999,0.011431761,0.005430151,-0.003762766,-0.031742593,0.022174875,0.011669844,-0.0084923,0.032521524,0.062316193,0.047360434,0.04697051,0.021969959,0.628952703,0.145064464,0.125647503,0.00392833,0.197113453,0.073222825,0.061677772,0.006140628,0.604572153,0.125228258,0.09264547,-0.167296149,0.219250495,0.040961292,0.000238578,-0.130976844,0.112925668,0.023725586,-1.21E-05,-0.042654705,0.02660865,0.004642654,-3.98E-05,-0.014051939,0.017582629,0.001968565,-7.34E-07,-0.055969631,0.054139769,0.006841816,-2.07E-06,-0.030335158,0.020144655,0.003211681,-2.28E-07,-0.004098512,0.003927908,0.00085379,-2.37E-06,-0.001961933,0.002130449,0.000500177,-1.28E-06,-0.009030501,0.012594672,0.001772518,4.05E-06,-0.006972139,0.005406768,0.001027503,6.32E-07,-0.005613985,0.005436833,0.001108102,1.35E-07,-0.00345964,0.003253856,0.000670695,7.94E-07,-0.028086073,0.041056571,0.003598572,0.000112744,-0.010065714,0.015440538,0.000921936,-3.12E-06,-0.017782554,0.015825937,0.002094623,7.76E-06,-0.005035592,0.010647288,0.000668799,-3.96E-06,-0.027628849,0.046189136,0.003823254,0.00011763,-0.010814961,0.012421322,0.001001597,-2.15E-06
449,M,2,-0.105903901,0.075266823,0.040532937,-0.031161157,0.024222549,0.209788696,0.154802293,0.150208901,1.33E-06,0.235325593,0.053829604,0.032845972,-0.014949795,0.011797644,0.004056835,-0.000891841,-0.031742593,0.02499475,0.015527467,-0.012373682,0.031279111,0.062316193,0.047040145,0.046713823,0.021969959,0.664625738,0.175691731,0.134871425,0.005414532,0.226269018,0.081317291,0.073124856,0.006140628,0.624923757,0.155740433,0.093494492,-0.207778778,0.205743435,0.032704256,0.000154666,-0.124086827,0.095877255,0.018797513,3.89E-07,-0.043308859,0.03063505,0.004738476,-1.61E-05,-0.015795638,0.018291182,0.002026139,-6.08E-07,-0.055969631,0.051514739,0.005912139,2.31E-06,-0.030335158,0.019756472,0.002886229,4.46E-07,-0.00470923,0.006364363,0.000922113,-1.82E-06,-0.002701438,0.002901238,0.000526378,-1.00E-07,-0.010439055,0.012594672,0.001907214,2.03E-06,-0.006972139,0.005406768,0.001064385,-2.96E-07,-0.005613985,0.005436833,0.001132025,2.10E-06,-0.00345964,0.003253856,0.000689639,6.40E-07,-0.034111197,0.043826573,0.005023783,-1.51E-05,-0.010065714,0.015440538,0.001091728,-1.06E-06,-0.025870686,0.025454368,0.002883364,5.25E-06,-0.005035592,0.018848847,0.000925465,-1.38E-06,-0.030680226,0.046189136,0.005105301,-1.90E-05,-0.010814961,0.012421322,0.001114928,-4.79E-07
450,H,0,-0.171381153,0.033255879,0.062692183,-0.054605455,0.007544843,0.219906497,0.184480267,0.175310795,5.13E-07,0.131635887,0.017004534,0.008249037,-0.020298767,0.007961818,0.006127168,-0.003930604,-0.039012168,0.018863014,0.020249354,-0.016605239,0.022279033,0.068155735,0.04319793,0.042547413,0.012177119,0.392669329,0.134987238,0.113316743,0.004603528,0.227083235,0.076531181,0.062408809,0.005392594,0.349233487,0.11119592,0.090673106,-0.240050428,0.285248226,0.048852443,1.98E-05,-0.173243584,0.138690266,0.026907408,-1.37E-06,-0.049989017,0.044546533,0.005892442,-6.00E-06,-0.017075873,0.021607433,0.002427195,2.13E-07,-0.030149422,0.03111533,0.002887108,1.44E-06,-0.019838113,0.012350436,0.001636419,-6.04E-07,-0.005079159,0.005193371,0.000968694,-1.53E-06,-0.00362813,0.002208699,0.000548475,-6.54E-08,-0.013275518,0.013424072,0.001966113,1.06E-06,-0.005799089,0.006944135,0.00112744,2.13E-06,-0.007505489,0.006126078,0.001364358,-3.39E-07,-0.003961163,0.003625996,0.000770618,-5.49E-07,-0.029310295,0.035795817,0.004826483,-3.81E-05,-0.006773359,0.01649416,0.001236918,-4.42E-07,-0.019182182,0.021891681,0.003298717,2.50E-06,-0.004442905,0.016360827,0.000925113,-2.64E-06,-0.024019555,0.033452417,0.004236823,-4.31E-05,-0.006707703,0.02197543,0.001278078,5.13E-07
450,H,1,-0.171381153,0.014381832,0.073640313,-0.068531371,0.008711501,0.218637743,0.183241415,0.173537191,5.98E-07,0.166887267,0.022053798,0.010628501,-0.017107657,0.007823841,0.006252258,-0.004412987,-0.038137195,0.018863014,0.018977855,-0.015227235,0.021385726,0.06143712,0.042582621,0.041955122,0.012031706,0.348139771,0.128280244,0.108086154,0.003492829,0.242038621,0.074952289,0.060548625,0.009565255,0.306123208,0.104105597,0.084788371,-0.264861372,0.299378016,0.051029605,5.85E-05,-0.173243584,0.138805383,0.028980863,-2.26E-05,-0.05138461,0.044546533,0.006315355,-8.76E-06,-0.016694924,0.018611238,0.002544884,2.66E-06,-0.030149422,0.03111533,0.003407471,-7.44E-07,-0.019838113,0.012984241,0.001799042,1.04E-06,-0.003988351,0.004246531,0.000912405,3.16E-06,-0.002619303,0.001953207,0.000525316,2.39E-07,-0.009840197,0.011700122,0.001895838,3.43E-06,-0.005007192,0.005923528,0.001084381,-2.08E-07,-0.008133842,0.006227465,0.001314747,-2.61E-06,-0.003658518,0.00440294,0.00075392,7.99E-07,-0.025277466,0.027682474,0.004474608,2.20E-05,-0.006045938,0.009810208,0.001014894,-1.07E-06,-0.016940939,0.025057202,0.003229258,1.22E-05,-0.004286293,0.012579915,0.000816518,2.86E-08,-0.024019555,0.021259963,0.003958648,1.75E-05,-0.006707703,0.017953217,0.001094556,-1.57E-06
450,H,2,-0.186392793,0.014381832,0.081126488,-0.074444696,0.010437472,0.217793601,0.179688736,0.168587102,3.14E-06,0.166887267,0.019323377,0.009956659,-0.017107657,0.0070332,0.006777265,-0.005211442,-0.036672155,0.020125257,0.016860117,-0.012933023,0.021385726,0.060394037,0.042433683,0.041872143,0.009240393,0.348139771,0.126175637,0.101969284,0.003492134,0.242038621,0.075081517,0.05889348,0.007676902,0.306123208,0.101405411,0.077712625,-0.264861372,0.299378016,0.049176953,-0.000239436,-0.167624475,0.138805383,0.027358062,-4.56E-05,-0.05138461,0.04143797,0.006629639,-4.04E-05,-0.016694924,0.018599783,0.002660463,5.71E-06,-0.028923035,0.022957431,0.003044143,-1.31E-06,-0.011463643,0.012984241,0.001652057,1.16E-06,-0.004470958,0.003921345,0.000949685,-2.30E-06,-0.002653349,0.002157571,0.000547524,-5.94E-07,-0.009840197,0.011700122,0.001951536,4.17E-06,-0.005007192,0.005923528,0.001109675,9.45E-08,-0.008133842,0.006227465,0.001336895,-1.88E-06,-0.003658518,0.00440294,0.000771454,1.75E-06,-0.025277466,0.027682474,0.004582113,5.09E-05,-0.006045938,0.007037585,0.001029991,-7.78E-07,-0.016940939,0.025057202,0.003355736,3.02E-05,-0.004047112,0.013851768,0.000911218,-8.79E-07,-0.020799775,0.0228276,0.004117819,4.09E-05,-0.006178021,0.009444265,0.001076546,-4.39E-07
450,L,0,-0.12519367,0.156463408,0.039171307,-0.021437951,0.013461772,0.220541387,0.184830568,0.176988979,7.15E-06,0.027514582,0.008021316,0.006420729,-0.018054667,0.009022862,0.007256577,-0.00583443,-0.041352665,0.018578184,0.019447037,-0.01625953,0.021112477,0.06344865,0.043648307,0.043154052,0.01104094,0.572685656,0.141251387,0.104038119,0.002278624,0.317043311,0.083331271,0.057928525,0.007163379,0.514163015,0.114051978,0.076093368,-0.234458363,0.267379752,0.04409436,-0.000259677,-0.137944177,0.119509902,0.023967617,-9.98E-06,-0.041991304,0.038624767,0.005219798,-2.56E-06,-0.014369897,0.016196072,0.002129305,4.56E-06,-0.006251314,0.008027022,0.001954807,4.23E-06,-0.00424355,0.004271237,0.001316494,-6.33E-07,-0.00514616,0.003710491,0.000889479,-3.42E-06,-0.002668881,0.002598697,0.000523447,6.11E-07,-0.011483329,0.010915709,0.001801161,-1.09E-06,-0.006575517,0.005223265,0.0010282,-6.04E-07,-0.006887052,0.007716583,0.001190952,1.12E-06,-0.004709919,0.003535851,0.000677448,5.69E-07,-0.028266109,0.025732501,0.004243113,-2.72E-05,-0.005678786,0.015731266,0.000902138,-1.53E-06,-0.016275505,0.016996535,0.002601382,-3.38E-05,-0.003393198,0.008761056,0.000585335,-1.08E-06,-0.026936419,0.028127847,0.004019482,2.63E-06,-0.005383267,0.01528759,0.000988274,-1.30E-06
450,L,1,-0.108978659,0.011684531,0.033515937,-0.028965017,0.013220291,0.220513328,0.186793947,0.180677966,2.95E-06,0.116985342,0.010708757,0.006718535,-0.017622778,0.007586361,0.007610945,-0.006258772,-0.040266405,0.017057509,0.019499069,-0.017022054,0.021112477,0.0655518,0.043721274,0.043218519,0.010883133,0.339691087,0.099892257,0.080896966,0.002278624,0.224872072,0.054349003,0.041444752,0.007163379,0.29393584,0.083813179,0.063037654,-0.154539176,0.206927468,0.038847471,6.87E-07,-0.094205619,0.100728137,0.022413161,-3.81E-06,-0.041991304,0.038624767,0.004707247,-7.04E-06,-0.013294273,0.016196072,0.002014141,2.22E-06,-0.024218413,0.028445182,0.002315611,2.81E-05,-0.014175518,0.011051485,0.001421467,-2.22E-07,-0.004014624,0.003491979,0.000842689,1.27E-06,-0.001958992,0.002050801,0.000499449,-5.22E-07,-0.009107456,0.010999351,0.00172313,-4.98E-07,-0.006575517,0.006522417,0.00100084,-1.51E-07,-0.00660479,0.006173949,0.001132391,3.67E-07,-0.003282215,0.003904964,0.000647626,8.84E-07,-0.025254716,0.024299163,0.003384571,2.77E-05,-0.004782575,0.015731266,0.000856133,-4.12E-08,-0.018920729,0.01804883,0.002307993,5.66E-06,-0.003393198,0.008761056,0.000595857,-8.99E-07,-0.018224957,0.020742989,0.003129296,2.74E-05,-0.004130898,0.01528759,0.000892884,4.22E-07
450,L,2,-0.157454886,0.015072609,0.046069606,-0.038237647,0.012358109,0.221450903,0.18144408,0.173273127,2.95E-06,0.157042585,0.023487494,0.011463692,-0.017622778,0.007586361,0.007937505,-0.006583145,-0.038192528,0.020658933,0.019260545,-0.016293235,0.0218941,0.0655518,0.043940064,0.043415802,0.010159384,0.381364644,0.125006224,0.098537078,0.002677353,0.232073025,0.061362573,0.043006288,0.007748463,0.329461781,0.108909094,0.083587995,-0.249872451,0.206927468,0.042440059,-0.000176004,-0.093268046,0.100728137,0.023847636,-3.45E-05,-0.039572611,0.042110331,0.005270441,-4.69E-05,-0.013755478,0.016086554,0.002252564,3.76E-06,-0.03618093,0.031723724,0.003746647,-3.60E-06,-0.014585701,0.014380595,0.00194807,-1.18E-06,-0.004014624,0.004063577,0.000899647,-1.07E-06,-0.002095295,0.002050801,0.000530691,-3.37E-07,-0.008080014,0.010999351,0.001771774,3.00E-06,-0.005727041,0.006522417,0.001013847,2.34E-07,-0.007695622,0.006008904,0.0011992,-2.46E-06,-0.003229208,0.004215801,0.000700353,6.86E-07,-0.025254716,0.024363692,0.004000891,5.91E-05,-0.004006146,0.009683802,0.000925065,3.49E-07,-0.018920729,0.02050276,0.002845192,4.35E-05,-0.002914562,0.01150567,0.000705624,-3.03E-07,-0.017488218,0.022361325,0.003565671,3.97E-05,-0.003272949,0.013165729,0.000981201,3.50E-07
450,M,0,-0.178368702,0.032110435,0.050145807,-0.038092681,0.012498357,0.214507024,0.173987619,0.169169272,1.60E-07,0.117422038,0.011704945,0.006185425,-0.015746667,0.009464612,0.006608649,-0.004700105,-0.038622645,0.023894228,0.021607522,-0.018351479,0.02489939,0.060933066,0.044483783,0.043947315,0.015254665,0.405851702,0.155194205,0.138864549,0.002604396,0.217880024,0.09933392,0.085470931,0.007208726,0.356048525,0.119239313,0.099867803,-0.257589751,0.255444757,0.044499714,-0.000334886,-0.113157311,0.116377231,0.024317846,-6.41E-06,-0.037916847,0.032703017,0.004378788,-3.25E-05,-0.010799771,0.016860804,0.001843224,1.26E-06,-0.033648326,0.032116933,0.003095616,-2.02E-06,-0.019763628,0.016482538,0.001803866,2.48E-07,-0.004858646,0.004154482,0.00095579,-3.64E-06,-0.002535555,0.003323807,0.000568398,4.25E-07,-0.010713858,0.013508826,0.001981649,4.59E-06,-0.007522405,0.006957785,0.001159116,2.00E-07,-0.008574172,0.005182713,0.001262926,-6.38E-07,-0.003242052,0.002943029,0.000736941,6.71E-07,-0.025126817,0.030890631,0.004271164,2.60E-05,-0.00729371,0.014002595,0.001021573,4.10E-07,-0.018982267,0.02214697,0.003077491,3.96E-06,-0.004995722,0.016171674,0.000942928,-5.16E-07,-0.022683717,0.025510537,0.004102656,2.86E-05,-0.005542303,0.016659238,0.001097364,7.67E-07
450,M,1,-0.145574165,0.02935055,0.05339559,-0.042905803,0.016298415,0.214507024,0.164196506,0.15657481,1.27E-06,0.117422038,0.012723755,0.007832939,-0.0166218,0.009464612,0.007106042,-0.005254264,-0.039859507,0.018366975,0.021220435,-0.017672737,0.024088789,0.062364634,0.044150147,0.043630018,0.011383763,0.40979531,0.169727238,0.138185885,0.002604396,0.257683676,0.101182042,0.082200081,0.006192146,0.36589834,0.136270062,0.102224606,-0.257589751,0.237836122,0.048670193,1.55E-05,-0.124838698,0.116377231,0.026579657,1.80E-05,-0.042061405,0.03573676,0.005394294,2.85E-06,-0.016990431,0.016513553,0.002322245,8.39E-07,-0.033648326,0.030836389,0.00308383,6.32E-07,-0.019763628,0.016482538,0.001768455,1.28E-07,-0.004858646,0.004154482,0.001074223,1.97E-06,-0.00269814,0.003323807,0.000640641,9.15E-08,-0.010540818,0.009026792,0.001980571,-9.83E-06,-0.005982913,0.005602889,0.001154491,1.12E-06,-0.005913286,0.005182713,0.001347716,6.01E-06,-0.002910797,0.00299875,0.000790815,-9.38E-08,-0.025126817,0.030890631,0.00540536,-2.39E-05,-0.00729371,0.014002595,0.001176367,-1.39E-06,-0.018454912,0.02214697,0.003679534,2.67E-06,-0.004995722,0.01615633,0.000989536,1.16E-07,-0.025466855,0.024052551,0.005014264,-2.90E-05,-0.005542303,0.016659238,0.001231993,-1.98E-06
450,M,2,-0.192915222,0.024857384,0.056830309,-0.044751583,0.016298415,0.209664601,0.161891744,0.153593866,4.74E-06,0.106115153,0.012581377,0.008297772,-0.017280561,0.011296712,0.007449416,-0.005590891,-0.040819104,0.016591878,0.021663621,-0.017861811,0.024088789,0.062914389,0.044709051,0.044191368,0.010810329,0.461116789,0.16387716,0.123344811,0.002950551,0.321379254,0.10309165,0.078468265,0.006192146,0.36589834,0.127388522,0.087275175,-0.326882251,0.300769627,0.052451738,0.000107951,-0.185364031,0.161428816,0.028811176,-2.28E-06,-0.042061405,0.03573676,0.005565558,4.63E-05,-0.016990431,0.016513553,0.002403475,2.65E-06,-0.020172386,0.024315486,0.002732356,-2.65E-07,-0.013322562,0.009320786,0.001555337,1.55E-07,-0.00454942,0.005419063,0.001105314,1.96E-06,-0.003074684,0.002928486,0.000657569,-4.69E-07,-0.009115907,0.009249023,0.001926308,-9.08E-06,-0.004690532,0.005485087,0.001097001,-3.53E-07,-0.007167073,0.007246818,0.001328376,5.13E-06,-0.004496151,0.003274535,0.000797035,1.61E-06,-0.025349835,0.033260481,0.005738942,-4.43E-05,-0.005959323,0.019583759,0.001152007,-3.10E-06,-0.021092575,0.028476231,0.004025163,-5.43E-06,-0.004634662,0.021588243,0.000970969,-8.68E-07,-0.025466855,0.028924132,0.005143831,-5.57E-05,-0.005134395,0.019605623,0.001194793,-3.32E-06
451,H,0,-0.473205442,0.135165431,0.09653268,-0.055193705,0.009914422,0.194852288,0.1455035,0.139110381,2.69E-07,0.289735641,0.061308277,0.032237281,-0.019327746,0.014236023,0.004997216,-0.002248898,-0.053052611,0.02184497,0.027067615,-0.02284484,0.02012396,0.068307971,0.046778722,0.045879684,0.016407797,0.770880433,0.169842056,0.124833036,0.002499669,0.510935982,0.115466259,0.078938646,0.008423025,0.588037232,0.124554675,0.085270353,-0.435003108,0.364657339,0.055335477,8.72E-05,-0.194145356,0.153821839,0.029950172,-3.06E-06,-0.039729973,0.031250769,0.005009059,5.88E-06,-0.014156269,0.014954375,0.002213018,-1.93E-07,-0.070693812,0.074907425,0.006665501,2.54E-06,-0.049383679,0.032332415,0.003316775,-1.45E-06,-0.004409802,0.004770947,0.001055731,-1.61E-06,-0.002371344,0.002663191,0.000615806,-1.81E-08,-0.013599341,0.011794544,0.002279301,1.60E-07,-0.006277847,0.006253421,0.001296578,4.02E-06,-0.006184313,0.008784168,0.001520756,2.74E-06,-0.004362262,0.004522482,0.000892261,-3.25E-06,-0.025154629,0.03498617,0.005326967,-1.57E-06,-0.0085225,0.023259653,0.001399514,5.69E-07,-0.017209539,0.025153438,0.003341299,-7.46E-06,-0.003905766,0.008754845,0.000881648,-2.50E-06,-0.024865928,0.041685621,0.00550746,9.98E-06,-0.008977381,0.027538586,0.001538072,4.01E-06
451,H,1,-0.170916303,0.135165431,0.06921589,-0.041496254,0.014356151,0.194157267,0.150713395,0.145975544,2.69E-07,0.289735641,0.06823988,0.037214181,-0.019327746,0.014236023,0.004863564,-0.00229544,-0.053052611,0.016022864,0.027517473,-0.023958646,0.024047198,0.068307971,0.047595824,0.046848846,0.013339325,0.374973879,0.132734949,0.109618599,0.003271304,0.260870369,0.07141677,0.052119098,0.011447289,0.348909566,0.111884815,0.089069163,-0.273290411,0.268116003,0.045849446,-0.00021557,-0.160409861,0.127336074,0.025525571,3.10E-06,-0.039729973,0.031366709,0.004616828,-3.41E-05,-0.014156269,0.014954375,0.00205286,-1.15E-06,-0.070693812,0.039704929,0.006538219,-3.29E-06,-0.028889469,0.028243962,0.003101137,-1.76E-06,-0.004601157,0.004268768,0.000989282,-1.90E-06,-0.00232972,0.002098039,0.000581015,-3.53E-08,-0.009880518,0.01176714,0.002167151,7.57E-06,-0.005369214,0.005981432,0.001249246,1.75E-06,-0.007034899,0.006144626,0.001490055,-4.13E-06,-0.004496941,0.003378752,0.00088309,-5.78E-07,-0.018531972,0.03498617,0.004474448,-2.49E-05,-0.0085225,0.023259653,0.00125191,7.45E-06,-0.012581376,0.016972073,0.002135703,-1.42E-05,-0.00438805,0.010915928,0.000719581,-2.12E-06,-0.021818803,0.041685621,0.004793123,-2.07E-05,-0.008977381,0.027538586,0.001419718,9.33E-06
451,H,2,-0.201737171,0.179024301,0.098644914,-0.082899947,0.014356151,0.185852898,0.148588872,0.144137719,5.05E-06,0.270620875,0.058608812,0.030961161,-0.015409792,0.011057501,0.004321692,-0.002178029,-0.055387251,0.016022864,0.024657649,-0.020845369,0.023800226,0.067092882,0.045826652,0.045051997,0.013339325,0.374973879,0.119631269,0.103814117,0.003271304,0.172801938,0.053421657,0.043894218,0.010846562,0.348909566,0.107040961,0.088298736,-0.198819721,0.288512882,0.046313749,-0.000348121,-0.104525437,0.113370914,0.02477697,-1.68E-05,-0.036211636,0.031366709,0.004306438,-3.98E-06,-0.011945864,0.013783651,0.001844073,-5.86E-07,-0.058315601,0.050884147,0.005700161,-2.00E-06,-0.024003651,0.025682832,0.002789725,2.91E-07,-0.004601157,0.005088954,0.001003768,1.45E-06,-0.002366144,0.002169887,0.000595073,-2.78E-07,-0.014368302,0.014533211,0.002312672,1.77E-06,-0.006405412,0.008338094,0.001299409,-9.17E-07,-0.007203406,0.008008384,0.001587886,7.58E-07,-0.005557592,0.003781015,0.00093813,6.42E-07,-0.02352553,0.038944194,0.004719553,-9.83E-06,-0.008293739,0.016291669,0.001292941,6.74E-07,-0.012581376,0.019887302,0.002162522,-1.30E-06,-0.00438805,0.010915928,0.000712903,-4.45E-07,-0.023897189,0.037003576,0.005010455,-1.49E-05,-0.007592902,0.020249886,0.00147573,1.48E-06
451,L,0,-0.121356474,0.170902923,0.063645255,-0.03062279,0.01858851,0.192775093,0.135901245,0.131278696,3.42E-07,0.213758135,0.037734547,0.015853029,-0.018445542,0.011104998,0.006151861,-0.004136699,-0.052386271,0.018184343,0.025119707,-0.021800702,0.019179423,0.067873828,0.048991066,0.048169981,0.017249024,0.463882941,0.141523381,0.119810199,0.001688846,0.368167198,0.081078205,0.060163002,0.013452051,0.364106998,0.115996518,0.094321471,-0.257333449,0.259553413,0.054068057,-0.000197122,-0.13246239,0.134346642,0.028108811,5.27E-06,-0.035990797,0.030296507,0.004654108,-2.45E-06,-0.012189508,0.016936722,0.002055085,1.42E-07,-0.057671267,0.031364467,0.004469717,-4.16E-06,-0.02887841,0.023956448,0.002298761,1.57E-06,-0.004342127,0.006251332,0.001055208,-1.19E-06,-0.00282795,0.003096604,0.000628623,-1.01E-06,-0.012900206,0.013976716,0.002333563,-5.28E-06,-0.00658431,0.006502142,0.001279969,4.11E-06,-0.00723866,0.007258144,0.001505439,3.60E-06,-0.003713433,0.003685055,0.000867113,-1.22E-06,-0.016577708,0.038717273,0.004180854,6.64E-06,-0.008204103,0.012183152,0.001136471,2.25E-06,-0.013663706,0.017039878,0.002749541,-1.89E-05,-0.004151795,0.008766042,0.000728407,5.44E-07,-0.022902054,0.039936106,0.004458072,2.76E-05,-0.008413174,0.019568153,0.001327682,2.44E-06
451,L,1,-0.13384384,0.087814773,0.074726575,-0.065021112,0.028333522,0.189684422,0.142651498,0.14055614,1.24E-05,0.213758135,0.0361434,0.016104886,-0.018445542,0.006863891,0.0066758,-0.005782058,-0.051769107,0.011117152,0.025688659,-0.024036156,0.021600167,0.066086365,0.052474193,0.052084221,0.012389672,0.324970694,0.103339816,0.094626019,0.001688846,0.1498472,0.045357555,0.038244376,0.011076868,0.312897307,0.092853701,0.083151262,-0.251474328,0.349026214,0.048012019,-0.000352678,-0.129728745,0.13128835,0.026484611,-2.21E-05,-0.02568055,0.023185334,0.003133244,3.17E-06,-0.008770198,0.011001986,0.001449436,1.31E-06,-0.057671267,0.031364467,0.004005265,-2.84E-06,-0.0236967,0.023956448,0.002098042,-3.47E-07,-0.003551648,0.004464346,0.000901947,5.57E-07,-0.002791806,0.003014295,0.00055694,-4.06E-07,-0.009743999,0.007671247,0.00174622,-3.37E-07,-0.004452766,0.004192647,0.001008373,-1.10E-06,-0.0071811,0.00546546,0.00122841,3.85E-06,-0.003525393,0.003685055,0.000726545,1.57E-06,-0.027159331,0.033681996,0.002894261,4.28E-06,-0.007982535,0.025306142,0.000996496,1.64E-06,-0.011602831,0.016368683,0.001629029,-4.43E-06,-0.002736992,0.013351546,0.000536483,7.69E-07,-0.024686445,0.029635367,0.003063701,1.18E-05,-0.007764785,0.021764629,0.001102187,1.84E-06
451,L,2,-0.13384384,0.050412064,0.092146554,-0.085555678,0.027323964,0.180509249,0.142652257,0.140322693,1.24E-05,0.030321785,0.009091333,0.007322847,-0.016703446,0.012085114,0.006759234,-0.005347266,-0.052553001,0.016779023,0.02382436,-0.021597796,0.020562548,0.066086365,0.050788708,0.050224348,0.012389672,0.354361833,0.108077582,0.095729206,0.00202279,0.164493114,0.047715519,0.038664405,0.009560484,0.335492788,0.096974187,0.083160544,-0.240832515,0.349026214,0.045315009,-0.000237922,-0.129728745,0.13128835,0.025017878,-1.59E-05,-0.040310474,0.024563079,0.002977287,1.20E-06,-0.01420948,0.015932355,0.001390996,4.23E-08,-0.006716947,0.006580145,0.002050672,6.08E-07,-0.00483977,0.004981704,0.001418995,1.11E-08,-0.004180072,0.005606261,0.0009623,2.78E-06,-0.002969357,0.002669523,0.000581731,-2.84E-08,-0.009743999,0.009581824,0.001790468,3.09E-06,-0.004041189,0.004563854,0.00103547,-2.93E-07,-0.0071811,0.008218058,0.001240718,-3.88E-06,-0.003898567,0.003396333,0.000731983,4.11E-07,-0.027159331,0.033681996,0.003217535,-8.29E-06,-0.007982535,0.025306142,0.001021182,1.09E-06,-0.011661552,0.016368683,0.001771537,-2.03E-06,-0.003562368,0.013351546,0.000665018,6.70E-07,-0.024686445,0.031624507,0.003281456,-8.02E-06,-0.007764785,0.021764629,0.001098113,9.57E-07
451,M,0,-0.140298552,0.092519852,0.050757317,-0.027210417,0.0096644,0.187274846,0.139298041,0.133860401,9.69E-07,0.267634086,0.037490377,0.016261786,-0.016747198,0.010661482,0.006410449,-0.004308214,-0.056812507,0.009742052,0.028653934,-0.024661086,0.019022273,0.067758422,0.04895455,0.047879932,0.013084374,0.404769786,0.143828858,0.132492213,0.001914926,0.385462802,0.109041931,0.082337733,0.008868075,0.186801592,0.093790179,0.08703415,-0.206026152,0.317804152,0.043684553,-0.00026104,-0.120277656,0.138908141,0.023688388,1.42E-07,-0.027313989,0.031262036,0.004221156,6.58E-06,-0.010162177,0.015254543,0.001835362,-2.64E-07,-0.076000313,0.038711932,0.00409519,1.09E-05,-0.03798358,0.031419021,0.002232135,-7.93E-07,-0.004395073,0.003753736,0.00096944,-2.60E-06,-0.002178262,0.002541446,0.000557648,-5.92E-07,-0.013032133,0.01439873,0.002552334,-1.13E-05,-0.009085206,0.006810091,0.001389531,4.67E-07,-0.010619488,0.009658898,0.001611915,5.31E-06,-0.005036311,0.00483069,0.000934019,6.76E-07,-0.020980997,0.022510078,0.002596809,2.56E-06,-0.006846822,0.017512588,0.000950079,3.31E-07,-0.014607461,0.011450342,0.001753741,-1.37E-05,-0.004139944,0.006461296,0.000528759,-6.57E-07,-0.02088426,0.02721578,0.002835779,9.00E-06,-0.006785704,0.019076896,0.001141022,1.03E-06
451,M,1,-0.289513001,0.082867823,0.093584066,-0.068816912,0.02633513,0.184530595,0.150369407,0.148099878,7.32E-06,0.267634086,0.038040712,0.018265409,-0.016859449,0.010661482,0.005681533,-0.003351844,-0.059459454,0.009742052,0.027333885,-0.022921472,0.019551531,0.072685362,0.050238305,0.049221814,0.013084374,0.358389169,0.105162361,0.090664499,0.001914926,0.220950031,0.056433896,0.042140999,0.011038712,0.342544326,0.088737464,0.072556912,-0.242319122,0.317804152,0.042137447,-0.000138053,-0.120277656,0.138908141,0.022604028,-1.93E-05,-0.030275255,0.018536703,0.003205136,-3.02E-06,-0.010476736,0.01437617,0.001506738,-7.68E-08,-0.076000313,0.038711932,0.004172687,-2.14E-06,-0.03798358,0.031419021,0.002270289,-1.45E-06,-0.004863743,0.002937424,0.000907733,2.19E-06,-0.002374548,0.00233662,0.00054096,-7.35E-08,-0.010935905,0.011994389,0.002174792,-3.38E-06,-0.006548488,0.006432223,0.001267441,-9.91E-07,-0.007399926,0.007536795,0.00133127,1.06E-06,-0.004193858,0.003808095,0.000793854,3.14E-07,-0.020980997,0.027192622,0.002840268,-4.67E-06,-0.006846822,0.017512588,0.000974417,2.18E-07,-0.014607461,0.010438741,0.001562872,-1.99E-06,-0.004139944,0.006461296,0.000475931,-3.04E-07,-0.02274069,0.026045125,0.00285358,-4.69E-06,-0.006785704,0.017981691,0.001048034,2.60E-07
451,M,2,-0.289513001,0.185200761,0.101634283,-0.054995027,0.032600481,0.184530595,0.148342612,0.145973995,7.32E-06,0.278337877,0.065385272,0.038640256,-0.016859449,0.009177087,0.004834542,-0.001827759,-0.059459454,0.009788895,0.028168031,-0.022872301,0.019551531,0.072685362,0.048850888,0.047611387,0.021485621,0.508826653,0.145041459,0.115748921,0.002048833,0.366994123,0.112452388,0.08108097,0.01296757,0.405095398,0.091605051,0.070393367,-0.242319122,0.211167701,0.042965633,-2.85E-06,-0.099662806,0.108397017,0.023251231,-1.06E-05,-0.030275255,0.026039804,0.003416634,-1.77E-06,-0.010476736,0.01437617,0.001578605,5.50E-07,-0.051311278,0.054547907,0.006128488,-2.76E-06,-0.025514507,0.022639643,0.003167053,-4.93E-07,-0.004863743,0.003658942,0.00097196,9.74E-07,-0.002374548,0.00233662,0.000573975,-6.09E-07,-0.012897193,0.013897024,0.002429213,6.29E-07,-0.008261503,0.006603769,0.001404128,-4.73E-07,-0.007239548,0.008376943,0.001526047,-2.37E-06,-0.004193858,0.003808095,0.000894411,5.75E-07,-0.01991199,0.027192622,0.003345427,7.30E-06,-0.005354245,0.014520085,0.000950264,1.32E-06,-0.011075873,0.008904302,0.001868455,2.85E-05,-0.002978427,0.002671302,0.000500037,3.85E-07,-0.024702761,0.034444895,0.004209123,-1.44E-05,-0.006959076,0.020286784,0.001314418,1.27E-06
452,H,0,-0.183244727,0.055244041,0.107344679,-0.098756531,0.007281518,0.20261008,0.158988088,0.153642943,4.95E-08,0.19114526,0.03311207,0.013626789,-0.017209065,0.004543832,0.004830746,-0.003574059,-0.051667641,0.026331711,0.022888868,-0.019430802,0.022505657,0.06058263,0.040560927,0.039943504,0.014642226,0.807916675,0.26211266,0.186888544,0.00374059,0.713099887,0.226097283,0.139493327,0.006492806,0.487863132,0.13260115,0.100009052,-0.196977279,0.187431832,0.031632004,-0.00042501,-0.112762195,0.108073752,0.018021886,-4.80E-06,-0.039902058,0.032422963,0.00477707,-1.01E-05,-0.014400577,0.0184059,0.002164086,4.46E-06,-0.019150852,0.01638369,0.002621451,-7.74E-06,-0.011736927,0.010708004,0.001544655,7.86E-07,-0.003153366,0.003768739,0.000772447,2.05E-06,-0.001818009,0.002080462,0.000456654,8.10E-09,-0.013167615,0.016289335,0.001748013,7.11E-07,-0.006164375,0.00547611,0.000973738,-5.40E-07,-0.008719881,0.00737602,0.001217427,-2.40E-06,-0.004049469,0.004747516,0.000734591,8.19E-07,-0.033208678,0.029374075,0.003999313,-0.000195273,-0.006559802,0.008499875,0.000837418,-3.62E-07,-0.042836474,0.024156666,0.003068546,-0.000173389,-0.007043636,0.018602394,0.000821337,2.18E-07,-0.036080062,0.028060054,0.003944048,-8.87E-05,-0.006840119,0.013957978,0.000895871,-1.21E-06
452,H,1,-0.161165854,-0.009330437,0.116065774,-0.114607434,0.020939622,0.19637715,0.166199216,0.165084807,4.49E-08,0.120846334,0.010792595,0.004675664,-0.014305216,0.002931134,0.005105185,-0.004215254,-0.039004002,0.006985816,0.022057283,-0.021206074,0.024836302,0.056376038,0.040050234,0.039705708,0.012522646,0.20729202,0.095155929,0.087208121,0.00374059,0.168017946,0.073715961,0.061794561,0.007529988,0.135824318,0.060171487,0.053842422,-0.121911658,0.186132523,0.025131263,-2.84E-05,-0.078472043,0.072974593,0.01448392,-7.14E-06,-0.039902058,0.032422963,0.004341487,-1.26E-06,-0.014400577,0.020179969,0.002115723,3.21E-06,-0.019931815,0.013451181,0.002020313,5.02E-07,-0.00822167,0.007257532,0.001210206,3.33E-07,-0.002773952,0.002816498,0.000742191,-1.64E-06,-0.001838346,0.001819806,0.000454464,-3.82E-08,-0.007697821,0.011613538,0.001501312,2.97E-06,-0.004775101,0.004929451,0.000872295,-3.27E-07,-0.007776368,0.006189811,0.001182491,-1.36E-06,-0.003834115,0.002801663,0.000692116,-2.45E-07,-0.011988076,0.016317479,0.001836608,-7.12E-06,-0.005273175,0.008439707,0.000600296,1.87E-07,-0.023737979,0.022643532,0.002309189,-2.58E-06,-0.006446018,0.014153252,0.000771154,-2.31E-07,-0.00527071,0.008001554,0.001264631,-7.37E-06,-0.003549792,0.005408306,0.000573428,5.29E-07
452,H,2,-0.194009216,-0.009330437,0.113830738,-0.110688241,0.010026947,0.195649958,0.152983649,0.147356837,4.49E-08,0.120846334,0.013691355,0.006416881,-0.015745536,0.005686081,0.005611218,-0.004587455,-0.04458384,0.019692766,0.022196601,-0.019351669,0.022857199,0.05864105,0.039802064,0.03925748,0.012522646,0.414131645,0.142805212,0.116338689,0.005808924,0.25805136,0.095418809,0.076639917,0.006412821,0.41193358,0.106247727,0.068837335,-0.187484625,0.197007708,0.031710553,2.85E-05,-0.08056567,0.085310981,0.017101476,3.29E-05,-0.044944534,0.034280177,0.005010235,-4.15E-05,-0.01717817,0.02235851,0.002387694,3.32E-06,-0.021153012,0.016583416,0.002506138,3.94E-06,-0.01079756,0.010195383,0.001442875,-3.16E-07,-0.003918129,0.00333879,0.000815774,-1.41E-06,-0.001928018,0.002023836,0.000496194,-1.32E-07,-0.009408528,0.011613538,0.001784746,9.11E-06,-0.005032458,0.004929451,0.000975229,-9.94E-07,-0.007776368,0.006189811,0.001270658,-1.83E-06,-0.003834115,0.003772862,0.000737219,-9.47E-07,-0.036473616,0.041524167,0.004166263,1.63E-05,-0.010382153,0.03226756,0.001297451,-4.92E-06,-0.023737979,0.022643532,0.003385961,-2.39E-05,-0.006446018,0.016587983,0.001063991,2.50E-06,-0.04415979,0.045705375,0.004649139,3.16E-05,-0.011712181,0.042275734,0.001513944,-5.02E-06
452,L,0,-0.222288132,0.086346174,0.133313871,-0.126219422,0.007930612,0.205555928,0.155635309,0.148407994,2.54E-10,0.122170863,0.00892118,0.00450909,-0.022374873,0.005277054,0.00608945,-0.004492703,-0.049934705,0.018109609,0.020051356,-0.016707411,0.019774796,0.062955584,0.039609941,0.038966792,0.012590004,0.748637526,0.191162062,0.130672318,0.002505792,0.384985869,0.083620374,0.052568012,0.00590283,0.673449633,0.171902784,0.107896163,-0.23236438,0.195157195,0.037575602,-0.00012908,-0.12078885,0.126528628,0.020991124,-2.08E-05,-0.046885307,0.034414544,0.005216972,9.92E-06,-0.017083444,0.019710529,0.002456496,3.66E-06,-0.030041372,0.026661586,0.002224663,5.44E-07,-0.011660058,0.012425759,0.00131592,-1.26E-07,-0.004477866,0.004167853,0.000939907,-8.13E-07,-0.00253595,0.002567417,0.000566998,-3.63E-07,-0.011394845,0.012610327,0.002070588,3.49E-06,-0.006200273,0.005593537,0.00116744,2.65E-07,-0.0072949,0.006927573,0.001340717,-1.80E-06,-0.004716273,0.003890611,0.000782907,2.40E-07,-0.040378979,0.062456378,0.005708768,-1.59E-05,-0.010073195,0.020914842,0.001341664,-3.75E-07,-0.028594012,0.023000819,0.003467794,-2.65E-05,-0.00600953,0.010703611,0.000890891,-1.06E-07,-0.034559139,0.061840977,0.005511059,5.92E-06,-0.009912463,0.02278816,0.001406876,-5.81E-07
452,L,1,-0.222288132,-0.075857972,0.141801315,-0.140765872,0.009902489,0.200428082,0.166289045,0.163753381,2.02E-08,0.018135161,0.004212602,0.002800947,-0.01795745,0.005204152,0.005583351,-0.003891202,-0.049934705,0.016752292,0.020455638,-0.01859763,0.023948597,0.062955584,0.040738458,0.040229403,0.010364245,0.427122309,0.0874916,0.070199463,0.002505792,0.171583565,0.042440209,0.031944735,0.00797842,0.426881814,0.07650888,0.05743737,-0.132580038,0.187431112,0.027626337,0.00018029,-0.099448093,0.120747213,0.016182736,2.14E-05,-0.043623395,0.035438875,0.004379722,6.19E-06,-0.014715136,0.018783065,0.002136438,3.58E-06,-0.006125914,0.005685788,0.00139602,-3.96E-06,-0.004476826,0.003686768,0.000988854,-2.42E-08,-0.003805011,0.005095878,0.000852502,2.34E-06,-0.002961807,0.002310173,0.000519893,-9.36E-08,-0.009852838,0.012610327,0.001699901,7.87E-06,-0.004974129,0.005593537,0.000978543,5.85E-07,-0.00726776,0.005303488,0.001249551,-5.22E-06,-0.00362006,0.003299332,0.000739171,-9.03E-07,-0.030469703,0.026526463,0.002639607,-4.70E-05,-0.007298309,0.013693592,0.00077264,-4.05E-06,-0.008163055,0.011109463,0.001402549,-3.54E-05,-0.004299107,0.00554443,0.000417792,-2.76E-06,-0.030781859,0.030778678,0.002863072,-3.12E-05,-0.007355314,0.020207976,0.000871998,-3.05E-06
452,L,2,-0.190598955,-0.075857972,0.132261973,-0.13180779,0.009902489,0.196822745,0.170817962,0.168343983,2.77E-10,0.087717494,0.004910811,0.002293917,-0.01795745,0.007296008,0.005198291,-0.003495276,-0.040872484,0.016752292,0.017971318,-0.016861215,0.023862481,0.053372078,0.037463562,0.037063741,0.010364245,0.427122309,0.071830806,0.053816943,0.003057171,0.122361331,0.038285374,0.030095346,0.003618148,0.426881814,0.060777421,0.038016632,-0.118513522,0.107072386,0.024203273,8.57E-05,-0.063984438,0.080586153,0.014399533,-1.61E-06,-0.036848776,0.041761601,0.00492315,2.26E-06,-0.013589516,0.02229897,0.002318776,3.67E-06,-0.021617457,0.017428078,0.001488858,3.47E-07,-0.012158765,0.007819882,0.000958329,-6.93E-08,-0.003805011,0.005095878,0.000835765,-2.98E-07,-0.002961807,0.002310173,0.000497134,-3.36E-07,-0.006596053,0.011275291,0.001464805,2.12E-06,-0.003806036,0.004418823,0.000852163,-5.32E-07,-0.006860106,0.004958879,0.001118496,-2.21E-06,-0.003129428,0.003213599,0.000678414,-5.11E-07,-0.030469703,0.024082098,0.002171047,1.75E-06,-0.007298309,0.004787733,0.000584876,5.92E-07,-0.008453053,0.011109463,0.001373637,-6.02E-06,-0.002745911,0.00444554,0.00039521,-7.51E-07,-0.030781859,0.024735223,0.002321774,3.95E-06,-0.007355314,0.004162657,0.000634868,6.16E-07
452,M,0,-0.182034114,0.058554483,0.093694131,-0.083524106,0.004547992,0.204635774,0.152205376,0.146808459,1.37E-08,0.118671471,0.016540005,0.005874388,-0.01972156,0.010572177,0.005349153,-0.002492245,-0.047297697,0.01632392,0.025236455,-0.021452565,0.020717533,0.060492665,0.043114454,0.042539738,0.014124855,0.636701249,0.203689479,0.164881485,0.005061589,0.429511922,0.143136469,0.1157923,0.007094337,0.545909071,0.144918443,0.100909131,-0.216730565,0.237383247,0.04126261,-4.56E-05,-0.110480085,0.146343977,0.022024147,-1.33E-05,-0.046536869,0.034168768,0.005203321,3.94E-05,-0.016971045,0.023097228,0.00238071,3.30E-07,-0.022735966,0.031148443,0.002200712,-5.90E-06,-0.011238741,0.014009529,0.001248154,3.23E-06,-0.005652746,0.0062864,0.000955391,2.06E-07,-0.004141638,0.002960035,0.00055913,-6.99E-07,-0.013288682,0.01319444,0.002103667,1.55E-07,-0.005241055,0.007144972,0.001136171,1.41E-06,-0.007122176,0.0067959,0.001337713,-2.35E-06,-0.004545696,0.003705799,0.000792047,1.24E-08,-0.038810475,0.037768738,0.005037759,-6.50E-05,-0.009717553,0.010093993,0.001008038,-1.56E-06,-0.032942486,0.026572922,0.003858699,3.42E-06,-0.007790266,0.010486861,0.000821379,-1.46E-06,-0.028363139,0.041253887,0.004445789,-6.59E-05,-0.007356384,0.018185673,0.001059245,-4.31E-07
452,M,1,-0.172760724,-0.010958242,0.107336899,-0.103147346,0.004547992,0.198149891,0.166934771,0.16400861,0,0.11394161,0.012039826,0.003758544,-0.01847491,0.007065366,0.005527267,-0.003507716,-0.043430771,0.015030799,0.023063385,-0.021101804,0.023123894,0.055436379,0.039921062,0.039271276,0.013375705,0.457911532,0.116830317,0.099321534,0.003695877,0.225052208,0.078639701,0.058004029,0.007094337,0.439261451,0.086400928,0.06589558,-0.175883028,0.228230217,0.031022827,-7.58E-05,-0.110480085,0.07715945,0.017574305,3.77E-06,-0.046536869,0.035718125,0.004387698,1.27E-05,-0.016971045,0.023097228,0.002064261,2.41E-06,-0.022735966,0.016815097,0.001826156,-9.50E-07,-0.011238741,0.010300103,0.001076544,-4.89E-07,-0.005339069,0.003650969,0.00088956,-1.93E-06,-0.002759183,0.002790352,0.000536655,-3.57E-07,-0.012167374,0.011892986,0.00169213,9.72E-07,-0.008016508,0.005819124,0.0009723,7.56E-09,-0.007122176,0.0067959,0.001221161,1.01E-06,-0.003877158,0.003489144,0.000740004,2.53E-07,-0.028749177,0.041527734,0.003324588,-1.76E-05,-0.005139215,0.014214195,0.000806086,8.54E-07,-0.011990749,0.015880344,0.001914694,-2.67E-05,-0.003128619,0.004711719,0.000509366,4.18E-07,-0.031119372,0.042712801,0.003443329,6.28E-06,-0.005735481,0.018185673,0.000930209,5.16E-07
452,M,2,-0.207150972,-0.047045409,0.123079489,-0.122211319,0.011722568,0.202164156,0.164706446,0.159520722,0,0.068828622,0.004763222,0.002452088,-0.01847491,0.005471615,0.006829016,-0.005541969,-0.03970407,0.018283879,0.019222373,-0.016930168,0.023199541,0.057546946,0.037443102,0.036932268,0.011885124,0.537972875,0.134663921,0.100529502,0.003695877,0.23651388,0.06247141,0.044919034,0.006688785,0.516437008,0.119296666,0.079109869,-0.180837531,0.160114554,0.02898831,3.10E-05,-0.12380739,0.102056074,0.016833589,1.80E-06,-0.04374461,0.036218757,0.005169167,-6.07E-06,-0.01682236,0.023948117,0.002373308,3.59E-06,-0.021479494,0.020432914,0.001417447,1.91E-06,-0.01524709,0.009838337,0.000973582,5.34E-09,-0.005339069,0.004191901,0.000859536,-2.79E-06,-0.002759183,0.002790352,0.00051584,-5.49E-07,-0.012167374,0.011892986,0.001751072,-4.64E-06,-0.008016508,0.005819124,0.001015405,-1.86E-08,-0.005672982,0.006361216,0.001265848,5.61E-06,-0.003877158,0.00320575,0.00076774,2.69E-07,-0.028749177,0.047203539,0.004505651,1.63E-05,-0.007654797,0.014214195,0.001020269,9.17E-07,-0.015048564,0.014984546,0.001817444,1.42E-05,-0.002828951,0.004308271,0.000494338,2.94E-08,-0.031119372,0.048057759,0.00454755,1.08E-05,-0.007942039,0.018038609,0.001077239,9.58E-07
453,H,0,-0.119938322,0.165791737,0.040670482,0.006560141,0.007281293,0.21370474,0.151583818,0.141908458,2.23E-06,0.229002713,0.020826048,0.010797453,-0.014376291,0.011692228,0.005866341,-0.001922377,-0.044740532,0.016956529,0.024680622,-0.020581648,0.019649274,0.062209163,0.042923432,0.042187058,0.012510283,0.411489929,0.163572703,0.145461731,0.002479404,0.238323493,0.081440113,0.068023921,0.010640853,0.402003971,0.141857454,0.120551021,-0.258345707,0.249970019,0.046121738,-0.00021104,-0.157125677,0.138357848,0.024989819,-3.51E-05,-0.04456925,0.034699818,0.006857672,3.59E-08,-0.016295219,0.022602842,0.003067523,1.04E-05,-0.030196373,0.042090197,0.003797474,-1.30E-06,-0.016021348,0.014889568,0.001913245,1.68E-06,-0.005264565,0.005296872,0.001070432,-2.18E-06,-0.002823697,0.003058236,0.000609543,-5.09E-07,-0.011524626,0.01389979,0.0022493,6.82E-07,-0.007322215,0.006762899,0.00124606,2.25E-08,-0.007690515,0.008197077,0.001419135,-2.85E-06,-0.004393538,0.003672613,0.000805323,1.54E-06,-0.03613446,0.03646126,0.004966829,7.86E-06,-0.009662439,0.024810891,0.001445717,-1.59E-06,-0.016506689,0.01960219,0.002709265,-1.64E-05,-0.004932221,0.01178192,0.000794728,2.98E-06,-0.035060963,0.038961759,0.00534809,3.02E-05,-0.009790512,0.029108205,0.001650007,-3.63E-06
453,H,1,-0.19441123,0.095192503,0.041299538,-0.014238093,0.006504941,0.210328645,0.157775213,0.151605089,1.60E-06,0.160482446,0.021543988,0.011722486,-0.014376291,0.012247299,0.005857402,-0.00176542,-0.046848102,0.011553648,0.027198861,-0.02440535,0.021772113,0.061122342,0.044551235,0.043943343,0.012510283,0.575139343,0.160019458,0.137405468,0.002479404,0.206507603,0.074876683,0.06105015,0.008055585,0.574973624,0.141420329,0.117355707,-0.286023123,0.249351496,0.043405077,-0.000152548,-0.157125677,0.121205491,0.024640649,-2.04E-05,-0.0441276,0.034699818,0.006784556,6.42E-06,-0.016061495,0.022766938,0.003045442,4.84E-06,-0.040869837,0.04082884,0.004343373,3.96E-05,-0.025843544,0.017415528,0.002192973,4.30E-06,-0.005264565,0.004498888,0.001054534,2.92E-06,-0.002763745,0.002843448,0.000591927,6.91E-08,-0.012551158,0.013993104,0.00228905,3.25E-06,-0.007617982,0.006762899,0.001247158,-3.35E-07,-0.008112504,0.008197077,0.001487758,-1.60E-06,-0.004879545,0.004086188,0.000843194,4.95E-07,-0.038986138,0.042486263,0.005237132,-7.28E-06,-0.009662439,0.022449782,0.001356428,2.34E-08,-0.016461171,0.01960219,0.002182976,-1.76E-06,-0.004932221,0.01178192,0.000684627,-1.11E-06,-0.038959314,0.044995247,0.005389255,-6.33E-06,-0.009790512,0.027555197,0.001467905,3.67E-07
453,H,2,-0.19441123,0.070885544,0.065871305,-0.048888493,0.006504941,0.207262767,0.15650774,0.148665641,9.25E-08,0.253688313,0.031269124,0.01456277,-0.014964741,0.012868823,0.005427925,-0.001956005,-0.050371013,0.014915511,0.023859897,-0.020550756,0.020470315,0.062326294,0.042450841,0.041779856,0.016288749,0.575139343,0.165653894,0.141969505,0.002789517,0.215267255,0.080592082,0.065749279,0.008055585,0.574973624,0.144727775,0.11606797,-0.286023123,0.251730428,0.048654541,-0.000133594,-0.145933552,0.11698746,0.02675974,4.85E-06,-0.04446179,0.036084575,0.007178002,6.80E-06,-0.016907531,0.026648304,0.003127824,-1.20E-09,-0.04873267,0.04082884,0.005168293,-2.36E-06,-0.025843544,0.018688179,0.002438025,8.31E-07,-0.005075822,0.006524644,0.001070827,5.21E-07,-0.003089878,0.002843448,0.000593568,-1.46E-07,-0.012551158,0.015609687,0.002318955,5.64E-06,-0.007617982,0.00731793,0.00127163,-1.12E-06,-0.008112504,0.007718356,0.00148984,-4.08E-07,-0.004879545,0.004086188,0.000845921,9.60E-07,-0.038986138,0.042486263,0.005534104,-1.16E-05,-0.008394998,0.021261267,0.001320389,-8.35E-07,-0.016461171,0.016108951,0.002266106,-1.19E-05,-0.004479289,0.005001479,0.000610674,-4.59E-06,-0.038959314,0.044995247,0.005683798,-7.50E-06,-0.008865298,0.027555197,0.001540114,1.34E-06
453,L,0,-0.224528852,0.072662396,0.07437677,-0.046807534,0.004720398,0.208063081,0.154314929,0.147525253,2.71E-08,0.124180923,0.012932644,0.008344246,-0.01786203,0.010224477,0.005665818,-0.003074932,-0.048254806,0.014394298,0.021376863,-0.018426306,0.020560088,0.062520778,0.039960011,0.039313413,0.012430512,0.499157205,0.132091073,0.103295873,0.003343539,0.201253662,0.06677344,0.055196181,0.007575893,0.49694905,0.113970871,0.075616241,-0.270063408,0.262309701,0.042594027,-0.000299131,-0.154323142,0.115321075,0.023230088,-3.78E-05,-0.051527747,0.042342586,0.00681888,2.56E-05,-0.018828422,0.022214431,0.003075253,-1.89E-06,-0.024054609,0.030137037,0.002666415,-3.17E-06,-0.012865156,0.011697508,0.001562168,2.68E-07,-0.006278069,0.004315057,0.000927211,-4.43E-06,-0.002254289,0.002605221,0.000537265,-3.98E-07,-0.011288148,0.012071758,0.001997426,-2.50E-06,-0.005185942,0.006158538,0.001152675,-2.09E-06,-0.008317394,0.005593009,0.001211018,5.18E-06,-0.004182333,0.003855115,0.000714598,8.15E-07,-0.027342191,0.037045415,0.003578246,-5.74E-06,-0.009020814,0.014837548,0.000888757,-3.17E-07,-0.022350516,0.028660621,0.002035979,-2.07E-05,-0.005785511,0.025504153,0.000783852,7.12E-08,-0.027327464,0.039359843,0.003751577,1.67E-05,-0.008379133,0.01400684,0.000961124,-8.92E-07
453,L,1,-0.224528852,0.071481063,0.090413496,-0.079434607,0.004720398,0.208063081,0.161746809,0.15710666,2.71E-08,0.306346239,0.029866664,0.013289697,-0.01786203,0.012857046,0.00618914,-0.003232702,-0.046241256,0.011873073,0.024172751,-0.021759241,0.020995011,0.062520778,0.04155605,0.040985025,0.012430512,0.382878587,0.12055085,0.10418869,0.004023964,0.216778174,0.061216283,0.050091593,0.004840993,0.36314678,0.103851212,0.080745421,-0.270063408,0.247620639,0.046128331,-0.000155968,-0.144204902,0.126277283,0.02470165,-3.67E-05,-0.042848153,0.037941949,0.007085497,-5.70E-07,-0.014681831,0.024962919,0.003133703,6.29E-06,-0.036016064,0.039410942,0.003977106,-6.30E-08,-0.021569379,0.014765726,0.002034577,2.52E-07,-0.006278069,0.006145534,0.001110203,-1.09E-06,-0.002586821,0.003644998,0.000625427,2.20E-07,-0.010559522,0.012423846,0.001901642,-1.43E-07,-0.005066943,0.006158538,0.001036272,-1.08E-06,-0.009185574,0.006295674,0.001262743,1.99E-07,-0.003740506,0.004091067,0.000733499,1.18E-06,-0.024904678,0.034767017,0.003095283,1.19E-06,-0.009020814,0.018005124,0.000903122,-2.78E-07,-0.016118241,0.020318291,0.001717825,5.81E-06,-0.003495108,0.00496516,0.000490882,-3.99E-07,-0.024007512,0.031575036,0.002956621,-2.75E-06,-0.008379133,0.017354269,0.000910206,1.87E-07
453,L,2,-0.228179326,0.002634124,0.092607464,-0.085717998,0.005760301,0.198219398,0.156779877,0.151165045,6.27E-07,0.306346239,0.028489361,0.01231244,-0.016494392,0.012857046,0.006032809,-0.003306535,-0.046241256,0.012298645,0.027275563,-0.024486043,0.021183919,0.063247615,0.043302371,0.04260772,0.009972975,0.400830355,0.127719209,0.105910371,0.003377841,0.216778174,0.043100429,0.034047909,0.004840993,0.398135929,0.120227074,0.095458931,-0.233861358,0.277052787,0.04788116,-3.55E-05,-0.140199418,0.126277283,0.026175593,-5.17E-05,-0.042996112,0.042149338,0.007179292,-8.16E-06,-0.015248377,0.024962919,0.00324007,8.08E-06,-0.036016064,0.039410942,0.003606763,1.27E-06,-0.021569379,0.014765726,0.001890127,-1.48E-06,-0.004917597,0.006145534,0.001068206,3.60E-06,-0.002586821,0.003644998,0.000610631,1.10E-07,-0.011354181,0.01299444,0.002025505,1.04E-06,-0.005400785,0.005226641,0.001064871,-2.14E-06,-0.009185574,0.007222904,0.001382403,-2.35E-06,-0.00379388,0.004091067,0.000785359,8.00E-07,-0.0260782,0.030150044,0.003735059,-9.26E-06,-0.006989088,0.018005124,0.001018669,-1.90E-07,-0.007023844,0.020318291,0.001590643,-2.51E-06,-0.002882989,0.004630068,0.000443594,-4.87E-07,-0.028550943,0.036821003,0.00392879,-8.91E-06,-0.007741298,0.017354269,0.001139755,7.60E-08
453,M,0,-0.247616744,0.21690245,0.114494822,-0.103066294,0.005482098,0.200794601,0.152621251,0.144659727,3.60E-09,0.170627014,0.019807713,0.008410015,-0.016033585,0.0098378,0.005050897,-0.002975096,-0.04283622,0.01264652,0.022845779,-0.02017603,0.022489581,0.059584399,0.039580269,0.0390869,0.015587202,0.334384567,0.129746341,0.115453563,0.00193268,0.137219702,0.055532019,0.04776604,0.00948422,0.3320678,0.117261707,0.099945593,-0.259539496,0.278088684,0.043829005,4.86E-05,-0.175430952,0.145415111,0.024003206,-2.13E-05,-0.047320539,0.039687646,0.006945156,8.37E-06,-0.016727236,0.028893604,0.003087234,1.85E-06,-0.04330432,0.027509356,0.003230672,2.31E-05,-0.015859252,0.017334734,0.001719484,-4.07E-06,-0.00410855,0.004741002,0.000918229,1.40E-06,-0.002205282,0.002228989,0.000534764,5.06E-07,-0.012341493,0.010993943,0.002056426,-9.11E-07,-0.006132415,0.005836702,0.001123911,-8.78E-08,-0.007694925,0.007590878,0.001369374,2.92E-07,-0.004097447,0.004002562,0.000784972,4.61E-07,-0.035055834,0.033623482,0.00391851,3.28E-05,-0.005899203,0.025932047,0.00123135,5.76E-07,-0.012877408,0.01989309,0.001940456,-1.30E-05,-0.004585675,0.011792139,0.000699291,1.33E-06,-0.040034211,0.040283037,0.004243691,3.84E-05,-0.006389844,0.03250908,0.00141209,1.73E-07
453,M,1,-0.240474142,0.018152567,0.098194349,-0.084035887,0.007699555,0.200794601,0.161934397,0.15707676,4.04E-08,0.170627014,0.023056202,0.010466153,-0.014612605,0.00764109,0.004286516,-0.002259457,-0.045967156,0.01076323,0.024032806,-0.021884441,0.022489581,0.060133924,0.039569907,0.039057728,0.015587202,0.340590778,0.123005086,0.107221793,0.001544275,0.191200331,0.057040485,0.045415338,0.00948422,0.3320678,0.108979972,0.091741779,-0.232936785,0.257775253,0.040849612,0.00028017,-0.17307342,0.126913338,0.023348839,-9.88E-06,-0.047320539,0.039687646,0.006423646,2.13E-06,-0.016727236,0.028893604,0.002915043,3.58E-06,-0.04330432,0.029983014,0.003355089,-1.22E-06,-0.015859252,0.017334734,0.001763228,-1.39E-07,-0.003999857,0.004741002,0.000796542,1.17E-06,-0.002205282,0.002053403,0.000466241,-2.64E-07,-0.010567884,0.011721426,0.001820858,2.48E-06,-0.006969419,0.005218102,0.00104115,-4.35E-07,-0.007213912,0.006653296,0.001227664,-1.76E-06,-0.004097447,0.003317338,0.000732848,2.82E-07,-0.020663686,0.023070193,0.002719322,9.57E-06,-0.004594442,0.007953032,0.000738318,5.72E-08,-0.011114984,0.012951721,0.001742536,-2.86E-06,-0.002474495,0.008225958,0.000503401,6.30E-08,-0.021561632,0.024754597,0.0029676,1.08E-05,-0.004798673,0.014138682,0.000838257,6.31E-09
453,M,2,-0.194198442,0.049356773,0.073024016,-0.059765803,0.00775177,0.196481132,0.156089824,0.149332083,4.04E-08,0.252715982,0.03667137,0.015562317,-0.013536129,0.011016729,0.00394877,-0.001482344,-0.045967156,0.014550362,0.023292452,-0.020080815,0.022517332,0.060133924,0.039568594,0.038940804,0.014143597,0.392091612,0.153743851,0.133304807,0.001544275,0.236593251,0.063994973,0.048595928,0.01008229,0.388027624,0.139792042,0.11808491,-0.232936785,0.257775253,0.044693502,0.00017672,-0.17307342,0.126913338,0.024924678,-1.70E-05,-0.042557846,0.035834498,0.00623165,-6.33E-06,-0.015165226,0.022889337,0.002810646,4.24E-06,-0.029602278,0.048137095,0.003975802,-1.37E-05,-0.025915778,0.015024037,0.001964312,-2.01E-06,-0.005114887,0.00399606,0.000841629,-2.49E-08,-0.0024401,0.003085831,0.000491239,-6.35E-07,-0.010567884,0.012385562,0.00199456,2.22E-06,-0.006969419,0.005199614,0.001135663,-1.88E-08,-0.007213912,0.006105596,0.001257185,-1.27E-06,-0.003533716,0.003955796,0.000752712,-2.10E-07,-0.016697378,0.026628849,0.00354351,-2.17E-05,-0.004397658,0.008140711,0.000907159,-1.19E-06,-0.013603402,0.015451019,0.002212586,1.51E-05,-0.003232961,0.008225958,0.000569471,-8.20E-07,-0.018368089,0.027709216,0.003648603,-2.63E-05,-0.004711665,0.011325658,0.000975525,-1.19E-06
454,H,0,-0.246374646,-0.035194963,0.131045533,-0.128215846,0.01090241,0.204483381,0.151774566,0.146405498,1.07E-08,0.173848773,0.028033404,0.011923942,-0.017931656,0.015086951,0.007877816,-0.004528766,-0.045256269,0.011702544,0.02803599,-0.025557509,0.013900099,0.062091475,0.04529972,0.044232154,0.010888043,0.481097968,0.205247705,0.173650272,0.003542354,0.209089876,0.091840366,0.077946041,0.005829432,0.448395914,0.183553718,0.13890948,-0.288923142,0.30770451,0.039609061,-5.35E-05,-0.162329512,0.115200101,0.023205219,2.91E-06,-0.042263241,0.038962307,0.004727176,1.07E-05,-0.014146065,0.015466689,0.00211363,2.15E-06,-0.03864758,0.046682136,0.004667118,-4.04E-06,-0.018944148,0.022327155,0.00227712,3.13E-06,-0.006276665,0.006259631,0.001117404,8.18E-07,-0.002672723,0.002900413,0.000636066,-8.47E-09,-0.012421405,0.012175941,0.001891121,8.94E-07,-0.005990384,0.007429655,0.001101444,-8.70E-07,-0.01029033,0.011965042,0.001519394,-1.49E-06,-0.005335096,0.004722804,0.00086353,1.15E-06,-0.017329487,0.023767747,0.002823987,-6.55E-05,-0.004371695,0.007651383,0.00083962,8.27E-07,-0.009776525,0.019256343,0.002095557,-4.47E-06,-0.004001397,0.010272384,0.000630537,1.34E-07,-0.022223852,0.022649684,0.003075906,-7.04E-05,-0.004768359,0.006947837,0.000897642,9.15E-07
454,H,1,-0.246374646,-0.051675744,0.137507216,-0.13520073,0.01090241,0.204483381,0.149926259,0.144625949,1.28E-08,0.171342814,0.018073247,0.008474945,-0.020139774,0.012316078,0.007539608,-0.004917836,-0.047239531,0.011702544,0.031519996,-0.029165361,0.012405791,0.062368404,0.046177801,0.045162723,0.010888043,0.37964405,0.123648546,0.105193589,0.003446154,0.209089876,0.079016332,0.063398633,0.005551589,0.359777987,0.095107214,0.070091419,-0.288923142,0.30770451,0.038602796,6.05E-05,-0.162329512,0.152975432,0.022719035,2.06E-05,-0.030050347,0.036169815,0.004664859,-8.02E-06,-0.011560889,0.015317585,0.002125491,1.78E-06,-0.035116196,0.036591882,0.00339479,-8.50E-06,-0.018216226,0.017028358,0.00183073,2.55E-06,-0.005730013,0.006259631,0.001076902,-5.00E-07,-0.002598927,0.00294813,0.000618896,-1.02E-06,-0.01359961,0.013544659,0.002009652,-5.79E-07,-0.007513102,0.007429655,0.001141123,-1.43E-06,-0.009438433,0.011965042,0.001549432,-4.59E-07,-0.005335096,0.00580878,0.000868089,1.42E-06,-0.017239546,0.023767747,0.002769009,2.57E-05,-0.004371695,0.007651383,0.00082824,-8.42E-07,-0.009776525,0.019256343,0.002128996,3.10E-05,-0.003286098,0.010272384,0.000622417,1.87E-07,-0.022223852,0.022649684,0.003062451,1.46E-05,-0.004768359,0.006947837,0.000921101,-1.13E-06
454,H,2,-0.26507556,-0.0478508,0.138186055,-0.135679047,0.006850269,0.199897339,0.150238378,0.145714035,1.28E-08,0.15085871,0.024721976,0.010525017,-0.020139774,0.009819522,0.006801218,-0.005003582,-0.047545737,0.014365365,0.03222355,-0.030198118,0.012405791,0.06278428,0.046508355,0.04557317,0.01124827,0.603038541,0.156781911,0.120047734,0.003446154,0.186208817,0.068497329,0.054163525,0.005551589,0.585149502,0.141027244,0.095815337,-0.281890167,0.227645665,0.036797115,0.000137435,-0.143274142,0.152975432,0.021134737,2.99E-06,-0.028675825,0.040534906,0.00427764,-3.90E-06,-0.012789588,0.014528552,0.00200041,1.66E-06,-0.040234638,0.03562996,0.004437091,-8.17E-07,-0.014668131,0.017880237,0.002122858,-4.79E-08,-0.0045539,0.005490507,0.000993375,-1.00E-07,-0.002600114,0.00294813,0.000586456,-3.74E-07,-0.01359961,0.013544659,0.001953875,2.08E-07,-0.007513102,0.006354829,0.001093598,-3.25E-07,-0.008943644,0.011247924,0.001489443,1.39E-06,-0.004649463,0.00580878,0.000844134,4.65E-07,-0.015716022,0.03602208,0.002840147,1.31E-05,-0.008025211,0.006593288,0.000822066,-1.57E-06,-0.014118483,0.012736682,0.001913663,-1.82E-05,-0.003164853,0.004699315,0.000526916,4.42E-07,-0.018416507,0.037395841,0.003074549,2.20E-05,-0.008286574,0.005195151,0.000889246,-2.16E-06
454,L,0,-0.234621631,-0.011527835,0.123622564,-0.118652409,0.007115999,0.199919232,0.147585205,0.140042049,5.30E-07,0.019551974,0.007814291,0.005777703,-0.020451761,0.016182115,0.007429282,-0.004217163,-0.043552167,0.012648508,0.027120989,-0.024251311,0.010994883,0.061659119,0.044433543,0.043172546,0.021378473,0.5503421,0.168061445,0.134596085,0.002694846,0.188576218,0.061311172,0.051186259,0.006168284,0.53653403,0.156478718,0.114957163,-0.21450036,0.28085017,0.048203329,-5.20E-05,-0.140149565,0.141743889,0.02650584,5.70E-06,-0.028683162,0.042349681,0.005939315,3.11E-07,-0.014429128,0.018136362,0.00268274,8.59E-06,-0.006773144,0.006333942,0.001907488,3.37E-06,-0.0046889,0.004077564,0.00127145,-1.48E-06,-0.007164732,0.006981033,0.001294204,-2.34E-06,-0.003443348,0.00332617,0.00073168,5.60E-07,-0.012708391,0.010031328,0.00200377,-3.46E-06,-0.006112241,0.006005583,0.001145684,-5.58E-07,-0.008936947,0.010818567,0.0016658,-1.19E-07,-0.004958027,0.004747876,0.00093192,1.59E-06,-0.0249247,0.021170361,0.004061444,-3.50E-05,-0.005915419,0.006333638,0.001082322,-6.63E-06,-0.015893243,0.013999893,0.002641095,-2.42E-06,-0.002952959,0.011881552,0.000780661,1.11E-06,-0.02507636,0.020425529,0.004302352,-3.78E-05,-0.005985833,0.005303925,0.001129599,-7.56E-06
454,L,1,-0.212333855,-0.027395964,0.121829327,-0.119357281,0.007290503,0.207683171,0.157799556,0.154022936,5.30E-07,0.18851303,0.023347849,0.010840719,-0.021187599,0.016182115,0.00726974,-0.004518201,-0.045930701,0.00918184,0.029088578,-0.027464922,0.010087967,0.061659119,0.046384691,0.045639721,0.010837949,0.333476411,0.115390748,0.102358624,0.002855511,0.147329821,0.054676807,0.046368996,0.006168284,0.332913704,0.101614327,0.083674497,-0.264807367,0.324045557,0.041070165,-0.000256269,-0.195336124,0.139468445,0.023289559,8.86E-08,-0.028683162,0.042349681,0.004882854,-2.37E-06,-0.014429128,0.018136362,0.002282857,6.46E-06,-0.041486344,0.039997881,0.003811658,1.42E-06,-0.017325912,0.016933257,0.001887462,1.68E-07,-0.007164732,0.006981033,0.001165385,2.23E-06,-0.00320506,0.003046402,0.000650978,-3.85E-07,-0.010168086,0.012277797,0.001812228,-3.95E-06,-0.005977141,0.00587721,0.001048133,-7.46E-07,-0.009246755,0.010620675,0.001498168,7.20E-07,-0.005426902,0.006807102,0.000868805,1.24E-06,-0.0249247,0.021170361,0.003303849,-4.93E-06,-0.005915419,0.0082243,0.000904174,-2.91E-06,-0.010854088,0.012893123,0.002206083,-1.86E-05,-0.002318351,0.00702329,0.000661729,1.30E-06,-0.02507636,0.020425529,0.003490923,1.14E-05,-0.005985833,0.008498068,0.000963941,-3.89E-06
454,L,2,-0.248229379,-0.062271294,0.128684635,-0.126608872,0.017866599,0.209738437,0.166557841,0.164076085,3.13E-06,0.18851303,0.034072377,0.016060053,-0.02161337,0.014498898,0.005608805,-0.003048007,-0.045930701,0.00690497,0.028097419,-0.026822082,0.010087967,0.060573246,0.043967188,0.043376274,0.010837949,0.267163251,0.11047707,0.095148517,0.002160118,0.20501109,0.061031995,0.047383712,0.008964679,0.225668284,0.092088428,0.074069496,-0.264807367,0.324045557,0.034022932,-2.11E-05,-0.195336124,0.139468445,0.019998302,-1.37E-05,-0.024889153,0.033410574,0.003685957,-1.03E-06,-0.011940081,0.016520036,0.001893516,3.64E-06,-0.041486344,0.046700693,0.005014403,-1.26E-06,-0.017325912,0.019951795,0.002318488,-3.19E-07,-0.005349124,0.006528922,0.001056748,5.06E-07,-0.002796799,0.003378183,0.000590269,-6.63E-07,-0.012411182,0.012277797,0.001833777,2.42E-06,-0.007638404,0.00587721,0.001079077,-1.27E-06,-0.009246755,0.010620675,0.001478794,-2.97E-06,-0.005426902,0.006807102,0.000872455,1.20E-06,-0.02282177,0.015110384,0.002367306,9.80E-06,-0.004280681,0.01108891,0.000754882,-6.66E-07,-0.011517461,0.01250462,0.002027835,5.98E-07,-0.002330592,0.003866031,0.000541665,7.18E-07,-0.027201131,0.025054532,0.002788869,1.18E-05,-0.005629627,0.020297673,0.000955903,-1.47E-06
454,M,0,-0.179899771,0.136588269,0.12460393,-0.089217184,0.021080525,0.203566554,0.166747586,0.163466684,1.74E-06,0.178676916,0.023881097,0.012488268,-0.017055702,0.010860493,0.004447696,-0.002512225,-0.042485872,0.010010727,0.023227567,-0.022183282,0.017659368,0.057400198,0.042232059,0.041889085,0.010097965,0.241658637,0.097773467,0.076232128,0.002226742,0.200583423,0.072141797,0.049443495,0.005669842,0.207344982,0.065994029,0.050304593,-0.254345691,0.211451808,0.031726395,-0.000701489,-0.135462773,0.174677991,0.019191026,-2.48E-05,-0.025197547,0.035056436,0.003194589,6.11E-06,-0.010563378,0.014680585,0.001529529,1.63E-06,-0.039854282,0.033924374,0.003575788,1.14E-06,-0.015401439,0.013192617,0.001855665,1.26E-06,-0.004294519,0.005196706,0.000931271,1.91E-06,-0.00241227,0.003422538,0.000558974,8.07E-08,-0.007845978,0.007394686,0.001500923,-4.83E-07,-0.004391945,0.005144706,0.000919757,7.14E-07,-0.005968056,0.005618778,0.001171368,-7.28E-07,-0.003207251,0.002887098,0.000700328,1.31E-07,-0.011172803,0.014593108,0.001782684,-3.95E-05,-0.0063885,0.00628142,0.000659494,-4.43E-07,-0.006194185,0.00601052,0.001183418,-2.41E-05,-0.002091125,0.003027158,0.000428368,-5.28E-07,-0.013382531,0.014967017,0.001895268,-3.35E-05,-0.00671233,0.006889039,0.000757631,-8.52E-08
454,M,1,-0.186299877,-0.077943504,0.134221122,-0.133707557,0.019659536,0.20850603,0.173413547,0.170305083,3.07E-06,0.164897276,0.017832892,0.008728452,-0.016721524,0.016128707,0.004777803,-0.002696212,-0.047569703,0.010010727,0.024141205,-0.022401424,0.014503356,0.0648428,0.041413405,0.040945303,0.010990184,0.176043114,0.057495677,0.049603856,0.001746569,0.113905344,0.041546155,0.032970778,0.006521423,0.161778831,0.039745061,0.031182436,-0.210354495,0.159994756,0.026530846,4.56E-05,-0.107041399,0.103602564,0.015892779,-3.30E-06,-0.028733728,0.037339368,0.003620844,4.17E-06,-0.010774411,0.014050549,0.001653263,3.07E-06,-0.037375412,0.040787011,0.003500884,1.93E-06,-0.017419921,0.018612437,0.001872342,-1.85E-06,-0.006655898,0.005153446,0.000868979,-1.47E-06,-0.004155924,0.003363852,0.000533118,8.01E-08,-0.013218745,0.013977343,0.00178546,-2.85E-06,-0.007121004,0.006852225,0.001051154,-5.50E-07,-0.00990826,0.009019678,0.001294495,1.36E-06,-0.005364341,0.003974232,0.000748043,4.36E-07,-0.010817537,0.014593108,0.001880422,5.41E-06,-0.0063885,0.00628142,0.000663167,-9.48E-08,-0.009181384,0.009565864,0.001540029,9.05E-06,-0.002462945,0.007286788,0.000516081,1.33E-07,-0.013237502,0.014967017,0.001952712,2.17E-06,-0.00671233,0.006139331,0.000735842,-2.31E-07
454,M,2,-0.250885276,-0.086349784,0.144492577,-0.142969697,0.010455023,0.20850603,0.16508385,0.160105263,3.07E-06,0.165772753,0.026917546,0.012615341,-0.016721524,0.016128707,0.005301221,-0.002458988,-0.047569703,0.012811011,0.02676883,-0.024155698,0.014503356,0.0648428,0.043686637,0.042967145,0.011785424,0.226545143,0.085938274,0.076407975,0.001746569,0.149525227,0.058765087,0.049339211,0.007809101,0.223758467,0.062706073,0.050659361,-0.214333351,0.181827788,0.032419321,-9.61E-05,-0.106484075,0.120348127,0.019221715,-8.16E-06,-0.028733728,0.037339368,0.004443693,4.47E-07,-0.01140035,0.015380419,0.001933726,4.88E-06,-0.040258905,0.045526912,0.004537452,1.07E-06,-0.019968124,0.018612437,0.002260911,-2.05E-07,-0.006655898,0.005153446,0.000938154,8.56E-07,-0.004155924,0.003363852,0.000562986,1.05E-07,-0.013218745,0.013977343,0.002163546,-1.30E-06,-0.007121004,0.007449447,0.001238338,-1.89E-07,-0.00990826,0.011534129,0.001492361,1.78E-06,-0.005539388,0.005090342,0.000854627,4.99E-07,-0.013425524,0.0125058,0.002135761,1.50E-05,-0.003829536,0.004186464,0.000689628,-3.41E-07,-0.010979307,0.009565864,0.001804872,-1.46E-06,-0.002462945,0.007286788,0.000522449,7.61E-07,-0.013648126,0.011637392,0.00226139,2.08E-05,-0.005364088,0.005184718,0.000805698,-1.07E-06
455,H,0,-0.118349951,0.083635585,0.054081941,-0.045330866,0.006931334,0.23286898,0.169247503,0.161841643,1.52E-05,0.099980087,0.015614726,0.011962913,-0.020882444,0.008847303,0.005826475,-0.003617677,-0.040045123,0.015122574,0.021676358,-0.018324697,0.027083829,0.061957489,0.043690386,0.043235394,0.00830658,0.372082193,0.142512074,0.112292042,0.002317719,0.284894533,0.099301998,0.075618633,0.004390688,0.339138591,0.102219393,0.070054513,-0.302828527,0.311283072,0.049829316,-4.84E-05,-0.191181021,0.16471665,0.028523128,-4.95E-05,-0.052041567,0.039063418,0.006534215,-5.81E-06,-0.018326168,0.027372796,0.00292546,2.79E-06,-0.015128608,0.0169708,0.002281923,5.41E-06,-0.007708781,0.008548625,0.001448961,-3.23E-06,-0.003478342,0.003323718,0.000873908,1.25E-06,-0.002248619,0.001789686,0.000502454,-1.86E-07,-0.013004342,0.013549246,0.002220664,-4.44E-06,-0.007490612,0.007384847,0.001252594,-2.14E-06,-0.009255372,0.006251846,0.001319069,3.96E-06,-0.003679494,0.004994507,0.000787732,-2.37E-07,-0.01926523,0.024128118,0.002908357,-5.23E-05,-0.005703158,0.007871202,0.000842545,4.59E-07,-0.019030958,0.024369108,0.003108676,-3.78E-05,-0.006088593,0.013550449,0.000984258,-1.32E-06,-0.016130135,0.017700233,0.002692275,-3.75E-05,-0.006282885,0.00876287,0.000875031,1.46E-06
455,H,1,-0.115593051,0.032930142,0.043119628,-0.031567081,0.006931334,0.227751437,0.171607254,0.166473055,1.37E-05,0.250879797,0.031778696,0.017143971,-0.020891067,0.008847303,0.007356851,-0.004774744,-0.039678834,0.013748063,0.02372868,-0.02163453,0.028125384,0.063725508,0.046445087,0.046040899,0.00830658,0.58993562,0.127905159,0.100353968,0.002317719,0.296864289,0.091683847,0.073014388,0.004390688,0.51083133,0.089184089,0.05521023,-0.247557602,0.311283072,0.044753168,0.0001573,-0.179046159,0.16471665,0.026197769,-4.66E-05,-0.052041567,0.039063418,0.005899351,5.14E-06,-0.018326168,0.027372796,0.002781096,4.13E-06,-0.04212013,0.030339339,0.003877636,-1.58E-06,-0.019434465,0.015435541,0.001957088,1.04E-07,-0.004105561,0.004822973,0.000949141,-1.01E-06,-0.00217884,0.002174078,0.000537394,-3.02E-07,-0.013004342,0.012508359,0.002100916,-1.83E-06,-0.007504662,0.006183076,0.001185219,1.37E-06,-0.009255372,0.006598267,0.001314725,-1.90E-06,-0.003542746,0.004994507,0.000773571,-6.17E-07,-0.019036464,0.030736611,0.002916405,-2.55E-05,-0.004748829,0.007871202,0.000728643,7.58E-07,-0.014582198,0.014321197,0.002435323,-3.17E-05,-0.00351449,0.013550449,0.00082782,3.32E-07,-0.019100929,0.030595954,0.003052352,8.05E-06,-0.005141715,0.006542463,0.000814601,5.75E-07
455,H,2,-0.098391297,0.09875719,0.028027832,-0.009373968,0.004932038,0.224733687,0.176095567,0.172840669,5.26E-06,0.250879797,0.042150286,0.023517047,-0.020891067,0.008865108,0.008668089,-0.006438471,-0.039678834,0.011348732,0.023552767,-0.021818837,0.02780375,0.063725508,0.04755749,0.047202361,0.010031886,0.58993562,0.146953077,0.123069213,0.002831882,0.296864289,0.102644941,0.088380001,0.007398957,0.51083133,0.10516284,0.069197899,-0.216532068,0.241796068,0.036727671,1.00E-05,-0.127598813,0.14348002,0.021607892,-9.22E-06,-0.056572929,0.035749628,0.005622643,-5.57E-06,-0.022144217,0.023674772,0.002736857,4.51E-06,-0.04212013,0.035728418,0.005259132,-2.38E-06,-0.019434465,0.015435541,0.002465792,1.29E-06,-0.004105561,0.004822973,0.001017689,7.50E-07,-0.00217884,0.002174078,0.000568664,-2.55E-07,-0.012984759,0.012508359,0.002023099,3.48E-07,-0.007504662,0.006183076,0.001177641,-5.48E-07,-0.007043515,0.006598267,0.001245523,-1.61E-07,-0.003455108,0.00363336,0.000733003,8.24E-08,-0.019036464,0.030736611,0.002857762,1.53E-05,-0.003989408,0.005293913,0.000664049,8.52E-07,-0.019694782,0.015039563,0.002217961,8.34E-06,-0.005289751,0.006201678,0.000591554,-3.85E-07,-0.019100929,0.030595954,0.003005747,1.22E-05,-0.00468999,0.005737913,0.000772402,1.37E-06
455,L,0,-0.134727238,0.0514968,0.05628352,-0.045035867,0.008949995,0.241239028,0.171028144,0.161615203,4.83E-07,0.113685856,0.01343126,0.009072286,-0.019183482,0.007246962,0.006871223,-0.005461838,-0.040407255,0.02577969,0.019047113,-0.015225275,0.026249503,0.063614704,0.044678825,0.044151359,0.01362607,0.432522339,0.174310538,0.149862965,0.002557049,0.431618658,0.123726753,0.091210481,0.006697682,0.289350986,0.122783771,0.10343111,-0.296248856,0.261762257,0.052274867,0.000198093,-0.14902625,0.131794477,0.028454826,-5.49E-05,-0.044886465,0.036902914,0.006470923,3.87E-05,-0.015025999,0.022667512,0.002762123,4.34E-07,-0.028377738,0.020352409,0.002553797,1.21E-06,-0.015570828,0.013770251,0.001616193,-1.56E-08,-0.004251662,0.004127749,0.000914888,2.27E-06,-0.002341751,0.002398215,0.0005409,4.84E-07,-0.015913499,0.015142271,0.002276849,-1.05E-05,-0.009584701,0.007615968,0.001303766,8.21E-07,-0.008442117,0.006398839,0.001316491,3.88E-06,-0.003930893,0.004922055,0.000766693,-4.71E-07,-0.016215298,0.023090176,0.00324326,-6.26E-05,-0.005477249,0.006099395,0.000856996,-7.23E-07,-0.014736386,0.023196846,0.002865365,-4.78E-05,-0.005461442,0.011014763,0.000700973,9.87E-07,-0.019912966,0.021924524,0.003421591,-4.17E-05,-0.004583287,0.010535841,0.000943432,-1.95E-06
455,L,1,-0.128325702,0.041986533,0.045087155,-0.034926237,0.009159725,0.234464941,0.182879146,0.176512455,1.46E-07,0.200448347,0.026972138,0.012279523,-0.018891259,0.005246124,0.008002953,-0.006856423,-0.04322563,0.01337389,0.021087016,-0.018250547,0.025497062,0.065054674,0.047587074,0.047165878,0.01248815,0.418427931,0.124800653,0.107481876,0.002557049,0.383392533,0.083079519,0.063230955,0.006697682,0.293553915,0.093128924,0.07633939,-0.25481815,0.261762257,0.048187183,-2.87E-05,-0.152659322,0.132129253,0.027062171,-2.38E-05,-0.045093309,0.036902914,0.006028473,1.76E-06,-0.016227302,0.022667512,0.00271741,3.98E-06,-0.031550193,0.041947514,0.003668569,-5.35E-06,-0.017528372,0.014510214,0.001926312,-8.52E-07,-0.003547224,0.003513309,0.000870871,-1.71E-06,-0.00195645,0.002115624,0.000514658,7.01E-08,-0.010957821,0.014153459,0.002031718,5.86E-06,-0.008758132,0.006883553,0.001205017,-7.70E-07,-0.009135814,0.006398839,0.001272726,-2.24E-06,-0.004424729,0.005080475,0.000751627,1.14E-06,-0.013901992,0.021027071,0.002901707,2.77E-05,-0.003869779,0.005746647,0.000722024,-5.14E-07,-0.014609451,0.017663005,0.002347107,3.83E-05,-0.002794685,0.009918647,0.000577882,-5.06E-07,-0.01033972,0.019963294,0.002638671,2.98E-06,-0.004158748,0.010535841,0.000792059,5.32E-08
455,L,2,-0.118830973,0.041986533,0.037906818,-0.02805347,0.011195887,0.231646877,0.189575714,0.184910907,6.06E-08,0.217153317,0.037904806,0.01699355,-0.019696816,0.005068922,0.008936624,-0.008060947,-0.04322563,0.010360566,0.019622956,-0.017127761,0.023895798,0.065054674,0.047125569,0.046725967,0.01248815,0.418427931,0.118587784,0.105387464,0.004290071,0.383392533,0.093818752,0.078860086,0.0083408,0.293553915,0.07253347,0.056908825,-0.24696188,0.21918934,0.044728632,-4.31E-05,-0.152659322,0.132129253,0.025758745,-1.56E-05,-0.050478013,0.036432624,0.006185965,6.65E-06,-0.020158564,0.026073611,0.002882806,3.17E-06,-0.038760177,0.042806451,0.004904117,-2.54E-06,-0.017528372,0.017335186,0.002369792,-2.11E-07,-0.003523238,0.003990004,0.000894818,-2.74E-06,-0.002085048,0.001921524,0.000525116,-8.93E-07,-0.011389137,0.014153459,0.001972999,3.24E-06,-0.008758132,0.006883553,0.001148665,-1.48E-06,-0.009135814,0.007020744,0.00125844,-1.09E-06,-0.004424729,0.005080475,0.000736118,5.39E-07,-0.013901992,0.018743973,0.00245832,9.20E-06,-0.00355485,0.00461561,0.000606449,-1.08E-06,-0.014609451,0.017663005,0.002116449,7.40E-06,-0.002794685,0.009918647,0.000544025,-6.91E-08,-0.009172653,0.014224433,0.002194695,5.86E-06,-0.003977748,0.005815017,0.000701629,-8.77E-07
455,M,0,-0.118009411,0.042199717,0.039462003,-0.031941983,0.007566282,0.230567869,0.17287519,0.166594091,7.38E-08,0.247096498,0.039058119,0.018936293,-0.018028961,0.00539404,0.00878336,-0.008062339,-0.044534327,0.014192187,0.025108423,-0.022415503,0.025622823,0.067637489,0.049586313,0.048920786,0.015256891,0.263689328,0.112977609,0.098706677,0.003799524,0.190166622,0.075394034,0.05945295,0.006779647,0.243935732,0.084140833,0.070567287,-0.240434618,0.222444489,0.043616225,5.09E-05,-0.134935341,0.137873393,0.0249618,-1.80E-05,-0.047056086,0.036160627,0.006403496,-9.03E-06,-0.015763747,0.026270338,0.002948418,8.19E-06,-0.054742666,0.040531809,0.00501132,-6.43E-07,-0.021350874,0.016733306,0.002439146,2.46E-06,-0.003435989,0.003510417,0.00085997,1.79E-06,-0.002168477,0.001906832,0.000527692,-2.57E-07,-0.014760314,0.012439322,0.002240795,-6.44E-06,-0.009566684,0.006891263,0.001278903,1.36E-06,-0.008783483,0.008406754,0.001449367,4.72E-06,-0.005237297,0.004096637,0.000854859,-2.47E-07,-0.014876052,0.023940554,0.002678318,-1.83E-05,-0.005628457,0.005560838,0.000784985,3.17E-07,-0.014618407,0.01322069,0.001879606,-2.36E-05,-0.002330761,0.010783552,0.00058209,3.16E-07,-0.018315346,0.020810169,0.003019339,-3.15E-06,-0.005990535,0.0120956,0.00097407,6.13E-07
455,M,1,-0.12001351,0.042199717,0.041530356,-0.030711064,0.007566282,0.23435009,0.175257199,0.167881041,7.38E-08,0.247096498,0.028166988,0.01270062,-0.019668293,0.00539404,0.010101829,-0.009268452,-0.045756954,0.014192187,0.02528828,-0.022406281,0.025925771,0.06785604,0.051306462,0.050687518,0.014937581,0.245100938,0.094444176,0.081132741,0.003672675,0.166539329,0.063273921,0.050785505,0.00791972,0.243935732,0.070115,0.053901582,-0.262428165,0.210463533,0.045061108,-0.000230752,-0.134935341,0.135032495,0.025562941,3.37E-05,-0.046864183,0.03729902,0.006106179,3.20E-06,-0.014680559,0.023784672,0.002702802,6.33E-06,-0.054742666,0.040531809,0.00405482,3.80E-06,-0.021350874,0.016733306,0.002040636,1.11E-06,-0.003435989,0.003960725,0.000882999,-8.26E-07,-0.002093025,0.002546773,0.000537381,-4.34E-07,-0.014078955,0.012439322,0.00217367,1.82E-06,-0.006341414,0.006976002,0.001222977,3.85E-07,-0.008783483,0.008406754,0.001426193,-2.82E-07,-0.005237297,0.004096637,0.000833815,1.22E-07,-0.014876052,0.023940554,0.00268399,-1.07E-05,-0.005628457,0.009043685,0.000780187,-1.71E-06,-0.014618407,0.01322069,0.001995721,2.89E-06,-0.002694531,0.010783552,0.000612624,-7.12E-07,-0.013200331,0.020715005,0.002643895,-1.80E-05,-0.005990535,0.012297039,0.000861527,-1.16E-06
455,M,2,-0.12001351,0.036232376,0.03153113,-0.02158483,0.015084299,0.23435009,0.188567071,0.184310929,5.08E-06,0.302905368,0.022967981,0.009714333,-0.020740636,0.004418385,0.011177791,-0.010420104,-0.045756954,0.012153588,0.023120146,-0.020743595,0.025925771,0.06785604,0.050805136,0.050392851,0.014937581,0.220622315,0.091554755,0.084171764,0.003462511,0.166539329,0.074777407,0.065838029,0.007476356,0.176538019,0.052826249,0.042615129,-0.262428165,0.210463533,0.038561266,-7.63E-05,-0.121341766,0.129467725,0.022501209,2.40E-05,-0.056823893,0.03729902,0.005534843,7.63E-06,-0.020786902,0.028740061,0.00264824,5.07E-06,-0.03127231,0.059179464,0.004045371,-1.83E-06,-0.018315962,0.017796153,0.00194158,1.96E-07,-0.003391153,0.003960725,0.000837654,-2.47E-07,-0.002093025,0.002546773,0.00051012,-3.80E-07,-0.014078955,0.011711582,0.002019867,2.35E-06,-0.00805055,0.007279796,0.001164051,7.26E-07,-0.00861227,0.008635453,0.001253801,-4.75E-06,-0.005559925,0.004133233,0.000750308,-1.63E-07,-0.009837258,0.021187159,0.001980039,7.01E-06,-0.004621857,0.009043685,0.000628949,7.52E-08,-0.00949282,0.012746002,0.001673163,6.19E-06,-0.002694531,0.006058399,0.000479557,-4.55E-07,-0.009735466,0.018598429,0.00189122,3.96E-06,-0.004034716,0.012297039,0.000729779,5.03E-07
456,H,0,,,,,0.000228786,0.217264987,0.134928752,0.125013023,3.70E-07,0.361194967,0.123928053,0.08184716,-0.074405289,0.214598523,0.01167209,-0.002751443,-0.165042835,0.019482459,0.028030285,-0.022812918,0.002254178,0.326209214,0.045909036,0.041903699,0.01388957,8.686686385,0.768869024,0.402561931,0.003858541,2.455114624,0.220269588,0.110906454,0.011187432,8.332522579,0.736641625,0.378304665,,,,,,,,,-0.041946365,0.038390051,0.006541271,6.46E-07,-0.016070866,0.02171566,0.002959381,-6.78E-06,-0.069787092,0.037568737,0.006211364,4.48E-05,-0.025638524,0.028652942,0.002873487,1.39E-06,-0.031417476,0.095917286,0.002422831,-2.42E-05,-0.054276128,0.010458537,0.001530209,-3.16E-05,-0.036392485,0.015969658,0.002554936,-8.71E-06,-0.007129257,0.013057041,0.001404388,5.42E-06,-0.025967399,0.069959651,0.002313475,-4.02E-06,-0.040623042,0.009552883,0.00149332,-2.32E-05,-0.070675861,0.068461794,0.010038725,-9.55E-05,-0.010055283,0.026874522,0.001706795,7.98E-06,-0.021411809,0.028844671,0.004015306,-9.51E-07,-0.005377156,0.01482835,0.000921235,-3.06E-06,-0.071273948,0.065135163,0.009946028,-9.85E-05,-0.010394216,0.034522879,0.001834808,9.01E-06
456,H,1,-0.298561355,0.205296955,0.111152661,-0.097869288,0.000228786,0.198140946,0.14289721,0.135524852,3.70E-07,0.361194967,0.120645683,0.082069176,-0.017826383,0.008484211,0.005811039,-0.003577784,-0.04998369,0.016354567,0.028962055,-0.02590924,0.022282198,0.062270429,0.044416318,0.043689611,0.019997063,0.825501097,0.279649056,0.230375208,0.003083626,0.29764136,0.093543109,0.072541203,0.011478072,0.801394185,0.263539904,0.208778793,-0.367808996,0.299751002,0.052053839,-0.00016827,-0.188188928,0.128179262,0.026617958,2.17E-05,-0.043065279,0.038390051,0.006459979,-3.32E-06,-0.016269484,0.02302318,0.002968472,3.95E-06,-0.069787092,0.037155435,0.005838884,-3.84E-05,-0.025638524,0.028652942,0.002872648,-7.43E-06,-0.00444255,0.005033885,0.001004262,-2.82E-06,-0.002554565,0.002228744,0.000561771,-5.65E-07,-0.012626394,0.012293424,0.002175813,-5.39E-07,-0.007703774,0.005657613,0.001152851,4.57E-07,-0.011592894,0.008321598,0.001605857,2.46E-06,-0.005572848,0.005712923,0.000911254,8.19E-08,-0.033722864,0.035932955,0.006407509,-3.81E-05,-0.006760709,0.026874522,0.001432017,2.54E-06,-0.039590227,0.043061525,0.004167169,-7.68E-06,-0.006904727,0.037461515,0.001289091,2.50E-06,-0.031147632,0.036531426,0.006355169,-3.73E-05,-0.006790363,0.02547575,0.001376269,1.78E-06
456,H,2,-0.394451502,0.000639606,0.119090331,-0.103648271,0.004590974,0.206035882,0.153597602,0.148259698,2.91E-06,0.190238773,0.085442568,0.068915075,-0.015795388,0.006761071,0.006060004,-0.004288248,-0.052139697,0.01466638,0.030907887,-0.028612818,0.019878794,0.062270429,0.046710868,0.04603782,0.015914499,1.131455257,0.306495934,0.254427541,0.003083626,0.512092469,0.12348165,0.085220294,0.012080189,1.028341346,0.280521014,0.231041915,-0.255734135,0.215772621,0.045849706,8.15E-05,-0.132216147,0.119716712,0.024476589,-7.52E-06,-0.045743289,0.040038477,0.006103373,-1.17E-05,-0.016493861,0.02302318,0.002762064,5.63E-06,-0.037564526,0.030586547,0.00487563,-2.22E-05,-0.015090643,0.01605905,0.002377512,-2.42E-07,-0.003948085,0.003723129,0.000920777,-3.52E-06,-0.002202869,0.002128461,0.000522552,-6.49E-07,-0.011655752,0.012357344,0.002007839,3.50E-07,-0.007703774,0.005477716,0.001080687,-6.44E-07,-0.009560899,0.006989654,0.001501509,1.18E-07,-0.00440675,0.004154763,0.000846453,1.35E-06,-0.031022766,0.059965057,0.006508802,0.000108735,-0.0098701,0.012898745,0.001304256,2.92E-06,-0.039590227,0.043061525,0.004180319,0.000106225,-0.006913233,0.037461515,0.001232643,1.03E-06,-0.030055505,0.05115824,0.006533462,4.73E-05,-0.008247703,0.031316914,0.001399078,4.00E-06
456,L,0,-0.221190507,0.030603205,0.097561993,-0.086421743,0.003437997,0.197679349,0.14372222,0.13741676,1.45E-07,0.188849857,0.03467888,0.017625264,-0.016044099,0.009620897,0.005200726,-0.002922357,-0.057222163,0.018182569,0.030428338,-0.027487142,0.012326181,0.065774578,0.044887108,0.044047587,0.010662005,1.704141756,0.312633287,0.208383489,0.003290387,0.732351864,0.138278048,0.083660449,0.007445599,1.553004949,0.280390359,0.17453531,-0.207510055,0.204124716,0.039728045,7.33E-06,-0.125383288,0.099482186,0.021134004,4.86E-06,-0.049832717,0.03609728,0.00632606,5.61E-06,-0.017804159,0.023705399,0.00300748,1.22E-06,-0.032302449,0.037949275,0.004238095,2.72E-06,-0.015223743,0.014958978,0.002119314,-1.66E-06,-0.005412809,0.003910723,0.000949859,2.98E-06,-0.002293669,0.002760163,0.000547748,-5.04E-07,-0.014728559,0.01432459,0.002427438,-7.11E-06,-0.009527237,0.007842014,0.001313733,6.01E-07,-0.010028711,0.011855363,0.00174759,5.25E-06,-0.005113993,0.004738147,0.000978828,2.70E-08,-0.0329981,0.051168987,0.005654615,-6.03E-05,-0.009151557,0.008045551,0.001073348,-2.69E-07,-0.028146089,0.033760437,0.003671974,-1.67E-05,-0.005945629,0.024276001,0.000867817,5.67E-07,-0.036190792,0.046952845,0.005773211,-6.84E-05,-0.011100792,0.014766637,0.001257892,-5.29E-07
456,L,1,-0.232803858,0.003596868,0.097475959,-0.09093285,0.002443092,0.187405235,0.144943644,0.13921171,2.05E-07,0.188849857,0.022307264,0.009316752,-0.016044099,0.00732912,0.005207494,-0.003615313,-0.052655373,0.015128163,0.03122556,-0.028556463,0.022726867,0.0657841,0.046106289,0.045336474,0.012517279,0.424798018,0.145346613,0.132971109,0.002782375,0.183077573,0.063145765,0.050307189,0.008236468,0.419334111,0.13091314,0.114799087,-0.214503381,0.290965415,0.042347983,-0.000120525,-0.139330733,0.114335686,0.022402526,-2.42E-05,-0.048916891,0.03609728,0.006038101,7.81E-06,-0.016564705,0.023705399,0.002870203,2.05E-06,-0.02979533,0.037949275,0.003296022,8.15E-07,-0.014788204,0.014958978,0.001639228,8.49E-07,-0.005412809,0.003780717,0.000865301,-3.91E-06,-0.002293669,0.002256316,0.000515394,-3.90E-07,-0.014728559,0.01432459,0.002151729,7.30E-07,-0.009527237,0.007842014,0.001185906,-9.82E-07,-0.009954499,0.011855363,0.001571198,-5.08E-07,-0.005113993,0.004738147,0.00089137,9.61E-07,-0.018799723,0.027269433,0.00321452,-5.81E-06,-0.004700629,0.017281282,0.000964999,2.20E-06,-0.015009528,0.014423504,0.002102432,1.91E-06,-0.00535355,0.013746671,0.000681582,3.98E-07,-0.019647483,0.02794449,0.003514565,-6.29E-06,-0.005703979,0.022551596,0.001063128,2.17E-06
456,L,2,-0.247696207,0.003596868,0.102995843,-0.096624345,0.002443092,0.18926395,0.152614296,0.147863679,4.61E-14,0.018241894,0.003827804,0.002263456,-0.01429479,0.006421352,0.005125856,-0.00370975,-0.052189971,0.010460833,0.029742403,-0.027777531,0.02008764,0.0657841,0.044384864,0.04374422,0.014678401,0.457266873,0.158592254,0.147891228,0.002782375,0.236812758,0.062154321,0.050067908,0.008941255,0.39141957,0.145905255,0.13588381,-0.257459218,0.290965415,0.042331606,-6.21E-05,-0.172774172,0.114335686,0.023053261,-1.68E-05,-0.046573035,0.035018402,0.005689499,-1.24E-05,-0.017733655,0.020222532,0.002622467,2.27E-06,-0.006474607,0.005747359,0.001328015,1.49E-06,-0.004343573,0.003818231,0.000921791,1.90E-08,-0.0039881,0.004091163,0.000830207,-1.15E-06,-0.002200515,0.002196918,0.000492426,-3.85E-07,-0.012557079,0.01289157,0.001933147,4.56E-06,-0.006935984,0.004763625,0.001072438,-7.80E-07,-0.008502695,0.00830667,0.001375233,-2.69E-06,-0.00341479,0.003690547,0.000791214,2.41E-07,-0.021551276,0.031268521,0.003446458,1.48E-05,-0.004716833,0.017281282,0.000953799,3.20E-07,-0.015009528,0.018032988,0.002199192,7.93E-06,-0.00535355,0.013746671,0.000649707,1.76E-07,-0.019647483,0.02794449,0.003382017,1.27E-05,-0.005703979,0.022551596,0.000999324,3.32E-07
456,M,0,-0.499091045,0.459386561,0.096831733,-0.072405854,0.001208834,0.205665343,0.134954205,0.120232259,2.51E-07,0.850987029,0.146177497,0.049909572,-0.089890912,0.017473109,0.007776513,-0.004592433,-0.087162869,1.101988767,0.044446077,-0.016996645,0.004145509,1.160627061,0.056726297,0.041331145,0.041404662,3.038674881,0.910808882,0.610082898,0.004668632,1.05432154,0.247119384,0.161230906,0.024076803,3.000041582,0.876644072,0.570873,-11.26910433,7.883232611,0.31782796,-0.000112022,-4.379850897,10.02736462,0.239364248,0.001992731,-0.048217718,0.051740045,0.007644659,4.19E-05,-0.022145835,0.022186983,0.003546054,2.39E-06,-0.058169625,0.057890184,0.006076452,-2.08E-05,-0.015467493,0.019804267,0.002360716,6.32E-06,-0.035564945,0.031513922,0.002033576,-5.08E-06,-0.014721071,0.029070029,0.001302176,1.16E-05,-0.138229909,0.223126118,0.007352358,-2.58E-05,-0.168975141,0.04787471,0.004450864,-7.65E-05,-0.149049518,0.230086803,0.007187908,-1.54E-05,-0.17494985,0.083110149,0.004667919,-6.66E-05,-0.050884396,0.052645444,0.008467245,-0.000580685,-0.018380498,0.013369018,0.001780278,1.48E-06,-0.041318822,0.03242945,0.00543869,-0.000105746,-0.007143699,0.015027638,0.001074081,6.60E-06,-0.062068577,0.067082763,0.00881071,-0.000562568,-0.03128038,0.049437416,0.002280671,-6.29E-06
456,M,1,-0.226522443,0.301737858,0.11009017,-0.048042877,0.001208834,0.200635852,0.154440826,0.146677585,1.16E-07,0.195415984,0.030342079,0.013395874,-0.019379302,0.009193972,0.006334058,-0.003969208,-0.046889485,0.014797978,0.025370264,-0.022578493,0.016967192,0.061507572,0.041312768,0.040657629,0.02487917,0.958807033,0.340463776,0.281303431,0.004668632,0.349411492,0.093547279,0.06689098,0.008031243,0.928693904,0.327359877,0.268064837,-0.234909865,0.212447153,0.041924591,7.72E-05,-0.097951663,0.11265431,0.021116568,-1.00E-05,-0.048732776,0.051740045,0.007441656,1.30E-06,-0.021077961,0.023504138,0.003397894,4.53E-06,-0.033736106,0.024131293,0.003702601,-1.70E-05,-0.011559566,0.014352346,0.001817669,-6.33E-07,-0.004802092,0.005601102,0.000990331,-2.64E-06,-0.002370802,0.003628016,0.000556315,-1.19E-06,-0.0133014,0.013186817,0.002126641,2.06E-06,-0.007542128,0.007262717,0.001164034,-1.54E-06,-0.008045493,0.009440047,0.001562889,-6.27E-07,-0.005013113,0.004325628,0.000910927,1.54E-06,-0.042245054,0.052645444,0.006805108,-2.68E-05,-0.011537687,0.009517835,0.001338125,-5.20E-06,-0.03153148,0.03228064,0.003894306,-1.08E-05,-0.007672376,0.025726298,0.001104917,-2.63E-06,-0.046048315,0.048131019,0.006516975,-2.48E-05,-0.010312803,0.008491431,0.001314084,-4.60E-06
456,M,2,-0.264641307,0.301737858,0.118269008,-0.05076772,0.002773819,0.2094644,0.152742843,0.147029675,1.16E-07,0.195415984,0.02617972,0.011146689,-0.017474639,0.008837049,0.006440522,-0.004066318,-0.046889485,0.014797978,0.027778188,-0.025313612,0.016967192,0.062952679,0.043020984,0.04237265,0.017236381,0.958807033,0.306692423,0.231774365,0.004546812,0.305446352,0.086642904,0.0675204,0.008031243,0.928693904,0.294199336,0.212561144,-0.234909865,0.205123578,0.041642742,5.44E-05,-0.113565104,0.135168141,0.021928383,-1.82E-05,-0.049762824,0.040505478,0.007417164,6.78E-06,-0.017463388,0.026372457,0.003342915,5.67E-06,-0.033736106,0.03253249,0.003424996,5.36E-07,-0.012375307,0.013425347,0.001759304,-6.94E-07,-0.004985371,0.0052809,0.000979439,1.96E-06,-0.002523252,0.002631381,0.000551282,-1.13E-06,-0.0133014,0.013186817,0.002141455,1.89E-06,-0.007542128,0.007262717,0.001156097,2.74E-08,-0.008045493,0.009440047,0.001569983,6.66E-07,-0.005013113,0.004921169,0.000881921,7.72E-07,-0.030909458,0.035787295,0.005226984,2.66E-05,-0.007932696,0.011241441,0.001042035,-2.37E-06,-0.03153148,0.03228064,0.003108691,2.57E-05,-0.007672376,0.025726298,0.000953764,-8.23E-07,-0.028002497,0.033223298,0.005289308,1.97E-05,-0.007611434,0.014339948,0.001108138,-2.28E-06
457,H,0,-0.302698212,0.232814192,0.083736067,-0.038720533,0.00808522,0.199339003,0.147580281,0.139016597,2.76E-06,0.268873171,0.083542033,0.055059604,-0.015876963,0.010045142,0.005048055,-0.002226353,-0.038590456,0.027009729,0.019252377,-0.013313506,0.019305255,0.05481919,0.039330976,0.038903801,0.020980964,0.900171265,0.322288466,0.277742501,0.005392084,0.430823143,0.171359416,0.144774564,0.00720608,0.833736806,0.272957516,0.208981844,-0.322268349,0.262782001,0.060888309,-0.000566025,-0.152250902,0.132487383,0.026915502,-4.73E-05,-0.045191388,0.046436207,0.006444376,-1.27E-05,-0.015786692,0.021249746,0.002924479,6.43E-06,-0.0547683,0.050451045,0.006367421,2.24E-05,-0.032471947,0.022300406,0.003020581,1.01E-06,-0.005101144,0.004533794,0.001055844,-4.77E-07,-0.002944385,0.002518619,0.000602281,-1.08E-06,-0.012923051,0.016509679,0.002354238,3.37E-06,-0.007192236,0.007109507,0.00129794,-2.97E-07,-0.007752392,0.009513005,0.001413164,-7.25E-07,-0.00487617,0.005648669,0.000870892,8.51E-07,-0.039805867,0.059578891,0.007304918,-5.31E-05,-0.008323148,0.025831812,0.00171399,-2.81E-06,-0.02185627,0.023318111,0.005081938,1.65E-05,-0.005971955,0.017439809,0.001162946,-1.30E-07,-0.050068619,0.057764899,0.0083382,-6.41E-05,-0.010309259,0.046366227,0.002450462,-2.60E-06
457,H,1,-0.302698212,0.094956408,0.08068288,-0.047890598,0.009777981,0.199339003,0.151407427,0.144924808,2.23E-05,0.2473167,0.076125674,0.054122067,-0.014463225,0.011456708,0.005163207,-0.001960685,-0.038590456,0.027009729,0.020149738,-0.01546656,0.019305255,0.055203518,0.039924536,0.03950791,0.016455611,0.62297706,0.240706584,0.21986501,0.004217099,0.303461847,0.137124826,0.117744805,0.00720608,0.605325826,0.197829325,0.164264111,-0.322268349,0.262782001,0.05409391,1.42E-05,-0.152250902,0.130710323,0.023882462,1.05E-06,-0.039422619,0.046587999,0.005499415,-4.37E-06,-0.017854482,0.018459247,0.002455514,2.33E-06,-0.0547683,0.050451045,0.005472647,-4.25E-05,-0.032471947,0.022300406,0.002748021,-9.83E-08,-0.005101144,0.004518912,0.001028692,2.84E-06,-0.002944385,0.002518619,0.000582777,-3.45E-07,-0.012931552,0.013802974,0.002046926,1.70E-07,-0.005603889,0.008905093,0.001144521,4.80E-07,-0.006209962,0.008940808,0.00121764,-1.17E-06,-0.004490196,0.005609564,0.000755486,5.77E-07,-0.036107868,0.048707292,0.006133751,-2.41E-05,-0.008741582,0.025831812,0.001645571,1.40E-07,-0.02185627,0.023318111,0.004241893,1.35E-05,-0.005971955,0.017439809,0.001107917,-1.34E-06,-0.050068619,0.057015955,0.006800489,-3.30E-05,-0.010309259,0.046366227,0.00215785,1.24E-06
457,H,2,-0.289963558,0.07507695,0.084914188,-0.054762432,0.006193658,0.208805886,0.147204697,0.140228822,2.29E-06,0.223828018,0.060273808,0.039870496,-0.014749287,0.011456708,0.005309376,-0.001895489,-0.040158199,0.025039916,0.019246142,-0.014235274,0.023808782,0.0571803,0.039394551,0.038982838,0.016455611,0.546225887,0.202947258,0.1864297,0.004217099,0.345273734,0.13707333,0.115215447,0.00788714,0.538258372,0.149661257,0.12355478,-0.276561797,0.232230073,0.05279467,0.000224161,-0.166350317,0.160022269,0.025184898,-4.95E-06,-0.04193304,0.046587999,0.005697867,5.59E-06,-0.017854482,0.023073292,0.002538538,3.19E-06,-0.050884757,0.039699074,0.005056792,1.64E-05,-0.020543991,0.019805782,0.00250755,-7.05E-07,-0.003542517,0.004817462,0.000998638,9.83E-07,-0.002972033,0.002589436,0.000569619,-9.55E-07,-0.015016652,0.011269215,0.002125303,-7.66E-06,-0.006471911,0.008905093,0.001189686,2.35E-06,-0.006209962,0.007566926,0.001215135,4.79E-06,-0.004490196,0.004381136,0.000746793,-9.12E-08,-0.036107868,0.048707292,0.006025713,3.78E-05,-0.008741582,0.025220518,0.001619808,1.35E-06,-0.015939522,0.014038396,0.003933423,4.85E-05,-0.003865072,0.011450325,0.000984289,-1.12E-06,-0.0360218,0.050041361,0.006580044,-5.80E-06,-0.010524601,0.036310877,0.002072889,2.54E-06
457,L,0,-0.278885622,0.354668755,0.081483909,-0.037925948,0.008067127,0.199483482,0.145794054,0.137838321,7.63E-06,0.292419617,0.064174958,0.036451784,-0.015470536,0.010937918,0.005070114,-0.002848977,-0.038308182,0.025766887,0.020983254,-0.016386939,0.022083142,0.057167208,0.041243687,0.040832606,0.018004396,0.816787732,0.260007581,0.208081993,0.003687903,0.504379527,0.151603807,0.121068207,0.007391556,0.766420649,0.211235007,0.139605423,-0.348036778,0.291055385,0.054154764,-0.000251146,-0.181669412,0.175683283,0.025287345,-5.59E-06,-0.044238055,0.038820272,0.00554155,6.94E-06,-0.015835725,0.022787408,0.002529295,1.98E-06,-0.050228228,0.038752444,0.005349159,4.53E-06,-0.017192391,0.021412985,0.002489097,-1.39E-06,-0.004224007,0.005237325,0.001063548,7.17E-08,-0.003508412,0.003094376,0.000608033,-9.07E-07,-0.014098175,0.014900965,0.002035351,2.21E-06,-0.008991033,0.006690819,0.00112598,-2.93E-07,-0.007173021,0.007015605,0.001225009,-6.63E-07,-0.004030595,0.00534748,0.000744776,2.16E-06,-0.038157116,0.048707032,0.006794371,4.08E-06,-0.008478986,0.011412893,0.001339754,2.77E-07,-0.028229409,0.029338252,0.005301222,1.69E-06,-0.004765572,0.020250485,0.001208362,5.40E-07,-0.044506591,0.061320846,0.006643574,-1.75E-05,-0.010828827,0.019068255,0.001394704,-6.51E-07
457,L,1,-0.241011142,0.044147041,0.070179996,-0.054591214,0.016102928,0.199483482,0.153181623,0.147532174,8.80E-06,0.226409684,0.054924941,0.030278573,-0.016159822,0.010937918,0.005583807,-0.002556561,-0.035564596,0.025279417,0.021993169,-0.018938457,0.024951998,0.055728837,0.042601431,0.042297789,0.021889375,0.452952668,0.177581187,0.160190071,0.003687903,0.254456821,0.121545331,0.101658944,0.007761592,0.445567374,0.12946741,0.101729615,-0.218136828,0.265112927,0.044628346,0.000181721,-0.143500505,0.169586922,0.022725821,6.31E-06,-0.035657414,0.037581264,0.004466309,4.42E-05,-0.013080782,0.018852094,0.002098472,2.02E-06,-0.038759129,0.038741952,0.004232053,-6.30E-06,-0.017192391,0.017780144,0.002075897,2.77E-07,-0.004218451,0.004267152,0.000962893,2.26E-06,-0.002071772,0.002618185,0.00055363,-4.50E-07,-0.014098175,0.014900965,0.001712493,-1.17E-05,-0.008991033,0.006541943,0.000967588,6.82E-07,-0.007173021,0.008347795,0.001089264,3.41E-06,-0.004177055,0.00534748,0.000673583,5.89E-07,-0.038157116,0.028063476,0.004011503,-9.80E-05,-0.008478986,0.008546019,0.000965772,-3.80E-07,-0.025476822,0.01631498,0.003486778,4.71E-06,-0.004178409,0.014319988,0.000906872,-5.62E-07,-0.034964336,0.029958583,0.00444637,-0.000106539,-0.00783976,0.014728122,0.001105697,1.99E-07
457,L,2,-0.200351198,0.001649613,0.068142344,-0.055364008,0.014003359,0.197697457,0.155630054,0.149784507,1.02E-05,0.166175698,0.030790614,0.016331789,-0.016159822,0.010649375,0.005772445,-0.002372089,-0.034639892,0.027367042,0.022205483,-0.01917124,0.024951998,0.053451982,0.042790274,0.042554058,0.024555506,0.373702277,0.141073335,0.130359082,0.003165982,0.243219762,0.079569352,0.063638921,0.006749767,0.338876728,0.116492077,0.105167021,-0.262027195,0.215224532,0.041160564,-7.22E-05,-0.125279853,0.138645868,0.022721791,-9.15E-06,-0.038207407,0.036715333,0.00449055,-4.75E-07,-0.012356963,0.019869891,0.002060624,3.33E-06,-0.022090595,0.024167528,0.002515399,-2.79E-06,-0.00705144,0.008914467,0.001502176,1.08E-06,-0.003640075,0.003677993,0.000870962,6.83E-07,-0.002057432,0.002066327,0.0005044,-2.80E-07,-0.011199998,0.010594571,0.001539039,-1.99E-06,-0.00562777,0.004503097,0.000906273,4.68E-07,-0.004665427,0.008347795,0.001031475,1.21E-06,-0.004177055,0.003622943,0.000627409,5.87E-07,-0.017821457,0.02307162,0.002851615,-4.56E-05,-0.004776536,0.008534106,0.000828852,-1.12E-07,-0.012448484,0.01631498,0.002328881,-5.91E-05,-0.002223459,0.007861535,0.000562674,-2.27E-07,-0.023640009,0.023937757,0.003329359,1.01E-05,-0.004697025,0.017540993,0.001119457,-3.10E-08
457,M,0,-0.25516372,0.223534021,0.078012443,-0.041180912,0.00160694,0.199404823,0.146842689,0.138616629,6.39E-06,0.33061708,0.083207617,0.044317575,-0.014297572,0.010005312,0.004611108,-0.002165923,-0.038216223,0.028745533,0.019400856,-0.014246749,0.020552844,0.055245053,0.040174942,0.039682148,0.0162284,0.776131781,0.285514311,0.234680869,0.003016069,0.553361617,0.153665971,0.118129031,0.008850622,0.717483764,0.240634974,0.174816003,-0.271696126,0.238429937,0.053500824,-0.00037394,-0.139047766,0.115392985,0.024968615,2.00E-05,-0.043117872,0.033690664,0.00579661,8.94E-06,-0.016864192,0.024567245,0.002626607,2.68E-06,-0.049836794,0.041253134,0.005607695,2.96E-06,-0.021579731,0.017150934,0.002647019,2.53E-06,-0.004556218,0.003386177,0.000945313,-1.14E-06,-0.002275578,0.00242461,0.000543339,7.02E-07,-0.013584135,0.012872105,0.002164657,-1.70E-06,-0.009393666,0.00749473,0.001198874,1.86E-06,-0.00676458,0.006583349,0.001292659,2.71E-06,-0.004285517,0.003553138,0.000768449,-5.76E-07,-0.030007976,0.03622454,0.005553088,-7.84E-05,-0.00678447,0.010542456,0.001145155,1.42E-07,-0.02307479,0.027770621,0.004824456,2.67E-05,-0.004920125,0.013723953,0.001140412,-2.73E-06,-0.030132725,0.063124736,0.006128628,-0.000102913,-0.007970411,0.028941512,0.001580068,1.30E-06
457,M,1,-0.240475128,0.073060119,0.075273292,-0.057240683,0.008685546,0.199404823,0.153969745,0.148144914,1.29E-05,0.244023661,0.08257441,0.047654023,-0.017472583,0.010005312,0.005218723,-0.00247274,-0.038216223,0.027431228,0.020788371,-0.017230723,0.021844253,0.056551404,0.041599347,0.041171055,0.024138497,0.391513441,0.179880144,0.163760589,0.003768386,0.372968881,0.131263671,0.102385097,0.006756866,0.349795574,0.12299071,0.107241021,-0.271696126,0.251256768,0.046398445,0.000136524,-0.131872941,0.132806939,0.023391275,-6.93E-06,-0.04529413,0.039623001,0.005229393,-1.21E-05,-0.01503432,0.024567245,0.002346214,2.78E-06,-0.049836794,0.033108095,0.004429101,2.63E-06,-0.017857557,0.015675178,0.002146683,-5.58E-07,-0.003914154,0.003632584,0.000900295,9.39E-07,-0.001766594,0.001891942,0.00050629,-1.04E-07,-0.013584135,0.012872105,0.001884101,1.18E-06,-0.009393666,0.00665296,0.001084542,-6.91E-07,-0.006012302,0.006583349,0.001183206,-3.22E-06,-0.003507583,0.004135533,0.000697521,2.29E-07,-0.027584277,0.032195383,0.003931038,-1.51E-05,-0.007127348,0.014102952,0.001010548,-4.62E-08,-0.015488898,0.013310553,0.003180848,-3.13E-07,-0.002585264,0.008543018,0.000691746,-5.40E-07,-0.034027894,0.039757502,0.004358617,-2.25E-05,-0.009616396,0.035379903,0.001531648,4.16E-07
457,M,2,-0.24864124,0.029627497,0.081071341,-0.062111716,0.008685546,0.203615782,0.153258963,0.147482003,1.27E-05,0.22954642,0.085993364,0.053290236,-0.017472583,0.008872295,0.00590924,-0.00373068,-0.04148785,0.022860646,0.020429079,-0.016999272,0.021844253,0.056551404,0.041406895,0.040969465,0.009905057,0.4670282,0.17861188,0.164386204,0.003768386,0.313827591,0.118581851,0.098765296,0.006505201,0.374796042,0.133568515,0.116706505,-0.279000151,0.251256768,0.048099273,-0.000127836,-0.131872941,0.132806939,0.023047891,-7.29E-06,-0.04529413,0.039623001,0.005157881,-1.39E-05,-0.01503432,0.019592939,0.002278533,4.77E-06,-0.055621457,0.042094791,0.004886587,2.57E-05,-0.017945968,0.026643509,0.002338812,3.85E-06,-0.004222224,0.003656988,0.000961678,-1.69E-06,-0.001988984,0.001996858,0.000540489,-3.19E-07,-0.013233037,0.010902645,0.001890925,1.75E-06,-0.006469079,0.00593449,0.001031419,-1.79E-07,-0.005090764,0.007661714,0.001172805,-3.79E-06,-0.003802203,0.004228722,0.000689086,9.62E-07,-0.027584277,0.032195383,0.004042213,-1.81E-05,-0.007127348,0.014102952,0.001033508,6.18E-07,-0.015909172,0.017489766,0.003557437,-2.91E-05,-0.002629577,0.009397167,0.000737644,1.03E-06,-0.034027894,0.049856354,0.004685124,2.09E-06,-0.009673722,0.038649203,0.001664464,3.93E-07
458,H,0,-0.220454785,0.256322894,0.09990406,-0.044787276,0.001373887,0.212041538,0.165455294,0.155613217,1.63E-06,0.257596372,0.045704981,0.01945489,-0.017667008,0.011689793,0.005221858,-0.002388992,-0.037288566,0.018795699,0.019556061,-0.016596494,0.014992902,0.06004377,0.041663458,0.040886904,0.019423764,1.764659775,0.423818845,0.2642813,0.004851414,1.668204603,0.368124791,0.185627383,0.005288684,0.620122404,0.210015598,0.155255822,-0.420601871,0.261173021,0.04743409,-0.000107736,-0.187142894,0.146074505,0.0233885,-2.85E-05,-0.053967999,0.045072904,0.005816069,1.25E-05,-0.0204789,0.023202165,0.002587891,4.67E-06,-0.036362081,0.053959911,0.003807376,-1.19E-06,-0.018652943,0.023604359,0.00188208,1.95E-06,-0.005272144,0.00548135,0.001034187,7.80E-07,-0.003414195,0.003293299,0.000616276,-1.84E-07,-0.014364426,0.013263136,0.001834977,-4.03E-06,-0.006139273,0.007511382,0.001049369,1.31E-06,-0.007454765,0.012628784,0.001366346,3.68E-06,-0.005759862,0.006229959,0.000790415,1.20E-06,-0.063048383,0.06907177,0.008231293,4.56E-06,-0.01532599,0.027811371,0.001812058,-3.49E-06,-0.071401388,0.046175798,0.006205088,-8.35E-06,-0.011850191,0.041100935,0.001470537,-5.87E-06,-0.034641275,0.065375221,0.007386886,1.57E-05,-0.014814445,0.034243631,0.002061385,1.10E-06
458,H,1,-0.209010517,0.186175185,0.07824844,-0.064094259,0.001373887,0.211891256,0.17755219,0.172852696,3.52E-06,0.257596372,0.07717851,0.043798143,-0.017667008,0.010713934,0.004877948,-0.002359684,-0.040463246,0.019249018,0.020664688,-0.018755126,0.018503381,0.060937416,0.043411994,0.042894279,0.018260412,0.624938955,0.196287763,0.166813303,0.004683997,0.317251201,0.094915562,0.07979531,0.005288684,0.620122404,0.171813626,0.13579425,-0.274636706,0.23023349,0.036383531,-8.12E-05,-0.111670856,0.144258625,0.017885362,-1.70E-05,-0.048057743,0.042863066,0.005285087,-1.42E-06,-0.017416595,0.023202165,0.002367771,4.79E-06,-0.036362081,0.053959911,0.005040887,9.05E-07,-0.018652943,0.023604359,0.002302333,-1.55E-07,-0.004732503,0.004161441,0.000892196,1.36E-06,-0.002607114,0.002537181,0.000529286,-1.56E-07,-0.014364426,0.013263136,0.001645416,3.03E-07,-0.006139273,0.007511382,0.000946305,-5.93E-07,-0.007725118,0.012628784,0.001203146,-1.32E-06,-0.005759862,0.006229959,0.000693541,1.01E-06,-0.045989622,0.06907177,0.006232675,4.00E-05,-0.01532599,0.019714144,0.001453903,9.08E-07,-0.025615208,0.028160054,0.003606849,2.07E-06,-0.007007092,0.017385758,0.000948333,2.21E-07,-0.038455911,0.065375221,0.006035584,4.32E-05,-0.014814445,0.034243631,0.001652215,1.37E-06
458,H,2,-0.220994537,0.186175185,0.078631321,-0.054544828,0.004053471,0.211891256,0.176457507,0.170772077,3.51E-06,0.233857445,0.070043767,0.037927705,-0.022478376,0.01241171,0.005272412,-0.003135418,-0.040463246,0.019249018,0.019386772,-0.017158294,0.015108896,0.060937416,0.042742084,0.042133784,0.01237966,0.7592336,0.190123333,0.163002805,0.004351744,0.50090954,0.103233267,0.08049122,0.005459718,0.577780261,0.159655173,0.13014911,-0.308114579,0.2601114,0.040368256,-0.000194243,-0.150928464,0.10342017,0.018931634,-1.28E-05,-0.050211568,0.044647437,0.005729872,2.01E-06,-0.017941546,0.019835971,0.002419991,6.37E-06,-0.030334825,0.030377426,0.004072445,-3.51E-06,-0.013895679,0.01175852,0.001907334,-1.30E-06,-0.008826138,0.007595596,0.000981634,-1.78E-06,-0.00528247,0.00643045,0.000584367,-2.53E-07,-0.011993974,0.010297082,0.001734654,1.76E-06,-0.006979163,0.006885342,0.000999566,9.80E-07,-0.007725118,0.009254304,0.001233338,-2.65E-06,-0.004330495,0.004100228,0.000705083,6.76E-07,-0.045989622,0.073833038,0.006638172,3.74E-05,-0.014748211,0.032864771,0.0017585,2.46E-07,-0.026114053,0.032389577,0.004162393,-1.65E-06,-0.007007092,0.017385758,0.001148837,5.92E-07,-0.038455911,0.077430447,0.006450919,3.94E-05,-0.016519146,0.035936771,0.001917656,2.83E-07
458,L,0,-0.318762696,0.059784574,0.08158935,-0.064741826,0.001803698,0.213516499,0.169987725,0.162461551,4.44E-06,0.211155324,0.031374126,0.013784364,-0.012749745,0.01131552,0.004692759,-0.001311628,-0.037329437,0.019908434,0.021600715,-0.018728908,0.018191323,0.061286077,0.043016384,0.042339132,0.012463874,0.849050537,0.242476328,0.189580798,0.003659669,0.336580629,0.089658611,0.067957705,0.007546919,0.842797652,0.225291151,0.166544568,-0.391052595,0.258994764,0.046523189,-0.000265671,-0.174988825,0.128890829,0.02234361,-8.53E-06,-0.053003445,0.045352613,0.006575747,3.16E-06,-0.017804083,0.022818094,0.002842539,4.09E-06,-0.016312635,0.030962016,0.002569016,-1.29E-06,-0.009945765,0.01079807,0.001497928,-1.22E-07,-0.004127754,0.004685968,0.000951681,6.43E-07,-0.002819129,0.003053818,0.000567215,-7.22E-07,-0.012802623,0.013083771,0.001953745,-4.48E-06,-0.005909514,0.006688551,0.001054131,8.35E-08,-0.008866397,0.007460626,0.001326971,8.07E-06,-0.004366594,0.004202082,0.000741726,6.27E-07,-0.045303133,0.071820659,0.008316008,-2.15E-05,-0.017658841,0.037689732,0.001951512,-5.89E-07,-0.032993809,0.028446762,0.00412981,4.75E-06,-0.005606289,0.019199811,0.001138294,-1.36E-06,-0.039833449,0.067620671,0.007951896,-1.97E-05,-0.016758983,0.033677569,0.001930969,-2.11E-07
458,L,1,-0.212361113,0.071604356,0.081525446,-0.070580234,0.001803698,0.213516499,0.180336183,0.17556028,7.67E-06,0.211155324,0.031267921,0.013495145,-0.015174685,0.01131552,0.004898891,-0.002112918,-0.036357369,0.020183577,0.021710964,-0.019781719,0.021904241,0.061286077,0.044968663,0.044435945,0.010620968,0.568324508,0.172302305,0.1417868,0.00309905,0.328296579,0.092981058,0.066209993,0.008987449,0.539927833,0.145060702,0.112536364,-0.386635806,0.182376879,0.03733349,-8.10E-05,-0.155062722,0.128890829,0.019193555,2.65E-05,-0.04790198,0.045352613,0.006153473,-5.20E-06,-0.016369195,0.022818094,0.002675042,5.73E-06,-0.016312635,0.030962016,0.00248216,-3.36E-07,-0.009945765,0.01079807,0.001447813,1.41E-06,-0.004127754,0.004582871,0.000887462,-1.27E-06,-0.00310922,0.002508297,0.000519464,-5.90E-07,-0.012802623,0.011386495,0.001708989,2.38E-06,-0.00614508,0.005386355,0.000928357,-4.74E-07,-0.007130227,0.007960098,0.001264024,-1.98E-06,-0.003054427,0.003647666,0.000692133,1.57E-06,-0.037536188,0.056038732,0.005911993,3.15E-05,-0.010478525,0.026342056,0.001448605,-3.47E-06,-0.024200818,0.028874939,0.003598071,-3.40E-06,-0.006348257,0.018231348,0.001027131,-2.47E-06,-0.033899323,0.053767539,0.005702051,3.72E-05,-0.009636972,0.027752391,0.001520888,-3.08E-06
458,L,2,-0.225099716,0.071604356,0.083638211,-0.074456382,0.013575432,0.209648578,0.18018311,0.175449292,2.42E-06,0.193767596,0.020185997,0.009352701,-0.01562902,0.011919172,0.004862731,-0.002302981,-0.036357369,0.020183577,0.020373639,-0.018644666,0.019614882,0.059887615,0.044121014,0.043640606,0.010620968,0.542409709,0.16479249,0.137209011,0.002401242,0.328296579,0.088973954,0.063390239,0.00604174,0.502831001,0.138709049,0.108903166,-0.243312351,0.185135395,0.035816389,0.00015417,-0.090625314,0.09865709,0.017915976,5.45E-06,-0.04790198,0.042551093,0.006279745,1.38E-06,-0.017839663,0.021804646,0.002618052,6.54E-06,-0.033979706,0.0518349,0.003398996,1.02E-06,-0.020902627,0.024833443,0.001883037,3.44E-07,-0.003755097,0.004415584,0.00089056,3.95E-09,-0.00310922,0.002411459,0.000531766,-3.08E-07,-0.012559569,0.012333276,0.001743941,4.37E-06,-0.008265949,0.006008931,0.000981856,-5.93E-07,-0.007130227,0.009917761,0.001240024,-5.38E-06,-0.004393093,0.003796976,0.000687221,1.42E-06,-0.042111882,0.059750593,0.006071366,-1.22E-05,-0.011810853,0.026342056,0.001651188,-1.56E-06,-0.027501355,0.028874939,0.003984957,2.61E-06,-0.006776467,0.01871392,0.00120953,-5.96E-07,-0.034116316,0.055182884,0.005673365,-1.33E-05,-0.010142174,0.027752391,0.001618988,-1.51E-06
458,M,0,-0.186977527,0.089737406,0.062774046,-0.044018052,0.002202547,0.218234347,0.173460259,0.165114795,3.96E-06,0.227025266,0.042082241,0.020885417,-0.016907483,0.011885885,0.005608351,-0.003007225,-0.039162403,0.025158811,0.022094381,-0.018386483,0.019060337,0.060906451,0.044129372,0.043314871,0.014488629,0.662899143,0.258819191,0.196394359,0.004633095,0.312062963,0.096939498,0.076096778,0.009444566,0.662559559,0.239979389,0.167593175,-0.224953599,0.190026308,0.040352906,-0.000273931,-0.125239828,0.123117796,0.021754118,-1.72E-05,-0.056715613,0.043758894,0.007181556,-6.61E-06,-0.01984719,0.029609221,0.003089901,9.58E-06,-0.035469761,0.026593523,0.003765813,-1.01E-06,-0.013432995,0.014943151,0.001890197,2.89E-07,-0.003901192,0.006223111,0.001000418,-1.34E-06,-0.002313783,0.002616004,0.000582492,-5.62E-07,-0.011226386,0.011728283,0.002220531,-1.22E-06,-0.007398618,0.006035881,0.001256982,-6.19E-07,-0.007540703,0.00839881,0.001448659,5.12E-06,-0.003976055,0.00580623,0.000835365,1.06E-06,-0.048003162,0.058160632,0.006620666,-0.00011172,-0.015025444,0.023063396,0.001837859,-2.53E-06,-0.021520662,0.024334788,0.003641405,1.21E-05,-0.006708695,0.017803231,0.001102206,1.33E-07,-0.046697998,0.056313265,0.00682537,-0.000125378,-0.014774853,0.037987923,0.002121955,-2.37E-06
458,M,1,-0.197115698,0.06103734,0.080393043,-0.070435202,0.007226397,0.213486788,0.180535617,0.174336029,7.56E-06,0.227025266,0.039728759,0.018952644,-0.017624821,0.011885885,0.006593436,-0.004573109,-0.039162403,0.020621529,0.022118317,-0.019531753,0.01773616,0.061133433,0.045553967,0.044855204,0.011004053,0.500807832,0.155074106,0.11865036,0.003499518,0.312062963,0.082678324,0.065063762,0.006560456,0.475600859,0.131195553,0.089206038,-0.286043686,0.215308373,0.039013669,-0.000111042,-0.112586704,0.122119651,0.020479232,-2.06E-05,-0.048282341,0.044272194,0.006271372,3.07E-06,-0.018201207,0.029609221,0.002714619,6.59E-06,-0.035469761,0.023067175,0.003144192,-3.97E-07,-0.013432995,0.013802935,0.001694935,3.42E-07,-0.004434615,0.006223111,0.001023823,-1.68E-06,-0.002534928,0.002817681,0.000585153,-1.37E-07,-0.011226386,0.011728283,0.001858788,-1.10E-06,-0.005235669,0.005011713,0.001030782,-5.60E-07,-0.007297997,0.00839881,0.001406131,3.65E-06,-0.00367509,0.00580623,0.000766044,1.19E-06,-0.051050936,0.051510708,0.006309891,-2.75E-05,-0.013787486,0.032293141,0.001759127,-9.29E-07,-0.021011281,0.023776322,0.003387469,-2.29E-05,-0.005804292,0.017803231,0.001094717,-3.95E-08,-0.047845454,0.049628346,0.00628614,-1.89E-05,-0.013777177,0.040775351,0.001818059,-1.03E-06
458,M,2,-0.206124263,0.009327551,0.091866241,-0.087981986,0.014138122,0.213486788,0.1827939,0.177812895,2.78E-07,0.095765541,0.010762808,0.00763191,-0.018236352,0.009640607,0.007531439,-0.005606245,-0.03619734,0.021260487,0.020810528,-0.018965374,0.01773616,0.061133433,0.045754396,0.045181792,0.010859177,0.500807832,0.127241258,0.088048653,0.003499518,0.174513524,0.056031328,0.043488229,0.005226697,0.489047256,0.114240221,0.069822867,-0.286043686,0.22028537,0.035032671,-7.03E-05,-0.112586704,0.122119651,0.018251404,-1.20E-06,-0.046042937,0.044272194,0.006160391,5.87E-06,-0.015342266,0.019021656,0.002510382,4.49E-06,-0.021050667,0.013623346,0.002307417,-3.95E-06,-0.008174997,0.007497583,0.001416578,1.54E-07,-0.00497353,0.005349697,0.000984733,-1.20E-06,-0.002534928,0.003106752,0.00055846,3.39E-07,-0.00985362,0.011171321,0.001679641,-2.17E-06,-0.004944381,0.005173957,0.000934602,-1.59E-08,-0.008793592,0.008111012,0.001352583,5.62E-07,-0.00333509,0.00371718,0.000729519,1.41E-06,-0.051050936,0.051510708,0.005901167,6.69E-06,-0.011878488,0.032293141,0.001508233,-1.26E-06,-0.021011281,0.021776793,0.003073375,-1.13E-05,-0.005804292,0.014209179,0.000986609,-6.06E-07,-0.047845454,0.049628346,0.00578397,1.97E-05,-0.012093018,0.040775351,0.001554408,-1.51E-06
459,H,0,-0.194157904,0.182299538,0.079696155,-0.061029341,0.012153007,0.230799805,0.172097215,0.164978239,8.89E-06,0.176331413,0.030981727,0.01946656,-0.018547121,0.012296582,0.007268228,-0.004592483,-0.041178068,0.044240022,0.022365318,-0.019309519,0.025960961,0.06935213,0.048823534,0.04820927,0.016210144,1.263472396,0.291406741,0.18543488,0.00215023,0.489963169,0.139789161,0.090860134,0.011000803,1.175233318,0.255689029,0.141552193,-1.151211142,0.891098618,0.076371735,0.000172308,-0.517374098,0.722410495,0.043689281,-4.86E-05,-0.034259451,0.038130436,0.004384466,3.60E-05,-0.011589161,0.01646541,0.00194329,9.11E-07,-0.030741937,0.032028618,0.003698154,-2.30E-06,-0.021217284,0.013912281,0.001982085,2.62E-06,-0.006420302,0.005775257,0.001211974,-1.60E-06,-0.003611754,0.003992228,0.000690239,-2.20E-07,-0.01174857,0.011334123,0.002043365,-4.27E-06,-0.006809672,0.006451081,0.001158116,3.08E-07,-0.010482267,0.011775955,0.001488214,5.27E-06,-0.007318888,0.005352368,0.000894764,1.81E-06,-0.065279309,0.05991884,0.007001407,-4.98E-05,-0.01571155,0.029931898,0.001839513,-7.35E-06,-0.01960151,0.049013534,0.003709927,-5.54E-05,-0.009919466,0.017734747,0.001017579,-4.43E-06,-0.071533521,0.060590551,0.007595992,-1.72E-05,-0.016990278,0.041208885,0.002184588,-5.73E-06
459,H,1,-0.179117287,0.00011309,0.09681273,-0.092120243,0.020463714,0.230799805,0.186703117,0.183444381,2.57E-06,0.171776318,0.032322464,0.018726735,-0.017585855,0.010211598,0.006992996,-0.004215633,-0.042873402,0.019287158,0.024813484,-0.023373074,0.029435687,0.068544154,0.051266359,0.050789398,0.019751009,0.454182386,0.137336357,0.11420511,0.00215023,0.209601519,0.074356749,0.05861585,0.010172849,0.450596499,0.115465791,0.086170531,-0.369197871,0.438521683,0.052415097,-0.000151789,-0.251318543,0.151749447,0.029029449,1.56E-05,-0.028093111,0.043378951,0.004057836,1.35E-06,-0.016152841,0.019778593,0.001836201,2.55E-06,-0.034318041,0.042823925,0.005336641,-3.84E-06,-0.025118501,0.020089977,0.002693836,-8.01E-10,-0.006420302,0.005985811,0.001092241,4.96E-07,-0.003467704,0.003992228,0.000607353,-9.17E-07,-0.011708225,0.011334123,0.00175534,-4.50E-06,-0.005895824,0.006377747,0.000994785,6.26E-07,-0.006065225,0.00674323,0.001377054,6.68E-06,-0.003963585,0.003146055,0.000799108,3.45E-07,-0.028596983,0.046059084,0.004678988,-1.77E-05,-0.008414439,0.021013845,0.001259499,-3.51E-06,-0.018184215,0.016305234,0.002317182,-3.26E-07,-0.00417926,0.006290196,0.000661038,-3.32E-06,-0.035515585,0.045839732,0.005128085,-1.93E-05,-0.008810748,0.027077729,0.001491359,-3.17E-06
459,H,2,-0.191445451,0.003262619,0.101095427,-0.096710651,0.020463714,0.230373163,0.188111762,0.184549432,2.57E-06,0.214628779,0.033970368,0.016957143,-0.016541713,0.010211598,0.006549401,-0.003837481,-0.042873402,0.01845584,0.025259997,-0.023698133,0.029435687,0.068269561,0.050896343,0.050447944,0.020792621,0.38965112,0.139084582,0.12102804,0.00179485,0.190442092,0.080669908,0.064870624,0.010172849,0.381417835,0.113299986,0.091319793,-0.369197871,0.438576297,0.051773952,-3.52E-05,-0.251318543,0.215656023,0.02831113,-4.59E-06,-0.024939839,0.043378951,0.00422984,9.76E-06,-0.016152841,0.019778593,0.001898159,2.98E-06,-0.036190526,0.042823925,0.005847623,2.92E-06,-0.025118501,0.020089977,0.002898125,-3.09E-08,-0.004813071,0.005985811,0.001019197,-4.44E-07,-0.002636266,0.002849834,0.000568442,-3.61E-07,-0.009384639,0.00983653,0.001743904,-4.16E-06,-0.005304849,0.005259999,0.001015656,4.05E-07,-0.006065225,0.00674323,0.001351586,2.51E-06,-0.003963585,0.003680868,0.000800644,-9.20E-08,-0.028596983,0.038320522,0.004559524,4.19E-06,-0.008414439,0.012583758,0.001226941,-2.65E-06,-0.018184215,0.016305234,0.002212883,-1.85E-05,-0.00417926,0.010324099,0.000657331,-1.16E-06,-0.030021471,0.04069596,0.004988563,1.79E-05,-0.00987014,0.027011692,0.00149778,-1.72E-06
459,L,0,-0.330895411,0.245850343,0.113713759,-0.089548237,0.019553837,0.213797421,0.1744721,0.17001283,8.04E-08,0.121180527,0.012597994,0.007951297,-0.025374182,0.013408361,0.00751186,-0.004024979,-0.04364054,0.022922917,0.024572635,-0.022007101,0.022439559,0.06959237,0.049201001,0.048622701,0.015691268,1.525595539,0.406904863,0.228873474,0.003675281,1.492459048,0.350909654,0.169412411,0.009343799,1.384852041,0.205995102,0.113610749,-0.647244173,0.842605437,0.0566331,-0.00011856,-0.576063828,0.557936304,0.036080429,-9.76E-05,-0.043014368,0.040697144,0.003607704,6.01E-06,-0.016015171,0.014868044,0.001690769,7.19E-07,-0.012903739,0.018107329,0.002291756,-5.93E-06,-0.007867703,0.011465084,0.001425011,3.44E-06,-0.007413304,0.00756382,0.001178907,-4.18E-07,-0.004354386,0.00465421,0.000680759,-2.30E-07,-0.015599094,0.014347158,0.00199533,-3.29E-06,-0.00968462,0.006714414,0.001198612,2.52E-06,-0.00755651,0.010094916,0.001503633,3.24E-06,-0.004643856,0.0048002,0.000917923,-6.81E-07,-0.037338156,0.042080762,0.004520712,-0.0001738,-0.009481514,0.015758212,0.001001492,-5.29E-07,-0.013561092,0.019887767,0.002671402,-0.000191132,-0.004278579,0.010017262,0.000639711,-1.75E-06,-0.037021968,0.047835092,0.005115689,-1.63E-05,-0.010660796,0.020362923,0.001217601,2.04E-06
459,L,1,-0.24769047,0.027077869,0.15637058,-0.147908742,0.033086937,0.227821685,0.18484786,0.182133072,8.14E-06,0.177316569,0.018410983,0.010300193,-0.02826469,0.009697424,0.006920486,-0.003854809,-0.045604195,0.017231981,0.025174277,-0.022856798,0.026800428,0.06959237,0.049898936,0.049342263,0.012453008,0.599478393,0.134520483,0.106863139,0.005880746,0.223674435,0.074272296,0.063213561,0.00705391,0.556403751,0.112157864,0.078144844,-0.235221925,0.283419777,0.045791802,-0.00027259,-0.155776033,0.13493827,0.02569486,-1.78E-05,-0.043014368,0.040697144,0.003782032,7.22E-06,-0.016015171,0.014868044,0.001757528,2.74E-06,-0.034109939,0.031851374,0.003113013,3.62E-06,-0.019192364,0.013767468,0.001784885,-1.45E-06,-0.004696735,0.0074646,0.001021593,-1.74E-06,-0.00392872,0.003882738,0.000576199,-1.13E-06,-0.013310605,0.013818932,0.002064048,-3.97E-06,-0.00968462,0.006601802,0.001201393,-2.24E-07,-0.006781597,0.007958701,0.001508167,4.59E-06,-0.003733062,0.004398786,0.000868258,2.48E-06,-0.027687771,0.058645867,0.004821117,3.78E-05,-0.014415175,0.021590849,0.001371515,-2.33E-06,-0.016499418,0.013099576,0.001987157,4.63E-06,-0.003184057,0.005237674,0.000551465,-1.48E-06,-0.035457212,0.072952732,0.005183969,4.54E-05,-0.015401739,0.032581662,0.001594662,-2.11E-06
459,L,2,-0.24769047,0.027077869,0.175172822,-0.171810392,0.02070516,0.227821685,0.183409571,0.180037949,1.07E-05,0.19413022,0.031015704,0.015509391,-0.02826469,0.009697424,0.006011586,-0.00284073,-0.045604195,0.02702858,0.025580695,-0.02246343,0.029424884,0.071955804,0.048870972,0.048219498,0.012453008,0.599478393,0.153828996,0.129057761,0.006271319,0.223674435,0.088284941,0.075830884,0.00705391,0.556403751,0.125972733,0.096666436,-0.314517649,0.252591109,0.047225319,0.000330081,-0.186096026,0.140702168,0.025916517,2.96E-05,-0.026395729,0.039395173,0.003932659,-4.29E-05,-0.013709394,0.011808624,0.001886023,7.52E-06,-0.034109939,0.035510973,0.004238446,3.81E-06,-0.019192364,0.015002781,0.002159317,1.18E-06,-0.004696735,0.0074646,0.000990188,3.96E-07,-0.00392872,0.003882738,0.000569579,-9.11E-07,-0.011138786,0.017765256,0.002325725,2.97E-06,-0.007347514,0.009592541,0.001353383,4.71E-07,-0.006560754,0.009880837,0.001525933,-2.51E-06,-0.005571262,0.004486757,0.000871285,1.90E-07,-0.027687771,0.058645867,0.005133414,3.85E-05,-0.014415175,0.021590849,0.00146236,-8.11E-06,-0.016499418,0.013143306,0.002055749,3.01E-06,-0.003785448,0.009248303,0.000632291,-2.73E-06,-0.030418204,0.072952732,0.005443836,4.12E-05,-0.015401739,0.032581662,0.001638192,-7.84E-06
459,M,0,-0.211674033,0.437153974,0.114344617,-0.087898372,0.01202598,0.235393703,0.179097711,0.174372829,6.55E-07,0.201057419,0.039293695,0.021651989,-0.018379998,0.009635163,0.006855022,-0.004963292,-0.04444362,0.02083391,0.02432677,-0.021346024,0.016167371,0.070599538,0.051021494,0.050418296,0.013725443,1.159638682,0.232312325,0.164264164,0.004302268,0.5270293,0.125938181,0.091434485,0.008132469,1.091240486,0.195214218,0.120577912,-0.290237435,0.403606202,0.057850219,-0.000162878,-0.206732178,0.136844232,0.029699717,-4.76E-06,-0.027242824,0.048064825,0.004424739,-2.57E-06,-0.018696561,0.0227771,0.002230852,1.03E-06,-0.042467434,0.045197683,0.005495797,3.73E-05,-0.02403649,0.018241197,0.002792459,-1.60E-06,-0.005099412,0.004971678,0.001092534,7.24E-07,-0.00314979,0.003861248,0.000641571,1.66E-07,-0.010172612,0.012893414,0.001923069,-2.21E-06,-0.007285885,0.006274472,0.001125447,-1.64E-08,-0.00763181,0.010663535,0.001378212,3.21E-06,-0.005347231,0.004325152,0.000814774,7.31E-07,-0.028448915,0.038138114,0.005570894,-1.24E-05,-0.010350543,0.012266134,0.001315183,-2.20E-06,-0.027350966,0.021455168,0.003208924,-5.58E-05,-0.005135783,0.007498103,0.00081736,7.42E-07,-0.027336282,0.040779533,0.005913394,2.72E-05,-0.010371208,0.015136697,0.00142453,-2.88E-06
459,M,1,-0.236940786,0.203315404,0.134677368,-0.125778039,0.026107799,0.235393703,0.1862117,0.184527086,5.60E-06,0.201057419,0.038291709,0.020391263,-0.01902884,0.009330908,0.006997617,-0.005090128,-0.047463316,0.019180602,0.028992253,-0.027711525,0.027958555,0.070599538,0.054605483,0.054256929,0.010365544,0.392005076,0.109592114,0.09801054,0.004258628,0.138679198,0.073001403,0.06494004,0.007097426,0.391695358,0.08173877,0.063124152,-0.290237435,0.403606202,0.050232392,-0.000354717,-0.206732178,0.127717467,0.026611073,-1.91E-05,-0.023657402,0.046611274,0.003503819,4.81E-05,-0.016220434,0.0227771,0.001752541,1.37E-06,-0.042467434,0.045197683,0.00572039,-1.37E-07,-0.02403649,0.021898178,0.002858112,-2.66E-07,-0.003622199,0.003458327,0.000952454,2.35E-07,-0.001982951,0.00207713,0.000561118,-3.16E-07,-0.011080896,0.012893414,0.001789292,-1.06E-05,-0.007974824,0.005515881,0.001045365,-7.34E-08,-0.00763181,0.010663535,0.001316684,7.59E-06,-0.005347231,0.004325152,0.000780611,5.60E-07,-0.018398326,0.032089658,0.002821339,-5.98E-05,-0.005443977,0.012266134,0.000853664,-2.75E-07,-0.012004759,0.010859846,0.001714888,2.27E-05,-0.003475368,0.004151123,0.000569815,1.24E-06,-0.021404799,0.032579252,0.003134542,-7.46E-05,-0.005607697,0.015147675,0.001007493,-9.11E-07
459,M,2,-0.241902025,-0.042203284,0.168451552,-0.165472535,0.061443193,0.225444638,0.186932692,0.186164819,6.18E-07,0.193715503,0.024568481,0.012653655,-0.020130045,0.007901792,0.007594173,-0.005978114,-0.051343605,0.009946048,0.034146995,-0.033277413,0.032115424,0.06893489,0.05799284,0.057723411,0.010365544,0.269122714,0.104750755,0.098738453,0.004253116,0.143495072,0.075487066,0.066882803,0.007097426,0.240440004,0.072625227,0.06439287,-0.238023119,0.209315371,0.04057557,-0.000100715,-0.126216882,0.092533642,0.023187156,1.44E-05,-0.019632392,0.025398964,0.002462765,9.22E-07,-0.009121794,0.009329685,0.001289157,1.31E-06,-0.037659755,0.044275329,0.003551572,-3.54E-05,-0.016781909,0.021898178,0.001959054,5.10E-07,-0.003622199,0.00318134,0.000848714,-2.43E-06,-0.002053849,0.002063159,0.000509736,-5.19E-07,-0.011080896,0.010426541,0.001737982,-2.02E-06,-0.007974824,0.004735137,0.001019706,-1.79E-07,-0.005307398,0.005748125,0.001224631,1.23E-06,-0.003050625,0.003977302,0.00073303,5.88E-07,-0.015307088,0.021931055,0.001796914,-4.91E-06,-0.00327824,0.007804398,0.000559749,-1.47E-07,-0.012004759,0.007594534,0.001367591,1.38E-05,-0.003475368,0.004151123,0.000493302,-5.58E-07,-0.0137324,0.029831183,0.0019608,-1.19E-05,-0.00548271,0.015147675,0.000682524,-1.39E-07
460,H,0,-0.161350497,0.248940268,0.085874081,-0.056667453,0.010132043,0.218187439,0.166371191,0.161876676,4.75E-07,0.162349148,0.024088424,0.010534609,-0.017206259,0.009262929,0.006480547,-0.004427271,-0.044644677,0.01845488,0.023569999,-0.021626258,0.017987803,0.062122953,0.046241428,0.045703557,0.010583822,0.263482179,0.104088038,0.085546569,0.001848911,0.204535188,0.076354493,0.059006802,0.005065411,0.23399101,0.070741155,0.053068265,-0.224481074,0.368213158,0.048642565,-0.000845378,-0.165285702,0.161072308,0.026519759,-3.17E-05,-0.044714809,0.039394907,0.005176924,3.43E-06,-0.015973711,0.02140249,0.002285992,1.02E-06,-0.028629036,0.02578908,0.003542503,1.13E-06,-0.015843225,0.010172784,0.001747227,5.03E-07,-0.005203361,0.005087916,0.001042416,1.15E-06,-0.002802599,0.002672424,0.000605066,-1.16E-07,-0.012597347,0.012969456,0.001883596,3.24E-07,-0.00647628,0.006871072,0.001079877,1.01E-06,-0.008238373,0.009879656,0.001427164,-1.91E-06,-0.005460348,0.005684501,0.000846764,5.54E-07,-0.013258723,0.01852378,0.00266097,-6.27E-05,-0.004375415,0.005835004,0.000748327,1.56E-06,-0.013529785,0.016656545,0.002457988,-1.71E-05,-0.004411003,0.013043523,0.000715576,9.98E-07,-0.012264843,0.013157165,0.002179407,-6.51E-05,-0.003398574,0.00637659,0.000760074,1.46E-06
460,H,1,-0.140074049,-0.012079056,0.059075322,-0.0557089,0.010132043,0.196438963,0.170450525,0.16915003,4.75E-07,0.162349148,0.015312533,0.006216419,-0.01717478,0.009262929,0.0058187,-0.003982341,-0.035598845,0.005190707,0.021071191,-0.020499836,0.021112369,0.057852034,0.043237178,0.042887818,0.010583822,0.157460366,0.060015695,0.054100336,0.001848911,0.147202155,0.039259278,0.033158711,0.005065411,0.131727238,0.045393752,0.03743533,-0.231787893,0.275543975,0.046968074,0.00015508,-0.154115878,0.183675876,0.027536852,-2.66E-06,-0.044714809,0.039394907,0.004146835,6.24E-06,-0.015973711,0.022258361,0.001938743,-1.91E-06,-0.028629036,0.024420216,0.002741027,1.97E-06,-0.015843225,0.010172784,0.001488486,-7.95E-07,-0.004630065,0.005087916,0.000884827,1.06E-06,-0.002370628,0.002050939,0.000508237,2.29E-09,-0.010481424,0.009813834,0.001389714,1.34E-06,-0.00647628,0.004738175,0.000838235,-7.89E-07,-0.008460417,0.009879656,0.001220614,-2.82E-06,-0.00520507,0.005653575,0.000734996,7.82E-07,-0.009649944,0.016390537,0.001635898,1.33E-05,-0.004375415,0.004859787,0.000551672,3.71E-07,-0.008696332,0.016656545,0.001594438,1.26E-05,-0.004411003,0.008609787,0.000497777,7.70E-10,-0.007959926,0.009812309,0.001435897,5.04E-06,-0.003398574,0.003190314,0.000580069,6.79E-07
460,H,2,-0.202268459,-0.011998757,0.07102681,-0.063216187,0.013728869,0.21283503,0.17032746,0.16934367,7.17E-07,0.142207925,0.015403184,0.006091365,-0.015221088,0.011881141,0.00538553,-0.003664939,-0.043610121,0.009394771,0.020867792,-0.020077375,0.022415816,0.058526952,0.04210957,0.041802665,0.0089728,0.229798012,0.071458476,0.06421952,0.003103293,0.150313097,0.05036988,0.041802913,0.004894043,0.210451778,0.050687167,0.04236448,-0.247517847,0.281699033,0.04958962,-0.000344128,-0.154115878,0.183675876,0.028996449,-3.97E-05,-0.042126742,0.037854744,0.003513019,-5.71E-06,-0.016173914,0.026351628,0.001766246,-1.12E-06,-0.028641432,0.023273964,0.002958256,1.65E-06,-0.012550885,0.010250008,0.001504107,3.59E-07,-0.003410957,0.004650067,0.000772915,3.17E-06,-0.001652197,0.002490739,0.000446907,-8.83E-08,-0.00882616,0.007775599,0.001421262,-2.61E-06,-0.004665016,0.004230675,0.000863528,-1.16E-07,-0.008891257,0.005225766,0.001084269,1.70E-06,-0.003829625,0.004727376,0.000642295,4.35E-07,-0.006788736,0.011193619,0.001414816,2.26E-05,-0.002747454,0.00353464,0.000486863,-3.33E-07,-0.005602512,0.010208868,0.001089011,2.23E-05,-0.002336393,0.003238807,0.000378605,-2.11E-07,-0.00674096,0.011737821,0.001500085,5.23E-06,-0.002781099,0.004556652,0.000560133,-5.01E-07
460,L,0,-0.137656046,0.018027531,0.076077595,-0.068615617,0.002944437,0.206422228,0.169534372,0.165774822,3.69E-08,0.126060671,0.017862511,0.007633236,-0.01815257,0.010085442,0.005771883,-0.00340665,-0.041818379,0.015591419,0.025363484,-0.023779687,0.019857889,0.061916064,0.046004074,0.045601567,0.008308773,0.357546253,0.116455028,0.097533766,0.002033115,0.353665214,0.10528907,0.082658462,0.005336336,0.225440113,0.049759275,0.038839708,-0.309979257,0.294709478,0.048119477,-4.41E-05,-0.150349929,0.181841488,0.027119455,-5.92E-05,-0.053332486,0.039995517,0.004962778,3.85E-06,-0.020907722,0.028291392,0.002239582,1.00E-06,-0.027620227,0.027743132,0.003160977,1.07E-06,-0.010672365,0.015138644,0.001673383,2.26E-07,-0.004710814,0.004873992,0.000932837,-1.64E-06,-0.00244223,0.002764879,0.000539645,-1.05E-06,-0.010490084,0.012675164,0.001813095,8.38E-07,-0.005587222,0.006139034,0.001044487,2.52E-06,-0.009310862,0.007137479,0.001336679,-3.38E-07,-0.005074952,0.004489678,0.000798081,-5.21E-07,-0.01309809,0.019296807,0.002205538,-5.59E-05,-0.003604296,0.00546578,0.00059773,-4.01E-06,-0.014319037,0.014169536,0.002144168,-6.11E-05,-0.004004099,0.00891889,0.000583483,-4.38E-06,-0.013825155,0.018995033,0.00227162,1.73E-07,-0.003852604,0.004722208,0.000714832,6.57E-07
460,L,1,-0.112849822,0.001669456,0.05101359,-0.045296191,0.011633837,0.209685853,0.167156116,0.165500029,3.69E-08,0.122037148,0.012973191,0.005753199,-0.01815257,0.009087101,0.005408629,-0.002848015,-0.049701524,0.007858558,0.027878941,-0.026133132,0.021947014,0.062312802,0.045823947,0.045389405,0.008308773,0.187125924,0.070720013,0.06267341,0.002033115,0.141037082,0.063189442,0.052195049,0.005166793,0.179799416,0.031755545,0.026047902,-0.246554436,0.294709478,0.042840105,2.67E-05,-0.158775484,0.143993431,0.024612909,-1.15E-05,-0.047335432,0.031345501,0.004501371,-9.58E-07,-0.01833346,0.021530571,0.002173282,-2.51E-07,-0.027460157,0.027743132,0.002683506,-3.41E-05,-0.010672365,0.015138644,0.001557773,4.03E-07,-0.003925543,0.004873992,0.00088846,-4.57E-07,-0.002260607,0.002420827,0.000506424,-7.01E-07,-0.010819853,0.013078913,0.00179142,-1.29E-06,-0.00564901,0.004812458,0.001051097,1.47E-06,-0.007330086,0.008030931,0.001257846,-2.55E-07,-0.003386392,0.003381252,0.000761967,-3.68E-07,-0.01309809,0.017074763,0.00150643,-1.70E-05,-0.003604296,0.00546578,0.000482945,6.08E-07,-0.011030652,0.01024696,0.0011705,-1.67E-05,-0.002420998,0.00891889,0.000421749,7.01E-07,-0.01206782,0.018009307,0.001647051,-1.24E-06,-0.003797572,0.004665702,0.000579606,1.26E-06
460,L,2,-0.090287155,0.065126659,0.032889645,-0.019443756,0.009413232,0.209685853,0.161370039,0.159735983,4.06E-08,0.133463211,0.017797072,0.007183893,-0.014680132,0.01057966,0.004398937,-0.000693215,-0.049701524,0.020198495,0.030280606,-0.027528083,0.016940314,0.062779778,0.047125241,0.046450443,0.009965135,0.139716385,0.079461443,0.074913949,0.002631228,0.134390094,0.069497513,0.062983879,0.005166793,0.118772426,0.038525531,0.031256074,-0.233901661,0.210345757,0.038188803,0.000124577,-0.158775484,0.143993431,0.022415433,-4.24E-05,-0.047335432,0.030552299,0.004853331,-1.27E-06,-0.01833346,0.021530571,0.002349325,-1.08E-06,-0.028966076,0.034047301,0.002732861,-1.95E-07,-0.013345964,0.014070045,0.001512348,-1.53E-06,-0.004429623,0.004478262,0.000922601,1.37E-06,-0.002250866,0.002854116,0.000533467,-3.24E-07,-0.015391534,0.015967825,0.002301306,-4.87E-06,-0.009612887,0.006892143,0.001272421,-1.16E-07,-0.012968883,0.01339814,0.001533713,4.48E-06,-0.00635937,0.00599414,0.000885,2.50E-07,-0.004465921,0.005892815,0.001135744,1.65E-05,-0.001910542,0.002152542,0.000386972,3.59E-07,-0.004031537,0.003465357,0.000909384,2.27E-05,-0.001324964,0.001558909,0.00032832,8.63E-07,-0.005079017,0.008998988,0.001417393,-7.61E-06,-0.00228141,0.002523357,0.000537815,5.40E-08
460,M,0,-0.208372928,-0.041513828,0.10068758,-0.098045694,0.008479136,0.195733762,0.159526863,0.156138675,6.94E-08,0.095743592,0.016432653,0.009372458,-0.013372958,0.011468206,0.005091289,-0.003159603,-0.040635432,0.018055799,0.0269052,-0.025064797,0.024226218,0.060939742,0.050331575,0.050012033,0.018517553,0.146559125,0.075161493,0.071382258,0.002511981,0.118344558,0.058740786,0.054941006,0.004587824,0.119055157,0.046891046,0.040602709,-0.265752322,0.308922746,0.041921537,-0.000239825,-0.14991181,0.178044788,0.023794531,-3.00E-05,-0.03963124,0.033212356,0.004504919,-2.75E-06,-0.014777272,0.021983764,0.00197095,-1.21E-06,-0.018808886,0.02671452,0.003107153,1.54E-06,-0.014087119,0.010504272,0.001749739,1.79E-06,-0.004412723,0.004520984,0.000890018,5.10E-07,-0.002443647,0.002467577,0.000522894,-7.54E-07,-0.012049153,0.013884067,0.001715714,-1.02E-06,-0.008543797,0.006242251,0.00095217,3.08E-07,-0.007855291,0.007466143,0.001184092,2.38E-06,-0.003824689,0.00367746,0.000684782,7.96E-07,-0.010621501,0.00990897,0.001526467,-1.94E-05,-0.007075986,0.005530803,0.000600684,6.93E-07,-0.012746663,0.011464818,0.001500883,-2.94E-06,-0.003447637,0.010676463,0.000562992,2.46E-06,-0.011293963,0.01232539,0.001639416,-2.12E-05,-0.007369793,0.00547783,0.000698907,-9.07E-07
460,M,1,-0.208372928,-0.04798697,0.103723772,-0.10223425,0.004629626,0.195700668,0.160427547,0.157254011,3.60E-11,0.089574795,0.01073546,0.006229422,-0.014500241,0.006517213,0.005159712,-0.003888056,-0.040635432,0.019627316,0.02530019,-0.02336263,0.025125036,0.060939742,0.047709807,0.047375334,0.007948334,0.146559125,0.062418002,0.058916451,0.002695002,0.118344558,0.046360818,0.040966275,0.004066202,0.112752203,0.041793319,0.036023408,-0.21660154,0.304402677,0.03901431,-0.000133011,-0.142347414,0.136475172,0.022127159,-4.56E-05,-0.044652511,0.033212356,0.004380827,-4.33E-06,-0.017807393,0.021719352,0.001920639,-3.02E-06,-0.014397577,0.019411099,0.002366217,-5.81E-06,-0.010067098,0.006903812,0.001381019,1.00E-06,-0.004173134,0.003902469,0.000819516,3.33E-07,-0.002160592,0.001852557,0.000490289,1.19E-07,-0.01187657,0.013642831,0.001672757,3.34E-06,-0.007959946,0.005758244,0.00092621,6.82E-07,-0.00800719,0.006852013,0.001101888,-2.20E-06,-0.004269753,0.005606171,0.000669785,6.24E-07,-0.008800156,0.010748863,0.001683772,1.13E-05,-0.002396371,0.003368206,0.000571922,4.03E-07,-0.009147513,0.011464818,0.001415057,8.19E-06,-0.003235135,0.007030686,0.000479381,3.91E-07,-0.008033966,0.011681944,0.001660951,1.08E-05,-0.003052725,0.006950444,0.000684992,-8.08E-08
460,M,2,-0.186611147,-0.02667174,0.107237587,-0.105408279,0.004629626,0.19395976,0.157460266,0.154169159,3.60E-11,0.123761981,0.012569486,0.006319807,-0.014500241,0.006517213,0.004778688,-0.00344684,-0.039562332,0.019627316,0.024294268,-0.022562939,0.022729273,0.059191518,0.044475009,0.044274324,0.007948334,0.282155991,0.071466999,0.064468388,0.004104264,0.275738088,0.057642865,0.04793048,0.004066202,0.111314803,0.042247272,0.03640491,-0.21660154,0.304402677,0.039185541,-0.000141961,-0.142347414,0.136475172,0.02249716,-6.20E-05,-0.044652511,0.030054076,0.004190491,-3.78E-05,-0.017807393,0.021719352,0.00188367,-9.89E-08,-0.032178965,0.029009768,0.002780025,-4.81E-06,-0.017663107,0.015752208,0.001579913,-6.62E-07,-0.004173134,0.003902469,0.000734382,-4.85E-07,-0.002313571,0.001852557,0.00044118,-4.92E-08,-0.010801737,0.013642831,0.001607362,1.19E-05,-0.007959946,0.005758244,0.00090225,1.41E-06,-0.00800719,0.006852013,0.001069301,-6.27E-06,-0.004269753,0.005606171,0.000650588,8.96E-07,-0.010121569,0.019371435,0.002062339,2.74E-05,-0.003868933,0.004722584,0.00059259,-7.41E-07,-0.009246255,0.017374638,0.001707826,1.85E-05,-0.003419157,0.005289116,0.000455465,-1.35E-06,-0.007546396,0.015360676,0.001828104,2.01E-05,-0.004541508,0.006950444,0.000737032,6.34E-07
461,H,0,-0.29676591,0.137978994,0.122816249,-0.114077317,0.029263185,0.193087744,0.15277176,0.149745173,8.16E-07,0.177117461,0.030944725,0.01459423,-0.019804273,0.010251698,0.004770614,-0.000567284,-0.041254254,0.022100265,0.019991053,-0.017746576,0.030921199,0.066771198,0.049261236,0.048977111,0.012392024,0.499735827,0.122743502,0.082146951,0.001830911,0.456784225,0.107385018,0.058321619,0.006343593,0.226230426,0.059451032,0.048755079,-0.318455517,0.355063748,0.056465538,-0.000713485,-0.182096231,0.227037578,0.032346199,-5.58E-05,-0.028571029,0.023759645,0.004605914,-1.03E-05,-0.011307494,0.015772841,0.002098023,6.05E-07,-0.039936869,0.038768443,0.004449156,1.81E-06,-0.018674463,0.02030557,0.002404122,2.66E-08,-0.007636739,0.006386888,0.001190233,9.73E-07,-0.003419632,0.004922489,0.000698416,-1.12E-06,-0.012999991,0.015010828,0.002247336,7.07E-06,-0.008567266,0.007001783,0.001265186,3.11E-06,-0.00744218,0.008024761,0.001465284,-1.19E-06,-0.00681191,0.004543754,0.000929832,3.24E-07,-0.014760044,0.016230189,0.002434809,-9.79E-05,-0.008741966,0.010145342,0.001156759,-2.71E-07,-0.010732338,0.016010145,0.001808698,-9.83E-05,-0.00652953,0.004927662,0.000712267,1.51E-07,-0.027055965,0.015715647,0.002500334,-1.58E-05,-0.010692875,0.017913404,0.001360862,-1.88E-06
461,H,1,-0.198674737,-0.021030588,0.115213325,-0.113294742,0.050201036,0.186159094,0.158425479,0.15680659,8.77E-06,0.172459396,0.029683544,0.015806376,-0.019419813,0.011814594,0.004108905,0.001444171,-0.040438345,0.015953884,0.018394889,-0.016502258,0.033655332,0.064668864,0.048317865,0.048122334,0.012392024,0.127488363,0.054104494,0.049872278,0.001830911,0.080436412,0.030004913,0.025285921,0.006436253,0.124103876,0.045022233,0.039741842,-0.360729767,0.249421871,0.048974563,1.84E-05,-0.205197801,0.157140187,0.028773013,-1.63E-05,-0.028800682,0.021581485,0.00475914,8.55E-06,-0.010788401,0.016208747,0.002181966,1.58E-06,-0.040250636,0.046000547,0.004689094,3.60E-06,-0.019789266,0.020079126,0.002468933,-9.73E-08,-0.00834333,0.007397441,0.001145558,-9.69E-07,-0.003419632,0.004922489,0.000672806,-6.34E-07,-0.007826871,0.011246097,0.001858964,-1.78E-06,-0.006507097,0.005169902,0.001074782,-3.83E-07,-0.00744218,0.008024761,0.00137964,-1.14E-06,-0.00681191,0.004543754,0.000893157,9.08E-07,-0.014760044,0.013131098,0.002014543,-6.41E-07,-0.008741966,0.010145342,0.001061166,-3.44E-07,-0.007994409,0.012444755,0.001376205,7.89E-06,-0.00652953,0.004927662,0.000686919,1.06E-07,-0.017238998,0.015715647,0.002137162,-6.98E-06,-0.009237243,0.012650736,0.001153529,-3.72E-07
461,H,2,-0.198674737,-0.021030588,0.111461793,-0.108976142,0.041866318,0.186159094,0.155395634,0.152978615,1.42E-05,0.172459396,0.023727654,0.012869389,-0.020325247,0.012424709,0.004150872,0.001178403,-0.040438345,0.015953884,0.017856199,-0.015617698,0.031373485,0.065747815,0.047786179,0.047538494,0.012715487,0.123296102,0.05949324,0.055833321,0.002694221,0.093968225,0.042407657,0.036489379,0.006436253,0.122188924,0.041725726,0.037815359,-0.360729767,0.26382372,0.048723121,-2.82E-05,-0.205197801,0.157140187,0.028701949,-3.68E-06,-0.035258078,0.024492481,0.004801499,1.30E-05,-0.012965381,0.018050476,0.002255047,-1.86E-06,-0.040250636,0.046000547,0.003880377,-7.55E-07,-0.019789266,0.020079126,0.002167845,-5.23E-07,-0.00834333,0.007397441,0.001091968,3.41E-06,-0.003302393,0.004833406,0.000641402,-7.16E-07,-0.007826871,0.011246097,0.001933337,-3.35E-06,-0.006507097,0.005169902,0.001111419,7.49E-07,-0.006440536,0.007426349,0.001359915,-2.90E-06,-0.005717946,0.00431023,0.000852406,1.38E-06,-0.009730191,0.013131098,0.001765396,2.39E-06,-0.005897736,0.005915214,0.000898824,-2.46E-07,-0.01073675,0.008711023,0.001372469,4.01E-06,-0.003797968,0.004820381,0.000636489,2.51E-08,-0.008810724,0.0142348,0.001948728,-1.75E-06,-0.006313893,0.00612889,0.001029751,-2.55E-07
461,L,0,-0.250498219,-0.017498643,0.112910906,-0.10586844,0.02791975,0.191666122,0.149459627,0.145147767,3.32E-08,0.220225353,0.028975919,0.012542278,-0.019941419,0.009002544,0.005658669,-0.002887404,-0.041960446,0.0239495,0.019485816,-0.016630135,0.027064701,0.069557631,0.048799093,0.048393589,0.015958867,1.108436212,0.197071963,0.108834414,0.004473404,1.090134949,0.178594465,0.083485958,0.004957139,0.304791671,0.08331492,0.058022449,-0.443302244,0.422763127,0.06603374,-0.000203399,-0.293386688,0.21031376,0.037433758,-6.75E-05,-0.03334924,0.029752434,0.005513127,2.69E-05,-0.01316031,0.018883757,0.002650006,-4.33E-06,-0.065161008,0.037942029,0.00417559,4.47E-06,-0.035392609,0.027120982,0.002241468,-1.15E-06,-0.004909067,0.005804671,0.001086924,1.25E-06,-0.003098486,0.003183887,0.000629853,5.73E-07,-0.016981542,0.014248839,0.002107249,-8.31E-06,-0.008542563,0.006849398,0.001194433,-4.76E-07,-0.008295667,0.006065955,0.001334858,7.20E-06,-0.004709297,0.004184066,0.000837864,-1.06E-06,-0.026191067,0.023637956,0.003149312,-0.000246527,-0.018859531,0.010565227,0.001412013,-8.00E-07,-0.016948789,0.025504997,0.00245599,-0.000252136,-0.008554939,0.011640136,0.000894242,-1.22E-07,-0.04637366,0.049931624,0.003578637,-3.10E-05,-0.030515817,0.020830936,0.001856639,1.98E-08
461,L,1,-0.247489496,-0.027571967,0.113743534,-0.110269987,0.027847559,0.189403471,0.157618405,0.155110951,3.32E-08,0.220225353,0.029245507,0.013433523,-0.022305497,0.011080772,0.004913821,-0.001722608,-0.041960446,0.024687715,0.021632641,-0.019480462,0.035495646,0.069557631,0.053579726,0.053197419,0.015167129,0.188287177,0.060820964,0.055882284,0.004473404,0.161674942,0.041403918,0.036892036,0.004957139,0.159929865,0.044552276,0.037211495,-0.370070369,0.359701104,0.059563609,-9.02E-05,-0.240201959,0.200501695,0.034715023,-5.30E-05,-0.031980722,0.029752434,0.004831452,5.67E-06,-0.013008506,0.018838409,0.002346238,-5.28E-08,-0.065161008,0.037942029,0.004321637,2.35E-06,-0.035392609,0.027120982,0.002350742,-1.05E-07,-0.005497446,0.00741288,0.001115728,1.87E-06,-0.002935127,0.004607231,0.000640939,-7.36E-07,-0.013890393,0.014248839,0.001887821,-3.84E-06,-0.007122849,0.006077747,0.001065137,4.32E-09,-0.007063294,0.005595373,0.001285761,2.90E-06,-0.003744181,0.003805349,0.000778957,2.57E-07,-0.018714428,0.016867802,0.002229093,2.61E-06,-0.007334546,0.007484662,0.00106173,-7.34E-07,-0.009968787,0.013006711,0.00161295,5.80E-06,-0.004756683,0.007875194,0.000698332,-5.37E-07,-0.019353719,0.016065133,0.002494087,-6.44E-06,-0.008305386,0.009248494,0.001312026,-2.83E-07
461,L,2,-0.195774225,-0.020786234,0.100555167,-0.097573586,0.027847559,0.184174493,0.162646861,0.160612313,5.68E-07,0.024871425,0.008516876,0.006429659,-0.022305497,0.011080772,0.004910346,-0.001837673,-0.039666026,0.024687715,0.020981011,-0.019433407,0.035495646,0.067719649,0.055964866,0.055724458,0.015167129,0.1165927,0.064003746,0.061918764,0.010294872,0.113367656,0.05582294,0.052766592,0.005695235,0.089351515,0.031309406,0.027976379,-0.370070369,0.359701104,0.061941078,0.000151517,-0.240201959,0.200501695,0.036203574,-7.73E-05,-0.031356864,0.025076124,0.004694921,5.23E-06,-0.011755,0.017931935,0.002231105,1.95E-06,-0.007473233,0.006800567,0.002326166,-2.94E-06,-0.00490238,0.004999428,0.001550601,7.23E-07,-0.005497446,0.00741288,0.00105838,-1.62E-07,-0.002935127,0.004607231,0.000602132,-3.66E-07,-0.00782727,0.009607472,0.00168144,6.32E-07,-0.004984766,0.004593767,0.000957831,4.37E-07,-0.005828275,0.005595373,0.001167756,1.60E-07,-0.003333385,0.003309989,0.000705263,-2.07E-07,-0.008015381,0.008870905,0.001303092,-1.99E-06,-0.006792076,0.004923464,0.000682505,7.26E-07,-0.008492656,0.009530628,0.001060469,9.58E-06,-0.002761873,0.006518628,0.000482665,-5.36E-07,-0.014749988,0.011057181,0.001877962,-1.56E-05,-0.009710057,0.009945664,0.001155085,1.51E-06
461,M,0,-0.24145532,0.199073001,0.124399636,-0.085173861,0.010294289,0.186960214,0.134827997,0.122477824,2.47E-07,0.160351456,0.011810266,0.007500311,-0.02463192,0.012357721,0.006515265,-0.003648862,-0.049737211,0.026874861,0.018179522,-0.01171667,0.023048846,0.073362798,0.049680213,0.048855844,0.023225151,1.118899037,0.37024,0.220798131,0.00565838,0.686392196,0.219841238,0.15258298,0.006474916,0.995651647,0.297905166,0.13997889,-0.436139819,0.380478128,0.067040213,0.00045752,-0.210744072,0.249219607,0.035991615,-6.55E-05,-0.031036427,0.037420471,0.005217446,-2.13E-05,-0.015041253,0.017139372,0.002434245,-4.82E-06,-0.026359071,0.046508622,0.002699834,-5.87E-06,-0.024378037,0.021990965,0.001730927,2.58E-06,-0.008175261,0.008549761,0.001286409,7.41E-07,-0.005603825,0.006090063,0.000767776,-2.46E-06,-0.021767504,0.015341659,0.002423681,9.84E-06,-0.010605816,0.013553758,0.001377581,2.04E-06,-0.008948001,0.009015748,0.001366931,-5.02E-06,-0.006528481,0.005200485,0.000865527,6.04E-09,-0.045828971,0.032402603,0.004119245,-2.47E-05,-0.010410829,0.010482062,0.000925493,1.99E-06,-0.018763646,0.031104293,0.003012298,-2.07E-05,-0.005456322,0.010473211,0.00074568,5.72E-07,-0.042000328,0.032049016,0.004000051,-1.57E-05,-0.01212541,0.011883845,0.001194809,2.13E-06
461,M,1,-0.211968691,0.01795058,0.094074571,-0.087696656,0.021999181,0.187675529,0.156630081,0.153511924,2.47E-07,0.166840743,0.018398261,0.008326493,-0.02463192,0.010037195,0.004830593,-0.002553856,-0.044803027,0.024247857,0.019166935,-0.016666419,0.033214796,0.066837871,0.053063841,0.05260106,0.01230651,0.238417329,0.08445539,0.072093531,0.009327096,0.237919667,0.074794908,0.061366401,0.006474916,0.111011266,0.039222885,0.03386972,-0.311281477,0.323247547,0.058535655,0.000240965,-0.157376218,0.212129873,0.033188362,-7.10E-05,-0.040461068,0.032008788,0.005523428,3.20E-05,-0.017176547,0.024950313,0.002697007,-1.20E-06,-0.031102118,0.034167535,0.003084592,-9.36E-07,-0.013709277,0.016226524,0.001789488,2.01E-07,-0.008072288,0.008549761,0.00105467,-1.80E-07,-0.004190119,0.006090063,0.000621988,-6.61E-07,-0.013782737,0.011706153,0.002023113,3.67E-06,-0.007814843,0.005249407,0.001141571,-4.70E-07,-0.009347369,0.007709602,0.001209932,-1.10E-06,-0.006056182,0.003971172,0.000726467,1.17E-07,-0.006518763,0.014549522,0.001461107,-5.03E-06,-0.003857253,0.005158598,0.000629778,-1.14E-06,-0.007066678,0.013845715,0.001398604,-3.49E-06,-0.003254155,0.004771894,0.000545663,-1.16E-06,-0.006713078,0.008344389,0.001452061,-5.52E-06,-0.005637527,0.00536765,0.000798319,-5.97E-08
461,M,2,-0.183202571,0.01795058,0.086801995,-0.081000194,0.029385346,0.187675529,0.152665559,0.149518061,3.43E-09,0.187632968,0.027596758,0.013197927,-0.02002398,0.00771802,0.004392645,-0.002491992,-0.044803027,0.015780196,0.018060959,-0.014826266,0.033099863,0.067139679,0.051860802,0.051431379,0.01230651,0.238417329,0.100562635,0.089756196,0.004752083,0.237919667,0.071820856,0.05763282,0.006498094,0.153150329,0.070388978,0.058705061,-0.281590028,0.305386679,0.059845861,-0.00016968,-0.168609655,0.178428527,0.033994974,-3.89E-05,-0.040461068,0.032008788,0.005576084,3.29E-05,-0.017176547,0.024950313,0.0027004,-3.62E-07,-0.045014153,0.036931198,0.004949047,-1.54E-06,-0.026191661,0.020393133,0.002593364,-9.34E-08,-0.006178137,0.006447655,0.001009253,3.51E-07,-0.00249871,0.004302509,0.000586199,-3.23E-07,-0.013782737,0.013230152,0.002162842,-7.27E-06,-0.00615066,0.005975862,0.001232927,-5.04E-07,-0.009347369,0.007709602,0.001309834,5.60E-06,-0.006056182,0.003971172,0.000794982,3.29E-08,-0.017580304,0.022699116,0.0020503,6.01E-06,-0.020042232,0.014423481,0.001051515,-1.20E-06,-0.00999044,0.013845715,0.001736795,-1.81E-05,-0.004620991,0.005159307,0.000700699,-7.64E-07,-0.037913532,0.046541851,0.002359096,2.26E-05,-0.031628314,0.03116524,0.001426819,-6.57E-07
462,H,0,-0.126304285,0.108300266,0.048878639,-0.035561625,0.002559364,0.21092243,0.148344244,0.142297997,3.36E-06,0.241626862,0.072977906,0.042817267,-0.016509522,0.01153873,0.006468933,-0.004398506,-0.044455924,0.014088391,0.024365508,-0.021847602,0.023625135,0.060705525,0.042794664,0.042366925,0.01009959,0.497959385,0.135803513,0.107124158,0.003397596,0.288029272,0.087392981,0.065821212,0.006771406,0.486409591,0.103947396,0.074212292,-0.250128576,0.208635911,0.044419652,0.000308484,-0.142688653,0.124439637,0.025114587,-1.12E-05,-0.048913835,0.036527905,0.007993324,1.05E-05,-0.018277732,0.025742946,0.00361989,4.83E-06,-0.054186503,0.041342442,0.005337816,-1.99E-06,-0.01962177,0.020019524,0.00255069,-5.37E-07,-0.007861794,0.00556148,0.000980349,-1.13E-06,-0.003986228,0.003746844,0.000574421,-2.55E-07,-0.013622106,0.013270734,0.002394332,-6.35E-06,-0.009182521,0.006964412,0.001317734,7.36E-07,-0.008988364,0.00750148,0.001440546,6.17E-06,-0.004647666,0.004577186,0.000827713,-2.14E-08,-0.022690856,0.014431303,0.002466323,-0.000119169,-0.004732183,0.00736823,0.000652404,-1.59E-06,-0.014148468,0.017023875,0.002072842,-1.37E-05,-0.005818685,0.009734186,0.00060844,-4.62E-07,-0.02151134,0.014345269,0.002358309,-0.000124292,-0.00389746,0.007974655,0.000712607,-1.39E-06
462,H,1,-0.183250896,0.0873139,0.050121427,-0.029992228,0.001802137,0.201065151,0.145960021,0.140628774,3.36E-06,0.300062889,0.079178133,0.043771351,-0.01616186,0.009412418,0.006224191,-0.004233932,-0.044455924,0.010617076,0.024710894,-0.022195376,0.021447476,0.060705525,0.042170754,0.041671411,0.015227891,0.628011634,0.19733338,0.137097648,0.003397596,0.596005462,0.146297284,0.08377367,0.006771406,0.604889293,0.132429481,0.091197524,-0.259699981,0.230609855,0.041775514,-0.00020275,-0.142866316,0.131737956,0.023401391,1.18E-05,-0.048913835,0.036527905,0.007784018,1.67E-05,-0.018277732,0.025742946,0.003523403,9.39E-07,-0.045197079,0.043213167,0.005401596,4.04E-06,-0.01668794,0.016377171,0.002345966,6.02E-07,-0.004364361,0.00476388,0.000962743,-8.65E-07,-0.002750764,0.00299337,0.000555464,-2.24E-07,-0.013622106,0.013270734,0.002384974,-8.49E-07,-0.009182521,0.006964412,0.001334134,2.50E-07,-0.008988364,0.00750148,0.001503073,1.77E-06,-0.004647666,0.004577186,0.000871364,5.49E-07,-0.022877643,0.023694613,0.002669503,0.000123248,-0.005961731,0.005360757,0.000672039,-1.75E-06,-0.022953039,0.017887994,0.002620615,1.56E-05,-0.004789403,0.014801622,0.000670239,-6.26E-07,-0.02367268,0.025891838,0.002423109,0.000125054,-0.006388819,0.007974655,0.00075191,-1.92E-06
462,H,2,-0.190011863,0.074703704,0.057097336,-0.040087969,0.001727538,0.199406091,0.142131927,0.137036218,1.58E-05,0.307520929,0.112657589,0.078716822,-0.016840201,0.009412418,0.006269644,-0.004154592,-0.044740373,0.018552094,0.022614834,-0.019909621,0.021447476,0.057657228,0.040622513,0.040197154,0.024585614,0.909580358,0.273818345,0.220326746,0.003640396,0.596005462,0.176807054,0.123861733,0.009198969,0.901528616,0.209083122,0.148469321,-0.276617922,0.230609855,0.048317042,-0.000315518,-0.154644397,0.131737956,0.027791081,-2.08E-05,-0.047959431,0.031099827,0.007631483,-2.22E-05,-0.017993465,0.023389647,0.003429232,-6.71E-07,-0.063235755,0.050757012,0.00748675,8.75E-06,-0.021451936,0.022726479,0.003200366,2.89E-06,-0.005156966,0.004785137,0.000983676,-2.12E-06,-0.002341996,0.00299337,0.000551071,-8.46E-07,-0.011796479,0.012874336,0.002370799,7.76E-06,-0.006334616,0.006180473,0.001309476,9.12E-07,-0.007763868,0.008375236,0.001505022,-3.92E-06,-0.00507149,0.004571966,0.000882384,5.35E-07,-0.022877643,0.040731466,0.00425775,7.86E-05,-0.006385465,0.010098537,0.000924193,1.32E-06,-0.022953039,0.017887994,0.003105553,9.99E-05,-0.004789403,0.014801622,0.000725568,3.73E-08,-0.033634583,0.040230779,0.004566903,-1.16E-05,-0.006485826,0.02039212,0.001189728,4.23E-06
462,L,0,-0.121425054,0.032456965,0.072448699,-0.067654112,0.003407883,0.220130799,0.146468565,0.139495016,1.77E-05,0.0706757,0.019967816,0.015789198,-0.018258532,0.010670001,0.007071032,-0.005312478,-0.046026109,0.01439368,0.022391681,-0.019892703,0.022237441,0.062807401,0.040877213,0.040509749,0.013038226,0.324780581,0.107512985,0.09583444,0.003449279,0.19685715,0.052351348,0.041140961,0.009040053,0.317570949,0.093906221,0.079346002,-0.23772827,0.290276931,0.047921432,-0.000156784,-0.175115353,0.130728262,0.027820589,-7.24E-05,-0.058551984,0.037261387,0.008510955,2.45E-05,-0.022885078,0.025604694,0.003820611,1.17E-05,-0.01600507,0.016233711,0.002884713,-4.17E-07,-0.010404996,0.008530101,0.001736277,-3.50E-08,-0.004817615,0.006787814,0.001101183,-1.27E-06,-0.003619754,0.003341189,0.000612399,-8.29E-07,-0.011433466,0.011994192,0.002249224,2.05E-06,-0.006168262,0.005998017,0.001226443,-1.56E-06,-0.010168994,0.006830536,0.00141993,6.57E-07,-0.003616393,0.004601285,0.000844485,1.40E-06,-0.014935575,0.029570256,0.002330292,5.28E-06,-0.006505233,0.011914276,0.000748921,-3.27E-07,-0.012488818,0.007057408,0.001617487,9.08E-06,-0.004388042,0.009727226,0.000547112,-6.16E-08,-0.014764938,0.031309173,0.002580188,1.24E-06,-0.006445085,0.014520559,0.000823101,-2.28E-07
462,L,1,-0.114671417,0.023750872,0.067933411,-0.062402604,0.005296897,0.203910193,0.141259424,0.134417863,4.65E-06,0.315268287,0.043484038,0.021625597,-0.018258532,0.010166627,0.00701885,-0.005067478,-0.043155667,0.016022946,0.022412505,-0.01930139,0.020384138,0.056351272,0.0406339,0.040241691,0.011882749,0.35163468,0.148152565,0.129764527,0.0045112,0.276623216,0.10316963,0.07890974,0.004648523,0.321965053,0.106325961,0.086907643,-0.23772827,0.302668512,0.047877574,6.91E-05,-0.185778367,0.130728262,0.028259657,-6.50E-05,-0.053198652,0.037261387,0.008219522,3.95E-06,-0.020886862,0.025693683,0.003728877,1.05E-05,-0.061471394,0.045727084,0.005045489,-4.07E-06,-0.018180164,0.021440571,0.002293407,1.23E-06,-0.004799158,0.006787814,0.001086742,3.58E-06,-0.002601041,0.00304965,0.000601056,-7.21E-07,-0.010044598,0.011514187,0.002217724,7.63E-07,-0.006168262,0.004709352,0.001241936,-1.34E-06,-0.007539836,0.00688604,0.001383892,-6.15E-07,-0.005822804,0.004044357,0.000836441,1.25E-06,-0.017015669,0.019856146,0.002360852,5.78E-06,-0.003116021,0.005106679,0.000644702,-7.31E-07,-0.010680908,0.006676458,0.001689253,4.27E-06,-0.001920176,0.002483652,0.000466786,-1.57E-06,-0.016552429,0.026935894,0.002646831,2.53E-06,-0.004329795,0.006367668,0.000752964,6.41E-07
462,L,2,-0.120453476,0.045320471,0.052832726,-0.041712782,0.001778016,0.203910193,0.137124949,0.128803404,2.39E-06,0.341859483,0.090973833,0.049480106,-0.01735151,0.008265401,0.006467045,-0.004811475,-0.043155667,0.016022946,0.020618485,-0.016498772,0.020384138,0.056723956,0.04040497,0.039953024,0.011882749,0.787581576,0.247565952,0.203241294,0.005291525,0.679955198,0.200836477,0.149880999,0.004648523,0.417950459,0.144753618,0.116606923,-0.21786026,0.302668512,0.045909006,3.08E-05,-0.185778367,0.136439277,0.027078325,-1.22E-05,-0.053198652,0.034844427,0.00814414,-2.51E-06,-0.021732747,0.025693683,0.003713033,6.67E-06,-0.061471394,0.045727084,0.00651137,6.22E-05,-0.020979779,0.021440571,0.00283703,-9.39E-07,-0.004799158,0.004666921,0.00108174,4.16E-06,-0.002586461,0.002759226,0.000606287,-9.44E-07,-0.014282388,0.011514187,0.002488886,6.09E-07,-0.005782382,0.007384194,0.001374653,4.33E-07,-0.007539836,0.00826497,0.001478314,1.69E-06,-0.005822804,0.004669918,0.000889256,4.48E-07,-0.017015669,0.019856146,0.002745682,0.000127348,-0.003837753,0.005106679,0.000700684,-2.86E-06,-0.010500111,0.015822268,0.002382207,0.000138711,-0.003326399,0.00866702,0.000573602,-1.49E-06,-0.016552429,0.026935894,0.003149355,1.10E-05,-0.004489813,0.006367668,0.00086334,-3.72E-06
462,M,0,-0.195471337,0.045770884,0.057795714,-0.040055726,0.000655112,0.216047532,0.145530769,0.135595854,3.31E-06,0.220466133,0.038160978,0.017250215,-0.016968523,0.007405667,0.005938772,-0.004521871,-0.043442796,0.016741236,0.0216047,-0.017748479,0.021998045,0.058790427,0.041462721,0.040954357,0.014879761,0.577397691,0.215285525,0.177261237,0.003888042,0.28691417,0.089249146,0.064738539,0.004893739,0.557619918,0.195914388,0.146937929,-0.266830576,0.245019371,0.046563254,-0.000365248,-0.168773112,0.15827695,0.027271205,-2.75E-05,-0.058561008,0.039447888,0.008855964,-2.43E-05,-0.02212795,0.024072155,0.003857336,9.85E-06,-0.029171865,0.036561383,0.00355117,-2.97E-06,-0.013360777,0.013736185,0.001789652,2.34E-06,-0.005537583,0.004806998,0.001028107,3.76E-06,-0.002449562,0.003314729,0.000608725,-1.16E-06,-0.012756514,0.012963632,0.002468027,2.09E-06,-0.00601306,0.006596008,0.001346293,2.72E-06,-0.008354529,0.008346778,0.001487771,8.91E-07,-0.004942009,0.005276204,0.000859341,3.98E-09,-0.021248855,0.029241539,0.003029852,-3.84E-05,-0.004482067,0.005731661,0.000692395,-8.65E-07,-0.012341149,0.013104451,0.001750605,8.95E-07,-0.00335051,0.006892164,0.000492087,9.74E-07,-0.020880495,0.027406247,0.003001887,-3.82E-05,-0.004683482,0.005803536,0.000718914,-9.21E-07
462,M,1,-0.128416387,0.068045353,0.045849094,-0.027733075,0.001053679,0.211030328,0.152702366,0.145189312,1.07E-06,0.235784746,0.050694149,0.023850603,-0.015335388,0.009095565,0.006433757,-0.004895477,-0.043852719,0.016741236,0.022122793,-0.019124396,0.021998045,0.0607233,0.041237837,0.04077704,0.014879761,0.341014571,0.1392565,0.121738432,0.003888042,0.28691417,0.092393424,0.069447322,0.004893739,0.29853335,0.104191306,0.084918828,-0.255712505,0.245019371,0.043993426,3.89E-05,-0.168773112,0.160157219,0.026189197,-2.42E-05,-0.054425212,0.040306228,0.009037072,1.43E-05,-0.020599483,0.026049904,0.004066084,9.69E-06,-0.060929722,0.041300194,0.005193075,1.34E-06,-0.021405156,0.023994066,0.00236751,-1.42E-06,-0.005537583,0.004691675,0.001010025,-1.26E-06,-0.002540546,0.003314729,0.000596922,-1.19E-06,-0.013504853,0.012963632,0.002468047,2.58E-07,-0.007161954,0.006428763,0.001377329,-1.70E-06,-0.008354529,0.00769432,0.001528888,-8.07E-07,-0.004713117,0.004263507,0.000874076,1.40E-06,-0.018925175,0.022228423,0.002230226,-2.00E-05,-0.006395159,0.006373475,0.000676401,4.02E-07,-0.012341149,0.014185207,0.001660587,-2.60E-05,-0.00335051,0.010201892,0.000497784,-5.72E-07,-0.020713606,0.02287584,0.002350557,-2.89E-06,-0.006459165,0.012213774,0.000742391,8.01E-07
462,M,2,-0.115303747,0.068045353,0.050826102,-0.034812194,0.000430582,0.211030328,0.150697174,0.141644843,1.07E-06,0.235784746,0.049546252,0.025141867,-0.016789519,0.00947511,0.00667221,-0.004866874,-0.043940569,0.015843259,0.020554611,-0.017721889,0.025442904,0.0607233,0.040638657,0.040288047,0.017773121,0.376566461,0.173293396,0.160950938,0.004528777,0.236936572,0.100435141,0.082532002,0.006152372,0.369637116,0.141221046,0.125508757,-0.221236547,0.218752813,0.044304108,0.000118641,-0.150679353,0.160157219,0.025556638,1.74E-06,-0.054425212,0.040852118,0.008873253,4.52E-05,-0.020599483,0.027795639,0.004058102,1.02E-05,-0.060929722,0.041300194,0.005594359,3.26E-06,-0.021405156,0.023994066,0.002516536,-7.96E-07,-0.004801172,0.006020388,0.001023915,-2.85E-06,-0.002912359,0.002922041,0.000593707,-5.34E-07,-0.013504853,0.013389554,0.002283873,-5.95E-06,-0.007161954,0.006428763,0.001278754,7.95E-07,-0.007562846,0.00769432,0.001440809,-1.03E-08,-0.004713117,0.004903206,0.000840222,5.18E-07,-0.018925175,0.018125126,0.002293798,-1.33E-06,-0.006395159,0.01313741,0.000739739,1.28E-06,-0.008099202,0.014795998,0.001720167,7.49E-08,-0.002947694,0.010201892,0.000558458,-7.87E-07,-0.020713606,0.015735104,0.002538564,-1.31E-06,-0.006459165,0.012213774,0.000820173,1.55E-06
463,H,0,-0.257981,-0.040324662,0.12929467,-0.124687991,0.012224686,0.17428316,0.131876669,0.128101391,1.17E-09,0.151408875,0.031209009,0.015844872,-0.028505534,0.012441749,0.011671158,-0.00890318,-0.053606561,0.009699774,0.035298676,-0.033348271,0.022220613,0.06557588,0.050554643,0.049943208,0.013185038,0.9875473,0.274522856,0.226371489,0.002391226,0.490387019,0.199810717,0.155686289,0.007390955,0.864141983,0.188251098,0.144277211,-0.281295525,0.405459918,0.055360272,0.000212937,-0.160943709,0.179448366,0.030927567,3.59E-05,-0.036190286,0.031405337,0.003674194,-6.16E-06,-0.015128278,0.014619794,0.00178897,3.15E-06,-0.035770034,0.039456967,0.00507718,3.73E-06,-0.023525156,0.016868065,0.002690329,-1.07E-06,-0.005316724,0.006022193,0.001318864,-7.29E-06,-0.003593251,0.003634936,0.000741422,2.51E-07,-0.009723578,0.013452683,0.002001272,5.07E-06,-0.006672629,0.00576747,0.001159779,-6.21E-07,-0.009451069,0.009661299,0.001502763,-2.03E-06,-0.004558485,0.005427659,0.000890805,8.78E-08,-0.040847406,0.048600045,0.006095281,-5.05E-05,-0.011697587,0.027955808,0.001728945,5.02E-07,-0.02233973,0.021569553,0.003732672,-6.32E-05,-0.005155379,0.01330281,0.000944114,5.00E-07,-0.045408984,0.048079924,0.005942881,9.77E-08,-0.013585186,0.042650667,0.001971557,6.23E-07
463,H,1,-0.228866357,0.02000735,0.125591091,-0.121332981,0.012224686,0.17428316,0.134169984,0.131716329,7.52E-09,0.221067038,0.027657431,0.014366941,-0.028505534,0.010587676,0.010598355,-0.008747969,-0.054015237,0.005227493,0.034900026,-0.033406452,0.022220613,0.064120682,0.050601402,0.050042596,0.013185038,0.9875473,0.218192364,0.16072843,0.002391226,0.490387019,0.149646517,0.109174939,0.006242167,0.864141983,0.158788627,0.103344124,-0.268427223,0.272430081,0.048960903,0.000133226,-0.160943709,0.133331617,0.028027188,3.89E-05,-0.036190286,0.031405337,0.003340553,2.23E-06,-0.015128278,0.018553358,0.001654698,1.16E-06,-0.06554535,0.046365826,0.005453277,1.02E-06,-0.046387259,0.040120107,0.003196299,-3.09E-07,-0.005211565,0.006022193,0.00119614,-1.58E-08,-0.002829093,0.002728963,0.00068288,1.37E-06,-0.011067688,0.013452683,0.001917896,1.30E-06,-0.006672629,0.00576747,0.001120608,-2.28E-07,-0.009451069,0.00753293,0.001459829,-3.02E-06,-0.004558485,0.005553974,0.000873372,2.96E-07,-0.03407643,0.048600045,0.005370853,8.30E-05,-0.00907947,0.012404939,0.001151721,-1.30E-06,-0.02233973,0.028220356,0.003735795,5.03E-05,-0.005665983,0.005286092,0.000800034,-7.09E-07,-0.026971408,0.048079924,0.004841651,6.60E-05,-0.009734268,0.025837831,0.001252626,-1.15E-06
463,H,2,-0.251428365,0.02000735,0.127489228,-0.122303277,0.013506494,0.172462703,0.134953216,0.132054569,7.52E-09,0.221067038,0.025129576,0.012283619,-0.026699734,0.008234704,0.011101876,-0.00921868,-0.054015237,0.011398165,0.036111743,-0.034315592,0.019768247,0.064379228,0.051396222,0.050739223,0.020071243,1.186439252,0.234821365,0.164403161,0.002349006,0.434374073,0.14296313,0.104713305,0.006242167,1.104072302,0.186286384,0.109345587,-0.312364025,0.540427042,0.052594615,-0.000275939,-0.263323725,0.261625237,0.029812539,-3.70E-05,-0.032075525,0.036380426,0.00321292,1.48E-06,-0.017467729,0.018553358,0.001604681,-2.34E-06,-0.06554535,0.046365826,0.005044467,-3.24E-06,-0.046387259,0.040120107,0.00305313,9.38E-08,-0.004492984,0.005108676,0.001186108,9.97E-07,-0.002815755,0.003393843,0.000706032,1.13E-06,-0.011067688,0.012978327,0.001916802,4.00E-06,-0.006451611,0.005136112,0.001108046,2.39E-07,-0.009376672,0.007986132,0.001417292,-3.73E-06,-0.003460331,0.005553974,0.000836981,7.84E-07,-0.06653543,0.050468024,0.00637137,4.63E-05,-0.012882218,0.013884598,0.001324067,-1.77E-08,-0.030091722,0.028220356,0.003519839,-1.86E-05,-0.007808794,0.012364482,0.00087106,-3.16E-06,-0.067797085,0.048111123,0.006472658,6.61E-05,-0.012863368,0.016637648,0.001464793,1.59E-06
463,L,0,-0.254553401,-0.063008677,0.136852684,-0.133024655,0.011664255,0.165336377,0.130210831,0.126403407,1.17E-09,0.153979033,0.015206287,0.00548153,-0.026353134,0.008823136,0.008460486,-0.006222862,-0.055925077,0.0107509,0.035478147,-0.033198033,0.023212227,0.06768218,0.050455386,0.049881104,0.012436799,0.57475161,0.187232991,0.15691061,0.002197333,0.300247521,0.098402748,0.076958985,0.011476269,0.524754066,0.159289335,0.12695421,-0.339832533,0.279676143,0.051365703,-0.000511605,-0.140412012,0.16099512,0.028932509,-1.43E-05,-0.040093986,0.026966067,0.003891987,4.03E-06,-0.015706715,0.018128587,0.001963436,3.01E-06,-0.04130564,0.03637754,0.003520408,2.58E-06,-0.018329213,0.017842301,0.001899087,4.58E-07,-0.005341355,0.004808378,0.001145657,-5.41E-06,-0.002963724,0.003284411,0.000652676,4.69E-07,-0.011599238,0.014251174,0.002095292,-4.34E-06,-0.007448475,0.005983114,0.001194612,-4.38E-07,-0.00926592,0.007762754,0.001532502,1.21E-06,-0.004835929,0.00462197,0.000892093,5.50E-07,-0.031756807,0.044585074,0.005178657,-2.22E-05,-0.010262956,0.035096153,0.001334589,-2.01E-07,-0.020950224,0.02070148,0.003004586,-1.60E-05,-0.003480717,0.011199904,0.000797852,7.79E-07,-0.030217954,0.041543202,0.005038626,-2.12E-05,-0.010390644,0.0332576,0.001380541,-1.22E-06
463,L,1,-0.24859164,-0.069847565,0.13897308,-0.13514023,0.016809475,0.162349171,0.130869706,0.127335657,5.15E-08,0.153979033,0.019016559,0.007174159,-0.026353134,0.004943926,0.010379883,-0.008181766,-0.055925077,0.0107509,0.037885707,-0.03593343,0.023403619,0.06768218,0.05167749,0.051096648,0.012436799,0.766905305,0.171156646,0.125280499,0.002154296,0.487881713,0.102938754,0.069389552,0.008847956,0.601064319,0.136741399,0.09182289,-0.300800121,0.279676143,0.050784838,-0.000153871,-0.129088613,0.143266977,0.027738489,-1.02E-05,-0.040093986,0.026966067,0.003660975,1.74E-05,-0.015706715,0.018128587,0.0018889,2.15E-06,-0.04130564,0.040424565,0.004264576,8.79E-07,-0.023659345,0.019951511,0.002277849,-1.61E-07,-0.005341355,0.004893234,0.00123398,3.78E-06,-0.0028195,0.003284411,0.000696776,5.14E-07,-0.008757691,0.014251174,0.002054438,4.60E-07,-0.007448475,0.005983114,0.001201582,-7.50E-07,-0.00926592,0.007709458,0.001594083,-8.54E-07,-0.004835929,0.00462197,0.000956946,5.09E-07,-0.031756807,0.044585074,0.005581317,2.65E-05,-0.010262956,0.035096153,0.001339338,-5.38E-07,-0.024698776,0.024785184,0.003520646,3.33E-05,-0.003434912,0.011199904,0.000799379,3.57E-07,-0.027107422,0.039984683,0.004975607,1.20E-05,-0.010390644,0.0332576,0.00136642,-6.37E-07
463,L,2,-0.223782082,-0.071202623,0.134130727,-0.132160744,0.016809475,0.162349171,0.138416975,0.136699592,1.41E-07,0.140643722,0.012497783,0.004638785,-0.023449196,0.00698197,0.011056723,-0.008910618,-0.055896611,0.005108194,0.037020568,-0.035687213,0.023403619,0.065568176,0.050478695,0.049976673,0.013395541,0.766905305,0.130614747,0.094238547,0.002154296,0.487881713,0.086694881,0.056463754,0.008847956,0.601064319,0.097694472,0.065954163,-0.180245949,0.196272991,0.040327005,0.000151795,-0.105502536,0.08873932,0.023142352,5.26E-06,-0.03264248,0.033768881,0.003011156,-3.07E-06,-0.012283854,0.020598455,0.001539929,2.39E-06,-0.036726575,0.040424565,0.002938674,-1.45E-06,-0.023659345,0.019951511,0.001694373,-2.79E-07,-0.004625482,0.004893234,0.00117631,3.28E-06,-0.002597479,0.002821611,0.000679488,4.54E-07,-0.008757691,0.011710403,0.001780757,2.87E-06,-0.004972675,0.005435829,0.001044907,-1.55E-06,-0.008298422,0.007314201,0.001428269,-1.99E-06,-0.004342257,0.003691052,0.000852154,1.51E-06,-0.02946879,0.037863179,0.003836854,2.81E-05,-0.006355766,0.005545952,0.00084691,-2.13E-06,-0.024698776,0.024785184,0.002547467,5.12E-06,-0.003200088,0.00670791,0.000550599,-1.92E-06,-0.021753229,0.029507985,0.00342754,3.57E-05,-0.005775639,0.006295928,0.00091801,-8.04E-07
463,M,0,-0.253663754,0.05890392,0.119483601,-0.115223935,0.016142487,0.176281274,0.132940039,0.130687183,7.04E-11,0.142072345,0.013931174,0.005276834,-0.027234894,0.011405204,0.01341995,-0.0107271,-0.052200779,0.004083062,0.036993952,-0.035789157,0.020908831,0.062899779,0.051737615,0.051353089,0.011897694,2.163233472,0.247803594,0.138807189,0.003028543,1.053825236,0.141147497,0.080088051,0.007804523,1.889236922,0.203676227,0.100445784,-0.29993518,0.23622975,0.051610416,3.81E-05,-0.174496718,0.140357854,0.028311682,-3.13E-06,-0.032332772,0.033235316,0.003242095,9.62E-06,-0.012750752,0.017623641,0.001576087,-3.05E-07,-0.029168511,0.035286475,0.003144224,-4.76E-06,-0.02042269,0.016741229,0.001749833,-4.12E-07,-0.00415677,0.006233646,0.00119591,-3.16E-06,-0.002943699,0.002661563,0.000720251,1.09E-06,-0.010941549,0.011113239,0.001989247,-2.17E-06,-0.007090217,0.006095822,0.001179141,8.16E-07,-0.008933906,0.007137774,0.001432038,1.41E-06,-0.004191522,0.004795873,0.000876798,-3.80E-07,-0.149274814,0.088192796,0.009903659,1.31E-05,-0.021069809,0.032155816,0.001791159,2.78E-06,-0.069889504,0.040964906,0.004717006,-1.34E-05,-0.008409716,0.018546052,0.000982744,6.74E-07,-0.132487888,0.082856325,0.009333594,3.81E-05,-0.020020173,0.029615742,0.001844243,3.45E-06
463,M,1,-0.254110207,0.05890392,0.112512715,-0.108263797,0.013106178,0.164137092,0.135524732,0.133350303,7.04E-11,0.147304248,0.017666592,0.005896894,-0.025750953,0.008830398,0.012604517,-0.01039309,-0.051599085,0.007034104,0.036991559,-0.035847037,0.021804617,0.064666458,0.05065528,0.050250652,0.014434671,2.163233472,0.274281467,0.174093099,0.003028543,1.053825236,0.149502077,0.088471656,0.009942964,1.889236922,0.229955327,0.134046595,-0.395458224,0.302463593,0.056703639,2.29E-05,-0.198841884,0.140357854,0.030529461,4.97E-05,-0.033957862,0.029859174,0.003155141,-3.01E-05,-0.012410906,0.017164057,0.001602045,6.34E-06,-0.03290054,0.038841303,0.003771256,1.96E-06,-0.020968349,0.018103184,0.001906222,-3.66E-07,-0.006243215,0.006233646,0.001239648,2.79E-06,-0.004415391,0.002723422,0.000724239,2.15E-06,-0.010454251,0.011892227,0.001967418,9.53E-06,-0.007090217,0.006095822,0.001195791,-1.65E-06,-0.00740419,0.009996211,0.00152394,-6.31E-06,-0.004191522,0.004138816,0.000940301,1.15E-06,-0.149274814,0.088192796,0.01042349,0.00024417,-0.021069809,0.032155816,0.001952526,-6.77E-06,-0.069889504,0.040964906,0.005350776,9.33E-05,-0.008409716,0.015656579,0.001032791,-1.66E-07,-0.132487888,0.082856325,0.009708365,0.000225067,-0.020020173,0.03104658,0.00200391,-7.22E-06
463,M,2,-0.254110207,-0.040252115,0.128132665,-0.123786052,0.01060226,0.170114936,0.132224334,0.12810056,1.01E-08,0.147304248,0.017908842,0.006010162,-0.026073116,0.006861416,0.013931378,-0.012061617,-0.052340592,0.007691972,0.035733368,-0.033833959,0.021804617,0.065457022,0.050370985,0.049781909,0.011025149,0.881395876,0.267362543,0.212319493,0.003600551,0.594495068,0.185232843,0.125771467,0.007834732,0.821212015,0.192799179,0.145967893,-0.4493405,0.320893539,0.0588105,-0.000128675,-0.251462575,0.196972434,0.032414682,2.19E-05,-0.034933164,0.034469632,0.003767617,-6.96E-06,-0.01301608,0.017164057,0.001753867,1.16E-06,-0.03290054,0.038841303,0.003868963,3.81E-06,-0.020968349,0.018103184,0.00193528,2.33E-07,-0.006510578,0.006632418,0.001292216,1.79E-06,-0.004415391,0.003243918,0.000726575,8.21E-07,-0.011624983,0.011956765,0.002028265,3.75E-07,-0.005580143,0.007230511,0.001172591,-9.47E-07,-0.008560804,0.009996211,0.001564866,2.92E-07,-0.0043407,0.004367905,0.000934482,8.46E-07,-0.049878997,0.055266262,0.007358233,0.00010676,-0.006918947,0.024887354,0.001547289,-3.53E-07,-0.023254541,0.02356061,0.004531902,7.07E-05,-0.004828951,0.016650535,0.001064732,3.39E-07,-0.052492977,0.054647605,0.007050491,7.39E-05,-0.007071438,0.03104658,0.001678822,-6.45E-07
464,H,0,-0.176845897,0.196939037,0.056795109,-0.034489886,0.005740467,0.217846863,0.177227039,0.170982015,1.67E-07,0.209268643,0.037437222,0.017862725,-0.016124893,0.012972289,0.004538313,0.001016626,-0.055136471,0.024246811,0.021070792,-0.017816407,0.017344349,0.061530286,0.041289891,0.040857823,0.011838389,1.436863018,0.268107665,0.174699771,0.004228023,0.410938537,0.119183997,0.080314791,0.007279889,1.423974876,0.240160145,0.136939683,-0.440966635,0.311439451,0.044343677,-0.000362284,-0.199433443,0.299547469,0.024486387,-2.48E-05,-0.047262117,0.055279516,0.005677999,-2.69E-05,-0.020828537,0.027323261,0.002523904,4.22E-06,-0.050105834,0.030204968,0.004067752,2.26E-06,-0.018888814,0.017140975,0.002076093,-1.38E-06,-0.004337746,0.005624404,0.000920784,-1.22E-06,-0.002725478,0.002353017,0.000527261,-7.02E-07,-0.013464535,0.010039936,0.00207433,1.17E-06,-0.006854591,0.008330913,0.00119759,-1.30E-06,-0.007115657,0.010563867,0.001402395,-1.73E-07,-0.006906141,0.005803102,0.000845481,1.82E-06,-0.085855206,0.069815773,0.008949348,3.07E-05,-0.013576542,0.02312281,0.001549159,-3.37E-07,-0.010397923,0.014524093,0.002361592,8.72E-06,-0.00356405,0.010087225,0.000643065,-3.53E-07,-0.089906624,0.078593061,0.009771705,3.39E-05,-0.018818763,0.059149172,0.00203864,5.42E-07
464,H,1,-0.17743649,0.062211803,0.076053631,-0.064242751,0.01807142,0.217692432,0.178321575,0.173705828,1.50E-06,0.209268643,0.043540957,0.021722342,-0.012565722,0.011941531,0.004714064,0.000318624,-0.039012098,0.018708563,0.019428562,-0.01706865,0.026357213,0.055814182,0.041198727,0.040896571,0.011838389,0.796048857,0.183287006,0.132091442,0.002929036,0.240411933,0.075103654,0.0583154,0.005665835,0.788783786,0.167193204,0.110170688,-0.200352582,0.182968534,0.034943724,-0.000119897,-0.128777522,0.114655422,0.019846311,-9.19E-06,-0.047262117,0.04604007,0.004216858,3.66E-05,-0.016250973,0.019260204,0.001872016,3.91E-06,-0.054645076,0.036567243,0.004863886,5.11E-06,-0.025808297,0.019255045,0.002393531,-5.17E-07,-0.00338798,0.005624404,0.000846108,-1.81E-06,-0.002725478,0.002103424,0.000488674,1.19E-08,-0.013464535,0.009334037,0.001662309,-2.26E-06,-0.005984126,0.006254894,0.000973194,-6.07E-07,-0.006308994,0.009122145,0.001168829,4.80E-06,-0.004433436,0.005803102,0.00072128,1.12E-06,-0.024039926,0.040008286,0.00474322,-0.000104295,-0.008428086,0.006333879,0.000855843,-6.89E-06,-0.010397923,0.01627633,0.002005969,-3.40E-05,-0.003143716,0.010087225,0.000529446,-2.76E-06,-0.023958212,0.039258794,0.004783477,-9.89E-05,-0.008415436,0.008272989,0.000922998,-6.33E-06
464,H,2,-0.17743649,-0.019740671,0.099285688,-0.097347473,0.021605006,0.210140998,0.178971577,0.176325827,6.63E-08,0.202803417,0.032030778,0.014298976,-0.012565722,0.011210119,0.004647008,-0.000817864,-0.031794292,0.015315206,0.017998572,-0.017057128,0.02773818,0.056507384,0.041709655,0.041451971,0.015493023,0.576918316,0.136887356,0.109312768,0.002556224,0.240411933,0.06287531,0.043202591,0.005665835,0.530493163,0.121592943,0.094592135,-0.200352582,0.205193747,0.029470095,0.000244451,-0.129223957,0.114655422,0.017264226,6.70E-06,-0.041458227,0.040384439,0.003319811,1.44E-05,-0.012308995,0.016356508,0.001462177,3.43E-06,-0.054645076,0.036567243,0.004365506,2.61E-05,-0.025808297,0.019255045,0.002182685,-5.93E-06,-0.005093346,0.004630788,0.000836624,1.69E-06,-0.002122939,0.003272846,0.000485329,-2.91E-08,-0.008961533,0.008341507,0.001264062,2.02E-06,-0.004382838,0.003847057,0.000772405,-5.80E-07,-0.004685498,0.00498708,0.000986059,-2.50E-06,-0.002391878,0.002194686,0.000587882,6.68E-07,-0.0179689,0.040008286,0.003624114,-3.58E-05,-0.004297505,0.009446933,0.000701395,-2.97E-07,-0.009211569,0.01627633,0.001695072,-3.43E-05,-0.003143716,0.006088035,0.000418428,-7.28E-07,-0.018900376,0.039258794,0.003648735,-1.48E-05,-0.004340732,0.016748454,0.000822042,3.92E-07
464,L,0,-0.103731116,0.326954987,0.068612242,-0.034995363,0.011009471,0.251221405,0.17530082,0.171780209,4.49E-07,0.143507284,0.01970211,0.009423695,-0.010420354,0.014616807,0.004043304,-0.000955591,-0.037496753,0.020629475,0.021542751,-0.019627206,0.026899792,0.059847366,0.042499854,0.04210959,0.010083195,1.028569004,0.147300932,0.107524977,0.003194844,0.292084481,0.072718396,0.055284518,0.005385046,1.027764089,0.128099958,0.08323027,-0.195662364,0.20047857,0.038372332,-0.000489442,-0.121491734,0.113529006,0.020751573,4.79E-05,-0.041192534,0.035914504,0.003578827,-4.87E-05,-0.013780421,0.015330849,0.001577272,3.15E-06,-0.02423163,0.022156458,0.002217456,2.61E-06,-0.009914303,0.009318558,0.001329676,-4.10E-07,-0.003334508,0.004344061,0.000793014,1.44E-06,-0.002312464,0.0019026,0.00046988,1.56E-06,-0.010299519,0.012262345,0.00173919,4.86E-06,-0.006333701,0.006249822,0.000998757,-3.69E-07,-0.007089609,0.005595725,0.001123353,-2.80E-06,-0.003546308,0.00296234,0.000651545,-9.50E-08,-0.071214969,0.042841621,0.005199895,-0.000143891,-0.008425154,0.036847105,0.001166198,8.00E-06,-0.009815234,0.012356364,0.0018363,2.94E-05,-0.002647074,0.002402504,0.000447835,-4.43E-07,-0.072881312,0.043128035,0.005390617,-0.000149367,-0.008536012,0.041339139,0.001300869,8.00E-06
464,L,1,-0.110873562,-0.011693094,0.072518753,-0.069196733,0.01458923,0.207274952,0.177277583,0.174240535,4.49E-07,0.203301098,0.022166335,0.009320329,-0.011440589,0.010373218,0.004353819,-0.000614397,-0.037496753,0.014649148,0.020066422,-0.018236633,0.026777529,0.056551919,0.04239086,0.042065962,0.010083195,0.53519066,0.159953687,0.12335499,0.003194844,0.151379713,0.055356377,0.047092138,0.006080364,0.533029613,0.150069496,0.107224476,-0.158624322,0.190900078,0.032733086,-4.56E-05,-0.121491734,0.113202249,0.020023979,9.98E-06,-0.048649775,0.032580763,0.003444888,-4.14E-05,-0.016651634,0.017721814,0.001508355,2.00E-06,-0.049025136,0.041160689,0.003732014,-2.50E-06,-0.018288352,0.01897811,0.001894506,7.51E-07,-0.003580001,0.003707762,0.000794671,3.72E-07,-0.00203097,0.00249352,0.000470206,-5.48E-07,-0.010299519,0.010340095,0.001560471,1.06E-05,-0.006333701,0.005158822,0.000919706,-1.13E-07,-0.007089609,0.005595725,0.001042716,-4.00E-06,-0.002504226,0.00296234,0.00062023,5.72E-07,-0.014479978,0.028291096,0.002885072,0.000130355,-0.004608271,0.007981672,0.000620541,-2.06E-06,-0.007549912,0.007776749,0.001233106,1.16E-05,-0.001706058,0.001743845,0.00034174,-6.79E-07,-0.014343375,0.033989373,0.003025743,0.000131319,-0.004506672,0.009145627,0.000681605,-2.14E-06
464,L,2,-0.110873562,0.023318083,0.060675438,-0.049097325,0.01458923,0.220948289,0.182150137,0.179307202,6.28E-07,0.211892056,0.039337871,0.016914787,-0.011440589,0.012128087,0.004260371,0.000379761,-0.045552481,0.015227984,0.016966298,-0.015083254,0.021752201,0.058446692,0.039737976,0.039419453,0.010844307,0.53519066,0.239966497,0.204770774,0.004277714,0.140175598,0.05670858,0.048633047,0.00619296,0.533029613,0.233169587,0.192826595,-0.190689881,0.190900078,0.031749789,0.000150541,-0.105993397,0.096486173,0.018852924,-2.45E-05,-0.048649775,0.034042941,0.003620547,3.78E-05,-0.016651634,0.017721814,0.001633762,2.68E-06,-0.060203985,0.041160689,0.004701478,4.13E-06,-0.025349876,0.028529297,0.002355542,4.21E-07,-0.003580001,0.003927051,0.000831968,-2.92E-06,-0.00203097,0.00249352,0.000485849,-5.01E-07,-0.009721172,0.010340095,0.001515699,-2.84E-06,-0.00591398,0.005158822,0.000898151,1.10E-07,-0.005020842,0.00584498,0.001003502,5.90E-07,-0.0028099,0.004544534,0.000604693,7.83E-07,-0.014479978,0.028291096,0.002958531,-0.000112071,-0.004608271,0.007981672,0.000641989,-2.05E-07,-0.007549912,0.007486777,0.001365746,-3.35E-05,-0.001878841,0.001743845,0.000389599,5.40E-07,-0.014343375,0.033989373,0.003109911,-0.000106383,-0.004506672,0.009145627,0.000685378,-5.14E-07
464,M,0,-0.125131059,0.098193367,0.052500376,-0.010792165,0.018435523,0.215845623,0.182468418,0.18007022,1.26E-07,0.19148545,0.024116527,0.010213014,-0.010188167,0.014825553,0.00505823,0.002214581,-0.041664683,0.015167192,0.025035481,-0.023545999,0.026583562,0.06115529,0.045434903,0.045040912,0.010273139,0.436655312,0.210642039,0.16023723,0.004186115,0.25299456,0.08665693,0.066934707,0.007791882,0.430992637,0.191991263,0.12317329,-0.284988474,0.211526385,0.035486118,0.000198102,-0.13945654,0.083608197,0.019947851,-4.49E-06,-0.039643404,0.034064854,0.003285083,-6.74E-06,-0.014772994,0.01522494,0.001464305,3.14E-06,-0.03606032,0.038549162,0.00333946,1.14E-06,-0.016566874,0.01401161,0.001719963,-8.78E-07,-0.003637845,0.004481406,0.000857007,1.66E-06,-0.002300922,0.002188385,0.000503436,-6.20E-07,-0.011953009,0.014779649,0.001530252,2.60E-06,-0.007946672,0.007368845,0.0008944,1.96E-07,-0.007357337,0.005345249,0.001012753,-3.24E-06,-0.00399289,0.00357584,0.000614319,2.89E-07,-0.013741018,0.016356622,0.001935398,3.53E-05,-0.003153346,0.003433965,0.000512637,-8.32E-07,-0.013634337,0.012040681,0.001263676,-5.34E-05,-0.002777679,0.009088684,0.000445103,-8.12E-07,-0.013488717,0.017746654,0.002175633,8.69E-05,-0.003207495,0.006855712,0.000629141,-7.93E-07
464,M,1,-0.252903814,0.425027394,0.14648538,0.005722009,0.017309672,0.219442843,0.177727374,0.174477725,1.50E-09,0.194870328,0.024211375,0.010144564,-0.011497874,0.012529439,0.004102516,0.000257778,-0.042616247,0.017448327,0.02302584,-0.02103515,0.02229999,0.062762242,0.043328675,0.042936124,0.010273139,0.880141377,0.285490929,0.228416586,0.004186115,0.234485938,0.07033533,0.056737272,0.007791882,0.862378161,0.276691185,0.216096401,-0.284988474,0.269737602,0.038313288,-0.000700305,-0.147132324,0.103734966,0.020455804,-1.92E-06,-0.039643404,0.042283058,0.004176568,-2.44E-07,-0.016631257,0.017851395,0.001825402,4.51E-06,-0.044743942,0.035292467,0.003489109,-2.52E-06,-0.018797009,0.013684949,0.001800305,-3.91E-07,-0.003827943,0.004667761,0.000880809,7.87E-07,-0.002136733,0.002255289,0.000511516,3.06E-07,-0.011953009,0.014779649,0.001708758,3.31E-06,-0.007946672,0.006568429,0.000991006,-1.10E-06,-0.007896177,0.006071953,0.001115847,-3.00E-06,-0.004058476,0.003725378,0.000658982,1.43E-06,-0.021098924,0.030426805,0.003947246,7.69E-05,-0.004169073,0.010817906,0.000737968,3.47E-08,-0.009608421,0.012040681,0.001653004,1.08E-05,-0.002297358,0.009088684,0.00045147,-1.05E-06,-0.028696818,0.041079226,0.004196891,8.53E-05,-0.005148673,0.027218549,0.000950136,3.16E-07
464,M,2,-0.252903814,0.425027394,0.171483158,-0.051935607,0.017309672,0.219442843,0.174593797,0.170951857,1.50E-09,0.195048481,0.033420772,0.01450652,-0.012015331,0.013598295,0.005010655,-0.000398968,-0.042616247,0.017448327,0.019321899,-0.017307009,0.02229999,0.062762242,0.041063474,0.04069212,0.025024737,0.880141377,0.253355211,0.204516756,0.00614231,0.308923415,0.095831323,0.077771025,0.018311486,0.862378161,0.234531918,0.18061321,-0.230422136,0.269737602,0.036389021,-0.000341812,-0.147132324,0.103734966,0.019017085,-1.31E-05,-0.038140016,0.042283058,0.004335375,-8.53E-06,-0.016631257,0.017923719,0.001929396,5.44E-06,-0.053377295,0.055281016,0.004776213,8.62E-07,-0.036223658,0.0264233,0.002401417,-5.20E-07,-0.003827943,0.004667761,0.000890895,-5.04E-07,-0.0023793,0.002255289,0.000512401,-2.44E-07,-0.010536551,0.012841115,0.001746342,-8.22E-07,-0.006491972,0.005756329,0.00102665,-7.98E-07,-0.007896177,0.006071953,0.001145589,1.44E-06,-0.004058476,0.003725378,0.000668091,1.40E-06,-0.021098924,0.030426805,0.004262063,-4.32E-05,-0.004169073,0.010817906,0.000746053,1.08E-06,-0.009608421,0.012419026,0.001795653,1.84E-05,-0.003128666,0.00236132,0.000399606,6.08E-07,-0.028696818,0.041079226,0.004500696,-5.63E-05,-0.005148673,0.027218549,0.000965409,9.96E-07
465,H,0,-0.301543885,0.082665551,0.187223585,-0.181008246,0.003759812,0.19787367,0.159246059,0.154534779,7.81E-07,0.168734823,0.024420027,0.013371427,-0.013045687,0.010593886,0.00428298,-0.001166361,-0.038053404,0.022746988,0.015764753,-0.010304984,0.022196933,0.058579862,0.042430677,0.041798691,0.012916288,0.581233264,0.188734344,0.143474377,0.003444258,0.407582541,0.13994082,0.103329245,0.004001715,0.472346514,0.126638144,0.083228802,-0.276781893,0.297263809,0.053315373,-0.000393778,-0.156661649,0.175243005,0.029609184,-5.01E-05,-0.044728822,0.034012794,0.004846306,7.77E-06,-0.016625296,0.022427561,0.002139042,-5.85E-06,-0.02984192,0.0337949,0.003634484,3.81E-05,-0.015588932,0.012869066,0.001986825,-3.30E-06,-0.005205549,0.005472232,0.001015675,2.88E-06,-0.00337655,0.003123116,0.0005956,-6.94E-07,-0.013973523,0.014027115,0.002575613,4.18E-06,-0.008360814,0.008614142,0.001488158,1.80E-06,-0.010181599,0.008099798,0.001318174,-5.36E-06,-0.006646337,0.004912632,0.000812032,1.82E-07,-0.043262442,0.036006805,0.006877108,-1.25E-05,-0.00787517,0.015140302,0.001415212,-1.74E-06,-0.028167276,0.025451617,0.004290681,3.31E-06,-0.006001879,0.014768124,0.000948775,-1.33E-06,-0.045720882,0.043111013,0.006972288,-1.18E-05,-0.008508192,0.021361478,0.001721381,-1.34E-06
465,H,1,-0.301543885,-0.113962765,0.197358071,-0.19412001,0.007387726,0.197172827,0.160140874,0.157790878,7.81E-07,0.188209985,0.03123597,0.015665224,-0.012067664,0.011792672,0.003818576,-8.02E-05,-0.041434361,0.021647979,0.018909985,-0.014255022,0.022196933,0.060010718,0.044679911,0.044084743,0.012916288,0.630440474,0.161703121,0.125751765,0.004158171,0.318621089,0.098942799,0.073392638,0.004001715,0.629583306,0.127899264,0.083215541,-0.235111646,0.244535294,0.048899972,-0.000179886,-0.162519528,0.145732601,0.027328085,-6.23E-05,-0.044728822,0.030482903,0.004423924,-2.19E-06,-0.016625296,0.022427561,0.002104201,-4.77E-06,-0.044300186,0.0337949,0.004340639,5.47E-06,-0.01836345,0.016871543,0.002198187,1.75E-07,-0.004036771,0.005266895,0.000946705,-4.68E-07,-0.00337655,0.003123116,0.000562317,-1.65E-07,-0.013973523,0.014050576,0.002543112,-4.27E-06,-0.008360814,0.007456231,0.001442743,2.99E-06,-0.010181599,0.008099798,0.001315995,3.47E-06,-0.006646337,0.004710524,0.000796004,-4.08E-07,-0.040476542,0.034308264,0.004738691,1.01E-05,-0.006868161,0.015140302,0.001044004,5.90E-08,-0.028167276,0.02580274,0.003589997,7.28E-06,-0.006230873,0.017594477,0.001017329,-5.65E-07,-0.037644708,0.03612254,0.004527408,9.86E-06,-0.007361206,0.019774539,0.001203211,5.07E-07
465,H,2,-0.355217643,-0.113962765,0.239124171,-0.233318955,0.007797076,0.197172827,0.1535415,0.151421634,5.49E-08,0.189971887,0.038847736,0.020982767,-0.013624231,0.011792672,0.003858608,-0.000598933,-0.041434361,0.025843293,0.018102625,-0.014372457,0.022409183,0.061672848,0.045726535,0.04520228,0.021520998,0.630440474,0.169483383,0.145535523,0.006469396,0.250463723,0.110112843,0.093803897,0.005803878,0.629583306,0.12884013,0.085521198,-0.223888801,0.246327233,0.043587993,-0.000123282,-0.162519528,0.135325048,0.024242073,-5.35E-05,-0.040925159,0.030482903,0.004160639,-8.47E-07,-0.014658991,0.020085122,0.001958467,-5.04E-06,-0.044300186,0.036355859,0.005013215,-3.21E-05,-0.01836345,0.016871543,0.002420574,1.72E-06,-0.004551218,0.005306195,0.000911216,-1.81E-06,-0.0032015,0.003227421,0.000536113,-1.52E-07,-0.013561537,0.014050576,0.002354159,2.11E-06,-0.008170516,0.006536299,0.001329785,2.01E-06,-0.007774589,0.008079501,0.00132588,5.67E-06,-0.00443172,0.004710524,0.000792947,-4.80E-07,-0.023074186,0.034308264,0.00398506,-7.91E-07,-0.006868161,0.012461687,0.000874873,1.52E-06,-0.019425535,0.02580274,0.002966496,-2.76E-06,-0.006230873,0.017594477,0.000865228,2.52E-06,-0.023073669,0.031267677,0.003869974,1.66E-06,-0.005161071,0.011159806,0.000981241,7.06E-07
465,L,0,-0.314070334,-0.008843804,0.173931856,-0.16750554,0.005679632,0.194973833,0.150348853,0.146040606,5.90E-07,0.210942208,0.03512569,0.017687587,-0.013435921,0.013800846,0.004487189,3.51E-05,-0.041300549,0.022502589,0.020701942,-0.01691701,0.023404017,0.06114876,0.042516963,0.041973499,0.016714932,0.699409526,0.184335804,0.14002018,0.003989085,0.527237596,0.118245476,0.084653491,0.007633203,0.573832779,0.14141321,0.101510749,-0.218323913,0.309282775,0.043468188,-0.000298533,-0.138471322,0.148155086,0.023714101,-5.60E-06,-0.039267152,0.031891514,0.004779099,-3.42E-05,-0.013304359,0.016740069,0.002142713,-2.28E-06,-0.048845338,0.04421246,0.004357323,-1.12E-05,-0.020672263,0.022528913,0.002264646,3.38E-06,-0.005240363,0.00494589,0.000954766,-8.84E-07,-0.002942051,0.002525533,0.000568275,-1.19E-06,-0.01652212,0.016294156,0.002417462,4.03E-06,-0.009925989,0.007432587,0.001377499,7.06E-07,-0.006358573,0.008163321,0.001255746,-2.91E-06,-0.003951877,0.00455219,0.00076936,-1.25E-06,-0.034217956,0.05883366,0.00538421,3.28E-05,-0.011982217,0.009071805,0.001028488,-4.60E-07,-0.024992983,0.029718298,0.003606762,-3.22E-07,-0.005509571,0.011952933,0.000746185,-1.00E-06,-0.030653203,0.050776211,0.005040225,3.35E-05,-0.010661396,0.018452848,0.001169989,9.25E-08
465,L,1,-0.344141339,0.014305633,0.208264414,-0.198178883,0.005679632,0.194973833,0.152232543,0.1491401,5.90E-07,0.071411359,0.010460235,0.006659788,-0.015633843,0.013800846,0.004864009,-0.000568832,-0.038863145,0.023115769,0.019286523,-0.015550198,0.023404017,0.059845175,0.043712577,0.043142488,0.018351819,0.568457308,0.173418844,0.143899014,0.003989085,0.370792119,0.099942235,0.079877779,0.006956596,0.440796068,0.141723835,0.109457393,-0.240419172,0.266807589,0.043700119,-0.000595721,-0.161756884,0.130955543,0.024718909,-6.66E-05,-0.040099107,0.030997101,0.004436228,1.53E-06,-0.01398791,0.016254448,0.00187138,-4.22E-06,-0.017811689,0.017518729,0.002276511,-3.45E-06,-0.012366972,0.00966783,0.001495364,-8.55E-08,-0.005240363,0.00385302,0.000951507,-3.70E-06,-0.002676939,0.002672012,0.000560162,1.93E-07,-0.01652212,0.016294156,0.002357255,1.90E-06,-0.009925989,0.008021734,0.001357527,2.25E-06,-0.006358573,0.008163321,0.001281993,3.06E-06,-0.003951877,0.00455219,0.000785519,-1.58E-06,-0.035154145,0.035705302,0.004891962,1.91E-05,-0.009728184,0.012410537,0.00100059,7.71E-07,-0.021145078,0.015565596,0.003203736,1.84E-05,-0.005039816,0.013337007,0.000774795,5.62E-07,-0.035633545,0.03541987,0.004701151,9.83E-06,-0.009637024,0.025030499,0.001178615,3.27E-07
465,L,2,-0.374613341,0.014305633,0.272435493,-0.26241733,0.006992328,0.191076473,0.146965229,0.144784283,4.51E-08,0.189219235,0.027215895,0.010748622,-0.016292533,0.013879889,0.005354064,-8.76E-05,-0.041172793,0.023115769,0.018282206,-0.014800673,0.014606484,0.059845175,0.044594679,0.04407743,0.017753674,0.651550584,0.170609662,0.138740817,0.006002539,0.370792119,0.108445134,0.087989197,0.006956596,0.605582849,0.131709186,0.09114636,-0.249973736,0.266807589,0.046908429,-5.81E-05,-0.161756884,0.109651366,0.02595077,-4.63E-05,-0.040099107,0.030997101,0.003843657,3.14E-05,-0.01398791,0.015190639,0.001690707,-3.34E-06,-0.032174364,0.037494574,0.003202521,1.98E-05,-0.01421124,0.014519022,0.001729029,4.31E-06,-0.005052796,0.005999299,0.001014045,2.24E-06,-0.002565033,0.002679959,0.000586526,7.35E-07,-0.009762656,0.013575155,0.001995047,-9.38E-06,-0.007018882,0.008021734,0.00113756,2.38E-06,-0.006788617,0.006324286,0.001319072,6.95E-06,-0.003159725,0.003054076,0.000784875,-1.58E-08,-0.035614894,0.047320301,0.005063758,-6.05E-05,-0.009728184,0.013137705,0.001017179,-5.61E-07,-0.021145078,0.020548005,0.003284921,7.54E-06,-0.005039816,0.013337007,0.000791295,-2.46E-08,-0.035633545,0.043830283,0.00478451,-6.93E-05,-0.009637024,0.025030499,0.001196431,-3.81E-07
465,M,0,-0.274794493,-0.091038706,0.191258244,-0.187627572,0.01010778,0.19871282,0.162301691,0.15808177,1.11E-07,0.18080157,0.016311855,0.008609018,-0.011767341,0.014523448,0.003707109,0.000400309,-0.038673413,0.031219104,0.017779241,-0.012617869,0.022592531,0.058956395,0.04307695,0.042573393,0.0148657,0.489382805,0.130129097,0.102058932,0.004456009,0.336777752,0.097558089,0.078363668,0.006034241,0.363534813,0.086116207,0.054793367,-0.236704257,0.22891315,0.043843577,-7.63E-05,-0.158962908,0.127769045,0.025050383,-2.57E-05,-0.035821812,0.03043472,0.004234175,-1.09E-05,-0.012881089,0.019109908,0.001906568,-2.43E-06,-0.028619409,0.036535435,0.002942541,3.58E-05,-0.014700374,0.01384028,0.001604811,-3.77E-06,-0.004890483,0.004942156,0.000876321,-9.86E-07,-0.003018897,0.002331405,0.000512983,-3.83E-07,-0.014205035,0.01658611,0.002327526,-7.00E-06,-0.008396372,0.008753963,0.001355916,2.03E-06,-0.006774776,0.00592368,0.001135748,4.07E-06,-0.005063157,0.005248208,0.000730468,-4.85E-07,-0.034959231,0.031104967,0.004526831,-2.60E-05,-0.007442195,0.008094264,0.000958518,1.17E-07,-0.020320337,0.023139686,0.003031057,-1.34E-05,-0.004190883,0.013251744,0.00073399,-5.65E-08,-0.029574416,0.026928939,0.004146488,-2.41E-05,-0.007001294,0.012925661,0.001053901,3.83E-07
465,M,1,-0.254792184,-0.093316004,0.192766436,-0.190608024,0.003514279,0.199603672,0.16685844,0.164538302,1.11E-07,0.211601654,0.037629664,0.019751134,-0.011767341,0.01343108,0.003934355,8.57E-05,-0.03795299,0.021723317,0.017102468,-0.012628109,0.022763876,0.061188068,0.045112268,0.044644589,0.012289926,0.389251204,0.103990282,0.083564885,0.002689075,0.247267346,0.074234902,0.058725573,0.006078962,0.30996595,0.072822785,0.053508883,-0.225235799,0.22891315,0.043946033,-0.000102902,-0.158962908,0.118446709,0.025169843,-1.92E-05,-0.037964237,0.030224969,0.003682034,-5.65E-06,-0.014828754,0.015242943,0.001654955,-2.74E-06,-0.043094228,0.048242913,0.00527662,1.90E-05,-0.025645763,0.015844896,0.002560607,1.27E-06,-0.004191053,0.00504767,0.000910835,-1.78E-07,-0.003018897,0.002331405,0.000535985,-8.02E-08,-0.01577247,0.014753072,0.002235367,-2.83E-06,-0.006056966,0.009933113,0.001333079,1.05E-06,-0.006747017,0.00597216,0.001094371,6.59E-07,-0.004706972,0.004951972,0.000684901,-3.35E-07,-0.034959231,0.031104967,0.004051252,-7.48E-06,-0.005933495,0.008915324,0.000972251,7.20E-07,-0.020320337,0.023139686,0.003043136,-9.74E-06,-0.003541592,0.013251744,0.000832644,1.35E-07,-0.028447464,0.021900719,0.003428035,4.22E-06,-0.005408696,0.006317214,0.000986126,1.63E-07
465,M,2,-0.252860875,-0.093316004,0.187812116,-0.185542711,0.003514279,0.199603672,0.16186588,0.158897995,3.27E-06,0.211601654,0.04316959,0.023771919,-0.011256543,0.01343108,0.003820115,0.000198248,-0.039229853,0.021723317,0.019726504,-0.015109882,0.025836722,0.06137741,0.045893598,0.045364394,0.012289926,0.344953591,0.124374815,0.108741869,0.002689075,0.192265779,0.080746936,0.068564569,0.006219692,0.322811122,0.094599298,0.075185597,-0.209658175,0.253130056,0.046196478,6.16E-05,-0.14870055,0.137509965,0.025851338,-3.19E-05,-0.037964237,0.030224969,0.004093673,1.75E-06,-0.014828754,0.015565817,0.001807244,-3.70E-06,-0.043094228,0.048242913,0.005395853,-4.10E-05,-0.025645763,0.016168165,0.002664214,3.63E-06,-0.004023332,0.00504767,0.000911729,5.55E-07,-0.002770318,0.002355859,0.000522833,-4.61E-07,-0.01577247,0.014753072,0.002273068,-1.63E-06,-0.006834483,0.009933113,0.00130583,1.43E-06,-0.006747017,0.00597216,0.00116288,8.74E-07,-0.004706972,0.004951972,0.000716686,-4.32E-07,-0.030107346,0.034244385,0.004445019,-2.52E-06,-0.008403825,0.01917637,0.001205673,9.71E-07,-0.021069673,0.02169307,0.003216821,7.11E-06,-0.004360132,0.014771468,0.001080409,7.70E-07,-0.030711859,0.027175996,0.004125609,-1.74E-05,-0.007626568,0.018993602,0.001213503,-2.68E-07
466,H,0,-0.072320854,0.06670504,0.022037919,-0.012965546,0.013761858,0.205580457,0.165621859,0.160550166,2.28E-06,0.15661486,0.017754088,0.009427052,-0.021241873,0.006121034,0.00820293,-0.006878232,-0.046297211,0.024071599,0.022883995,-0.018879015,0.024463526,0.06720137,0.048910364,0.048465567,0.013763241,0.191074436,0.075608023,0.066161773,0.003505613,0.131032786,0.046208014,0.039226791,0.007787476,0.176793495,0.059844737,0.047229789,-0.253711052,0.240304011,0.03611706,-0.000158475,-0.11574428,0.114853822,0.021046163,-4.23E-05,-0.044002232,0.030925023,0.004209174,-2.43E-06,-0.017316295,0.013611683,0.002033913,-6.50E-08,-0.026074969,0.036102184,0.003240484,-5.66E-07,-0.016472229,0.013081109,0.001812047,-5.51E-07,-0.005182084,0.005731925,0.000976721,-1.60E-06,-0.003121068,0.00348492,0.000580982,-2.53E-07,-0.011874095,0.013349872,0.002047959,-7.49E-06,-0.006477236,0.006646585,0.001207456,-7.46E-07,-0.007175746,0.007076578,0.001272977,4.12E-06,-0.004201454,0.004005518,0.000760413,9.26E-08,-0.012289273,0.012204257,0.001650081,-3.13E-05,-0.007259111,0.006565787,0.000779457,5.28E-07,-0.006960917,0.011372704,0.001379028,-1.18E-05,-0.003857301,0.004377304,0.000567277,-3.29E-08,-0.013566321,0.011091579,0.001751441,-2.96E-05,-0.007398525,0.006487378,0.000843117,4.73E-07
466,H,1,-0.072320854,0.039368516,0.024518821,-0.020290555,0.013761858,0.200143185,0.163752301,0.160288267,1.34E-09,0.128667927,0.014480968,0.005908481,-0.021241873,0.003293348,0.010849624,-0.009919011,-0.044304834,0.024071599,0.027418999,-0.02445508,0.023130245,0.066465267,0.05263704,0.052220057,0.008503209,0.093242016,0.043083524,0.03903516,0.002193244,0.089874266,0.029827989,0.025161303,0.005372269,0.087785305,0.031088279,0.026641606,-0.133123271,0.209399837,0.032308431,-1.64E-05,-0.11050147,0.090785577,0.019221621,-8.45E-06,-0.036380669,0.019749933,0.003995938,1.45E-06,-0.014646822,0.017968801,0.001975151,7.33E-07,-0.025689259,0.027996881,0.002623241,-1.33E-06,-0.015587529,0.013081109,0.00150764,-1.31E-07,-0.005182084,0.005731925,0.000955206,-1.34E-06,-0.003121068,0.00348492,0.000563038,-7.92E-07,-0.014004271,0.012359975,0.001964203,-7.10E-07,-0.006804362,0.005686873,0.001129967,1.38E-06,-0.013252249,0.007971326,0.001354878,2.09E-06,-0.005501245,0.006105821,0.000808848,-8.13E-07,-0.008123985,0.009669078,0.001191568,-4.97E-06,-0.003258375,0.005118483,0.000619681,5.99E-08,-0.004424112,0.011372704,0.001006906,-4.92E-06,-0.003586822,0.00381175,0.00045181,7.54E-08,-0.009198835,0.006147259,0.001238153,-3.00E-06,-0.004396225,0.005917965,0.000673736,-6.84E-08
466,H,2,-0.082988494,0.030589095,0.028162638,-0.02546976,0.012747371,0.204617659,0.16483982,0.162462793,1.34E-09,0.193931257,0.024768111,0.008638512,-0.020959386,0.005497539,0.01128358,-0.010550965,-0.045560197,0.02209656,0.027384556,-0.025453508,0.023130245,0.066699297,0.052971896,0.052610832,0.007989861,0.158478734,0.036544599,0.031651215,0.002193244,0.153800905,0.028041284,0.021380964,0.005372269,0.089587475,0.02343489,0.020557605,-0.18658724,0.184193593,0.035695549,-2.03E-05,-0.1203061,0.09958701,0.021763911,-8.56E-06,-0.036308608,0.022348693,0.004176615,6.08E-06,-0.014646822,0.017968801,0.002091574,-1.05E-07,-0.033489724,0.039600678,0.003740511,1.48E-07,-0.013601238,0.014688317,0.001726491,5.31E-07,-0.004032484,0.004301159,0.00092042,-1.75E-06,-0.002623646,0.002209892,0.000533492,-5.82E-07,-0.014004271,0.016498493,0.002054919,5.58E-06,-0.008279047,0.008142987,0.001192641,4.25E-07,-0.013252249,0.008105627,0.001390716,-2.04E-06,-0.005501245,0.006105821,0.000835164,1.13E-07,-0.024553794,0.024856272,0.00186446,2.65E-06,-0.013893109,0.017784213,0.000988479,2.31E-08,-0.022527283,0.020894575,0.001616884,2.34E-06,-0.010644608,0.007358663,0.000698963,-3.05E-07,-0.023542452,0.02903242,0.001629137,1.06E-06,-0.018102769,0.026278725,0.001072079,3.75E-07
466,L,0,-0.115101,0.076827156,0.057323737,-0.046835776,0.013551938,0.203985211,0.14897223,0.145527205,1.50E-10,0.194106028,0.020927195,0.008447414,-0.019855211,0.003223962,0.010140722,-0.009156286,-0.047169208,0.019080539,0.026334436,-0.02337992,0.024852157,0.069614763,0.051244789,0.050636896,0.015214229,0.464162293,0.129417392,0.094464979,0.002068856,0.426810164,0.110150573,0.061826509,0.004815924,0.194182687,0.067939037,0.057951485,-0.28283196,0.302388292,0.052508907,-0.000234653,-0.181856218,0.130008278,0.030274938,-2.82E-05,-0.038613717,0.026708082,0.004611881,1.57E-06,-0.014910847,0.022112706,0.002206764,2.71E-08,-0.044661854,0.04096767,0.003687395,9.02E-07,-0.018014173,0.016549826,0.001752605,6.21E-07,-0.004807197,0.005679629,0.000985021,-4.24E-06,-0.00274899,0.003328917,0.00059425,-1.15E-06,-0.011831702,0.014398015,0.002266006,-1.95E-06,-0.007767196,0.006144929,0.001312453,1.41E-07,-0.009605231,0.006755402,0.001411887,2.83E-06,-0.004644811,0.003875795,0.000828494,-2.45E-08,-0.024153117,0.021281805,0.002439847,-9.21E-05,-0.011566651,0.00893269,0.000988483,-1.29E-07,-0.023039535,0.022703705,0.002147448,-9.85E-05,-0.011314825,0.008906361,0.000777786,1.08E-07,-0.019952169,0.031571358,0.002396918,4.55E-06,-0.009071785,0.014451438,0.001083857,-3.52E-07
466,L,1,-0.115101,0.021501772,0.062522699,-0.058081088,0.010431939,0.203985211,0.149161456,0.146583846,1.32E-08,0.194106028,0.019821304,0.007753814,-0.020082849,0.002394984,0.009844695,-0.009065929,-0.047169208,0.019080539,0.027481273,-0.024770906,0.026451853,0.069614763,0.052052934,0.051512472,0.024864193,0.19408228,0.082643501,0.076163134,0.003159635,0.1809213,0.063846664,0.05251617,0.006378213,0.147614908,0.052474297,0.048336549,-0.186225073,0.272401676,0.044993773,-4.20E-06,-0.142818756,0.142651372,0.026380466,-7.74E-07,-0.043801449,0.026708082,0.003955712,2.71E-06,-0.017329446,0.022112706,0.001949027,9.32E-07,-0.044661854,0.04096767,0.003520133,-2.85E-06,-0.018014173,0.016549826,0.001708725,1.51E-07,-0.004980341,0.004940225,0.000980453,2.72E-06,-0.00274899,0.003223053,0.000589495,-1.38E-06,-0.011945218,0.014977807,0.002053456,1.03E-05,-0.007767196,0.005718245,0.001185501,6.74E-08,-0.009605494,0.007469635,0.001329663,-6.58E-06,-0.004644811,0.003875795,0.000790883,9.80E-07,-0.012992723,0.011578663,0.001712373,9.61E-06,-0.00416786,0.004669581,0.000755331,1.51E-07,-0.007171689,0.010839867,0.001408767,1.69E-05,-0.003732679,0.003945833,0.00054415,3.04E-07,-0.012049247,0.007714594,0.001745588,-6.39E-06,-0.004320803,0.004700687,0.000880041,-1.97E-07
466,L,2,-0.134377094,-0.013633084,0.072011283,-0.06814823,0.010431939,0.195868831,0.148832223,0.145838921,1.32E-08,0.150132045,0.016652041,0.006013978,-0.020082849,0.006777109,0.007962807,-0.006260112,-0.046248314,0.017152442,0.025182716,-0.022154316,0.025480522,0.065446274,0.048742258,0.048188111,0.018318144,0.239664369,0.089011143,0.080819251,0.004723374,0.1809213,0.066827422,0.056434355,0.006378213,0.199332611,0.058796932,0.052428177,-0.176191284,0.325628312,0.042520375,-4.37E-05,-0.155651412,0.142651372,0.024809638,-4.83E-05,-0.043801449,0.028593497,0.003933401,-2.80E-05,-0.017329446,0.021347496,0.001938227,2.37E-06,-0.023674636,0.032276404,0.002368962,1.97E-07,-0.012085192,0.011035827,0.0012495,-2.85E-07,-0.005610428,0.003940544,0.000904456,1.60E-07,-0.002531835,0.003149444,0.000526528,-2.22E-06,-0.011945218,0.014977807,0.001812813,1.19E-05,-0.007725414,0.005315903,0.001036604,1.71E-06,-0.009605494,0.007469635,0.001201526,-5.13E-06,-0.004447778,0.003766514,0.000704983,1.13E-06,-0.01147204,0.015149328,0.001758661,5.29E-05,-0.004449402,0.003868646,0.000733232,-9.21E-07,-0.009877396,0.010839867,0.001444799,3.16E-05,-0.003369448,0.00723753,0.000534842,4.24E-08,-0.010482968,0.014309042,0.001752508,4.27E-05,-0.004749154,0.004236369,0.000860513,-1.07E-06
466,M,0,-0.115533918,0.044100401,0.065435869,-0.059950103,0.010826049,0.19708266,0.149900625,0.146313665,6.80E-08,0.178096592,0.021423484,0.008842693,-0.022066943,0.008687865,0.00759961,-0.005326142,-0.042929611,0.021099103,0.026467012,-0.023419445,0.027635142,0.064285857,0.051210725,0.05075044,0.007463176,0.217517062,0.087441295,0.069160158,0.002245483,0.181165624,0.060575484,0.042630437,0.002890295,0.167982453,0.063060216,0.048780851,-0.257988975,0.271319551,0.047862702,2.05E-05,-0.169037984,0.150899996,0.027132178,-6.69E-05,-0.036174328,0.027750976,0.003597478,-6.97E-06,-0.016222323,0.015610682,0.001695435,-1.31E-06,-0.029180662,0.041573966,0.003609469,-3.97E-06,-0.016692896,0.019737344,0.001834157,7.50E-07,-0.00725148,0.005180864,0.000962819,-3.98E-06,-0.003261361,0.003683751,0.000577311,-8.61E-07,-0.012465948,0.015213949,0.002066538,-8.40E-06,-0.007859268,0.009488869,0.001232009,-8.64E-07,-0.008039132,0.007838526,0.001218003,4.33E-06,-0.004363256,0.003428477,0.000715684,1.11E-06,-0.01824712,0.015833581,0.001941456,-4.37E-05,-0.005235636,0.005491156,0.000777025,-1.68E-06,-0.015737101,0.014477617,0.00153519,-3.72E-05,-0.002771499,0.003895902,0.000565935,-5.45E-08,-0.011519734,0.01288822,0.001940033,-2.50E-05,-0.007691859,0.004670129,0.000918635,-2.87E-06
466,M,1,-0.162937027,0.018684753,0.071277352,-0.066657205,0.011437665,0.17946777,0.142671396,0.138903307,3.91E-11,0.112107815,0.014318984,0.005888568,-0.022066943,0.006646681,0.009969075,-0.008626122,-0.044401286,0.021099103,0.028130264,-0.024840969,0.026218381,0.065425921,0.052592118,0.052121092,0.007463176,0.19277831,0.062989613,0.051296358,0.002245483,0.145599708,0.040946521,0.032437611,0.004577503,0.157278405,0.047865162,0.035937163,-0.464657729,0.49361778,0.055483168,-2.41E-05,-0.255014411,0.318863987,0.032380735,-3.59E-05,-0.041148967,0.029748499,0.003977177,-2.38E-07,-0.017214665,0.023619428,0.00190817,5.04E-07,-0.024571843,0.029496617,0.0024883,-1.05E-06,-0.010820583,0.013296293,0.001350908,1.22E-07,-0.00725148,0.004850607,0.001002746,-4.64E-06,-0.003471102,0.003798837,0.000602722,-7.41E-07,-0.009563248,0.012557141,0.001976642,-7.04E-08,-0.0054247,0.006288012,0.001145683,5.09E-07,-0.008554661,0.010117122,0.001313682,1.88E-06,-0.005965904,0.004421584,0.000788401,4.12E-07,-0.010279224,0.015833581,0.001818006,-4.79E-06,-0.003519663,0.00464163,0.000659756,-6.53E-07,-0.011835292,0.014477617,0.001624635,-8.22E-06,-0.003435118,0.011508461,0.000616837,-5.50E-07,-0.009499814,0.014409209,0.001663282,1.01E-06,-0.004032796,0.003685004,0.000713559,7.42E-09
466,M,2,-0.162937027,-0.006398789,0.077896895,-0.075185419,0.008912865,0.205650589,0.149861961,0.14748387,3.91E-11,0.180876894,0.019303318,0.005689793,-0.021881304,0.003738573,0.009584677,-0.008649008,-0.044401286,0.018676796,0.027012671,-0.024963776,0.026218381,0.065425921,0.052423298,0.05207491,0.00835662,0.177649015,0.05550639,0.049304442,0.002561397,0.112168287,0.040397744,0.034706394,0.004248572,0.138071577,0.038065491,0.030568406,-0.464657729,0.49361778,0.057239142,-0.000115121,-0.255014411,0.318863987,0.034115091,1.95E-05,-0.043552928,0.036923846,0.004478454,2.54E-07,-0.017730024,0.026135052,0.002292913,2.70E-07,-0.024325585,0.039682034,0.002384767,-9.30E-07,-0.01513714,0.018323101,0.001244942,3.70E-07,-0.006531226,0.004850607,0.001023646,-3.27E-07,-0.004063833,0.003798837,0.000617905,-1.47E-06,-0.00971701,0.012557141,0.00196976,7.43E-07,-0.005885899,0.005113216,0.001137982,-2.11E-07,-0.008554661,0.010117122,0.001380866,-2.10E-06,-0.005965904,0.004421584,0.000812977,1.10E-06,-0.009289336,0.014734645,0.001449733,1.19E-05,-0.003027852,0.00464163,0.000602634,1.84E-07,-0.011835292,0.012307897,0.001285265,9.28E-06,-0.003435118,0.011508461,0.000549672,6.65E-07,-0.006344824,0.014409209,0.00147281,9.62E-06,-0.003379944,0.003685004,0.00071242,-4.67E-07
467,H,0,-0.172025438,0.063748954,0.081532735,-0.071979723,0.00926745,0.198748113,0.148818384,0.142483747,5.35E-09,0.230578124,0.064737086,0.042709821,-0.013523887,0.012330055,0.004004367,-0.00030973,-0.03763435,0.02981747,0.019951649,-0.014655468,0.0279422,0.052026409,0.040165477,0.039967539,0.010949319,0.485125361,0.184382191,0.15352253,0.00424851,0.271441639,0.095094747,0.079239655,0.005715287,0.447188982,0.15796766,0.121140359,-0.20622759,0.208407045,0.037858349,-0.000338203,-0.084517896,0.112562602,0.021057246,-2.54E-05,-0.035232259,0.036019895,0.00487452,-9.97E-06,-0.014308056,0.015503546,0.002181462,6.68E-06,-0.040719471,0.036469389,0.005961326,1.51E-05,-0.016343735,0.016082541,0.002822157,-7.21E-07,-0.004211154,0.004334481,0.000883539,-6.65E-07,-0.00225065,0.002285974,0.000505485,-2.92E-07,-0.014412459,0.015740578,0.00196556,-2.29E-06,-0.007545988,0.007474238,0.00108944,2.83E-06,-0.005978933,0.005898965,0.001117469,2.14E-06,-0.003652369,0.003968703,0.000680652,-3.40E-07,-0.021960481,0.036736912,0.005107281,-3.85E-05,-0.009103212,0.016144814,0.001271726,2.62E-07,-0.014409965,0.022378243,0.00347981,-3.73E-05,-0.004712911,0.012971539,0.000921853,7.51E-08,-0.022605749,0.033296068,0.005003556,-1.32E-05,-0.009444428,0.021316353,0.001445593,8.09E-08
467,H,1,-0.172025438,0.048491971,0.084310575,-0.07518583,0.00926745,0.198748113,0.15281262,0.148409528,5.35E-09,0.25950213,0.069249837,0.04500418,-0.014623955,0.010570811,0.004378873,-0.001809453,-0.044541785,0.029805758,0.020710073,-0.016873804,0.026393197,0.057275023,0.04014586,0.039894373,0.010784836,0.485125361,0.15413916,0.123509395,0.00424851,0.271441639,0.076677811,0.060910679,0.005309474,0.447188982,0.133713851,0.098336087,-0.160248395,0.220613158,0.035749067,0.000219948,-0.113414185,0.112562602,0.019943788,3.03E-05,-0.035232259,0.035543612,0.00414522,3.66E-05,-0.011361639,0.014976259,0.001861852,3.27E-06,-0.040719471,0.037859126,0.005581104,3.95E-05,-0.016343735,0.016082541,0.002712091,-4.37E-07,-0.004982693,0.004313731,0.000918528,4.46E-07,-0.00328596,0.002285974,0.000516131,5.31E-08,-0.014412459,0.012337105,0.001717832,-9.55E-06,-0.005429363,0.007474238,0.000952387,5.80E-07,-0.004861963,0.005730372,0.001085286,6.80E-07,-0.003720209,0.003968703,0.000665764,-2.78E-07,-0.020006958,0.034760716,0.004061664,-6.73E-05,-0.006597394,0.014146311,0.000939936,-2.69E-06,-0.018606769,0.020381465,0.002956557,-7.03E-06,-0.004867886,0.014174116,0.000758525,-1.46E-06,-0.019638911,0.031554665,0.003881427,-8.44E-05,-0.006492229,0.018894115,0.00107227,-4.18E-06
467,H,2,-0.208052809,0.222090504,0.101520209,-0.078583603,0.015607489,0.200241014,0.155024242,0.152352225,4.86E-08,0.25950213,0.069083273,0.043893473,-0.014623955,0.010570811,0.004578022,-0.001574075,-0.044541785,0.029805758,0.021298977,-0.018550418,0.026393197,0.057275023,0.040573631,0.040280269,0.010784836,0.460303131,0.136601977,0.11345869,0.005203456,0.303086371,0.075235096,0.060223814,0.005309474,0.441826902,0.114016579,0.087164926,-0.251245227,0.220613158,0.039062884,0.000122882,-0.131014179,0.106806117,0.02036062,-7.36E-06,-0.036259618,0.027101862,0.003872717,3.45E-06,-0.013380257,0.013433134,0.001754039,1.59E-06,-0.034101427,0.044388287,0.005569677,3.70E-06,-0.01437388,0.015847152,0.002710538,-1.68E-06,-0.004982693,0.004313731,0.000960544,-3.29E-07,-0.00328596,0.002274813,0.000545363,2.11E-08,-0.009127679,0.00962627,0.00161934,-5.54E-07,-0.004444426,0.005532448,0.000901365,4.41E-07,-0.004861963,0.005517497,0.001120462,5.71E-07,-0.003720209,0.003351304,0.00067525,9.83E-07,-0.020006958,0.030896083,0.004064733,9.01E-06,-0.006380679,0.014146311,0.001038271,-2.70E-07,-0.018606769,0.023111473,0.002957399,1.16E-05,-0.004867886,0.014174116,0.000766336,-1.10E-06,-0.019638911,0.026227237,0.00395255,-3.53E-06,-0.006274583,0.018894115,0.001148109,1.25E-06
467,L,0,-0.173290264,0.061601683,0.090138457,-0.084196145,0.011411051,0.19748465,0.161945062,0.1594042,5.69E-08,0.24983022,0.042093788,0.017488491,-0.011876354,0.013995881,0.004616103,0.001724122,-0.033895276,0.027363785,0.018847251,-0.016799181,0.02372786,0.051351083,0.04058497,0.040391745,0.019349091,0.366627286,0.150312002,0.13491992,0.00400802,0.19439648,0.073420034,0.057989736,0.01025911,0.366175143,0.131160957,0.106719369,-0.199686485,0.166405467,0.031225883,0.000234023,-0.09783434,0.129143388,0.018372055,-5.65E-06,-0.037015605,0.031617067,0.003787087,-4.25E-05,-0.012665092,0.012684553,0.001644435,5.50E-06,-0.037153223,0.044586355,0.003993317,1.01E-06,-0.015765345,0.01343035,0.001832264,1.65E-06,-0.004743408,0.006035585,0.000872277,9.59E-07,-0.003284964,0.003899153,0.000515106,5.26E-08,-0.00810131,0.014581111,0.001440208,6.90E-06,-0.006337127,0.006322815,0.000827708,2.22E-06,-0.004563199,0.004164224,0.001009425,7.56E-07,-0.00289086,0.00317699,0.000620336,4.29E-07,-0.013982782,0.022864717,0.002517329,4.53E-05,-0.003956629,0.007290851,0.000640757,1.52E-06,-0.010892546,0.016093216,0.001624254,1.01E-05,-0.002440561,0.009198037,0.000450516,1.09E-06,-0.015524545,0.018685027,0.002537649,5.41E-05,-0.00406531,0.012319813,0.00073583,1.17E-06
467,L,1,-0.139653779,0.061601683,0.079145211,-0.072092418,0.014788387,0.199163515,0.16035961,0.157288613,2.71E-08,0.24983022,0.046322777,0.019138458,-0.012599488,0.012163681,0.004492572,0.000206368,-0.033895276,0.028397186,0.01915924,-0.01697787,0.026590528,0.050438706,0.040245212,0.040104043,0.01688553,0.366627286,0.155654073,0.138004145,0.003885086,0.208701137,0.061140168,0.050279293,0.006720172,0.366175143,0.14314353,0.119224354,-0.155510491,0.166405467,0.031400162,4.31E-05,-0.09783434,0.082443929,0.017932355,-7.24E-07,-0.032140871,0.028846202,0.00334053,-8.61E-06,-0.011881971,0.01150742,0.00151864,-3.29E-07,-0.037153223,0.044586355,0.004112478,-2.26E-05,-0.015765345,0.014179882,0.001910468,4.41E-07,-0.00339567,0.003229025,0.000817204,-1.71E-06,-0.00182674,0.001540749,0.000486286,1.69E-07,-0.010342258,0.014581111,0.001524963,2.58E-06,-0.006337127,0.006322815,0.000884854,4.64E-08,-0.004498944,0.004634938,0.000959939,-1.46E-06,-0.00289086,0.002986904,0.000589827,1.22E-06,-0.010828144,0.027792552,0.003051933,1.59E-05,-0.004274403,0.007626363,0.000702862,5.69E-07,-0.008461942,0.017241881,0.00192942,-4.58E-06,-0.003424894,0.009198037,0.000484733,-4.67E-07,-0.015524545,0.02197339,0.002929235,1.77E-05,-0.00406531,0.012319813,0.000749404,7.42E-07
467,L,2,-0.211646407,0.099007115,0.090526332,-0.080000327,0.008725994,0.199163515,0.1548248,0.150301835,2.71E-08,0.274979008,0.052578952,0.021130932,-0.01385804,0.009679488,0.004074237,-0.001285568,-0.034981502,0.028397186,0.018348879,-0.014719727,0.026590528,0.052291912,0.039391216,0.039184681,0.01688553,0.561697369,0.172037753,0.132514845,0.003885086,0.298304065,0.093947367,0.075000864,0.006720172,0.484106511,0.144121063,0.098579612,-0.158566807,0.149353663,0.033886119,-0.000209309,-0.102922606,0.08716307,0.018674112,1.47E-05,-0.039386466,0.028846202,0.003991109,3.78E-05,-0.010265855,0.017493587,0.001763681,1.04E-06,-0.036437494,0.044692866,0.00437092,-2.17E-06,-0.014632092,0.01921089,0.001997769,1.53E-06,-0.003861412,0.003587791,0.000860779,3.53E-07,-0.002055451,0.001736073,0.000504226,-1.64E-07,-0.010342258,0.0137758,0.001782926,-8.48E-06,-0.006478622,0.008583819,0.00099523,4.02E-07,-0.005502601,0.005784861,0.001037575,1.03E-06,-0.004173565,0.003480763,0.000633094,2.24E-08,-0.020297752,0.032552933,0.004275613,-6.97E-05,-0.004933635,0.007626363,0.00082609,-1.36E-06,-0.013150171,0.017241881,0.002667507,-3.98E-05,-0.003424894,0.013486853,0.000589932,-1.64E-06,-0.016758374,0.028398821,0.004045924,-5.67E-05,-0.005788427,0.0121815,0.000895288,-6.12E-07
467,M,0,-0.204941082,0.065145234,0.08897317,-0.077944222,0.013844834,0.206340901,0.156199608,0.15158466,2.24E-09,0.233760002,0.063354183,0.036326798,-0.013832172,0.012090638,0.004008438,-0.00036135,-0.034365697,0.031292787,0.017817022,-0.013598774,0.025542651,0.052501133,0.039635803,0.039412944,0.011143726,0.469512228,0.152287068,0.127189201,0.003505417,0.296977698,0.091685522,0.072374158,0.004561213,0.46740374,0.121594064,0.094312175,-0.251534673,0.175884877,0.0409161,-7.69E-05,-0.119315441,0.123471202,0.021485106,-3.00E-05,-0.036127516,0.03467874,0.004484891,-5.22E-06,-0.014650898,0.015297041,0.001990465,-1.97E-07,-0.043413297,0.032503456,0.004927445,-1.39E-06,-0.016076711,0.016874799,0.00241165,1.17E-06,-0.005335532,0.005088565,0.000969904,3.37E-07,-0.002451848,0.003309955,0.000569679,-8.06E-07,-0.012872982,0.01372767,0.001896328,2.72E-06,-0.006002415,0.007033163,0.001034181,2.06E-08,-0.003936377,0.006039439,0.00119402,1.88E-06,-0.003776836,0.003624157,0.000723007,6.53E-07,-0.015820081,0.039583252,0.004396367,-2.72E-05,-0.007507027,0.011164446,0.001046441,2.40E-07,-0.01895855,0.028284633,0.00307421,-4.85E-05,-0.005088102,0.018061125,0.000844948,-1.35E-07,-0.021776853,0.037745829,0.004349508,2.24E-06,-0.007584146,0.012244314,0.001176527,5.39E-07
467,M,1,-0.208424014,0.033109374,0.104100817,-0.09077109,0.021223762,0.206340901,0.154440877,0.151069584,1.30E-08,0.258459379,0.063501479,0.034191111,-0.014167566,0.012090638,0.004189975,-0.000944894,-0.036347668,0.031292787,0.018811346,-0.015542783,0.025542651,0.054121084,0.04007667,0.039799745,0.011143726,0.469512228,0.127476732,0.100362913,0.003505417,0.296977698,0.083669527,0.064765766,0.002601572,0.46740374,0.096175504,0.067894672,-0.198278545,0.175884877,0.038966792,0.000220358,-0.112349831,0.100474946,0.020623084,-3.48E-05,-0.036127516,0.03467874,0.004330459,-1.03E-05,-0.012489215,0.015297041,0.001948473,1.31E-06,-0.043413297,0.035714254,0.0047888,7.70E-06,-0.017473852,0.016874799,0.002237017,3.45E-06,-0.003884619,0.005088565,0.000945518,-4.50E-07,-0.002451848,0.002949472,0.000549931,-1.50E-07,-0.012872982,0.013536145,0.001807781,5.48E-07,-0.006002415,0.007033163,0.001017809,2.21E-07,-0.004618871,0.006039439,0.001176475,9.88E-08,-0.003776836,0.003258002,0.0007043,6.49E-07,-0.026636098,0.033558234,0.003998023,5.60E-06,-0.007811617,0.013151264,0.001034747,7.70E-07,-0.01895855,0.028284633,0.002904531,-4.02E-06,-0.005088102,0.018061125,0.000802386,-1.69E-06,-0.033233797,0.030905494,0.00388756,7.62E-06,-0.008816931,0.019079985,0.001198064,1.37E-06
467,M,2,-0.208424014,0.024997725,0.104559451,-0.094636779,0.019597313,0.20129053,0.153326017,0.151153345,1.30E-08,0.258459379,0.049753714,0.026579834,-0.014167566,0.011846569,0.004536329,-0.00079935,-0.036347668,0.028835847,0.019537982,-0.017473657,0.026699155,0.054121084,0.040459136,0.040227579,0.010722517,0.386246815,0.115953094,0.095901345,0.00361568,0.268130173,0.081830458,0.063325737,0.002601572,0.289401246,0.082151665,0.063904049,-0.245306864,0.178978155,0.038867053,2.62E-05,-0.112349831,0.100474946,0.021283523,1.14E-05,-0.041553347,0.031061134,0.004093052,1.66E-06,-0.01510895,0.018478693,0.001904548,1.75E-06,-0.031055076,0.035714254,0.004129696,-3.48E-06,-0.017473852,0.011862108,0.001994577,6.85E-08,-0.003405572,0.003621734,0.000895625,3.17E-07,-0.002242415,0.002010703,0.000526632,4.50E-07,-0.009492098,0.009171053,0.001612028,-2.40E-06,-0.005732039,0.004382505,0.000938915,-5.42E-07,-0.004618871,0.006274171,0.001086769,1.33E-07,-0.002738133,0.003307612,0.000654043,6.98E-07,-0.026636098,0.033558234,0.003175593,5.87E-07,-0.007811617,0.013151264,0.000888207,5.08E-07,-0.020079739,0.020100486,0.002437303,3.92E-06,-0.003715627,0.014360906,0.000660396,3.42E-07,-0.033233797,0.029001674,0.003125673,-3.42E-07,-0.008816931,0.019079985,0.00106054,3.14E-07
468,H,0,-0.193451755,0.031716168,0.094632256,-0.086305961,0.02186198,0.197968972,0.143847705,0.137116125,2.74E-06,0.183523942,0.026696098,0.012699176,-0.016139902,0.011597779,0.007282094,-0.005467755,-0.039325269,0.026801837,0.018303529,-0.013657099,0.023619044,0.05807842,0.042517744,0.04214726,0.012457804,0.561090823,0.152227064,0.12647344,0.003180112,0.20053446,0.073610699,0.060875567,0.00610233,0.541470045,0.133246178,0.100598608,-0.248546155,0.220996109,0.048025433,-0.000386983,-0.162670632,0.147014731,0.026761063,-6.03E-06,-0.034215807,0.029870905,0.004194775,-1.86E-05,-0.012322703,0.01929188,0.001933311,-7.23E-06,-0.028132713,0.037359723,0.003396066,-1.22E-06,-0.013642949,0.015860588,0.001871045,1.31E-06,-0.004747429,0.00462102,0.000989201,-2.15E-06,-0.002639099,0.002665214,0.000565273,1.07E-07,-0.01362826,0.012961673,0.002168009,9.49E-06,-0.00724395,0.007839386,0.001248232,-5.19E-07,-0.006928459,0.008020134,0.001268313,-7.93E-07,-0.005373055,0.003682219,0.000786092,-1.66E-06,-0.025741105,0.038797249,0.004819944,-8.57E-06,-0.008328932,0.01710516,0.001188643,1.80E-06,-0.010412566,0.017415842,0.002329907,1.60E-06,-0.005127412,0.007012244,0.000682011,9.50E-07,-0.026372659,0.041348112,0.005127926,-8.94E-06,-0.009256876,0.015932922,0.001366613,1.79E-06
468,H,1,-0.21737263,-0.025778269,0.126859245,-0.123164954,0.02186198,0.197968972,0.153563444,0.147830332,5.53E-06,0.192848469,0.042387792,0.024127374,-0.016139902,0.011597779,0.007081516,-0.005208636,-0.038892883,0.026801837,0.017236372,-0.013387397,0.02256907,0.056189761,0.041653989,0.041365551,0.012457804,0.561090823,0.148230701,0.119380866,0.003180112,0.20053446,0.064628033,0.051241148,0.00610233,0.541470045,0.133399993,0.098757738,-0.229474935,0.220996109,0.04251801,-0.000147072,-0.125131553,0.147014731,0.023738975,-2.68E-05,-0.030458408,0.034406841,0.004509582,6.51E-06,-0.011320048,0.020959307,0.002088098,8.36E-08,-0.039532648,0.037807808,0.004029482,1.67E-06,-0.025387333,0.016025293,0.002135414,2.11E-06,-0.00452759,0.00366971,0.000927931,3.92E-06,-0.002045104,0.002665214,0.000529261,-1.53E-07,-0.011616468,0.012961673,0.002152264,-2.76E-06,-0.00730421,0.007222089,0.00125888,-5.41E-07,-0.009047706,0.007743012,0.001180438,-8.82E-07,-0.00519111,0.004899557,0.000739131,-3.06E-08,-0.025741105,0.038797249,0.005110781,-1.61E-05,-0.008328932,0.01710516,0.00129516,1.36E-06,-0.016705334,0.017415842,0.002521915,1.85E-05,-0.005127412,0.007971258,0.000720815,3.19E-07,-0.026372659,0.041348112,0.005204624,-2.84E-05,-0.009256876,0.015932922,0.001388084,1.85E-06
468,H,2,-0.21737263,-0.056591312,0.131873335,-0.130340293,0.022855402,0.196649626,0.161681788,0.159447316,2.38E-05,0.192848469,0.050223112,0.030068691,-0.015358885,0.008592459,0.008243758,-0.00687924,-0.038892883,0.023276431,0.019231189,-0.016757889,0.02256907,0.056189761,0.04231436,0.042121138,0.008794812,0.371367369,0.088718473,0.079968661,0.001509631,0.145308039,0.045631614,0.036300012,0.007654013,0.365276051,0.07608366,0.064831608,-0.229474935,0.187901542,0.032602253,0.000117504,-0.106162384,0.111994297,0.018639192,-5.64E-05,-0.034615853,0.034406841,0.003992562,2.70E-05,-0.011936586,0.020959307,0.002019514,7.57E-06,-0.039532648,0.037807808,0.00477543,1.43E-05,-0.025387333,0.016025293,0.002419678,-1.54E-06,-0.00303113,0.003254642,0.000854094,3.76E-06,-0.002045104,0.001942748,0.00050956,1.33E-09,-0.014010635,0.010705126,0.002034518,-2.40E-06,-0.008444209,0.00729156,0.001225576,1.29E-06,-0.009047706,0.007743012,0.001113255,-1.54E-07,-0.004828547,0.004899557,0.000687777,9.75E-07,-0.020672644,0.023625758,0.002794141,1.78E-05,-0.005479812,0.014012725,0.000884436,8.39E-07,-0.016705334,0.011449876,0.001854078,2.92E-05,-0.004668804,0.007971258,0.000554171,1.67E-07,-0.019704595,0.023023439,0.002805382,-2.31E-06,-0.005403716,0.014136261,0.000935216,2.99E-07
468,L,0,-0.779372299,0.376798473,0.115961833,-0.072077583,0.013730199,0.228777933,0.148294328,0.143012923,8.62E-07,0.372934859,0.076145406,0.034295691,-0.053226301,0.092236856,0.006326694,-0.0017981,-0.090541673,0.087130889,0.017399597,-0.012177424,0.021191921,0.143851638,0.043110972,0.04249132,0.020578074,1.052436105,0.22462418,0.144368056,0.003755626,0.929978575,0.13131365,0.065683652,0.006808327,0.904921783,0.182243649,0.117893167,-2.818871876,3.215853915,0.206845674,0.001561426,-1.726092182,1.409989867,0.099421582,0.000247044,-0.036262999,0.02803477,0.004726747,5.56E-06,-0.024215173,0.023560839,0.002416665,-3.26E-06,-0.08217915,0.057960533,0.004737966,-2.12E-05,-0.046505742,0.041662895,0.002628468,1.83E-06,-0.032878413,0.046410984,0.002197554,1.30E-05,-0.025245502,0.025947512,0.001301779,3.09E-06,-0.039552703,0.043685584,0.002814757,5.53E-06,-0.025497164,0.018931441,0.001723334,-8.11E-06,-0.037413921,0.060248658,0.002545118,7.48E-06,-0.02971945,0.033749081,0.001721844,9.29E-06,-0.07583251,0.088338478,0.007224536,4.66E-05,-0.037741533,0.059640344,0.002617091,-1.04E-06,-0.050758404,0.044034126,0.004894638,-2.66E-05,-0.019850912,0.024558813,0.001331628,-1.07E-05,-0.07787221,0.132993223,0.007975426,6.78E-05,-0.038254501,0.060026233,0.003064543,2.43E-06
468,L,1,-0.207325796,-0.02857702,0.105544663,-0.102472637,0.018891877,0.182054837,0.158115116,0.155335819,8.62E-07,0.197252199,0.023891657,0.012001138,-0.016813574,0.009913617,0.003941691,-0.001276065,-0.033664379,0.023490096,0.015592227,-0.013115319,0.0226569,0.052967356,0.042812601,0.042613879,0.010987906,0.534872758,0.118641284,0.092075603,0.003755626,0.16961485,0.04404417,0.034908461,0.006808327,0.520401853,0.110162904,0.080633389,-0.184157127,0.236214819,0.040023482,-0.000169376,-0.123426348,0.128288851,0.022017348,3.55E-05,-0.036262999,0.0257928,0.003411297,6.60E-06,-0.013823272,0.019394534,0.001541662,-8.02E-08,-0.024460757,0.024337647,0.002984377,2.80E-05,-0.00995672,0.010531202,0.001667574,8.89E-07,-0.005895388,0.004657263,0.000932536,1.08E-06,-0.002791722,0.003439312,0.000546637,-4.81E-07,-0.008150685,0.012022823,0.001713608,2.48E-06,-0.00597829,0.006824664,0.001018112,-6.80E-07,-0.005989611,0.004810153,0.001084337,-1.03E-06,-0.003674023,0.002919762,0.000671225,4.52E-07,-0.018208417,0.025180904,0.003241707,2.64E-05,-0.003921583,0.00449701,0.000842419,1.39E-06,-0.023874997,0.013429217,0.002080844,2.41E-05,-0.006252989,0.008783369,0.000651423,5.52E-08,-0.017661147,0.024128133,0.003470007,1.84E-05,-0.004533499,0.011998579,0.000995905,1.29E-06
468,L,2,-0.243445059,-0.03280352,0.126206598,-0.12278543,0.018891877,0.191811966,0.156243834,0.152864066,3.88E-06,0.197252199,0.035045772,0.019643128,-0.014555161,0.010336024,0.004502635,-0.001602302,-0.038370049,0.028906781,0.015959874,-0.012228133,0.025094801,0.053792221,0.042728186,0.042513258,0.010987906,0.541414445,0.154199878,0.114028585,0.003858523,0.21841226,0.058796272,0.045506102,0.007636614,0.527296165,0.142550345,0.099005499,-0.207981956,0.263240735,0.03714992,4.40E-05,-0.11222186,0.117772239,0.020249007,-2.56E-05,-0.033707273,0.026703761,0.003476149,4.83E-06,-0.01116455,0.019278736,0.0016463,-2.23E-06,-0.03620936,0.026335812,0.003681535,4.30E-06,-0.013904655,0.013793878,0.00192402,4.70E-07,-0.004797725,0.004657263,0.000943727,1.37E-06,-0.00277914,0.003439312,0.000566334,-3.07E-07,-0.014766699,0.012022823,0.00195199,-3.32E-06,-0.009850965,0.006824664,0.00114092,1.24E-06,-0.005989611,0.006222513,0.001128634,1.84E-06,-0.004111645,0.003026415,0.000701565,-6.09E-07,-0.018938376,0.017391701,0.003160754,-5.04E-05,-0.004827934,0.0040447,0.000811681,1.73E-06,-0.023874997,0.014156336,0.002331631,-6.65E-07,-0.006252989,0.008783369,0.000675869,-6.73E-08,-0.019169111,0.01733926,0.003163153,-5.16E-05,-0.004058915,0.006430131,0.000881099,1.60E-06
468,M,0,-0.203916829,0.109552727,0.09227166,-0.075313083,0.016776991,0.191462265,0.149779429,0.145278203,6.01E-07,0.175653955,0.023832522,0.01304811,-0.016661064,0.009199689,0.00538304,-0.003469162,-0.04036032,0.026173488,0.018124855,-0.013984883,0.016959265,0.05671932,0.041935672,0.041550124,0.013499901,1.1000779,0.161008497,0.114457496,0.003157287,0.5460647,0.077474468,0.046042187,0.007938885,0.96084865,0.141143342,0.098208394,-0.236567558,0.232322948,0.041795108,-0.000490429,-0.109813847,0.136309238,0.022782736,7.13E-06,-0.034253608,0.03079242,0.003978246,4.02E-06,-0.012881108,0.023087792,0.001944302,-1.28E-06,-0.030453469,0.033206101,0.003534003,-1.31E-06,-0.013257392,0.013938484,0.001906316,6.17E-07,-0.004493974,0.006108002,0.000923846,2.41E-06,-0.003309393,0.003443557,0.000538786,-3.76E-07,-0.010266677,0.010981774,0.002119792,4.54E-06,-0.006100335,0.006452739,0.001188389,8.33E-07,-0.00601696,0.006298484,0.001234928,2.89E-07,-0.004073996,0.0044184,0.000765969,-1.65E-07,-0.030706623,0.053791948,0.004960604,-1.70E-05,-0.010973706,0.008386657,0.00104672,1.45E-06,-0.016749242,0.019116854,0.002738335,2.27E-05,-0.004096036,0.006451244,0.000661552,5.63E-07,-0.026445358,0.051518895,0.004634647,-3.95E-05,-0.010424245,0.010802924,0.001069771,1.17E-06
468,M,1,-0.25160332,-0.011770905,0.120054994,-0.116649846,0.016717928,0.192987243,0.150462959,0.146148127,7.64E-06,0.175653955,0.02419758,0.014498101,-0.014955139,0.009267581,0.004662214,-0.001030182,-0.037016858,0.025787404,0.020584774,-0.016996599,0.016959265,0.05671932,0.043903263,0.043562736,0.013499901,1.1000779,0.194169919,0.123626047,0.003404448,0.5460647,0.084651608,0.054097713,0.007938885,0.96084865,0.174745708,0.100605928,-0.237653949,0.232322948,0.038546325,-5.48E-05,-0.107331195,0.11699891,0.020774863,-5.03E-06,-0.037047417,0.03079242,0.004399515,-5.30E-06,-0.014443481,0.023087792,0.002093283,-1.48E-06,-0.030453469,0.033206101,0.003409491,-6.50E-07,-0.013257392,0.013938484,0.001840254,-9.42E-08,-0.003844558,0.004234661,0.000904322,2.65E-06,-0.002055849,0.002772797,0.000531077,5.92E-07,-0.014178265,0.012029354,0.002107356,1.94E-06,-0.006429676,0.006452739,0.001194957,1.15E-06,-0.00601696,0.006298484,0.001206221,7.75E-07,-0.003488653,0.0044184,0.000747129,-3.34E-07,-0.030706623,0.053791948,0.005777516,1.08E-05,-0.010973706,0.00934549,0.001094309,1.85E-06,-0.016749242,0.019116854,0.002808435,1.12E-05,-0.004096036,0.006451244,0.000667307,4.05E-07,-0.026445358,0.051518895,0.005542857,5.21E-06,-0.010424245,0.011069311,0.001125894,1.96E-06
468,M,2,-0.25160332,-0.064735734,0.136135879,-0.13256245,0.016717928,0.193690852,0.149879718,0.145183653,6.74E-07,0.179670203,0.031199977,0.017730387,-0.019395082,0.010582833,0.00463853,-0.000381312,-0.041962768,0.027898638,0.020405228,-0.016101867,0.022063625,0.058711059,0.043249737,0.042881354,0.013861185,0.750019556,0.183428682,0.123575356,0.003404448,0.321820682,0.073918108,0.055623099,0.008030743,0.720897376,0.167875534,0.100202155,-0.237653949,0.180421167,0.038845895,-4.27E-05,-0.117213023,0.11699891,0.021552667,-1.03E-05,-0.038424698,0.033416786,0.004581115,-1.05E-05,-0.014443481,0.024303656,0.002151227,-2.82E-06,-0.040708683,0.032270994,0.003605445,-1.44E-06,-0.016691948,0.013840873,0.001833927,-5.94E-07,-0.007158821,0.007864017,0.001043813,-2.64E-06,-0.003938211,0.00519213,0.000625439,-3.06E-07,-0.014178265,0.012029354,0.002366633,3.50E-06,-0.009154005,0.007381956,0.001333701,2.17E-07,-0.006073223,0.00762016,0.00128422,-1.13E-06,-0.005230042,0.003439517,0.000785243,-2.22E-07,-0.025173285,0.038493602,0.004938674,3.65E-05,-0.00783047,0.010094522,0.00105697,8.82E-07,-0.011603693,0.015313407,0.002302768,-1.02E-06,-0.0038843,0.006981975,0.000658793,-2.33E-07,-0.025839514,0.040432346,0.004975544,5.37E-05,-0.008239934,0.0176872,0.001153428,1.31E-06
469,H,0,-0.099597007,0.11708364,0.025062207,0.004346281,0.007135055,0.22394489,0.170176426,0.167657355,4.89E-07,0.194122884,0.040712433,0.021750647,-0.016709834,0.01540562,0.00667344,0.004098122,-0.048893809,0.02459053,0.033238489,-0.030385895,0.027962476,0.068624097,0.053301932,0.052911753,0.003956056,0.396813465,0.083609985,0.053882473,0.001232568,0.236664206,0.036000205,0.020764489,0.002621498,0.328996499,0.075462671,0.047653005,-0.26631814,0.238587003,0.034133109,2.52E-05,-0.173049878,0.100319756,0.019707713,-1.10E-05,-0.04103273,0.040585259,0.004334169,-1.17E-05,-0.014137688,0.023458036,0.002085462,9.51E-08,-0.039284342,0.032979614,0.003900308,4.04E-06,-0.014591568,0.016853849,0.001871269,-1.39E-06,-0.005227021,0.00732682,0.000913721,1.46E-06,-0.003431689,0.003523854,0.000529217,-1.14E-07,-0.01321789,0.014370065,0.002115988,9.08E-07,-0.006715064,0.008049284,0.001173037,-1.81E-06,-0.007632858,0.007387745,0.001246831,5.31E-07,-0.003828294,0.00400595,0.000732392,2.13E-06,-0.017135196,0.028321179,0.002429117,-5.38E-05,-0.005828702,0.006757211,0.000725777,1.36E-06,-0.013525504,0.020392615,0.001646754,-2.69E-05,-0.004379213,0.007555228,0.000495635,1.31E-06,-0.016769854,0.021330118,0.002178635,-4.72E-05,-0.004576027,0.004976099,0.000720532,7.94E-07
469,H,1,-0.031602809,0.081769546,0.027185903,0.022964314,0.019027508,0.217085965,0.174528053,0.17366539,9.76E-07,0.194122884,0.054643639,0.038167254,-0.012647176,0.014394698,0.007135823,0.004645429,-0.048893809,0.008075935,0.034160033,-0.033200339,0.025305273,0.068624097,0.054854518,0.054671847,0.003956056,0.111794283,0.034895096,0.030988716,0.000930325,0.093181792,0.01750111,0.01326578,0.002621498,0.109461323,0.030189052,0.025737894,-0.145835336,0.139229982,0.030736899,0.000121591,-0.067735581,0.072884716,0.018936345,-2.91E-06,-0.04103273,0.040585259,0.003764831,9.04E-06,-0.014137688,0.023458036,0.001931163,-7.88E-07,-0.039284342,0.032979614,0.00453351,-4.68E-06,-0.014591568,0.016853849,0.002114209,6.40E-08,-0.005227021,0.00419041,0.000905337,3.59E-07,-0.002222623,0.002807172,0.000514198,7.52E-08,-0.014448925,0.011783175,0.001797621,8.74E-07,-0.006216178,0.006114334,0.001020729,-1.42E-06,-0.006236822,0.007411728,0.001155264,1.21E-08,-0.003758751,0.002974055,0.000679041,9.33E-07,-0.011318073,0.010552901,0.001320901,6.81E-06,-0.002676342,0.003274902,0.000544745,-2.14E-07,-0.006434063,0.004865553,0.00096106,3.60E-06,-0.002237326,0.003208751,0.000385525,-1.10E-07,-0.009835273,0.01071016,0.001255492,6.18E-06,-0.002574603,0.004176099,0.000569945,-2.27E-07
469,H,2,-0.069288119,0.09116627,0.032765446,0.019748579,0.015349483,0.222262223,0.17910099,0.177750641,9.76E-07,0.182812978,0.050443172,0.037305604,-0.012647176,0.014083709,0.006390506,0.00258134,-0.048112528,0.013501047,0.031612292,-0.030328521,0.025305273,0.065563263,0.053065885,0.052856784,0.005256855,0.212714473,0.080122048,0.06773267,0.000930325,0.189126423,0.059123132,0.03999608,0.004570514,0.146896776,0.054074003,0.047372939,-0.140691485,0.188505084,0.033473515,-5.97E-05,-0.095417324,0.090437074,0.020117726,8.10E-06,-0.039503247,0.03609773,0.003949903,1.38E-05,-0.01312404,0.020577301,0.00196621,-4.27E-06,-0.043244254,0.028124502,0.004502287,2.15E-05,-0.013666908,0.015883411,0.002132738,3.98E-06,-0.004903275,0.004118346,0.000870234,-3.35E-06,-0.002157655,0.002807172,0.00049587,2.19E-07,-0.014448925,0.01360863,0.00196092,-2.46E-07,-0.007267412,0.006114334,0.001093874,4.68E-07,-0.008769206,0.007411728,0.001192484,5.78E-07,-0.004108913,0.00380404,0.000698428,-6.33E-07,-0.011318073,0.011048829,0.001413167,2.69E-05,-0.002676342,0.003274902,0.000539822,-1.90E-08,-0.006434063,0.007099016,0.001153655,1.58E-05,-0.001782442,0.003208751,0.000383894,1.96E-07,-0.009835273,0.015619585,0.0015092,2.25E-05,-0.002574603,0.006095966,0.000622293,-1.36E-07
469,L,0,-0.068761815,0.067379009,0.025497006,-0.014502007,0.007996181,0.216109659,0.171929698,0.169777361,4.70E-10,0.179465366,0.047650223,0.032852123,-0.014575631,0.013808853,0.006300084,0.0034586,-0.047810811,0.022105102,0.032090463,-0.029578243,0.026600266,0.065759199,0.051780462,0.051365614,0.008424178,0.314180798,0.084488027,0.067188544,0.001365597,0.265618552,0.072564573,0.054918448,0.003898832,0.183012809,0.043273658,0.03239363,-0.132792934,0.190976535,0.033842908,-7.68E-05,-0.105860389,0.110488436,0.020425721,3.37E-06,-0.051291996,0.040609633,0.004830021,2.77E-06,-0.020493484,0.031767585,0.002370855,7.43E-07,-0.03813311,0.035131351,0.004538418,1.46E-06,-0.016738441,0.016569644,0.002216375,2.83E-06,-0.004472249,0.005059418,0.000917169,1.88E-06,-0.002094881,0.002940073,0.000536413,-6.64E-07,-0.015040432,0.011756377,0.002250445,1.02E-06,-0.008233403,0.00613964,0.001254175,-1.24E-06,-0.007908357,0.008464542,0.001337886,-2.57E-06,-0.004435455,0.004878689,0.000785709,1.69E-06,-0.009749695,0.010942409,0.001510272,-4.38E-05,-0.005182971,0.00259267,0.000501161,8.06E-07,-0.007251749,0.008564812,0.001113699,-3.86E-05,-0.002882674,0.004346729,0.00039193,6.45E-07,-0.006949022,0.010323745,0.001602028,-2.13E-05,-0.005434557,0.003529044,0.000618113,5.24E-07
469,L,1,-0.083430446,0.002952552,0.035429417,-0.030338141,0.019508782,0.216824287,0.178499373,0.176741237,4.70E-10,0.179465366,0.041272711,0.025239276,-0.016235857,0.013808853,0.006840744,0.002383567,-0.047485159,0.0154678,0.028175362,-0.02560712,0.02963,0.06544469,0.050430434,0.050067835,0.007537613,0.13387111,0.053279737,0.047574485,0.001365597,0.089133737,0.039400808,0.032397084,0.003898832,0.131133179,0.035865119,0.030328271,-0.132792934,0.190976535,0.036041857,-0.00011669,-0.105860389,0.110488436,0.02143609,-1.85E-05,-0.043551727,0.037316293,0.004961963,3.85E-06,-0.015634138,0.02364793,0.00244284,1.20E-06,-0.03813311,0.035131351,0.004403868,-2.52E-05,-0.016738441,0.016569644,0.002184123,-2.24E-06,-0.006523835,0.006449067,0.001046084,-5.18E-06,-0.003007672,0.004523087,0.000614264,-3.32E-08,-0.011134848,0.01355188,0.002346202,4.89E-07,-0.008270038,0.005785265,0.001355994,-3.36E-07,-0.005835741,0.005550975,0.001305133,1.27E-06,-0.00364664,0.003166105,0.000778805,5.79E-07,-0.006086324,0.009730844,0.001202214,1.30E-05,-0.00301444,0.003583914,0.000476421,3.15E-07,-0.004688556,0.006697051,0.000961196,9.46E-06,-0.001845796,0.004346729,0.000387287,5.06E-07,-0.007951184,0.013129498,0.00132041,9.19E-06,-0.003098687,0.008041389,0.000576589,5.60E-08
469,L,2,-0.083430446,0.025388019,0.035515121,-0.029988653,0.019508782,0.216824287,0.17651008,0.174438614,4.06E-07,0.020822028,0.006387921,0.004445987,-0.016235857,0.013711683,0.006216088,0.000816767,-0.047485159,0.018062548,0.025064635,-0.022208211,0.028583725,0.063062038,0.049017641,0.048725249,0.005543006,0.111822441,0.053745495,0.048346222,0.001149871,0.089133737,0.03909775,0.032992338,0.002891535,0.110725683,0.036877421,0.032182378,-0.133400033,0.144246976,0.037417682,-3.33E-05,-0.084237438,0.082115047,0.022383141,-3.43E-05,-0.043551727,0.035239007,0.005396996,-1.73E-06,-0.015272155,0.022250796,0.002582615,-1.06E-06,-0.006899381,0.006970535,0.001981899,-3.30E-06,-0.00489673,0.004440612,0.001358577,-8.74E-07,-0.006523835,0.006449067,0.001032913,2.54E-06,-0.003007672,0.004523087,0.000600048,9.27E-08,-0.013074989,0.013628818,0.002397127,-1.56E-06,-0.008270038,0.006106973,0.001376243,-2.94E-07,-0.006426718,0.006156582,0.001257671,2.39E-07,-0.00364664,0.003691307,0.000754341,-1.58E-07,-0.006342604,0.009730844,0.00115008,-3.81E-06,-0.001825994,0.003583914,0.000449404,-4.62E-07,-0.004688556,0.004163616,0.000871264,-4.74E-06,-0.001556393,0.001860735,0.000359082,1.01E-07,-0.007951184,0.013129498,0.001263344,-1.51E-06,-0.002182418,0.008041389,0.00053038,-6.76E-07
469,M,0,-0.031620661,0.094111149,0.038350384,0.030678491,0.01749049,0.227612,0.188487747,0.186412344,2.49E-08,0.226753537,0.036806745,0.015958236,-0.015627305,0.012732814,0.005540097,-0.001261975,-0.051292558,0.016247447,0.031018736,-0.029307182,0.027627863,0.07302353,0.055508479,0.055148932,0.00700395,0.238607475,0.06479656,0.056985965,0.001657474,0.152190329,0.053933331,0.046219241,0.004627957,0.23416776,0.035913645,0.027491215,-0.241583037,0.182896526,0.033261177,-0.000279728,-0.121810862,0.089248889,0.019536412,4.10E-05,-0.041133808,0.032937372,0.004403354,-5.62E-06,-0.013982232,0.022551253,0.002123553,-1.54E-06,-0.058682463,0.03256388,0.003649011,1.82E-06,-0.025793778,0.023699458,0.001874567,-5.65E-07,-0.004948503,0.003534854,0.000787541,3.25E-06,-0.001928762,0.002955651,0.000453547,-2.47E-07,-0.013144597,0.014787996,0.001829677,-1.52E-06,-0.005808376,0.007946686,0.001041119,-1.19E-06,-0.00673147,0.006626249,0.001139893,1.31E-06,-0.004343775,0.003410542,0.000677207,1.04E-06,-0.011513087,0.02848863,0.001761147,-1.56E-05,-0.00700955,0.006618605,0.000522975,1.16E-06,-0.006233785,0.008082478,0.001071408,-5.93E-06,-0.001691928,0.001619039,0.000343707,4.63E-07,-0.011931413,0.030879361,0.001784331,-1.84E-05,-0.007372304,0.006067373,0.000605079,8.61E-07
469,M,1,-0.064914372,0.092895676,0.02519389,0.0088114,0.011221533,0.228615232,0.184166717,0.182305171,4.16E-07,0.226753537,0.036635245,0.01521858,-0.011775374,0.012732814,0.00551061,0.003396349,-0.051292558,0.016247447,0.034395217,-0.033018643,0.025819594,0.07302353,0.056197577,0.055846601,0.00700395,0.147869634,0.050978833,0.044835725,0.001657474,0.115078531,0.04064659,0.034040811,0.004627957,0.126815617,0.030768427,0.025601819,-0.193612119,0.112818041,0.03026024,-0.000157977,-0.071722135,0.09363183,0.018098877,-1.21E-05,-0.050241578,0.041313306,0.004900458,-9.27E-07,-0.016844323,0.028851852,0.002459934,4.36E-07,-0.058682463,0.03256388,0.003573049,1.13E-06,-0.025793778,0.023699458,0.001807478,5.49E-07,-0.004792911,0.00393466,0.000790406,1.31E-06,-0.002147957,0.002648652,0.000459772,3.88E-07,-0.013144597,0.014787996,0.002006059,-9.23E-07,-0.007326136,0.007946686,0.001124879,-3.54E-07,-0.008238735,0.007001909,0.001270162,2.98E-07,-0.004343775,0.003410542,0.000732461,8.66E-07,-0.00924552,0.011318556,0.00126003,1.05E-05,-0.002200147,0.004542272,0.000429899,5.21E-07,-0.007105215,0.008082478,0.000987213,7.17E-06,-0.001689215,0.001619039,0.000323782,3.52E-07,-0.01241927,0.017837992,0.001290788,8.23E-06,-0.004445959,0.010329507,0.000559288,2.78E-07
469,M,2,-0.07883752,0.095002746,0.024652751,-0.007028282,0.011221533,0.228615232,0.179710525,0.177249498,4.16E-07,0.198189744,0.058511665,0.038709398,-0.013000755,0.01247478,0.005602005,0.004177172,-0.04954654,0.026038873,0.033408425,-0.031291339,0.025819594,0.069674662,0.054139633,0.053758313,0.008357145,0.295772872,0.069248027,0.057670998,0.001932827,0.292546297,0.058611669,0.046620232,0.003214626,0.130414659,0.036877657,0.030162597,-0.194830234,0.154692347,0.031295154,-0.000151408,-0.096727635,0.093878296,0.018440259,-2.06E-06,-0.050241578,0.041313306,0.004993151,-4.66E-06,-0.016844323,0.028851852,0.002531638,1.14E-06,-0.043715998,0.030270229,0.0042002,1.26E-06,-0.016393278,0.013269714,0.001988117,-2.91E-07,-0.004792911,0.005227925,0.000831307,-2.32E-06,-0.002280822,0.002699178,0.00048749,-2.42E-07,-0.012139555,0.013675288,0.002200336,2.28E-06,-0.007351976,0.006240511,0.001243952,3.32E-07,-0.010515307,0.007001909,0.001357234,-2.55E-06,-0.003794233,0.004634922,0.00078927,5.89E-08,-0.013263712,0.017695202,0.001830004,8.65E-06,-0.003540762,0.004940649,0.00050409,4.04E-07,-0.009543818,0.013588561,0.001576549,7.43E-06,-0.002926988,0.009525489,0.00043185,2.87E-07,-0.01241927,0.017837992,0.00158225,3.93E-06,-0.004445959,0.010329507,0.000639949,3.46E-07
470,H,0,-0.136580314,0.057432243,0.041754152,-0.029751592,0.008766369,0.238495198,0.200056239,0.191968803,7.37E-07,0.17322349,0.014739053,0.007166386,-0.017342403,0.017405479,0.005481245,0.001160508,-0.06344137,0.029946266,0.031279662,-0.026245825,0.027374539,0.078866405,0.051546758,0.050553457,0.016811067,2.157222828,0.350503614,0.19602793,0.003591117,1.19948927,0.217786411,0.138214813,0.009128389,1.803987229,0.274630412,0.121897245,-0.207308963,0.131091758,0.027148408,-5.09E-05,-0.08402502,0.082521536,0.015619244,-1.79E-05,-0.049577637,0.035363784,0.004360871,-2.25E-06,-0.015200406,0.015620705,0.001853846,3.28E-07,-0.037431479,0.025825548,0.002968438,3.52E-07,-0.019693564,0.011963429,0.001590076,-3.61E-07,-0.005227975,0.004580592,0.00093091,1.40E-06,-0.002563039,0.002567163,0.000525542,3.00E-07,-0.014470654,0.016042324,0.002241658,-1.47E-06,-0.006602335,0.00706483,0.00120533,7.43E-07,-0.007585707,0.007203219,0.001501683,-7.85E-07,-0.003963749,0.004681919,0.000842557,9.94E-07,-0.026274378,0.060860058,0.005774056,-3.08E-05,-0.007109667,0.02173197,0.000804476,2.41E-06,-0.018478033,0.030518564,0.003118835,-5.20E-05,-0.0053538,0.012738885,0.000544945,1.05E-06,-0.023801378,0.053345396,0.005188711,2.37E-05,-0.005106198,0.018673387,0.000818673,2.07E-06
470,H,1,-0.136580314,0.057432243,0.034894999,-0.020337178,0.005968788,0.243241165,0.200526566,0.190899295,4.44E-06,0.211936173,0.022263695,0.009804121,-0.015442729,0.017405479,0.00563089,0.000830253,-0.06354331,0.029946266,0.031844563,-0.025929253,0.027374539,0.078866405,0.051619977,0.050413651,0.016811067,2.157222828,0.338968551,0.162437234,0.003135143,1.19948927,0.199243393,0.099531382,0.00885247,1.803987229,0.274229373,0.11850653,-0.207308963,0.131091758,0.029478517,0.000130208,-0.08402502,0.082521536,0.016588682,-6.31E-06,-0.049577637,0.043958118,0.005361651,7.84E-06,-0.015314885,0.015935066,0.002057907,1.06E-07,-0.038821843,0.039705326,0.003958395,-8.61E-07,-0.019693564,0.014821348,0.001858617,-2.92E-07,-0.005227975,0.004580592,0.000957215,-1.69E-06,-0.002563039,0.002567163,0.000534815,-1.25E-06,-0.013248965,0.013720588,0.002377768,-2.26E-06,-0.005878885,0.00706483,0.001279085,5.22E-07,-0.007741986,0.008670174,0.001587851,2.80E-06,-0.004504879,0.004681919,0.000891171,1.40E-06,-0.026274378,0.060860058,0.005823278,2.43E-05,-0.007109667,0.02173197,0.000823891,2.43E-06,-0.018478033,0.030518564,0.003175664,-4.03E-06,-0.0053538,0.012738885,0.000553593,1.79E-06,-0.023801378,0.053345396,0.005252179,3.24E-05,-0.005106198,0.018673387,0.000821566,1.79E-06
470,H,2,-0.124621177,0.028345975,0.043536522,-0.034336136,0.005968788,0.243241165,0.202736407,0.195524065,6.84E-07,0.211936173,0.031340983,0.014023891,-0.017375682,0.012974812,0.005316707,2.27E-05,-0.06354331,0.026351074,0.027133132,-0.023319007,0.02767839,0.076177956,0.049097587,0.048454333,0.009805244,0.222956316,0.101279656,0.090451376,0.002639352,0.21074607,0.081789119,0.064496188,0.00885247,0.131599248,0.059733648,0.054086788,-0.199591058,0.121427523,0.029250094,-0.000124912,-0.079786137,0.080789092,0.017045187,3.33E-06,-0.045415904,0.043958118,0.004901786,1.89E-06,-0.015314885,0.015935066,0.001890584,3.01E-06,-0.038821843,0.039705326,0.004253384,8.07E-08,-0.013282724,0.014821348,0.00193185,2.57E-08,-0.004689573,0.004445302,0.00086356,5.61E-06,-0.002274139,0.002314993,0.000496149,-4.65E-07,-0.014227535,0.015109546,0.002014963,-2.60E-06,-0.006198448,0.007468142,0.001127254,6.37E-07,-0.008107994,0.008670174,0.001304711,3.76E-06,-0.004504879,0.004849871,0.000771905,6.69E-07,-0.005387714,0.00980124,0.001329498,3.14E-05,-0.002077074,0.00279038,0.000447786,-2.71E-07,-0.004512749,0.005637195,0.001081149,3.15E-05,-0.001709976,0.001508856,0.000336474,-3.99E-07,-0.009773871,0.012869193,0.001514528,1.56E-05,-0.002656007,0.004586053,0.000538194,1.68E-07
470,L,0,-0.093129043,0.028186515,0.026285184,-0.020787961,0.014950073,0.241433427,0.207190184,0.200978881,1.46E-07,0.144659322,0.020116056,0.007813344,-0.014241716,0.009963031,0.003441077,-0.001346057,-0.058816969,0.024415251,0.028988883,-0.024899476,0.027100644,0.069830078,0.047992078,0.047301888,0.009475604,0.279103595,0.102792378,0.091288407,0.002771985,0.089704918,0.038431215,0.033059804,0.004970446,0.278751355,0.095337898,0.079818835,-0.184230489,0.177166508,0.028445801,-0.000142136,-0.081095673,0.076100265,0.016298798,-8.88E-06,-0.038727272,0.031270133,0.004747413,-9.13E-06,-0.01074446,0.01216416,0.001930265,7.96E-07,-0.029320529,0.030802754,0.003019766,1.71E-05,-0.010687016,0.010398878,0.001473527,5.21E-07,-0.00487607,0.002764138,0.000719354,-1.54E-06,-0.001764367,0.002337631,0.000430905,-4.85E-10,-0.012399974,0.014308088,0.00216555,-2.42E-06,-0.006136213,0.007817761,0.001175717,6.01E-07,-0.006783837,0.008321916,0.001365526,-1.14E-06,-0.004375385,0.004320292,0.000795027,3.63E-07,-0.008352517,0.008112444,0.001407281,-7.18E-05,-0.004438866,0.003084149,0.000538465,-5.34E-08,-0.004394354,0.005508283,0.00096212,-7.69E-07,-0.001863854,0.001619452,0.000346474,4.71E-07,-0.00836439,0.007621891,0.001450786,-7.27E-05,-0.004450818,0.003086997,0.000583014,-2.83E-08
470,L,1,-0.111801465,0.00241497,0.04330389,-0.036320216,0.007604329,0.241433427,0.208580627,0.203501977,5.79E-10,0.242497376,0.02499451,0.008821685,-0.016434903,0.011560072,0.004379947,-0.000446465,-0.052527356,0.024415251,0.027160633,-0.024431911,0.027100644,0.067194698,0.048016253,0.047571778,0.009475604,0.145109203,0.067277853,0.062949786,0.003146962,0.101962369,0.0404578,0.033938222,0.004970446,0.142863168,0.053753845,0.046760449,-0.208059942,0.177166508,0.028646943,-0.00017194,-0.095476822,0.091380846,0.016770612,-8.72E-06,-0.039392192,0.031270133,0.00400198,-1.63E-05,-0.011967204,0.01216416,0.001619206,1.72E-06,-0.049233536,0.033364823,0.003784444,7.44E-07,-0.014210405,0.014642948,0.001695259,-4.30E-08,-0.004296575,0.003541393,0.000758375,-1.79E-06,-0.0020404,0.001838939,0.000450431,-2.51E-08,-0.011460123,0.014308088,0.001861441,3.54E-06,-0.006136213,0.007817761,0.001038531,8.27E-07,-0.006783837,0.006773734,0.001219789,-2.52E-06,-0.004375385,0.004320292,0.000703738,1.69E-07,-0.005425127,0.009338208,0.001266273,-2.12E-06,-0.002251011,0.002336834,0.000468955,9.62E-08,-0.004394354,0.005508283,0.001016801,3.43E-06,-0.001863854,0.001619452,0.00035529,3.78E-07,-0.004817624,0.008970634,0.001286171,-5.03E-06,-0.002238238,0.002432359,0.000522779,-2.07E-08
470,L,2,-0.113743941,0.000998744,0.059694872,-0.055253406,0.007604329,0.240286133,0.204263451,0.20086696,5.79E-10,0.242497376,0.016234624,0.005580005,-0.016434903,0.011560072,0.005150667,-0.000829541,-0.048329048,0.012455807,0.027095605,-0.025691447,0.028018828,0.062346996,0.048660774,0.048333425,0.015712644,0.227051407,0.107577788,0.096138263,0.00341611,0.193941693,0.043923482,0.03556991,0.008448626,0.222934969,0.098202384,0.083336324,-0.208059942,0.184031726,0.029409751,7.79E-06,-0.095476822,0.091380846,0.017200687,4.24E-06,-0.039392192,0.028081528,0.003414528,1.29E-06,-0.011967204,0.010611475,0.001430099,1.80E-06,-0.049233536,0.033364823,0.002957321,-1.06E-05,-0.014210405,0.014642948,0.001509336,-2.50E-06,-0.004296575,0.004715889,0.000814894,4.99E-07,-0.002127861,0.001838939,0.000483681,6.48E-07,-0.009779801,0.009302014,0.00154071,-1.68E-07,-0.004559728,0.004600171,0.000906723,-7.16E-07,-0.006281374,0.006398083,0.00109839,-2.11E-07,-0.003113729,0.004161563,0.000651078,7.95E-07,-0.006964339,0.012020266,0.001388773,4.37E-05,-0.002112808,0.002966137,0.000519043,1.13E-06,-0.009982817,0.017137935,0.001242555,1.87E-06,-0.002136991,0.00373865,0.00033562,6.80E-07,-0.005213248,0.008970634,0.001278206,4.43E-05,-0.0022237,0.002846439,0.00053946,1.03E-06
470,M,0,-0.076262241,0.033222636,0.032006461,-0.024947329,0.028910894,0.239146136,0.198165886,0.193821903,1.63E-06,0.147399872,0.021819607,0.009008428,-0.0136554,0.008294375,0.003613409,-0.001646178,-0.06449649,0.024016446,0.033181791,-0.028770954,0.027531238,0.078060436,0.050761492,0.049812389,0.009957504,0.146786382,0.063528996,0.059281987,0.001263035,0.125861403,0.046278373,0.039121631,0.004942851,0.116652794,0.043522931,0.03828207,-0.102409853,0.149014094,0.027407686,-0.000174456,-0.064125465,0.060119959,0.016289884,1.04E-05,-0.048414245,0.03505885,0.004578513,-6.00E-06,-0.014912562,0.019120927,0.002132651,4.45E-06,-0.037207528,0.034112834,0.003190621,1.72E-05,-0.013572837,0.023707821,0.001758869,3.54E-06,-0.00323036,0.003139354,0.000734449,-1.37E-07,-0.001954479,0.001851439,0.00044612,7.51E-08,-0.012809235,0.014667546,0.002112305,1.31E-05,-0.005278246,0.00630334,0.001148253,-1.05E-06,-0.011740902,0.007946736,0.00141613,-1.03E-05,-0.004661746,0.003606047,0.000773511,1.27E-06,-0.006107867,0.00729469,0.001318758,-2.95E-06,-0.004337452,0.004565769,0.000527701,-1.94E-07,-0.008374601,0.004962142,0.00095853,4.82E-06,-0.002507275,0.004353776,0.000355087,6.14E-08,-0.007290372,0.006927482,0.001464608,-7.14E-06,-0.004164542,0.0041859,0.00061713,-1.73E-07
470,M,1,-0.076262241,0.044854721,0.033439958,-0.02788891,0.028728374,0.24124609,0.204264168,0.199583702,1.63E-06,0.214256864,0.019768774,0.008424363,-0.017732566,0.009901501,0.003464611,-0.001414413,-0.0555624,0.025779477,0.031133718,-0.027056414,0.027531238,0.069508632,0.048698135,0.04807139,0.007090112,0.18113518,0.059373625,0.051851354,0.001701183,0.130613233,0.043212947,0.0358993,0.004546532,0.12549955,0.040716932,0.033298903,-0.111182709,0.149014094,0.028039754,6.86E-05,-0.0661127,0.060119959,0.016770574,1.12E-05,-0.041617348,0.042408733,0.004727724,5.44E-06,-0.016678277,0.016526749,0.002125287,2.42E-06,-0.042971191,0.032794363,0.00309448,-1.32E-06,-0.019696176,0.017311007,0.00171262,8.72E-08,-0.003382051,0.003139354,0.000730568,4.50E-07,-0.00175124,0.002043137,0.000445999,-3.88E-07,-0.011002194,0.01066619,0.002131744,5.92E-06,-0.005424454,0.006237262,0.001189345,9.08E-07,-0.006434196,0.007836626,0.001355926,-2.00E-06,-0.004530674,0.003314703,0.000779205,2.02E-07,-0.006107867,0.007086944,0.001242522,-1.28E-06,-0.002015129,0.002587561,0.000501127,-8.81E-08,-0.008374601,0.004962142,0.000950229,4.05E-06,-0.002507275,0.004353776,0.000355679,1.39E-07,-0.006717269,0.00703685,0.001372642,-5.39E-06,-0.00268419,0.002716559,0.000611137,-1.94E-07
470,M,2,-0.064588293,0.044854721,0.020524525,-0.012984177,0.022431711,0.24124609,0.202664998,0.196523426,3.37E-06,0.222944859,0.02638378,0.011261613,-0.017732566,0.010994903,0.003731865,-0.000624248,-0.061933966,0.025779477,0.029402959,-0.024127984,0.027896976,0.076518137,0.048605754,0.047818287,0.006789496,0.18113518,0.066771019,0.058148264,0.001701183,0.130613233,0.049502301,0.040921435,0.004546532,0.12549955,0.044809499,0.0370093,-0.111182709,0.133980951,0.025451679,9.69E-05,-0.0661127,0.059349561,0.015497905,-2.24E-05,-0.046870559,0.042408733,0.005383272,4.65E-07,-0.016678277,0.020606613,0.002306688,1.26E-06,-0.042971191,0.03765767,0.004013914,-1.51E-05,-0.022941665,0.017311007,0.002080904,-4.30E-06,-0.003382051,0.003391924,0.000779763,-1.30E-06,-0.001771889,0.002043137,0.000473286,1.50E-07,-0.011002194,0.015622177,0.002430147,-1.88E-06,-0.006785894,0.006237262,0.001340764,-1.17E-06,-0.010433938,0.007836626,0.001494154,2.35E-06,-0.004668421,0.003338232,0.00084775,1.76E-06,-0.006055523,0.008640457,0.001319127,-2.24E-06,-0.002888321,0.002587561,0.000502916,-2.35E-07,-0.004202697,0.003523687,0.001003405,-2.44E-06,-0.00136087,0.001707785,0.000324995,-2.71E-08,-0.006717269,0.011035351,0.001378844,-6.76E-07,-0.003399126,0.002716559,0.000620215,-3.51E-07
471,H,0,-0.310927444,-0.061927281,0.147891731,-0.143278614,0.024613209,0.224888603,0.182687548,0.176278437,3.28E-07,0.105818025,0.014695942,0.008376172,-0.018292152,0.009486034,0.00514474,-0.000723072,-0.042202619,0.01377882,0.02123398,-0.019199495,0.022625652,0.063734211,0.04495842,0.044410664,0.008147637,0.522704236,0.150822769,0.118401178,0.002553303,0.266847778,0.090449828,0.070791962,0.004535357,0.451995796,0.120691078,0.084149966,-0.324801863,0.43055891,0.041921432,-0.000125231,-0.179049003,0.166855113,0.021277313,-7.60E-06,-0.029244364,0.03936092,0.004854335,-8.91E-06,-0.013621328,0.014798365,0.00211217,5.14E-06,-0.025445864,0.025938354,0.002843012,1.63E-06,-0.013756125,0.010740484,0.001655956,-3.25E-07,-0.004395543,0.004448952,0.000922952,-4.11E-07,-0.002636731,0.00192652,0.000538394,-1.10E-07,-0.017520287,0.013616717,0.001937613,-1.13E-06,-0.008037722,0.00887991,0.001156807,1.14E-06,-0.006941912,0.00956896,0.001253722,1.59E-07,-0.006297417,0.005032121,0.000738059,1.80E-08,-0.025742325,0.033640886,0.004553501,-1.73E-05,-0.008750232,0.009964476,0.000981798,-2.81E-06,-0.019264469,0.025205595,0.003240393,-1.81E-05,-0.005769622,0.015386646,0.000840882,-9.19E-07,-0.023160043,0.02899839,0.003998992,-7.19E-06,-0.006876073,0.014323925,0.001011447,-2.92E-06
471,H,1,-0.313045257,-0.077753774,0.169696577,-0.16403709,0.017858088,0.223850068,0.175015782,0.167650629,2.19E-09,0.118243669,0.021751519,0.010823684,-0.018292152,0.008739579,0.005536091,-0.002404304,-0.042303729,0.013285207,0.021361477,-0.018770505,0.020434765,0.064664096,0.045981213,0.045242269,0.008147637,0.551086013,0.191806111,0.149239873,0.002553303,0.449009976,0.134216862,0.092839784,0.004790919,0.454541736,0.137023422,0.103679736,-0.324801863,0.294304751,0.044071505,-0.00026437,-0.155369541,0.113602984,0.02184366,-2.17E-05,-0.029134062,0.03936092,0.004909235,1.78E-06,-0.013621328,0.014798365,0.002105047,2.10E-06,-0.028546783,0.031218953,0.003425284,-1.52E-06,-0.016925245,0.015804753,0.001898506,-1.08E-07,-0.00454596,0.004448952,0.000975134,-1.95E-06,-0.002442078,0.002343617,0.000567481,1.29E-07,-0.017520287,0.013616717,0.002002105,3.27E-06,-0.008037722,0.00887991,0.001179318,-8.41E-07,-0.006785058,0.00956896,0.00127754,-5.82E-07,-0.006297417,0.005032121,0.000750621,2.96E-07,-0.025742325,0.034383538,0.00486549,2.68E-05,-0.008750232,0.009964476,0.001061251,-4.30E-06,-0.019264469,0.025205595,0.003470534,3.53E-05,-0.005769622,0.015386646,0.000791263,1.12E-06,-0.02357001,0.039139279,0.004504799,7.53E-06,-0.007151259,0.014323925,0.001146375,-5.45E-06
471,H,2,-0.323018172,-0.110906129,0.186613431,-0.180939827,0.017858088,0.220992476,0.173410257,0.167145145,2.19E-09,0.125420708,0.034069143,0.019387678,-0.017218962,0.008828913,0.005639705,-0.002749647,-0.042303729,0.015110457,0.020658803,-0.017705659,0.020434765,0.064664096,0.046870823,0.046207861,0.009427262,0.551086013,0.206973197,0.178739649,0.003396785,0.449009976,0.139038559,0.109942861,0.004790919,0.454541736,0.153317263,0.127509004,-0.31398534,0.243901455,0.042967533,-0.000223533,-0.136812676,0.107903513,0.021656363,-1.83E-05,-0.020729179,0.039065794,0.004333374,-2.06E-05,-0.012201186,0.013477304,0.001866697,2.17E-06,-0.028546783,0.031218953,0.004714857,4.98E-06,-0.018322922,0.017143463,0.002508958,-1.36E-06,-0.004576351,0.004361953,0.000975979,-2.77E-06,-0.002507238,0.002616888,0.000571592,1.50E-07,-0.010574827,0.013324279,0.001924763,-2.35E-06,-0.007082169,0.006177103,0.001101744,-3.53E-07,-0.006785058,0.006561115,0.001235581,3.08E-06,-0.004265647,0.004253866,0.000731082,7.45E-07,-0.020366787,0.034383538,0.004019629,4.27E-05,-0.006633997,0.010208729,0.000958465,-2.22E-06,-0.019617525,0.023677254,0.002988286,2.05E-05,-0.00485975,0.010265914,0.000731762,-6.56E-07,-0.02357001,0.039139279,0.004046421,3.77E-05,-0.007151259,0.013827356,0.001083396,-2.74E-06
471,L,0,-0.335482821,0.077754804,0.177440066,-0.167378606,0.018166585,0.225775403,0.172420278,0.162291931,4.46E-07,0.114384569,0.018119124,0.009440606,-0.015900725,0.009444909,0.006158048,-0.003971908,-0.042332761,0.019166576,0.019700232,-0.01608656,0.018729824,0.065509131,0.04400904,0.043142967,0.015152662,0.490911379,0.207473318,0.17437225,0.003229623,0.254439945,0.100073809,0.078683486,0.006175176,0.444512227,0.181742704,0.144759171,-0.341567159,0.320608961,0.052886848,-0.000241087,-0.1944295,0.138030265,0.025933002,-8.22E-05,-0.036351093,0.043708261,0.006063065,-2.82E-05,-0.014704597,0.019445839,0.002491258,7.72E-07,-0.024517184,0.023710014,0.00268912,7.97E-07,-0.00898358,0.015299211,0.001590438,-4.29E-08,-0.003875048,0.004518627,0.000953325,8.25E-07,-0.002466023,0.002667074,0.000529873,5.86E-07,-0.012005442,0.012288309,0.002128745,3.70E-06,-0.006051636,0.005569793,0.001187199,5.68E-07,-0.007025157,0.008569427,0.001385699,-3.31E-06,-0.003642377,0.003792944,0.000752313,5.11E-07,-0.02994044,0.035336387,0.005859603,3.66E-05,-0.00847291,0.013754448,0.001355887,1.65E-06,-0.022468322,0.025100291,0.00438437,-4.95E-06,-0.005873454,0.020885216,0.001244766,-4.85E-06,-0.026249848,0.030715832,0.005340777,5.51E-05,-0.00795492,0.024417991,0.001390322,2.91E-06
471,L,1,-0.335482821,-0.10494006,0.193065866,-0.185645415,0.018166585,0.223447254,0.170032555,0.159301594,4.46E-07,0.142709214,0.02806099,0.016186234,-0.01885058,0.009444909,0.006367543,-0.004070501,-0.042058762,0.019166576,0.019047151,-0.0152034,0.018729824,0.064040403,0.042820604,0.042028392,0.015152662,0.490911379,0.225566162,0.197224328,0.004729917,0.230087332,0.098381037,0.076789374,0.006175176,0.444512227,0.202980947,0.171594313,-0.341567159,0.355203806,0.055500517,-0.000228861,-0.1944295,0.138030265,0.02775718,-6.69E-05,-0.029550549,0.043708261,0.006026522,1.26E-06,-0.014704597,0.016930373,0.002477342,6.66E-06,-0.036658012,0.037165831,0.003722634,1.93E-06,-0.015649243,0.015299211,0.001969953,5.74E-07,-0.005137699,0.004518627,0.001027055,-2.24E-06,-0.003006489,0.002667074,0.000576087,-2.96E-07,-0.012005442,0.013691868,0.00217851,1.26E-06,-0.006051636,0.005672845,0.00120485,-4.56E-07,-0.007025157,0.008569427,0.001406971,3.94E-07,-0.00353069,0.003221632,0.000755515,1.79E-06,-0.027734179,0.037680339,0.006042395,5.09E-05,-0.00847291,0.023954093,0.001437148,-3.89E-06,-0.020329273,0.025100291,0.004367263,1.04E-05,-0.00583199,0.014958454,0.001194229,-1.89E-06,-0.026249848,0.035305456,0.005532522,4.98E-05,-0.007976479,0.026606194,0.001475971,-3.67E-06
471,L,2,-0.308279659,-0.10494006,0.172416407,-0.168898107,0.01639851,0.221091982,0.189046693,0.185074631,1.88E-06,0.142709214,0.022544166,0.011896968,-0.01885058,0.008186109,0.005319681,-0.002770471,-0.042058762,0.013703907,0.018286851,-0.016205955,0.02041592,0.064040403,0.044250047,0.043839018,0.010886435,0.468951036,0.141620742,0.112255752,0.002845734,0.227974951,0.054670564,0.037650413,0.00741141,0.410627316,0.130642888,0.100173775,-0.296224719,0.355203806,0.038839592,-8.28E-05,-0.186964812,0.133069455,0.021194626,-1.25E-05,-0.045940136,0.039259363,0.004208491,2.81E-05,-0.014619952,0.018841241,0.001886145,7.40E-06,-0.036658012,0.037165831,0.003269337,5.75E-07,-0.015649243,0.013397298,0.001789311,-1.33E-07,-0.005137699,0.004251043,0.000911459,1.23E-06,-0.003006489,0.002628734,0.000532983,-1.36E-06,-0.012611362,0.013691868,0.001732602,-2.53E-06,-0.005908764,0.005672845,0.00097805,-2.45E-06,-0.005481299,0.007144769,0.001173591,1.68E-06,-0.003418198,0.004076477,0.000669733,2.10E-06,-0.027734179,0.037680339,0.003691222,-1.21E-05,-0.007742449,0.023954093,0.001017468,-6.15E-06,-0.020329273,0.018544856,0.002487662,1.55E-07,-0.003213788,0.012305552,0.000747044,3.18E-06,-0.025693076,0.035305456,0.003358129,-1.28E-05,-0.007976479,0.026606194,0.001031649,-7.26E-06
471,M,0,-0.349670793,-0.068151509,0.186907065,-0.180010573,0.009561669,0.216189902,0.162001241,0.151052598,5.41E-12,0.115700166,0.018826292,0.009854901,-0.015801812,0.011023501,0.004865833,-0.000752923,-0.043880193,0.019753071,0.021729115,-0.018323369,0.018017898,0.061712508,0.042570245,0.041783427,0.014400797,0.593067122,0.224741118,0.179944058,0.003416437,0.302831833,0.11074184,0.089361049,0.006729666,0.541098055,0.195562816,0.143513165,-0.318831185,0.315408952,0.046700324,-0.000157398,-0.173734951,0.123511445,0.023090546,-1.47E-05,-0.037830271,0.050834727,0.005765665,-2.21E-05,-0.020010332,0.021662688,0.002449466,1.67E-06,-0.026225929,0.019600546,0.002607615,4.76E-06,-0.00983401,0.009152542,0.001487543,-1.15E-06,-0.005027367,0.00550084,0.000961225,-2.40E-06,-0.002607288,0.00268559,0.000548317,2.86E-07,-0.016010978,0.010783694,0.002042838,-2.75E-06,-0.006174278,0.006933492,0.001139111,7.49E-07,-0.00900155,0.008777445,0.001348909,2.80E-07,-0.004813304,0.0046315,0.000780951,3.75E-08,-0.04303424,0.052243214,0.006755332,3.60E-05,-0.010844766,0.034244542,0.001824726,-1.38E-07,-0.024244797,0.024556441,0.004196228,1.89E-05,-0.005771276,0.020780954,0.001243549,4.00E-07,-0.045081111,0.052318222,0.006493012,3.26E-05,-0.01102174,0.039241863,0.001929714,-1.05E-06
471,M,1,-0.331470277,-0.068151509,0.175012904,-0.168195476,0.009270512,0.218408618,0.166605795,0.155890323,4.49E-10,0.115700166,0.020056006,0.011799064,-0.018536675,0.009644129,0.004914292,-0.001787263,-0.040651281,0.019753071,0.021297151,-0.018023389,0.018017898,0.063196437,0.04256148,0.04180652,0.014400797,0.533175385,0.212628662,0.17637737,0.002997981,0.302831833,0.100435617,0.076287991,0.008276539,0.492630581,0.187413007,0.148602988,-0.318831185,0.315408952,0.044533217,-1.83E-05,-0.173734951,0.123511445,0.022138528,-5.69E-05,-0.034118393,0.050834727,0.005496957,-1.78E-05,-0.020010332,0.021662688,0.002348071,-1.38E-06,-0.026225929,0.019600546,0.002626361,3.05E-06,-0.00983401,0.009152542,0.001483589,1.47E-06,-0.005027367,0.005750588,0.000940287,-8.23E-07,-0.002404925,0.003128239,0.000528562,8.93E-07,-0.016010978,0.010783694,0.001950567,-5.04E-06,-0.006174278,0.006933492,0.00112117,-8.61E-07,-0.006594178,0.008777445,0.001277016,4.33E-06,-0.004263513,0.004486952,0.000750989,1.42E-06,-0.04303424,0.040127166,0.005883065,2.32E-05,-0.009100736,0.034244542,0.001531837,2.22E-06,-0.024244797,0.024556441,0.003896721,1.57E-05,-0.005771276,0.020780954,0.001164275,1.80E-06,-0.045081111,0.041425305,0.005599509,1.31E-05,-0.0090339,0.039241863,0.001630907,1.49E-06
471,M,2,-0.389534283,-0.106748088,0.174444263,-0.168208678,0.009270512,0.218408618,0.171149693,0.164581957,4.49E-10,0.140425449,0.027300541,0.016843488,-0.018536675,0.01005714,0.004952691,-0.002147538,-0.043267106,0.01929469,0.023795459,-0.021178005,0.016152905,0.064773796,0.044280923,0.043667858,0.020232696,0.686415383,0.211522905,0.181957278,0.002997981,0.368177548,0.107930203,0.078012278,0.006019255,0.580897913,0.181914844,0.15224406,-0.317973681,0.283696974,0.043033539,-6.06E-05,-0.185951713,0.144620001,0.022080898,-1.35E-05,-0.037124915,0.044279473,0.004823527,-7.30E-07,-0.015991883,0.016600171,0.002109646,8.68E-07,-0.029695117,0.032048337,0.003496281,-1.29E-06,-0.014072148,0.012659937,0.001857213,-4.82E-08,-0.004330802,0.005750588,0.000900191,-1.30E-06,-0.002638177,0.003128239,0.000520289,3.06E-07,-0.009739803,0.010203746,0.001882626,3.12E-06,-0.005660991,0.005482856,0.00111833,-7.41E-08,-0.007223549,0.007460199,0.001293794,-1.44E-06,-0.004263513,0.003707909,0.000758922,2.92E-07,-0.031888066,0.04634452,0.005307464,1.94E-05,-0.008114168,0.008568682,0.001086841,-1.17E-07,-0.02328856,0.029381193,0.003843351,-1.54E-05,-0.006976838,0.022314754,0.00103403,1.16E-07,-0.034575164,0.044713903,0.004994024,3.58E-05,-0.00744531,0.008390813,0.001071005,-2.97E-07
472,H,0,-0.248205509,-0.028237802,0.158098408,-0.146650831,0.013113832,0.201134318,0.153385564,0.148910384,4.84E-06,0.378109088,0.097152574,0.047258048,-0.016688336,0.010731426,0.007495507,-0.00538094,-0.045294428,0.019261176,0.026351014,-0.023938004,0.022841077,0.065486878,0.045659496,0.04506001,0.01370317,0.407296976,0.108631763,0.091653051,0.002614355,0.145383213,0.039715326,0.033640524,0.007564134,0.385273226,0.101111586,0.082161359,-0.20322039,0.230384759,0.038216843,-0.000406239,-0.120620336,0.089049975,0.021158371,1.64E-05,-0.041220486,0.03175411,0.00567759,-1.04E-05,-0.013792069,0.017650885,0.002528379,-1.38E-06,-0.036688285,0.055782355,0.004747452,3.37E-05,-0.020638955,0.020830514,0.002242463,2.62E-06,-0.005908899,0.007473529,0.001114313,-1.07E-06,-0.002903746,0.004370479,0.000650029,-7.38E-07,-0.014354748,0.013888793,0.002359119,4.98E-06,-0.007981206,0.005527084,0.001303652,8.00E-07,-0.007504326,0.007967799,0.001469421,-3.02E-06,-0.003655599,0.003467663,0.0008643,5.66E-08,-0.014692936,0.022872858,0.002352487,-2.52E-06,-0.005197596,0.003913356,0.000694413,7.61E-07,-0.005252475,0.009259248,0.001277626,1.59E-05,-0.002056411,0.00330574,0.00039938,9.18E-07,-0.0154731,0.021910286,0.002394431,-1.57E-05,-0.005063196,0.005012606,0.000730344,2.21E-07
472,H,1,-0.248205509,-0.03117544,0.183725817,-0.178908897,0.01246553,0.198135589,0.142248207,0.138659734,1.69E-05,0.745542587,0.168724953,0.121851677,-0.015158037,0.010731426,0.006565216,-0.003809032,-0.050633357,0.019261176,0.030176601,-0.027530472,0.024133524,0.069324788,0.048105177,0.047469201,0.011397027,0.415807675,0.115806763,0.094931447,0.0034294,0.209329965,0.048880547,0.039719517,0.005463769,0.394423091,0.10498523,0.079354143,-0.20322039,0.272175412,0.045735444,-0.000249566,-0.132293968,0.123175401,0.024933063,1.09E-05,-0.036534799,0.03175411,0.005477656,-1.81E-05,-0.013792069,0.018669745,0.002540599,-2.88E-06,-0.061909558,0.111348769,0.00863291,3.76E-05,-0.030542424,0.032950879,0.003748291,5.24E-06,-0.005033875,0.004830778,0.001120852,4.20E-06,-0.002668848,0.002573895,0.000657897,-5.57E-07,-0.014354748,0.015652374,0.002701305,-6.83E-06,-0.007981206,0.00675488,0.001496924,9.23E-07,-0.00892113,0.008537716,0.00168218,3.54E-06,-0.004732603,0.004294109,0.000995743,-9.54E-07,-0.015489788,0.021916948,0.003228364,2.92E-05,-0.00579327,0.008688048,0.000904286,-1.66E-07,-0.017524558,0.01359727,0.002202759,3.44E-05,-0.002985525,0.012346208,0.000643329,-6.00E-07,-0.021323749,0.021972903,0.003297773,5.24E-06,-0.00626229,0.01137812,0.001000416,4.01E-07
472,H,2,-0.235292665,-0.006829068,0.141207975,-0.131902701,0.01246553,0.218596257,0.148113418,0.144016451,2.51E-05,0.745542587,0.190965573,0.156674971,-0.015885907,0.011246507,0.006151113,-0.003166809,-0.050633357,0.017838752,0.026719191,-0.023733178,0.024133524,0.069324788,0.045631911,0.045007342,0.011397027,0.415807675,0.12973307,0.107517982,0.003283273,0.209329965,0.063942417,0.050926526,0.004155421,0.394423091,0.11288063,0.085573566,-0.208061383,0.272175412,0.04676796,0.000337563,-0.132293968,0.123175401,0.026097863,-2.22E-05,-0.039026579,0.028876812,0.005092174,5.02E-06,-0.012670442,0.018669745,0.002343032,-1.17E-06,-0.061909558,0.111348769,0.010429954,-2.86E-05,-0.034100502,0.032950879,0.00434849,-8.08E-07,-0.005132913,0.004616498,0.001091046,-2.15E-07,-0.002754913,0.002573895,0.000643504,-4.80E-07,-0.014546217,0.015652374,0.002390143,1.31E-06,-0.007583061,0.008291692,0.001367999,5.88E-08,-0.00892113,0.008537716,0.001498409,-5.94E-07,-0.004732603,0.004294109,0.000904144,-4.32E-07,-0.021470111,0.028204269,0.004020634,-1.63E-05,-0.00579327,0.010702756,0.001051474,-8.72E-07,-0.017524558,0.017396114,0.002767688,-1.21E-05,-0.003078597,0.012346208,0.000785122,-7.76E-07,-0.021323749,0.025321914,0.00401357,-1.23E-05,-0.00626229,0.01137812,0.001134905,-2.77E-07
472,L,0,-0.203096264,0.034190167,0.137259055,-0.130031652,0.017943971,0.198024949,0.150589393,0.148102961,2.21E-06,0.16527684,0.031212478,0.017073841,-0.016917964,0.010553668,0.005412799,-0.000153084,-0.045212224,0.011999447,0.027254192,-0.02479425,0.023654279,0.063682101,0.045316788,0.044914067,0.008758239,0.167217791,0.062501501,0.05330185,0.005154343,0.087970588,0.034510277,0.029666178,0.004785462,0.150688449,0.052110253,0.040264106,-0.175152822,0.18769479,0.036134818,-0.000454524,-0.094571879,0.077715793,0.020509685,8.50E-06,-0.039626152,0.028953795,0.004212469,-7.58E-06,-0.013015191,0.017426353,0.001965935,1.18E-06,-0.017684063,0.04030907,0.002849813,-3.20E-06,-0.011606121,0.02210126,0.001635847,4.19E-06,-0.005180824,0.005041607,0.001065475,-6.84E-07,-0.002561622,0.00262526,0.00061447,-3.94E-07,-0.013315481,0.012756177,0.002189109,5.67E-06,-0.007614811,0.00746918,0.001222323,-7.21E-07,-0.00678286,0.007637606,0.001310792,-1.87E-06,-0.003759641,0.003154703,0.000778902,-1.27E-07,-0.012167917,0.014815032,0.001873128,-1.53E-06,-0.003843253,0.007797776,0.00068101,1.14E-06,-0.005067913,0.007294279,0.000988787,-1.42E-07,-0.001531252,0.003055298,0.000340469,7.74E-07,-0.012527761,0.013095703,0.002106888,-2.99E-06,-0.00423182,0.008020848,0.000844427,6.27E-07
472,L,1,-0.203096264,-0.060241787,0.151042978,-0.149447364,0.017943971,0.199367024,0.1535909,0.151340102,1.01E-05,0.236109229,0.030282888,0.016551061,-0.013523775,0.010553668,0.004114211,0.000114399,-0.047349426,0.011999447,0.027495209,-0.024767073,0.026275259,0.060344927,0.045635796,0.045225294,0.008758239,0.206973724,0.064356185,0.055048211,0.004284794,0.10077448,0.037457154,0.032076053,0.003327617,0.200482683,0.052332401,0.039190794,-0.148783378,0.18769479,0.035840972,-7.77E-05,-0.086882462,0.082730638,0.020385759,-2.71E-05,-0.035063164,0.028953795,0.00432553,-6.04E-06,-0.012323893,0.018264367,0.002161175,-1.69E-06,-0.064836241,0.031250926,0.003793741,-1.97E-06,-0.024829634,0.025407196,0.001960693,6.93E-07,-0.004403964,0.004957467,0.000936774,-1.28E-06,-0.002049442,0.002870325,0.000562916,-3.36E-07,-0.013315481,0.014144551,0.002428282,-2.44E-06,-0.008566678,0.00746918,0.001361944,-1.64E-06,-0.007747181,0.007637606,0.001403019,2.72E-06,-0.00417339,0.003753939,0.000829983,1.33E-06,-0.011213775,0.016014437,0.001727842,1.46E-05,-0.003504284,0.007797776,0.000660095,1.04E-07,-0.004708174,0.006560195,0.001139017,1.04E-06,-0.002179345,0.003455267,0.00036599,3.94E-07,-0.011606272,0.016236612,0.001889137,1.77E-05,-0.003744577,0.008020848,0.000820108,-1.20E-07
472,L,2,-0.213992267,-0.060241787,0.146922832,-0.144386847,0.025479592,0.199367024,0.155475546,0.153963443,2.22E-05,0.263670684,0.044933947,0.023340994,-0.016011604,0.008732017,0.003690763,-0.001369748,-0.047349426,0.016573652,0.029409744,-0.027433851,0.025744416,0.060740833,0.046865606,0.046497511,0.010129064,0.206973724,0.076506926,0.06985477,0.002847424,0.106067243,0.042864704,0.036649091,0.003327617,0.200482683,0.06337134,0.051968031,-0.139498304,0.141939204,0.034123748,-0.00010448,-0.091257848,0.082730638,0.019728199,-2.39E-05,-0.035063164,0.028517411,0.004109064,-1.17E-05,-0.012323893,0.018264367,0.0020787,2.46E-06,-0.064836241,0.039373459,0.005003529,-4.01E-06,-0.024848212,0.025407196,0.002417169,-5.37E-07,-0.004403964,0.003484717,0.000862691,1.17E-06,-0.002049442,0.002870325,0.000535154,-1.10E-07,-0.010346138,0.014144551,0.002293549,-8.72E-06,-0.008566678,0.006736166,0.001292,-1.56E-06,-0.007747181,0.006633368,0.001399062,4.20E-06,-0.004448385,0.004035381,0.000837748,1.26E-06,-0.01080927,0.016014437,0.001713005,8.55E-06,-0.003136659,0.006651253,0.000648247,-1.01E-08,-0.00520977,0.006560195,0.001222987,6.80E-06,-0.002179345,0.003455267,0.000377843,-2.02E-07,-0.011512182,0.016236612,0.001842739,6.10E-06,-0.003782252,0.005687807,0.000769825,3.70E-07
472,M,0,-0.233844591,0.084371421,0.138686934,-0.130132267,0.017908018,0.210100099,0.154889776,0.150299405,2.76E-06,0.239144982,0.063633463,0.040070203,-0.017005113,0.009711609,0.006572177,-0.004195989,-0.047359095,0.015329694,0.021964469,-0.018363241,0.024729095,0.064586058,0.044471462,0.043824115,0.010502677,0.393488502,0.129401499,0.106501365,0.004037888,0.18156021,0.050641705,0.040338168,0.005925103,0.389647879,0.119080501,0.091260381,-0.184466479,0.219232943,0.041636114,-0.00017155,-0.111333376,0.124295989,0.023484502,2.50E-06,-0.04176744,0.030308739,0.00556553,-3.57E-06,-0.015241337,0.021610875,0.002492073,1.77E-06,-0.045845679,0.048453179,0.005089578,9.41E-07,-0.019454112,0.019910869,0.00258124,-1.04E-06,-0.004237194,0.003980275,0.001035845,-7.41E-08,-0.002353023,0.002061784,0.000613497,-2.28E-07,-0.011630703,0.015067583,0.002334488,3.43E-06,-0.006667592,0.006781742,0.001273538,7.03E-07,-0.009944761,0.006632947,0.001409263,-3.19E-06,-0.004794387,0.004815387,0.000801063,-2.17E-07,-0.025606397,0.023288146,0.003889236,-6.84E-06,-0.005021848,0.011708028,0.001005548,-6.68E-07,-0.007651296,0.013305454,0.001834125,6.16E-06,-0.001968218,0.00505348,0.000495331,-3.73E-07,-0.029765323,0.028012145,0.00429692,-2.02E-05,-0.005850056,0.022064102,0.001326265,-3.78E-07
472,M,1,-0.206610082,0.084371421,0.127846765,-0.120569351,0.020892908,0.200026172,0.156275783,0.152805252,2.76E-06,0.228954986,0.052701766,0.031800902,-0.016833986,0.009711609,0.005710894,-0.001484023,-0.0437992,0.012992751,0.023437796,-0.020850721,0.024747567,0.061515016,0.045383039,0.044851233,0.01025553,0.393488502,0.114212732,0.09185224,0.002546834,0.18156021,0.047447068,0.03660629,0.007462479,0.389647879,0.103890923,0.078784881,-0.161902304,0.220386973,0.036335636,-2.40E-05,-0.127030897,0.098823116,0.020256707,-1.28E-05,-0.04176744,0.030308739,0.004558614,1.13E-05,-0.015241337,0.021610875,0.002090563,-3.43E-06,-0.033872515,0.033383534,0.004013973,-2.33E-06,-0.016769149,0.015413722,0.002100591,6.79E-07,-0.004190426,0.005023812,0.001048124,-4.47E-07,-0.002248239,0.002353743,0.000625265,4.11E-08,-0.011630703,0.01126596,0.002011185,-1.02E-05,-0.005300244,0.004876719,0.001116965,-3.76E-07,-0.00625312,0.006632947,0.001280728,3.95E-06,-0.003095632,0.003850286,0.000752978,-3.43E-07,-0.017879212,0.023288146,0.002680949,-6.87E-06,-0.005021848,0.011708028,0.000794854,8.63E-07,-0.006965222,0.013305454,0.001451535,-2.25E-06,-0.001968218,0.00505348,0.000405169,7.82E-07,-0.029765323,0.028012145,0.002895884,-6.60E-06,-0.005850056,0.022064102,0.000993029,7.40E-07
472,M,2,-0.20592091,-0.012747995,0.111556134,-0.106760502,0.040369997,0.20186451,0.161122829,0.15926255,1.84E-05,0.191174597,0.038634027,0.0230671,-0.015857299,0.009696987,0.004559489,0.000746699,-0.043688362,0.008859328,0.024153874,-0.022586046,0.025341001,0.064231152,0.045913295,0.045608656,0.01025553,0.29102023,0.092989434,0.078820863,0.002546834,0.105742223,0.039362189,0.032260588,0.006872124,0.289942372,0.084247569,0.067118943,-0.161902304,0.220386973,0.034729383,1.47E-05,-0.127030897,0.096702829,0.019873772,-2.11E-05,-0.036588256,0.025456608,0.003962169,-3.45E-06,-0.012928621,0.015956526,0.001864956,2.91E-06,-0.04083012,0.044488834,0.003587521,1.54E-06,-0.018958137,0.017580052,0.001964978,3.25E-07,-0.004795797,0.005023812,0.000974801,1.37E-06,-0.002248239,0.002353743,0.000583686,-4.40E-09,-0.008068532,0.008186999,0.001709257,-5.28E-06,-0.004254375,0.003734394,0.000987299,-1.73E-06,-0.006516027,0.004564597,0.001139384,3.80E-06,-0.003074516,0.003850286,0.000695759,2.53E-07,-0.006693671,0.015303702,0.001824402,-1.45E-05,-0.002215631,0.00385373,0.000596669,-7.04E-08,-0.008307593,0.010378561,0.001367888,-1.68E-05,-0.001862562,0.007935838,0.000419154,2.56E-07,-0.006993078,0.015089658,0.001887764,1.23E-06,-0.002445774,0.004848677,0.000660149,-1.03E-07
473,H,0,-0.195454753,0.069340074,0.057553255,-0.038137001,0.026534238,0.244271931,0.177590598,0.170834024,7.40E-06,0.314500986,0.05015659,0.024408988,-0.020681376,0.012462828,0.005786184,-0.003326981,-0.059727831,0.017866083,0.027785187,-0.024197062,0.012003045,0.078459255,0.049199515,0.047789281,0.012597133,0.559684119,0.159387181,0.126485935,0.002460524,0.256048882,0.09086813,0.072006026,0.004417528,0.536625758,0.130947533,0.090959783,-0.361996837,0.353650461,0.069659989,-2.16E-05,-0.209523533,0.172126089,0.036993409,8.59E-06,-0.036317184,0.045205899,0.00557223,-1.25E-05,-0.01562506,0.018710826,0.002397095,9.04E-06,-0.062310553,0.063235545,0.007152802,-2.97E-06,-0.026889651,0.023967197,0.003231097,2.23E-06,-0.005949718,0.004884381,0.001131836,-1.85E-06,-0.002588074,0.003089997,0.00067085,1.07E-06,-0.012176138,0.014085902,0.002558584,6.44E-07,-0.007076738,0.005851485,0.001463887,-2.36E-06,-0.009539686,0.009565916,0.001793847,-3.52E-06,-0.005577489,0.004518454,0.001029472,2.10E-06,-0.042851821,0.045325457,0.006118914,3.10E-05,-0.009438437,0.017076163,0.001438478,-5.08E-06,-0.020163255,0.014845832,0.003213225,6.26E-06,-0.004743519,0.007702775,0.000766364,-2.00E-06,-0.039063525,0.047290272,0.006358417,3.35E-05,-0.009688253,0.025164284,0.001748181,-4.28E-06
473,H,1,-0.213650773,0.069340074,0.05409982,-0.033546821,0.00783271,0.244271931,0.18143173,0.174568872,4.26E-06,0.322705799,0.047096524,0.022025497,-0.020681376,0.010333329,0.005499756,-0.002807292,-0.059727831,0.017454773,0.027994648,-0.024257704,0.015429761,0.078459255,0.049599753,0.048362261,0.010146553,0.600355058,0.169487708,0.133618348,0.002040245,0.298878462,0.103825301,0.07832141,0.004417528,0.536625758,0.133964137,0.093088052,-0.361996837,0.459455817,0.069087009,9.70E-05,-0.19269221,0.165907791,0.036393553,7.55E-07,-0.039698678,0.045205899,0.005662095,-1.22E-05,-0.016460267,0.019566832,0.00260275,5.74E-06,-0.080166692,0.063235545,0.007141874,-1.66E-05,-0.028691173,0.028990767,0.003138275,-1.10E-06,-0.006354087,0.005941071,0.001186951,1.49E-06,-0.003135888,0.003342749,0.000708683,8.09E-07,-0.012176138,0.014085902,0.002511407,5.07E-06,-0.007973717,0.007382521,0.001454619,-2.01E-06,-0.009095545,0.009308459,0.001715055,-3.59E-06,-0.005577489,0.004518454,0.000971278,1.73E-06,-0.036843686,0.042304011,0.006149748,1.78E-05,-0.008368132,0.01357743,0.001348249,-6.23E-06,-0.012535904,0.01365831,0.003373532,-3.64E-06,-0.003703209,0.004427097,0.000742028,-2.45E-06,-0.035863864,0.046339352,0.006570674,2.97E-05,-0.008369482,0.0231352,0.001734471,-5.53E-06
473,H,2,-0.213650773,0.075237584,0.045546853,-0.025010576,0.00783271,0.242099228,0.178126959,0.174070645,4.26E-06,0.322705799,0.032109545,0.014428663,-0.019857129,0.008297724,0.005233728,-0.002651558,-0.057056045,0.017454773,0.029281962,-0.026168301,0.015429761,0.073223681,0.050904072,0.050066011,0.010146553,0.600355058,0.14554167,0.117622807,0.002040245,0.298878462,0.101234627,0.080499557,0.004735881,0.530143373,0.104565424,0.07270562,-0.316632145,0.459455817,0.065588726,-0.000226403,-0.164044678,0.165907791,0.034830038,-1.95E-05,-0.039698678,0.043354985,0.004831535,-3.57E-06,-0.016460267,0.019566832,0.0023597,5.45E-06,-0.080166692,0.051646996,0.005134042,-5.47E-07,-0.028691173,0.028990767,0.002414585,4.93E-07,-0.006354087,0.005941071,0.001082841,-4.81E-08,-0.003135888,0.003342749,0.00064824,-1.28E-07,-0.014015142,0.013506527,0.002421468,-3.03E-06,-0.007973717,0.007382521,0.001373117,-8.45E-07,-0.008314712,0.007751245,0.001631264,1.04E-06,-0.004783268,0.003540686,0.000934593,1.14E-06,-0.031694239,0.038708885,0.004937565,4.86E-05,-0.007036914,0.01357743,0.001140632,-2.36E-06,-0.012535904,0.01365831,0.002999925,2.98E-05,-0.003703209,0.004182876,0.000705515,-1.99E-07,-0.033802498,0.045277668,0.005285886,3.90E-05,-0.007961408,0.0231352,0.001434404,-2.85E-06
473,L,0,-0.213532594,0.056965198,0.063545924,-0.052323606,0.027692416,0.243339533,0.178089377,0.175187193,1.80E-06,0.359361456,0.035583231,0.015257753,-0.020200347,0.012091691,0.006420431,-0.003942509,-0.051105521,0.022059023,0.028516417,-0.026635888,0.019792727,0.072975652,0.050810196,0.050326475,0.012016459,0.795319084,0.137091004,0.099890914,0.002554687,0.3962448,0.09426266,0.066791176,0.003932418,0.689837631,0.09954142,0.05905372,-0.32216719,0.386337004,0.066176327,0.000155839,-0.197491722,0.196544786,0.037376698,4.50E-06,-0.030934378,0.031586429,0.00436881,-9.50E-07,-0.010653654,0.016761411,0.002072937,5.18E-06,-0.078575335,0.060367824,0.006140622,-1.21E-06,-0.039078829,0.025342426,0.002757801,-7.75E-06,-0.007304639,0.006489516,0.001048789,-5.87E-07,-0.003780938,0.003962481,0.000621178,1.66E-06,-0.013218071,0.01231852,0.002271984,-2.42E-07,-0.00648924,0.005088344,0.001304919,-1.05E-06,-0.007863378,0.00635742,0.001488448,-2.37E-06,-0.00413457,0.003897759,0.000870226,1.27E-06,-0.027957242,0.023181094,0.003937241,-7.05E-06,-0.007273979,0.006044027,0.000812004,4.34E-07,-0.012388294,0.017422029,0.002508029,-2.01E-05,-0.003688285,0.004945515,0.000649621,2.04E-06,-0.031195482,0.022766161,0.003915623,2.05E-05,-0.007359674,0.00900617,0.000919546,-5.65E-07
473,L,1,-0.213532594,0.056965198,0.06104111,-0.049503632,0.027692416,0.235190437,0.176237809,0.173860607,2.37E-07,0.359361456,0.035035015,0.013422033,-0.019939505,0.012091691,0.006068094,-0.003791788,-0.048703704,0.022059023,0.030122476,-0.028290027,0.019792727,0.074874065,0.051384836,0.050897207,0.012843561,0.795319084,0.140303987,0.105705851,0.002033044,0.3962448,0.109157102,0.085329679,0.003932418,0.689837631,0.08814724,0.046502924,-0.32216719,0.387562912,0.063225019,-3.26E-05,-0.168858831,0.175346997,0.03570894,-3.37E-05,-0.028137097,0.031586429,0.004044254,4.05E-06,-0.009369744,0.011996641,0.001938343,3.46E-06,-0.078575335,0.060367824,0.006072273,7.98E-08,-0.039078829,0.025342426,0.002694114,-1.45E-06,-0.007304639,0.006489516,0.000992897,-8.05E-07,-0.003780938,0.003962481,0.000595168,2.48E-07,-0.013218071,0.01231852,0.00227462,-1.53E-06,-0.006304901,0.005088344,0.001313458,-7.67E-07,-0.007863378,0.006468877,0.001517252,1.67E-06,-0.00413457,0.003759918,0.000897996,1.84E-07,-0.027957242,0.023181094,0.003579639,1.64E-05,-0.004840399,0.006044027,0.000738799,-6.98E-07,-0.014173909,0.017422029,0.002771775,-2.22E-06,-0.003688285,0.00690727,0.000682384,5.50E-07,-0.031195482,0.022766161,0.003400611,2.82E-05,-0.005631956,0.008478946,0.000848559,-2.04E-06
473,L,2,-0.12875325,0.047334696,0.058000146,-0.049556296,0.026295373,0.236346209,0.185009941,0.182470759,2.37E-07,0.358531883,0.036794389,0.01287197,-0.021923197,0.011883939,0.006151738,-0.004036431,-0.054354544,0.014734746,0.029659054,-0.02777238,0.014973725,0.074874065,0.051848773,0.051262527,0.012843561,0.272180629,0.102803587,0.095265108,0.002033044,0.271095808,0.0813442,0.068980952,0.004552685,0.245175084,0.062862538,0.051239085,-0.377768898,0.405041592,0.063651623,-3.62E-05,-0.222542994,0.18083988,0.036130702,-9.75E-05,-0.036202829,0.02985713,0.003998886,-1.55E-05,-0.01208144,0.013706753,0.001862528,-3.35E-06,-0.071078434,0.095028889,0.006649673,2.79E-06,-0.040052185,0.034229972,0.003118864,4.44E-07,-0.005107434,0.006726287,0.000991882,-2.87E-06,-0.002755109,0.002954771,0.000577273,1.31E-07,-0.011898206,0.011982373,0.002082032,1.04E-05,-0.005240636,0.004846583,0.001187764,-2.48E-06,-0.008953133,0.006468877,0.001473292,-5.59E-06,-0.003517176,0.003464169,0.000848498,4.50E-07,-0.016406145,0.016000723,0.002508075,-1.06E-05,-0.005825742,0.007295063,0.000741932,-5.14E-07,-0.014432109,0.016109637,0.002364715,-8.94E-06,-0.004084431,0.013125825,0.000753406,-1.18E-07,-0.017636452,0.0191975,0.002669488,-6.96E-06,-0.008851665,0.009069242,0.000846457,-2.95E-07
473,M,0,-0.217330538,0.033021159,0.0749021,-0.061753647,0.027135389,0.250808467,0.187764405,0.182388563,5.29E-08,0.033999942,0.010298523,0.008171401,-0.01929413,0.007864284,0.007063349,-0.005321407,-0.058156991,0.013740114,0.027374832,-0.024499925,0.01323632,0.074674307,0.050896602,0.04976945,0.004250333,0.684698706,0.140407579,0.104764313,0.001708299,0.317477766,0.084575497,0.064252508,0.002956457,0.607509575,0.112077087,0.072433965,-0.478300295,0.456298196,0.064638209,-0.000342328,-0.236773024,0.28500779,0.035378384,6.07E-05,-0.035082741,0.036627907,0.004838901,8.98E-06,-0.013629049,0.013687508,0.002171946,3.44E-06,-0.00817641,0.009282741,0.00229635,2.31E-06,-0.005969021,0.005852021,0.001533556,-3.03E-06,-0.004719414,0.004888806,0.001001666,3.19E-06,-0.002627153,0.002534885,0.000592509,-1.09E-07,-0.010798774,0.014931453,0.00223306,2.66E-06,-0.007250229,0.006685284,0.001306289,-3.22E-06,-0.015715814,0.00982502,0.001559047,-1.98E-06,-0.007344102,0.007045277,0.000904321,3.28E-06,-0.034187035,0.045528508,0.005188394,1.70E-05,-0.008369059,0.021833682,0.001140925,-1.85E-06,-0.014307616,0.014341938,0.002598168,-5.88E-06,-0.003104072,0.005181128,0.000602583,-4.35E-07,-0.033943325,0.045711776,0.005370126,3.75E-05,-0.008739977,0.027489461,0.001378289,-3.06E-06
473,M,1,-0.17912876,0.055074745,0.067225199,-0.054573254,0.027135389,0.250808467,0.185964932,0.18321321,5.29E-08,0.316801426,0.041612556,0.017164722,-0.01922016,0.008863601,0.006721921,-0.005100802,-0.058156991,0.009524484,0.028294319,-0.025917375,0.022245967,0.074674307,0.051507866,0.05063908,0.006187787,0.429604025,0.100226892,0.086740801,0.001708299,0.179411439,0.07348992,0.058468114,0.002956457,0.390667833,0.068151754,0.052072537,-0.314958686,0.306735454,0.061267119,-0.000405963,-0.190536942,0.174613618,0.034161243,-6.48E-05,-0.031842487,0.036627907,0.004231507,-2.81E-05,-0.013157445,0.012966863,0.002058506,-1.34E-06,-0.059411258,0.073389876,0.006211291,4.02E-05,-0.025324217,0.027607053,0.002855864,-7.13E-06,-0.004464118,0.003341253,0.000909033,1.29E-07,-0.002413431,0.002969128,0.000544338,-4.96E-07,-0.011705543,0.01267396,0.002155758,9.88E-06,-0.007349306,0.007782579,0.001280076,-1.20E-06,-0.009222333,0.00982502,0.00141267,-7.61E-06,-0.00439039,0.004700033,0.000820434,1.34E-06,-0.019111771,0.027963508,0.002981591,2.39E-05,-0.006053631,0.013545281,0.000869315,2.74E-07,-0.010697003,0.010105666,0.001931034,3.38E-05,-0.003104072,0.004511438,0.000534522,3.71E-07,-0.027123436,0.033466108,0.003238098,-1.01E-06,-0.007753673,0.027489461,0.001134576,-5.75E-07
473,M,2,-0.161393006,0.055074745,0.05546151,-0.043303832,0.032903833,0.237220779,0.176730639,0.175098713,2.54E-06,0.351318189,0.055935166,0.025290263,-0.016228783,0.008863601,0.005751199,-0.003954538,-0.051571555,0.013448534,0.028841663,-0.026579261,0.018896273,0.071977293,0.050324563,0.049632088,0.010241363,0.366484752,0.096524014,0.083487091,0.002362622,0.23892073,0.079340666,0.061716629,0.005570834,0.288877679,0.054972212,0.043145208,-0.357682047,0.41729262,0.063171444,0.000423423,-0.262515985,0.285182626,0.036611116,-1.75E-05,-0.027023271,0.032645511,0.003928684,-6.81E-06,-0.013157445,0.011248611,0.001970036,2.41E-06,-0.061600633,0.073389876,0.008079287,9.13E-06,-0.033122957,0.027607053,0.003552589,2.39E-07,-0.004464118,0.005186474,0.000947846,4.95E-07,-0.002413431,0.002969128,0.000560886,6.17E-07,-0.013697658,0.013162978,0.002210553,4.80E-06,-0.007672953,0.007782579,0.001308013,-2.20E-06,-0.008337055,0.006219673,0.001401505,-5.00E-06,-0.003843057,0.004317175,0.000836432,1.85E-06,-0.01619954,0.026654753,0.002730084,1.12E-05,-0.006053631,0.006384886,0.0007695,-1.01E-06,-0.011832256,0.01894664,0.002350118,5.64E-06,-0.002986004,0.007224815,0.000616993,-6.38E-07,-0.017972358,0.02187934,0.002546556,9.12E-06,-0.007753673,0.008134574,0.000930017,-8.74E-07
474,H,0,,,,,,,,,,,,,,,,,,,,,,,,,,,,,,,,,,,,,,,,,,,,,,,,,,,,,,,,,,,,,,,,,,,,,,,,,,,,,,,,,,,,,,,,,,,,,,,,,,,,,,,,,,,,
474,H,1,-0.230296263,0.101736077,0.051756332,-0.014820281,0.006664571,0.203043354,0.156926273,0.151192091,3.99E-07,0.068432841,0.012406031,0.009398671,-0.01833766,0.009992644,0.005665375,-0.002855016,-0.044154427,0.024833845,0.022883937,-0.019263284,0.021551207,0.062384309,0.043157992,0.042731184,0.017304204,1.262101201,0.299499149,0.250161055,0.00376541,0.582775299,0.122111844,0.091805318,0.010960307,1.119496491,0.273474748,0.211606343,-0.418462501,0.684200026,0.064552855,-0.0003353,-0.251773071,0.318682084,0.032931735,-1.79E-05,-0.046045149,0.044305488,0.006491177,-1.16E-06,-0.02096674,0.021410315,0.003032238,-1.22E-07,-0.018895495,0.01560743,0.002518433,3.42E-06,-0.012463015,0.007196007,0.001580722,1.23E-06,-0.005189147,0.004870195,0.001091642,2.49E-06,-0.00373101,0.00318314,0.000636722,-6.84E-07,-0.015926378,0.013002629,0.002593235,1.58E-06,-0.007942041,0.006760509,0.00141346,4.00E-07,-0.007510242,0.008502689,0.001537907,-2.73E-07,-0.00556303,0.004715413,0.000924487,-5.22E-07,-0.102343012,0.072244391,0.007256449,-4.11E-05,-0.043807125,0.023214268,0.002149244,-6.42E-07,-0.037774537,0.048019397,0.004225289,-6.59E-05,-0.009880014,0.031909358,0.001176237,2.15E-06,-0.121232522,0.09637081,0.00925987,-4.08E-07,-0.052478171,0.075670753,0.002994629,-1.78E-06
474,H,2,-0.202716668,0.068622343,0.058883748,-0.038935668,0.006664571,0.207474263,0.151587751,0.14562313,1.72E-06,0.093671066,0.013346147,0.008880614,-0.019696923,0.010139831,0.006401598,-0.003536813,-0.043603666,0.021684017,0.01898174,-0.015012188,0.021551207,0.062384309,0.041976155,0.041569103,0.017304204,0.471469798,0.164834716,0.132784583,0.003587474,0.240726163,0.083890309,0.067754143,0.010352324,0.463554068,0.141890449,0.098196534,-0.418462501,0.403569454,0.062537983,-0.000354495,-0.29522622,0.199683512,0.035191729,-6.63E-05,-0.045968519,0.044305488,0.006859964,2.48E-06,-0.02096674,0.020806406,0.003123756,1.53E-06,-0.0236566,0.022214781,0.002874039,1.25E-06,-0.016451301,0.009139281,0.001751761,1.23E-07,-0.005189147,0.005948704,0.001073544,-2.66E-06,-0.003043836,0.00318314,0.000596404,-4.68E-07,-0.015926378,0.013002629,0.002544305,7.16E-06,-0.007942041,0.006760509,0.001421452,-1.94E-07,-0.007510242,0.007486331,0.001484605,-2.98E-06,-0.00556303,0.00392547,0.000894001,-8.53E-07,-0.035673936,0.020082213,0.003227168,-8.38E-05,-0.008057809,0.010041271,0.00091798,5.55E-07,-0.020990962,0.016574302,0.002309236,2.91E-05,-0.00564234,0.011530416,0.000688051,-3.39E-08,-0.033704903,0.029349315,0.003680435,-0.000113916,-0.007387927,0.016206528,0.001087988,9.14E-07
474,H,3,-0.22111934,0.129464546,0.061596463,-0.027727327,0.008769472,0.207474263,0.151737799,0.146866256,1.64E-06,0.132458752,0.018892127,0.00985389,-0.019696923,0.010139831,0.007962623,-0.005649892,-0.043758243,0.015368144,0.020773713,-0.0169347,0.024890074,0.058586179,0.042830741,0.042400768,0.018185682,0.769648401,0.314303632,0.231442387,0.003587474,0.628258251,0.217300965,0.160637062,0.009873137,0.526599572,0.227083825,0.154927701,-0.526416156,0.403569454,0.060391727,0.000397472,-0.29522622,0.199683512,0.034456664,-7.02E-05,-0.049404343,0.037944804,0.005997144,-6.93E-06,-0.019381198,0.018649348,0.002582392,2.54E-06,-0.0236566,0.022214781,0.002881746,4.62E-06,-0.016451301,0.009139281,0.001751405,-2.84E-07,-0.004744292,0.005948704,0.000997123,-4.55E-06,-0.003043836,0.00260248,0.000566862,-7.83E-07,-0.012997179,0.012046079,0.00207295,-7.86E-06,-0.005638631,0.006916262,0.001183683,5.09E-07,-0.006130175,0.007453122,0.001307555,4.68E-06,-0.004171414,0.004034346,0.000789298,3.76E-07,-0.017979257,0.023806581,0.002832544,0.000147785,-0.005044781,0.005049361,0.000712819,5.91E-07,-0.011293678,0.020377035,0.002232229,9.36E-05,-0.003824667,0.011719543,0.000584902,5.17E-07,-0.023693458,0.029349315,0.003017582,0.00011477,-0.006072974,0.016206528,0.000906014,2.23E-07
474,L,0,,,,,,,,,,,,,,,,,,,,,,,,,,,,,,,,,,,,,,,,,,,,,,,,,,,,,,,,,,,,,,,,,,,,,,,,,,,,,,,,,,,,,,,,,,,,,,,,,,,,,,,,,,,,
474,L,1,-0.212332357,0.271183917,0.095705592,0.03363568,0.005817908,0.206526047,0.156349572,0.15000692,1.07E-06,0.101931252,0.023272501,0.015516763,-0.024711943,0.009127428,0.008207903,-0.00630602,-0.047605411,0.019824547,0.024915451,-0.021790782,0.022755149,0.062007428,0.045272266,0.044674085,0.033684822,0.674045292,0.29272841,0.272448882,0.006795177,0.586701001,0.229231636,0.198120274,0.005439252,0.54509181,0.182051583,0.148497325,-0.50375827,0.413860658,0.064570847,-0.001246939,-0.261675803,0.239492784,0.034564651,-3.74E-05,-0.055838808,0.030770385,0.006460646,-4.55E-05,-0.025280928,0.02328981,0.002946886,1.30E-06,-0.021359799,0.017950131,0.00300363,-1.62E-05,-0.011336767,0.011516913,0.001757032,1.19E-06,-0.005033818,0.005725474,0.001089581,1.70E-07,-0.003259762,0.003201453,0.000634846,-1.53E-07,-0.017845446,0.015133004,0.002365624,4.09E-06,-0.008366215,0.00715407,0.001274638,9.49E-07,-0.009258124,0.009449931,0.001499487,-3.74E-06,-0.00528542,0.005466349,0.00087495,-5.10E-08,-0.036425209,0.038449198,0.003478416,-3.71E-05,-0.01657788,0.012266905,0.000988858,3.42E-07,-0.015897751,0.036231959,0.003061358,-2.67E-05,-0.00985086,0.00919198,0.000715946,-2.24E-07,-0.044830802,0.0272208,0.003811165,-2.60E-05,-0.023791279,0.018296575,0.001316472,6.39E-07
474,L,2,-0.228765947,0.231190285,0.078791758,-0.018988578,0.006322285,0.201564766,0.157088706,0.151617282,6.93E-07,0.087896124,0.019551846,0.013082198,-0.024711943,0.01036869,0.007630389,-0.005414767,-0.042659695,0.017206261,0.026234163,-0.023198693,0.022581858,0.062007428,0.045902759,0.045293646,0.033684822,0.674045292,0.230827736,0.205155295,0.017353356,0.586701001,0.183120141,0.148129534,0.01471371,0.54509181,0.140529206,0.119914761,-0.38934286,0.361043964,0.062331165,-0.000396667,-0.196122623,0.221361562,0.03321119,-5.79E-05,-0.055838808,0.031849319,0.006013742,2.30E-06,-0.025280928,0.02328981,0.002802212,2.12E-06,-0.019470166,0.021324004,0.002809434,9.65E-06,-0.012026888,0.010946463,0.001740359,1.16E-06,-0.006560289,0.005725474,0.001152175,5.49E-07,-0.00376683,0.004280277,0.000666281,-7.15E-07,-0.013019237,0.010402663,0.002166137,1.79E-06,-0.005893404,0.007094024,0.001161811,-5.71E-07,-0.009258124,0.007862303,0.001465251,-2.82E-06,-0.00528542,0.004617297,0.000847142,1.29E-06,-0.036425209,0.038449198,0.003316589,-2.00E-06,-0.01657788,0.012266905,0.000987184,-4.49E-07,-0.020880928,0.036231959,0.002833795,-2.35E-06,-0.00985086,0.00919198,0.000724761,-7.24E-07,-0.044830802,0.0272208,0.003648028,-2.60E-06,-0.023791279,0.022777166,0.001329463,1.76E-07
474,M,0,-0.267280919,0.59001619,0.130683668,0.045517439,0.005308489,0.200739201,0.149047671,0.141097641,4.55E-06,0.130151008,0.029228603,0.015717261,-0.019296106,0.013409941,0.005214307,-0.002144386,-0.047184711,0.02429604,0.022008677,-0.017221005,0.023588047,0.063995013,0.041843974,0.041361146,0.019833359,1.248114155,0.365603334,0.271937807,0.005950566,0.829253345,0.282372933,0.188121976,0.012153596,1.180408688,0.232231188,0.171192295,-0.44147285,0.315975916,0.067973626,-0.000612506,-0.2617769,0.219257854,0.032395663,0.000109915,-0.048834256,0.034338992,0.006732259,3.16E-05,-0.018102979,0.023351189,0.002930032,8.27E-06,-0.027043431,0.022280289,0.003204119,1.36E-06,-0.018528714,0.01495207,0.001901447,1.29E-06,-0.007067984,0.005301601,0.001186626,5.71E-07,-0.003283931,0.004289024,0.000690979,-1.19E-07,-0.015339737,0.013560028,0.002461425,-1.79E-06,-0.007737312,0.009270768,0.001342364,-1.47E-06,-0.007217674,0.009204923,0.001535487,2.02E-06,-0.006060266,0.004627628,0.000930761,2.73E-06,-0.040756199,0.05082093,0.00739733,-0.000148606,-0.009252442,0.014982894,0.001577721,2.24E-06,-0.036140853,0.04583679,0.005903689,-0.000120392,-0.008167916,0.01992445,0.001368227,2.70E-07,-0.041216445,0.0441715,0.006671498,-8.69E-05,-0.010043531,0.015615626,0.001596981,3.51E-06
474,M,1,-0.27900494,0.59001619,0.111242761,-0.002182948,0.005308489,0.200987409,0.158689572,0.152530428,2.00E-07,0.040635036,0.00958637,0.006885087,-0.019296106,0.013409941,0.005112217,-0.001826722,-0.042865319,0.026496988,0.021663289,-0.017872483,0.021376145,0.055410757,0.042150724,0.041772597,0.022802857,0.932102411,0.207655716,0.15961256,0.005697715,0.829253345,0.134420975,0.088587537,0.012124185,0.559178866,0.158277913,0.122018424,-0.44147285,0.328826934,0.059392296,-0.001408486,-0.254282348,0.147163848,0.029091773,-4.23E-06,-0.048834256,0.036945274,0.006295068,6.96E-06,-0.016052287,0.020825411,0.002725357,7.46E-07,-0.008899929,0.009942112,0.002060442,1.70E-06,-0.004927604,0.004928128,0.001325381,7.00E-07,-0.006413033,0.005301601,0.001023949,-1.71E-06,-0.002914333,0.003270609,0.000586428,-4.87E-07,-0.015339737,0.015460882,0.002211406,1.95E-06,-0.006957431,0.009270768,0.00118847,7.65E-07,-0.00937537,0.009204923,0.001417063,-3.80E-06,-0.006060266,0.007048936,0.000863563,-1.60E-07,-0.030787704,0.039205933,0.005311132,-0.00014351,-0.009211321,0.008710317,0.001221737,-1.11E-06,-0.036140853,0.029311862,0.004053614,-0.000110375,-0.006501235,0.01064895,0.000893098,-6.01E-07,-0.029166971,0.029632407,0.004799787,-9.44E-05,-0.00766372,0.014121519,0.001319806,-7.38E-07
474,M,2,-0.27900494,0.171672342,0.07472965,-0.032310494,0.00592941,0.216284237,0.151417024,0.145422714,2.00E-07,0.065787801,0.010250904,0.007205233,-0.015661419,0.011219624,0.005969055,-0.00252822,-0.044726784,0.026496988,0.023598643,-0.019931789,0.021376145,0.059925264,0.044147121,0.043686981,0.022811604,0.773621697,0.278336787,0.24124319,0.005697715,0.444510601,0.147303521,0.120281232,0.012124185,0.763451319,0.236163163,0.196278355,-0.423342945,0.350831846,0.063496697,-0.000219065,-0.254282348,0.173817627,0.032716428,-3.45E-05,-0.043701734,0.036945274,0.006045348,-8.55E-06,-0.015889892,0.016810123,0.002650683,-6.15E-07,-0.019363358,0.018654159,0.002330893,-5.43E-06,-0.013046013,0.009428134,0.001494363,-2.11E-07,-0.005751841,0.004693918,0.00107113,1.07E-06,-0.003047952,0.003704655,0.000616873,-1.06E-07,-0.01512313,0.015460882,0.002318829,-1.87E-06,-0.006564401,0.007794196,0.001233433,-6.66E-08,-0.00937537,0.00826691,0.001439355,1.80E-06,-0.005427238,0.007048936,0.000869924,6.72E-07,-0.034336793,0.027477547,0.00508583,2.87E-05,-0.008653675,0.008193337,0.001143284,1.61E-07,-0.014144594,0.016297381,0.003052792,1.55E-05,-0.00352573,0.010513013,0.000747205,6.02E-07,-0.038140065,0.028138758,0.005287787,3.35E-05,-0.008809473,0.014121519,0.001295426,2.84E-07
475,H,0,-0.35780531,0.002139599,0.217642844,-0.214615947,0.0073196,0.189389143,0.1540689,0.15051268,0.000123145,0.210195055,0.102051711,0.081383281,-0.020534946,0.027580193,0.005461015,-0.001717162,-0.039621326,0.073230704,0.017700479,-0.012271897,0.02191742,0.091827537,0.042878389,0.042474352,0.010508774,0.244676835,0.112570984,0.101705289,0.005201662,0.182467549,0.066675341,0.052539396,0.006517446,0.209576967,0.090700746,0.078185068,-0.676930099,0.666710007,0.071220675,0.000288497,-0.38302211,0.34132904,0.039926032,3.72E-05,-0.047510042,0.035106506,0.005022963,8.38E-06,-0.017687097,0.023029836,0.002388754,-3.80E-06,-0.042330845,0.046228485,0.00447127,-4.11E-05,-0.015303369,0.0190072,0.002240552,-2.78E-06,-0.007359578,0.009579987,0.001130021,1.96E-06,-0.005242665,0.004700509,0.000658528,8.67E-07,-0.027533502,0.01651988,0.002617883,6.14E-07,-0.012978284,0.010106181,0.001453284,1.32E-06,-0.020598882,0.016101818,0.001484163,8.24E-07,-0.012343415,0.011668247,0.000917669,1.38E-06,-0.019947015,0.014690822,0.002310362,-1.80E-05,-0.014202023,0.01556649,0.001041266,6.37E-07,-0.01948551,0.011967,0.001712479,-3.40E-05,-0.007283784,0.00906437,0.000654881,6.01E-07,-0.02851777,0.028309062,0.002752511,-4.37E-06,-0.020990634,0.019629379,0.001398611,4.44E-07
475,H,1,-0.345651151,0.002139599,0.241395387,-0.236684566,0.003950759,0.189389143,0.155775251,0.153683849,1.81E-05,0.209072642,0.083942981,0.062897794,-0.020534946,0.027580193,0.005207192,-0.002452089,-0.039621326,0.041760092,0.021104583,-0.017902532,0.024010935,0.063090708,0.044305358,0.043914376,0.01046104,0.209988355,0.098233323,0.087561076,0.004157803,0.168228951,0.049320181,0.039011157,0.006901599,0.198943253,0.084954727,0.070771875,-0.546778827,0.666710007,0.060072325,-0.000553074,-0.38302211,0.292474422,0.033756478,-1.83E-07,-0.049372724,0.032907084,0.004576288,9.75E-07,-0.018011367,0.023446181,0.002251282,-2.43E-06,-0.037366319,0.031188095,0.004077138,-9.01E-06,-0.012920097,0.013433637,0.001995772,-7.54E-06,-0.007359578,0.009579987,0.001117531,2.18E-07,-0.005242665,0.004700509,0.000650634,-3.28E-07,-0.020958857,0.024025502,0.002326076,-8.53E-07,-0.014686942,0.009990003,0.001319885,1.21E-06,-0.012759208,0.0104072,0.001351767,-1.58E-06,-0.00791297,0.007939714,0.000834481,1.54E-06,-0.011167066,0.009805387,0.001934906,-2.58E-05,-0.004343546,0.003871231,0.000780067,-9.22E-07,-0.006857879,0.008739371,0.001442784,-4.20E-06,-0.002419494,0.002795444,0.000518565,-3.48E-07,-0.012246633,0.014010655,0.002180125,-2.62E-05,-0.006640375,0.00528858,0.000926456,-1.14E-06
475,H,2,-0.448804556,-0.145083439,0.298153815,-0.295177108,0.003950759,0.188496489,0.147790962,0.143616119,1.81E-05,0.211694104,0.074716884,0.05581158,-0.015999929,0.023200697,0.005795116,-0.002869726,-0.038771313,0.073645144,0.022848961,-0.019177987,0.016118259,0.09342562,0.045112893,0.044623593,0.01046104,0.267555892,0.1229397,0.106491184,0.004157803,0.231711825,0.093132299,0.072364721,0.006901599,0.254945984,0.080253004,0.063180258,-0.595152867,0.482501072,0.060862981,-0.000375741,-0.353266153,0.270816706,0.035129852,4.17E-05,-0.049372724,0.035350417,0.004860066,-2.38E-06,-0.018011367,0.023446181,0.002322855,-3.15E-06,-0.037366319,0.031188095,0.004097666,3.78E-05,-0.012920097,0.013433637,0.002001259,-6.31E-07,-0.008393765,0.0107823,0.001163908,-2.12E-07,-0.005893871,0.00491962,0.000652155,1.46E-07,-0.020958857,0.024025502,0.002491615,-8.52E-06,-0.014686942,0.009990003,0.001355111,1.98E-06,-0.02170214,0.024702297,0.001584789,-5.92E-08,-0.015226154,0.011463939,0.00098049,1.89E-06,-0.018653721,0.017867131,0.002548345,1.45E-05,-0.004967814,0.005322567,0.000906053,8.57E-07,-0.007676344,0.008739371,0.001676517,5.18E-05,-0.002419494,0.004589743,0.000584226,4.38E-07,-0.018491845,0.018713122,0.002868232,-3.88E-05,-0.006640375,0.005295509,0.001119975,1.57E-07
475,L,0,-0.33675616,0.093893038,0.195717418,-0.188597434,0.011914716,0.20373888,0.14945266,0.146093623,1.97E-05,0.263802291,0.069133957,0.045616213,-0.017210791,0.017441251,0.005756599,-0.00263676,-0.0453368,0.046379782,0.021531898,-0.017337029,0.020582335,0.070831449,0.043928018,0.043396711,0.021261614,0.571030687,0.140232767,0.120752343,0.005706351,0.419490801,0.108669576,0.088140063,0.013803917,0.411515798,0.088634939,0.070808846,-0.393134695,0.464082578,0.055729826,-0.000160584,-0.229306853,0.188985632,0.030111082,1.12E-06,-0.044817483,0.035072207,0.00435019,7.97E-06,-0.017942707,0.021802865,0.002072611,-2.91E-06,-0.048068706,0.038075362,0.003912547,1.44E-06,-0.017584018,0.024491354,0.002076011,5.08E-08,-0.006824102,0.006381439,0.00106569,2.67E-06,-0.003785447,0.003831708,0.000615561,3.29E-07,-0.016591065,0.022279093,0.002119144,-5.53E-06,-0.012866916,0.00911618,0.001176992,5.90E-07,-0.01757866,0.015070456,0.001425338,3.13E-06,-0.011614394,0.008435708,0.000855872,1.99E-06,-0.034119679,0.024608883,0.002846312,-3.26E-05,-0.009460859,0.01825418,0.00095716,2.26E-06,-0.017516871,0.018632138,0.002170787,-4.55E-05,-0.003540496,0.015057832,0.000687421,1.19E-06,-0.040642082,0.030418306,0.003589105,3.75E-07,-0.011281196,0.020739608,0.001296378,2.21E-06
475,L,1,-0.33675616,-0.09380316,0.212283332,-0.210316969,0.018674048,0.20373888,0.158497389,0.156341768,1.14E-05,0.186367855,0.037147821,0.022169722,-0.022857545,0.017441251,0.004932973,-0.001935573,-0.0453368,0.046379782,0.01904501,-0.0150013,0.020582335,0.070831449,0.042272498,0.041793766,0.025245513,0.278608402,0.106663119,0.09567714,0.004379806,0.176906999,0.064670682,0.053004902,0.009257272,0.240654093,0.084821718,0.071627467,-0.404466586,0.456693104,0.052032589,-1.40E-05,-0.283163062,0.183222618,0.029023694,2.83E-05,-0.045042781,0.036000787,0.004455972,1.02E-05,-0.017663487,0.023261482,0.002197259,-3.32E-06,-0.048068706,0.038075362,0.003583645,2.69E-06,-0.017584018,0.024491354,0.001882099,5.74E-07,-0.009860605,0.009294193,0.001042711,-4.25E-07,-0.004580729,0.006624079,0.000617577,1.29E-07,-0.016591065,0.022279093,0.002172452,5.11E-06,-0.012866916,0.00911618,0.001221956,-1.10E-07,-0.01757866,0.015070456,0.001335677,-1.45E-06,-0.011614394,0.008435708,0.000808212,7.90E-07,-0.024207476,0.024608883,0.002341257,1.10E-05,-0.006005337,0.01825418,0.000952815,-6.67E-07,-0.017516871,0.012593818,0.001663299,3.29E-06,-0.003540496,0.015057832,0.000584625,2.77E-07,-0.021584126,0.030418306,0.002547722,1.10E-05,-0.005927922,0.020739608,0.001116132,-7.37E-07
475,L,2,-0.368700198,-0.057380529,0.221116841,-0.215610193,0.015909443,0.195354048,0.161612856,0.160640957,1.14E-05,0.220995522,0.025743703,0.015378168,-0.022857545,0.017612498,0.005760908,-0.002964997,-0.039621248,0.036515499,0.01834389,-0.014908164,0.02546234,0.066877168,0.041328331,0.040944506,0.015857307,0.311294517,0.108184614,0.093003254,0.004379806,0.290410555,0.07805014,0.058523345,0.006794783,0.218394355,0.074913859,0.064712075,-0.520151489,0.51395643,0.053834474,-0.000105178,-0.328864543,0.223570703,0.029910975,3.20E-05,-0.045042781,0.036904963,0.003926278,8.76E-07,-0.017663487,0.023261482,0.001998021,-3.38E-06,-0.02329747,0.038842216,0.002954235,6.14E-07,-0.010629724,0.013726489,0.001623657,5.07E-07,-0.009860605,0.009294193,0.001071404,-2.87E-06,-0.004580729,0.006624079,0.000632646,-5.78E-07,-0.021764088,0.014671593,0.002029464,5.90E-06,-0.010898981,0.010219794,0.00116412,9.41E-07,-0.008627206,0.006710005,0.001181941,-3.71E-06,-0.006164173,0.005702551,0.000713759,2.94E-07,-0.007414604,0.01474555,0.001818298,2.31E-06,-0.004342888,0.003768044,0.000708689,-3.85E-07,-0.005057677,0.011602285,0.001500541,1.84E-05,-0.002412859,0.002475805,0.000422476,-7.36E-08,-0.007084063,0.011983438,0.001816089,-1.30E-05,-0.004500395,0.005124195,0.000803359,-1.94E-07
475,M,0,-0.396238517,0.021976403,0.214505352,-0.209749286,0.005900227,0.193707313,0.144156339,0.139745881,6.59E-05,0.349186403,0.058724895,0.02908039,-0.022229118,0.013603575,0.005978893,-0.002641344,-0.041851447,0.06967695,0.022865505,-0.018608936,0.019267586,0.096532637,0.044108784,0.043597543,0.017185826,0.484882005,0.130352268,0.10431197,0.00404443,0.480328638,0.09743917,0.070661004,0.008560024,0.348798618,0.086587076,0.063320349,-0.628266001,0.631465167,0.064762604,-0.000558627,-0.336692766,0.263674775,0.037018106,4.68E-05,-0.039549706,0.037490386,0.004906041,3.43E-05,-0.015391234,0.020247201,0.002247774,-6.46E-06,-0.036507546,0.035586324,0.003875469,-9.07E-05,-0.016887407,0.013824629,0.001916317,-2.03E-07,-0.008652699,0.005793831,0.001142345,-8.10E-07,-0.003561525,0.004555721,0.000659247,3.02E-08,-0.024606221,0.024612212,0.00276003,-1.31E-06,-0.013820917,0.010267547,0.00153699,1.82E-06,-0.023862952,0.018735966,0.001690029,5.10E-07,-0.015202077,0.009815893,0.001045248,2.34E-06,-0.023447644,0.023775057,0.002740759,2.60E-05,-0.016731322,0.009952559,0.000999352,2.81E-07,-0.013836347,0.011817314,0.002386506,2.59E-05,-0.008034546,0.005346154,0.000674424,-2.67E-07,-0.024265839,0.025003636,0.0026797,1.19E-05,-0.017273686,0.01031981,0.001098571,2.38E-07
475,M,1,-0.531440961,-0.086544484,0.282067398,-0.267533571,0.009524069,0.188780498,0.150885736,0.147548882,1.60E-05,0.194741004,0.033018332,0.020594972,-0.022229118,0.014838882,0.00599831,-0.003025792,-0.04004719,0.038097219,0.019962489,-0.016321619,0.019864728,0.061548467,0.042807598,0.042339081,0.017185826,0.270547568,0.117720357,0.105486901,0.002867013,0.171282138,0.072698696,0.060126621,0.008399908,0.238644345,0.0925904,0.076677449,-0.628266001,0.526502822,0.056914695,-0.00069226,-0.336692766,0.263674775,0.032530404,2.92E-05,-0.039566542,0.033755206,0.004672728,3.38E-06,-0.01555188,0.021775864,0.0022127,1.68E-07,-0.036950637,0.043512508,0.003023102,3.89E-06,-0.01507212,0.015944338,0.00164435,-9.21E-08,-0.008652699,0.005341526,0.001059244,-3.87E-07,-0.003561525,0.004555721,0.000616593,-7.85E-07,-0.015536169,0.014808263,0.002253543,3.39E-06,-0.007937674,0.006584141,0.001271172,-3.58E-07,-0.008858446,0.009019579,0.001375428,-9.52E-07,-0.006510802,0.004620614,0.000823815,1.50E-06,-0.011909017,0.013955642,0.002423785,3.88E-05,-0.004088169,0.006620581,0.000846729,-4.77E-07,-0.008444095,0.009784905,0.00190429,6.12E-06,-0.002425192,0.003392893,0.000588718,4.43E-07,-0.025801997,0.016178878,0.002583102,4.00E-05,-0.006253122,0.016060278,0.001015654,-3.94E-07
475,M,2,-0.531440961,-0.033726804,0.312924404,-0.289523817,0.015848534,0.197667836,0.155735602,0.154172084,7.29E-08,0.214516328,0.053247896,0.028832271,-0.020432266,0.014838882,0.006244675,-0.002223452,-0.044567902,0.02235466,0.018722799,-0.016098529,0.024608861,0.061548467,0.043392293,0.042973099,0.0239127,0.267016467,0.132662172,0.12425643,0.002867013,0.169225589,0.078845148,0.066762937,0.008399908,0.238644345,0.106689711,0.094597423,-0.744000497,0.648819987,0.058980473,0.000581716,-0.490010493,0.306414445,0.033101238,-6.71E-06,-0.040537353,0.041715899,0.004583831,4.75E-06,-0.016209193,0.027070869,0.002418473,-2.86E-06,-0.051010684,0.043512508,0.004226811,-1.42E-06,-0.021725202,0.019397141,0.002121169,4.12E-07,-0.006739067,0.006440072,0.000992194,1.01E-06,-0.002558354,0.004585678,0.000566479,-1.62E-07,-0.018555213,0.017617506,0.002075284,4.76E-07,-0.012506691,0.008244673,0.001223131,4.68E-07,-0.008132435,0.009082256,0.001308821,2.23E-06,-0.005343944,0.004932949,0.000780467,7.06E-07,-0.011909017,0.01530715,0.00219219,-1.21E-05,-0.003940122,0.006620581,0.000812547,1.47E-06,-0.008444095,0.008788501,0.001714302,-1.48E-05,-0.002999151,0.003204392,0.000531353,4.84E-07,-0.025801997,0.016178878,0.002459881,-2.67E-06,-0.006253122,0.016060278,0.000965809,1.64E-06
476,H,0,-0.126656364,0.092791712,0.030333612,-0.002097128,0.008138187,0.211945499,0.164010046,0.157726985,7.03E-09,0.205326883,0.019860033,0.006331031,-0.015131265,0.008844312,0.004915564,-0.002445354,-0.038328952,0.024451594,0.022889386,-0.019611797,0.023395171,0.064243603,0.044311633,0.043865369,0.014094376,0.660111379,0.148996989,0.109983126,0.003768689,0.525242849,0.107380491,0.07390521,0.006353394,0.499623469,0.103293431,0.071777723,-0.294562218,0.172450751,0.036633171,8.35E-06,-0.112515545,0.149178536,0.020332305,-4.62E-06,-0.047529679,0.042439732,0.004551101,-1.89E-06,-0.017610207,0.020777342,0.002163289,-2.34E-07,-0.042337083,0.042165441,0.003292038,5.93E-07,-0.024613079,0.018287341,0.001698806,-9.13E-07,-0.004259361,0.004680826,0.000972565,2.34E-06,-0.001883441,0.003051097,0.00056041,1.41E-07,-0.013032304,0.011464328,0.001857057,-5.49E-06,-0.00785922,0.005627563,0.001068925,9.96E-07,-0.007349268,0.007372456,0.001257686,3.17E-06,-0.003508138,0.00496687,0.000751779,-8.44E-08,-0.046812892,0.046008273,0.00574291,-2.80E-05,-0.008296963,0.018383457,0.001234982,1.54E-07,-0.037637631,0.03967308,0.004889327,-7.44E-06,-0.007299697,0.021526814,0.001267139,-1.06E-06,-0.031977536,0.034031449,0.004531456,-2.71E-05,-0.008038423,0.018557033,0.001188981,7.18E-07
476,H,1,-0.133974458,0.071292889,0.037520616,-0.010578868,0.002307499,0.216701598,0.161616449,0.153534109,6.05E-08,0.253884629,0.031950989,0.010670264,-0.01616876,0.008499424,0.005023302,-0.003219019,-0.039630779,0.02727668,0.021461527,-0.016785044,0.023395171,0.064243603,0.045025129,0.044479672,0.013540181,0.48950433,0.152807962,0.119235273,0.001941501,0.352960206,0.112645854,0.082629035,0.006353394,0.381094969,0.103253013,0.079060794,-0.294562218,0.199273072,0.039622524,-0.000228735,-0.100223789,0.149178536,0.021535412,-5.55E-06,-0.047529679,0.042439732,0.004600271,-4.30E-05,-0.017610207,0.020777342,0.002244662,-1.46E-06,-0.049477749,0.03917123,0.004822484,1.01E-06,-0.023400823,0.016965718,0.00217215,2.47E-07,-0.004043076,0.004404347,0.000948716,1.51E-06,-0.002225767,0.002241027,0.000547685,-1.70E-07,-0.010209003,0.011464328,0.001986417,9.51E-06,-0.006361162,0.005627563,0.001137525,-5.80E-07,-0.005716916,0.005702588,0.001299251,-2.34E-06,-0.003360759,0.003371822,0.000767442,1.27E-06,-0.046812892,0.043672161,0.005551897,8.19E-05,-0.008296963,0.018383457,0.001272338,-3.48E-07,-0.037637631,0.029730522,0.004705426,6.81E-05,-0.007299697,0.019803994,0.001224558,-9.47E-07,-0.031977536,0.034031449,0.004135233,4.71E-05,-0.006679957,0.018557033,0.001117451,6.02E-07
476,H,2,-0.142998623,0.058163659,0.03776526,-0.02074308,0.002307499,0.216701598,0.164432921,0.157305921,1.52E-08,0.253884629,0.037562485,0.014353837,-0.01616876,0.010733356,0.00519874,-0.003111863,-0.039630779,0.02727668,0.021910653,-0.017622107,0.026475148,0.064530743,0.046522247,0.045838912,0.013540181,0.605824897,0.179899952,0.147154187,0.001941501,0.484096212,0.133898556,0.099817438,0.007361607,0.378030316,0.120146451,0.097995503,-0.201561633,0.205332558,0.041412097,-1.79E-05,-0.118127004,0.124528973,0.022096801,1.60E-05,-0.045871064,0.033949563,0.004640408,2.69E-06,-0.017566213,0.019647466,0.002227529,-1.28E-06,-0.049477749,0.03917123,0.005532817,-8.84E-07,-0.023400823,0.017516012,0.002529548,5.49E-07,-0.004103444,0.004404347,0.001026228,9.52E-07,-0.002608159,0.002887224,0.00059909,-9.65E-08,-0.008710907,0.010375078,0.002049768,1.20E-06,-0.005256003,0.005352652,0.001157404,8.74E-08,-0.005716916,0.005702588,0.001325306,-1.02E-07,-0.003360759,0.003371822,0.000769241,1.41E-06,-0.029164706,0.045186576,0.00634535,2.29E-05,-0.008543028,0.013844397,0.001281714,-1.00E-06,-0.030540377,0.037231248,0.005380334,3.99E-06,-0.006555318,0.019803994,0.001172111,1.21E-07,-0.026215079,0.025780115,0.004293558,2.20E-05,-0.006092345,0.012699093,0.00108479,-1.03E-06
476,L,0,-0.176530446,0.101776175,0.031860476,-0.000466917,0.001080961,0.220836074,0.159404177,0.152227303,7.12E-12,0.284243176,0.034785575,0.013680877,-0.015567744,0.010962205,0.005591047,-0.003350304,-0.036337968,0.026997019,0.021998599,-0.017200116,0.024952455,0.058921827,0.043637685,0.043277053,0.013018766,0.610024894,0.186860627,0.147805125,0.001977314,0.414094017,0.088158095,0.064168215,0.00933703,0.48885539,0.164757532,0.122634349,-0.225962249,0.257854995,0.037122027,-3.06E-05,-0.10854798,0.112652463,0.017871,1.96E-05,-0.049443831,0.036658282,0.005138726,-1.38E-05,-0.016118528,0.025537152,0.00233766,-5.48E-07,-0.078264768,0.037367451,0.004979621,-1.10E-06,-0.031129765,0.033858244,0.002396299,8.92E-08,-0.004165983,0.004025384,0.000902663,1.13E-06,-0.002453306,0.002604098,0.000515896,1.23E-07,-0.012896046,0.013360186,0.001953445,-2.13E-06,-0.008882078,0.006033496,0.001097567,-1.25E-06,-0.00823108,0.007347916,0.001214717,1.55E-06,-0.003847014,0.004288061,0.000717092,1.51E-06,-0.041647777,0.041566428,0.005650766,-7.03E-05,-0.010851842,0.019162458,0.001239337,5.25E-07,-0.032962247,0.033033921,0.004607287,-1.56E-05,-0.008567044,0.018403087,0.001158681,-6.12E-07,-0.026475873,0.039656347,0.005208556,-6.79E-05,-0.007012866,0.019477473,0.00122686,5.00E-07
476,L,1,-0.176530446,0.101776175,0.02637616,0.002567507,0.007231475,0.213761386,0.162890353,0.158375549,1.41E-11,0.221307049,0.038476865,0.015472903,-0.015008839,0.008517608,0.004660716,-0.002253337,-0.036337968,0.026192536,0.022402905,-0.019657826,0.026141478,0.062827156,0.045946797,0.045547846,0.013018766,0.610024894,0.144052572,0.112309247,0.001977314,0.414094017,0.094468929,0.072890222,0.007680305,0.452999623,0.108750931,0.076038048,-0.190928214,0.257854995,0.032331393,6.51E-05,-0.10847503,0.085587059,0.016658369,3.14E-06,-0.049443831,0.041518005,0.004140116,-5.63E-06,-0.016403583,0.025537152,0.001982583,7.57E-07,-0.054730379,0.037367451,0.005598297,-1.05E-07,-0.020428667,0.023284771,0.002576563,5.33E-07,-0.003536701,0.004007966,0.000882268,5.21E-07,-0.002148532,0.002472953,0.000518771,-1.46E-08,-0.012896046,0.012398664,0.001734962,-3.14E-06,-0.008882078,0.005902997,0.001017466,-6.05E-07,-0.007051631,0.007347916,0.001196083,9.56E-07,-0.003352753,0.003648851,0.000712966,1.42E-06,-0.041647777,0.033663875,0.004508471,9.07E-07,-0.010851842,0.009755522,0.000994087,9.51E-08,-0.032962247,0.033033921,0.004053768,6.26E-07,-0.008567044,0.015663989,0.000959104,-6.74E-07,-0.026475873,0.033785009,0.003822624,1.25E-06,-0.006948655,0.010733472,0.000994482,2.45E-07
476,L,2,-0.136478369,0.076228254,0.030614438,0.005437451,0.009646069,0.207591522,0.161389758,0.157094043,1.41E-11,0.246043147,0.043349744,0.019681524,-0.013961396,0.009603307,0.004641317,-0.001937219,-0.036512924,0.023671454,0.021490325,-0.018919405,0.027109451,0.06364254,0.046658055,0.046115485,0.016596114,0.610071495,0.152565529,0.124571207,0.003761537,0.524570704,0.110398736,0.077404259,0.007680305,0.32669488,0.105301281,0.087335722,-0.268414147,0.186857621,0.036521144,4.16E-05,-0.117330407,0.09637961,0.020927092,-1.47E-05,-0.05213844,0.041518005,0.004268089,4.18E-06,-0.019258232,0.021405245,0.002060148,1.18E-07,-0.062630842,0.045563683,0.006585009,1.04E-06,-0.027579681,0.029128456,0.003200534,1.49E-07,-0.003975927,0.004007966,0.000982866,3.85E-07,-0.002148532,0.002472953,0.000575273,-3.30E-08,-0.01014617,0.014893483,0.001835597,3.79E-06,-0.006486236,0.006420013,0.001027891,1.39E-07,-0.007051631,0.006204356,0.001190327,-4.23E-07,-0.003955479,0.003524356,0.000703813,8.20E-07,-0.034338717,0.032298232,0.004819637,2.04E-05,-0.006703558,0.014886777,0.001103895,-7.38E-08,-0.026795068,0.036276423,0.004219642,5.74E-06,-0.005239791,0.013757708,0.00087083,-2.62E-07,-0.034983869,0.025649324,0.004192832,1.72E-05,-0.008186152,0.020911838,0.001300825,4.27E-07
476,M,0,-0.185127039,0.030738946,0.041129688,-0.031622186,0.00813842,0.212351912,0.173309136,0.169634346,1.24E-09,0.270789203,0.02631404,0.010046263,-0.014980123,0.011345325,0.004365684,-0.001159338,-0.042105565,0.023869182,0.022998154,-0.020403439,0.026999701,0.065488297,0.045761474,0.045183829,0.014176282,0.802659766,0.158917,0.114749883,0.002717595,0.610298988,0.111231319,0.070407426,0.006949273,0.526564823,0.113499808,0.080802708,-0.186047563,0.209447113,0.036510223,6.83E-05,-0.126681353,0.115458215,0.020172569,4.34E-05,-0.043291172,0.033514937,0.00433074,1.68E-05,-0.018256534,0.0187391,0.002065037,3.94E-07,-0.059884756,0.036877421,0.00471058,4.13E-07,-0.026785417,0.019877204,0.002404611,-2.58E-09,-0.003530952,0.004418956,0.000934108,2.04E-06,-0.00213794,0.002498037,0.000542161,-4.34E-07,-0.010315113,0.010643152,0.001833592,8.70E-07,-0.005115491,0.005807479,0.001060895,-4.25E-07,-0.005067004,0.00522863,0.001185394,-3.00E-07,-0.003294802,0.003090828,0.00069871,1.31E-06,-0.055425345,0.061457486,0.006042614,-3.23E-05,-0.01162168,0.013160652,0.001131566,-1.70E-06,-0.046248222,0.057706429,0.005002703,1.12E-07,-0.009645115,0.030494027,0.001148144,-2.34E-06,-0.036451753,0.040896892,0.004404039,-4.44E-05,-0.007376712,0.011229157,0.000954659,-3.11E-07
476,M,1,-0.185127039,0.042159041,0.042494535,-0.027901681,0.011317358,0.22933008,0.167990671,0.16332969,2.28E-13,0.270789203,0.034771298,0.013530867,-0.013946812,0.011345325,0.004621772,-0.001033585,-0.042105565,0.021310917,0.024120748,-0.021293191,0.026702056,0.065488297,0.046817978,0.046210748,0.012925292,0.81132926,0.201832325,0.134178056,0.002779525,0.610298988,0.141994591,0.088061952,0.006949273,0.626713987,0.143435782,0.088891966,-0.207409074,0.261646403,0.03755686,7.03E-05,-0.115989777,0.104334283,0.020635563,-5.39E-06,-0.051712985,0.033754766,0.004479845,1.41E-07,-0.020032404,0.0187676,0.002062265,1.62E-07,-0.059884756,0.040521685,0.005921617,6.68E-08,-0.026785417,0.019877204,0.002894744,1.79E-07,-0.003923858,0.004335146,0.000938066,7.96E-07,-0.002299101,0.002298272,0.000544151,5.42E-08,-0.009740305,0.010643152,0.00171502,5.18E-07,-0.004824917,0.005807479,0.000989962,1.78E-07,-0.005067004,0.00522863,0.001181357,-1.32E-06,-0.003294802,0.003090828,0.000702266,7.58E-07,-0.055425345,0.069452768,0.00796639,3.68E-05,-0.012006324,0.023112807,0.001589092,-5.02E-06,-0.046248222,0.057706429,0.006610034,2.10E-05,-0.010884636,0.041156607,0.001620146,-3.06E-06,-0.054155137,0.066323406,0.006291491,3.03E-05,-0.01009563,0.047067102,0.001636807,-3.93E-06
476,M,2,-0.173984482,0.09666291,0.037257036,-0.009756078,0.009228961,0.22933008,0.169478045,0.165519977,2.28E-13,0.302880054,0.042624906,0.017057927,-0.016119191,0.010914242,0.004485179,-0.001133648,-0.036915331,0.025701256,0.024074341,-0.021862113,0.026502951,0.063171396,0.047384709,0.04689842,0.011822618,0.81132926,0.186210681,0.135266668,0.004100598,0.546444217,0.127077416,0.082305618,0.007486065,0.626713987,0.136109324,0.097078879,-0.207409074,0.261646403,0.038432813,-0.000210518,-0.115989777,0.104334283,0.020695005,1.11E-06,-0.051712985,0.033754766,0.003810789,3.19E-06,-0.020032404,0.0187676,0.001788138,6.57E-07,-0.066181792,0.055048924,0.006961856,1.22E-06,-0.036180837,0.023565456,0.003307166,-1.14E-07,-0.004909243,0.004868598,0.000976674,-7.90E-07,-0.002403814,0.002451821,0.000566294,-6.69E-08,-0.011992315,0.010399961,0.001601019,-2.53E-06,-0.005097471,0.004357865,0.000922437,3.56E-07,-0.004724008,0.00466598,0.001175783,2.97E-06,-0.003064652,0.00294778,0.000691334,7.43E-07,-0.047663383,0.069452768,0.006902131,4.53E-05,-0.012006324,0.023112807,0.001500354,-2.57E-06,-0.046224073,0.042350299,0.005890641,8.54E-06,-0.010884636,0.041156607,0.001538188,-2.23E-06,-0.054155137,0.066323406,0.005648383,5.38E-05,-0.01009563,0.047067102,0.001617602,-1.73E-06
477,H,0,-0.672467604,0.622760243,0.232502831,-0.212785834,0.00866316,0.229960561,0.153862877,0.139628444,4.41E-08,0.236457021,0.033705392,0.011812449,-0.025899733,0.240780416,0.011005092,-0.003837862,-0.177216118,0.03457012,0.022897046,-0.015935996,0.018244883,0.291922662,0.043444105,0.041272102,0.020604266,5.727310923,0.518326036,0.373682747,0.003594436,1.384539683,0.291906317,0.199639275,0.018764455,5.647838441,0.428313649,0.278892457,-3.058783371,4.590995331,0.173155849,-7.98E-05,-3.605182446,1.174049769,0.097748036,-0.000827518,-0.062607691,0.054404054,0.006427548,2.70E-06,-0.029235259,0.039901589,0.00311115,8.92E-06,-0.055308435,0.051793442,0.004520223,-7.29E-06,-0.023290483,0.023891355,0.002150072,3.22E-06,-0.053697265,0.104817854,0.00334068,4.64E-05,-0.027034601,0.021794968,0.001267935,1.32E-05,-0.100279606,0.055965682,0.00391334,-4.08E-05,-0.044267836,0.029622549,0.001979945,-1.79E-05,-0.084629131,0.130212762,0.004126394,5.48E-05,-0.048250509,0.06690013,0.002217549,2.38E-05,-0.061047716,0.057268745,0.011680024,-0.000108551,-0.022440472,0.046067456,0.002638085,-7.02E-06,-0.142618484,0.052490239,0.01080898,-0.000158032,-0.011893463,0.031144796,0.002247347,7.73E-06,-0.063623763,0.081798844,0.011678443,-9.65E-05,-0.028230188,0.053149404,0.003049336,-1.16E-05
477,H,1,-0.416495759,-0.091692648,0.212128445,-0.206142255,0.00866316,0.220184182,0.17917792,0.174779136,2.18E-07,0.222446904,0.043843237,0.017177396,-0.015092717,0.009193738,0.005266884,-0.00319682,-0.051130536,0.020797409,0.025654734,-0.022869127,0.025165868,0.067012444,0.046246332,0.04557506,0.01760376,1.038807018,0.20203622,0.150848224,0.003117194,0.500731852,0.098636142,0.064889382,0.007709532,0.946381535,0.176322278,0.122511108,-0.213925147,0.25202893,0.046245066,-0.000111785,-0.165341977,0.155573422,0.024202601,-2.57E-05,-0.056245306,0.050459171,0.00557477,-4.78E-06,-0.020800083,0.024739419,0.002531821,5.02E-06,-0.055308435,0.042852587,0.004831369,7.53E-06,-0.023290483,0.023891355,0.002228065,-4.25E-06,-0.004048376,0.005161483,0.000889112,-5.92E-07,-0.002536822,0.002362268,0.000533918,-3.41E-07,-0.014161905,0.012477673,0.002094346,7.18E-06,-0.006357897,0.006894781,0.001155408,-6.16E-07,-0.008869599,0.013178804,0.001388735,-2.69E-06,-0.006516645,0.006450625,0.000801151,1.29E-06,-0.05128177,0.0559678,0.005344877,-2.36E-05,-0.008063698,0.016630025,0.001064148,2.96E-06,-0.023994244,0.028636758,0.00338543,1.13E-05,-0.004698395,0.015688123,0.000834288,3.12E-08,-0.055693263,0.066845248,0.005577044,-3.16E-05,-0.012172379,0.053149404,0.00154428,3.69E-06
477,H,2,-0.402583947,-0.12124126,0.211513004,-0.205193106,0.007753615,0.22533223,0.17548465,0.170486482,2.18E-07,0.222446904,0.042756535,0.015726033,-0.018013014,0.007477578,0.005894874,-0.00391584,-0.047392042,0.014097309,0.026613719,-0.024112914,0.025165868,0.065416689,0.047706832,0.047101715,0.016029511,0.560436461,0.171157119,0.138198956,0.003117194,0.327315797,0.078838758,0.055282602,0.007709532,0.470166038,0.151918431,0.110137675,-0.230718756,0.220632226,0.04294985,-0.000201477,-0.129788073,0.125496586,0.022605385,-1.85E-05,-0.047424005,0.043686309,0.005474915,-1.68E-05,-0.017549609,0.020010008,0.002499352,6.02E-06,-0.043425642,0.035367699,0.004331646,3.19E-06,-0.016210552,0.016959379,0.001893329,-9.12E-07,-0.004330479,0.005161483,0.000880459,-4.24E-07,-0.002397127,0.003113817,0.000528432,-6.27E-07,-0.012126436,0.012477673,0.001975418,-3.77E-07,-0.006357897,0.006830187,0.001131061,-6.30E-07,-0.008079349,0.007809749,0.001321114,3.95E-07,-0.004720764,0.005157656,0.000771456,9.24E-07,-0.02623528,0.035963738,0.003632104,3.56E-06,-0.005238095,0.009385144,0.000766672,2.74E-07,-0.018505322,0.022947862,0.002423092,-3.81E-06,-0.004698395,0.017227555,0.000697299,2.18E-07,-0.026265453,0.031581462,0.00367637,8.33E-06,-0.005840576,0.009778033,0.000808163,1.62E-07
477,L,0,-0.65166351,0.090482225,0.27870984,-0.259025304,0.006204551,0.215420498,0.152155827,0.140167684,7.48E-08,0.201279542,0.033362345,0.0108787,-0.035808346,0.00859331,0.008057851,-0.006958394,-0.057931184,0.017107505,0.025405194,-0.02032207,0.021203525,0.09458355,0.045194178,0.044154767,0.011744478,1.24205382,0.386438383,0.286284361,0.003484337,0.785367599,0.190244642,0.118258026,0.007119052,1.180896681,0.336365279,0.238652209,-0.316321872,0.469359613,0.065591403,0.000705486,-0.197212326,0.186320183,0.031023882,-0.000100906,-0.050193119,0.042310358,0.006694139,2.59E-06,-0.018121238,0.025137675,0.003015765,1.32E-06,-0.035211674,0.042529795,0.003729488,3.32E-06,-0.014189809,0.019902901,0.00175883,-3.77E-07,-0.013099961,0.012457862,0.001025506,-3.41E-06,-0.007396387,0.010462212,0.000644894,9.33E-07,-0.022321193,0.023711841,0.002573737,1.44E-05,-0.010750115,0.0166583,0.001445199,-8.59E-06,-0.025160857,0.02512107,0.001923881,-1.18E-05,-0.021541924,0.011814197,0.001139597,8.43E-06,-0.075533514,0.068635958,0.010307693,-2.93E-06,-0.019586924,0.037351508,0.002161601,5.67E-06,-0.039052657,0.047784989,0.004946349,-4.13E-05,-0.0100851,0.022887629,0.001199606,9.94E-07,-0.082378416,0.065977337,0.010500836,1.89E-05,-0.021452589,0.048241697,0.002470265,5.08E-06
477,L,1,-0.395813406,-0.145937344,0.289425749,-0.285386549,0.009136833,0.215420498,0.162567582,0.155129697,4.88E-10,0.201279542,0.02953562,0.008934859,-0.016819964,0.01137625,0.008091209,-0.00659096,-0.047186814,0.014326641,0.025660415,-0.022635161,0.022431806,0.065093274,0.046652132,0.046026524,0.011744478,0.820819084,0.218851613,0.159175078,0.003040005,0.323172996,0.072502266,0.052868966,0.007119052,0.814913938,0.20649322,0.141316519,-0.25104339,0.249886122,0.045251247,3.84E-05,-0.167219862,0.148810952,0.023910668,-3.49E-05,-0.050193119,0.04093084,0.006128791,-8.12E-06,-0.018121238,0.025137675,0.002645033,1.09E-05,-0.035211674,0.035442557,0.003343309,-3.78E-08,-0.011675996,0.019902901,0.001587485,1.40E-07,-0.003691765,0.004470613,0.000830482,1.81E-07,-0.002108788,0.001877368,0.000489122,-8.16E-07,-0.01426064,0.014735839,0.00204424,2.86E-06,-0.010239262,0.007052444,0.001117015,-6.71E-07,-0.009685595,0.008762391,0.001464203,-1.25E-06,-0.005020327,0.006191202,0.000832585,1.48E-06,-0.032482979,0.051343651,0.005537424,3.17E-05,-0.008657194,0.016400541,0.001136028,2.18E-06,-0.015176661,0.017804323,0.002593569,5.98E-06,-0.003363408,0.012315338,0.000658612,9.32E-07,-0.030064665,0.056117746,0.005562055,3.10E-05,-0.008163477,0.028500316,0.001320962,2.26E-06
477,L,2,-0.395813406,-0.142410019,0.267090721,-0.263121645,0.009136833,0.220753983,0.168337775,0.163109985,4.36E-10,0.19925618,0.022032723,0.005508678,-0.016683881,0.01137625,0.007790367,-0.005942926,-0.048281068,0.015213638,0.02703486,-0.024721925,0.021158273,0.065232849,0.047055294,0.046519596,0.022767511,0.71007602,0.190638874,0.169874449,0.003040005,0.300086775,0.071349601,0.053943978,0.010197473,0.698465529,0.176783525,0.153152623,-0.27390332,0.326230005,0.043283734,0.000313102,-0.197819489,0.166176643,0.023746414,-3.47E-05,-0.049669284,0.039702454,0.00568288,-3.24E-06,-0.017167508,0.018411341,0.002363362,6.70E-06,-0.041813233,0.037814467,0.002607372,6.51E-06,-0.015892768,0.018265598,0.001342379,-2.79E-06,-0.003691765,0.003134497,0.000828728,3.36E-07,-0.002038811,0.001831669,0.00048393,-8.89E-07,-0.015901092,0.014735839,0.002042302,5.93E-06,-0.008349189,0.007052444,0.001111898,-1.51E-06,-0.01026504,0.010412083,0.001434408,-1.82E-06,-0.005020327,0.006191202,0.000840444,1.82E-06,-0.034136519,0.04801468,0.004199774,5.95E-06,-0.007702612,0.014308801,0.000969649,6.42E-07,-0.012483897,0.019151104,0.002130666,3.05E-05,-0.003460873,0.012315338,0.000543351,9.04E-08,-0.036962481,0.049602759,0.004620861,-1.10E-05,-0.007626509,0.024585829,0.001188175,2.73E-07
477,M,0,-0.478706349,0.001779774,0.260903553,-0.248675971,0.003497178,0.229079688,0.165597192,0.155095807,1.42E-07,0.198903528,0.048197412,0.025005689,-0.020584061,0.007807057,0.007684897,-0.006101954,-0.052751,0.015002468,0.026176494,-0.022776779,0.021448283,0.07003314,0.045587982,0.044668851,0.01009498,0.972906313,0.268543864,0.206441425,0.003461059,0.582355131,0.16303119,0.107911983,0.007547032,0.79147041,0.213393153,0.15626007,-0.313283604,0.250428104,0.055054661,-0.001029958,-0.206995526,0.146801682,0.027890284,-3.57E-05,-0.052930889,0.04487281,0.006943317,4.29E-05,-0.018313717,0.021032564,0.003075449,8.75E-06,-0.042554097,0.053188474,0.005998801,2.68E-06,-0.024867095,0.025860588,0.002843289,-4.64E-08,-0.005176567,0.004863198,0.000991045,-5.95E-07,-0.002833976,0.002871377,0.000581641,-3.89E-07,-0.012535593,0.01597668,0.002280349,-1.27E-07,-0.00596489,0.006567496,0.001254976,-1.53E-06,-0.013789437,0.009490649,0.001558824,5.58E-06,-0.005826895,0.005134476,0.000881636,1.03E-06,-0.028806573,0.038753442,0.005492454,3.21E-05,-0.00695212,0.018535332,0.001198571,-1.52E-06,-0.013106992,0.024976673,0.003162065,-5.22E-06,-0.005622572,0.009391087,0.000685385,-2.36E-07,-0.029617078,0.035740478,0.005792529,3.49E-05,-0.006357679,0.025621772,0.001353187,-1.32E-06
477,M,1,-0.422781703,0.093820253,0.257137973,-0.240957867,0.003347778,0.229079688,0.169609594,0.16187357,5.20E-08,0.198903528,0.04393584,0.020791947,-0.019139352,0.009406951,0.008365455,-0.006729523,-0.049500517,0.012151166,0.027927138,-0.024954104,0.021476497,0.065780842,0.047384305,0.046662613,0.01009498,0.654447038,0.219105703,0.181363587,0.003461059,0.257484734,0.085838684,0.064041559,0.007547032,0.612426694,0.201591243,0.154565778,-0.307773373,0.373502954,0.055169844,5.38E-06,-0.161334029,0.141719077,0.027332766,-2.62E-05,-0.054857222,0.046526965,0.007238034,-7.90E-06,-0.019636594,0.025276286,0.003254605,1.20E-05,-0.042554097,0.049747252,0.005287572,3.43E-06,-0.024867095,0.019174023,0.002505254,-3.79E-08,-0.004721246,0.004863198,0.000970284,-1.58E-06,-0.002833976,0.002746169,0.000576955,2.16E-07,-0.012248413,0.012002388,0.002175409,3.74E-06,-0.007032304,0.006000368,0.001186263,-1.82E-06,-0.009250505,0.008399847,0.001531816,-1.52E-06,-0.004727906,0.004931157,0.000854023,1.74E-06,-0.053424739,0.038753442,0.005039466,1.50E-05,-0.011609317,0.017679807,0.001180663,4.15E-06,-0.012119342,0.024976673,0.00302374,2.20E-05,-0.005622572,0.011423293,0.00070933,-6.26E-07,-0.064462169,0.048147056,0.005684629,4.55E-06,-0.013285937,0.045283108,0.00159248,5.70E-06
477,M,2,-0.422781703,0.212332456,0.266333075,-0.252149544,0.003347778,0.222710373,0.165577737,0.157494532,4.62E-10,0.200168435,0.019348646,0.005614152,-0.019067201,0.009406951,0.007957238,-0.006041882,-0.052850391,0.015613368,0.025920685,-0.022648245,0.02406028,0.065838815,0.046732646,0.046053318,0.014097353,0.654447038,0.207135599,0.178187337,0.004259943,0.591267963,0.091841435,0.069240921,0.007862627,0.612426694,0.185661808,0.146930257,-0.307773373,0.669150948,0.061488879,0.001907285,-0.188355279,0.141719077,0.028400273,1.62E-05,-0.054857222,0.0488014,0.007398358,-2.09E-05,-0.019636594,0.025276286,0.003216068,8.96E-06,-0.042399405,0.045385356,0.003385173,-7.33E-08,-0.024902772,0.022056746,0.001814404,6.24E-07,-0.003805472,0.00395383,0.000877324,3.96E-06,-0.002180466,0.002166266,0.000522357,-8.29E-07,-0.011337097,0.011335429,0.002199164,4.15E-06,-0.007032304,0.005468911,0.001182177,-2.92E-06,-0.009250505,0.008399847,0.001571196,-5.52E-06,-0.004727906,0.004931157,0.000875902,2.79E-06,-0.053424739,0.034466912,0.004659538,0.000111186,-0.011609317,0.017679807,0.001143761,3.66E-06,-0.012119342,0.027689245,0.003047343,0.000157962,-0.005536827,0.011423293,0.000675015,1.87E-06,-0.064462169,0.048147056,0.005408086,-1.73E-05,-0.013285937,0.045283108,0.001608688,3.98E-06