participant,condition,window_index,head_rotation_rad_min,head_rotation_rad_max,head_rotation_rad_rms,blink_aperture_min,blink_aperture_max,blink_aperture_rms,mouth_aperture_min,mouth_aperture_max,mouth_aperture_rms,pupil_dx_min,pupil_dx_max,pupil_dx_rms,pupil_dy_min,pupil_dy_max,pupil_dy_rms,pupil_metric_min,pupil_metric_max,pupil_metric_rms,center_face_magnitude_min,center_face_magnitude_max,center_face_magnitude_rms,center_face_x_min,center_face_x_max,center_face_x_rms,center_face_y_min,center_face_y_max,center_face_y_rms,head_rotation_rad_vel_min,head_rotation_rad_vel_max,head_rotation_rad_vel_rms,head_rotation_rad_acc_min,head_rotation_rad_acc_max,head_rotation_rad_acc_rms,blink_aperture_vel_min,blink_aperture_vel_max,blink_aperture_vel_rms,blink_aperture_acc_min,blink_aperture_acc_max,blink_aperture_acc_rms,mouth_aperture_vel_min,mouth_aperture_vel_max,mouth_aperture_vel_rms,mouth_aperture_acc_min,mouth_aperture_acc_max,mouth_aperture_acc_rms,pupil_dx_vel_min,pupil_dx_vel_max,pupil_dx_vel_rms,pupil_dx_acc_min,pupil_dx_acc_max,pupil_dx_acc_rms,pupil_dy_vel_min,pupil_dy_vel_max,pupil_dy_vel_rms,pupil_dy_acc_min,pupil_dy_acc_max,pupil_dy_acc_rms,pupil_metric_vel_min,pupil_metric_vel_max,pupil_metric_vel_rms,pupil_metric_acc_min,pupil_metric_acc_max,pupil_metric_acc_rms,center_face_magnitude_vel_min,center_face_magnitude_vel_max,center_face_magnitude_vel_rms,center_face_magnitude_acc_min,center_face_magnitude_acc_max,center_face_magnitude_acc_rms,center_face_x_vel_min,center_face_x_vel_max,center_face_x_vel_rms,center_face_x_acc_min,center_face_x_acc_max,center_face_x_acc_rms,center_face_y_vel_min,center_face_y_vel_max,center_face_y_vel_rms,center_face_y_acc_min,center_face_y_acc_max,center_face_y_acc_rms
402,H,0,-4.207226029,2.359994113,0.737740599,-52.30381837,22.20692253,12.87780771,-5.511986953,88.12264201,11.80843032,-85.97639801,67.85909945,13.37096373,-50.81783852,42.73191328,12.07170436,-41.45532182,65.46688244,12.85630089,-14.05706449,75.09685254,13.61256846,-14.78431287,65.06999443,12.6616776,-12.13960672,93.4870573,14.3829655,-12.20393983,12.85963475,0.91132707,-5.578230982,8.164559611,0.490468433,-9.738167881,8.890372809,1.48918321,-5.164046772,4.394554879,0.738144759,-16.6013977,22.90909923,2.277061635,-9.1982923,11.42209957,1.099554129,-33.88681461,36.52008764,3.696374791,-22.13707685,22.24778783,2.232030653,-20.47982499,26.91393423,3.061939052,-10.3613991,17.78760054,1.802066579,-35.19075601,29.55294706,3.339811549,-26.46546259,23.00991175,2.149817935,-5.421236191,6.79294121,0.776316118,-2.157100453,2.227349075,0.221836355,-5.561895156,5.214077112,0.697870517,-1.167382556,3.680367734,0.175146395,-6.217012477,7.948503602,0.914104225,-2.504726833,2.824890134,0.291948957
402,H,1,-5.044614554,2.359994113,1.183066617,-40.16082587,18.78962488,11.68580911,-5.511986953,88.12264201,14.24211744,-85.97639801,67.85909945,13.06940807,-49.66114543,42.73191328,12.19148687,-41.45532182,60.64659697,11.91653741,-14.05706449,28.91726243,9.75270144,-14.78431287,42.76531484,11.13164959,-11.72117008,31.16679558,9.615125929,-13.11628362,12.85963475,1.059527249,-5.504543997,8.191749108,0.589012734,-8.149727774,10.29223212,1.369452488,-5.164046772,4.472908811,0.727767139,-17.17374143,22.90909923,2.758251599,-11.44967941,11.42209957,1.342180735,-33.88681461,36.52008764,3.575081031,-22.13707685,22.24778783,2.178953777,-20.47982499,26.91393423,3.023565249,-10.82352521,17.78760054,1.748032613,-35.19075601,29.55294706,3.255225445,-26.46546259,23.00991175,2.090148925,-2.516942218,3.592410225,0.521819732,-1.162719922,1.115677007,0.162023882,-3.135170555,2.936713241,0.531714612,-0.584738342,1.053779642,0.141535526,-3.636089948,4.212938204,0.624015519,-1.372592985,2.501809651,0.237436568
402,H,2,-5.044614554,3.170238358,1.218014781,-40.16082587,21.43106989,11.28989487,-5.487526654,86.67414656,12.04574739,-39.73486464,44.45758018,10.39687545,-64.32078683,42.30842127,11.98863057,-41.47861744,70.52052689,10.96529651,-15.8281919,33.88704098,10.09590106,-14.72059517,41.82748717,10.88684664,-11.72117008,24.94825832,9.48408663,-20.47362589,35.48846539,1.394451619,-19.06395885,15.37899714,0.825063695,-10.74724507,10.29223212,1.266563792,-6.900263072,5.183642792,0.673626941,-17.17374143,21.54831435,2.090214061,-11.44967941,7.527438623,1.027544481,-17.29406255,18.6601431,2.657586712,-12.36293266,9.391202618,1.571453781,-23.0899661,19.8861803,2.505313992,-10.82352521,15.66286852,1.447017512,-24.89095879,19.29696614,2.461879866,-16.07049823,10.42117707,1.442857848,-2.274892299,3.807005306,0.446492978,-1.162719922,1.223769877,0.138326061,-2.220796655,2.077636617,0.460121207,-0.525372863,1.008585937,0.120339446,-3.636089948,4.166311165,0.557531675,-1.372592985,3.113412658,0.214300774
402,L,0,-4.465564534,4.410325602,0.998698875,-63.93804324,33.37462003,14.26575992,-4.314972266,14.39055435,3.194893721,-97.74624574,86.26395147,11.41825104,-86.15543109,39.44765459,12.7226429,-38.27810939,111.097527,12.43732515,-9.508596904,100.2302367,15.14394999,-11.81399161,55.99902954,11.9204804,-7.66672256,104.5718286,15.46489165,-19.4806922,16.02804144,1.053185823,-12.67517264,7.618051366,0.564024811,-9.20913198,10.47619393,1.612939358,-4.398920745,3.88458323,0.823858311,-5.399336494,4.864126723,1.005506388,-3.782588445,3.731803056,0.705882342,-43.75588357,29.88092135,2.845628131,-21.09725618,22.75551809,1.596763137,-34.17814508,21.08575826,3.149371665,-15.66030114,17.40532608,1.796770222,-30.31415356,46.97062459,3.100831869,-24.94885929,21.42903818,1.786897245,-4.068392897,6.503932982,0.536501802,-1.665149845,2.040284832,0.146040543,-4.90938721,5.252021828,0.645756342,-1.264041366,2.54074737,0.181822298,-4.761291137,7.025864205,0.559684792,-1.778304122,2.757223224,0.168685328
402,L,1,-4.465564534,2.410277284,0.855472182,-50.62797782,23.99269488,11.47103844,-4.469416186,120.7549758,12.65223156,-31.95663416,86.26395147,10.77054673,-86.15543109,37.80572391,11.37345682,-33.72024459,97.43399202,10.65729175,-10.01020621,23.69658023,6.416025593,-12.03447776,44.51016226,10.23107639,-7.809417606,20.43808452,5.569025486,-6.770192833,6.408835572,0.798938109,-4.643614896,2.807466298,0.428071765,-9.20913198,10.47619393,1.513802707,-4.398920745,3.88458323,0.776835776,-23.22333352,19.98338902,1.940538317,-9.7644271,8.835391388,1.067230695,-11.24612347,23.46935974,2.345142329,-11.34844813,9.509807934,1.31800651,-25.70452668,15.19730885,2.575656727,-9.381618709,13.50568659,1.472403602,-14.1677608,30.09286175,2.338686425,-14.69111554,11.32915867,1.333551284,-1.674289282,3.286801538,0.356091132,-0.89759222,1.089074568,0.117266687,-4.90938721,3.577802207,0.531228788,-1.264041366,2.157235324,0.154331109,-1.746189427,3.397592391,0.348280858,-1.036971678,1.188557104,0.13680653
402,L,2,-2.649088931,3.433540259,1.006287775,-47.57141323,17.58854483,9.219579588,-4.469416186,120.7549758,16.37192727,-31.95663416,45.2350834,12.02150869,-33.91439628,37.80572391,10.70454431,-33.72024459,36.89838911,10.83854876,-10.01020621,35.58804583,6.63535803,-12.03447776,67.17502078,11.55773245,-7.933699746,20.43808452,5.689917086,-5.763092233,6.408835572,0.747328225,-4.643614896,2.723462249,0.389097773,-7.779244426,6.87312665,1.284845437,-3.664257865,3.664270367,0.678178451,-23.22333352,19.98338902,2.443138773,-9.797407844,9.641694015,1.266762575,-11.24612347,15.07125497,2.58160035,-7.441420333,6.786256765,1.458385929,-10.35146174,13.62740937,2.223182211,-7.499086204,7.355210266,1.248076133,-11.08696366,9.323432764,2.24743508,-5.970172155,5.603413049,1.262170177,-1.674289282,3.286801538,0.370980529,-0.647829544,1.089074568,0.117506107,-2.613732237,3.589220313,0.540363179,-1.058465969,1.615396047,0.150187148,-2.556167161,3.397592391,0.400082248,-0.801424341,1.513179594,0.150931429
402,M,0,-3.445576209,3.323407501,0.801011527,-51.60429722,28.6057676,11.47886677,-5.121692789,95.94498902,10.94058198,-89.19326375,50.18530917,12.31614145,-28.7354212,44.98994456,10.38362486,-37.20136333,46.26306033,10.045438,-14.169829,57.70359636,9.657538343,-15.1312822,42.01154532,10.13730501,-12.08489591,65.94023035,9.429884079,-16.97608976,18.97558162,1.106009531,-8.183014361,12.02775181,0.630972611,-8.803330076,13.61003493,1.437894672,-7.342435211,6.246882297,0.762887513,-21.42305012,23.59986844,2.000862,-11.47767404,12.05295539,1.088119973,-39.10448418,48.52236982,2.998034629,-23.71692832,31.9405074,1.78892012,-20.76539983,23.68858293,2.292603816,-13.9990095,17.7602359,1.382299327,-32.84690699,30.91730095,2.477701061,-29.76458466,20.67182348,1.593725409,-4.954239728,5.368633896,0.507692591,-1.744975811,1.927677351,0.165288166,-3.666684722,2.736488144,0.527170723,-1.033112815,2.145185841,0.152878554,-6.054692521,5.907967051,0.594563412,-1.848247557,2.70207435,0.207379677
402,M,1,-1.758511372,4.237452713,1.116456039,-47.6730202,16.98352711,9.057481246,-5.084483656,95.94498902,16.43595352,-82.1636087,46.44703015,11.77005371,-30.27826015,43.10211498,11.36404126,-33.55043225,59.55623097,11.77509528,-14.46723781,29.70881061,9.234346355,-15.1312822,52.60654632,12.84399674,-10.17348416,24.90370705,6.288010451,-9.177203091,9.87631753,0.807799957,-7.554471639,4.118680196,0.46634337,-12.20593544,12.04400058,1.290706585,-6.326535696,5.859801512,0.678044974,-21.42305012,23.59986844,2.468418781,-11.47767404,12.05295539,1.259936451,-27.17744174,32.95868195,2.651644184,-12.78490151,20.86539918,1.537280889,-15.54857622,10.45960681,2.234257001,-7.074163688,7.940877884,1.302260669,-26.20765695,16.12440506,2.387011531,-15.76334404,11.66577313,1.430522711,-2.062879446,3.22572876,0.376595391,-0.796026281,1.28747098,0.126757929,-2.586607151,2.829777332,0.46293275,-0.88361285,1.651364394,0.132708711,-2.259809962,3.178315747,0.394347614,-0.916805239,1.284543237,0.151488874
402,M,2,-2.833142326,4.237452713,1.169535109,-52.16586583,20.09809697,12.76105122,-5.372544948,92.55741497,12.96015487,-82.1636087,36.26447554,11.45468549,-35.40122241,59.5740443,13.07646192,-37.14705944,59.55623097,13.31341966,-14.46723781,61.25198109,13.9022987,-15.03524562,52.60654632,13.33988112,-10.17348416,65.76876485,14.09955727,-9.177203091,9.87631753,0.815338782,-7.554471639,4.123902847,0.460285524,-12.85281127,8.657958742,1.638819156,-5.848293923,4.791756679,0.786422753,-17.48454683,23.1822181,1.845060521,-11.3060181,8.321094586,0.954356735,-27.17744174,32.95868195,2.955434372,-12.78490151,20.86539918,1.706297576,-15.54857622,14.87773624,2.602944392,-10.33266907,8.032668941,1.515789901,-26.20765695,16.12440506,2.759458581,-15.76334404,11.66577313,1.634991146,-3.359822574,5.066037383,0.614658914,-1.271932556,2.665036659,0.176248874,-5.443659625,7.894897389,0.715334521,-2.39190317,4.897263672,0.241778053,-2.656566654,5.363524491,0.632900712,-1.397721789,3.273757642,0.204130429
404,H,0,-3.660270807,4.559566928,1.159489313,-43.73319918,18.10404694,13.98509761,-5.8338468,93.49492535,17.02906392,-54.57997474,40.42451953,13.17732474,-23.07784354,35.76142332,12.47464392,-37.93249796,44.83577951,11.92024382,-14.78685277,42.62588575,12.88971297,-12.46425088,62.27664357,13.69958173,-12.12476151,48.83159977,13.20161222,-6.724065934,6.593397118,1.386745538,-4.584260282,3.221324912,0.741598235,-11.70477013,12.96952901,1.884556249,-5.288908974,5.814673698,0.84977003,-21.3867397,27.8955065,2.60021123,-13.53581342,10.63825041,1.269835142,-15.75788501,12.42661106,2.893139247,-7.164906997,7.346162896,1.667994952,-12.10800378,16.75797964,2.46564209,-9.839060877,8.574551661,1.428239465,-14.44701009,16.61666483,2.888406305,-10.52101091,7.876620179,1.747163614,-5.358739918,4.895631987,0.890345108,-1.612167803,4.114811779,0.279256578,-6.224192144,6.809718166,1.03620309,-1.367691904,6.473572349,0.34280759,-6.508693349,6.130846392,0.952061366,-1.93460799,5.277586762,0.346495555
404,H,1,-3.660270807,3.630628912,1.142266322,-41.84235238,17.13484045,11.60563129,-5.789232734,93.49492535,14.7957792,-41.81283555,40.42451953,11.65041988,-23.33981107,35.30129392,12.10795342,-29.89811243,35.30950367,11.68103513,-14.78685277,53.94097484,11.69594856,-12.4259268,54.52521971,10.72284612,-12.12476151,50.77372633,11.90377015,-8.896064615,7.589117535,1.341748429,-4.171771253,4.401886378,0.727480831,-13.18630199,12.54060438,1.70226504,-5.040725127,5.875061269,0.75094288,-21.3867397,27.8955065,2.293312278,-13.53581342,10.63825041,1.122215951,-11.34347147,12.42661106,2.620809779,-6.201732767,6.731703924,1.525242911,-11.7931743,13.03832635,2.329093121,-6.616507673,7.030698839,1.320770135,-13.89152649,11.33088663,2.732748481,-8.339577847,6.915233789,1.630156863,-5.952257132,4.895631987,0.775223433,-1.612167803,1.989954544,0.196284307,-5.399257348,4.927599828,0.828260463,-1.208001343,3.032515365,0.231969594,-5.851992731,6.130846392,0.786717755,-1.93460799,3.231230786,0.235238262
404,H,2,-2.621909905,3.250158234,0.759398875,-39.24941535,16.95409996,10.43330242,-5.838953594,4.219781975,4.119745628,-46.38008157,34.8545683,11.28503593,-23.33981107,36.72327128,11.90650822,-44.31415408,35.30950367,12.47686707,-14.26324539,53.94097484,11.25309966,-12.4259268,54.52521971,10.96695675,-12.04032888,50.77372633,10.64966392,-8.896064615,7.589117535,1.211515239,-4.171771253,4.401886378,0.688713063,-13.18630199,11.66098672,1.4649186,-4.575370618,5.875061269,0.672916107,-3.555213012,2.852175978,0.963635906,-2.461328956,2.088578277,0.638054042,-11.02836942,11.98938333,2.579645418,-6.201732767,6.763255455,1.515151353,-11.7931743,13.03832635,2.274212942,-6.868645357,7.030698839,1.317983087,-13.89152649,14.30158893,2.740806738,-8.339577847,8.959056642,1.625467363,-5.952257132,4.079319435,0.631362276,-0.988351135,1.585409262,0.152967837,-5.399257348,4.927599828,0.693687777,-0.986112022,3.032515365,0.185234355,-5.851992731,4.298062724,0.620703629,-1.215915628,2.559867386,0.186020055
404,L,0,-3.399087503,4.410435934,1.031610801,-48.82037517,16.80800499,12.9391291,-5.441730249,104.3935756,11.01468618,-47.02762712,36.75244997,12.55991659,-26.19442864,51.77256648,11.94656336,-42.28302423,40.2234171,12.12654699,-15.63058895,69.30565924,14.58438081,-12.59573473,91.92244725,15.32286246,-12.54158873,79.30876608,13.92408423,-7.340163612,6.864435331,1.35174683,-3.875461614,4.072293965,0.745426941,-14.75872422,11.98084621,1.612125219,-4.909999992,9.046444752,0.714155766,-30.70670027,21.39631696,2.205068928,-11.75246882,15.10810011,1.131290875,-12.90459076,13.91005775,2.636043702,-6.236067949,7.649836871,1.555105777,-17.09820572,13.50842724,2.42390994,-9.199815085,8.997948159,1.429627593,-19.10758533,15.95284946,2.696384864,-8.780301041,8.279953978,1.608500811,-4.047102109,5.422090509,0.731155873,-1.39671553,1.874640951,0.187391133,-6.598660243,11.70551436,0.863170999,-1.967934013,4.833970817,0.222809723,-5.162515476,4.53490015,0.792045881,-1.921387298,3.115733216,0.231337629
404,L,1,-2.003368914,4.045021355,0.954299435,-45.48975113,16.80800499,12.72951342,-5.430694027,104.3935756,11.0604356,-42.63320723,36.75244997,12.62599814,-29.13958447,43.33551237,12.79675557,-36.16264061,35.2284207,12.11720494,-15.07030233,51.51368277,10.39388533,-13.01659899,30.454403,9.111246981,-12.59373698,64.7738929,12.46429573,-10.02560378,6.749246534,1.301531386,-6.02705063,4.765198814,0.73245481,-14.75872422,12.08164538,1.64081704,-4.909999992,9.046444752,0.760627007,-30.70670027,21.39631696,2.204734202,-11.75246882,15.10810011,1.129938749,-13.52839098,10.60170921,2.476541273,-6.617336031,7.431342251,1.435290631,-12.9650386,12.42510514,2.394533447,-7.31437117,7.335480508,1.396493006,-12.84861475,15.95284946,2.669368828,-7.55747775,7.890804522,1.605415658,-3.522160975,3.553743013,0.578092345,-1.087264732,2.607922708,0.160862353,-3.039011407,2.88808689,0.541616133,-0.806277397,1.609352541,0.157673323,-4.292351193,5.741103925,0.677641726,-1.255843692,3.39322815,0.208477042
404,L,2,-2.003368914,3.857723984,0.97286449,-44.23345108,17.10430739,11.96905647,-5.430694027,97.05524504,13.75274492,-40.13389883,39.46812409,11.99790316,-29.13958447,43.33551237,12.8980946,-35.1507372,32.993718,12.60058315,-15.14102848,42.14036881,9.704984485,-13.01659899,24.55214752,8.725121098,-12.59373698,52.38679263,10.65953256,-10.02560378,7.828238072,1.392135619,-6.02705063,4.765198814,0.787066432,-12.70799401,12.08164538,1.632182062,-4.68232269,5.190575718,0.730964582,-26.21960599,25.64374929,2.233337441,-11.20749399,12.92630588,1.198572125,-14.42958807,14.0840115,2.654616325,-7.077693254,10.21359125,1.548598015,-12.9650386,12.42510514,2.584444336,-7.31437117,7.277615214,1.472796138,-12.84861475,13.22605932,2.808628133,-7.95460165,7.299429644,1.659418183,-3.730188716,3.553743013,0.590708586,-1.087264732,2.607922708,0.170018058,-2.428719262,3.124746327,0.564258166,-0.708280262,1.609352541,0.156913799,-5.981960884,5.741103925,0.731343811,-1.73334926,3.467683536,0.238630654
404,M,0,-1.334415557,6.193922529,1.268202079,-46.99160666,19.93194294,13.90735601,-5.737997295,84.33794257,13.40559182,-42.24355657,32.10173872,12.25965747,-24.04487699,43.43026594,12.46611539,-44.31352813,34.66777479,12.80594051,-14.41649627,49.73875431,14.32946056,-12.37459087,54.01217132,13.74868415,-11.91652446,63.57132288,14.45923872,-5.341946796,6.314108982,0.886214903,-3.086347263,2.831750345,0.500324708,-15.32056911,12.27176578,1.773196986,-5.523308835,6.203994059,0.812227668,-14.47676398,19.06465517,2.293926531,-11.38514906,9.507230665,1.189140813,-11.96031267,9.861171626,2.538831692,-6.910860729,6.225738542,1.412287599,-13.94246029,16.7061958,2.386727491,-9.381121912,8.057602567,1.326678681,-13.46135469,18.02432095,2.893291318,-9.397191265,9.357628314,1.71613283,-4.786185686,5.997569287,0.853135167,-1.456011381,3.312020917,0.214051555,-7.368213619,8.155171478,0.817278661,-1.135693683,6.60358843,0.241393612,-5.068222729,6.990254049,0.889754594,-1.701440005,2.508263675,0.244504383
404,M,1,-1.734596405,1.835338914,0.668879077,-46.99160666,19.18830124,11.28290447,-5.663608943,84.33794257,12.98334623,-42.24355657,30.73738272,12.31660181,-20.73317733,43.43026594,12.02242171,-34.7116515,28.94187834,11.63018788,-14.96398894,34.86497373,10.11307975,-12.37459087,30.14579374,9.190292437,-12.13910135,44.89674139,10.26035304,-4.40457266,4.256083646,0.770933991,-2.80567427,2.831750345,0.45032121,-15.32056911,12.27176578,1.654226893,-5.523308835,6.203994059,0.765163197,-14.47676398,18.75881189,2.090480554,-8.733661872,9.010529772,1.05634882,-11.78937911,11.42800979,2.428507421,-6.144727472,5.997236901,1.358009949,-13.17972816,14.6422152,2.158378255,-6.518605006,6.723731183,1.197811863,-13.46135469,14.46278077,2.632612058,-8.670595652,9.357628314,1.570449868,-3.093499567,5.997569287,0.596326746,-1.456011381,1.415492624,0.155241585,-3.2124753,3.959689136,0.543255835,-0.8448444,1.888521856,0.150032128,-3.773761159,6.990254049,0.648031922,-1.701440005,2.290209185,0.197698726
404,M,2,-1.734596405,1.378581247,0.67396269,-43.81743549,19.56508753,10.62556122,-5.685355111,96.9997749,10.79236477,-44.79001829,26.6798147,12.04055744,-21.77262324,39.73899482,11.51367349,-31.70675985,31.03366065,11.28935262,-14.96398894,34.86497373,9.477403548,-12.0317804,37.29520142,10.32709625,-12.22609239,44.41811194,8.976297743,-4.40457266,3.672256771,0.705680865,-2.691385021,1.774005716,0.401463039,-11.81748,12.1698021,1.540557746,-4.730910637,7.826348776,0.729542513,-14.02806711,14.88340106,1.609261427,-6.958304784,6.549845019,0.862995918,-9.299380324,11.42800979,2.182721887,-5.151054214,5.945766575,1.2658133,-12.84820712,14.6422152,2.160222554,-8.512514317,6.723731183,1.246934572,-13.21914353,12.44753375,2.562772811,-7.080045457,6.689831368,1.536830292,-2.451892533,3.823364711,0.463491745,-0.638549415,1.371316857,0.125119687,-2.463891424,2.656118394,0.440489385,-0.603361053,1.546771868,0.115897508,-3.652444817,5.271240424,0.515989593,-0.816984026,1.689483846,0.171984379
407,H,0,-4.069032575,1.256781769,1.036466083,-32.76927093,12.2865735,10.92433543,-10.50679426,72.52848358,9.761050275,-35.67510773,29.95148279,10.07817152,-21.92603595,35.61936295,11.49745141,-30.14387619,28.77174561,10.91497866,-16.33719727,42.26481703,10.81826714,-14.11712409,44.68866152,11.11106378,-11.69420726,30.23964581,10.93319863,-7.504332795,5.501198264,1.166252127,-3.804776292,3.82666485,0.616746865,-9.992909311,10.59420563,1.525732774,-4.42721233,5.635464523,0.680700135,-21.82968157,16.53004529,1.788176132,-13.15691852,9.428542249,1.022497551,-11.72933459,10.58215387,2.265840943,-7.283769876,7.427523986,1.338264966,-7.88440443,11.40166735,1.837416344,-5.355104154,4.670519486,1.016904261,-10.09321667,7.851874738,2.014337096,-4.716829057,5.546459639,1.197677146,-4.674295968,5.0860579,0.620074797,-1.308573577,3.520264994,0.210130868,-6.746578521,4.822744479,0.645038639,-1.670132387,4.445547774,0.224514301,-5.584663637,5.972304136,0.689636488,-1.485886302,4.416294882,0.266890018
407,H,1,-3.629753267,1.562606265,1.001282744,-31.67743808,12.2865735,9.909892445,-10.50679426,58.85819737,6.199505007,-31.89749319,29.06911924,9.968807424,-21.15605864,36.27057114,10.52825384,-30.22058959,24.9222715,10.8987038,-16.00427934,29.1300891,9.855279122,-14.33852825,35.55071397,11.21720449,-11.14973685,24.92894498,8.371176883,-6.028208117,5.433847482,1.122338465,-2.527771536,3.639326315,0.591714292,-9.992909311,10.59420563,1.564215986,-4.42721233,5.635464523,0.70268449,-10.5435747,15.07027833,1.509585218,-5.796322526,4.354880916,0.899515018,-9.342314774,8.990973473,2.176200009,-5.315799446,5.835891301,1.309962728,-10.52640006,9.829479559,1.837126559,-4.774478326,5.139254084,1.01085435,-10.09321667,14.36835507,2.089438003,-5.777472466,6.877469134,1.248049708,-3.009847179,5.0860579,0.485369857,-1.285637899,3.520264994,0.176047252,-3.95201782,4.822744479,0.546554703,-1.118158474,2.490593641,0.172411361,-4.587506728,5.396034007,0.538925079,-1.436823869,4.416294882,0.222841603
407,H,2,-2.879557189,1.930152955,0.996137824,-33.06409659,11.57254009,10.66226283,-10.30907897,70.59006001,12.1268291,-34.93121014,29.25355751,11.64086055,-23.93280991,36.27057114,10.33684034,-30.22058959,27.5925086,11.06651915,-16.00427934,43.20849785,11.38101118,-14.33852825,35.55071397,11.02203756,-11.5781385,60.39478417,11.39003719,-6.028208117,6.053157301,1.130754541,-3.350023264,2.997750252,0.602175625,-9.347055762,9.466410166,1.542659724,-3.832573698,5.07899137,0.67726219,-17.78178676,19.00752258,2.187592034,-8.741911302,7.591457017,1.121377205,-11.01293839,11.12812047,2.352742549,-5.315799446,6.923361371,1.367716246,-10.52640006,10.45033583,1.825705603,-6.285933123,5.139254084,1.00940543,-8.578211091,14.36835507,2.029181712,-5.777472466,6.877469134,1.217377955,-2.139224808,4.670832336,0.512067137,-1.114527681,1.658090903,0.148142772,-3.95201782,3.520153552,0.560066845,-1.008939362,2.490593641,0.159861677,-2.760704975,4.762191392,0.546456719,-1.036166687,1.502422263,0.173011658
407,L,0,-3.57453599,2.696485577,1.092651262,-25.7446295,10.61167731,10.30111477,-7.823783639,118.3097672,13.05767962,-27.97193123,25.4759328,9.715141955,-20.66412496,28.09677805,10.95227451,-27.07055781,33.20949648,10.15106674,-15.02998631,41.88528108,11.49775993,-13.6408587,50.86817839,11.72815108,-10.11902882,37.95481955,11.15463002,-6.404864627,4.931624779,0.984028767,-3.051559367,2.889709779,0.525613593,-8.498188244,6.201842366,1.146016853,-3.10901864,3.647782421,0.491644394,-33.03262202,27.62282881,2.978076828,-11.82021824,14.12276512,1.663224825,-8.503419854,9.449833283,1.759298918,-4.7423637,5.701113397,0.989039846,-10.94049838,11.61569423,1.690844601,-6.067610674,5.737435326,0.924681175,-10.94948583,11.55790368,2.168224787,-5.665372227,7.02197653,1.316183508,-3.517792005,3.412994883,0.579832397,-0.781320589,1.426446573,0.135192965,-3.823137617,3.175347108,0.522121719,-0.790624625,2.331273225,0.125688467,-4.26766277,4.929380951,0.633504552,-1.004505913,3.247215618,0.203202612
407,L,1,-3.57453599,2.696485577,1.182691483,-25.43620154,9.551820261,9.131586466,-7.835124228,118.3097672,10.2122829,-27.97193123,23.53196755,10.11392335,-20.66412496,27.92488322,9.38162779,-27.41272816,22.80212201,9.397924885,-15.02998631,41.88528108,10.50206354,-13.64730897,50.86817839,11.33657804,-9.951170806,37.95481955,8.838486182,-6.404864627,3.899339233,0.913312902,-3.198501337,2.889709779,0.477258885,-7.404524386,6.201842366,1.142924452,-3.10901864,3.647782421,0.485717843,-33.03262202,27.62282881,2.480338876,-11.82021824,14.12276512,1.473394544,-8.503419854,9.130291033,1.855063192,-4.591726114,4.625371141,1.009556902,-10.94049838,9.928366137,1.579143835,-6.067610674,5.737435326,0.878107349,-10.94948583,9.847669853,2.117105292,-6.014445825,6.016004679,1.296399751,-3.517792005,4.43828302,0.508854638,-0.781320589,2.275689585,0.125866409,-3.755528607,3.175347108,0.472536726,-0.790624625,1.901398179,0.116712982,-3.40466548,5.202926738,0.557964657,-1.15411468,3.340867898,0.182441111
407,L,2,-3.252457607,1.874408035,0.935270047,-25.22612796,9.824421378,8.617151845,-7.926047849,21.7238847,5.434459023,-24.60239724,23.53196755,9.340545007,-19.96687399,27.82454388,8.053425228,-27.41272816,22.80212201,8.979985676,-15.26096528,29.71750842,7.774676451,-13.64730897,23.85680613,7.740791484,-10.0556452,31.31940632,8.264604602,-6.405186966,4.532568458,0.829394239,-3.198501337,2.855163664,0.438686407,-8.067331347,6.688017449,1.068894981,-2.577656187,3.586728225,0.441014999,-5.707150199,5.320901782,1.772062738,-3.745072667,3.688567997,1.174359924,-7.99355555,9.130291033,1.722757605,-5.115390727,4.702278383,0.968841041,-10.79052414,9.052599057,1.48649465,-4.803788744,4.667108531,0.838987893,-13.08708205,10.41349661,2.062580223,-7.725236439,6.692100557,1.262933912,-3.651333864,4.43828302,0.403406891,-0.766510778,2.275689585,0.110560315,-3.520600805,2.737890246,0.364342635,-0.843117495,2.777349678,0.122554995,-3.528895948,5.202926738,0.458208062,-1.15411468,3.340867898,0.136965755
407,M,0,-3.245620168,1.509445826,0.94257417,-29.07050967,13.52369365,10.36267984,-7.907190555,134.6228407,8.111246165,-33.22247483,29.39191704,10.69465258,-18.48847499,33.47924297,10.2380216,-29.03712218,23.6702854,10.64876684,-17.21917997,32.15868196,10.80028618,-15.62746072,33.25777562,10.14641334,-10.92291727,47.63190867,11.72796524,-5.680144725,5.366658609,1.090293177,-3.192244619,3.484465952,0.599354895,-9.815545275,7.675602147,1.376040764,-3.879556371,4.362229366,0.604024541,-34.21787292,35.13607821,2.51608108,-17.62276186,13.50183378,1.503363557,-11.18705092,9.351067465,2.351866126,-6.385906684,7.066457198,1.363987834,-6.759819527,8.742420165,1.63950981,-3.619431895,4.097972758,0.918618891,-13.06648175,8.893440475,2.016247243,-5.763149015,6.039096362,1.173206403,-4.093835401,4.74622223,0.506767112,-1.130514065,3.665076925,0.19485653,-5.782284695,3.927185716,0.561406309,-1.367324012,3.665984392,0.203450113,-4.131048308,4.757889529,0.597274008,-1.231213921,2.919717508,0.225124004
407,M,1,-3.696850416,1.509445826,0.949120766,-29.16998339,11.93687408,9.664133975,-7.786574429,134.6228407,11.35581728,-36.05755384,27.96286813,10.20111342,-19.1482123,33.47924297,10.11544154,-29.03394554,23.6702854,10.57418438,-17.21917997,31.69217139,9.263774543,-15.76567776,33.25777562,9.933740267,-11.20134593,28.82024817,8.449827999,-5.783164606,6.542537553,1.152754055,-3.359353084,3.810959003,0.632940564,-9.815545275,7.335551538,1.457393627,-3.879556371,4.387173829,0.639903193,-34.21787292,35.13607821,3.011262782,-17.62276186,13.50183378,1.652773801,-13.09907309,9.409316548,2.36244058,-6.385906684,6.685277795,1.380237803,-11.56435724,10.93137993,1.752055859,-4.516486092,6.055023935,0.949654762,-13.06648175,13.55007079,2.059436195,-7.247139954,7.984483551,1.195299465,-3.810130998,4.74622223,0.495102707,-1.130514065,3.665076925,0.188574091,-5.782284695,3.927185716,0.541959934,-1.367324012,3.665984392,0.199879219,-2.561749004,4.757889529,0.557354621,-1.231213921,2.919717508,0.213095927
407,M,2,-3.865932959,2.276600473,1.071498484,-29.16998339,11.93687408,10.35720201,-7.786574429,137.9616801,12.88586196,-36.05755384,25.82255466,10.25325238,-22.86546143,33.37473543,10.4511407,-28.09658227,22.2565675,10.3051448,-17.25726649,31.27267569,10.21271236,-15.76567776,28.53885059,10.44570425,-11.33143187,33.62577357,9.495798218,-7.387336445,6.542537553,1.19214173,-4.593724142,4.109851467,0.641076519,-8.624173444,7.33786505,1.415554483,-3.154363018,4.387173829,0.614899486,-38.84239963,36.43193103,3.263140512,-20.19648939,13.99686,1.808197355,-13.09907309,10.70499845,2.248417991,-8.022705084,6.685277795,1.322378615,-11.56435724,11.45496627,1.910536255,-5.783004439,6.055023935,1.056125975,-13.17737067,13.55007079,2.050086126,-7.247139954,8.721938002,1.222999692,-4.111020685,5.063225047,0.655238324,-1.278474561,2.054321802,0.191776897,-4.516728543,4.966407847,0.652881253,-1.283822499,2.862229687,0.212931028,-3.602191503,5.657896506,0.650286561,-1.543085545,1.823654967,0.213659771
408,H,0,-2.876047807,2.430110467,0.817286987,-36.82196586,15.74812821,11.46885934,-4.932561074,55.34985355,10.68162304,-37.71069495,34.97174993,11.31930481,-24.89504855,34.9231209,11.21155815,-32.53809209,28.62766252,11.21209099,-15.15182647,40.60596305,10.78290046,-13.81091402,31.55963601,10.29967804,-12.18467097,52.63890574,11.18062544,-5.599383335,6.489149336,1.030410749,-3.490654242,4.03063438,0.560288202,-11.22687044,10.11852639,1.600222209,-5.0845504,6.883867702,0.734705459,-13.06491637,12.50415002,1.423414824,-5.458828483,5.793490801,0.648808568,-14.58220986,11.07293103,2.460194708,-7.075861698,7.982944601,1.468186955,-12.29533624,14.10199967,2.165325637,-8.246328197,7.813328824,1.213080609,-16.79983828,12.72200492,2.283926261,-9.508468907,7.204043783,1.335030855,-3.440280266,4.357648698,0.673862341,-0.733328342,1.626230983,0.139985921,-4.131579486,3.351086852,0.588305234,-0.775273012,2.80662123,0.162575943,-3.175477231,4.988791702,0.760090809,-0.866940571,2.332177575,0.174641786
408,H,1,-2.240910773,2.430110467,0.699804965,-35.37016728,16.28097053,11.26842604,-4.792748497,71.63217654,12.44850542,-34.98581539,34.97174993,10.61627588,-24.6024602,35.94519015,11.02016383,-33.51686685,28.26493594,10.92746068,-15.15182647,40.60596305,10.89698293,-13.81091402,29.63512488,10.23565283,-12.18467097,42.93304489,10.53809623,-4.823135299,5.413196014,0.966166604,-2.592445122,2.470763422,0.533332186,-11.22687044,9.309029176,1.61763928,-3.952879243,5.290178002,0.733338912,-15.69542617,12.50415002,1.670776548,-5.458828483,6.684246443,0.73572994,-14.58220986,11.07293103,2.562414315,-7.075861698,7.982944601,1.537351624,-12.84177817,11.05437095,2.090697086,-7.521660214,6.515210616,1.191821829,-14.62000406,13.29054268,2.257834595,-7.504538046,7.998756786,1.329995677,-3.874454679,4.357648698,0.723266801,-1.022355715,1.626230983,0.152300127,-3.011804427,4.497470057,0.680635891,-0.935098748,2.480117278,0.175753312,-4.26006648,4.988791702,0.765919919,-1.133183322,3.610108026,0.201634346
408,H,2,-2.550247784,9.476237248,1.13944793,-35.25820249,16.28097053,11.6281734,-4.868095151,74.6541288,12.27447758,-39.65844782,36.62039525,11.52230243,-24.6024602,35.94519015,11.75260118,-33.51686685,28.61729274,11.74917483,-14.97268047,46.53928141,12.29234388,-13.80952746,46.12689953,12.67134958,-12.14980177,44.64288545,11.94553407,-7.208965241,6.566152374,1.147416099,-2.646791424,2.470763422,0.577367271,-11.97563276,9.309029176,1.774115376,-4.764161531,5.345386989,0.799267396,-15.69542617,13.65757401,1.651179441,-7.404726908,6.684246443,0.726540477,-13.04132783,10.94165918,2.645695334,-6.122714274,6.598294334,1.520881058,-12.84177817,11.73226386,2.287138451,-7.521660214,6.914923173,1.291702554,-14.62000406,13.29054268,2.35049307,-7.504538046,7.998756786,1.404685235,-4.227439665,4.445083656,0.78752731,-1.022355715,2.127821751,0.170228893,-3.832089275,4.730056381,0.802772648,-0.984555463,2.554962814,0.198829392,-4.26006648,4.93070236,0.820791961,-1.133183322,3.610108026,0.222142962
408,L,0,-4.29521101,3.141927078,0.979287186,-54.55816032,15.56929965,11.75441086,-4.595838003,81.75825166,15.9713114,-37.13932126,27.16364048,11.84526885,-23.14421094,41.12653695,11.10277131,-41.26672743,27.70315957,12.41291172,-13.47476558,64.26429292,11.94582859,-14.20218089,56.87187248,13.40298797,-10.66550381,60.04396306,11.28636939,-15.6855319,15.32813155,2.185406893,-8.6314906,9.605012713,1.259101087,-15.19254913,12.45635235,1.8814308,-6.540084294,8.19460823,0.877502834,-17.92243109,15.11859817,1.995200217,-9.772860303,7.449593842,0.891542879,-10.80692196,8.978441306,2.246109182,-5.523725506,5.797157032,1.309381337,-15.97710797,15.65165889,2.547111547,-8.49245887,9.137065887,1.422905116,-15.83584289,15.32253131,2.509177887,-11.28784866,6.858614313,1.478773967,-3.838943727,6.095296547,0.583018739,-1.038009589,1.319634581,0.135512212,-4.199105201,4.703218562,0.603683147,-1.075068125,3.140330837,0.183741478,-3.501994212,5.990820493,0.595489408,-1.117242206,1.79378741,0.157487259
408,L,1,-3.832611786,2.987079621,0.841745714,-54.55816032,14.92088724,9.591593689,-4.452042157,79.60566719,11.91495929,-28.29969186,34.71947836,11.57706875,-26.61410518,42.80307671,11.0036336,-33.87556754,27.70315957,11.38678669,-13.47476558,54.53563336,8.855709037,-14.15118687,45.49375158,9.399159663,-10.66550381,53.47270739,8.822880376,-10.36387469,15.32813155,2.008131647,-8.6314906,8.207670899,1.162616591,-14.55191364,11.57466075,1.594197976,-6.540084294,6.647339753,0.743534682,-15.92375473,14.20650619,1.430735583,-9.772860303,7.449593842,0.693935859,-11.6007603,9.094463466,2.275562309,-6.786782496,5.098864159,1.311713671,-17.60362525,18.87029121,2.475022714,-12.8164147,9.137065887,1.390905879,-16.87209103,16.02526253,2.500394022,-11.28784866,8.057731488,1.481386961,-5.330612434,6.548577456,0.547237896,-1.349660952,2.851951725,0.151554814,-5.946231022,8.034632122,0.615476272,-1.699777634,5.566785987,0.229723179,-4.94489772,5.765618952,0.552832292,-1.266564386,3.336735124,0.163461052
408,L,2,-3.832611786,3.793568619,1.033735178,-49.39006038,14.97034735,11.3048798,-4.417951714,31.38631047,5.984775126,-26.78178708,34.71947836,11.72183342,-26.61410518,51.45548497,12.00859841,-34.10511006,27.24782903,10.90371936,-13.71273136,55.26776644,10.66721146,-13.93465669,45.49375158,9.815192038,-10.19120663,57.70876707,11.18111309,-10.36387469,14.56599258,1.964685269,-7.204076941,6.045162892,1.121167516,-12.34693914,13.71688059,1.591904765,-5.138199424,6.276700084,0.716472317,-3.634221398,3.00931337,0.61187718,-1.774373089,2.067860499,0.397317336,-11.6007603,9.094463466,2.333307007,-6.786782496,5.098864159,1.373131563,-17.60362525,18.87029121,2.41421789,-12.8164147,7.961078633,1.372392381,-16.87209103,16.02526253,2.407873155,-8.953221247,8.057731488,1.438205995,-5.330612434,6.548577456,0.757730713,-1.349660952,5.019283974,0.202246882,-5.946231022,8.034632122,0.777540352,-1.699777634,5.566785987,0.270144983,-4.94489772,5.765618952,0.752498622,-1.31890615,4.289677784,0.204341252
408,M,0,-3.917681474,1.18793323,0.98836655,-44.09211859,16.66171577,11.38660849,-4.426646474,80.84254385,10.81590216,-43.46807926,33.99518108,11.07366768,-29.62217372,35.22988061,11.3268434,-37.5835331,32.79932211,11.5795302,-14.61566807,53.76998647,12.45167999,-12.35313314,49.48298498,11.42021944,-10.68860987,69.84704514,13.03436319,-7.479337154,6.133721192,0.92946522,-3.962331229,3.842915302,0.513497683,-12.99539129,10.16574215,1.762447151,-5.93919988,6.331118623,0.815618654,-14.22933278,14.94590182,1.328407203,-5.314837991,6.075638068,0.600379348,-11.10910152,11.34862457,2.529589178,-6.415029388,7.647925275,1.450693688,-14.21891713,13.14060551,2.242641749,-6.240732952,7.019741355,1.244351638,-16.33705406,13.56407921,2.514101061,-8.448497498,6.911286291,1.459687156,-2.732772419,5.867878378,0.583411232,-0.970632801,1.787079062,0.135063311,-2.602756822,2.967760705,0.452721915,-0.550664701,1.941638203,0.130660299,-2.720150764,7.394383383,0.725055254,-1.231268668,2.091392761,0.177971131
408,M,1,-4.099555632,2.622679829,1.057593062,-44.48986486,15.78621664,11.35787469,-4.426646474,60.74339746,9.747148211,-39.59828363,34.1739405,10.89553439,-25.31344548,38.52203722,11.2151513,-38.41142785,29.7559929,11.03682753,-14.4768591,35.27628218,10.34911055,-12.28498962,44.72274915,11.44747247,-10.55293081,46.98719661,9.611029435,-5.312501657,5.37006647,0.802474355,-2.081538458,2.923173362,0.437784437,-12.6087771,11.18044802,1.819437064,-5.323399312,7.94869718,0.830556076,-12.23867847,10.4534504,0.984634036,-4.073967861,4.693681328,0.441158236,-11.10910152,11.34862457,2.553158246,-5.719475306,7.647925275,1.468127595,-15.05044406,18.36691074,2.343362256,-9.530833465,7.336205059,1.327990895,-16.13965237,16.14481053,2.534095479,-8.731732731,9.81073644,1.482386891,-3.283619824,5.459145473,0.629976219,-1.253683109,2.276724659,0.15497912,-3.178126585,3.488803163,0.541789719,-0.771128808,2.888799977,0.163521007,-3.790627883,6.466436805,0.753762316,-1.546261745,2.628386396,0.194173247
408,M,2,-4.099555632,3.072426282,1.035839181,-45.71406589,16.08800418,11.88770261,-4.390584458,62.22789839,12.42844999,-35.46706398,38.73131307,12.15499561,-24.56890303,38.52203722,11.82464545,-38.6771874,33.03867931,11.65862754,-14.4768591,41.21074852,10.54532371,-12.49594577,44.72274915,11.71668605,-10.77891397,46.99382148,9.928555123,-5.312501657,5.37006647,0.833398697,-2.384931285,2.923173362,0.459935856,-13.36499453,12.03860074,1.953758931,-6.178126166,7.94869718,0.910405856,-14.09010192,11.50159451,1.402771075,-4.237603255,4.802713492,0.602994982,-10.25581879,9.67981933,2.498275678,-5.03649539,5.534478533,1.445447194,-15.05044406,18.36691074,2.308910228,-9.530833465,7.336205059,1.313517953,-16.13965237,16.14481053,2.501303196,-8.731732731,9.81073644,1.446872379,-3.283619824,5.459145473,0.666733053,-1.253683109,2.276724659,0.164763525,-3.307282345,3.488803163,0.594232532,-0.854853364,2.888799977,0.172277634,-4.506995562,6.430453216,0.815828898,-1.546261745,3.972652477,0.230923299
409,H,0,-2.291198437,2.419115,1.012675642,-40.71476132,13.08032019,11.692027,-10.97229545,63.81270663,13.26962053,-43.43349547,24.53683565,11.92936998,-23.16806012,33.89743231,12.44451392,-42.30097145,31.35912208,12.03090231,-19.68146799,36.44297511,11.16571105,-16.95669433,34.59526735,11.10560442,-13.95456609,34.60477234,12.42606807,-9.897892034,9.566658611,1.714870046,-4.732673906,6.502509255,0.978543389,-12.79362364,10.238813,1.441941025,-5.491101414,4.986269548,0.622708753,-18.22938344,9.74343087,1.554558628,-7.225303441,6.388735005,0.711486782,-15.23713716,9.758510921,2.485041198,-6.426112118,7.206569365,1.471863406,-13.59517842,13.65644219,2.224836703,-6.430499278,7.744749798,1.273884435,-11.87144069,12.85617374,2.270200314,-7.360833805,6.576714988,1.332052628,-3.798919392,4.546563074,0.691834923,-1.271430741,1.479178259,0.181307148,-3.669124942,3.759250549,0.629293381,-0.709121701,1.640520059,0.151009815,-4.730235906,6.919343035,0.79249312,-1.688284519,3.468429089,0.240552574
409,H,1,-2.203725884,2.138211419,0.999258817,-39.62164936,13.08032019,14.15182248,-10.94980624,63.81270663,11.55513142,-43.43349547,29.41279599,11.83818497,-22.41292992,37.93708862,11.94372834,-42.30097145,31.35912208,11.70445489,-20.0085779,36.44297511,11.23724023,-17.14453761,34.59526735,10.79147863,-14.41365325,34.60477234,12.26950221,-9.897892034,9.566658611,1.78889341,-4.732673906,6.502509255,1.028292972,-11.81094349,10.238813,1.692634015,-4.030519433,4.915106703,0.701503443,-18.22938344,9.317238204,1.445219546,-7.225303441,6.388735005,0.702516764,-15.23713716,10.98849768,2.569698615,-7.674886267,7.206569365,1.491456247,-13.59517842,13.65644219,2.326298703,-6.430499278,7.744749798,1.308424462,-13.77264669,12.85617374,2.267181581,-7.360833805,7.338974499,1.308007633,-3.798919392,6.090538273,0.78694805,-1.498469385,3.438458074,0.206687252,-3.93695004,4.503075132,0.781524997,-1.094678926,3.58045524,0.218071973,-3.854775285,5.236521349,0.787489553,-1.257632782,3.154498652,0.214871653
409,H,2,-2.43989461,2.138211419,1.000650822,-39.62164936,13.05354506,12.42769889,-10.99534222,47.10888053,10.82793436,-38.07390511,35.4275169,11.93343115,-24.69875854,37.93708862,11.76547689,-41.88237805,32.75726955,12.27314957,-21.03692802,52.5422727,12.99741972,-17.14453761,39.16634232,13.06327208,-14.41365325,49.11373463,11.75269479,-8.421871967,7.635313857,1.711593376,-4.574543407,5.80544385,0.979682809,-11.05426046,9.34082171,1.510042939,-4.073276814,4.915106703,0.627748606,-9.46786041,14.02446246,1.375675486,-5.559517999,5.390017104,0.705981781,-13.00880175,11.01433659,2.504750938,-7.674886267,5.878384114,1.463096469,-13.6010616,15.38799828,2.183590695,-9.578467457,6.883521661,1.202668214,-13.77264669,11.12469477,2.178798812,-7.230278874,7.338974499,1.250386312,-3.597959706,6.090538273,0.772186719,-1.498469385,3.438458074,0.201945276,-3.93695004,4.503075132,0.72678581,-1.165417288,3.58045524,0.208841448,-3.850520982,7.93989073,0.785096108,-1.667188491,3.654028394,0.225968571
409,L,0,-3.939402043,3.414861534,1.014877027,-38.39111082,11.30724738,10.85931398,-5.386214157,81.7978776,16.73319869,-36.20506318,34.92262831,11.67934672,-24.45358748,36.68516222,11.40049524,-41.39282263,29.55871542,10.72494568,-16.43353387,38.82258385,13.43679179,-14.90243075,53.81373717,13.63831319,-12.73919953,42.34157423,13.22071085,-9.16177462,10.92445408,1.77408932,-6.454993166,5.605751126,1.026080836,-10.7610628,8.214572598,1.275526909,-3.48449986,3.904200797,0.535038129,-16.10362148,18.95852011,1.989484911,-8.056817194,7.413786766,0.978972306,-13.82335128,14.90807954,2.464891955,-9.088409736,6.258355773,1.413179857,-10.02589627,13.5418209,1.946553562,-6.295589418,6.014912019,1.072883089,-16.24001003,11.6386023,2.115807348,-8.332742744,7.187537233,1.25751038,-5.072577707,6.279135993,0.788940333,-1.369262264,2.299055419,0.200882011,-4.605784105,4.605784753,0.725529343,-1.039606431,2.904022865,0.197090283,-5.681464565,8.379078704,0.899374068,-1.552962463,4.751099294,0.261896334
409,L,1,-2.831187731,3.414861534,0.96922715,-36.07434528,10.69575352,10.56341006,-5.309083657,81.7978776,16.63961512,-40.70869941,29.42971685,10.33604253,-24.45358748,35.57992362,11.71757226,-41.39282263,29.55871542,11.59442237,-16.22030761,60.47628447,14.02901056,-14.53063351,53.81373717,14.21742345,-12.73919953,65.4453495,12.86763438,-9.16177462,8.810979073,1.729429834,-5.328979182,5.4178176,0.997855877,-10.04814469,8.61652852,1.203875863,-3.188279086,5.195995455,0.509870839,-16.10362148,18.95852011,1.963682477,-8.056817194,7.413786766,0.962833448,-16.65346335,10.77145895,2.288601311,-6.436962353,8.170388595,1.322530941,-10.02589627,11.23746489,1.888064379,-5.239235566,5.014000485,1.043261702,-10.2049232,10.09587566,2.045035238,-4.487947281,5.952766937,1.182563254,-3.502276888,6.228944716,0.699381662,-1.369262264,2.461852503,0.173624766,-4.605784105,4.819222607,0.685409324,-1.25008421,2.904022865,0.186347931,-4.244894113,6.840633169,0.73079552,-1.390751321,3.129282499,0.204673632
409,L,2,-2.831187731,2.965211188,0.955638254,-36.80110842,11.88618129,12.92463712,-5.309083657,1.858048015,4.200340331,-40.70869941,26.73779072,12.37793174,-19.50159583,35.97924625,12.3385453,-43.86820546,28.57134902,13.02655416,-16.22030761,60.47628447,10.61785006,-14.66015843,34.25631018,10.30828191,-12.46762484,65.4453495,11.02017805,-10.43688488,8.810979073,1.742930249,-5.011190056,5.344920645,1.008877328,-10.3535813,9.850670388,1.431004937,-3.515339071,5.846126757,0.595016255,-2.491856169,2.404771304,0.624539727,-1.707951014,1.416054181,0.428517657,-16.65346335,10.77145895,2.331308032,-6.476809528,8.170388595,1.353039868,-11.21334752,11.68168878,1.957802119,-5.476395564,5.830454776,1.062738824,-14.9092628,15.23815467,2.238248925,-6.032037592,6.689450256,1.275837246,-3.909053561,4.242915648,0.677342438,-1.073139988,2.461852503,0.179617896,-4.67323096,4.819222607,0.700810726,-1.27568863,3.655247314,0.242318199,-4.060687336,5.485745799,0.776335258,-1.165973687,3.129282499,0.224402533
409,M,0,-2.357461323,2.571763927,0.963617962,-37.54675079,12.82145295,12.47717396,-3.939076368,4.703302259,3.159797679,-27.99129706,26.18735994,10.47500159,-25.27795545,39.01803609,12.59468452,-40.07528105,28.98915692,11.59950589,-19.30733572,32.75911388,9.709426293,-17.84615469,19.62979264,9.065677536,-13.36533968,49.18329302,12.0405519,-9.133948109,9.156987658,1.591835727,-5.601115956,4.321012935,0.910346338,-10.55207057,8.69400392,1.299776753,-3.67123668,5.64762511,0.535652018,-2.696158294,2.733396667,0.664272974,-1.996513495,1.824913504,0.449069798,-7.285449869,7.094004484,1.71932637,-3.983526851,4.10610328,1.039087099,-13.9935699,13.30649049,2.040337856,-7.225665971,7.208701865,1.139382991,-10.92766144,11.70945311,2.097098071,-5.626699543,6.83662902,1.245629807,-2.921051067,5.291405095,0.565567704,-1.000163857,1.965707523,0.153525827,-3.444908548,3.663118794,0.487614505,-0.959975858,2.451165601,0.15030646,-3.004048875,6.478143747,0.689600813,-1.409912609,2.214995369,0.193706736
409,M,1,-2.357461323,2.579851406,0.975580596,-37.54675079,12.34644233,11.85599885,-3.939076368,99.77820205,16.83555871,-31.94871518,26.18735994,11.93332131,-23.97968739,39.01803609,11.93595708,-39.58683743,34.05636293,12.38203983,-19.10687497,47.16402962,13.55122661,-17.84615469,55.29776691,14.0597593,-13.14043333,40.43289243,12.70344964,-9.133948109,9.156987658,1.668682014,-5.601115956,4.321012935,0.932182166,-10.55207057,8.69400392,1.35981511,-3.470741879,5.64762511,0.561178177,-24.37321294,20.58165149,2.305020225,-10.89963164,12.58636421,1.101427253,-8.218093492,7.657947085,1.877099999,-5.508131198,4.331806798,1.115962697,-9.597279374,11.84445156,1.960291499,-4.763651712,5.804851903,1.060598277,-10.88153701,11.70945311,2.173078125,-5.593230842,7.03487795,1.283118855,-2.921051067,5.202280043,0.654934397,-0.770936192,1.789200168,0.155624295,-3.444908548,4.243639537,0.668547223,-0.959975858,2.451165601,0.17130614,-3.004048875,6.478143747,0.688463354,-1.409912609,2.214995369,0.188928404
409,M,2,-3.40463213,2.579851406,1.072251139,-36.53806746,12.34644233,11.35586288,-3.93042229,99.77820205,16.82835818,-36.4937875,24.00580937,13.08391121,-23.97968739,37.29067668,11.36549005,-38.25735359,34.05636293,12.2872399,-19.11204181,47.16402962,14.04045064,-18.05797763,55.29776691,14.60686039,-12.53691328,49.80070108,12.19772906,-8.65502728,7.941785267,1.600779146,-5.913829672,4.565002702,0.919229795,-11.2270862,10.09172059,1.251143739,-4.210801805,4.496567232,0.538994252,-24.37321294,20.58165149,2.299463551,-10.89963164,12.58636421,1.097929115,-8.218093492,7.985507788,1.919811439,-5.508131198,4.331806798,1.127835403,-10.25800998,11.3135095,1.808510414,-5.561503241,5.733575611,0.982042283,-13.4225788,14.93888123,2.105992712,-6.92180664,7.03487795,1.247429992,-2.704253314,4.57144478,0.634906232,-0.96564299,1.72078227,0.152129476,-3.18133741,4.243639537,0.610603519,-0.698084158,2.114497004,0.139449294,-4.505024134,6.342659893,0.724563822,-1.442973848,3.473967835,0.218822835
410,H,0,-9.706625981,2.036238807,1.190237093,-34.95778553,25.07924284,12.15640038,-11.88809898,95.22389881,10.5828817,-145.5514692,50.98105276,12.08515415,-103.4038728,44.13626504,11.57122425,-27.82439537,169.6954682,11.73823891,-12.71728641,52.51772055,13.1563837,-11.24051576,49.91811636,13.1029646,-11.13399677,55.30999362,12.91301074,-36.39863803,32.93749593,2.985905874,-12.15773633,22.38445712,1.742887352,-16.3351816,16.09768628,1.778426968,-11.75265408,7.713352383,0.913741737,-27.77375809,30.38326035,3.570791747,-21.31165097,12.32399906,2.307374318,-61.90158336,55.04667776,3.988002572,-34.1214192,43.26293907,2.594322489,-47.36684567,49.46473825,3.157442429,-24.9903718,34.26091874,2.039411584,-72.05462472,73.20207414,3.905186442,-52.33480252,38.74903634,2.620848677,-3.564403533,3.745188735,0.698806643,-0.744184599,2.318472489,0.15603861,-4.276444986,4.781311403,0.877274255,-0.886970785,3.298101774,0.204823313,-3.011080192,3.623660103,0.64525795,-0.881487509,2.819819402,0.179947691
410,H,1,-9.706625981,1.497326506,1.130980646,-35.46774578,25.07924284,9.222614991,-12.18954355,57.95929481,9.191840928,-145.5514692,50.98105276,11.43978112,-103.4038728,44.13626504,10.63510036,-27.82439537,169.6954682,10.79335347,-12.71728641,52.51772055,10.63341755,-10.33282922,42.74308216,10.05374733,-11.13399677,55.30999362,10.45308916,-36.39863803,32.93749593,2.781580935,-12.15773633,22.38445712,1.604288381,-16.3351816,16.09768628,1.594880818,-11.75265408,7.713352383,0.828594704,-18.13873326,15.50579407,3.182731942,-12.28801051,9.01235441,2.115108359,-61.90158336,55.04667776,3.396823144,-34.1214192,43.26293907,2.195832447,-47.36684567,49.46473825,2.7419097,-24.9903718,34.26091874,1.746234209,-72.05462472,73.20207414,3.311864869,-52.33480252,38.74903634,2.204343048,-3.430242394,3.472737174,0.543199384,-0.744184599,1.729719609,0.113533771,-3.74502756,4.377462186,0.675471332,-0.844897503,2.277149242,0.162297692,-2.809380549,3.569313579,0.501702809,-0.814118554,2.463499775,0.125849851
410,H,2,-10.66235533,1.291619069,0.73692398,-37.35244157,12.58871671,9.62440733,-12.18954355,115.4241531,10.56231675,-105.0170513,28.0152438,9.358747155,-67.79612511,51.88817076,9.80798165,-29.74707501,109.387318,9.885930759,-12.87957809,41.76320242,8.709046105,-10.52672069,37.84279481,8.704910078,-10.85849504,38.80759214,8.694837018,-35.92834104,32.83543819,1.483112813,-12.33127827,18.78967897,0.761169999,-17.16828395,15.47297657,1.527656061,-11.66577874,11.05699485,0.883424867,-22.24164038,28.02554921,3.438086045,-14.6013571,9.627139386,2.201082797,-18.16764378,42.79570014,2.062204138,-22.4649682,20.25519182,1.264570611,-23.17325359,29.46651258,2.045851582,-15.77251518,13.28806981,1.124236981,-46.80735506,26.73433595,2.110811319,-22.57937351,24.91973429,1.305239804,-3.154023457,5.458454389,0.580457571,-1.139696384,2.854866872,0.152624178,-3.492909417,6.279980832,0.67906533,-0.965675234,4.260042651,0.209581405,-2.92331641,4.387930528,0.540832965,-1.117441207,2.643926251,0.149621638
410,L,0,-8.020808942,5.050105414,1.155222389,-42.73275446,24.90551221,11.29637403,-13.36845882,139.8604213,13.24248776,-113.7549402,102.1625589,11.88415691,-73.92200217,83.1083834,10.52866145,-40.17412431,150.6040013,11.23441552,-10.16945223,85.89034142,15.0006208,-8.945913072,83.04860357,14.72262904,-10.32441477,86.53131214,14.46926901,-29.15647045,21.57004634,1.593752125,-16.08407088,20.80062355,0.984913579,-22.06593746,16.23508448,1.782309025,-13.0049583,9.456092512,0.982202031,-34.60079765,39.96558328,3.830594757,-18.61099522,17.37958038,2.265130548,-42.58981703,41.80879194,3.425165321,-22.94541941,30.51386845,2.131423981,-31.20681865,27.86284282,2.766534273,-16.04450747,21.11866149,1.671587916,-50.47177672,54.56008927,3.4627454,-37.52931216,27.66438923,2.284273938,-4.145353269,4.114892813,0.564733539,-0.969448869,3.1751962,0.14537823,-7.830174926,4.446758468,0.75754493,-1.90650913,4.481036225,0.215992015,-3.600286301,7.170282022,0.602001407,-1.236599295,1.739796634,0.164279635
410,L,1,-9.605568917,1.658550201,0.896069339,-39.93450398,24.14092472,9.952435596,-12.13928301,139.8604213,13.05858695,-83.08023692,27.90914652,9.377175397,-30.309674,51.6741433,10.4520634,-41.27861062,61.48159227,10.37585868,-9.997586785,46.25853762,7.988462182,-8.504864736,34.46540661,6.933302009,-9.185701499,50.57752304,9.006974111,-39.19492179,32.89814326,1.946875546,-16.08407088,28.01744666,1.272372819,-12.20430752,22.39414396,1.696282754,-12.03244184,9.023864846,0.930651911,-34.60079765,39.96558328,3.706235729,-18.61099522,17.37958038,2.178185353,-39.72067545,35.0475239,2.600289814,-19.38332853,30.31965497,1.63430124,-23.81838316,27.86284282,2.446940243,-15.14816298,20.46114816,1.474426236,-35.32500157,40.05192234,2.570038199,-31.45869228,18.43878672,1.616520228,-2.155065447,4.114892813,0.487644099,-0.839188559,1.647289923,0.118647057,-2.53289064,4.446758468,0.496542124,-0.703036712,2.807675651,0.151054758,-2.52224535,4.981407437,0.547295121,-0.959285652,1.761744826,0.14482369
410,L,2,-9.605568917,1.681568141,0.812564068,-41.21829957,24.14092472,10.67245175,-12.13928301,15.24770496,7.288624856,-58.93048368,27.90914652,9.224693993,-26.78699056,34.27917318,10.56685324,-41.27861062,29.55791021,10.33083092,-9.882543134,26.07855697,5.892647621,-8.578745013,21.20325783,6.102908748,-9.042564716,31.27437399,6.955011944,-39.19492179,32.89814326,1.575715532,-15.17415128,28.01744666,0.996102042,-12.20430752,22.39414396,1.619526175,-12.03244184,9.023864846,0.8208384,-9.061134043,8.50029006,2.562823006,-5.810791143,5.747197092,1.693038556,-26.02451808,22.85255446,2.255876931,-11.08314543,19.3615445,1.310157277,-13.36784268,10.44888472,2.30781942,-6.22093132,7.711800526,1.342898991,-16.16884415,21.52609423,2.336016385,-14.1649222,8.957330491,1.37582534,-2.155065447,3.998960172,0.449302132,-0.744533093,2.138305313,0.126125313,-2.53289064,3.046277232,0.454208221,-0.578837764,1.90629922,0.149798708,-2.52224535,4.981407437,0.52984952,-0.942878434,2.718514555,0.155706722
410,M,0,-9.648922237,3.189013487,1.138811288,-40.3269082,29.70515177,14.0264811,-13.28684931,124.1412185,12.74696092,-129.0389045,38.39622597,10.13864181,-50.29030157,42.57549614,11.65076028,-36.74212263,114.0656726,10.83535456,-12.64078853,45.04741327,12.55346135,-11.34444942,60.75134017,12.9345703,-11.09675132,46.25816297,12.46185713,-44.34134137,42.28780289,2.217367031,-18.29574901,32.89740731,1.432081913,-12.89342056,20.39935645,1.868057934,-10.93883244,7.413602889,0.887529528,-44.14123808,43.72382402,4.168903848,-30.80831158,19.52425072,2.593703924,-34.16410904,60.71595827,3.093008304,-33.65052481,28.24503768,1.912209292,-17.7163114,34.25277501,2.117799659,-18.35258448,16.77838386,1.215515935,-56.40246982,26.62076551,2.596956956,-29.93476983,28.67571837,1.58294496,-4.647871623,4.634756382,0.654535097,-0.922361814,1.426126619,0.149761094,-3.752980176,5.754004108,0.739573264,-1.342048811,2.987332437,0.208092356,-5.228288335,5.159004259,0.647163399,-1.066552757,1.814690092,0.155547535
410,M,1,-9.648922237,2.034350758,0.908056494,-36.98599381,38.16984133,9.149000539,-13.17920522,124.1412185,12.35554753,-129.0389045,38.39622597,10.56496066,-50.29030157,42.57549614,9.689961787,-36.74212263,114.0656726,10.35223357,-12.64078853,43.43306615,9.474901814,-11.34444942,34.86230865,8.416479606,-11.23405283,46.25816297,9.739635778,-44.34134137,42.28780289,2.229320195,-18.29574901,32.89740731,1.469235702,-13.01298147,24.06469845,1.66190862,-14.06381862,9.600191967,0.867342834,-44.14123808,43.72382402,4.380775129,-30.80831158,19.52425072,2.740154354,-36.5542267,60.71595827,3.23227527,-33.65052481,28.24503768,2.013361483,-17.7163114,34.25277501,2.132375684,-18.35258448,16.77838386,1.24777398,-56.40246982,29.28226367,2.738698131,-29.93476983,28.67571837,1.677062084,-4.647871623,4.634756382,0.574418181,-0.948483418,2.079347841,0.139230477,-2.634160361,4.512034672,0.494957843,-0.716541658,2.002479107,0.134734459,-5.228288335,5.159004259,0.589219547,-1.066552757,2.475270055,0.148107746
410,M,2,-10.05133168,2.171094082,0.815402105,-36.82895988,38.16984133,6.883003661,-13.57123121,16.9155364,7.854834302,-87.60221843,33.20693235,10.26274787,-19.23463766,38.4300707,9.911738194,-34.80443635,51.69756266,10.20642902,-12.75623614,22.68542898,6.275366464,-11.25270794,27.76821102,7.224626598,-11.23405283,19.2947235,5.733698912,-47.18497359,40.8794034,1.853374753,-19.36323607,34.71742376,1.225248933,-13.01298147,24.06469845,1.229693785,-14.06381862,9.600191967,0.652558743,-9.502544792,9.694151197,3.334505462,-6.725139511,6.685466731,2.197579768,-36.5542267,26.18001559,2.436307024,-14.55872069,23.965742,1.422208193,-14.9016794,10.22436807,1.585671882,-6.887844459,8.513134232,0.899523373,-19.36005265,29.28226367,1.913753476,-18.40129257,10.85371395,1.140548299,-2.67953616,4.550358316,0.439232012,-0.948483418,2.432615777,0.140472903,-2.932150164,4.512034672,0.453335187,-0.964471664,2.066965601,0.140310739,-3.313657418,4.529240955,0.436839585,-1.045193113,2.475270055,0.147023285
411,H,0,-2.183602835,4.696648122,0.853054135,-36.8453344,10.68121308,10.23134215,-5.130180872,81.1075787,8.749774769,-26.27849098,22.86840341,10.63863695,-18.57648064,39.04056629,9.440384175,-47.6844351,27.39121011,10.7674628,-14.38485322,38.82098869,8.799290874,-12.91995497,30.78469079,8.284153155,-13.32381245,37.39725282,9.113194751,-8.667108657,14.08581896,1.590400952,-7.294921315,4.432101469,0.840518463,-9.949891754,7.127090856,1.020773218,-3.549496139,4.408228408,0.443876277,-17.5348532,16.21413085,1.714123598,-6.223876114,7.071988105,0.85533826,-11.14096233,8.72233457,1.994382239,-4.877787448,4.658860168,1.077512806,-10.66008123,12.83125889,1.673580365,-5.451319614,4.863461745,0.916576615,-12.09093361,11.41084659,2.52742971,-7.227522986,7.854539576,1.529530904,-4.856075433,5.104611974,0.673612236,-1.173003335,4.369883814,0.182426337,-3.551207858,4.599103966,0.589414484,-0.770592968,3.424686028,0.189787434,-5.431044356,5.416525018,0.729568641,-1.239957957,4.398543882,0.216655015
411,H,1,-1.632170864,4.906427122,0.923889962,-36.8453344,10.68121308,11.21773021,-5.098751268,81.1075787,11.94279243,-27.32634233,25.44944175,10.97177224,-17.92740138,36.95506416,10.64564052,-47.6844351,27.39121011,10.87280726,-15.32657878,36.72299432,9.928415385,-12.08748717,36.29225016,8.038245569,-13.17580862,37.22423297,10.57360767,-14.47491965,17.94323201,1.782659866,-11.20583762,6.832207023,0.93088973,-10.49397057,7.233496163,1.134861011,-3.549496139,4.408228408,0.478656106,-17.5348532,16.21413085,2.118482683,-6.656216825,7.106373928,0.972128755,-12.20910708,9.008810245,1.982830385,-6.059214889,6.117671588,1.115977118,-11.00516502,12.83125889,1.761252694,-5.451319614,5.529503513,0.961028286,-14.27642658,11.41084659,2.643787778,-8.435263454,9.462366691,1.645059819,-4.856075433,6.014062179,0.727549032,-1.173003335,4.369883814,0.218436502,-3.2377165,5.856896574,0.655203421,-1.015197,3.804048815,0.213385646,-5.431044356,5.115065548,0.734540123,-1.239957957,4.398543882,0.231043847
411,H,2,-3.375515358,4.906427122,1.081868491,-36.71760283,10.11987765,11.25149772,-5.320475855,102.6898682,10.82109991,-27.32634233,26.72632911,10.69762916,-22.55109881,39.4106428,11.95356312,-40.08280175,28.45848821,10.53997566,-15.32657878,35.89357437,11.82569239,-12.08748717,54.74648647,11.45022099,-13.17580862,35.94222937,11.97281614,-14.47491965,17.94323201,1.953649315,-11.20583762,6.832207023,1.006423688,-10.49397057,7.233496163,1.140165157,-3.496473357,4.20433837,0.481270585,-19.05854792,16.07149804,1.810669888,-7.225966353,7.178165562,0.853704461,-12.20910708,10.54008763,1.925224006,-6.059214889,6.117671588,1.114545491,-11.00516502,11.85393013,1.796577562,-5.490689822,5.837792707,0.984165865,-18.92300914,14.62270329,2.804915584,-11.98244142,10.31203791,1.756312445,-3.414388448,6.825550972,0.786726005,-1.199506517,4.471859509,0.248671724,-2.875701405,5.856896574,0.669232415,-1.067676146,3.804048815,0.202017269,-5.221693485,7.272116201,0.809714878,-1.320605802,4.817590354,0.271487323
411,L,0,-4.095842657,5.870348829,1.101488902,-50.11690469,13.96529801,10.66905381,-5.277798158,82.10728036,11.21010187,-26.29550549,25.37458881,9.916397189,-23.30462819,52.84227339,9.684106601,-39.24155383,30.75497374,10.6528751,-10.60387454,53.49680621,11.01087791,-10.05695409,51.84935076,10.69584845,-9.408261895,54.39179408,11.10033372,-10.01155948,16.86223702,1.488084686,-7.178774291,5.533350135,0.778140593,-14.14187289,10.74568486,1.34352199,-4.732566334,6.252996768,0.603992602,-7.384636506,6.546615928,1.06686347,-4.290109748,3.878735582,0.67558121,-11.74368394,10.17034965,1.839061887,-4.943348857,7.038930549,1.042767112,-10.88746096,12.28456817,1.824090953,-6.438268481,6.464733639,1.030502498,-10.59288329,12.36640404,2.642145658,-7.843114582,8.556030844,1.619436508,-3.417615398,7.910074773,0.597704483,-0.939509728,2.73085558,0.123958591,-2.693179954,6.0974023,0.53537419,-0.970045226,1.873687692,0.127581438,-3.576852126,8.061706922,0.628298243,-0.964198537,3.495689394,0.140094506
411,L,1,-2.858694071,5.870348829,0.80784608,-49.02189286,13.96529801,8.272813974,-5.254276517,96.59405266,7.18889785,-26.29550549,25.37458881,10.57799369,-20.3569269,50.86684493,8.633685023,-42.73362909,38.07074067,10.7497075,-9.872285591,52.38299344,8.313038245,-9.972654096,63.88533874,9.255694575,-9.251475913,53.85601161,8.143193932,-9.107185534,14.26865595,1.329052128,-5.818723675,4.064976847,0.697917421,-14.14187289,9.229299748,1.247642797,-4.87071488,7.146427628,0.577566938,-14.15824393,16.51536503,1.491176355,-8.612568358,5.450505214,0.821976891,-11.74368394,9.126218812,1.857618008,-4.943348857,6.319851629,1.037114107,-10.88746096,12.00727862,1.681732131,-6.438268481,4.551279703,0.96619684,-12.03457658,12.36640404,2.65360306,-7.843114582,8.183986396,1.602908083,-2.503308632,7.910074773,0.511421079,-1.08682373,2.73085558,0.128789141,-1.97891166,6.0974023,0.471193512,-0.970045226,1.428398161,0.107044188,-3.043547367,8.061706922,0.530043418,-1.127825514,3.495689394,0.151288798
411,L,2,-2.858694071,5.691207197,0.893582663,-50.45007953,10.01351555,10.85668885,-5.267714279,96.59405266,9.638427464,-24.85822128,24.94894722,10.7828863,-20.34902525,52.81635598,11.50372772,-42.73362909,38.07074067,10.13154708,-9.898796939,52.19895382,10.55057126,-9.972654096,63.88533874,10.78538972,-9.251475913,48.09085144,10.42529752,-15.47352633,17.04062137,1.584090473,-6.735649331,6.804150873,0.820590077,-13.39659566,9.426265297,1.446774408,-4.87071488,7.146427628,0.652552955,-20.11647896,16.51536503,2.037936802,-9.264371942,8.218050868,1.089203324,-10.46328704,9.741515609,1.959160679,-4.736493655,6.319851629,1.068861826,-13.03486264,16.20027267,1.955867041,-6.618838637,7.686558505,1.049224036,-12.03457658,12.70920431,2.672105992,-7.441635012,9.437840324,1.68400336,-2.705421425,5.867735711,0.609906067,-1.336717599,3.250950323,0.164000253,-3.819837773,5.261013769,0.578450115,-0.996132799,3.062262973,0.150106309,-3.950458633,6.864122754,0.639241038,-1.57627582,5.042577042,0.200592066
411,M,0,-2.049627739,4.020910784,0.858454779,-37.05242105,12.73411426,10.75931028,-5.560080118,65.7536413,7.017092409,-27.45402618,25.50066401,11.08376059,-17.00485241,39.10159444,10.03401407,-31.61401791,28.39503459,10.6765153,-14.4075099,36.11291469,8.906224465,-14.69312971,41.71878713,9.8099318,-12.00202603,35.85351648,9.185516223,-11.28695949,14.76641437,1.439220955,-6.108830302,5.354315903,0.708318795,-11.2955721,8.080499794,1.364473369,-4.217099437,6.146410031,0.615232187,-19.67341151,13.80117434,1.428296189,-7.306462645,8.729088861,0.840304662,-11.09916596,10.27858398,2.006418243,-5.327990976,5.529229427,1.130676109,-12.15427492,12.20891607,1.80652037,-6.344979791,5.939236043,0.994244117,-14.64132913,15.48145181,2.790819477,-9.16933587,10.15152327,1.788860891,-4.104128235,6.071655745,0.742695575,-1.570219559,5.100468747,0.240644602,-3.952360884,5.874690644,0.756148071,-1.0873359,3.802375089,0.243924287,-4.317612549,6.323805189,0.719946213,-1.706152632,5.130899138,0.243292396
411,M,1,-2.961626759,4.34669819,0.997012942,-35.96457949,12.73411426,10.5014123,-5.560080118,65.7536413,7.422418673,-27.45402618,22.67373022,10.23297584,-21.9233569,39.10159444,10.7046222,-40.71757639,29.42731037,10.61432204,-14.4075099,43.75587307,11.05883465,-14.69312971,41.71878713,10.93524727,-11.91582709,43.35014374,10.98087389,-11.28695949,14.76641437,1.507487634,-6.238810238,5.354315903,0.752084444,-10.36404564,6.724416756,1.263937168,-3.188261623,4.200228964,0.553794031,-19.67341151,13.80117434,1.429645515,-7.306462645,8.729088861,0.826567158,-11.09916596,7.785662376,1.989816903,-5.327990976,5.529229427,1.143632984,-12.15427492,12.20891607,1.835312763,-6.210475449,5.492505013,1.022092454,-15.43940497,15.48145181,2.910401037,-8.85767163,9.226585561,1.872430315,-5.612089172,5.795845015,0.848679906,-2.796174817,4.031519686,0.255695349,-4.605347629,6.880805797,0.896362034,-1.803708524,4.517762429,0.279657362,-5.199362932,6.323805189,0.812931581,-2.916681441,4.332860837,0.261734173
411,M,2,-2.961626759,4.507977268,1.127431895,-35.96457949,12.67228618,10.72797804,-5.398118692,84.59784021,12.95255327,-26.84609474,26.78499382,9.724335218,-21.9233569,37.74654217,11.31691171,-42.61156685,29.42731037,10.31223764,-13.96552936,43.75587307,12.26003462,-14.38988878,45.66973743,11.36444657,-11.91582709,43.35014374,12.01210484,-10.99956418,12.04991079,1.437711767,-6.523466126,4.375034121,0.732580719,-11.84739105,8.902378218,1.329368816,-4.448166418,6.855993862,0.602206478,-19.47250799,17.92657029,2.148071757,-7.945821484,8.391296845,1.041116183,-12.09907299,10.67848586,2.017517631,-6.203692267,7.421573133,1.156284745,-8.709847263,11.69822607,1.878945582,-6.26009958,5.180408202,1.050072724,-15.60008364,13.10362776,2.959985649,-8.792433514,10.81798244,1.878528533,-5.612089172,5.795845015,0.825226767,-2.796174817,2.725671447,0.210159549,-4.605347629,6.880805797,0.89566956,-1.803708524,4.517762429,0.275052266,-5.199362932,5.936383413,0.794194855,-2.916681441,3.185339991,0.21715555
412,H,0,-3.415477525,1.753977088,1.073730754,-29.16236233,16.85604129,10.6397834,-4.734847542,103.4742069,14.22605292,-38.30584441,27.47700692,11.61240625,-19.64893242,30.46125317,10.92755059,-36.72899252,23.6739316,11.02758631,-15.09722622,47.74577256,10.57450544,-14.05637944,49.06394954,10.63927866,-12.76727656,51.83915411,10.99480863,-5.692913489,5.894141542,0.997664862,-2.435806551,2.392533236,0.473675973,-10.23677456,8.690382205,1.670861905,-3.700353255,6.333074048,0.779056732,-14.22319894,11.97736871,1.167337415,-6.513734713,6.435329715,0.568662672,-11.50443669,11.72626538,2.608219878,-6.865086002,7.322701207,1.479276557,-9.920124642,10.78314904,2.032902977,-6.063505783,6.258207866,1.143947589,-10.56182809,10.09067107,2.124782367,-5.626614855,5.743973533,1.247903557,-3.575504742,5.185809521,0.702664521,-1.427538683,1.88988573,0.171270999,-4.125112353,5.549131372,0.852325084,-1.414261413,3.124913122,0.259028391,-3.448678999,5.083356573,0.713458575,-1.329316548,3.13867646,0.202426008
412,H,1,-3.134785086,1.753977088,0.815442428,-29.20020387,14.50089435,10.19077067,-4.606348058,52.56363216,6.76483176,-31.87956771,27.73187784,11.12626618,-18.66069747,30.46125317,10.6208605,-39.12692917,25.24848228,10.75961478,-15.09722622,38.72734654,9.655191311,-14.05637944,49.06394954,11.52662864,-12.57857116,38.64957053,8.982103745,-5.692913489,5.108262123,0.957951813,-1.788412675,2.392533236,0.433961113,-10.23677456,8.566167439,1.388637906,-3.49427611,5.511750509,0.667736344,-14.22319894,12.23247096,1.266340625,-6.986105473,6.435329715,0.636429985,-9.367457218,11.72626538,2.522559028,-6.865086002,5.796934005,1.443139538,-10.79791675,10.78314904,2.072191344,-6.785732051,5.447857585,1.168246248,-12.26707303,12.07720468,2.223377353,-6.859269051,6.469982886,1.30539025,-3.612937393,5.426067367,0.801784857,-1.486025582,3.110141114,0.240337526,-4.125112353,6.026916495,0.961538329,-1.539132648,3.306592436,0.305734539,-4.576337432,5.083356573,0.804818679,-1.271063798,3.938853728,0.272474088
412,H,2,-3.132040434,1.611141827,0.902490784,-29.35710328,15.71435506,11.57421902,-4.634164411,48.90744546,7.987456408,-32.09749533,27.73187784,10.56306432,-18.89034036,30.47132958,11.55651079,-39.30779408,25.24848228,11.39143459,-15.08858078,42.838422,10.90995882,-14.21028399,39.33914184,11.30493313,-12.57857116,45.38584982,10.55653258,-5.25058205,5.108262123,0.928902635,-2.463581804,2.012180204,0.41835391,-8.403679817,9.185050627,1.306146307,-3.431806135,4.370768981,0.609061083,-12.46664784,12.23247096,1.487963566,-6.986105473,5.287714347,0.742244088,-9.863325102,13.68781678,2.474679273,-6.321473628,5.796934005,1.482080363,-10.90941674,9.897269051,2.137636899,-6.785732051,5.447857585,1.186659949,-12.26707303,12.07720468,2.217872637,-6.859269051,6.469982886,1.294313075,-3.684181978,5.426067367,0.805223815,-1.486025582,3.110141114,0.238060394,-4.335179765,6.026916495,0.954522648,-1.539132648,3.560295786,0.289759218,-6.529734059,5.756270171,0.788870185,-1.824798699,5.137420098,0.286515769
412,L,0,,,,-36.26151635,19.61780301,13.18314261,-7.172464492,19.61072711,3.564120026,-115.6235489,16.09552019,13.90218894,-81.99691276,41.31125542,11.71827068,-41.4213396,119.6279856,12.80360992,-10.74788165,78.60749827,15.10481194,-9.564128852,135.0638913,19.692943,-12.38544522,82.71959389,14.03140117,,,,,,,-12.25785264,12.4524919,1.848938227,-6.600106954,6.969037711,0.882157195,-5.650460389,5.202320231,1.088762667,-3.584637639,3.087130403,0.729621373,-23.40026815,29.11897573,2.256144987,-13.62638577,20.92654038,1.35152422,-23.36163488,28.31999112,2.658443352,-12.13117747,20.28723811,1.521807686,-42.18509787,35.72290344,2.962784449,-30.8781802,17.22004735,1.818613713,-1.588735798,1.633104031,0.279114546,-0.364773937,1.177837974,0.058529792,-3.242957343,2.13201082,0.439577433,-0.605744643,1.285355683,0.089983324,-1.759372588,2.562202796,0.329799731,-0.349870151,1.448466781,0.07254328
412,L,1,-1.631528998,0.683232465,0.361703313,-29.64271384,19.61780301,11.51176013,-5.179592681,115.162108,11.10368926,-13.34270067,17.19147752,5.158748769,-21.8224381,26.08788021,10.42429937,-17.20118665,17.70590973,6.688077029,-10.74788165,5.945964695,6.295153801,-9.564128852,11.4750784,5.885621027,-9.332305668,7.576318056,5.714065026,-3.124878092,2.812985871,0.385528137,-1.347521286,1.215070322,0.177797073,-10.41042147,10.08829503,1.692595665,-3.894563453,6.418784466,0.774837187,-29.31573103,23.26667318,1.990098697,-17.52825302,11.86504343,1.072082431,-5.979004919,5.48012058,1.081761365,-3.038746838,2.882085896,0.632095924,-9.134305424,10.10031275,1.915798322,-5.413531803,5.433538164,1.065636075,-8.070210438,6.561206349,1.434651128,-4.14760964,5.448113116,0.852544905,-1.567107425,1.633104031,0.248369421,-0.364773937,1.177837974,0.060831992,-2.093582942,2.046608956,0.35119848,-0.452611866,0.969623821,0.09021103,-1.596905017,2.107835922,0.231909022,-0.441219424,1.704197974,0.072478416
412,L,2,-1.159778664,0.683232465,0.286043456,-29.98575939,16.77487328,10.0821362,-5.179592681,117.8062634,15.80060752,-13.34270067,17.85202658,5.606307665,-21.8224381,19.64579302,8.864855411,-19.62422213,16.28462873,5.865598338,-10.48149081,5.945964695,5.377475417,-9.487308694,16.00699694,5.81016191,-9.447419788,5.34414078,4.900758725,-1.977606276,1.863835218,0.354374094,-0.913007791,1.043234813,0.168464687,-9.565349273,10.08829503,1.444709222,-3.877814232,6.392931752,0.670351353,-29.31573103,23.26667318,2.711537471,-17.52825302,11.86504343,1.31352793,-6.147295252,6.056735368,1.165505666,-3.038746838,2.882085896,0.659970951,-8.629021467,9.620118901,1.878968596,-4.432511225,5.433538164,1.067415216,-7.76396061,6.561206349,1.38079115,-4.14760964,4.740332213,0.820145376,-1.567107425,1.94259006,0.216450257,-0.41244456,1.24231934,0.05596584,-2.093582942,2.775524647,0.362588424,-0.579458583,1.533402107,0.09604168,-1.541938653,2.107835922,0.206827554,-0.441219424,1.704197974,0.071732669
412,L,3,-1.351570509,0.699785779,0.296996547,-30.69984217,16.85472041,9.942679156,-5.101752207,117.8062634,14.48953095,-17.97303501,17.85202658,5.778975001,-24.68445589,21.1589275,10.12292714,-19.62422213,19.2459076,6.619798988,-10.48149081,6.39997227,3.983504717,-9.559150325,16.00699694,6.287572905,-9.447419788,9.203616905,3.709632211,-2.341462749,2.106070438,0.398173786,-1.013343042,1.043234813,0.192531356,-10.98815871,10.02803553,1.446498703,-4.145825235,6.61469961,0.696632203,-27.97587556,20.63881575,2.384944143,-10.81546509,11.46785589,1.144307332,-6.147295252,6.056735368,1.246366497,-3.036386398,2.851349531,0.693058884,-8.833948306,10.0230438,1.971793678,-4.502482583,5.069249072,1.091971695,-9.039909856,5.913522931,1.440972963,-5.091682042,4.126269815,0.833053029,-1.150342356,1.94259006,0.230859811,-0.41244456,1.24231934,0.066428828,-1.85322449,2.775524647,0.392378622,-0.579458583,1.533402107,0.104048852,-1.541938653,1.5429031,0.230398324,-0.43767959,1.457480885,0.081084173
412,M,0,-4.797531598,2.594383005,1.25715065,-44.56572376,15.90593107,13.36801254,-6.039574993,82.22506191,6.700484575,-33.7532014,31.12828158,9.583550705,-27.32728949,41.12726074,12.49436039,-48.81925401,31.48153711,12.61993151,-10.48171627,60.19319066,15.63524656,-11.63040656,72.2052549,14.52100742,-7.629025538,65.35680817,15.75835894,-4.501184854,5.145552982,0.812815333,-2.569619355,2.342400736,0.375826574,-14.79586915,14.17542277,1.98424233,-5.157122442,7.328125655,0.941440134,-19.20677258,17.74381788,1.678802343,-10.12046237,7.263259018,0.914958759,-12.18291961,13.4825868,2.465734378,-7.7755946,8.196933398,1.432291917,-15.58143436,12.19810668,2.429028406,-6.859306612,6.460949754,1.402002992,-12.12357527,15.70379383,2.63203521,-7.277987545,7.230149482,1.566607739,-2.357343536,3.574232044,0.531748384,-0.736081833,1.035059044,0.110008738,-2.965987738,3.647572383,0.606717064,-0.678260692,2.464045931,0.16564024,-3.600322522,5.625851804,0.649150434,-1.17720981,3.561940457,0.152021329
412,M,1,-1.876082493,1.807820276,0.626037168,-41.32453798,19.40641116,10.49689145,-5.703512928,82.22506191,10.65458093,-36.69951641,26.99516655,10.01255977,-19.21364699,39.30483798,10.17730681,-38.35996806,24.36663854,10.40317863,-10.03765304,26.68493551,6.588802589,-11.53030007,24.50478362,6.931603451,-7.881531648,27.72179317,6.415023516,-4.059495854,3.568419526,0.681928256,-1.687268287,1.965077702,0.335412459,-14.79586915,11.86496471,1.949913538,-5.157122442,7.328125655,0.983054232,-24.37332754,24.67758409,2.539931066,-17.11147553,10.74469754,1.36924052,-12.18291961,13.4825868,2.286962932,-7.7755946,8.196933398,1.308251204,-11.85882867,12.19810668,2.366041251,-7.949136252,6.10256134,1.395078925,-12.12357527,15.70379383,2.545744419,-6.957669617,7.230149482,1.513097043,-1.868574919,3.574232044,0.419666767,-0.736081833,1.017478277,0.093361678,-2.315253737,3.647572383,0.519045027,-0.649883198,2.464045931,0.163289138,-1.922276394,3.577803921,0.409053885,-0.771741854,1.794628609,0.093303762
412,M,2,-1.957114071,1.694830806,0.670327841,-40.53196004,19.50731536,9.271064309,-5.741458648,97.44702758,14.46957596,-36.69951641,30.74022757,11.36228624,-19.21364699,34.43648997,9.989644127,-38.35996806,24.36663854,10.06105213,-10.2441231,27.64931329,5.935239694,-11.22784382,29.11323003,8.070389427,-7.881531648,27.20437453,5.281412168,-3.576335481,3.568419526,0.661553845,-1.672361611,1.965077702,0.332850228,-13.01242451,12.45731231,1.830564226,-4.460701982,7.72715784,0.927223212,-25.36113974,24.67758409,2.856334803,-17.11147553,10.74469754,1.547097592,-12.13797876,11.94090209,2.191587285,-5.327866723,6.218477696,1.250622833,-11.85882867,12.10058298,2.272671916,-7.949136252,6.10256134,1.317071384,-11.51337747,11.92008041,2.408043354,-7.877961607,7.086877851,1.418597551,-1.951758614,2.456068372,0.331118131,-0.481394102,1.017478277,0.075010678,-2.824066832,2.739425939,0.452278312,-0.679696637,1.707481508,0.130689277,-1.894452654,2.864474503,0.317877741,-0.40011571,0.683813503,0.072657562
413,H,0,-2.983503787,6.23605278,1.274522329,-32.57137559,17.82362505,11.60401789,-9.964702949,77.89522084,13.69395614,-36.7659413,36.21338057,12.16614573,-30.75477785,36.58434058,12.8546786,-39.69674481,33.36275162,12.42845929,-18.41070851,75.65836968,14.1392479,-17.50573662,39.32302976,13.40212986,-13.14081641,71.86672026,14.75070507,-4.872331713,7.196910994,0.840140123,-2.51108668,2.177526147,0.413780254,-12.30220197,11.42326797,1.67009333,-4.764199951,6.395606264,0.752157147,-15.82124593,12.14761768,1.610237342,-5.72565432,5.872338745,0.715101809,-14.52218586,13.55098682,2.94270837,-9.533785576,7.133384305,1.756530127,-15.06556575,14.51191125,2.381122618,-9.805480692,7.395428195,1.321975428,-15.13076965,17.65543707,2.659445329,-11.0678064,11.19008317,1.584376515,-2.955166197,5.812420308,0.634178152,-1.38314359,2.161853782,0.118800482,-3.744249456,3.464679773,0.517421774,-0.711460138,1.839051765,0.103302899,-2.678571204,5.306035376,0.624818189,-1.237637186,2.149846414,0.121166487
413,H,1,-2.983503787,2.001119006,0.745824474,-32.57137559,16.83270266,12.39091294,-10.28481542,77.89522084,14.53780165,-36.7659413,36.21338057,11.12424238,-28.88400169,32.24918969,11.49646766,-34.82066208,31.55468349,12.04957299,-20.26202995,43.40020375,11.61010782,-17.50573662,28.55788061,11.21326572,-13.60510996,45.30778711,11.50296655,-3.357981963,3.668894394,0.805806978,-2.051584992,2.008912025,0.429474798,-11.89821968,11.42326797,1.840345226,-4.764199951,4.692897552,0.825079162,-17.12455766,12.71904276,1.896308557,-6.021944923,6.028575794,0.863125163,-12.26884517,13.2375663,2.799550005,-6.921780492,6.845774719,1.675827969,-15.06556575,13.13035725,2.317921678,-9.805480692,7.395428195,1.304582481,-15.13076965,17.65543707,2.656701791,-11.0678064,11.19008317,1.584182524,-4.033290716,4.455495928,0.645666768,-0.7363064,2.04038598,0.135061908,-2.876088832,3.097761605,0.51840847,-0.597548638,1.01274592,0.101329551,-3.907645484,5.003742552,0.667632112,-0.811291292,2.606409248,0.168503095
413,H,2,-2.028354869,2.074714563,0.685843878,-32.41717838,16.83270266,12.57294071,-10.45636014,64.75035376,11.35664368,-38.43053417,43.64725609,11.98268822,-25.78528005,32.24918969,11.01179363,-40.00724824,31.55468349,11.61458018,-20.26202995,42.66667564,10.00427246,-17.48583088,31.16930203,10.41584466,-13.75714836,42.64881804,9.177780184,-3.357981963,5.286644431,0.835194518,-2.463159939,2.379249741,0.447625844,-10.76619937,10.25877226,1.865660999,-4.041442691,4.725654089,0.839247667,-17.34616651,12.71904276,1.588569002,-6.372309732,6.920289877,0.789368414,-14.68623318,14.88264831,3.078572308,-7.735030117,8.511954673,1.81020443,-11.34733897,12.67702459,2.41394569,-6.762100258,8.284250621,1.359892323,-15.68677323,12.94267781,2.634039172,-8.433787754,8.269741641,1.553180094,-4.033290716,4.455495928,0.663067334,-0.771840886,2.04038598,0.145646622,-2.876088832,2.186109508,0.52020671,-0.402782862,1.057048338,0.10746142,-3.907645484,5.003742552,0.695506842,-0.811291292,3.199108843,0.192456397
413,L,0,-3.620373848,5.218227205,1.163339405,-32.45812504,19.87338841,12.76820134,-11.52276778,64.05298432,14.09342638,-90.97383995,80.32910226,14.37749499,-78.70311015,32.87766628,12.92881411,-41.59234579,142.5329262,12.61517931,-11.39994658,57.00287128,16.70110952,-14.82382391,59.62915517,15.0543018,-9.484265926,54.88485942,16.62019658,-12.22428558,12.78156267,1.048839607,-9.735979214,6.938220434,0.595629522,-13.52667638,11.25995494,1.819724531,-6.965943582,6.423525043,0.862617996,-16.21335338,11.60047132,1.647429906,-5.418978928,6.471375501,0.808320854,-29.75238902,29.79743499,2.783027198,-16.78627995,23.570182,1.696739059,-29.95692828,21.52269278,2.529922823,-12.30969457,12.38074008,1.376967053,-34.99725243,51.44816601,3.198074927,-26.47838217,22.37212846,1.892036253,-1.307209237,1.651709249,0.255250717,-0.289857075,0.351301534,0.044059575,-3.590165832,3.485523008,0.514347768,-0.762296725,2.466751931,0.124365155,-1.267431579,1.344419471,0.261340504,-0.310989863,0.772646698,0.055906326
413,L,1,-2.702816371,0.990867442,0.9194023,-30.42348327,17.04355959,11.28868581,-12.26037424,64.05298432,14.03050535,-28.02018934,19.94044057,8.282340795,-20.51084615,31.38371557,11.58067664,-31.68191034,25.37978252,10.75942122,-12.80748583,14.25028763,6.061621196,-16.79095308,15.3588539,7.269862223,-10.41595062,15.00882153,6.346987073,-3.145873741,2.628094617,0.498365407,-1.557721997,1.73487496,0.2458731,-10.78680033,9.015819988,1.719521118,-3.960789387,5.587706365,0.790093018,-16.21335338,11.60047132,1.487494412,-5.418978928,6.471375501,0.705470146,-11.43657986,7.452251295,1.865212927,-7.069722069,7.490426052,1.090919797,-10.72879194,11.30701717,2.098625102,-6.978431951,5.302785463,1.125838015,-13.08031518,10.9144071,2.009284105,-5.342097219,6.331433757,1.201474823,-1.413343286,1.166681047,0.197592563,-0.314709746,0.224377637,0.035612313,-0.926380134,0.991669527,0.205725123,-0.17294589,0.613033472,0.036730887,-1.49069471,1.568966298,0.238116041,-0.3248028,0.808986264,0.054709945
413,L,2,-2.702816371,1.171059965,0.901785064,-30.42348327,17.04355959,9.262827737,-12.26037424,9.263085453,5.57659342,-28.02018934,25.26278162,8.389749183,-19.33462912,31.38371557,8.709318625,-27.79330368,21.14803788,9.971258162,-12.80748583,14.25028763,5.408246233,-16.79095308,12.33753865,8.322854045,-10.41595062,15.00882153,5.050219001,-3.145873741,2.628094617,0.433283287,-1.557721997,1.73487496,0.22116676,-10.78680033,8.405378042,1.575164533,-3.923126387,5.587706365,0.701878195,-3.875690179,4.837176697,0.900602222,-2.46528843,2.835901095,0.535010518,-7.939771549,6.678674601,1.692532054,-3.739919961,3.522740081,0.999414347,-10.72879194,11.30701717,1.928148047,-5.252945928,5.325192749,1.047046974,-13.08031518,10.9144071,1.814182378,-5.342097219,6.331433757,1.08768916,-1.413343286,1.166681047,0.155877482,-0.314709746,0.220405765,0.027592223,-0.748094631,0.899898307,0.171926186,-0.17294589,0.613033472,0.030042921,-1.49069471,1.568966298,0.176319497,-0.3248028,0.808986264,0.03754345
413,M,0,-1.667596391,7.226811224,1.243299184,-35.34439085,17.27808634,14.1102482,-12.50099807,68.84133225,9.871564617,-49.51718568,83.66786594,12.18820507,-51.43863176,32.69046077,12.42140668,-47.23398312,87.87085075,12.90592442,-10.91801854,81.81591379,18.51607471,-8.985612021,97.39948714,19.0171862,-10.98488883,73.40371627,16.81301384,-17.66374688,13.54760297,0.957232433,-8.178871167,6.090826766,0.463258032,-12.221356,9.367764972,2.046743333,-4.292001863,6.142114664,0.915607591,-11.5744152,10.31049933,1.260332735,-6.420294991,4.70412028,0.659710846,-29.78343627,24.57409081,3.044639386,-20.27455781,17.93495943,1.866891111,-25.89630999,30.15886159,2.802301227,-16.93182605,20.14364835,1.633053175,-50.17999931,41.46622866,3.244309041,-34.19277181,25.66828183,2.024589557,-2.299303786,2.506712013,0.39891244,-0.572834948,0.610696081,0.073865216,-3.165071978,3.074520076,0.407353477,-0.585816938,1.898637607,0.081916958,-2.791905636,3.118321328,0.508469035,-0.804227605,2.103579518,0.118303145
413,M,1,-1.481102823,1.96828554,0.619899333,-29.90329051,15.66779155,11.16013996,-8.690514641,68.84133225,10.55818245,-41.43667868,34.04281895,13.4140347,-29.80969587,31.41866342,11.25430051,-37.93102422,26.99708626,10.7308239,-10.91801854,16.79320116,6.319181246,-8.985612021,8.57919719,6.04113333,-10.20027231,25.01992566,6.868048489,-2.480026289,2.76994056,0.493651645,-1.615771185,1.288162915,0.276941137,-10.72341875,8.573875085,1.811729327,-4.292001863,5.246118424,0.800661417,-11.5744152,10.31049933,1.16607347,-6.420294991,4.70412028,0.607957115,-8.861762291,10.59065135,2.330485885,-5.955637488,5.887693094,1.359840761,-10.69696168,13.07482025,2.113072136,-7.058660323,5.816804227,1.182800594,-14.20830107,11.27732708,2.213232861,-8.522986763,9.283004924,1.35265486,-1.976335315,2.506712013,0.266142295,-0.572834948,0.735633426,0.059353694,-0.746568561,1.106987502,0.127463108,-0.211658922,0.233266744,0.027998855,-2.791905636,3.118321328,0.385477999,-0.73211808,2.103579518,0.101324585
413,M,2,-1.629482083,1.490823053,0.781326587,-32.44057058,17.24077134,10.96781282,-8.690514641,95.75565845,12.39712182,-41.43667868,33.08035657,13.01165062,-24.21923704,32.60464834,11.1624389,-37.93102422,24.82310011,10.7252705,-11.24575902,19.30179271,5.867007291,-8.939554797,18.47303329,6.170928562,-10.6361267,29.19934325,7.158847178,-2.147104763,2.30955348,0.479790686,-1.383998938,1.250684505,0.26179458,-11.4654836,9.28377447,1.804310327,-4.244776656,4.851141168,0.822098804,-10.17828068,11.05224382,1.203011123,-4.179873859,3.295387494,0.569394953,-10.47554365,10.59065135,2.344577032,-6.287926646,5.887693094,1.385074027,-10.21438425,11.63654472,2.039962183,-5.468847861,4.612820358,1.134957484,-14.20830107,11.40452591,2.242958978,-8.522986763,9.283004924,1.373407953,-1.86309766,2.39867062,0.277253789,-0.465414244,1.146639689,0.06350639,-0.673483763,0.623859054,0.137220509,-0.173767847,0.345391485,0.028883849,-2.553012279,3.241686192,0.409644977,-0.615393729,2.709940981,0.114864837
414,H,0,-2.190297459,4.265971178,1.067393627,-42.81892309,10.56367159,14.38258633,-8.643202265,99.02369527,8.235141767,-42.71832804,30.55145878,11.5958375,-33.6155963,54.30134883,14.59647391,-35.09810318,35.3477484,12.25027913,-21.55467618,54.66390168,15.01841472,-19.71303319,40.6914366,13.01112876,-15.661537,58.39425574,15.06307516,-10.65325024,13.66273614,1.950893647,-7.995265461,6.344890375,1.058743035,-13.4725412,13.21358708,1.823756643,-5.680911959,6.228649195,0.836077475,-14.00915876,14.00355305,1.948426026,-8.18423576,5.430487289,1.149296028,-11.58902532,9.80363764,2.391467239,-6.387157668,5.888732146,1.388646229,-20.15335996,19.99201429,3.273126787,-11.08744271,11.91665941,1.85625512,-16.80722655,14.93438773,2.790920385,-11.48700094,9.448940044,1.788151968,-4.140022974,3.774095557,0.668866774,-1.215340522,1.580778989,0.263684863,-3.35850969,3.184419732,0.7073513,-1.24948312,1.611863366,0.272965403,-3.900986394,4.042456155,0.700790132,-1.767263512,2.591359324,0.288935316
414,H,1,-2.531987143,3.522801686,0.936185675,-42.81892309,9.801077167,11.88222127,-8.73536846,101.9269135,15.19160536,-32.14508431,30.55145878,11.46358623,-29.16358485,51.18418476,11.41444513,-32.5471622,35.35001101,10.83874434,-21.24409859,27.0909411,11.14665076,-18.69077915,40.6914366,13.76267651,-15.661537,30.50129139,10.37178326,-10.91589643,12.81195025,1.882024726,-7.995265461,6.344890375,1.043222075,-13.4725412,10.59441682,1.478608823,-5.680911959,5.442178286,0.680424782,-26.94829279,26.58004578,3.192374918,-13.1286975,10.65467564,1.612208558,-12.40158509,9.422970727,2.286623353,-5.969439125,6.374150441,1.343753646,-16.49454479,19.09899023,2.746082862,-10.67076432,10.02874377,1.609245647,-11.76699078,15.53981068,2.414667011,-9.061655179,8.001095982,1.530333021,-3.732356634,4.071922276,0.647860522,-1.563606043,1.495413081,0.259361125,-2.188592124,3.833192302,0.6752025,-1.353498899,1.999317812,0.256388405,-4.434627778,4.042456155,0.676969374,-1.472886376,2.410652266,0.285731592
414,H,2,-2.582923062,3.208743223,0.940836416,-42.69748007,10.55391461,10.93906226,-8.73536846,121.9981628,15.76861187,-36.18558159,26.82838403,12.66103851,-38.4760444,40.41075526,10.33083803,-32.5471622,35.35001101,12.21142374,-19.97745925,32.61606582,9.368600907,-18.83994568,37.02731703,11.83645442,-15.32041307,30.1818798,9.436263817,-11.49882409,15.43309079,1.995090168,-8.857026913,6.384598876,1.117618668,-13.69308428,11.91182187,1.345714548,-5.218203605,6.717171907,0.647261691,-26.94829279,27.53777926,3.521114599,-14.14865195,11.42479312,1.756618383,-12.40158509,10.54125832,2.298680253,-7.598287281,6.428953335,1.33124703,-19.49188089,14.37725802,2.542262379,-10.67076432,11.42845949,1.504799709,-11.59797173,17.61759149,2.40909193,-10.52942005,7.892979429,1.473078126,-3.985817947,4.179518704,0.682823701,-1.563606043,1.482630275,0.254669507,-3.499227072,3.833192302,0.717510856,-1.353498899,1.999317812,0.26248628,-4.434627778,6.157109181,0.717179822,-1.472886376,2.410652266,0.292658896
414,L,0,-2.907015924,4.313943128,0.859802884,-43.88664178,10.866232,14.61062307,-11.9778198,22.63636255,6.848420665,-30.92423438,26.02176463,11.26879338,-34.08211004,50.98277132,13.17357721,-43.3068876,38.61036258,12.49094996,-20.62255206,32.27489208,12.73897047,-15.94222772,23.30993278,10.09346689,-17.90073775,30.64061469,12.60167226,-20.94569272,18.59125096,2.287941643,-12.20298777,9.709095568,1.318256795,-13.94092843,12.57390824,1.461958015,-5.170780659,6.210457805,0.679180155,-9.390470842,10.46260463,2.263825523,-6.297843753,5.467828049,1.477877003,-8.634011713,7.729539996,1.81751728,-4.532910016,4.75153069,1.000095702,-15.04326568,17.86878,2.724579672,-7.187183802,8.550840197,1.53218783,-12.57592426,14.56101659,2.658218296,-8.542450994,7.892481293,1.598547993,-2.390191207,2.642064873,0.452467257,-0.800850498,0.750902611,0.164358191,-3.057717512,3.654679352,0.59148796,-1.527628652,1.202010284,0.241762777,-2.607033947,2.294704822,0.441853436,-0.757573537,0.765770889,0.162192411
414,L,1,-2.226633069,4.37017621,0.883938078,-42.11675939,10.866232,9.586500992,-11.57469229,154.488114,12.85260859,-30.92423438,26.71446339,12.97418903,-34.08211004,46.06270636,10.94880049,-35.37214712,37.45447383,12.21253488,-20.62255206,18.96825646,10.1988219,-16.42590438,27.67490553,9.856184956,-17.90073775,19.70707937,9.982046453,-20.94569272,16.37844792,2.086508019,-12.20298777,9.709095568,1.214176696,-12.64001519,9.091746487,1.205550638,-5.006847746,5.609805753,0.564645184,-36.94407662,40.11959128,3.61484081,-20.85446002,15.3093072,1.96532167,-8.918911746,9.87916078,1.938903643,-6.170790002,6.480957409,1.074133653,-15.96136141,18.84930848,2.425836666,-12.59285945,11.21265372,1.471418695,-12.57592426,14.56101659,2.518234362,-9.014442199,7.892481293,1.539849607,-2.776933977,2.377813536,0.426641486,-0.800850498,1.058921725,0.161716502,-2.807725657,2.884490846,0.553412149,-1.110755611,1.608514737,0.235513498,-3.079416943,2.828495306,0.453484871,-1.158386984,1.286248382,0.17173521
414,L,2,-1.552952279,4.701434727,1.055765495,-43.97640396,11.06318599,10.48513192,-11.60008724,180.7701513,16.4004172,-29.2943151,32.28873574,13.13499852,-33.29531877,48.18241529,12.13859831,-35.37214712,37.45447383,12.13909136,-19.71762785,31.98914815,11.72927222,-16.52390095,57.45637531,12.99251677,-17.80563563,28.69593473,11.71357065,-15.61064715,18.21256431,2.123107816,-11.09819538,7.516369668,1.22105501,-14.43685569,10.02048826,1.335802712,-5.449233168,5.717403024,0.632326722,-47.87384017,40.11959128,4.122898839,-20.85446002,17.93998857,2.103977824,-8.918911746,9.87916078,2.015281126,-6.170790002,6.480957409,1.121195499,-15.96136141,18.84930848,2.468849309,-12.59285945,11.21265372,1.446113197,-13.15916958,15.41471809,2.568808749,-9.014442199,7.727743764,1.553094016,-2.930934371,2.049443673,0.463536887,-0.779945081,1.058921725,0.173243277,-2.755915628,2.937019229,0.617266721,-1.4648955,1.608514737,0.26284444,-3.079416943,2.828495306,0.505339603,-1.158386984,1.286248382,0.19150493
414,M,0,-1.84657198,3.819716973,1.077426716,-41.76560916,12.16706278,13.79642586,-8.281530987,218.6628243,14.74363787,-35.77366551,29.73719378,11.91135049,-33.6466608,46.80787905,13.19331485,-40.55744115,39.92954017,13.13525714,-18.40563836,41.07459656,14.30569223,-15.68307562,50.6475236,12.40312901,-16.21735005,45.94515972,15.10970381,-9.091704471,9.970352192,1.470949726,-5.298360773,4.402837407,0.820254715,-12.52437082,12.08397577,1.724068494,-4.871083865,5.676712637,0.782442519,-60.36713857,45.50518255,3.210892497,-36.3287958,22.88952237,1.729213601,-12.94454076,12.81346998,2.396784814,-6.900318885,6.563135795,1.374221239,-16.72176183,14.70232827,2.848443831,-7.143678686,9.045735212,1.612435633,-16.42663064,18.19103641,2.923032012,-12.86163116,8.916813593,1.758522753,-3.629737351,4.414394441,0.630819947,-1.009750722,1.054174014,0.192980228,-3.137796122,3.135239098,0.588018709,-0.966991483,1.856147172,0.222204694,-3.936543781,4.650809121,0.681934147,-1.065873614,1.15826556,0.224543572
414,M,1,-2.113904573,3.819716973,0.901148499,-41.76560916,10.87234858,13.76716429,-8.304750427,218.6628243,14.05199485,-35.23750227,26.19037007,11.51822569,-33.41870942,46.62613984,13.12927547,-40.55744115,34.31059304,12.76731616,-18.86080285,37.64100645,13.98019433,-15.80231794,50.6475236,12.13199582,-16.57723185,39.94519967,14.28535536,-9.091704471,12.38404632,1.585437049,-6.957332429,4.726383333,0.883406941,-13.51597548,12.08397577,1.640456443,-4.922152693,5.676712637,0.739301443,-60.36713857,45.50518255,3.3141655,-36.3287958,22.88952237,1.822068144,-9.165775801,12.81346998,2.205444002,-5.031097177,5.488302515,1.275453792,-16.72176183,14.70232827,2.714054922,-7.72161952,8.124311409,1.545342227,-13.83104875,17.19570758,2.808972297,-9.054599728,8.25376472,1.724644528,-3.629737351,3.556546483,0.57087716,-1.009750722,0.996082368,0.178508929,-2.758820712,3.135239098,0.538400985,-0.966991483,1.856147172,0.19647214,-3.947353985,3.756431687,0.619535018,-1.065873614,1.089737005,0.20463593
414,M,2,-2.113904573,1.885211299,0.862399353,-41.53050241,9.927490256,11.13142792,-8.437689146,115.416304,9.767099824,-35.23750227,25.38590101,12.82912052,-27.95848864,49.63213405,11.59626727,-34.83170118,35.77292548,11.63278209,-18.86080285,34.63468518,10.03754163,-15.80231794,31.5416426,9.659932901,-16.67196367,30.65768666,9.098056732,-6.764727,12.38404632,1.460186343,-6.957332429,4.726383333,0.831894554,-13.51597548,10.36573476,1.264475925,-4.922152693,5.587901549,0.567704137,-30.88811107,17.84459342,2.227456507,-11.76447078,11.66057998,1.269561596,-9.96567826,11.02554965,2.244350158,-5.236407294,6.361908253,1.293187279,-16.5258154,16.68530209,2.483087553,-8.243440435,7.849307755,1.458589042,-13.83104875,11.76311373,2.719931789,-8.751528159,8.25376472,1.716502597,-2.714917992,2.108223013,0.425072933,-0.716800143,1.113532698,0.158080421,-2.401080683,2.495148308,0.451215758,-0.848970569,0.870988788,0.169709919,-3.947353985,2.307092731,0.47237734,-0.902620037,1.343273589,0.182407454
415,H,0,-2.10616333,5.619161252,1.210941826,-38.40059265,12.60205303,12.47059635,-6.947006802,52.48195668,10.03073487,-40.64274933,22.71929102,12.25931056,-23.33095715,36.23569072,12.33837189,-44.00752502,32.66137979,12.44521225,-17.32219574,80.7959115,14.7767664,-13.66211061,72.16887157,14.56347197,-14.29871896,67.55526398,13.4436572,-5.828440568,5.03720004,0.986754151,-3.796746922,3.604809496,0.557006443,-12.30782108,10.89634136,1.650771333,-4.395351912,5.51515977,0.704994819,-13.44178393,11.27515138,1.192898574,-4.503554779,5.317343736,0.603151896,-9.44523464,9.005454358,2.221939767,-4.180848611,5.542212794,1.219122623,-12.91432222,13.0823224,2.231207625,-5.868739716,7.405714099,1.235728543,-15.5272009,15.13274703,2.257490346,-8.405491716,7.797451393,1.273841643,-4.790413153,3.880113509,0.665025743,-1.210823828,2.256796872,0.195422252,-2.362949052,3.178651251,0.498070702,-0.858476122,1.028613378,0.14570912,-6.619804899,5.178347773,0.862077948,-1.648765989,3.889808327,0.268164599
415,H,1,-1.375717894,2.595267318,0.783334244,-36.90446576,13.05046362,11.03226847,-6.928130315,56.36496662,13.87922018,-33.32457197,28.67933056,13.08105166,-26.05399299,38.54540732,12.16539699,-33.56364848,32.66137979,12.14857057,-17.36277333,21.78790963,9.512651311,-13.81389639,18.98748067,8.662754295,-14.62568346,32.20308842,10.20240073,-5.336243,4.310063471,0.912077824,-3.399078538,3.193675431,0.530680904,-11.56956886,10.84200926,1.533520277,-3.702708831,6.266620186,0.652878994,-13.91075114,12.79151204,1.612080206,-5.150722479,6.483717268,0.76146878,-9.52749062,11.82938892,2.244585636,-5.19549807,6.164577793,1.238164565,-12.26075975,13.0823224,2.154213452,-7.543714398,6.959736596,1.188297562,-15.5272009,12.16770233,2.114784361,-7.12726487,7.797451393,1.184436577,-2.804230658,2.670429343,0.508894054,-0.783021264,1.366744586,0.160143663,-1.977465149,2.009060879,0.40365168,-0.858476122,0.950465627,0.127338873,-3.338409783,3.369643563,0.640428925,-1.031851161,1.685179725,0.205392551
415,H,2,-1.684663739,2.027208568,0.739069952,-36.90446576,13.05046362,12.35965937,-6.928130315,56.36496662,14.27204265,-31.33418357,28.67933056,12.00614893,-26.05399299,38.54540732,12.18902747,-34.61215952,30.23579202,12.1340492,-17.36277333,24.92387401,9.347655958,-13.81389639,30.85512001,9.42363594,-14.62568346,32.89165927,10.66975019,-5.836796043,4.89840329,0.924302779,-3.399078538,3.395964527,0.549816813,-11.56956886,9.792683699,1.607268106,-3.640086745,6.266620186,0.678526426,-13.91075114,12.9061052,1.924534635,-8.133930804,6.483717268,0.924106462,-9.52749062,11.82938892,2.178321053,-5.19549807,6.164577793,1.199746901,-13.15129622,11.682272,2.141662325,-7.543714398,6.961558996,1.181135884,-12.98509512,12.16770233,2.033745207,-6.176999353,6.260286843,1.147469476,-2.2040093,2.252198472,0.478531774,-0.783021264,0.670660589,0.143825871,-1.648443025,2.395233072,0.420998173,-0.503181897,1.229432463,0.127239474,-2.775426136,4.226284284,0.645639359,-1.031851161,1.010846925,0.195607165
415,L,0,-1.084467794,4.825878461,1.177104217,-42.94371199,13.22168602,13.58075508,-5.971720774,2.877344214,4.129357263,-39.9285081,31.48383518,11.93265796,-22.39689315,48.1914555,14.26951413,-44.66014867,26.64449419,12.79371287,-19.67458821,51.88421822,14.88196474,-14.34019783,67.22739607,16.3982804,-16.86115001,42.47196376,11.54878073,-6.339722902,5.952254151,1.165103749,-4.049916116,3.518692788,0.673865877,-13.9270487,11.04005581,1.859227404,-4.804287701,7.087569325,0.854947305,-2.942980096,2.794500862,0.895504285,-2.157006403,2.006222044,0.608959009,-11.74887888,13.46335908,2.543814601,-5.669578948,6.827538789,1.433056489,-16.35995804,12.77191458,2.343954824,-5.958280881,7.736714356,1.253281788,-12.00222608,15.42976753,2.487585099,-7.464362245,6.464380503,1.43500626,-3.022430325,4.167584287,0.54737214,-0.918981404,1.175212846,0.183503858,-2.600863009,6.272844572,0.531178462,-1.25818385,1.332313194,0.144760368,-4.550877871,5.973244581,0.754330963,-1.676215588,3.740787591,0.276608968
415,L,1,-3.544514823,1.489765932,0.69557195,-44.31822256,15.89465238,12.96322249,-5.862385395,76.179657,17.54916597,-39.6230235,31.48383518,12.42429117,-22.71103592,48.1914555,12.71892228,-44.66014867,32.04952103,13.07120699,-19.67458821,35.30581741,10.86453694,-14.61267005,26.0230697,8.765719388,-15.94313695,47.63634386,11.81943434,-7.010342072,6.559437537,1.168585061,-4.049916116,4.059397193,0.672860623,-13.83992118,11.04005581,1.892186888,-4.985232856,5.706293434,0.834348651,-20.64959644,15.82503805,2.262184097,-9.457620058,9.817567991,1.106390673,-13.49836028,13.46335908,2.673947537,-5.983991429,7.319964985,1.507406514,-16.35995804,12.5031398,2.294328463,-7.178449282,6.678140058,1.253202637,-12.32032545,15.42976753,2.617457275,-7.37254293,6.464380503,1.513181449,-2.67048347,4.083623417,0.586283106,-0.944691153,1.445504212,0.191016993,-2.069106883,2.070588227,0.436418441,-0.602550695,1.152427624,0.139265666,-3.611621216,4.889471462,0.756697733,-1.153576476,2.894379402,0.274440483
415,L,2,-3.544514823,1.489765932,0.787104031,-44.31822256,15.89465238,11.38039134,-5.778644319,76.179657,17.45307715,-39.6230235,29.42304154,12.54193296,-22.71103592,41.42191514,10.74536006,-42.14995455,32.04952103,12.20462809,-19.26080489,36.69636571,10.07936359,-14.61267005,25.78614593,7.940919051,-16.6651165,47.63634386,12.63722092,-7.010342072,6.559437537,1.119989347,-3.34469745,4.059397193,0.643785406,-13.83992118,11.20765941,1.748241351,-4.985232856,6.040105691,0.754270716,-20.64959644,15.82503805,2.288805601,-9.457620058,9.817567991,1.132069458,-13.49836028,12.80810525,2.730697432,-6.347937235,7.319964985,1.597876613,-14.15902585,12.68471316,2.202606435,-9.275646239,6.453117182,1.224007684,-14.55815515,13.64641123,2.577192424,-7.37254293,8.530726163,1.493092025,-3.015090504,4.083623417,0.578807136,-0.944691153,1.445504212,0.180869695,-2.069106883,1.893079112,0.408809964,-0.602550695,1.152427624,0.130802642,-3.642290149,4.889471462,0.792553833,-1.153576476,2.894379402,0.278855294
415,M,0,-2.47888488,2.630054726,1.19270587,-43.93861632,15.13364454,12.58574563,-6.751315879,56.81002449,5.896048223,-34.76921456,28.58492455,12.0984073,-21.40926175,43.3250903,12.38289421,-39.52972234,33.80179274,12.55314336,-14.22921484,50.60504355,15.97826678,-12.35481717,59.40867242,16.29284917,-11.66733204,67.71733065,14.99740753,-8.51410596,8.154105317,1.40250767,-5.855661876,6.38950724,0.815140401,-13.05700174,10.45493323,1.669205377,-4.672089704,6.058906061,0.770359775,-7.458016026,15.61221522,0.80170349,-6.647163765,5.555711196,0.461798707,-8.876319847,10.53000856,2.196615028,-5.272948397,6.050620606,1.303037596,-12.50282425,11.98514588,2.12430142,-7.571972497,6.03947271,1.169443421,-10.73710509,13.3817216,2.129988706,-6.446207719,6.954165227,1.221113644,-3.644426493,4.202271476,0.49694466,-1.062088009,1.091518092,0.162451346,-2.664124569,2.011503711,0.364523399,-0.702625843,1.714328649,0.128578771,-4.237619244,5.781304529,0.672508503,-2.097088353,1.432424651,0.219597581
415,M,1,-2.47888488,1.685202382,0.894223587,-43.93861632,15.13364454,11.35492679,-6.628051833,78.80073318,13.75974991,-34.6125407,28.58492455,12.93701954,-20.04548953,41.85929007,10.37853509,-38.88935413,28.82739416,10.9646359,-13.92057519,50.60504355,12.12909844,-12.35481717,23.90059559,7.373035861,-11.66733204,67.71733065,14.73208194,-11.38238362,8.836325806,1.653918355,-6.438196547,6.38950724,0.962370514,-13.05700174,10.95089303,1.703876465,-4.685163885,5.791568117,0.769011593,-14.50444688,15.58184697,1.770028873,-6.265125978,6.14333945,0.814365863,-15.76348154,10.53000856,2.435294725,-7.457073954,8.243452284,1.38975349,-11.61015024,12.01251299,1.999250688,-7.571972497,7.21218432,1.110488936,-14.65154338,13.3817216,2.19908069,-7.235340484,7.666467043,1.262129842,-3.644426493,3.245603209,0.482689923,-0.77890395,1.003063217,0.164697427,-2.1497069,2.011503711,0.350086275,-0.599750139,1.714328649,0.120832663,-4.024980672,3.966614122,0.618881489,-1.171379469,1.789887348,0.224102238
415,M,2,-2.130455403,1.44504043,0.747873469,-41.03662893,13.40050219,12.62861793,-6.787756942,78.80073318,15.53845485,-36.14172237,28.45687342,11.92299543,-21.07923832,43.06980835,12.83817394,-38.88935413,30.93103927,12.36624081,-13.92057519,37.28062166,8.220333295,-12.24051022,23.6356652,7.947084442,-11.44790645,47.57288901,9.217519254,-11.38238362,8.836325806,1.705695863,-6.438196547,5.771535012,0.982287741,-12.47046443,11.77707754,1.787312169,-4.685163885,6.944749046,0.821970878,-14.50444688,15.58184697,2.046135369,-6.265125978,6.845999506,0.950928927,-15.76348154,10.37283972,2.507503418,-7.457073954,8.243452284,1.398864908,-11.61015024,12.01251299,2.154241524,-6.383974064,7.21218432,1.174371232,-14.65154338,10.94888203,2.277649834,-7.235340484,7.666467043,1.318298091,-2.398584803,3.245603209,0.458610799,-0.765398682,0.957709356,0.155358962,-1.892592266,1.833153467,0.348899454,-0.568618796,0.799112249,0.117257971,-2.945335875,3.966614122,0.62113029,-1.171379469,1.789887348,0.23164165
416,H,0,-3.368785551,2.301756923,0.986175941,-45.68279218,15.53975945,14.20582856,-6.326124737,87.32617787,11.02151745,-30.22814465,31.09894054,12.37656867,-22.88644747,44.09735351,14.60154071,-42.63504708,28.57506088,14.2784876,-15.49165965,64.84060565,14.36762357,-13.52395397,70.93097146,12.87948228,-14.05529349,71.70052012,14.87504259,-13.89942941,11.63726275,1.983150714,-8.929211077,5.515643873,1.1467505,-12.30216921,14.24046833,1.806960203,-5.743704951,6.775517135,0.846810063,-20.87646934,27.65014244,2.703766065,-13.6170011,13.11581585,1.523924999,-13.28451222,10.455098,2.432069804,-6.139259916,7.224534321,1.40080932,-14.53754293,16.21591009,2.45680552,-8.729088967,6.719829338,1.315057756,-12.2948378,15.94066057,2.466767066,-8.484414361,6.916728899,1.462063661,-3.161717002,3.940900713,0.603907935,-0.895299804,1.318972228,0.211418366,-2.814781871,4.672844799,0.75098294,-1.140488052,2.400059145,0.224469188,-4.526806105,4.019480473,0.693820476,-1.102718281,3.186002192,0.27654885
416,H,1,-3.368785551,2.222234966,0.994759814,-44.32217963,15.60150503,12.53916727,-6.326124737,95.3674406,11.1935301,-29.23567678,33.51276129,12.70105516,-21.00516884,44.09735351,13.40295258,-49.11023009,28.57506088,12.81607692,-15.49165965,61.56468677,10.91393602,-13.65737562,90.44183773,12.53919421,-14.05529349,46.72581404,9.88769949,-13.89942941,11.63726275,1.883395979,-8.929211077,5.515643873,1.078984918,-12.66949506,13.59571958,1.648426182,-5.337395371,5.950282687,0.765018005,-20.87646934,27.65014244,2.528899849,-13.6170011,13.11581585,1.409570252,-13.28451222,10.455098,2.665996026,-5.713070515,6.644635068,1.524472504,-14.53754293,16.21591009,2.27609728,-7.91332572,6.363007063,1.215141268,-13.15844622,19.20225576,2.563665599,-8.484414361,10.21888684,1.531981142,-3.161717002,4.75256256,0.664172473,-1.285882618,1.834990815,0.213265554,-3.133622504,3.955053011,0.722537937,-1.140488052,2.400059145,0.220265151,-6.243008802,5.962531436,0.779099158,-1.359062157,5.129219912,0.290144797
416,H,2,-2.51605806,2.222234966,1.000560519,-43.29798523,16.02689992,12.02574775,-6.253635971,95.3674406,14.81252503,-26.00763423,36.90510504,12.95029454,-15.25832065,44.14936095,11.65695431,-49.11023009,21.72086937,11.60450083,-14.95231476,61.56468677,11.70514727,-13.65737562,90.44183773,13.02771504,-13.62627061,47.44760779,11.27725748,-11.87940465,7.823761367,1.769754434,-7.197460498,4.753103282,0.999844449,-12.66949506,13.36361554,1.600701909,-4.849004345,5.559104899,0.728648856,-20.2955377,25.15397749,2.503785705,-12.21047218,10.52109106,1.400562082,-10.76508832,9.661423361,2.620949871,-5.713070515,7.192514623,1.503198363,-13.60739017,13.83448946,1.979550537,-5.965598607,6.665721476,1.088783148,-13.15844622,19.20225576,2.310570306,-8.201325509,10.21888684,1.38358381,-3.2837914,4.75256256,0.694239539,-1.285882618,1.834990815,0.201632223,-4.324659167,4.16893031,0.724750534,-1.218579936,2.099652565,0.214377834,-6.243008802,5.962531436,0.820007815,-1.359062157,5.129219912,0.273074023
416,L,0,-17.96000744,4.011812375,1.239395505,-70.87036185,15.49954536,14.60940576,-12.51316298,96.85133442,15.6824006,-212.0485012,34.92081329,13.62288741,-48.25089866,118.0178898,15.00340314,-95.28482559,148.1246506,14.94987251,-10.19120265,408.3138573,27.77225735,-6.590574623,491.8021443,30.68545014,-11.09887416,295.8294207,23.8114677,-88.04515812,75.64353566,3.64120998,-16.37456274,79.92381772,1.999284316,-13.44989642,15.2005102,1.78473621,-6.088295737,6.23442055,0.810655412,-21.68808449,22.2893974,2.604878336,-14.12927089,10.3672518,1.475580052,-50.52952436,26.19803887,3.023952171,-15.1620212,33.53704863,1.781733145,-22.18701791,22.31373446,3.131353488,-19.71994261,9.584155341,1.81886871,-47.40737085,90.76919704,3.879079543,-64.93827271,48.84976979,2.498772884,-16.17985213,13.27179957,0.983511825,-5.855593583,2.845723975,0.262210835,-25.37592252,15.00707367,1.340750408,-8.256669912,3.066049234,0.347493892,-7.166632724,10.84691069,0.841402312,-3.835188082,2.889359828,0.235491522
416,L,1,-2.262137622,1.310527207,0.745197621,-47.19889416,13.74282486,13.42541392,-6.26626959,96.85133442,11.38617792,-29.83404083,28.84887893,12.64413068,-32.17423343,59.08891121,12.48652133,-39.58334287,31.36908538,11.58705042,-10.19120265,19.17378444,5.939508246,-6.553581463,26.00803153,5.083777664,-11.09887416,13.70756143,6.955233072,-9.309608403,8.516308766,1.603496095,-5.251479478,4.227063861,0.901962002,-12.28786586,15.2005102,1.735295202,-6.088295737,7.359250746,0.796503694,-21.68808449,22.2893974,2.239642531,-14.12927089,10.3672518,1.271418902,-10.22506276,11.53858387,2.633744304,-5.865594102,6.649397456,1.537637634,-14.25118376,13.20121968,2.53578788,-8.73747114,6.487729537,1.487791776,-14.13509089,13.31520094,2.579833405,-7.204040429,7.045739129,1.58196657,-2.077154953,2.267781498,0.314169513,-0.705729524,1.828685569,0.113565815,-1.863668116,3.288390984,0.376963119,-1.087185049,1.311931741,0.124498057,-2.395860363,2.43210856,0.367461143,-0.846056159,1.95772299,0.149863909
416,L,2,-2.262137622,1.263874876,0.719309917,-50.29504426,11.69562038,12.0107414,-6.207695966,87.63877346,10.2057935,-33.20661322,29.19955662,13.72415741,-35.9558202,57.5989684,11.51698525,-39.58334287,31.36908538,11.55754002,-10.14032687,24.44947396,5.717751057,-6.400234428,26.00803153,5.277036671,-10.87238004,31.95844996,6.890295908,-9.309608403,8.516308766,1.589307427,-5.251479478,4.352901372,0.909764332,-13.73122521,14.70992793,1.713802273,-5.778056803,8.067247397,0.834507692,-17.44555404,18.14093658,2.028594635,-9.401351714,6.874671588,1.12668604,-11.10590607,9.854806011,2.608984423,-5.85389832,6.628129707,1.511504244,-19.373149,13.20121968,2.485395024,-8.754341628,6.914855499,1.447058842,-14.13509089,13.31520094,2.559442867,-7.204040429,7.045739129,1.546528868,-1.394138067,2.267781498,0.297282905,-0.705729524,0.686428176,0.102266003,-1.863668116,3.288390984,0.341485937,-1.087185049,0.881271292,0.105637804,-1.733168844,3.142978195,0.368625614,-0.869328608,0.956524425,0.136652856
416,M,0,-2.284569922,4.613718482,1.092533812,-42.54560019,17.7540863,13.71463101,-6.966194899,107.8900311,12.87802907,-32.5023947,31.56132474,11.88306155,-20.8778357,44.23836683,13.55284239,-50.79195314,33.15023822,13.30084552,-14.70940199,37.81443558,14.71503046,-13.28175543,110.421795,16.33524615,-12.73175948,37.92784635,14.6331977,-11.51056318,9.833181168,1.974808235,-5.143117812,4.98710997,1.116126229,-14.88094948,12.38382374,1.633261987,-5.541833945,6.110958401,0.757354113,-21.96538074,21.15072561,2.561164606,-13.36582646,11.45184708,1.56010223,-12.36987019,14.11331456,2.376746037,-6.402460646,8.883281354,1.341546835,-14.69935171,14.72138035,2.262532043,-9.370035025,6.092982597,1.234694175,-15.98901626,16.47186389,2.372499491,-7.663088989,8.107970776,1.400547976,-4.806149537,4.853671061,0.547900678,-1.440895614,1.756111289,0.177730034,-12.36699577,11.0974118,1.133801236,-3.323840353,5.774522394,0.311553933,-3.878387689,2.721796967,0.491046765,-1.073520284,2.615719024,0.192510811
416,M,1,-3.286102688,2.164982003,0.94979651,-42.0958897,16.79671656,13.48127562,-6.768948691,120.1833027,18.05217144,-31.46604083,31.56132474,13.72414802,-15.96770188,40.59096407,13.07437523,-38.16454806,25.30973632,12.45123795,-14.91947009,33.47928888,9.851489636,-12.80418297,38.22199254,9.09810066,-12.92856634,30.44093001,9.525899926,-10.40693499,9.270122845,1.97385877,-5.999449868,5.810092353,1.142675835,-13.743161,12.38382374,1.482042182,-5.278986041,6.192918107,0.710571981,-25.84557996,24.38957425,3.316765474,-17.48979526,14.97558946,1.915514649,-9.924200388,11.57051893,2.24652499,-6.233589166,6.569753272,1.260239141,-12.86275087,13.19070979,1.836972113,-5.381963391,5.763148863,0.997832226,-12.06368471,11.01427166,1.994215256,-6.307749266,6.559382255,1.210694823,-3.424031243,4.134394631,0.489707709,-1.182659081,1.618168883,0.167225463,-3.538367155,4.176152529,0.660254153,-0.895388152,2.199818285,0.228002294,-3.686014017,3.945322652,0.501847096,-1.194342332,2.615719024,0.192938221
416,M,2,-3.286102688,2.164982003,0.830347,-42.0958897,15.09627148,11.24984163,-6.695195068,120.1833027,13.67548021,-31.46604083,30.18910301,13.5511219,-15.96770188,40.54413714,11.57516952,-38.16454806,25.30973632,11.74192552,-14.91947009,33.47928888,8.975078593,-12.78801609,41.09402403,9.257624876,-12.92856634,30.44093001,8.939250045,-10.40693499,9.270122845,1.982922544,-6.748573855,5.810092353,1.167026709,-13.743161,12.56460749,1.395366542,-5.278986041,6.192918107,0.688557884,-25.84557996,24.38957425,2.776676417,-17.48979526,14.97558946,1.655937436,-12.57707059,8.707878748,2.229051667,-5.674946507,7.133230746,1.266709222,-13.11887498,12.63986286,1.728834392,-5.95138529,5.763148863,0.956337069,-12.06368471,12.82455555,2.038965048,-6.307749266,7.008703306,1.228477415,-3.424031243,4.134394631,0.460424974,-1.182659081,1.618168883,0.169287496,-3.538367155,4.176152529,0.642939826,-0.979844284,2.199818285,0.221848027,-3.686014017,3.945322652,0.473564277,-1.194342332,1.986816261,0.189548796
417,H,0,-1.404416307,8.063820392,1.498211959,-70.85832337,27.8773227,14.39435544,-12.64930478,68.30130318,9.008055983,-212.6489418,68.64360796,14.27295056,-143.7555567,105.975059,13.50250313,-120.0061587,190.5798144,17.85668026,-9.076870349,238.0929826,24.26140431,-9.847512794,504.9803236,44.63303813,-15.37092153,74.14074743,13.540785,-111.4258615,105.3887145,3.758563439,-36.18356387,117.1994408,2.750431593,-14.19895142,19.33054469,1.913719852,-13.28625673,10.54441198,1.04105944,-13.93520469,16.68045009,1.589835887,-7.139885196,7.268052432,0.834113276,-25.78657089,62.03948711,3.083253519,-24.56494819,29.39836218,1.801388074,-23.51519332,40.49433416,2.980747006,-16.92264393,22.26081322,1.787597194,-50.72964206,16.32642509,2.369494399,-21.26669481,19.42106233,1.370362305,-5.820678141,3.145706813,0.6126771,-0.767347012,1.539754587,0.133749106,-13.4896808,7.002365652,1.018250956,-2.018600181,3.134524596,0.240767306,-4.24906337,4.251750838,0.61520671,-0.759465898,2.009295176,0.145590513
417,H,1,-1.175405973,0.225106242,0.321865643,-33.55205658,13.94381533,10.28097924,-6.551578291,52.21414112,9.393333664,-15.88370116,16.08317543,5.549160136,-19.09750779,32.03625262,8.588409489,-19.28703827,13.54404133,5.91046938,-9.406578063,18.65121593,5.215509448,-9.478511984,16.58332838,5.015630963,-7.914367764,21.78197628,5.36247299,-2.1009542,2.092750467,0.335902326,-0.823409225,1.030302447,0.160175625,-8.66649421,9.136965871,1.263416219,-3.872967894,4.44684371,0.564876493,-14.35339137,8.544219411,1.401045802,-6.397881579,6.539931399,0.71820891,-7.253870266,8.339194184,1.527749065,-4.808096693,5.170890159,0.894306757,-7.859924757,9.518240733,1.676559508,-4.206273165,4.254616726,0.980610989,-6.432106349,5.03980378,1.09817838,-2.980431973,3.274464,0.63639156,-2.63443775,2.944396742,0.412993319,-0.784438353,2.454233178,0.127313261,-3.422751093,3.622715771,0.533345248,-1.050693201,2.942960707,0.213179693,-2.759657906,2.578201581,0.423632147,-0.626394781,2.110645889,0.129251524
417,H,2,-1.62460144,0.372469598,0.374018291,-32.73673813,13.94381533,10.63285637,-6.595185835,52.21414112,12.95544921,-26.75740636,16.08317543,5.769631608,-19.09750779,32.03625262,9.394639407,-18.28119735,16.70309046,6.260267824,-9.406578063,23.16253566,5.667014566,-9.434408838,25.82942961,5.660555725,-7.914367764,21.74396208,5.843586162,-2.314398423,2.816372868,0.40507803,-1.150933994,1.216640524,0.19131988,-10.07317089,11.22637592,1.394700831,-4.767498138,4.716133803,0.629978314,-14.35339137,12.09417156,1.982502035,-6.397881579,6.539931399,0.959150374,-7.354313746,9.813933832,1.621088306,-5.199797479,4.528530272,0.946979643,-10.43788366,9.760598533,1.889302321,-5.497369475,4.56483982,1.1229468,-7.492046131,5.572588941,1.167050341,-3.22594188,3.140966642,0.695229342,-3.252069828,3.874024719,0.532261325,-0.889226937,2.454233178,0.157410484,-4.28289479,4.896436607,0.673750855,-1.209691826,2.942960707,0.249065569,-2.925655436,3.403568936,0.540712356,-0.710633416,2.650918051,0.168905404
417,L,0,-6.344403238,10.74752606,1.343233657,-43.97379556,14.30627251,12.41450543,-7.268633108,75.52267989,12.79619406,-47.38753562,47.39962131,12.42604365,-29.20627165,44.6718813,11.59734993,-52.08252914,24.75127569,11.79013518,-11.21218913,85.77432448,13.67699129,-11.18828711,128.4658499,16.13897612,-8.923948723,46.77165847,12.02438601,-16.20026617,18.03598994,1.472133404,-5.976950463,9.135320625,0.622812916,-13.91822016,13.23224162,1.816945408,-4.886461636,7.095945427,0.807011219,-23.20486545,17.10247679,2.096567134,-10.4478214,10.03913121,1.089517632,-20.65093745,21.6299424,3.498123008,-12.32057351,13.35007895,2.073506908,-17.38389431,18.15438009,2.796240061,-11.4411608,9.823782556,1.644060523,-15.6552662,16.00380701,2.527643259,-12.9788773,9.316708976,1.568234731,-7.938664662,6.430228301,0.784029938,-1.622624472,2.568433312,0.205393899,-12.16535322,11.27975932,1.065888341,-2.437136104,9.050793878,0.384453113,-3.418945947,6.216962606,0.806350413,-1.451459992,3.021977295,0.218952989
417,L,1,-3.311774516,1.801852431,0.599975551,-40.47332039,14.30627251,10.61518544,-5.378159955,60.95984076,10.6851889,-47.84654602,35.74265476,10.6889165,-29.20627165,42.08041707,11.1907121,-43.45632965,24.75127569,10.46564444,-11.21218913,42.94918703,10.67845266,-11.18828711,32.52714485,8.917628023,-8.923948723,46.77165847,11.35013305,-6.604053457,4.878665715,0.806089144,-3.044232892,2.439779267,0.406277851,-11.01531871,13.23224162,1.334172721,-4.886461636,5.094026357,0.587889563,-17.38245528,17.10247679,1.65608918,-8.001130927,7.752084354,0.872224064,-18.61843971,14.6134772,3.106278314,-9.749657628,10.45601848,1.84573085,-17.38389431,18.15438009,2.394214207,-11.4411608,8.648712801,1.402609854,-14.62219874,12.52581865,2.207407129,-7.246063192,7.191163036,1.309437515,-3.408183505,6.430228301,0.655328278,-1.492669628,1.595175411,0.150847589,-4.678924694,5.684035186,0.647721345,-1.304962368,2.536008624,0.201967213,-3.642539563,6.216962606,0.719164936,-1.451459992,3.021977295,0.182736612
417,L,2,-3.652791086,1.730172682,0.536778076,-40.47332039,14.10346454,10.20576673,-5.37612007,68.9989067,10.91065697,-47.84654602,44.93662491,10.27578832,-32.41804818,42.08041707,10.92682301,-43.45632965,27.64782871,10.52981908,-10.98784788,41.41406659,9.333719529,-10.8130049,31.14209617,7.689322564,-8.826887835,50.49126114,9.948730066,-6.646451052,5.70131159,0.821514595,-3.044232892,3.526312997,0.436964048,-9.945842212,13.42217444,1.351823083,-5.349530577,5.588521632,0.623137948,-18.99046017,14.86393416,1.599018389,-8.760651063,8.118889798,0.831868112,-14.6581006,14.85759293,3.041022654,-8.833554724,7.872364627,1.800264389,-16.51874916,12.96802098,2.415415573,-9.25833789,8.653440547,1.406516426,-15.3185725,16.14952269,2.190469251,-8.464383103,10.53140797,1.294168614,-3.872311435,5.093519204,0.636657554,-1.040895511,1.595175411,0.142513301,-4.225498371,3.882668987,0.576062714,-0.961422093,2.536008624,0.172594118,-4.470194844,5.98095174,0.7086069,-1.19764992,2.869249537,0.170109197
417,M,0,-4.5506128,8.408873438,1.21981122,-46.24943486,14.88862973,13.10118281,-8.101054494,62.52735505,11.47239464,-40.63781966,47.98675497,14.30046708,-45.23488743,43.24055474,12.77021474,-55.98857907,28.23344015,11.91642949,-12.05387191,55.62342789,13.21172013,-15.68067221,100.9527493,14.01583157,-8.343751818,59.66493009,13.12776447,-10.70340095,11.50669957,1.583244161,-3.792868146,4.605902987,0.726302165,-11.6578292,12.69082035,1.791641766,-4.243107678,4.841949208,0.776376236,-16.9452597,11.75734081,1.707778529,-8.775744682,6.668377969,0.851302152,-22.14847376,18.46363799,3.309418952,-11.90767648,11.1766246,1.948025581,-16.2175648,18.07862393,2.976852567,-9.255311047,7.496478188,1.687824326,-15.51193355,16.20736965,2.748992932,-8.867358116,11.80937266,1.606368979,-6.15803037,6.480225257,0.880257643,-1.439234407,2.516735131,0.2223399,-16.69528419,11.93157112,1.25693392,-4.181641586,9.355407545,0.511252935,-5.08472305,6.563570387,0.864438755,-1.464860524,3.050164982,0.209210734
417,M,1,-3.742083527,1.094146451,0.862929904,-43.32977869,14.88862973,11.94367914,-6.736064501,60.95269462,10.15346018,-40.63781966,29.14507966,9.760852032,-28.77065715,43.24055474,11.49613555,-37.36031913,23.65588663,11.31692903,-12.05387191,52.74629398,12.06787055,-15.68067221,35.46798522,9.554964846,-8.447390016,57.95520586,12.48113282,-8.532125422,9.415971411,1.190917804,-3.271077426,3.840869855,0.60233055,-10.3739596,12.69082035,1.474276625,-3.938439569,4.841949208,0.652839345,-14.39997768,10.40519286,1.30767442,-4.575235044,6.651081031,0.673336069,-12.82207624,15.28867781,2.762493541,-8.2223073,7.864061742,1.61761523,-15.47171783,14.47337429,2.638249952,-7.042336533,7.188677241,1.522745134,-14.06547383,14.94151505,2.269228441,-8.246302452,6.470020192,1.306418926,-5.074789784,5.003159479,0.812243378,-1.27262572,2.198588109,0.18995607,-5.180441469,5.542248486,0.927544819,-1.360598518,4.513688177,0.329336415,-4.578857083,5.155474466,0.791377058,-1.120840777,3.050164982,0.181491666
417,M,2,-3.387655823,1.327499341,0.772143094,-40.89466887,16.27025004,10.81238351,-6.736064501,77.37780834,12.36049231,-30.48663399,41.92721404,9.050574279,-29.50361209,40.57804457,10.39403579,-37.36031913,27.25388916,11.55862313,-12.20728852,45.78899365,11.06730563,-15.11176296,35.46798522,10.40342688,-8.447390016,45.10304199,10.94390642,-7.216575469,9.415971411,1.019850792,-3.247144761,3.840869855,0.546252788,-10.70576464,13.44943562,1.259761401,-5.704275407,5.618266855,0.582516646,-10.48630412,11.24468587,1.521429982,-4.216755602,5.599964826,0.74016221,-16.03869621,15.28867781,2.690882938,-9.116928919,8.251097716,1.596757795,-15.47171783,12.84758473,2.397117596,-6.428366557,7.536552735,1.412808099,-11.93927965,11.25004432,2.139267306,-5.711248838,6.299720083,1.214506813,-4.521434971,4.243545486,0.646743416,-1.215157427,1.580004088,0.137280604,-5.180441469,5.542248486,0.79457513,-1.359528577,3.6952132,0.243259289,-3.932978341,4.16315206,0.615645341,-1.056860019,2.555590138,0.136589592
418,H,0,-4.815370254,3.477437826,1.230097004,-28.28620558,11.2339191,12.72917568,-6.593971026,68.40301457,12.56151322,-28.52310521,24.78209752,10.69893543,-28.31257185,33.46264195,12.46620676,-46.17784478,33.32192887,12.0378309,-11.50772092,53.66079317,14.7465803,-9.998793907,54.23087848,15.36039159,-14.67282503,52.16629351,12.94307204,-9.813346344,7.342508026,1.549657723,-5.81116727,4.503205862,0.869495572,-8.871695802,8.042819666,1.286398901,-3.249283823,3.415325291,0.546343116,-12.2532575,12.06666281,1.503059974,-4.62048238,4.993741302,0.70882209,-11.20172654,11.01917626,2.090120148,-6.634306401,6.103853349,1.206431562,-12.76296844,11.22733434,2.408588285,-5.516295271,6.351505219,1.297235602,-12.17646306,18.90306354,2.584644814,-7.84692672,9.182443447,1.49727688,-3.680758156,4.073234666,0.50417036,-0.471692723,1.640852113,0.110082425,-4.252217891,4.492840603,0.493710982,-0.514520873,3.376689025,0.10876566,-4.947798377,5.027606698,0.888933339,-1.458035931,3.22253568,0.282039828
418,H,1,-2.966614911,1.862497396,0.914404816,-28.40365461,11.97656638,11.01098517,-6.444660349,80.23767622,15.14053247,-25.66963739,27.84083426,10.28549415,-31.09823835,33.46264195,11.46722107,-41.79887694,38.45380415,11.60635043,-12.17363402,17.61043829,6.420750188,-9.788068854,12.23736575,6.234051255,-15.82534687,39.0588906,8.409254937,-9.813346344,7.342508026,1.306642241,-5.81116727,4.503205862,0.76865064,-9.330284266,8.042819666,1.395773768,-3.253887621,3.519894862,0.602575811,-16.88694519,12.24288605,1.986413953,-5.849053896,7.924057331,0.904528777,-11.20172654,11.01917626,2.106721819,-6.634306401,6.103853349,1.1874465,-15.59647927,10.63612907,2.355438709,-6.26269796,8.17718991,1.317709476,-12.44525678,22.54754382,2.631727971,-10.01828279,13.83082554,1.533828131,-2.073676556,2.703716352,0.406460274,-0.549717254,1.385443781,0.107772325,-1.894597802,1.982491896,0.349911945,-0.514520873,1.215670743,0.086350182,-4.327759325,4.793187451,0.835508903,-1.215488552,3.22253568,0.29829392
418,H,2,-2.543706817,2.157011207,0.766911717,-28.40365461,11.97656638,10.62484656,-6.687155716,80.23767622,11.98716725,-27.17721549,27.84083426,10.9888962,-31.09823835,30.23365226,10.68125177,-37.23533294,38.45380415,11.41004893,-12.20202581,23.21307808,7.414144351,-9.484501742,18.9133017,6.908994436,-15.82534687,37.83436043,9.431607528,-7.169229536,6.363639019,1.135998104,-3.905287936,3.577883317,0.648733159,-9.330284266,8.000070496,1.32283493,-3.271916951,4.037754294,0.583479023,-16.88694519,12.24288605,1.750348986,-5.849053896,7.924057331,0.828208894,-10.74169408,10.01083871,2.106403184,-7.302688689,5.792349955,1.185991243,-15.59647927,11.89486483,2.19047657,-6.340420958,8.17718991,1.25851833,-12.69369785,22.54754382,2.462839357,-10.01828279,13.83082554,1.447113225,-2.073676556,2.764852383,0.410629394,-0.549717254,1.385443781,0.101485803,-1.621407362,2.066456486,0.352312189,-0.374702157,1.215670743,0.084385635,-4.327759325,5.179538052,0.792273754,-1.215488552,3.017639434,0.281300944
418,L,0,-2.839119313,4.149018504,1.129541054,-28.63554346,13.62192493,14.1383315,-5.862524095,75.69762323,10.7593134,-27.92965975,31.61135935,10.32489605,-23.5698224,33.54566115,12.61669222,-38.7090063,29.76648951,13.18348685,-15.10737734,43.95502187,14.8720355,-13.23320731,59.53343631,14.05442699,-12.80303995,51.63607844,15.06314727,-7.288356919,7.46492429,1.298340415,-4.364082193,3.787027403,0.711861697,-9.513423005,7.615917543,1.248372878,-3.385945905,5.302412064,0.572299563,-17.5897787,15.67214484,1.709485141,-6.515187667,5.622742723,0.933595679,-9.428185744,10.428204,2.050263984,-5.966245979,5.273095298,1.163044483,-12.89667352,12.8337614,2.074922202,-5.863362366,6.849341585,1.155639117,-17.72578213,13.71916218,2.198624986,-7.580645161,7.086962174,1.277150569,-2.537618764,2.379894979,0.391403259,-0.48353369,1.509134151,0.101144915,-3.403497924,3.611952705,0.553771909,-0.69665113,2.664461061,0.149338609,-2.529015284,3.814613242,0.423560418,-0.658720946,2.667245233,0.121366896
418,L,1,-2.467731999,2.50794999,1.025286117,-27.84278616,13.62192493,10.20810341,-5.972599334,75.69762323,10.70505511,-27.94855067,27.19101285,11.36243988,-23.46010607,34.1076443,11.35493943,-41.60789091,29.76648951,10.14460982,-15.10737734,20.19728046,8.542612954,-13.23415815,30.40452425,8.487311398,-12.88942116,15.86659178,8.407557762,-6.958105794,5.943026126,1.040643774,-4.337133303,2.970086472,0.601559684,-9.513423005,7.763991217,1.268078211,-3.385945905,5.302412064,0.57013534,-17.5897787,15.67214484,1.636197174,-6.515187667,5.622742723,0.879944144,-9.428185744,10.82515223,1.967362584,-4.931167535,5.273095298,1.085385873,-13.21784907,10.46303463,1.967892286,-5.863362366,6.849341585,1.083048724,-11.45169503,13.71916218,2.078375582,-6.084119326,6.825083888,1.212234416,-2.495841683,3.244203439,0.390478816,-0.625937235,1.034861157,0.097791932,-3.308501251,3.316010776,0.502335256,-0.945697819,1.422343693,0.125812256,-2.353366984,2.739040479,0.367835619,-0.582486347,1.690953037,0.113038426
418,L,2,-2.467731999,2.42618085,0.903667835,-27.84278616,12.32123646,8.970104479,-5.972599334,94.99332002,13.26574829,-28.28663987,27.19101285,12.63860271,-30.10029405,35.45309682,10.57026207,-41.60789091,38.36384705,9.858770663,-14.79879818,21.57999333,8.464413401,-13.23415815,41.08239595,9.39040216,-12.88942116,16.18460954,7.364866649,-6.958105794,5.645450059,0.973720233,-4.337133303,2.970086472,0.55982513,-8.680559221,7.763991217,1.0649763,-3.129451336,4.522355451,0.472020055,-16.82402403,23.26203473,1.802651108,-8.748105892,8.644662837,0.950727216,-7.439154968,10.82515223,1.973358875,-4.803470834,4.828035806,1.073649125,-13.21784907,7.965105287,1.68825068,-5.593074167,5.835666593,0.937521034,-10.81517618,12.03220965,1.92504422,-6.4487589,6.825083888,1.128006584,-2.495841683,3.244203439,0.362533785,-0.625937235,1.034861157,0.089451264,-3.308501251,3.316010776,0.471974831,-0.945697819,1.422343693,0.112093624,-4.241035811,2.747860094,0.389571309,-0.802705828,3.057906465,0.141782056
418,M,0,-7.144631505,5.234758622,1.396766111,-40.33083645,10.84888723,12.07639356,-5.912402159,83.89393824,14.38684606,-27.99014928,26.22850154,11.19420739,-27.74120545,37.1350267,11.64859409,-48.65007939,29.16014874,12.2113897,-11.11800435,58.85858453,16.01275605,-9.952252389,65.70185556,16.08552944,-9.56473561,90.44520041,15.61511744,-5.291486568,5.699668414,0.909386315,-3.742058302,2.598427778,0.480297833,-11.14223697,9.968054874,1.227526111,-4.05790588,6.356378241,0.565117174,-11.23794047,19.55222557,1.435607706,-6.974015532,7.777148472,0.766300824,-10.34237502,11.2731728,2.126284848,-5.858173804,5.134210535,1.205998724,-14.09679076,11.97875558,2.138962719,-9.227394981,9.718063498,1.257713257,-11.46138704,17.51607307,2.246389575,-8.591556882,7.285248472,1.313511506,-2.718628895,2.686293596,0.298884095,-0.468723611,0.654148069,0.072119272,-3.207253527,2.606843995,0.341467123,-0.497536907,2.1270424,0.104681617,-3.71115258,3.124563256,0.397426112,-0.772730252,0.677421149,0.104371748
418,M,1,-1.489361113,1.20519018,0.467642403,-39.4671605,13.2420874,8.670805622,-5.912402159,64.34988888,12.55993962,-27.04234513,26.9102647,12.28432991,-37.3839878,34.34117818,10.02583172,-39.76295163,40.65044038,9.963744956,-11.11800435,21.11144348,7.309598771,-9.952252389,26.49066729,7.416070722,-9.848635378,20.23724351,6.70370794,-4.221877625,4.087852852,0.79971616,-2.984416548,2.482082881,0.444052143,-10.7667928,9.976054103,1.133883302,-3.85699812,6.614740311,0.537404997,-11.93146078,10.8079551,1.418880955,-4.458518087,5.237365209,0.701218603,-11.37189668,11.2731728,2.126111089,-5.858173804,5.065611399,1.165459558,-13.88571394,10.94200025,1.972138622,-6.055804307,7.155673632,1.120725124,-9.96010734,11.94342433,2.035357358,-5.557564227,6.131653501,1.206565403,-1.236215318,2.419569691,0.232199369,-0.44481027,0.713244245,0.060025266,-1.266620159,2.095659561,0.222769594,-0.321710234,0.713926929,0.059893538,-2.731582534,4.184155288,0.333694652,-0.654678674,2.919425336,0.112334435
418,M,2,-1.593038821,1.20519018,0.492336174,-42.07164734,13.2420874,11.43431957,-5.916423139,64.34988888,7.777000507,-28.80476426,26.9102647,11.58129783,-37.3839878,36.99996598,11.21026575,-39.76295163,40.65044038,10.77696246,-10.8961387,21.11144348,6.063883364,-9.73771084,26.49066729,6.039199029,-10.21170057,20.23724351,6.209508648,-5.847982367,3.865193727,0.894715733,-3.364807544,3.38116738,0.514551689,-12.32827886,9.976054103,1.326949954,-4.356377445,6.614740311,0.578331793,-11.93146078,10.8079551,1.163766193,-4.458518087,5.237365209,0.602673639,-11.37189668,9.549211639,2.092503183,-5.808271958,4.81941258,1.154314161,-13.88571394,10.94200025,2.167619744,-6.055804307,7.438540678,1.212778058,-9.96010734,14.86638971,2.162411195,-7.204140133,6.131653501,1.258571571,-1.236215318,2.419569691,0.275655977,-0.44481027,0.713244245,0.066297009,-1.266620159,2.095659561,0.274981021,-0.413938338,0.713926929,0.063882185,-2.731582534,4.184155288,0.391862486,-0.654678674,2.919425336,0.133048141
419,H,0,-2.535873653,8.328113227,1.261142632,-41.65994865,16.35184559,14.17883242,-7.012683083,59.10666683,14.44038235,-38.21321161,35.93322119,12.25119131,-22.50286993,39.02312902,12.8306862,-40.28419683,29.59564121,13.02188414,-16.13556615,63.87500635,15.02087327,-15.97120011,74.55034854,13.53674977,-13.69985498,52.91975601,15.23274326,-7.720432705,7.371753602,1.052738256,-3.210685908,2.299687425,0.495954417,-11.04396107,10.42991693,1.512043486,-4.145292507,4.667029205,0.689859617,-14.73964689,13.27692382,1.454446203,-5.381176546,4.940514571,0.6563386,-13.36693707,14.19343748,2.801103254,-7.798789477,7.893543434,1.632033732,-11.40043014,11.93236416,2.316534267,-7.06726983,5.948699981,1.309745541,-16.24489032,11.50923171,2.367445386,-7.706756604,7.098609208,1.362680718,-4.867148223,4.887090529,0.589164762,-0.785461396,2.54569986,0.134230657,-5.657338469,6.762998805,0.681238852,-0.867692582,3.87294003,0.167885027,-3.484271433,2.962167637,0.612131926,-1.040713902,2.321431959,0.16346608
419,H,1,-2.858558735,1.720032505,0.946070928,-37.47503899,16.35184559,12.88387508,-6.824845278,59.10666683,14.69221788,-33.27549421,34.16859922,11.7544838,-22.50286993,35.39052835,12.78831082,-40.28419683,31.93430079,12.85735635,-16.13556615,45.06926448,11.6444737,-14.92560392,52.24030849,12.43343416,-13.70622415,52.91975601,11.46796353,-4.580245458,4.71195178,0.907891658,-3.210685908,2.299687425,0.485857225,-13.05072641,10.54795573,1.683899912,-5.73655392,5.996852737,0.762861253,-14.73964689,13.27692382,1.668043314,-5.381176546,4.940514571,0.748927932,-13.17993642,11.10611752,2.824955899,-7.387714445,6.199892415,1.627674002,-11.10470221,11.93236416,2.368304447,-6.422187117,5.948699981,1.343654265,-16.24489032,11.97344738,2.471629491,-7.706756604,7.098609208,1.407820486,-2.369557284,2.482932754,0.475232129,-0.553342205,1.003605423,0.105626892,-2.944752604,2.482835957,0.536574997,-0.8657001,2.276335352,0.127825286,-3.423441995,2.962167637,0.559440446,-0.682442523,2.321431959,0.15382179
419,H,2,-2.858558735,1.333718442,0.766310647,-37.47503899,15.67780265,10.59972485,-6.824845278,50.66140049,10.53908328,-34.69476224,31.16568849,12.32800085,-22.26763165,34.41029368,12.00788177,-33.48466086,31.93805925,11.85239982,-16.77135703,45.06926448,9.722009937,-14.92560392,52.24030849,11.89047366,-13.70622415,27.08733124,9.632552426,-3.424416454,4.054234682,0.820239635,-2.480609635,1.851236493,0.466192843,-13.05072641,10.54795573,1.584411588,-5.73655392,5.996852737,0.735154815,-10.44973202,10.56718732,1.369048265,-3.84049904,4.705159487,0.609331886,-13.17993642,11.10611752,2.645607127,-7.387714445,6.764374906,1.540178847,-11.10470221,12.00800821,2.297893129,-5.908970723,5.885282016,1.294375983,-13.62318242,11.97344738,2.380612958,-6.456311869,6.875395433,1.351221769,-2.324383029,2.335088585,0.362669169,-0.528581251,0.822436831,0.077840659,-2.42045749,2.482835957,0.374172677,-0.363000432,1.407015286,0.078695211,-2.851345234,2.838668777,0.420276125,-0.682442523,1.467134857,0.112405617
419,M,0,-2.161939505,2.221565742,0.842022908,-37.10619865,16.67673604,13.01857541,-7.264944287,26.20300145,6.246592194,-32.58779083,52.03261806,12.06788285,-26.93737517,35.94070164,13.68650497,-36.07841358,41.69229538,12.39445118,-16.92757622,60.29915339,10.91144876,-14.95989517,28.91189589,7.797547358,-13.43762257,70.50395474,12.64979109,-5.382038597,4.497028245,1.026036457,-3.38635747,2.921583584,0.578653767,-9.959616802,9.710213547,1.399341272,-3.934177551,3.51841626,0.625093538,-4.949642767,7.208986594,0.526712636,-2.774063991,2.012325821,0.327898228,-11.59971848,11.94308795,2.587708012,-6.540011931,6.402619767,1.485198217,-13.63115178,13.49916989,2.201915092,-6.806177001,6.890255706,1.230091074,-14.64155785,11.77750143,2.367579755,-7.242243375,9.430621226,1.403608831,-2.519916208,4.003174571,0.434112027,-0.558848859,0.629420776,0.097831576,-2.027905513,3.410113385,0.434732221,-0.567333702,1.173993774,0.10318039,-2.706222909,3.535077005,0.450539406,-0.584705216,0.983990681,0.126358146
419,M,1,-2.815553165,6.589135078,1.154476499,-34.1764871,15.09182625,12.63065011,-7.182923773,-2.233202919,6.049950338,-43.65639937,44.01002507,12.42109406,-26.93737517,33.77134912,11.05422665,-36.07841358,41.69229538,11.58584317,-17.07650231,44.80210723,13.14593608,-14.61076595,57.67724486,13.72006913,-13.18102512,48.50094638,11.05733299,-4.358376503,6.447045256,1.094175522,-3.229563364,2.921583584,0.580463389,-9.959616802,9.710213547,1.363250855,-3.57538364,4.024785446,0.584308345,-1.57258836,1.597885724,0.421527393,-1.107542079,0.983350547,0.293071604,-10.95307129,11.97836819,2.608979682,-6.81378813,6.618663078,1.485478446,-12.91919667,14.64927738,2.083623128,-6.623983167,6.182216582,1.16367202,-14.64155785,11.08529751,2.38367579,-8.238982674,9.430621226,1.419290586,-2.192991803,4.003174571,0.484487336,-0.784987459,0.746419779,0.114960497,-2.555161158,4.734889942,0.533697225,-0.81246847,1.173963273,0.119212007,-2.287549174,3.535077005,0.497987107,-0.908418928,0.983990681,0.143072236
419,M,2,-2.815553165,6.589135078,1.090646163,-35.73868582,14.33113987,11.84048715,-7.182923773,65.18504681,12.83248324,-43.65639937,34.90801298,11.7713916,-22.98530318,33.77134912,10.91603514,-37.74023803,29.19018506,11.29943002,-17.07650231,44.80210723,13.7370886,-14.63367264,57.67724486,14.38608771,-13.01525957,48.50094638,12.43205035,-5.091678186,6.447045256,1.049085337,-3.229563364,2.699959253,0.558656438,-12.71518348,10.35901153,1.3653085,-4.566624464,6.380074814,0.595084649,-11.4153775,15.6314386,1.467916427,-6.5520095,6.288875776,0.659132553,-10.08209621,11.97836819,2.663643471,-6.81378813,6.618663078,1.568208595,-11.25150504,14.64927738,2.080918168,-6.30541893,6.613736466,1.176268751,-13.72016538,14.21576779,2.395961377,-9.217702067,9.040565647,1.42531554,-2.599029373,2.820222406,0.467786,-0.784987459,0.770608127,0.11042133,-2.576576711,4.734889942,0.539260349,-0.81246847,1.812804098,0.126996899,-3.330626167,3.020863196,0.531423451,-0.908418928,2.373498214,0.149276091
420,H,0,-4.377092972,2.767936232,1.103460711,-51.74392349,13.68412401,10.52847818,-12.97294989,28.82522556,11.1604078,-26.41045678,23.8327005,9.439324047,-28.37752436,46.00522528,10.75631123,-41.55459387,32.46937175,10.68394987,-18.05796155,59.00838868,10.5899489,-12.51051083,37.16027714,9.401727162,-15.00200577,56.36169013,11.425233,-10.07594794,8.449683326,1.374176036,-5.743712099,5.611615633,0.786555815,-12.26848379,11.12104185,1.338516824,-4.90852224,4.860396079,0.588726506,-7.635941468,6.611823828,1.028277229,-4.730434605,3.314926141,0.539732505,-8.903449411,9.149657878,1.989781712,-5.710390238,5.561732976,1.158530674,-15.6516738,14.48967657,2.497685113,-7.587041659,8.198505394,1.443882137,-14.57994447,20.43932502,2.376463175,-10.60685697,8.646673822,1.385563598,-5.074193151,8.89996134,0.862303792,-2.572026056,2.23982852,0.256593592,-6.342830281,9.706807676,0.895385452,-2.311567817,5.559112188,0.340665047,-4.874802327,7.431752265,0.902194062,-2.15122877,5.18123653,0.296803616
420,H,1,-6.28446748,2.767936232,0.872281286,-47.61872283,15.21123443,9.82145756,-13.15848285,28.10544897,9.579816738,-27.76169043,27.29616596,10.5503551,-28.37752436,50.37934349,10.75921243,-41.87507668,32.46937175,10.65077372,-18.05796155,50.64576258,10.38264214,-12.51051083,57.64593496,10.22055829,-15.00200577,43.90885436,10.37758495,-15.41333925,15.64361241,1.545710989,-6.331088627,10.45979854,0.893233884,-12.08854674,12.14624858,1.328871114,-4.300511897,4.29405889,0.56500098,-8.722656402,6.77915911,1.080853246,-4.730434605,4.407740795,0.554566273,-8.903449411,11.55376492,2.167757086,-6.579288053,5.561732976,1.222957685,-17.22600068,15.57984456,2.363998805,-9.273777486,8.679566802,1.36321607,-14.89625371,16.97058441,2.378750175,-9.603965099,6.668795238,1.341474474,-7.409291392,8.893202092,0.919482216,-2.510637015,5.679463921,0.306702376,-5.214869736,9.969492446,0.892373839,-2.526630808,3.224830533,0.28881848,-8.847298909,8.045662097,0.881204961,-2.79408693,5.85775548,0.33585934
420,H,2,-6.28446748,2.756653252,0.910519201,-50.35179444,15.81630623,11.2932088,-13.30180928,28.10544897,10.13454639,-27.85270921,27.29616596,11.19377029,-24.78531996,50.37934349,10.84531821,-41.87507668,31.95633929,10.84901638,-17.20613932,50.64576258,10.71880583,-12.8898232,60.8604906,12.21111582,-14.53066094,30.92746691,9.567628236,-15.41333925,15.64361241,1.642920677,-6.331088627,10.45979854,0.955761642,-13.10061063,12.14624858,1.56895342,-4.838957407,5.263860609,0.67932622,-8.722656402,6.933594519,1.05283891,-3.839980558,4.407740795,0.538646571,-12.8877674,11.55376492,2.282014002,-6.579288053,5.56299698,1.306314501,-17.22600068,15.57984456,2.435635974,-9.273777486,8.679566802,1.414791658,-14.89625371,16.97058441,2.401658533,-9.603965099,8.052841647,1.377230273,-7.409291392,8.893202092,0.96789377,-2.510637015,5.679463921,0.326663283,-5.214869736,9.969492446,0.980705539,-2.526630808,3.224830533,0.288477804,-8.847298909,8.045662097,0.961715521,-2.79408693,5.9123556,0.403230288
420,L,0,-3.843754683,1.756506016,1.102211875,-41.1789665,14.99727919,11.48197389,-5.64673627,62.89004727,10.25840247,-36.75622898,23.27775307,11.18113385,-24.34471451,43.73970179,11.59212682,-36.4142841,38.14111784,11.09555766,-16.7002313,67.09029092,11.32066206,-13.02013369,61.42753596,11.24161604,-13.75913851,53.63506969,10.29199775,-7.114863514,6.048614205,1.048808798,-3.01051101,4.439883055,0.608531422,-9.458919238,10.01973483,0.865391893,-4.089414402,4.568838944,0.394161986,-18.48977781,11.0062126,1.367879958,-10.55085277,9.46910082,0.731907271,-8.434120537,8.618578368,2.042460371,-4.830581564,4.08631945,1.213327709,-14.08168511,11.77601065,1.647375415,-5.034426056,7.349778466,0.963428204,-10.192944,14.90108145,1.782340975,-7.757641554,4.834868506,1.058484024,-5.662449072,11.31125912,0.636520089,-3.054150357,3.134282919,0.224248251,-4.07452149,7.782384055,0.519385381,-2.105263216,1.762940316,0.177739982,-6.498563624,11.80576704,0.677592521,-3.06978276,3.415026226,0.2726698
420,L,1,-2.181720121,2.337587311,0.956005597,-40.63313966,12.5432037,7.614200979,-5.72961412,56.88497323,12.20487936,-31.01263942,31.23583327,9.513132682,-20.93005795,41.76197716,9.163586114,-37.22239877,25.17289155,10.25682908,-16.76403339,34.69521401,8.931312788,-13.39159046,47.667066,8.799944885,-14.14886622,25.90842051,8.764123865,-8.27709947,4.934990017,1.145982786,-3.153737871,3.633577002,0.647383428,-10.02922355,8.592312804,0.900860554,-3.889279048,3.496202261,0.392447852,-13.15886641,17.07602605,1.541353107,-5.907329743,8.421924436,0.78060711,-10.75723641,11.90076081,1.989737591,-5.785706203,6.669166255,1.199757902,-12.33882264,11.81814892,1.621132131,-5.715369007,6.935177119,0.938145445,-8.882478827,13.85086343,1.752556572,-6.282969026,5.861385286,1.053710458,-3.773016244,5.438643091,0.608999568,-1.346558539,3.433856624,0.239292498,-4.041676789,5.046863539,0.595999052,-1.166428599,2.861129806,0.216633374,-3.679535893,6.104931809,0.636921752,-1.547536797,3.678597213,0.275725695
420,L,2,-2.181720121,2.337587311,0.925733922,-41.07932936,13.21484304,9.761912139,-5.72961412,56.88497323,11.64335105,-32.54773561,31.23583327,10.02891756,-20.93005795,41.76197716,10.08046594,-39.35108675,27.66184166,10.00355749,-16.76403339,56.09533609,9.656162935,-13.39159046,47.667066,9.818860805,-14.14886622,61.70896442,10.76676629,-8.27709947,8.540146079,1.251094081,-5.62224887,3.984183032,0.713161111,-10.67858433,9.634944622,1.170688383,-3.889279048,4.656243602,0.497960716,-13.15886641,17.07602605,1.438822815,-5.907329743,8.421924436,0.721459175,-12.60502575,12.09075631,2.128962915,-7.442873767,7.191626111,1.273193643,-12.98444828,11.81814892,1.840693413,-6.063976618,6.099698743,1.030935666,-9.046145479,13.85086343,1.960056619,-6.29898623,5.861385286,1.157204565,-4.267550805,8.050206353,0.761879936,-1.747995762,3.433856624,0.270918299,-10.0070329,5.046863539,0.79766829,-3.40846019,5.558593933,0.341629912,-4.331934561,8.284823691,0.827501046,-1.837048735,3.678597213,0.315098867
420,M,0,-5.725044269,1.86886832,1.236134476,-54.82868878,18.15164482,11.8434851,-8.821397131,37.3023863,10.28004519,-60.40984385,28.63286236,10.26334099,-22.3765538,53.80374384,12.1962777,-40.87650724,33.12596419,12.0543797,-13.7244093,63.39996632,12.09581271,-11.94040798,66.86528357,10.95222935,-11.78133246,70.43763304,12.10149371,-6.149078971,6.163541294,0.941727833,-2.744939471,4.326124504,0.502691033,-15.37446842,12.98759758,1.450520984,-4.69159557,5.832840916,0.626997452,-11.35912309,10.35760827,1.471179381,-4.395418838,5.352425436,0.797387241,-24.19368167,23.41431866,2.449322893,-10.48206419,17.65298438,1.450253076,-17.1718934,13.77997158,2.31815182,-8.369990286,7.482816281,1.327444165,-17.19482958,23.71296908,2.336215828,-10.93175837,9.457703882,1.389851247,-4.520812603,7.685336684,0.757251386,-1.74801077,3.45986918,0.236909502,-5.360624125,9.564258333,0.8352359,-2.44298554,4.984655607,0.285521596,-5.171068462,7.449329758,0.743292663,-1.727682629,3.829560561,0.265693022
420,M,1,-2.378185123,1.711874165,0.62885949,-57.37251549,15.5272432,9.529600296,-8.857901316,36.67583071,11.70024535,-22.04674268,28.15010488,9.191946748,-23.92717936,50.61101938,9.914849677,-45.51615056,25.21147236,10.23498826,-13.34399895,51.07060988,8.072091932,-12.12215148,53.09652236,9.135421314,-12.01067524,41.25012801,7.822817514,-3.717017171,4.760804553,0.835754376,-1.930770889,2.586966655,0.467890798,-12.82254664,12.10532413,1.240850963,-5.155604977,4.770916441,0.548190433,-12.48879172,11.51207915,1.706041231,-5.772839532,6.631594721,0.900775844,-9.856552454,12.78250137,2.108530933,-6.932545101,6.975849081,1.263378659,-15.45135658,16.17822437,2.122604164,-10.77432668,9.143846881,1.275762644,-10.71595339,17.38335905,2.114158712,-9.865690547,8.237784457,1.272733985,-3.645438067,6.588866329,0.613354175,-1.443752903,2.703927478,0.204860996,-3.62242073,6.050805082,0.648066905,-1.694859532,3.341131701,0.23305621,-5.312293915,6.421331038,0.638614762,-1.322311594,3.829560561,0.24034683
420,M,2,-2.759599438,2.120072952,0.744047493,-57.37251549,15.533349,10.0301162,-8.857901316,35.03059641,11.2294085,-26.56941413,34.19803376,10.64009901,-23.92717936,71.76653706,9.226941774,-45.51615056,26.31215131,9.402036963,-13.79337363,51.07060988,9.25468475,-12.12215148,53.09652236,11.10145608,-12.14456988,41.25012801,8.741634692,-5.29380319,4.760804553,0.873880183,-2.66483157,2.586966655,0.467137137,-12.82254664,12.10532413,1.376432455,-5.155604977,5.139193363,0.60320563,-12.48879172,11.51207915,1.637003979,-7.640200355,6.631594721,0.871280759,-10.53817094,14.07477823,2.271781172,-6.463067073,7.112407777,1.322297958,-17.37572913,26.57153886,2.301193006,-14.1200974,12.52573454,1.358098011,-17.7111679,17.38335905,2.171399292,-11.20351504,13.33077364,1.314067102,-4.22410697,5.919144845,0.697615662,-1.402049057,3.835896723,0.226203145,-4.859527615,7.767174462,0.806625888,-2.024428333,6.304498033,0.293984978,-5.312293915,5.281886302,0.688810333,-1.288947808,3.313017131,0.23806914
421,H,0,-2.738923208,3.308373281,1.113133571,-31.15729758,13.70060483,8.923468556,-5.066764897,66.90277069,9.792477985,-33.89574573,22.98658941,9.826631438,-18.60440925,27.92625486,10.03902545,-29.84065198,21.81889994,10.0459932,-12.80087585,27.89009287,9.01483617,-11.7777551,28.71835564,10.09734426,-10.26452994,31.81933059,8.423189015,-5.110411997,6.264782294,0.846983414,-3.292906951,3.243734855,0.49237594,-10.24650466,8.552345472,1.489277315,-3.634755466,5.474460337,0.66864377,-17.79706228,16.68605224,1.824454883,-7.218816246,6.797275515,0.972241271,-6.565825579,8.529854828,1.643225983,-5.284757658,4.440256339,0.954698986,-10.563975,11.6610467,1.839215099,-6.961124932,5.515378851,0.990582815,-10.87126616,10.0275401,1.827846708,-5.013942282,5.245933674,1.014914807,-3.553580765,4.922820254,0.614519623,-0.915765872,2.564315597,0.168157206,-3.49654152,3.922842332,0.514685652,-0.786419014,2.918311819,0.152024279,-3.906921223,5.330468197,0.659115042,-1.055829012,2.881262069,0.194753875
421,H,1,-2.738923208,2.188575391,0.90480856,-31.15729758,11.16622364,9.416770557,-5.066764897,66.90277069,9.346957809,-25.63716211,24.87126791,9.708474703,-18.60440925,29.44789285,8.959544948,-29.07248322,21.81889994,9.041604764,-12.80087585,34.03312525,9.563451713,-12.09209829,33.08782708,10.53829812,-10.22613421,37.05030034,9.566458353,-5.110411997,6.641367385,0.840794613,-3.923003187,3.243734855,0.483962732,-10.98587845,7.787470911,1.444913319,-4.042829379,5.258381223,0.621996014,-16.32650823,16.68605224,1.682129135,-10.14570765,7.73181071,0.932913802,-6.565825579,8.529854828,1.65902884,-5.284757658,4.440256339,0.950199383,-9.881058921,11.6610467,1.655682476,-6.891278688,5.016415906,0.900478962,-10.80675324,11.18622053,1.774417392,-5.303110464,6.246134091,1.023690707,-4.662585907,4.922820254,0.674726992,-1.002196019,2.564315597,0.186472882,-3.49654152,3.130303393,0.556686284,-0.76360912,2.918311819,0.165718725,-4.644974316,5.330468197,0.711907557,-1.134776449,2.804066617,0.210961661
421,H,2,-2.0863754,2.894959964,0.878712738,-29.81688054,13.28122187,10.21020081,-4.978334185,62.49815555,9.751531844,-26.41451303,24.87126791,9.369637366,-14.88544608,32.9662532,9.22533985,-28.53107522,19.59688789,9.061033067,-12.50672395,34.03312525,9.945255279,-12.12788274,33.08782708,8.619650656,-10.51456079,37.05030034,10.65277869,-6.851416735,6.641367385,0.867099923,-4.121113757,3.243011241,0.494705897,-10.98587845,9.414492511,1.540164768,-4.042829379,6.594412421,0.671496043,-16.32650823,16.16787583,1.862191327,-10.14570765,7.73181071,1.053753142,-7.761491652,9.236778563,1.696235909,-4.334750561,5.429914337,0.981161585,-10.44646054,9.359188202,1.728041632,-6.506197353,6.193595715,0.93725108,-9.954560714,11.18622053,1.869099844,-6.446939222,6.246134091,1.113471583,-4.662585907,6.136265947,0.747317289,-1.356351671,2.363862482,0.193773498,-3.696548865,4.999563813,0.66587546,-0.671345135,2.439491587,0.180321117,-4.644974316,5.78640433,0.756563251,-1.499635995,2.787478092,0.21426094
421,L,0,-1.034840343,3.510366113,1.012527598,-37.52706807,15.03657277,9.715798665,-5.35215214,78.37577658,9.652653163,-23.76899788,28.27776008,9.804025488,-17.37648066,33.17311081,8.925768111,-30.88383665,16.41544,9.594243949,-11.27225621,57.53007998,11.26154637,-12.62823162,45.33916803,8.282942935,-8.40194001,61.5638882,11.88935754,-3.137325893,2.970292604,0.571893859,-2.018289463,1.970804748,0.337588583,-13.6311983,9.269939124,1.646162238,-4.668703955,6.166487627,0.754429372,-19.99272785,15.28380818,1.992450466,-10.7870845,10.82005001,1.116472149,-8.787811129,9.22315901,1.694782334,-5.504221095,5.10235223,1.022255356,-12.45702775,12.00278346,1.950582489,-7.891725499,5.502751636,1.054263794,-12.75984914,10.74045897,1.863855235,-5.360279673,7.572585675,1.005984793,-6.498218952,5.645617022,0.601052598,-1.271683091,4.033458604,0.178507382,-3.947317899,3.133135044,0.469640889,-0.79382039,1.846892504,0.139107613,-6.877790789,6.823971266,0.657098634,-1.516185779,4.691622312,0.217097218
421,L,1,-2.91016663,0.976556956,0.67100416,-35.82313794,9.069307174,7.387465975,-5.463627344,78.98827814,10.13664402,-24.19156817,25.30994336,9.98989414,-15.71107697,32.4848276,7.953068214,-30.2928418,19.16057269,8.657169944,-11.27225621,38.57644158,7.332034575,-12.62823162,57.64937467,9.7159671,-8.40194001,37.13747649,6.24280187,-2.33834574,2.107169195,0.464733353,-1.311051127,1.062634376,0.273729984,-10.94704581,10.27160341,1.52778355,-3.963677687,6.738002102,0.711901953,-17.77257263,16.26153048,2.004128282,-7.740876899,5.786948448,1.064179372,-6.78621714,9.22315901,1.790852815,-4.150689952,4.317885089,1.071106908,-12.45702775,12.4165224,1.926388003,-7.99930212,6.083546211,1.065311622,-13.12438372,13.87620064,1.825570453,-5.709791689,7.572585675,1.014095991,-1.736930359,3.751720368,0.329657232,-0.743000095,1.026552433,0.09573454,-2.313659003,4.517098683,0.434853989,-0.727131623,0.953002616,0.101533353,-2.263548556,4.209595375,0.366291317,-0.805216595,2.196812368,0.134458884
421,L,2,-2.91016663,0.976556956,1.008547992,-38.27347276,10.06221031,9.616067625,-5.463627344,78.98827814,9.537481469,-24.19156817,26.30643043,9.103797996,-17.04246869,33.05622262,10.19505616,-30.32360501,19.16057269,9.54382005,-11.31100765,38.57644158,7.820660001,-12.67296336,57.64937467,10.45159554,-8.561266034,37.13747649,6.771564976,-3.348233903,3.393518847,0.536460898,-1.638613782,2.088658525,0.307917807,-12.22933495,10.27160341,1.683493193,-4.478871203,6.738002102,0.756081801,-17.77257263,16.26153048,1.899967974,-7.740876899,5.786948448,0.999262583,-11.43970178,7.677070396,1.833311759,-5.042819594,5.321084718,1.065399327,-11.92567837,14.06897015,1.780428779,-7.99930212,6.083546211,0.99121247,-13.12438372,13.87620064,1.688505183,-5.709791689,6.8039347,0.94185713,-2.508135545,3.619954213,0.460013863,-0.851447201,1.56204173,0.125508066,-2.313659003,4.517098683,0.511733213,-0.727131623,1.346232804,0.122149913,-2.545112285,4.262060106,0.48503005,-0.915741732,1.402590271,0.14975765
421,M,0,-0.84746217,3.103913199,0.917698838,-35.95920034,15.54353388,9.821369481,-5.013612368,63.295268,7.604806307,-19.71812634,30.78288759,9.472983919,-15.96817493,33.1119467,9.764214084,-31.65336392,16.69956346,9.772439139,-12.8352582,71.33283578,11.14933731,-11.49253482,26.7876481,7.371364288,-11.01359639,73.20287062,11.6355449,-4.269553469,3.54435758,0.686545293,-3.035835112,2.540871088,0.414147871,-12.00125622,10.72511439,1.690488445,-4.186048385,6.679533886,0.806780238,-16.19311226,11.1575635,1.58196453,-7.080172522,5.346971888,0.864681183,-8.445920716,8.417197488,1.786417791,-5.396792361,4.610815661,1.032908916,-11.23536335,12.3922079,1.89137314,-8.240134687,5.482105884,1.054953439,-14.6777207,10.63804876,1.814359358,-6.169820804,7.667301229,1.020814571,-3.095517763,5.029352814,0.477207823,-0.902890395,2.984717692,0.140992655,-2.525307046,3.330707568,0.389575016,-0.680017639,1.635070157,0.139458535,-4.32785755,5.46893798,0.506624661,-0.99897408,3.948514509,0.161888763
421,M,1,-1.88480623,2.45853864,0.829397873,-35.95920034,15.54353388,8.113851331,-5.12597968,68.25126056,12.09568514,-23.1951626,31.1068655,8.967218509,-15.96817493,37.17901478,8.756005326,-28.59734467,17.03850455,8.31574535,-12.8352582,21.0641608,7.940601945,-11.49253482,41.02438701,8.442617276,-11.08968822,18.45555665,7.358554526,-4.269553469,3.54435758,0.652143158,-3.035835112,2.540871088,0.386690887,-12.00125622,10.72511439,1.537114405,-4.186048385,6.679533886,0.725144904,-16.79765544,12.94814288,2.080367714,-7.080172522,8.778745136,1.023363967,-8.445920716,8.417197488,1.806826376,-5.396792361,3.974459396,1.02956156,-14.31571828,13.85666663,1.944654243,-9.805248617,7.743449566,1.097543736,-14.6777207,13.60441954,1.821539222,-7.031497559,7.667301229,1.042113355,-3.095517763,4.669734992,0.340313084,-0.902890395,2.984717692,0.133335096,-2.219571118,3.300201585,0.384314371,-0.668291177,2.406635335,0.138111668,-4.32785755,5.46893798,0.361130547,-0.99897408,3.948514509,0.153929421
421,M,2,-2.536870654,2.330636133,1.035106623,-35.60291202,14.51307384,9.558846623,-5.12597968,68.25126056,11.25915663,-28.69051329,32.98689188,9.672741844,-16.48354956,37.17901478,9.542940221,-29.55481628,18.74721728,9.277790074,-11.59420399,30.57703265,8.041026048,-10.77160369,67.67275758,11.55058275,-11.08968822,19.59575937,7.326049449,-4.591255007,4.800075507,0.648903731,-3.236711009,2.48197991,0.368243011,-11.65474134,8.132119133,1.573776351,-3.796373269,5.55997798,0.689810588,-16.79765544,12.94814288,1.923438811,-7.808835478,8.778745136,0.966603736,-13.50130835,10.03425638,1.884790521,-6.345417313,6.115698131,1.105940152,-14.31571828,13.85666663,1.9642337,-9.805248617,7.743449566,1.094931752,-13.11327674,13.60441954,1.822150203,-7.031497559,7.384694967,1.032506969,-2.950687775,5.040158226,0.426318062,-1.388450274,3.075801467,0.155686756,-3.069513874,3.7014384,0.542745433,-0.879542109,2.406635335,0.15503563,-4.297215169,5.478757318,0.466767441,-1.492223313,3.726035228,0.19127214
422,H,0,-3.738078922,2.148724385,0.834357835,-37.62830437,14.18477815,11.83231249,-4.549408882,83.42221558,10.23026767,-37.22561304,28.47434699,11.80799862,-30.98309543,34.3554436,13.5448356,-38.2180568,33.39961062,13.34050402,-14.58340941,25.46987526,8.915606872,-13.89302839,41.10742263,10.21526948,-12.55692061,26.33650659,7.973064186,-5.617582576,6.806681214,1.207568383,-3.281132939,3.764348266,0.635733232,-11.82316978,9.119344521,1.618667514,-4.14240888,5.824473481,0.701102326,-19.69432663,22.73146694,1.678951414,-9.278378992,9.43201179,0.850023326,-10.27927567,8.857094172,2.086134995,-5.394485507,5.095144137,1.193598013,-12.77949184,12.14062648,2.335539354,-6.426067223,6.527798308,1.245303862,-13.98016983,12.20456708,2.181079115,-6.544540508,6.274145659,1.184855966,-3.156085185,4.564592913,0.605144199,-0.962432726,2.258248938,0.160404247,-4.761670666,4.603269802,0.837095953,-1.198499138,3.512312745,0.235517071,-2.688097947,3.944194797,0.515183201,-1.098415704,1.93991072,0.165000786
422,H,1,-3.590055065,2.694888837,0.934706975,-36.52509239,14.18477815,11.55851102,-4.562332725,89.44332341,13.69268142,-36.97484425,26.07341772,11.29207617,-25.0196325,34.3554436,11.24384857,-38.2180568,29.26924164,11.42336851,-14.72081761,64.32847323,13.76508771,-14.28341651,49.59427258,12.3556614,-12.46710779,71.0321669,13.63930703,-6.882506825,6.497485642,1.19719313,-4.073624352,3.385975468,0.626912009,-11.35065452,9.119344521,1.598573025,-4.222301354,5.324365992,0.691270733,-18.25620995,22.84625912,2.216161042,-9.278378992,9.43201179,1.072302314,-10.42778475,8.191114926,1.996758072,-5.394485507,5.187408851,1.16535254,-12.77949184,12.14062648,2.056756207,-6.505661375,6.224879318,1.127109969,-13.98016983,12.45672264,1.941574923,-5.980224171,6.274145659,1.075440374,-3.258047279,3.208683987,0.549303919,-0.802062907,1.444314053,0.120053535,-6.414821666,3.69842029,0.75001319,-1.655063952,2.221807629,0.191644823,-3.280914654,3.437187225,0.510484826,-0.731224973,1.93991072,0.131077607
422,H,2,-3.590055065,4.662883062,1.138442855,-36.63499392,15.39395267,12.10857148,-4.562332725,89.44332341,13.98680919,-36.97484425,31.04192199,12.13943137,-23.31207181,30.57601223,10.349767,-34.21852272,27.70968113,10.64437405,-14.92568922,64.32847323,14.05773868,-14.28341651,49.59427258,13.08392977,-12.44444081,71.0321669,14.41177741,-6.882506825,6.497485642,1.303117986,-4.073624352,3.758791695,0.67478724,-12.39910313,9.059436906,1.638520877,-4.296875883,6.455860941,0.707916452,-18.25620995,22.84625912,2.382477234,-11.7568248,9.134099918,1.164513842,-11.94926997,8.289115364,2.170182547,-5.794070949,5.187408851,1.237653921,-11.78408761,12.33681055,1.944554401,-6.505661375,5.327170254,1.06219214,-12.84218551,12.45672264,1.962391452,-5.980224171,5.679480279,1.083610107,-4.005256908,3.208683987,0.617840177,-0.928304108,2.484095105,0.151088444,-6.414821666,5.118223303,0.86727103,-1.655063952,2.842793694,0.235484758,-3.280914654,3.437187225,0.596949791,-1.002886937,2.327741526,0.154165271
422,L,0,-2.155349666,2.884001851,0.634251733,-47.81135103,12.40972826,11.83012691,-3.407589666,133.0480151,12.28082948,-27.77750746,28.65442573,11.00104148,-28.78908042,32.52133178,12.32070203,-38.87474734,33.18908513,12.67519208,-14.55848021,37.88526651,11.1255999,-12.31969003,33.17614579,9.296624319,-13.60119437,55.84007806,13.44149224,-3.900611849,4.515910218,0.720490707,-1.766329527,1.710732023,0.380996468,-13.21764427,10.49273695,1.726283002,-4.577641654,7.346619138,0.758031368,-24.80145831,32.85714727,2.225937734,-12.00147852,14.40285495,1.119743456,-13.57524985,8.371216694,2.005949879,-6.820729402,7.557316754,1.174905185,-11.32625077,10.99642408,2.021591046,-6.856460924,5.559148319,1.12120218,-12.47859471,13.3957627,2.087763037,-6.029371366,5.031957074,1.14658189,-3.345980993,5.215489221,0.505389307,-0.963032446,1.804266982,0.132334395,-3.373492123,3.756226212,0.532683231,-0.70699338,2.16313927,0.15045592,-2.7496032,6.550904541,0.553288663,-1.366596316,3.152413353,0.200280023
422,L,1,-4.96526736,2.884001851,1.242399909,-45.72585547,12.79840371,11.25714068,-3.492411606,150.3108661,11.85623609,-35.50394256,28.65442573,12.53178094,-28.78908042,34.36189221,11.37255162,-38.87474734,31.21753003,11.01883766,-14.35211403,48.307962,12.90048016,-12.14796933,55.37841328,13.97744142,-13.504574,40.02137793,9.30699691,-3.346168816,4.515910218,0.71318225,-1.766329527,2.302828733,0.368453752,-11.65808609,11.41932415,1.705202574,-5.149499023,7.346619138,0.760534512,-34.93065882,38.63805984,2.227166329,-14.7589593,15.17127701,1.104172722,-13.57524985,8.27403615,2.01154933,-6.820729402,6.90966298,1.162975302,-13.61241298,11.8517758,2.002734217,-8.86114845,5.984250574,1.14681372,-11.32884632,13.27158051,1.91618423,-6.469184126,6.98798763,1.071307565,-3.345980993,3.759463726,0.477569135,-0.749161474,0.823241412,0.111693334,-3.373492123,3.756226212,0.510082296,-0.694840868,2.150895274,0.125169758,-2.437217856,4.011724525,0.553942659,-1.260245877,1.402093155,0.188146675
422,L,2,-4.96526736,1.373897734,1.283363101,-44.70560455,12.79840371,12.33228661,-3.532297839,150.3108661,11.87642952,-37.84343604,27.62098509,12.59091593,-26.35621319,36.99649042,11.43062231,-36.93176672,30.21076168,11.04349551,-14.38532092,48.307962,12.82049429,-12.50201797,55.37841328,14.20876842,-13.48177158,40.02137793,10.29809841,-3.346168816,6.258791645,0.686975375,-2.533829216,3.070637929,0.363272114,-13.41432658,11.41932415,1.724912124,-5.149499023,6.391361043,0.775917312,-34.93065882,38.63805984,2.215928792,-14.7589593,15.17127701,1.0926161,-14.0246313,8.636187063,2.030247361,-5.972316665,7.912872845,1.170556402,-13.61241298,11.8517758,1.976823467,-8.86114845,5.984250574,1.131970703,-12.70093535,13.27158051,1.836498693,-6.469184126,6.98798763,1.026281728,-2.593231085,3.185002193,0.446445864,-0.595443487,1.367814363,0.109078228,-2.017716214,2.844920017,0.466494072,-0.694840868,2.150895274,0.111206321,-3.716229015,4.011724525,0.597123782,-1.255391269,2.12904463,0.196781287
422,M,0,-3.766955055,7.420810307,1.178697787,-41.61429856,13.16273722,13.60521867,-4.172216311,87.60922746,7.248682396,-34.75790807,33.01868473,12.51957002,-25.60726177,40.57970976,13.01458311,-31.1217732,28.83261262,12.98317095,-11.97295693,90.71946268,16.10458418,-10.27673492,121.9580126,15.76854682,-10.93035554,91.88623205,15.719972,-5.898617855,6.867289864,1.231794639,-4.102844515,3.510766897,0.618668611,-11.39675423,8.979664995,1.909396434,-4.061213098,6.022822074,0.826507172,-9.680347163,23.68490416,0.997999524,-10.92008934,10.39250396,0.600145904,-12.2193692,10.9794746,2.407617209,-6.302672466,5.95734715,1.402691869,-11.61017797,12.88326399,2.42238706,-7.446784725,7.17143838,1.30602791,-14.43092432,13.12974982,2.209457713,-8.466398385,6.882793376,1.23311345,-6.307052468,4.599544935,0.728472527,-0.992338156,1.509533093,0.138447145,-8.122413537,5.608965983,0.874156994,-1.461520837,3.274463939,0.201637902,-3.558451976,5.030354789,0.719797755,-1.05146274,1.775374046,0.168367039
422,M,1,-3.766955055,3.690967545,0.96449134,-38.61001778,13.33314472,11.19186484,-3.965670189,107.8166767,15.99738705,-40.3884251,33.01868473,13.34176022,-25.64193085,34.34006971,10.19802678,-31.35043606,30.28250971,10.7038115,-11.97295693,32.01411255,8.795176853,-10.27673492,45.90458467,9.716224346,-10.93035554,37.93123185,8.501099691,-5.577158316,5.466059583,1.186863302,-3.216887235,2.827547426,0.622723171,-11.44120967,10.34212121,1.95794512,-4.02612332,6.243792624,0.868710588,-17.82064755,27.90667892,2.329567968,-10.88335693,11.6705133,1.086300517,-12.27206213,10.9794746,2.562403527,-7.297288502,8.293734295,1.481208011,-10.38846503,12.88326399,2.255679947,-6.056171438,7.17143838,1.229391758,-14.43092432,11.83777403,2.231221747,-8.466398385,5.951099213,1.228381258,-2.815208793,3.869710223,0.51336143,-0.701695105,1.289424692,0.114539198,-2.654809117,3.276289106,0.549781829,-0.572597199,1.935456799,0.131649012,-3.105308653,4.799964828,0.543323418,-0.987604227,1.775374046,0.147272844
422,M,2,-3.246934357,3.690967545,0.865159961,-37.87433024,13.96805214,10.60384966,-3.965670189,107.8166767,16.39086757,-40.3884251,26.71907529,11.45196495,-28.32999779,32.20081392,10.68977045,-37.91106437,30.28250971,10.79512112,-11.62097319,32.01411255,8.118048602,-10.32836505,45.90458467,9.289209567,-10.79816386,37.93123185,7.827411565,-5.287542063,5.259801997,1.06391558,-3.098729029,2.827547426,0.562139664,-11.44120967,10.34212121,1.793844293,-4.022541006,6.243792624,0.798603608,-17.82064755,27.90667892,2.435727386,-10.88335693,11.6705133,1.147421993,-12.27206213,10.48935124,2.380032927,-7.297288502,8.293734295,1.384464529,-12.19678211,12.50475112,2.08329103,-5.846083425,6.131347838,1.149772299,-12.40727441,15.15240031,2.087296092,-6.504342163,5.319579043,1.121677276,-3.003452318,2.578831079,0.43648088,-0.733479313,1.322213765,0.108358999,-2.672789937,3.276289106,0.518033476,-0.696252923,1.936028648,0.136364685,-3.227107773,3.395934059,0.444309538,-0.786534916,0.97620981,0.130199879
423,H,0,-3.63650419,3.404825489,1.1713514,-30.2663563,13.18464574,11.75805915,-9.488267031,64.41359154,10.66090726,-27.54904963,30.87287078,11.01860055,-23.20193547,33.69864993,12.5254108,-39.61798185,28.99209971,12.13366363,-14.90258953,49.09169377,13.34582687,-14.19301192,44.98881142,11.21666678,-13.48005694,45.19978287,13.41656786,-9.229402766,6.283640417,1.23268248,-3.833667423,2.778066896,0.635360325,-9.525641571,7.214666632,1.407152483,-3.66972427,4.601915574,0.618916494,-12.71507951,13.68208837,1.806231957,-7.326108342,7.744415548,0.94211273,-11.80555988,9.742458726,2.507717852,-6.37373525,6.599202958,1.39110853,-13.72208345,12.89703741,2.250975325,-6.922218117,7.160273533,1.245333503,-13.81302911,14.4496512,2.497924259,-8.165661394,6.739157674,1.475636357,-5.452872943,5.784057636,0.883692526,-1.176669796,2.321669596,0.191020298,-5.146956672,5.91067778,0.904392208,-1.275857264,3.064909992,0.270548337,-5.904221063,6.729051364,0.888514919,-1.262890987,4.101296833,0.221170005
423,H,1,-3.63650419,2.776398483,1.005027841,-30.2663563,14.02850562,10.51678009,-9.633707017,63.02057849,9.766075106,-26.7350692,26.26348757,9.658252893,-23.20193547,33.69864993,10.04951849,-40.30170673,28.760251,10.76942972,-14.39288501,49.09169377,11.4437321,-14.19301192,46.90821912,11.83509456,-13.48005694,45.19978287,11.20093675,-9.229402766,6.283640417,1.177648859,-3.833667423,2.978310878,0.585416055,-9.443827603,6.8330527,1.223861003,-3.66972427,4.592058446,0.559729632,-12.53168242,12.94697967,1.568251514,-5.215678767,7.146852529,0.853088556,-11.96528597,9.629341661,2.430814384,-6.37373525,6.651152426,1.349704578,-11.67480784,11.04361577,1.891193224,-7.437117958,5.837354324,1.108736476,-10.87399579,10.78222723,2.235160508,-6.021107969,6.739157674,1.313979117,-5.452872943,5.784057636,0.766742762,-1.176669796,2.321669596,0.167770808,-5.146956672,5.91067778,0.838746777,-1.275857264,3.064909992,0.24230398,-5.904221063,6.729051364,0.784958615,-1.262890987,4.101296833,0.20407677
423,H,2,-3.601246571,2.052211314,0.750134882,-30.9972144,14.02850562,10.26878372,-9.633707017,63.02057849,11.11214582,-27.10965337,27.44943543,10.68051284,-18.40102992,39.30618796,8.947440294,-40.30170673,22.57652273,9.619185962,-15.25428106,33.5395112,7.891801765,-14.29150969,46.90821912,10.69596258,-13.42241469,31.87102638,7.716292036,-7.476009823,5.373388529,1.115567626,-3.092437367,2.978310878,0.588742134,-9.080413258,8.257641706,1.268370674,-3.46386834,4.592058446,0.583668148,-13.38329633,12.94697967,2.008241637,-5.662630989,7.146852529,1.024094697,-11.96528597,10.78633261,2.38338863,-5.469544548,6.651152426,1.311773549,-11.67480784,11.31636844,1.734819035,-7.437117958,5.837354324,1.011438443,-13.12092417,14.47132932,2.125558531,-6.157027951,8.77737131,1.277110537,-4.365722181,3.909412528,0.721732764,-1.149335935,2.644049574,0.192462448,-4.979076276,3.923390498,0.710268188,-1.147106733,3.154135913,0.211154269,-4.61361973,5.0517004,0.747554337,-1.217501721,3.977864843,0.224581535
423,L,0,-3.510322458,2.348001469,1.100122462,-43.22680182,13.08207305,11.81305135,-6.571485152,8.390314449,4.363504227,-32.77644321,27.21221912,10.7204255,-27.57502121,42.89797343,12.07550874,-44.1633264,28.91259268,12.17673794,-10.46527988,72.62174601,12.91813244,-12.06684398,46.67622261,10.85795583,-8.347811968,73.04333873,13.06787614,-7.348399938,6.325612164,1.208894845,-4.160144608,4.519375431,0.63990077,-13.53059587,11.42795591,1.49735603,-5.3991958,6.345340063,0.694597984,-4.042775243,4.221256365,1.306229159,-3.006920383,2.704868365,0.889457984,-10.23626408,8.064575535,2.034186582,-5.650389562,4.820687995,1.141510295,-16.87057235,14.91543827,2.412849828,-10.89624988,8.24709209,1.391195679,-16.55109199,15.47905293,2.657433917,-8.621528444,8.806450261,1.594153773,-4.529791842,5.019664115,0.728970664,-0.972720115,1.512948007,0.13123896,-4.266708504,4.09381949,0.616177451,-0.89255866,2.803888827,0.150986988,-4.423110679,5.451783565,0.734774524,-1.018762016,3.979406738,0.155710384
423,L,1,-3.510322458,2.520201556,0.989254153,-43.22680182,13.00582275,10.72442744,-6.466415265,6.752063325,4.040234032,-28.30055341,27.21221912,10.9718048,-26.56292621,42.45846023,10.15365626,-44.1633264,28.61733235,10.68255598,-10.35704793,45.88062441,9.498521759,-12.19122755,37.7719006,9.849402722,-8.347811968,46.16310775,9.652476619,-7.342185012,6.325612164,1.226163502,-4.160144608,4.519375431,0.665670984,-12.99194165,11.42795591,1.411270163,-4.440801561,5.938596722,0.654550097,-4.116830358,4.134114002,1.326163059,-3.114991617,2.599495254,0.897189077,-10.23626408,10.13788499,1.945485109,-5.650389562,4.820687995,1.133456616,-12.5937977,14.30497799,2.10876529,-6.678895944,6.249536485,1.221730777,-16.55109199,11.98355504,2.416367758,-7.928612935,8.066097259,1.477061846,-3.609986103,4.307026504,0.570592481,-0.720969586,2.23496971,0.11429456,-3.726815613,3.846550656,0.525254545,-0.725576978,2.32872734,0.128010122,-3.475318177,5.451783565,0.585756139,-0.785198357,3.979406738,0.145332288
423,L,2,-4.538445775,2.520201556,0.902027425,-41.23963488,13.00582275,10.62019666,-6.34124856,93.87540255,14.75824391,-28.49761859,25.56394184,11.21598688,-32.44703658,45.89093027,10.125338,-39.35839772,31.39789105,10.07054376,-10.35704793,45.88062441,9.499164102,-12.19122755,42.14039402,10.88207803,-8.039109985,46.16310775,9.361481887,-7.566609308,6.013287925,1.235251326,-3.875049169,4.681791474,0.671730071,-12.99194165,10.80846522,1.509078241,-4.440801561,5.938596722,0.696767586,-21.98080267,25.23212354,2.768914553,-15.15700769,11.99133678,1.505841075,-11.23730628,10.2690116,2.056249964,-4.577165179,5.541495969,1.145728091,-13.05091197,18.60211339,2.229904971,-8.55049032,9.978273782,1.282341334,-14.2279582,19.49499574,2.429158536,-8.037277659,10.10437075,1.510697395,-3.688545182,4.307026504,0.570286021,-0.961714615,2.23496971,0.114387957,-3.42342641,3.61158004,0.560720358,-0.70501424,2.976732054,0.141899213,-3.645956076,4.348619787,0.575194257,-0.942015298,2.312974831,0.125715867
423,M,0,-3.277036106,4.381979122,1.116740755,-37.49726396,14.8345697,11.74017207,-6.553936033,78.90869512,15.03145117,-31.73884173,25.41507018,10.92984423,-26.14377971,46.7470211,11.32519282,-44.11172602,36.11231758,10.95124638,-13.66015189,67.61393349,14.03106699,-12.96390566,46.91639112,10.42019846,-10.86720775,70.08593681,14.30277525,-6.508567572,7.535713433,1.211144568,-3.942928848,4.142300251,0.686442163,-11.95659103,10.51277145,1.538960256,-4.639391296,5.548063313,0.700386044,-19.80749991,18.01919822,2.762414892,-9.882221324,8.118976706,1.378458265,-10.58397381,11.52981212,2.263804353,-6.080540195,6.911414758,1.283299763,-12.52265853,17.07134186,2.317784449,-7.387951881,9.008090887,1.310153293,-11.99326448,15.69563751,2.424011665,-8.367191171,9.888499747,1.490009453,-3.792663277,4.407783365,0.735576705,-0.70968955,0.962606885,0.116988437,-3.221769947,3.930322515,0.610125045,-0.614899519,2.638136726,0.151529403,-3.809191023,4.375748455,0.726706869,-0.745651633,1.157895473,0.120791756
423,M,1,-2.222946044,3.531187778,0.9813082,-36.7103247,13.89163785,9.815670046,-6.469126398,78.03832098,11.03951682,-31.73884173,25.41507018,11.69774485,-25.17366131,41.67611858,10.00774431,-42.70945278,36.11231758,9.923668414,-13.230549,44.04460213,8.716445926,-12.88356519,41.56788637,10.27527567,-10.86720775,44.8208769,8.585347443,-5.987670322,5.562942373,1.097585752,-3.942928848,3.437765434,0.629203774,-10.83139315,10.51277145,1.411486636,-3.995445575,4.453007472,0.636575866,-18.96308292,18.01919822,2.342427977,-9.882221324,7.172426752,1.214230442,-9.067849227,11.52981212,2.209686608,-4.77315947,6.67741931,1.209914645,-12.39040158,12.84954785,2.155733914,-6.416740343,7.35838388,1.219686986,-12.50655345,12.07231993,2.352684227,-6.072837361,7.061820548,1.423640807,-2.899899566,4.34158676,0.562135595,-0.728964706,2.365310751,0.120217008,-2.939928298,3.805862051,0.568634274,-0.614899519,2.458528118,0.140279903,-2.847934755,4.293677365,0.560901129,-0.843632265,3.11593919,0.13772293
423,M,2,-3.131381107,1.876285752,0.866304583,-36.65913452,13.89163785,10.43145186,-6.546397758,18.26030969,4.330575679,-29.64765523,25.08570206,10.69208463,-23.43518213,42.89059396,10.56442645,-42.70945278,30.66082122,11.09223188,-12.8677656,35.52409185,7.219786346,-13.22408245,41.56788637,9.424251657,-10.3802711,34.63218316,7.082402112,-6.343328089,5.824930975,1.211058828,-3.655571142,3.771517552,0.66143606,-10.51528537,10.39025988,1.371631408,-3.764025221,4.36043398,0.611880247,-4.50534115,4.341465879,1.195921466,-2.633117414,2.505401891,0.799706248,-9.3381982,12.29649283,2.194192692,-5.432344386,7.254838467,1.187639783,-12.39040158,15.75462843,2.181333879,-7.428290602,7.35838388,1.231089918,-12.50655345,11.73135541,2.31443482,-6.072837361,7.356114881,1.369589705,-2.899899566,4.34158676,0.628032012,-0.728964706,2.873225466,0.164802126,-2.866692671,3.805862051,0.596623015,-0.563622408,2.636908873,0.163495522,-3.266001164,4.293677365,0.641328596,-0.843632265,3.11593919,0.189472287
424,H,0,-1.191646385,8.149046101,1.360845087,-41.77316153,14.58767414,13.5128822,-5.984693321,58.03804171,11.14813982,-54.99067864,29.22044431,12.4769206,-35.52885682,49.42438503,13.081999,-51.99898052,32.0738384,12.22769561,-11.20328444,87.78818951,15.72941014,-10.01017195,74.30645989,15.62450308,-9.61803667,100.1517417,15.58817816,-8.255480578,6.912093632,1.293331276,-4.433545,4.761556519,0.731637995,-11.68578265,11.43183342,1.69459996,-4.513607747,6.756063017,0.795260969,-11.96993238,13.24229721,1.546936666,-6.671655923,5.187972772,0.73217855,-19.45453814,17.72896978,2.976133738,-10.45024049,12.82382996,1.739846486,-14.55926739,12.87328738,2.33732703,-8.390782914,8.037704005,1.29059796,-15.50804143,13.5946412,2.557507791,-9.719820386,9.626708254,1.540038272,-4.050215563,4.696565135,0.57873008,-1.596417848,1.814980089,0.192930796,-2.652895555,3.226421609,0.502997603,-0.851592217,1.551047551,0.157631987,-4.484151706,5.324685432,0.670718135,-1.755396765,2.889791683,0.25469805
424,H,1,-1.931000764,1.557107866,0.429164218,-40.88519335,13.54830945,10.08242542,-5.683578457,58.03804171,11.79497599,-37.56345374,27.32572737,11.18630056,-18.8413756,49.42438503,10.54236045,-39.05777866,34.02224686,11.0928742,-11.20328444,13.68326552,5.978319692,-10.01017195,16.1123188,6.44525594,-9.809499007,18.34945952,6.808929189,-6.290711482,5.61030672,0.995031685,-3.286835904,3.972259902,0.594828069,-11.68578265,11.43183342,1.448967866,-4.596393786,6.968561993,0.742298869,-11.96993238,12.63215158,1.485088403,-6.671655923,4.841730644,0.706084009,-19.45453814,17.72896978,2.714067392,-10.45024049,12.82382996,1.618484696,-14.55926739,12.05962537,1.977715263,-8.390782914,6.216788275,1.130547929,-15.50804143,13.6291116,2.228733469,-8.127415503,9.538667704,1.362639219,-2.176113643,2.057630988,0.37360387,-0.565032981,1.105079609,0.13679011,-2.172391917,3.194877292,0.409024544,-0.637316132,1.551047551,0.136712214,-2.30173866,2.344649873,0.430812724,-0.69002144,1.283086861,0.179053998
424,H,2,-2.308514941,1.026443318,0.519146427,-39.37691467,12.82644381,10.22540858,-5.684587142,60.7147641,10.664369,-34.1787382,26.88778519,10.91602578,-18.8413756,47.7295212,10.39839811,-36.15099166,34.02224686,11.79042681,-11.04895971,16.75874566,6.267818383,-9.900381727,16.1123188,6.341591906,-9.809499007,22.08095024,6.892530596,-5.018389304,5.61030672,0.936179353,-3.286835904,3.972259902,0.561144701,-11.19509059,12.61671706,1.401205207,-5.55783764,6.968561993,0.698672049,-12.6531522,12.7806602,1.187643742,-4.431126199,6.55171476,0.589686454,-13.36359956,11.08176537,2.651822958,-6.891766457,7.867009126,1.562841373,-13.55161846,13.38573819,2.070584442,-7.448520046,6.216788275,1.156833247,-13.45620437,13.97556681,2.198082618,-5.997069161,8.468671151,1.283891726,-2.166192875,2.431945531,0.406695901,-0.76369778,1.365142848,0.146582638,-2.172391917,3.194877292,0.393334124,-0.545186549,1.193043357,0.135240189,-2.361002512,2.772008241,0.474545542,-0.858248233,1.758122793,0.185748137
424,L,0,-1.842193347,8.640026162,1.301795824,-49.33656094,12.5942526,11.93695193,-4.863528615,103.634001,16.11643367,-48.65770616,33.9186048,13.42513222,-24.52763991,53.19396664,12.0902881,-54.47760388,26.35676488,12.17706462,-12.17167574,75.65220861,15.75443008,-9.503727195,105.5457311,16.32630022,-10.50757495,93.45698104,14.75574006,-8.141904442,7.435900437,1.259538788,-5.326949727,3.765830547,0.724069727,-13.1466548,11.39001861,1.545844037,-5.442776265,7.524744978,0.758459067,-22.41036613,17.87157223,2.319834479,-7.65159092,8.656280357,1.04366392,-16.65677582,17.79482963,3.061614507,-8.514244928,10.39426991,1.76717939,-17.62986186,18.29687639,2.287933815,-12.57699458,9.767195575,1.303135532,-16.95112572,17.33235846,2.48255529,-8.764969321,10.26827737,1.482858346,-5.372186575,6.091847013,0.747707735,-1.135919676,3.494337347,0.257486794,-7.880487277,8.549022694,0.786607,-2.132804077,6.17184372,0.257319976,-6.864010479,7.325639674,0.949180093,-2.315963115,4.692368087,0.355436477
424,L,1,-2.188842657,2.00618791,0.612585879,-48.41242509,13.41029337,9.923433842,-4.471623581,103.634001,15.88971751,-48.11552517,32.00594055,11.96437768,-25.86523635,49.36709434,10.49953253,-41.1601429,32.86683112,10.48450974,-12.17167574,34.90806658,7.269656784,-9.964793004,34.06879518,8.217497579,-10.56908541,37.59919578,7.861156552,-7.509165271,6.91362081,1.094598839,-3.881819415,3.722143672,0.631988847,-12.06910901,14.26749942,1.435767234,-4.922390678,7.524744978,0.715642461,-22.41036613,17.87157223,2.21622408,-7.65159092,8.656280357,0.998526369,-16.45214974,15.77856059,2.805880072,-8.084106316,10.60017998,1.67671336,-17.62986186,18.29687639,2.463290608,-12.57699458,9.767195575,1.44110839,-16.95112572,15.78209396,2.334854278,-8.764969321,8.547742281,1.418544681,-3.656979855,4.659823836,0.575120057,-1.09393113,1.604124395,0.226381242,-2.912864095,4.146077765,0.532073832,-0.980026442,2.432627222,0.198130346,-4.106314684,5.806169374,0.7006828,-1.34265211,3.379486659,0.303350936
424,L,2,-2.188842657,0.901817657,0.5899513,-48.88666476,13.41029337,12.00402745,-4.479145598,3.500311974,3.04580615,-37.86367014,28.42252773,9.513086267,-25.86523635,42.52729414,11.21555013,-44.38493762,32.86683112,11.38445112,-12.23710763,34.90806658,6.785501608,-9.964793004,26.43139848,6.702661958,-10.71165845,37.59919578,7.817545238,-7.509165271,5.885348257,0.999460689,-3.482241044,3.722143672,0.585222198,-11.55046245,14.26749942,1.457363073,-5.236066879,5.986928189,0.692857243,-2.625834649,2.553763513,0.748422418,-1.880650794,1.784881352,0.515749902,-14.22217732,15.65628833,2.615750484,-6.714177621,10.60017998,1.573975898,-16.31209816,12.53044483,2.27142622,-9.112829577,7.445834372,1.317171371,-12.18352932,15.78209396,2.100664373,-8.460901905,7.029443795,1.234078423,-3.656979855,4.659823836,0.534097211,-1.09393113,1.586872115,0.205634147,-2.912864095,4.146077765,0.463541137,-0.980026442,2.432627222,0.193458084,-4.106314684,5.806169374,0.707246559,-1.306334633,3.379486659,0.29423448
424,M,0,-3.78035357,4.958005314,1.217312742,-44.55052745,20.56601031,13.27306621,-5.32722612,85.51558824,10.20616424,-43.51113122,25.53361354,11.07721665,-25.47080265,51.41536416,14.12265068,-53.27714189,32.78431827,11.07736594,-17.08537572,57.61150057,13.41560885,-15.46018578,40.39883827,11.19256719,-12.07248237,64.32585332,13.79633775,-15.811158,13.12948269,2.203969789,-6.08074523,8.063417368,1.274218185,-13.58322041,11.84667675,1.861100853,-5.396985651,7.79159122,0.882327556,-21.45578231,14.89605931,1.680837699,-7.724019915,8.363231721,0.833492919,-11.92173765,13.78397478,2.523802403,-7.179778613,8.97376457,1.484603134,-14.31584609,12.81876108,2.225745509,-8.090489256,7.403432656,1.208158672,-19.63050222,18.80603614,2.744915746,-9.067849739,10.40413266,1.602721756,-4.653123766,6.166639525,0.922328577,-1.364458214,1.625852649,0.297306373,-3.526851213,3.922927259,0.688827924,-1.017469242,1.095461115,0.198052954,-5.111907475,8.837399749,1.066038335,-1.502326203,2.657221993,0.39714629
424,M,1,-2.900050175,3.151285815,0.673338066,-42.91424977,14.93193217,11.7857601,-5.128685592,85.51558824,13.15310248,-36.73501228,28.84280753,10.11259425,-21.17895027,52.05400689,11.50380534,-54.8845029,32.7041478,11.09540404,-16.70064623,25.24017707,9.55049527,-15.28598489,32.63712551,11.9620008,-12.37462048,27.00989282,8.71151597,-10.0003557,9.61724941,1.784699146,-5.463377396,6.502896815,1.0596753,-15.10650701,13.01246729,1.568749444,-5.925029884,9.581846712,0.785691616,-21.45578231,14.89605931,1.966400908,-7.724019915,8.363231721,0.9202909,-12.49503643,12.58658862,2.443258545,-6.110113262,8.552971812,1.470778164,-14.31584609,11.3838429,1.943420016,-7.808451494,5.967229665,1.112067894,-18.56257325,22.76551447,2.508853646,-9.923652526,12.42950082,1.4729153,-3.699305555,4.141947578,0.645765643,-1.421776687,1.958416694,0.236431249,-3.526851213,3.152106946,0.59110373,-1.017469242,1.93114549,0.189416675,-3.756727772,4.771865657,0.747459006,-1.728855019,2.475129523,0.329774575
424,M,2,-5.034282722,1.771872691,0.770617052,-42.80432324,13.32308462,10.02268824,-5.289959739,73.00936849,13.10176654,-37.15496803,31.184814,11.76781739,-23.5565859,52.05400689,8.717429702,-54.8845029,32.7041478,12.28412251,-16.85272262,27.75536705,9.691469993,-15.5594943,32.63712551,12.1516929,-12.37462048,30.13102183,8.996731247,-10.59909698,11.0897534,1.853044597,-7.015447469,8.172458794,1.108403831,-15.10650701,13.01246729,1.340495974,-5.925029884,9.581846712,0.668613165,-17.44753004,14.92643172,1.959640664,-7.582523278,6.584803793,0.928271788,-12.63544672,12.58658862,2.611430314,-6.110113262,8.552971812,1.547494123,-13.23846708,10.72745984,1.980133052,-8.137991443,6.048085205,1.178864653,-18.56257325,22.76551447,2.58867083,-9.923652526,12.42950082,1.535386912,-4.151078234,4.863592507,0.633337579,-1.421776687,2.503735854,0.256484116,-3.315767154,3.399014486,0.602616065,-0.964504359,2.798009256,0.217060846,-5.692618099,6.528978572,0.79703656,-1.728855019,5.285280378,0.35610033
425,H,0,-3.560539844,12.0894591,1.388681818,-41.32214737,9.286165273,12.06560532,-10.2271543,146.8923651,10.4782346,-46.63136444,38.47625799,7.895757681,-103.9925471,41.46829454,11.43620527,-42.8038431,132.1256409,11.12934837,-6.524601861,102.5060678,14.84396135,-7.093496634,103.1260509,15.3114897,-5.631967524,99.06180857,14.33705651,-22.55511186,17.31043245,1.521335041,-7.516426558,6.701093195,0.63331385,-11.30551724,10.19732052,1.29232882,-4.393379461,6.161420957,0.625312869,-41.57780574,35.50936243,2.645907139,-14.52314776,18.05876341,1.479735168,-13.03755228,13.73493911,2.156137447,-8.183739287,8.910875235,1.29807413,-14.19032161,34.38082424,2.068228621,-13.01664729,16.15403446,1.099320023,-51.22975685,21.40781339,2.434486157,-24.51310655,21.1419545,1.393539327,-2.32526463,2.826931849,0.364756387,-0.612046259,1.132582597,0.08867503,-2.926054546,4.588627894,0.409271466,-0.888448303,2.26250771,0.106707325,-2.696241929,3.847197144,0.423131021,-0.725053172,1.074121967,0.100662987
425,H,1,-1.711306514,2.429814775,0.409739544,-35.49743414,8.87447962,9.091103984,-9.683827345,146.8923651,10.41921131,-21.07123032,29.57203588,8.71591475,-18.64935328,40.21736564,8.947536202,-36.72511152,21.05948946,8.617860839,-6.524601861,15.98949565,4.189798341,-7.085305,13.44572491,4.584783438,-5.653801639,18.12449856,4.111447478,-5.529012253,7.333647854,0.792525425,-3.592217944,3.605339886,0.425833128,-11.30551724,10.19732052,1.140618563,-4.393379461,6.161420957,0.532057474,-41.57780574,35.50936243,2.645828394,-14.52314776,18.05876341,1.467489141,-9.7683523,7.803544538,1.953263211,-4.940868281,5.39316166,1.157462751,-14.40599616,12.55078612,1.581376227,-5.718384126,6.376145707,0.87862882,-12.11012128,17.59216269,1.720383528,-9.023218545,9.071360377,1.032799935,-1.696992371,2.077288053,0.202655716,-0.511214558,0.888059727,0.061870153,-1.57718724,2.458691158,0.204571715,-0.576222276,1.169676294,0.062110628,-1.965359703,2.088076258,0.231017446,-0.524777017,1.074121967,0.077595993
425,H,2,-1.711306514,1.543315963,0.408901332,-33.80617595,10.16634923,7.471546044,-9.683827345,67.37069196,8.927471106,-25.93780062,29.57203588,10.96625542,-19.83983181,38.15101879,7.86295201,-25.66487141,22.34455592,8.597332442,-6.241462868,15.98949565,3.952159999,-7.085305,12.3585293,4.912639069,-5.653801639,18.12449856,4.046499043,-5.974543205,7.333647854,0.714680188,-3.592217944,3.910833432,0.40522713,-11.92315925,8.684362376,0.982858403,-4.734117305,6.899355965,0.486974183,-12.44099202,13.17965282,2.084261016,-6.957776177,6.106423188,1.23307615,-9.74759519,7.803544538,2.032259372,-4.817772953,5.007268475,1.176391468,-14.40599616,12.55078612,1.563970879,-8.607286637,6.376145707,0.902894569,-9.556833206,13.86169955,1.641710181,-7.255420356,7.097079182,0.960797403,-1.381204365,1.976613825,0.161493757,-0.511214558,0.508637682,0.045945291,-1.384237632,2.458691158,0.19486142,-0.576222276,1.169676294,0.056375971,-1.41984758,1.933366624,0.18345838,-0.524777017,0.799784813,0.058441446
425,L,0,-3.521529258,12.31626687,1.336189346,-36.15726327,8.307916774,10.31121347,-7.746097892,111.1731888,9.761913056,-39.7325801,255.3877795,11.57734144,-145.3264535,45.62430817,10.75748664,-34.85699171,293.4956997,12.63827509,-10.81249252,100.9650021,13.48028575,-12.30306526,53.15252066,11.91857045,-7.788259505,100.8386325,13.22816894,-32.73788763,37.17153327,1.782387706,-13.13863561,25.89848568,0.975857522,-10.92920186,9.029069959,1.342852785,-5.222343378,5.545333992,0.667078331,-38.00914814,36.60176879,2.390054556,-30.17448785,19.89686702,1.450403748,-76.62386694,87.40408698,3.857794595,-55.33614382,35.50527512,2.264572997,-46.38208518,50.00804088,2.887811886,-19.36420466,32.78401766,1.680140204,-95.71658452,97.0646031,4.45419878,-65.4120725,39.48968412,2.688181745,-6.724834446,3.500633952,0.555189104,-1.556929444,2.799352417,0.164478156,-9.849037214,6.434879434,0.74022085,-2.511752178,3.997781475,0.232175052,-7.234172187,4.265506809,0.611107581,-1.785186514,4.272754807,0.195652202
425,L,1,-2.388686681,3.124328515,0.560943271,-35.20802029,8.946284628,8.525744096,-7.534547622,81.30824502,8.58919459,-28.10637038,21.15747666,7.143797053,-12.05185845,45.20531033,7.94270269,-31.72916465,19.4191494,6.817111659,-10.81249252,23.95636993,6.566475459,-12.30306526,16.5117214,8.007706904,-7.788259505,24.28213972,6.255018211,-8.400123878,10.09732544,0.851680077,-5.79437103,4.540814788,0.476524749,-11.73919413,8.860358617,1.25563708,-4.083938351,6.150106363,0.576180683,-21.06322843,15.80004771,2.096158157,-9.347188676,7.200955653,1.190192267,-7.945116371,7.40357877,1.645145337,-4.391412497,4.917962637,0.993221229,-11.27197929,13.36969345,1.621067267,-7.484083921,5.241684615,0.934016005,-10.21357606,16.3917154,1.655489221,-8.724379027,8.276509726,1.040429775,-2.995131924,3.250060707,0.274206967,-0.681392961,1.363027508,0.083634973,-1.672415369,2.095152975,0.258936086,-0.406307526,0.580252951,0.084709681,-3.305916438,4.019482396,0.311447441,-0.764476279,2.855236086,0.108795842
425,L,2,-2.388686681,2.501539851,0.545995871,-35.72794143,9.991128969,9.386062677,-7.542735742,127.3869434,10.31628759,-28.10637038,25.40973824,8.442449642,-14.00085246,45.20531033,9.098472636,-30.84677947,16.6409722,6.934276564,-9.493720593,25.85629197,5.227593069,-12.10894129,24.72511676,7.552589328,-7.783611372,24.28213972,5.908765901,-8.400123878,8.186667691,0.905530141,-3.516849851,4.409678653,0.492104034,-11.73919413,7.915665062,1.285349888,-4.083938351,6.150106363,0.580513366,-37.65530821,35.91951738,2.578610342,-26.60209862,17.05402107,1.500060785,-7.945116371,9.213219686,1.724818338,-4.604666657,4.990069413,1.033449343,-13.02151284,12.13577278,1.667879999,-6.960267765,6.322002216,0.914272617,-11.36185493,10.15598111,1.690142906,-6.204793164,6.091970104,1.043956137,-2.607465448,3.250060707,0.311982533,-0.681392961,1.363027508,0.088877105,-2.557536376,2.616732384,0.34178406,-0.712670503,0.787465612,0.101419272,-2.360200136,4.019482396,0.322928233,-0.764476279,2.855236086,0.109624387
425,M,0,-1.745286235,7.391560063,1.222438624,-37.75266734,8.764377237,12.79674868,-8.486257802,83.09487866,12.26656295,-38.93703044,27.29656272,9.939974355,-18.29891353,50.99119303,13.32990465,-45.26542616,24.0472413,10.91447462,-13.95861677,80.79984255,12.67213176,-13.36206834,96.17002059,12.78321032,-12.10729628,63.77584313,12.31540255,-7.201223046,8.430715816,1.191637604,-3.610657087,3.702660069,0.631894137,-12.53593521,10.80094839,1.300894478,-5.343086661,5.414567824,0.611240473,-25.91162563,15.65736533,2.291174459,-12.2419202,10.22174053,1.191794803,-11.01870708,11.68896248,2.180527371,-5.842196462,6.078024555,1.290926943,-13.46104052,12.21249708,1.801123076,-6.439743216,6.190344984,0.999688747,-15.05797932,20.3195794,2.509229988,-8.85502228,10.60789757,1.608474839,-7.050574293,5.857839829,0.812644704,-1.271627349,3.873330376,0.248583021,-6.967002061,11.2812552,0.914369363,-1.916005137,7.987502697,0.318299664,-7.972405104,6.078426532,0.905260248,-1.532111847,4.793158646,0.296934909
425,M,1,-3.208252051,1.418447235,0.787351327,-35.9841122,11.17777899,5.3274643,-8.486257802,83.09487866,12.3113251,-26.35362403,27.29656272,9.225838969,-18.29891353,32.01193158,5.454711664,-43.67888054,29.71222728,8.028078331,-13.95861677,31.02389613,7.924314259,-13.37439834,28.37558075,7.449590328,-12.10729628,31.29839756,8.436140467,-4.667039242,5.709980037,0.845109923,-3.610657087,3.24607473,0.510017724,-12.53593521,8.135488712,1.105130083,-5.343086661,5.67690359,0.535796595,-25.91162563,15.64927185,2.398832804,-12.2419202,10.22174053,1.207394263,-10.04437925,8.073518558,1.817800755,-5.449960506,5.332759394,1.081554446,-10.52790107,12.21249708,1.433185342,-6.439743216,6.142007833,0.838658336,-15.05797932,20.3195794,2.175818301,-8.85502228,10.40619354,1.303989014,-1.601081614,1.640093553,0.254491458,-0.58145604,0.594537952,0.092702577,-1.815805195,1.720741176,0.258522702,-0.590676151,0.507876593,0.085125041,-1.172565045,1.663170479,0.315846165,-0.590295406,0.686550253,0.133067387
425,M,2,-3.208252051,1.358953906,0.767603233,-34.90278993,11.17777899,5.702504541,-8.416022637,82.97687356,7.428564243,-30.45381286,24.32111964,9.271996178,-12.95504864,24.81684783,4.696079572,-34.71588324,29.71222728,8.397738936,-13.83610617,31.02389613,6.790250046,-13.37439834,28.37558075,6.5050894,-11.87570989,31.29839756,7.253395777,-5.833643021,4.690556301,0.841093105,-3.267278989,2.769505814,0.490479154,-10.22742918,8.450383268,1.019227139,-3.687457547,5.67690359,0.499639891,-17.50345773,15.64927185,1.71411608,-7.735429281,6.527823081,0.931673432,-8.704240147,8.073518558,1.717802221,-5.352356109,4.554067056,1.010918488,-8.093406264,8.664644285,1.328569755,-6.310190142,4.17536949,0.794224915,-14.28547319,10.50984237,2.078056434,-6.483339252,7.30493152,1.23232603,-1.601081614,1.599373612,0.216224796,-0.58145604,0.494759779,0.082384282,-1.815805195,1.643555506,0.226887317,-0.590676151,0.507876593,0.07354687,-1.232241793,1.290282596,0.27629681,-0.590295406,0.49564597,0.122797049
426,H,0,-8.370190964,1.354494739,1.240843357,-34.96353953,11.93839684,11.49176996,-12.6682527,46.99680995,10.06407379,-193.5092149,20.03125976,12.02734378,-84.53344145,45.15027685,12.05137699,-36.99559948,179.0492607,12.31305721,-15.02996793,34.18002267,8.709502165,-14.74837303,38.3982371,11.46182073,-11.63321291,27.51453054,7.900637012,-20.76042278,31.17511782,1.633749913,-13.3511546,17.7991013,0.913672776,-7.965155229,8.997187858,1.18049788,-6.062410173,6.104132493,0.567714867,-6.363929276,6.280983798,0.886989416,-2.575204144,2.338447718,0.433819603,-52.73129166,52.1097063,3.384818379,-22.67595468,25.92721311,1.969402792,-28.68457993,34.28125361,2.766601217,-16.04665784,19.36359358,1.644097589,-50.81609599,55.79992304,3.439778942,-29.63798772,21.78565207,2.03633351,-3.74936746,3.425751037,0.501371754,-0.867172898,1.780643418,0.128320818,-3.202896693,3.264132671,0.576973564,-0.737709121,2.174261611,0.145542342,-3.177804412,4.312867469,0.525034067,-1.079688073,2.64448343,0.176916584
426,H,1,-8.370190964,1.464955695,1.140265258,-34.31001913,13.39680929,10.80997992,-12.6682527,43.85195583,9.734105708,-193.5092149,22.48911277,11.88527468,-84.53344145,45.15027685,10.7122322,-36.99559948,179.0492607,11.53886223,-15.57641166,37.39698558,10.49704542,-14.05681599,41.4420411,12.54600463,-11.63321291,42.85928304,9.736941642,-18.16309548,31.17511782,1.420819206,-13.3511546,17.7991013,0.783049701,-7.965155229,8.997187858,1.120177343,-6.062410173,6.104132493,0.553545672,-12.53035254,7.761859018,1.191571269,-4.038154537,4.759890348,0.545378704,-52.73129166,52.1097063,3.233088868,-22.67595468,25.92721311,1.85433475,-28.68457993,34.28125361,2.614128344,-16.04665784,19.36359358,1.526745497,-50.81609599,55.79992304,3.331090742,-29.63798772,21.78565207,1.944110389,-3.74936746,3.765001802,0.539037364,-0.813128173,1.780643418,0.118321312,-3.482709213,3.84630489,0.560435969,-0.767734937,2.174261611,0.130285437,-3.177804412,3.342184844,0.534367429,-0.847076685,2.458598861,0.155612762
426,H,2,-2.8991423,1.464955695,0.689290274,-33.43956963,13.39680929,10.21747056,-11.85545184,43.85195583,11.28763091,-18.66967346,29.87713294,7.953655091,-25.83378061,36.89164999,9.246174643,-30.55617652,23.39691571,8.29719712,-15.57641166,37.39698558,11.00711483,-14.66289857,41.4420411,10.60950546,-11.3057359,42.85928304,10.85150749,-4.048842025,3.94967697,0.644158228,-2.655435513,2.153479542,0.357003567,-6.431659828,8.271912563,0.898491143,-2.445928574,2.838300199,0.424388914,-12.53035254,8.198795276,1.298681205,-4.473590665,4.759890348,0.604201828,-10.48638047,9.067671389,1.531479921,-4.56822239,4.378423584,0.886925839,-12.40852247,9.817752521,1.766150821,-6.116264328,5.76488557,1.034547656,-6.467544217,10.56156328,1.502573692,-5.116307389,5.612285218,0.899878655,-3.140823091,3.765001802,0.497119397,-0.680166746,0.715946331,0.096720571,-3.482709213,3.84630489,0.467392499,-0.812091567,2.578434859,0.11820673,-3.036688179,3.142198472,0.487262713,-0.663353107,1.133594294,0.107917246
426,L,0,-2.975586972,1.94324347,0.924214009,-37.8793586,12.04893038,12.26639507,-8.234558054,-0.248722629,6.361234247,-31.4837455,30.45818312,9.502216058,-19.49937711,39.2852008,11.36818416,-34.51974449,21.2130994,11.15822272,-13.03173629,36.8494892,12.06876736,-15.10039341,57.15484271,11.01222324,-8.478354006,39.10187491,12.25979217,-3.904545819,3.706781715,0.752393208,-2.207760652,2.551812294,0.425055186,-8.622060276,9.304037362,1.063650557,-3.727892409,4.016777345,0.471824978,-3.322181776,1.791656782,0.512935373,-1.280613145,1.399702438,0.353044196,-7.273866776,9.349075145,1.915179744,-5.397629231,5.406728949,1.113700701,-10.43649171,10.51834125,1.646174884,-4.802590686,4.450275855,0.917127834,-10.70323351,8.911473214,1.738526095,-6.108965144,4.974839988,1.022338695,-2.63665973,3.919682783,0.427094885,-1.075982445,1.274975748,0.096455223,-3.215030532,4.491472851,0.493819959,-0.960310825,1.245925064,0.112496051,-3.079246875,3.685040767,0.40128442,-0.966768146,2.163563001,0.113905422
426,L,1,-2.089822325,1.965136984,0.81466333,-37.8793586,11.04293935,11.22270987,-8.173988805,78.84169923,8.835053518,-27.7458481,26.53070189,9.621408489,-19.49937711,37.59935691,10.92165215,-32.94130544,21.47380536,10.42707355,-13.03173629,33.94706621,9.379594089,-15.06991025,57.15484271,11.73365976,-8.610695013,36.11912134,8.92958767,-3.532353304,4.252396083,0.702316686,-2.207760652,1.818687636,0.386341468,-8.622060276,9.304037362,0.987802883,-3.727892409,4.016777345,0.438522311,-19.8989835,16.98837104,1.441156058,-6.414762329,7.352947665,0.684387253,-8.808602957,9.349075145,1.937948343,-4.741915761,5.406728949,1.119689143,-10.43649171,8.650764143,1.582631358,-4.302022072,4.497795755,0.885427917,-9.741105118,8.911473214,1.724449603,-4.934988351,4.974839988,1.024354825,-2.585267862,3.221703443,0.375443896,-0.726414399,1.03459438,0.082356467,-3.215030532,4.491472851,0.453230457,-0.958166064,1.245925064,0.108315438,-2.23863439,3.266526126,0.343342072,-0.620568873,1.289631581,0.090195506
426,L,2,-9.321260353,3.45569873,1.110292923,-36.85458719,11.85515045,9.243752017,-8.769661756,78.84169923,11.0707597,-146.9827141,44.57657699,11.9783484,-20.04301429,38.04969238,9.881799679,-32.94130544,88.60464676,10.09761276,-13.18028082,58.61564732,9.468208937,-15.13993125,37.59933038,11.164247,-8.610695013,60.1242303,8.958417786,-24.91302747,62.71358335,1.888426173,-31.44992456,22.59614776,1.116015625,-7.8221998,7.950170834,0.866434051,-3.425072376,3.124458108,0.415038919,-19.8989835,16.98837104,1.768425989,-6.414762329,7.352947665,0.841889007,-45.86033408,45.58219115,2.76182829,-27.54129749,30.55477845,1.67755383,-14.02562869,12.59121108,1.623690787,-5.846631337,8.308833988,0.930306833,-37.33998239,38.21418525,2.149330825,-25.55558223,19.74747266,1.30769839,-2.528534347,4.423237085,0.375069632,-1.276559828,1.03459438,0.079576126,-2.020866661,3.611819491,0.379798682,-0.963047869,1.14618522,0.093389218,-2.448302277,4.281969711,0.363146982,-1.175368936,1.289631581,0.090138848
426,M,0,-1.71890207,2.28876029,0.653744525,-35.60418427,13.2971709,10.72172263,-10.66082781,55.51358709,13.56187087,-32.42409203,24.70837926,9.879426635,-22.3334676,38.94069542,10.60304496,-36.45251503,25.33478448,10.66172784,-15.1756537,30.9480117,9.280436636,-14.68563616,33.15754459,9.368386377,-11.43596971,34.26546146,10.11845892,-2.87211412,3.037650016,0.502664849,-1.879385695,1.331209767,0.274015448,-6.973849562,8.233213706,0.940670212,-2.589832351,2.848689721,0.41939178,-8.862540636,6.8992942,1.05824183,-4.47759602,3.151800715,0.495228936,-10.79451868,10.63938583,2.06886085,-5.54746083,4.775895332,1.22192407,-9.177724984,10.82548547,1.667057146,-5.674745829,5.680776964,0.983898584,-7.763785898,8.117202697,1.624453265,-4.567929403,4.574733384,0.976297963,-2.870366005,3.847071489,0.466778139,-0.999433181,1.164753382,0.113672048,-3.07859522,3.151739083,0.491159755,-0.648548775,2.391146198,0.123523313,-2.729577339,3.648434877,0.493150568,-1.01649528,2.317001226,0.140775982
426,M,1,-7.774421633,1.546879087,1.182520605,-32.5956618,13.54415668,9.425870947,-11.950081,55.51358709,13.50105414,-100.3961202,24.88123704,12.15627437,-33.29958476,49.56714898,10.18206847,-39.30780993,46.02112409,9.748348978,-15.1756537,64.80451348,12.66241736,-14.68563616,51.97951456,12.91972871,-11.27212832,59.62636316,11.48882581,-16.77361089,20.4793664,1.475092557,-12.07649175,11.5688602,0.720334578,-6.464511159,7.866296242,0.954294069,-5.491932939,4.191610636,0.471164781,-8.862540636,6.491133967,0.945091003,-4.47759602,2.547052732,0.438940466,-32.6969648,25.94472894,2.842766686,-21.58676575,20.45823401,1.822327688,-28.07577957,29.81338663,2.167212701,-14.25633896,22.32083422,1.375351436,-23.5149228,26.36989522,2.140641302,-20.75912237,15.85571645,1.47101177,-4.113132881,4.674078222,0.676638155,-0.999433181,1.568283157,0.14198289,-4.204663815,5.609440216,0.68171114,-0.995093931,4.039908123,0.18061332,-4.392391907,4.760566683,0.652334154,-1.01649528,2.314895058,0.151308809
426,M,2,-7.774421633,1.546879087,1.241096102,-33.39883277,13.54415668,10.9465619,-11.950081,17.58061568,7.107230227,-100.3961202,27.20300036,12.04973105,-33.29958476,49.56714898,10.92382063,-39.30780993,46.02112409,10.90906328,-14.87564223,64.80451348,12.86031961,-14.56175064,51.97951456,12.70204133,-11.57115854,59.62636316,12.01178972,-16.77361089,20.4793664,1.484452243,-12.07649175,11.5688602,0.723979881,-6.464511159,8.32616898,1.02200815,-5.491932939,4.191610636,0.509298015,-6.875323307,6.870050547,0.752451463,-4.654869623,3.288851665,0.404155806,-32.6969648,25.94472894,2.84909362,-21.58676575,20.45823401,1.822770035,-28.07577957,29.81338663,2.29443602,-14.25633896,22.32083422,1.451885223,-23.5149228,26.36989522,2.191438392,-20.75912237,15.85571645,1.4852442,-4.113132881,4.674078222,0.692118504,-0.870040972,1.568283157,0.144463015,-4.204663815,5.609440216,0.748802297,-1.005241233,4.039908123,0.200226664,-4.392391907,4.760566683,0.686248263,-0.918979162,2.314895058,0.161987466
427,H,0,-7.238594762,2.508465832,1.238989604,-66.29700235,52.41644995,12.37314966,-8.230132538,55.43003403,10.03188788,-102.5145915,15.77530638,11.53600242,-115.7160321,22.15417544,11.80836084,-29.15874968,110.108292,11.97406555,-12.33936378,100.2129279,15.29466531,-10.592392,165.391628,18.00861287,-9.424911813,38.13907376,13.29817015,-21.20850369,8.587625453,1.107744348,-7.179455961,6.478999345,0.447432976,-23.73535752,22.94493726,2.206241136,-16.17042437,10.69050463,1.29483427,-9.533527123,14.39425798,1.369631825,-5.99666087,5.905758501,0.682400671,-27.98323732,32.67689217,3.417863357,-20.21600176,19.85817795,2.114725732,-36.43458699,29.97173542,3.612343367,-23.7621675,22.21514375,2.213403761,-33.15570122,35.78597997,3.711678981,-23.4987148,25.89886352,2.332080821,-4.632154142,5.212765879,0.594781462,-1.675112019,1.26531697,0.136820942,-7.053422197,6.946836014,0.774098552,-1.971581967,3.910913791,0.196521082,-3.048426012,3.186038196,0.527512456,-1.381293423,1.525320894,0.136990751
427,H,1,-5.124338517,1.480377789,0.689900435,-30.83425576,82.97243887,8.94145203,-6.869715967,55.43003403,10.9844399,-85.7219132,14.45258472,10.71312795,-115.7160321,16.1477601,10.90672178,-13.43374634,110.108292,10.86667546,-12.33936378,34.58314564,8.468041427,-10.88739862,22.00663718,7.321015967,-9.424911813,36.75019184,8.676162115,-8.0847535,4.801634927,0.63809771,-1.857701184,2.424712621,0.292224881,-30.72896071,31.52779105,2.36412799,-19.42991119,11.05442573,1.305459279,-9.533527123,14.39425798,1.371247626,-5.99666087,5.905758501,0.678193469,-25.65147141,26.56470295,2.399816663,-11.46816385,13.04906009,1.351959574,-36.43458699,23.07204803,2.790549482,-14.2393282,17.5985268,1.563937785,-26.98072622,35.78597997,2.731700065,-17.02193302,15.87702205,1.552972001,-3.057333969,2.904039288,0.417085591,-0.528548172,1.563292291,0.099612043,-2.698218355,2.669844768,0.46106583,-0.531160117,1.994785683,0.129281918,-3.048426012,2.761758707,0.419713546,-0.592190239,1.525320894,0.109664425
427,H,2,-5.124338517,1.907364773,0.77556913,-30.94925532,82.97243887,9.180825253,-6.935768835,52.62402079,9.760158375,-95.17918014,14.45258472,8.932829542,-107.623285,15.44703578,8.932551851,-12.5778106,113.0002101,8.939524941,-11.63617631,34.58314564,7.417380434,-10.88739862,22.00663718,7.901955584,-9.746225997,36.75019184,7.674624298,-8.0847535,4.801634927,0.601459249,-1.857701184,2.424712621,0.268712756,-30.72896071,31.52779105,2.276420846,-19.42991119,11.05442573,1.22505582,-9.184763493,11.56267012,1.131522353,-3.95680283,4.000750265,0.581435055,-31.40785223,25.18947705,2.192465331,-14.24594316,19.32771753,1.291013687,-36.71158483,24.38794712,2.534623958,-15.80589567,22.15059539,1.48477889,-26.67029411,40.42635553,2.468412368,-24.2635989,19.278756,1.481896536,-2.174090328,3.259982912,0.364948754,-0.642434872,1.563292291,0.092833302,-2.698218355,2.669844768,0.438550212,-0.482934182,1.994785683,0.121393582,-2.007932503,3.256725131,0.383766277,-0.657214341,1.419141589,0.105136355
427,L,0,-4.04904634,3.279451507,1.162262462,-35.83113476,67.03854,11.19857478,-7.365365301,70.05238692,11.07891152,-134.53986,16.35620553,10.70656877,-118.7127859,24.76180784,10.16660467,-12.75360842,141.0491122,10.43382712,-12.93350158,43.12355476,12.29583117,-15.53229377,28.73391334,10.8705141,-10.6133812,42.58119278,12.79629705,-4.817355017,5.895342151,0.830566465,-2.206836439,2.229495022,0.434570028,-22.27666061,25.3636499,2.184078334,-16.05556738,12.23577207,1.200519575,-15.96608682,15.1738251,1.556093201,-6.450459568,6.674068322,0.772987937,-33.55090795,42.0762197,2.70156199,-17.08158282,22.86822296,1.519515237,-33.38738959,38.34896205,2.643406951,-14.76412229,20.84319179,1.482468251,-45.2110614,38.06329648,2.785976831,-24.82407342,21.05934874,1.622171929,-2.704392917,3.449860014,0.382484653,-0.667170828,0.622505539,0.090114081,-3.51976689,3.773342909,0.583503648,-0.89816167,3.529496288,0.156701148,-2.612121396,3.408816398,0.392283092,-0.656695151,1.118909285,0.097581941
427,L,1,-4.04904634,2.823045605,0.936886351,-32.65244481,67.03854,9.25034643,-6.872247096,68.64546368,9.296684958,-134.53986,18.47942926,9.090985911,-118.7127859,18.7550451,8.872484407,-11.04069754,141.0491122,8.891686089,-12.93350158,43.12355476,7.792022934,-14.14632633,28.73391334,8.57405913,-11.49497998,42.58119278,7.855339488,-4.817355017,5.895342151,0.810678038,-2.206836439,1.957488153,0.41996512,-18.92894006,25.3636499,1.771600322,-16.05556738,11.83384363,0.961098587,-14.99391442,15.1738251,1.256650379,-6.450459568,6.674068322,0.679362446,-29.80518687,42.0762197,2.473535848,-17.08158282,22.86822296,1.423472845,-28.0175112,38.34896205,2.42186511,-14.76412229,20.84319179,1.397293184,-45.2110614,33.54337205,2.492267058,-24.82407342,21.05934874,1.489554214,-2.704392917,1.738321664,0.282097636,-0.460453794,0.655130724,0.074198898,-5.090915922,3.639928605,0.527766927,-1.524379239,3.014002532,0.155279002,-2.612121396,1.75409006,0.30668948,-0.531280993,1.118909285,0.091428703
427,L,2,-2.817802948,1.684718368,0.868382269,-33.39195173,19.20374926,9.211773119,-7.082191264,52.31653438,6.272551423,-65.85730002,18.47942926,4.071622354,-58.89713788,18.99778127,6.288437587,-13.17117753,65.28509511,4.451660967,-12.81705548,20.95536531,6.113094017,-14.0352683,39.57068335,8.123122182,-11.49497998,17.70245825,5.879018112,-3.974507134,3.959594106,0.764193649,-2.218277035,2.251769775,0.428393654,-9.04339763,7.007011892,1.199400105,-3.75874497,4.725995283,0.598555271,-15.53144456,9.672927233,1.09755922,-5.751000365,6.562210774,0.616456373,-29.80518687,25.13977388,1.358426284,-15.2383842,19.73225719,0.853504015,-26.69038331,25.56539006,1.548132722,-13.2187211,18.73484843,0.935009075,-29.78267844,30.40396538,1.25847878,-21.58319694,12.72501694,0.818902184,-1.566839741,1.929293859,0.273669808,-0.427320078,0.863356898,0.082346256,-5.090915922,3.421719611,0.472231101,-1.524379239,3.014002532,0.151052317,-2.235668092,1.99271745,0.302414667,-0.542367837,1.716246012,0.108934948
427,M,0,-2.414578891,3.242054368,1.233362898,-37.98835569,68.91860267,12.94437419,-7.94947813,65.36207615,10.24686823,-147.9147334,28.30755632,13.42209719,-148.2569474,32.01398987,13.2936283,-15.01758284,153.6932517,13.60500761,-7.922461468,34.51275956,14.5682936,-10.83646605,39.00224362,12.97333932,-8.225618334,35.93431134,14.96004228,-3.257636181,4.538754445,0.808323448,-2.129179698,1.731314986,0.431916225,-24.74875839,22.21861971,1.784352188,-14.97730363,16.51024958,1.016924145,-12.71772326,13.45217603,1.471962739,-5.150134525,4.803985194,0.74148324,-45.56274025,46.87531017,3.658590213,-32.64253021,34.02620189,2.369327829,-51.85002243,53.40726507,3.886752471,-37.13159693,38.79106774,2.547209418,-54.95421016,56.23750707,3.915725912,-42.23839057,34.82567711,2.588986549,-2.098272998,1.830043494,0.27394846,-0.474583457,0.977312594,0.068646709,-2.605623737,2.381292996,0.480246554,-0.57098085,2.059448076,0.123034387,-2.121251659,1.91818502,0.290639629,-0.488616813,1.044452181,0.073038731
427,M,1,-1.845099578,3.242054368,1.025353085,-35.62450905,68.91860267,9.106966655,-7.994154565,65.36207615,10.15465818,-147.9147334,28.30755632,13.34421371,-148.2569474,32.01398987,13.1912411,-19.93949692,153.6932517,13.73484498,-9.956669817,34.15671373,9.262697348,-9.975478988,38.55834144,11.53830479,-9.28854902,32.26200636,8.805553687,-3.381250894,3.015533536,0.731891749,-2.116071189,1.731314986,0.412925712,-24.74875839,22.21861971,1.753713897,-14.97730363,16.51024958,0.998822196,-12.71772326,13.45217603,1.431639328,-5.150134525,4.100615706,0.716761894,-45.56274025,46.87531017,3.733041603,-32.64253021,34.02620189,2.401760838,-51.85002243,53.40726507,4.002174462,-37.13159693,38.79106774,2.604608678,-54.95421016,56.23750707,4.035393943,-42.23839057,34.82567711,2.647770154,-2.077727019,2.139820641,0.245694152,-0.622288184,0.48891459,0.061668502,-1.728762637,3.227575291,0.412175365,-0.597078287,1.202742979,0.101332487,-2.10272954,1.814038517,0.258371481,-0.5897328,0.978164808,0.069331599
427,M,2,-1.845099578,1.403550523,0.750879605,-35.62450905,20.09941545,8.459384062,-7.994154565,64.66138678,11.34296066,-57.25687206,18.22794471,4.798997529,-80.67776359,17.12754021,5.881099948,-19.93949692,76.11248454,4.260337713,-10.11963084,22.93953461,7.07395757,-9.975478988,38.47604271,7.881574399,-9.374313104,21.27512111,6.531071086,-3.381250894,5.362950333,0.747009813,-2.12808645,2.488144649,0.434261774,-11.65559528,6.162696564,1.408771973,-4.283969644,4.64239234,0.749826873,-13.45822195,16.39009724,1.350900933,-6.285416151,5.354987674,0.695893796,-23.87137536,13.75314846,1.319509104,-11.27813914,12.67617693,0.75188222,-30.30680909,16.39586832,1.568507182,-14.30756774,16.09765909,0.918056615,-18.28975686,33.2764968,1.269035752,-17.97217832,14.03509568,0.742294289,-2.077727019,2.139820641,0.225340759,-0.622288184,0.48891459,0.065386989,-1.723434695,3.227575291,0.357111081,-0.597078287,1.202742979,0.095380723,-2.10272954,1.814038517,0.235160207,-0.5897328,0.978164808,0.076240765
428,H,0,-4.25607282,4.449188159,1.26963359,-56.20076969,15.85849847,13.30941927,-25.48942075,32.35998689,10.53551379,-31.61276914,33.15893428,11.74947057,-25.29094423,36.15507834,11.61425925,-38.60616433,27.45019402,10.88467396,-16.43656085,55.41681706,14.70947831,-17.89100291,51.48477605,12.50117999,-11.28825567,59.50091712,15.32780878,-10.61323497,18.51050323,2.146691532,-8.329565157,7.364414504,1.243422783,-13.75270474,12.35928976,1.554356197,-4.609758935,8.913588437,0.712730296,-12.21118135,11.22738884,1.79484208,-4.769086367,6.599789469,0.98819461,-9.722170284,10.41228112,2.517674696,-5.968531996,6.064621308,1.453873213,-12.04246417,11.65449465,2.211989343,-5.45486476,7.802187457,1.240219238,-11.00940172,11.97129,2.165750484,-6.024236487,6.165920198,1.322655142,-4.703123768,4.751229498,0.731934495,-1.913354257,1.954463209,0.241969628,-5.039485089,4.086473626,0.637740972,-1.276940042,2.181549847,0.233602668,-4.657860245,5.916042305,0.808467917,-2.066686083,2.5889891,0.281319355
428,H,1,-4.25607282,3.604368209,0.882995661,-54.12354806,16.96881384,12.43548783,-23.31343919,50.52111223,12.70785168,-35.82485185,31.55375255,12.36230232,-26.53242774,36.15507834,11.16541129,-29.65538625,28.15407133,10.81775973,-16.43656085,55.41681706,11.14597486,-17.54471255,26.13491466,10.821449,-11.28825567,59.50091712,10.74316797,-10.61323497,18.51050323,1.824710119,-7.165904599,7.364414504,1.055484013,-13.75270474,12.35928976,1.583168777,-4.609758935,8.913588437,0.722667032,-12.21118135,15.39363006,1.988477457,-4.769086367,6.599789469,1.051946446,-9.792964327,13.23952651,2.508701629,-5.968531996,5.648560342,1.44994973,-15.1552564,16.75542471,2.133371713,-9.14756319,8.850475048,1.209621722,-12.29844897,11.97129,2.259410649,-6.024236487,8.956132614,1.378433711,-3.858594148,4.433408369,0.599538398,-1.224625243,1.605190579,0.21011068,-5.039485089,2.525810007,0.577120215,-1.276940042,2.008459947,0.223209845,-4.230334392,5.916042305,0.660218025,-1.25084726,2.5889891,0.246903476
428,H,2,-2.898859806,2.948378125,0.711487776,-53.08741895,18.33482402,10.38714289,-23.31343919,50.52111223,13.47973827,-40.18187178,27.68976407,12.13624854,-29.40299591,35.83701195,11.40185531,-38.63851867,31.66848619,11.69978988,-16.01527174,26.37219681,9.200644368,-18.07589461,29.69854129,11.13939503,-11.08620034,26.42342431,8.010760024,-10.37028237,12.56771444,1.697373477,-7.051113788,6.323016217,1.013889376,-13.23691308,11.2702012,1.465445445,-4.450468115,5.82695956,0.6866838,-14.01852655,15.39363006,1.932171233,-6.430818095,7.659553028,1.041110065,-12.73299209,13.23952651,2.475163213,-6.92084706,6.466456267,1.471936471,-15.1552564,16.75542471,2.13200424,-9.14756319,8.850475048,1.225129776,-13.82104736,14.26845678,2.298325593,-7.52807576,8.956132614,1.38340571,-2.86017432,3.774852988,0.544799352,-1.079276265,2.067215739,0.20995287,-4.808247688,5.804946514,0.669493283,-1.410913576,3.939473691,0.25059042,-2.557978266,3.718238429,0.523777764,-1.132588212,2.1014984,0.234962239
428,L,0,-2.575895236,2.694779354,1.185607251,-66.50568104,16.24797685,13.33143486,-16.52232509,56.21480053,11.78252822,-34.78573746,48.4495447,12.94564455,-41.95079934,41.86125115,13.53286597,-50.03205875,45.92661716,13.94085749,-17.82571404,64.04969645,13.71687904,-14.9853465,44.49108875,12.72989396,-13.13133035,75.03125674,14.17716693,-8.252726709,6.018340959,1.311220351,-3.446490767,5.063084313,0.766251662,-16.25053663,10.96972585,1.651229801,-5.446958609,5.57129723,0.745059355,-11.59376566,12.43188379,1.838724925,-5.824659228,6.351702704,1.0108384,-15.97728191,15.89971281,3.013988804,-9.956973609,6.927334004,1.794642948,-17.10341351,17.23954152,2.897893058,-8.53084723,10.57273575,1.664169292,-17.61981981,18.73548513,3.117472188,-13.46404951,8.783263,1.865673635,-4.493274218,7.711306418,0.861302722,-3.174377186,4.208254323,0.303370852,-5.056212729,5.230449807,0.725005556,-2.368358877,3.988644071,0.272020435,-6.074727001,8.581881046,0.940836887,-4.314511422,5.033672973,0.370047765
428,L,1,-3.20466703,3.294122235,1.077182587,-61.30828848,22.11056988,11.27692042,-16.52232509,66.26826746,13.85196631,-40.59264967,54.67960224,12.46977643,-48.71160228,41.86125115,10.82788275,-54.74819353,55.49471302,11.48041985,-17.82571404,55.71246392,11.0013646,-14.9853465,57.68167132,12.14552796,-13.1625772,64.65588651,10.80802542,-8.252726709,6.018340959,1.343342874,-3.446490767,5.063084313,0.773980187,-16.2824753,10.96972585,1.623462001,-6.351799078,6.303427737,0.757027245,-17.69343011,12.47485256,1.946082778,-7.771373535,8.093695301,0.992987214,-19.48933698,14.10033009,3.016710984,-8.741762312,7.381271265,1.807507383,-16.77816195,17.23954152,2.597996073,-7.974254377,9.153599445,1.502235122,-22.32797082,19.19052212,3.105436599,-12.62639348,15.16521233,1.874512194,-3.870663236,7.547074813,0.810540441,-1.156448278,4.208254323,0.292061337,-7.541342088,7.539365234,0.867112761,-2.368358877,5.869954519,0.314707909,-4.986147189,8.419908332,0.801619615,-1.317699989,5.033672973,0.327492754
428,L,2,-3.20466703,3.294122235,0.84577906,-58.91526898,22.11056988,9.430365342,-15.93779836,66.26826746,12.16852388,-40.59264967,54.67960224,10.77100463,-48.71160228,35.17391557,9.876034258,-54.74819353,55.49471302,9.388555159,-17.38472922,48.25428425,10.23234592,-15.11151087,57.68167132,11.16136421,-13.1625772,49.34161492,8.966566936,-8.030876877,10.22227621,1.205313655,-4.149481004,6.700999314,0.703959896,-16.2824753,11.50081579,1.563276028,-6.355133635,6.639317835,0.753434519,-17.69343011,12.47485256,1.634481275,-7.771373535,8.093695301,0.871883509,-19.48933698,13.43113877,2.862184151,-8.741762312,7.381271265,1.722602457,-20.53135254,14.79394111,2.384132785,-9.711619626,8.450609827,1.45415541,-22.32797082,19.19052212,2.741045163,-12.62639348,15.16521233,1.68765888,-3.396589893,4.296532034,0.582350756,-1.14201871,1.919503327,0.223185955,-7.541342088,7.539365234,0.673985137,-1.863326299,5.869954519,0.244983388,-2.873815929,4.583288797,0.60277279,-1.425996964,2.324378338,0.273188637
428,M,0,-2.90002487,2.649989284,1.062024032,-58.73635916,18.59958336,11.78407246,-18.31751926,51.10216948,9.08075292,-42.54815034,33.64335306,12.06569546,-41.96183166,38.91897967,13.42990969,-48.45330431,28.74663315,13.43535644,-20.86667444,38.17161145,11.70887941,-17.83961381,27.42833039,11.87068447,-12.52809515,49.85229388,13.13104009,-9.137992688,10.05799484,1.564146436,-4.62990088,5.034922048,0.890576445,-14.49464598,10.40969751,1.579553675,-5.245557602,6.1711389,0.728511965,-5.77727831,9.006265127,1.32978007,-3.491375796,3.567884402,0.789885018,-10.52660692,12.2908323,2.649900078,-6.803319747,7.727531856,1.549025641,-18.58665359,19.37579778,2.51710875,-10.46886517,11.26662168,1.455859328,-11.9982008,14.11246141,2.280302723,-7.647101157,8.39884918,1.345145994,-3.96263722,3.28431961,0.499916177,-1.334021411,1.09423417,0.204088158,-3.509403234,3.018735402,0.437909413,-0.745262013,1.469881245,0.160529224,-4.247828684,3.550498786,0.633792674,-2.50916893,2.464297222,0.280811016
428,M,1,-2.232962114,2.672421213,1.044285433,-57.71035787,16.84080378,11.31631409,-16.73207949,61.21327512,12.34853655,-42.54815034,33.40012824,11.94778678,-41.96183166,42.52092384,12.02173094,-35.72977744,28.74663315,10.76107077,-20.86667444,38.17161145,11.34076539,-18.74106852,27.42833039,11.72478653,-11.91777419,49.85229388,12.35052502,-8.42349738,10.05799484,1.624758674,-4.62990088,3.464753355,0.919525483,-14.49464598,10.95130754,1.694885856,-5.245557602,6.1711389,0.772849293,-9.197135037,10.31746499,1.469975387,-3.149585758,5.220271054,0.820477381,-10.52660692,12.2908323,2.552229098,-6.803319747,7.427316985,1.531391692,-17.23581586,19.37579778,2.715095324,-10.46886517,9.698591291,1.59048503,-11.9982008,10.4537651,2.01891249,-7.647101157,8.39884918,1.223390869,-3.96263722,3.28431961,0.572431604,-1.113289954,1.672016715,0.25060286,-3.509403234,3.557998201,0.509393921,-1.042616511,3.214914517,0.202638165,-4.247828684,3.550498786,0.654193531,-1.284613667,1.437237494,0.295468538
428,M,2,-2.287913212,2.734592098,0.97449263,-52.13388592,17.15066476,10.85864688,-17.61286133,61.21327512,14.49444038,-35.04394122,33.40012824,10.75008338,-32.48632179,43.06543671,10.44440933,-29.22808001,30.12149642,10.24908123,-21.26328399,40.00970094,11.14657702,-18.81862578,29.96520476,11.26504599,-12.029033,44.02602853,9.440570203,-8.42349738,6.996105683,1.604866649,-4.311334362,3.876678094,0.940551717,-12.28386555,10.95130754,1.55428688,-3.963399401,5.642421471,0.722838536,-10.38776794,10.31746499,1.549327416,-3.814987233,5.220271054,0.822845838,-10.39558542,11.12324497,2.442437031,-7.157497545,6.637441438,1.479167992,-17.23581586,14.52197236,2.672526096,-8.557451504,9.607048124,1.612848643,-10.52764146,9.761861629,1.832147878,-6.123926649,5.233882953,1.126751946,-3.659371345,3.814209653,0.54452923,-1.113289954,1.672016715,0.234492252,-3.061191241,3.557998201,0.426478401,-1.042616511,3.214914517,0.184929967,-3.261049059,4.95026266,0.656137723,-1.284613667,1.437237494,0.287794145
429,H,0,-2.068457938,7.602715948,1.283003346,-26.09321906,15.20656591,12.09285806,-10.39569883,43.99345975,10.31757758,-25.84689703,32.94337776,11.51016187,-27.46522692,25.02221369,10.97580075,-29.13937503,35.94129116,11.38427062,-16.04414765,55.34309418,10.34730283,-14.52293864,29.89428037,10.63111802,-15.05565131,54.00523462,10.31878048,-5.395787643,5.430832849,0.966608579,-2.782039936,3.757590426,0.541107247,-8.333385214,8.236647497,1.276594616,-2.895124227,4.689816038,0.57288866,-6.553115502,7.81142523,1.194824298,-2.251521841,3.142545334,0.478473933,-10.14628387,12.92137171,2.308558008,-6.252589888,6.135971525,1.284995768,-9.425934985,10.75981059,2.039723742,-5.424810902,6.002259685,1.139476832,-10.55711463,12.14342603,2.000387255,-6.532126036,5.547682544,1.1474274,-6.893884915,5.553957544,0.782933646,-1.60628009,4.620757956,0.255399835,-3.799283716,3.098993013,0.651356406,-0.75899061,2.4432353,0.205497104,-7.593018768,5.473207404,0.827632064,-1.631146821,6.194746119,0.302657485
429,H,1,-2.353386575,1.434181421,0.745483423,-25.83855264,18.31360504,11.08265684,-10.08534125,48.19052725,11.71673035,-26.11082711,34.81633522,10.03862657,-27.9998776,25.02221369,11.57395258,-29.47664253,35.94129116,11.96334254,-15.75056463,36.34483735,9.648669503,-14.1809376,57.95961725,13.05676456,-14.64998055,35.66070343,9.621744725,-5.395787643,5.383322996,0.921545503,-2.782039936,3.757590426,0.523611457,-8.333385214,8.967615134,1.338461929,-3.094510817,4.843092878,0.58796819,-6.553115502,8.090647358,1.52753337,-2.778958448,3.142545334,0.571998777,-10.0799304,10.76795349,2.334228588,-5.882819405,5.020600365,1.307952351,-10.45917414,10.75981059,2.206781098,-6.125867135,7.416005957,1.222999375,-11.67883323,13.54145604,2.2167978,-9.792142337,5.768401882,1.262036925,-4.150011952,5.553957544,0.827235288,-0.909523309,3.823192937,0.240811594,-4.850538513,3.335079941,0.778930083,-1.034345327,3.452825735,0.241255293,-4.425981692,5.689931069,0.860681898,-1.03726685,4.247831498,0.280911586
429,H,2,-2.610722615,1.926258976,0.717459425,-25.60150275,18.31360504,10.10764864,-10.05769605,48.19052725,11.54135958,-29.82652633,34.81633522,11.16104495,-27.9998776,22.68182766,10.94098046,-29.47664253,32.53911973,11.09952667,-15.75056463,42.45616042,10.79996765,-13.85530293,57.95961725,11.93076005,-14.14648062,41.98335292,10.85029387,-5.126625976,5.545024874,0.921103045,-3.249951724,2.823475498,0.515241953,-7.934188068,8.967615134,1.246521386,-3.094510817,4.843092878,0.540743151,-6.671522979,8.090647358,1.423501432,-2.778958448,2.139714417,0.527562671,-9.050309897,10.76795349,2.377039073,-6.381648271,5.591241988,1.387478239,-10.45917414,11.26813094,2.124077846,-6.125867135,7.416005957,1.164277016,-11.67883323,13.54145604,2.131791205,-9.792142337,6.98791232,1.246852869,-4.944819075,4.669458271,0.776025333,-0.876656609,3.122549196,0.184836724,-4.850538513,3.517589886,0.781056702,-1.034345327,3.452825735,0.23172127,-4.973180862,5.689931069,0.792735527,-0.90489491,2.926146029,0.203356726
429,L,0,-2.917742154,5.031413752,1.041456325,-30.97142153,16.94458718,12.39148666,-7.906251813,58.35895409,9.835892697,-25.21974197,33.76238385,11.487791,-20.46705053,28.38225638,11.80610041,-30.57639123,26.15275614,12.2018803,-13.76192592,26.29877095,7.569464831,-15.41404039,38.99960582,10.55498774,-11.9389155,26.49594022,7.556165648,-7.572980473,8.031009324,1.464481704,-5.766340145,3.745016307,0.822297999,-8.477414794,8.402803347,1.253293403,-3.247962372,3.544548184,0.535585451,-6.866032297,9.813762238,1.15330364,-3.156467125,3.378958967,0.475488025,-10.33298023,11.35228451,2.224886904,-5.318859558,5.505871819,1.217990727,-10.31386231,10.37046738,1.604696108,-4.409707251,5.421901219,0.874895534,-13.80297747,11.01502919,1.830280197,-6.495091605,6.333281466,1.068400321,-4.378802273,3.208776444,0.504268621,-0.990285701,2.066334579,0.142117087,-2.424485474,3.528091943,0.474537107,-0.716965515,1.141896063,0.120404526,-4.417398918,3.589027003,0.529720411,-0.998288096,3.237955473,0.168674957
429,L,1,-4.58962405,2.80225307,0.92849017,-30.8899904,16.94458718,10.4743838,-7.73668815,58.35895409,12.12907125,-26.40613873,32.75846819,11.51407807,-20.92557777,28.38225638,11.21277353,-31.22354464,28.03931008,10.847975,-13.76192592,49.10260898,11.45945746,-15.41404039,38.99960582,11.32765765,-11.83594262,48.80059603,11.58539361,-6.539059227,7.632831619,1.495710026,-4.525989192,5.084318406,0.852753062,-8.477414794,9.028634567,1.177396495,-3.255574038,4.051702331,0.537274876,-7.623781102,9.813762238,1.378473269,-3.156467125,3.378958967,0.539548459,-11.51658526,11.35228451,2.317218105,-7.849483803,5.899747571,1.292397494,-9.834887521,10.82020843,1.828150844,-5.205250842,4.753881912,1.016817214,-12.50028259,11.01437625,1.883987675,-6.694190595,6.297593085,1.108392606,-4.932445501,6.126206866,0.705669784,-0.835050972,2.269136829,0.147831023,-4.10369594,3.911830115,0.528957268,-0.790282876,3.420357381,0.165147157,-4.622573764,6.459814095,0.714288344,-0.791368943,4.048469948,0.167353414
429,L,2,-4.58962405,1.926877934,0.945261825,-30.8899904,13.50391546,10.67181503,-7.688541112,60.96732981,12.16722339,-26.40613873,32.95319129,11.53415558,-21.59738068,25.96432772,11.09884918,-35.33613103,28.03931008,10.83784789,-14.45065962,49.10260898,13.9750058,-15.06273909,54.57183499,12.28661373,-12.24006668,48.80059603,13.92476221,-6.924696726,8.062541344,1.629645022,-4.525989192,5.084318406,0.934665559,-8.42339889,9.028634567,1.27059491,-3.255574038,4.051702331,0.563720748,-7.623781102,6.478773289,1.186734506,-2.808446733,2.613864081,0.470553674,-11.51658526,12.42726278,2.287972169,-7.849483803,5.899747571,1.303538616,-9.834887521,10.82020843,1.975905928,-5.205250842,5.471229121,1.092622659,-12.50028259,11.01437625,2.046417862,-6.694190595,6.297593085,1.196413874,-4.932445501,6.126206866,0.870323778,-1.103269195,2.854776696,0.189736702,-5.878273672,3.911830115,0.617495364,-1.010108005,4.027173009,0.195385597,-4.622573764,6.459814095,0.885150095,-1.30821036,4.048469948,0.221019143
429,M,0,-3.892054558,6.745738098,1.152929441,-28.99429829,16.39615079,13.14401239,-8.45763442,50.22408897,11.5251485,-27.77905098,33.53363926,9.171948032,-24.9056283,26.94004264,12.17078113,-36.51168221,23.16324967,12.05081131,-15.23626858,30.74150195,10.20941108,-14.14146492,55.03471574,12.11028452,-13.71139587,28.19950123,10.31274784,-7.34786964,7.093697251,1.458856328,-4.990483651,4.590963065,0.843295519,-8.176501657,8.406894142,1.202523079,-2.848862613,3.21759934,0.522210116,-8.568664974,6.430563773,1.45204357,-2.59233736,2.490680588,0.53059169,-10.25965514,11.45566705,1.934197073,-7.324064009,5.226798814,1.117505287,-11.10348035,11.61960751,1.960985321,-5.630082558,7.261043839,1.04904776,-12.71305956,13.9907149,2.078148225,-9.194918049,7.817436584,1.218379694,-5.173596944,4.532325721,0.778022142,-1.031778155,4.851374428,0.266645519,-6.024103036,4.504755491,0.637886664,-0.995313238,3.055979073,0.18962957,-5.246056073,4.616647037,0.802437029,-1.019815544,4.92972239,0.28991388
429,M,1,-3.450304983,2.702798673,0.868529603,-28.95558483,14.22420417,10.82766528,-8.45763442,52.4476874,12.01560077,-27.77905098,28.03969555,9.171492079,-24.9056283,26.94004264,11.73710689,-36.11723503,28.21711161,11.95759437,-15.23626858,40.7084846,10.67004699,-14.20088813,41.29076807,11.71949823,-13.2906595,41.32485012,10.76040155,-6.353900068,8.923057853,1.370117454,-4.150339589,4.966515492,0.806858681,-9.121195004,7.788176036,1.193336288,-3.185955324,4.167136147,0.539869281,-8.568664974,5.416265997,1.334336799,-2.59233736,2.777588846,0.504337379,-8.462729693,9.285911587,1.965429226,-5.851980605,4.476849344,1.152613623,-11.10348035,11.61960751,1.924453092,-5.630082558,7.261043839,1.061591785,-12.77190245,13.9907149,2.136283979,-9.194918049,7.817436584,1.255499218,-5.321435152,6.041700232,0.703237997,-1.249337853,4.678030702,0.223041857,-3.283176951,4.157418457,0.674171522,-0.828581751,2.205752327,0.186693333,-5.66737175,6.328736807,0.72143232,-1.293909043,4.991628457,0.23497492
429,M,2,-2.845267669,4.009314016,0.875129069,-28.88666991,14.22420417,9.637932333,-8.384016139,52.4476874,10.98667798,-28.22706684,36.05165998,12.6978017,-20.47680619,23.16593471,10.50543435,-36.11723503,28.21711161,10.65559223,-15.04246596,41.47607923,12.46590244,-14.20088813,40.72431981,11.09920766,-13.23517472,41.32485012,12.28513252,-5.900345809,8.923057853,1.330662119,-4.158755521,4.966515492,0.783697245,-9.121195004,7.788176036,1.196306902,-3.185955324,4.167136147,0.551017394,-6.964304091,5.99804126,1.191061496,-2.515117582,2.777588846,0.470668053,-11.76326154,12.78407172,2.208095074,-5.851980605,5.309689482,1.2110581,-8.207244572,10.51311798,1.762667514,-4.694484075,5.434174582,0.982652552,-12.77190245,10.12907055,2.080920339,-6.440077264,5.31670355,1.218430682,-5.321435152,6.041700232,0.673016047,-1.249337853,4.678030702,0.16679448,-3.621824962,4.157418457,0.694116421,-0.928094234,2.970076919,0.191712961,-5.66737175,6.328736807,0.677766587,-1.293909043,4.991628457,0.173863112
430,H,0,-3.410090686,3.185966583,1.133389739,-38.80389589,16.45634079,11.86929399,-5.627378582,75.7559479,10.97293604,-38.18301175,38.74229761,11.47111525,-24.24159988,30.13049087,12.5106191,-30.8207422,27.70965234,11.55935347,-15.99529748,60.04180151,11.16868881,-18.29623651,51.38531105,11.8416606,-11.9174392,61.45822165,11.14761036,-7.376592471,8.975151315,1.355795904,-4.050865838,3.396581597,0.727955369,-12.75779408,11.16560611,1.69307355,-4.595527914,5.664924448,0.751167562,-12.71632514,15.03362111,1.344844778,-8.203083281,6.123769312,0.651265602,-12.93431383,12.90681706,2.788806219,-7.962049211,6.74268849,1.642654623,-10.41081543,13.50373543,2.261453524,-6.159748818,6.738814359,1.279495699,-14.00377158,12.43812136,2.458197563,-9.794778476,6.234513678,1.480859569,-5.29034291,5.82768551,0.680999216,-1.449240892,1.86104569,0.155936694,-5.124154675,5.530554952,0.701631613,-1.529099148,2.162573491,0.174553965,-4.97676748,5.292504417,0.686244741,-1.370732585,3.479317039,0.17717753
430,H,1,-3.461089686,2.179957969,0.989740657,-38.23374798,16.19091867,12.13997263,-5.573677152,75.7559479,12.33699333,-38.18301175,38.74229761,12.12490743,-24.24159988,27.15341861,11.54251478,-30.8207422,27.79415983,13.02413354,-18.27663007,60.04180151,11.93899221,-19.03515829,40.58677503,13.86318201,-12.15976768,61.45822165,12.59221799,-6.852846036,8.975151315,1.442921041,-4.050865838,3.664980669,0.795831639,-12.75779408,11.16560611,1.420627315,-4.595527914,5.664924448,0.652513334,-13.44160309,15.03362111,1.772061485,-9.035957565,6.459315488,0.868261556,-12.93431383,13.86442191,2.957427746,-7.962049211,6.74268849,1.753292801,-10.41081543,13.50373543,2.214295846,-6.159748818,6.738814359,1.279996555,-14.00377158,12.43812136,2.540917295,-9.794778476,6.234513678,1.540333748,-5.672664107,5.82768551,0.778185082,-1.530391976,2.587546884,0.190724233,-5.124154675,4.219032608,0.712170549,-1.426370955,2.575733352,0.198421631,-5.340021401,5.292504417,0.794664528,-1.455089129,3.479317039,0.207925043
430,H,2,-4.03986215,2.867077424,0.971412522,-37.83210689,17.07115225,11.91962357,-5.573677152,83.4269629,15.74600754,-36.12346547,36.72145264,12.66503813,-25.569651,27.15341861,12.06381517,-36.02760486,31.29709917,12.97011664,-18.3824701,54.08093196,12.42593965,-19.32630384,56.12401278,13.92214517,-12.15976768,56.00142739,12.49215274,-7.780030456,8.390985382,1.459869065,-4.541751942,3.743827335,0.789262017,-9.860528476,9.448855027,1.353340734,-3.639979979,4.376322303,0.634733391,-16.63616499,15.46874387,2.291134763,-9.035957565,6.680177292,1.108542498,-14.68663284,13.86442191,3.062372371,-7.826878756,7.827379266,1.841938017,-14.85131382,12.31198751,2.259985891,-6.407962022,8.478499505,1.330294904,-12.07990992,13.30789197,2.452471514,-9.367061568,6.171843022,1.480153322,-5.672664107,6.945082703,0.822842993,-1.547093208,2.587546884,0.194796728,-4.35557742,4.755587641,0.778827764,-0.917483139,3.030382801,0.212649507,-5.340021401,6.494197148,0.779691629,-1.466950329,2.563547219,0.18815694
430,L,0,-2.046589101,5.723083806,1.263084445,-48.30202182,17.40319259,14.13054259,-4.831202597,104.9338835,13.72547877,-31.00384669,40.07205318,13.6040817,-27.14153967,44.44749326,14.60121058,-40.28274904,38.25489593,13.15391639,-12.20882997,70.33707149,14.31062443,-14.76010716,60.64831391,14.74180354,-9.586900645,72.11944598,14.39237802,-5.244535583,8.458085731,1.430042042,-3.718981996,3.541246286,0.780197532,-13.35448014,12.30204489,1.761991268,-5.155173843,5.507274929,0.777012473,-20.43715249,22.65017195,1.950758908,-10.22621721,9.860779148,0.974425693,-12.80430704,14.16635387,2.989703284,-6.834645382,7.058134126,1.682846623,-13.55109263,15.48417089,2.76219685,-7.603059973,8.575206756,1.615000308,-16.3404938,16.60561851,2.97235148,-9.112101357,9.144236779,1.813284472,-6.299505312,5.926652439,0.942776837,-1.34759566,2.810273961,0.218964137,-5.744493171,6.578055969,1.010267818,-1.457178699,3.821517219,0.278120892,-6.595537538,6.312675342,1.020041722,-1.356936327,3.71938163,0.25508148
430,L,1,-2.046589101,2.017499801,0.745028308,-46.84142941,13.5831482,11.91993375,-4.635246057,104.9338835,17.87494975,-33.82030301,40.07205318,13.24899086,-24.98092568,44.05419858,12.00549792,-40.48923977,33.91983128,12.46893472,-12.4752995,70.33707149,14.23663956,-15.00057882,57.52498014,12.6457514,-9.669319865,72.11944598,14.30960859,-7.23051724,6.355144386,1.265781484,-4.4360459,3.109223091,0.708320426,-11.68857399,12.77045764,1.360027737,-4.295897202,4.659759869,0.59587296,-20.43715249,22.65017195,2.39293151,-10.22621721,9.860779148,1.155964441,-12.07717491,12.14257982,2.807605299,-6.166330695,6.175098716,1.605965783,-13.55109263,14.15123493,2.305892977,-7.565204811,8.575206756,1.380067615,-16.3404938,16.60561851,2.810111943,-9.112101357,8.955499167,1.709996133,-6.272816075,7.244069661,0.951794193,-1.34759566,2.810273961,0.199196074,-3.547002328,5.585428622,0.834565619,-0.877093194,3.821517219,0.217708453,-6.595537538,7.427002063,0.99396874,-1.356936327,3.71938163,0.2214046
430,L,2,-1.579592358,1.650846008,0.696349072,-46.84142941,11.57129097,9.304573655,-4.684903768,76.7900694,12.29423036,-33.82030301,33.52092951,11.60977375,-24.55784943,41.2936381,9.609989881,-40.48923977,29.14924087,11.5310192,-12.4752995,66.95152448,10.38829674,-15.00057882,26.49202826,10.09991045,-9.669319865,70.46948963,10.14342642,-7.23051724,6.355144386,1.059244142,-4.4360459,2.95645296,0.595830253,-11.68857399,12.77045764,1.031966887,-4.295897202,4.283074914,0.463275264,-18.33399933,19.341941,1.604159338,-7.072980986,9.65182525,0.796830335,-11.33791888,8.72877944,2.580302606,-6.166330695,5.108230707,1.481719086,-11.12383203,11.30979877,1.958641785,-5.381212885,7.309957532,1.15956136,-14.42073656,10.76890128,2.636141594,-8.063758253,6.398651312,1.575740545,-5.499716051,7.244069661,0.617334169,-1.026936943,1.320756542,0.129537427,-2.781362103,2.840787628,0.555268497,-0.767804,1.635922122,0.153341455,-5.641452923,7.427002063,0.658745071,-1.037091008,1.405283735,0.145313563
430,M,0,-1.852239829,2.987173328,1.130559093,-42.39946469,16.3961577,12.08307926,-5.108454537,3.441941231,4.09987402,-30.70983407,34.28974215,11.11606267,-23.27855911,44.12656142,12.62565417,-36.75762658,32.58494094,12.80936489,-14.65840127,51.79120274,10.95436059,-15.45459952,71.73381736,13.88054779,-11.39820295,53.83953894,10.32329364,-7.371466574,7.447432501,1.339764967,-4.031433689,4.279598468,0.760849539,-11.47170326,10.6080685,1.543213155,-4.436050497,4.056378798,0.668568185,-2.701531449,2.823905321,0.649969725,-1.992321271,1.78304063,0.453406694,-10.74055276,11.76185657,2.830229471,-6.098716696,6.763654086,1.639184769,-15.80367602,16.21584294,2.525252394,-7.621154855,8.007888982,1.435875641,-12.77997346,15.99851564,2.722364148,-7.658288863,6.674459931,1.619349626,-4.715054484,5.904926345,0.686297011,-1.082224977,3.073382434,0.174123062,-3.470608942,4.074354289,0.699994612,-0.838927659,3.241918136,0.20427913,-4.649838966,6.189814641,0.724075674,-1.291605908,4.811851117,0.204800325
430,M,1,-1.852239829,2.133126783,0.920804614,-42.39946469,18.1972689,9.855158682,-5.129610111,108.5655831,14.73876046,-33.19096644,34.28974215,11.35327446,-22.27515489,40.0431753,10.08439712,-34.68360257,32.58494094,11.60443994,-14.65840127,51.79120274,8.983224216,-15.45459952,35.81868091,10.19252736,-11.65981727,53.83953894,8.845178343,-7.371466574,7.447432501,1.259664319,-4.031433689,4.279598468,0.700508854,-11.32860181,11.76681653,1.10944191,-5.190185523,4.340788298,0.524049405,-22.62220684,21.07609246,2.243724086,-10.21286917,8.657315053,1.0317384,-10.14551033,12.38082396,2.637676831,-6.691644417,6.64260662,1.562179222,-9.098909245,16.21584294,1.973895225,-6.416208156,7.185549665,1.146359186,-12.77997346,10.18150616,2.444165043,-6.717267555,6.65694709,1.467142621,-4.715054484,5.904926345,0.627924779,-1.082224977,3.073382434,0.156161473,-3.264850713,4.074354289,0.539695007,-0.748628514,3.241918136,0.156644904,-4.649838966,6.189814641,0.654460925,-1.291605908,4.811851117,0.186886033
430,M,2,-1.821925914,1.744502643,0.817953857,-44.03709199,18.1972689,11.71832408,-5.136407796,108.5655831,16.81527465,-38.25802698,36.63659606,12.91035154,-22.53758774,39.45927801,11.47502817,-35.2728027,31.45830815,12.00810675,-15.52224363,69.14229744,13.20575826,-15.06662669,35.81868091,10.64081437,-11.65981727,70.30656697,13.35021579,-7.6444441,7.169740638,1.372210448,-3.758149364,3.470538417,0.787186514,-10.21561279,11.76681653,1.306857412,-5.190185523,5.022092729,0.593368311,-22.62220684,21.07609246,2.572953538,-10.21286917,9.151171958,1.183668004,-17.73605006,14.08726072,2.909785612,-7.272702587,8.497911269,1.69689788,-11.15365012,14.13371592,2.068766287,-7.390911562,9.377089243,1.221180067,-9.611427823,12.76129959,2.471757702,-6.717267555,6.198333527,1.504794639,-4.274010389,6.496956264,0.743839751,-1.065642132,1.177935129,0.150874242,-3.3714984,3.404305126,0.604469155,-0.955479044,2.403246102,0.172052351,-4.244389817,6.843341975,0.753217868,-1.035187104,2.262097179,0.164735394
431,H,0,-2.657278762,2.912237784,1.061580796,-37.67074311,16.58027356,12.08274865,-5.985135432,52.45787834,10.69587013,-33.18469861,31.57739794,12.60429842,-19.00980588,29.75692655,11.58680331,-28.80795588,25.49669226,10.60821213,-22.16505729,43.92766078,13.00055322,-15.83849123,27.24222585,9.157170093,-16.06727649,45.6139694,13.99190882,-8.048745026,7.711767553,1.750117901,-5.082632116,4.444817969,1.016680407,-9.994543934,10.77693072,1.539688801,-3.479266524,3.677687198,0.634739855,-12.85582725,15.58553607,1.566710646,-6.868785128,7.888548203,0.834253005,-7.261189492,13.34222911,1.997478034,-5.209246038,4.797638361,1.176016243,-10.41013504,11.29447361,2.017732639,-5.656552857,5.385923161,1.107719897,-9.598293977,13.04836249,2.268940283,-7.081343453,6.066083377,1.343966668,-3.32891821,5.649584359,0.760774178,-1.18279277,3.118838724,0.192897811,-3.162554752,4.342629246,0.601035166,-0.888874139,2.916569637,0.181358861,-3.083690522,5.166483149,0.718457278,-1.137904836,3.516973418,0.183453745
431,H,1,-2.889912171,2.736291613,1.04453403,-41.56306915,16.75363535,9.397486109,-5.985135432,52.55767765,14.58497267,-42.25164161,31.57739794,11.63882615,-19.75789392,29.75692655,9.385814032,-29.30332379,27.72036444,10.44966421,-22.16505729,29.83593668,10.3418462,-15.83849123,47.01280506,12.75636878,-15.80225325,28.58485626,9.841649317,-8.048745026,7.427374365,1.56126007,-4.821400454,4.444817969,0.889229731,-11.44240379,9.899083336,1.176913065,-4.265433327,4.115111724,0.507651474,-12.85582725,15.58553607,2.103684514,-6.868785128,7.888548203,1.025425747,-10.48170681,13.34222911,1.942794522,-5.209246038,5.590180135,1.128976133,-8.866226977,8.71512115,1.769305326,-5.337787852,4.112367513,0.990331365,-10.52589458,13.04836249,2.054421162,-6.175966158,6.066083377,1.237142421,-3.32891821,5.649584359,0.578251044,-1.18279277,2.267976261,0.151659549,-3.097143161,4.342629246,0.559901638,-0.866169795,2.916569637,0.148352895,-3.083690522,5.166483149,0.52847633,-1.137904836,3.516973418,0.154321343
431,H,2,-2.889912171,3.205233008,0.970200389,-41.56306915,19.14025151,9.569757123,-5.958907777,55.73328893,12.96908159,-42.25164161,26.34897634,10.04246762,-19.75789392,31.03950005,10.75847651,-30.77978438,28.02958193,11.88855091,-20.55094995,27.61301455,9.313601201,-15.53077175,47.01280506,13.16950682,-15.96853135,23.86620436,8.024814463,-8.195282785,7.427374365,1.459601669,-4.589013645,3.916992681,0.822595205,-11.44240379,9.547609193,1.202151438,-4.265433327,4.115111724,0.512419372,-12.73482997,14.24761089,1.876090975,-5.114237978,5.653775058,0.900256553,-12.73297594,8.234004348,1.943956409,-5.500887147,5.590180135,1.110516823,-9.385208719,11.07653497,1.79375751,-5.015428821,4.580904467,0.974371779,-13.37727783,13.91986705,2.191962532,-6.581063579,7.232247904,1.296677656,-3.276352109,5.442871257,0.562710784,-0.819059559,2.308147423,0.148938857,-4.129150552,4.254284813,0.604727703,-0.736411858,3.435560104,0.144530626,-3.81641788,5.398508187,0.585244486,-1.001322002,4.296317698,0.217648749
431,L,0,-3.939518123,3.53214799,1.105146786,-44.22486413,16.85508908,10.67603253,-5.173922705,79.7948615,12.32733104,-43.7004088,45.44709486,12.75434355,-27.57575127,33.12273936,10.48131841,-30.45224151,33.47253738,11.65872251,-19.1796665,56.39941112,12.28954788,-14.58678049,45.23559323,10.00835923,-16.06512197,51.51153569,12.19204953,-7.487748061,10.20851043,1.51052627,-5.547482803,5.277516829,0.876396265,-13.08322755,11.82544032,1.575026012,-4.38562361,6.728617307,0.707155414,-18.33887777,18.47691086,1.973181828,-7.448137221,8.800476439,1.056648211,-11.18440085,13.34725245,2.304710419,-7.510371981,5.301332994,1.38134794,-14.29608458,12.0524325,2.131203279,-6.74444335,6.207073074,1.19294387,-15.17997535,16.50938214,2.46182389,-8.884521681,9.26355173,1.441338103,-5.135042374,7.345241157,0.596294437,-1.475431484,2.03416046,0.154118118,-4.046415146,6.801782002,0.589291147,-1.208898866,3.647376153,0.172412626,-5.278567314,6.302529078,0.552684707,-1.309239252,1.766740961,0.146651615
431,L,1,-2.203987828,2.967158675,0.964219537,-41.16415801,16.85508908,10.47664423,-5.177662022,79.7948615,12.34003105,-39.72060695,28.48200625,9.884268135,-23.05918264,32.58741424,10.72500864,-30.45224151,27.17994056,10.16502766,-19.1796665,46.90005292,10.86550298,-14.96926623,51.73883981,12.18732791,-16.0085962,39.46290439,10.70400786,-6.957768369,7.501179415,1.509066785,-5.547482803,5.277516829,0.887780549,-13.08322755,11.69431866,1.500255732,-4.599893776,6.872620054,0.674315367,-18.33887777,18.47691086,1.969912289,-7.448137221,8.800476439,1.054939075,-13.28559253,13.81797225,2.40289749,-7.510371981,7.562784962,1.421525307,-12.27044554,13.43489376,2.047809745,-7.21152458,6.300239273,1.152686563,-12.09198511,13.72293875,2.281090011,-7.363137782,9.26355173,1.352370809,-5.044741047,7.345241157,0.634798843,-1.397577024,2.03416046,0.156036898,-4.046415146,6.801782002,0.712972681,-1.208898866,3.647376153,0.190972842,-5.278567314,6.302529078,0.591390859,-1.253992772,2.547858918,0.159187619
431,L,2,-2.203987828,3.510314811,0.928961979,-41.16415801,15.56804782,10.88405494,-5.196742054,80.7665767,11.86949093,-46.05867456,28.48200625,10.38530065,-23.13804128,35.00895487,11.54352668,-30.29631171,35.2436835,10.54314606,-18.38284784,46.90005292,10.80849191,-15.33744365,51.73883981,12.34649153,-16.68417083,39.46290439,10.99498361,-6.957768369,7.234004933,1.546021465,-4.154910771,4.40429634,0.913400995,-12.98818567,11.52338295,1.422735187,-4.599893776,6.872620054,0.626559684,-24.11982133,16.08270456,1.96188,-10.42973968,10.20514622,1.101137573,-13.28559253,13.81797225,2.425757903,-6.907415542,7.562784962,1.455728701,-11.86808131,13.43489376,2.026204714,-7.21152458,6.300239273,1.137496275,-10.0438018,15.34312412,2.268825347,-7.778655832,7.388204714,1.344858596,-4.231127018,5.950538282,0.616458986,-0.892664883,2.969681745,0.167808471,-3.976268635,5.873990488,0.72701128,-1.175493562,2.84965409,0.195911335,-4.876706574,4.990714672,0.59326219,-1.071928432,4.297255112,0.193855494
431,M,0,-2.105817466,2.939387766,0.825951877,-41.00885276,13.55956044,10.43511583,-5.152261384,6.924056682,3.7491598,-44.9403659,33.35784354,9.806278117,-16.4289854,32.42487944,10.46942671,-31.7280366,21.65516051,10.17240795,-15.43097859,36.56253905,12.03892975,-11.95941348,44.96157718,9.514575674,-14.28285399,38.88823833,12.04057391,-7.86197928,10.06258884,1.704253381,-5.643828517,4.050931917,0.959215404,-12.18438375,11.14495746,1.502549711,-4.665952945,4.871694889,0.628706305,-3.570692216,4.803484559,1.007773005,-2.578055258,2.243465217,0.674275516,-9.567920528,12.03106323,2.143274157,-4.871933626,5.851049681,1.25879144,-10.37066347,11.12052511,1.82125946,-5.272662763,4.779000359,0.998546089,-15.95240744,10.76734368,2.107393727,-6.319775888,7.827337876,1.230412901,-4.806976598,4.867708631,0.640011528,-1.172529279,1.394020765,0.142047068,-3.929795513,5.135532435,0.571916599,-1.161144512,3.399843304,0.154646625,-4.929403638,4.899163287,0.635328711,-1.196514611,1.19587126,0.147629427
431,M,1,-2.105817466,3.596638461,1.02194726,-35.79391806,19.71105139,10.35240559,-5.241039535,101.5108035,14.65252538,-45.47000483,33.35784354,9.761132057,-16.4289854,31.30099851,11.05571777,-30.32198449,25.30187903,11.362233,-15.43097859,36.56253905,10.96771435,-11.95941348,74.71479532,12.63555793,-14.28285399,38.88823833,10.79642915,-8.138243436,10.06258884,1.883971369,-5.698373895,4.543167418,1.042376536,-12.18438375,11.14495746,1.314754715,-4.665952945,4.871694889,0.568759063,-16.42555617,17.24219303,2.221359946,-7.806738722,7.871141676,1.044969955,-12.39403365,18.99511065,2.356591731,-8.962206009,8.747943953,1.363028921,-8.998399201,10.6937854,1.850936576,-5.272662763,5.777125579,1.035409553,-9.854874777,10.76734368,2.179229985,-6.528603008,6.0946211,1.278858942,-3.318578138,5.265855858,0.669292297,-1.082251493,2.628991601,0.160424633,-7.268269036,4.649182022,0.749665831,-1.163426969,3.8880395,0.199189026,-3.232511298,5.380935632,0.675134899,-1.193516826,3.207960758,0.179822157
431,M,2,-3.745010299,3.596638461,1.131256446,-41.12749123,19.71105139,11.67802085,-5.241039535,101.5108035,16.12985858,-45.47000483,46.29602619,12.12336981,-15.78979247,35.89492179,11.82064332,-31.36019098,27.51478321,11.93600525,-15.09403495,35.32813917,10.37460925,-11.75093641,74.71479532,12.92459608,-13.99763291,30.32032967,10.29200752,-9.81183693,9.406488108,2.192336523,-7.122089989,5.035411833,1.281237543,-11.91355428,10.67597007,1.488034033,-4.457025167,5.474235679,0.649851076,-16.42555617,17.24219303,2.558200457,-7.806738722,7.871141676,1.213862748,-12.39403365,18.99511065,2.477679446,-8.962206009,8.747943953,1.42987193,-11.58571242,12.21995427,1.989634421,-8.027968912,5.790614577,1.11474658,-16.11589594,13.38889618,2.371521562,-8.19888001,7.949767982,1.3995692,-3.375992729,5.265855858,0.650381465,-1.149796656,2.628991601,0.195182459,-7.268269036,5.385768758,0.798354774,-1.163426969,3.8880395,0.216529708,-5.394626912,6.402822097,0.723173494,-1.38250815,5.508258775,0.262456951
432,H,0,-3.310650521,4.065984778,1.228607178,-29.74726839,16.42924728,11.59937679,-12.45607313,37.73439046,13.35226168,-46.8460254,30.54149289,11.57285372,-22.98817113,33.71651702,12.1481533,-31.40389798,29.43022038,12.22322587,-18.55762159,28.35890171,9.633998401,-13.81524999,48.20154526,13.32130347,-15.07714605,30.19196104,9.449515846,-4.241889065,4.299925323,0.941933227,-2.717666126,2.488726845,0.47787878,-10.05912328,8.811093225,1.489944619,-3.606205201,5.397263823,0.646063979,-8.286406565,7.101166544,1.088435732,-3.442996428,3.115550976,0.503596906,-11.24122062,12.37213643,2.603865919,-6.858714948,6.320434833,1.520344982,-13.58621589,10.97513521,2.163801555,-6.512062824,8.18343959,1.154772101,-12.78558782,16.59264187,2.373393698,-9.179408011,7.25616873,1.418424879,-5.597410118,4.289638352,0.751368028,-1.513684481,2.088668397,0.207395547,-4.634952214,2.976853936,0.650627,-1.305516521,2.576416274,0.185421683,-4.978812263,5.88311569,0.825830763,-1.279834914,4.425717279,0.260114159
432,H,1,-3.269078615,2.974278997,0.894156252,-29.74726839,17.17325594,11.62069303,-12.1417312,24.29665613,9.853728272,-26.94955024,32.51208342,10.87079351,-22.98817113,34.71767834,11.31380979,-34.89524109,29.43022038,11.40980982,-18.55762159,33.92131838,11.01843275,-13.87889451,27.66326952,9.180410854,-15.07714605,35.92718357,11.70660572,-4.696376584,4.305030433,0.990439795,-2.717666126,2.399428005,0.50236798,-8.75381663,10.56883451,1.643238632,-4.606036034,4.521770666,0.736093171,-8.310861815,7.101166544,1.295291552,-3.442996428,3.115550976,0.589056968,-11.24122062,12.48756295,2.578965032,-7.431575331,6.320434833,1.510316285,-13.58621589,11.51214896,2.239679687,-6.512062824,8.18343959,1.216701803,-11.70340377,16.59264187,2.431987205,-9.179408011,7.25616873,1.426008917,-5.597410118,4.289638352,0.824556501,-1.513684481,2.689247783,0.210565081,-4.634952214,3.314915682,0.67696414,-1.305516521,2.418337924,0.200299861,-4.78619539,5.88311569,0.875564843,-1.279834914,4.425717279,0.246479981
432,H,2,-3.269078615,2.309238768,0.756146334,-28.89659517,17.17325594,11.21652295,-12.4406507,29.71952902,10.13675919,-36.44428701,35.02230638,11.46964449,-22.51049418,34.71767834,10.73878489,-34.89524109,26.97025012,10.59989482,-18.3185489,59.34751531,13.4431085,-13.98773908,29.81729403,10.16408953,-14.74037556,56.45368073,13.50083153,-4.696376584,4.305030433,0.896269048,-2.661043833,2.399428005,0.471362401,-8.75381663,10.56883451,1.509088092,-4.606036034,4.528931464,0.695380388,-8.310861815,6.447810704,1.16160692,-3.379975638,2.693440109,0.535472636,-12.2639771,12.48756295,2.446311407,-7.431575331,5.772191356,1.434825216,-10.74419909,11.51214896,2.105404923,-5.112877649,5.840525247,1.151474904,-11.70340377,11.60529708,2.33732251,-6.412821621,5.609480912,1.36669617,-3.424876926,3.877835173,0.706412693,-0.806978401,2.689247783,0.174331002,-3.75915473,3.314915682,0.610376672,-0.957261424,2.041132511,0.172318735,-3.819125269,4.067077566,0.745785051,-1.012206342,3.199093668,0.195655955
432,L,0,-2.320465976,2.925621053,1.093506286,-31.27039916,17.54762413,11.82908223,-8.977870961,47.14868799,13.70143687,-38.5223828,37.65464647,11.91367707,-25.65563607,32.09322675,12.40375341,-32.8409255,35.59004332,12.74340379,-14.75216724,40.05466851,10.82973534,-14.86044068,40.937475,12.50264834,-12.42397524,37.27787704,10.83330053,-5.353633125,5.707686584,1.043094731,-3.117800967,3.956119399,0.563604143,-10.23223991,8.102652108,1.530543552,-3.821510276,3.944728638,0.667488406,-7.856562346,8.610086073,1.186154889,-3.958813327,3.433019939,0.565056595,-15.56783986,10.81832052,2.720360371,-7.672379669,7.120889896,1.63290798,-10.76022827,14.22143815,2.063959261,-6.419503227,5.892031632,1.123760984,-18.75866449,14.40827597,2.597427047,-8.12116229,9.872388292,1.524964451,-3.838130557,6.339182511,0.759634275,-1.186066375,4.37406962,0.225458418,-5.025337078,4.466684113,0.732247182,-1.018362063,3.198167786,0.215820866,-5.35923272,6.319329939,0.848975803,-1.325321755,5.338350964,0.288671453
432,L,1,-1.481450413,2.625314368,0.927862233,-30.27787829,17.17968221,11.20912347,-8.778761895,41.35544099,13.23604543,-34.6479866,37.65464647,11.31731121,-25.65563607,32.12837925,11.23333605,-32.00344045,35.59004332,12.45954489,-14.89425848,45.13541697,12.22984525,-15.03915903,40.937475,11.98060713,-12.42397524,45.19663214,12.43227667,-5.353633125,5.707686584,0.986414922,-3.117800967,3.956119399,0.52930323,-10.91053415,9.186507858,1.383161705,-4.273426293,5.607055595,0.591739289,-12.03037104,9.191633478,1.233326825,-5.254603381,5.508295449,0.599812699,-10.16784418,11.80823314,2.616736188,-7.465588768,7.217868533,1.570662472,-10.50056032,13.36995232,1.959438188,-7.062706948,5.892031632,1.043519133,-11.47371942,14.40827597,2.46641625,-7.652191463,6.650624309,1.447315885,-3.838130557,6.339182511,0.760892422,-1.186066375,4.37406962,0.212545681,-5.025337078,4.466684113,0.766687908,-1.018362063,2.900194407,0.22406416,-4.094450819,6.319329939,0.812729215,-1.230635292,4.226494641,0.243563623
432,L,2,-2.502959621,2.625183393,0.910730112,-30.4627341,17.44391507,11.98476248,-9.012123524,34.85945233,10.42501801,-30.9294402,37.48014074,11.60245184,-24.55464368,34.52951857,11.59088543,-32.00344045,31.4672507,11.19065238,-14.89425848,45.13541697,12.73182876,-15.03915903,30.6400918,11.10811274,-12.69529582,45.19663214,12.76053377,-4.60887787,4.564071235,0.913155075,-2.321550604,2.103746103,0.478895259,-11.56979607,9.186507858,1.399326129,-4.273426293,5.607055595,0.606102424,-12.03037104,9.191633478,1.1835234,-5.254603381,5.508295449,0.574799731,-14.19745001,14.64091072,2.712327146,-7.465588768,7.291661442,1.611622301,-10.50056032,13.36995232,1.990409042,-7.062706948,5.156958238,1.05830835,-12.15448914,12.19785753,2.321168865,-6.298381291,8.139153137,1.370358998,-3.40046753,4.956876822,0.739653737,-1.108041902,3.076029396,0.177374769,-4.205876676,4.763283499,0.748782274,-0.783644899,2.647953568,0.215368255,-3.614165455,5.467881956,0.775856959,-1.445632988,3.864985889,0.211153798
432,M,0,-2.878764037,3.369422311,0.98671808,-32.44295599,18.63669916,12.77028516,-9.420319974,41.49002419,11.18640102,-283.9756284,87.7367181,13.66479136,-91.5753643,36.78395785,11.64710241,-36.18152177,218.7414321,12.03344776,-12.14580574,82.01391431,15.20279813,-10.68904371,64.30705374,15.37685982,-11.21283579,82.04896193,15.01259637,-5.953920093,6.570443148,1.231838315,-3.196826473,3.335146347,0.638521516,-10.65523377,10.0092136,1.797395488,-4.147013879,6.012419084,0.783503036,-10.59476155,8.175912244,1.272491837,-4.164501179,4.966040644,0.619063406,-108.9540796,81.64883579,4.385367642,-46.05802199,65.65213321,2.590193203,-35.87384463,28.90462455,2.418160162,-14.77780447,21.9536772,1.299915182,-71.27099006,89.40077314,3.500210751,-54.93901754,44.10488522,2.19816777,-2.907796907,3.67747253,0.481936428,-0.808855214,2.15970587,0.134384522,-2.696708647,1.764150713,0.408083722,-0.574391666,1.379839853,0.101897578,-3.609908444,3.951240141,0.581387138,-0.922502697,2.42966001,0.177008932
432,M,1,-2.245828598,4.450375903,0.805202799,-32.0103753,18.05266304,10.89410936,-9.420319974,41.49002419,11.47820366,-25.62578372,31.49578655,9.63697254,-20.67362688,32.41920055,10.19508387,-25.00518477,23.52220269,9.473842759,-12.15623107,32.64506863,6.323944427,-10.60192147,19.05583386,7.174109791,-11.21283579,37.74090547,6.553363388,-4.564720508,5.924019092,0.971506388,-3.196826473,3.335146347,0.53568794,-10.65523377,10.0092136,1.577742562,-4.147013879,4.296693075,0.712955034,-10.59476155,8.741612161,1.256564493,-4.631957957,3.928941768,0.609757501,-9.111738895,10.76179458,2.201219578,-6.652313973,4.720929988,1.332632616,-9.996641454,10.17349253,1.912711338,-5.027712412,4.721727872,1.038882718,-12.0026989,9.574138511,2.054604945,-5.108671103,6.773658379,1.206541929,-2.124335982,2.212477026,0.328616532,-0.438648193,1.082436514,0.092962059,-1.519748752,1.665211215,0.296248858,-0.362837542,1.379839853,0.082308948,-2.379079683,2.940602119,0.39417706,-0.628908874,2.009465419,0.121684939
432,M,2,-2.159983448,4.450375903,0.957091889,-32.0103753,18.05266304,9.813131555,-9.32228327,33.6722641,12.35424976,-23.11819659,24.57821851,9.430918643,-23.83170301,35.47741873,11.13938853,-23.32555548,29.91819245,10.98032115,-12.15623107,9.152135701,6.206403993,-10.60192147,10.31341664,6.333479249,-11.28054194,10.93718297,6.305441551,-4.426741707,5.511572824,0.969061377,-2.20727937,2.58049901,0.53443361,-10.45662573,9.143029468,1.394935349,-3.865604965,4.296693075,0.633100088,-10.20388405,8.741612161,1.144348103,-4.631957957,3.928941768,0.560125626,-9.41053857,8.635947739,2.072031945,-4.809047269,4.358081166,1.234789162,-9.996641454,11.45628329,1.905044979,-5.582120499,4.95452578,1.049714525,-11.20835661,9.574138511,2.025510909,-5.525838811,5.995428086,1.190078342,-1.939311146,2.058074543,0.286732446,-0.438648193,1.071637992,0.081100918,-2.169644038,2.435552983,0.266792522,-0.576829187,2.22465715,0.082103929,-2.152499708,2.091656497,0.331973766,-0.491602532,1.702127429,0.101228372
433,H,0,-3.251651736,3.074736517,1.021784137,-30.14223499,11.45000657,11.16012108,-7.99102074,57.61643586,10.49330528,-34.65946146,32.58499139,10.74557444,-18.99947531,32.61255654,10.0937687,-30.05124646,31.1566524,10.32255549,-12.27095763,45.51837026,8.007239916,-12.2996781,41.27802321,10.77396937,-10.63644565,47.40702262,8.007856871,-4.133739744,3.656073455,0.72969085,-1.951906592,1.875998202,0.353674306,-10.32996295,8.942076174,1.196614498,-3.289611425,4.662050177,0.538327812,-13.96315039,12.55790694,1.718213745,-6.983019378,6.145490494,0.914974411,-13.87702903,11.72318528,2.879484594,-5.564718147,7.744519536,1.647116073,-11.2800861,10.48001058,1.767443977,-5.997800344,6.543528799,1.003772454,-9.842415631,15.86583045,2.200929308,-6.206075202,7.55398463,1.307886285,-3.507352854,3.441603773,0.485387767,-0.782883507,1.871689445,0.128359594,-4.082460749,4.424828295,0.692492509,-0.954435334,2.008994793,0.172644541,-5.262624757,3.426606274,0.562325439,-0.888191256,2.215339787,0.172517203
433,H,1,-3.351295031,2.005475641,0.974921439,-30.14223499,11.51844877,10.4248318,-7.977139271,61.67767612,14.29334178,-34.87247497,30.81795654,10.27270397,-20.58294589,39.40563394,9.998378622,-30.05124646,34.07088608,10.71296478,-12.34374025,50.26810459,12.59892167,-12.2996781,45.48244816,12.12136919,-10.64781437,52.90736767,12.6457628,-4.133739744,4.251343366,0.763424077,-1.915179122,1.73455145,0.378351823,-10.32996295,8.942076174,1.169029041,-3.289611425,4.662050177,0.530511227,-13.96315039,12.6953952,2.27577068,-6.983019378,6.891720117,1.173972281,-14.69459359,12.154155,2.838011478,-7.428908296,7.613418543,1.686568965,-10.06515086,9.605760504,1.74819177,-5.761722448,5.078230226,1.005498116,-11.40627679,13.9448145,2.261421826,-6.929471836,6.74460503,1.328393997,-4.648732934,4.151800527,0.722150455,-1.026844657,2.343706374,0.172145578,-4.289002846,5.178485732,0.75661631,-1.039027993,2.216869102,0.210883537,-5.262624757,4.133967023,0.790099016,-1.056984307,2.422131752,0.200897768
433,H,2,-3.351295031,1.494719936,0.959303743,-26.86313942,11.51844877,10.10100849,-8.025616206,61.67767612,11.63498543,-36.81430875,30.81795654,11.05879963,-20.58294589,39.40563394,11.25590529,-29.34367487,34.07088608,11.2601467,-12.38573131,50.26810459,12.88464484,-12.17093105,45.48244816,11.40760468,-11.11902274,52.90736767,12.78319167,-5.468841007,4.251343366,0.71571258,-1.915179122,1.73455145,0.360429787,-8.124016579,8.880824602,1.15999005,-3.079560054,3.766449928,0.515225101,-13.32490252,12.6953952,1.947341912,-5.813844558,6.891720117,1.040868321,-14.69459359,12.154155,2.821027408,-7.428908296,7.613418543,1.67393395,-9.932360627,9.605760504,1.788125756,-5.385549261,5.078230226,1.010535992,-11.40627679,13.9448145,2.281903082,-6.929471836,6.74460503,1.360108046,-4.648732934,4.151800527,0.703834926,-1.026844657,2.343706374,0.158223132,-4.289002846,5.178485732,0.669530824,-1.039027993,2.216869102,0.186064468,-4.731574115,4.133967023,0.748124995,-1.056984307,2.422131752,0.179723185
433,L,0,-3.333255321,2.259103535,0.978661033,-34.91253872,13.37760295,11.80189503,-7.342063489,93.65214851,14.77371344,-31.6200672,33.65335289,11.31782163,-23.84483872,44.39605497,12.2395808,-29.35209071,31.63581283,10.99145555,-13.45572148,24.33564442,7.137403071,-12.79445507,46.44728606,10.73946032,-10.92228532,19.2527912,7.161402794,-3.499676778,4.870416385,0.734137241,-1.746912675,1.884344729,0.38759417,-10.80366404,9.847199129,1.433020129,-3.962474026,4.725678869,0.643848539,-25.67769112,22.00661978,2.567069391,-11.21293615,10.21730317,1.2735282,-15.76539217,11.26689481,2.619494656,-5.960885103,7.223063515,1.49295762,-14.14710279,15.24650609,2.313109953,-9.948258192,6.893615814,1.297560373,-11.78657671,10.55212416,2.325099382,-6.389228955,8.326260467,1.366791702,-2.095853123,2.007939008,0.338446297,-0.433178043,1.422006855,0.095184785,-3.004197356,3.035962759,0.498107952,-0.629773751,1.872958764,0.133666364,-2.847688791,2.091198561,0.424609684,-0.518576792,1.382836559,0.126133154
433,L,1,-2.71590235,1.63324069,0.812705026,-35.29616005,12.12938667,10.58660633,-7.315348674,93.65214851,12.67041444,-29.93580725,32.19900877,10.04032401,-23.84483872,41.5710635,9.032725465,-29.35209071,32.5837916,11.22571757,-13.45572148,33.05974882,8.809720821,-12.86786035,29.38441716,8.824135627,-10.8140524,36.264753,9.187054307,-3.622624861,4.870416385,0.713827414,-1.747575254,1.884344729,0.383882579,-11.58195094,10.02253007,1.278187838,-4.208763186,4.808081724,0.571492928,-24.53072933,22.00661978,2.118584474,-8.46725019,9.783344389,1.084994707,-12.03394885,10.97480809,2.398234253,-5.833829653,6.159709296,1.390107099,-14.13828452,11.7392023,2.053980945,-8.405557153,7.485186662,1.206993569,-12.89607967,11.46079611,2.150901192,-6.763332429,8.326260467,1.27067344,-4.141920917,2.947349901,0.424665497,-0.923514194,2.147142574,0.111602447,-3.519269514,3.035962759,0.54638387,-0.629773751,2.173682471,0.135329761,-4.020741992,2.747903117,0.515132259,-1.006005288,2.483563502,0.138741754
433,L,2,-5.835482393,1.63324069,1.089927512,-35.29616005,12.15688001,10.79634614,-7.315348674,30.14884847,5.567319589,-29.93580725,33.01214926,10.39053834,-30.81742767,41.4840585,10.28843759,-41.00240108,38.31432902,11.49520702,-13.96931631,75.2578937,14.01864999,-12.86786035,51.68668541,11.39822117,-10.59750915,83.85686029,14.16829687,-5.324398647,4.024570206,0.801564347,-2.18060884,1.778277431,0.416109346,-11.58195094,11.83382812,1.334564435,-4.500466565,5.092758349,0.606361267,-7.50073734,8.256217392,1.221377768,-5.1245035,4.270957981,0.763435567,-9.603531228,13.0332442,2.524227616,-6.232364263,6.402751246,1.503352687,-14.72226417,11.7392023,2.315722718,-7.784961682,7.485186662,1.316801398,-12.89607967,20.53495674,2.368809313,-11.54539064,7.848172562,1.411321792,-7.195407266,5.95112979,0.699876774,-1.001330337,2.147142574,0.152899638,-3.519269514,3.445647247,0.642329063,-0.769837435,2.538818182,0.163345011,-8.123600716,6.166942834,0.789331626,-1.057823355,3.01722791,0.193565379
433,M,0,-4.253899083,1.649589156,1.029421232,-31.71602585,10.71835634,12.02113268,-10.25956548,26.45650651,6.851952458,-43.86589912,32.50336176,10.88014675,-23.30232241,36.70627933,10.39627383,-29.23740133,32.20078113,11.77205636,-15.51379456,58.83351238,12.3704661,-13.93288896,35.55081894,9.935644215,-11.71728236,59.62516585,12.35887082,-5.001642182,5.740608618,0.816908656,-2.497497545,2.167350398,0.439896787,-9.008389792,7.647633191,1.183027169,-2.90468583,4.390091015,0.503677206,-6.81398341,7.682085584,1.477104429,-4.782395157,4.032062743,0.905504336,-17.29589508,13.55220668,2.358739984,-6.697807139,8.505583956,1.325754439,-14.21957575,12.98904532,1.764294702,-9.014522257,6.479292163,1.058068066,-10.59133231,9.693922466,1.93896543,-5.539263942,7.052021137,1.201046143,-3.374264688,4.819831853,0.504364635,-0.859296422,1.283266948,0.123636601,-3.288974691,3.835574167,0.54203098,-0.786979373,2.616676969,0.160369444,-3.234001895,4.862210288,0.501187799,-0.874880928,1.556722338,0.138242367
433,M,1,-3.009992045,1.41827945,0.901019086,-28.23107954,10.71835634,9.497082868,-10.25956548,99.22237521,12.22216223,-25.64001732,39.24249717,10.0473483,-23.30232241,36.3795969,9.233538253,-29.23740133,26.66353206,10.00960904,-15.53878309,30.63573232,8.910872569,-13.93288896,31.42565012,11.42957371,-11.72265125,26.80183659,8.449287766,-5.377048729,5.740608618,0.795317887,-2.227024991,2.697953949,0.436121297,-8.194508159,7.647633191,0.939153254,-2.658462594,4.390091015,0.401932494,-15.52173713,16.08366316,2.018332661,-6.388889257,6.957066448,1.094678813,-11.9899913,12.80293531,2.098518424,-5.600130012,5.054068185,1.234030125,-13.69559404,9.585473879,1.615735366,-7.208950143,6.069116664,0.951744278,-10.59133231,10.76065027,1.799699868,-5.363515677,6.489001086,1.090061292,-2.66535218,2.607751358,0.403433851,-0.767721017,1.138532625,0.110161155,-3.288974691,4.66286087,0.52833056,-0.917105886,2.68050239,0.166681522,-2.459435598,2.830854,0.389803701,-0.649387287,1.205322029,0.121832682
433,M,2,-2.929190255,1.280246778,0.869642137,-28.23107954,10.04516543,9.567404027,-10.46006214,99.22237521,12.55876285,-24.21116542,39.24249717,9.817663223,-22.1608502,39.78982821,10.49905184,-27.8224435,29.31854866,9.310610015,-15.53878309,24.00074222,8.57451937,-14.2109026,36.77902138,10.86582377,-12.23156616,25.75245428,8.557689987,-5.377048729,3.481924729,0.752558396,-2.232055818,2.697953949,0.418414945,-8.788837271,8.480845986,0.970263192,-2.867150284,3.374773809,0.411108924,-15.52173713,16.08366316,2.037788462,-6.388889257,6.957066448,1.084116519,-11.9899913,12.80293531,2.041391514,-4.778329478,5.054068185,1.193521579,-13.69559404,11.64939329,1.767395325,-7.208950143,6.069116664,1.006729727,-10.6276323,10.76065027,1.83377114,-6.314039717,6.489001086,1.11043176,-3.075385363,3.479844745,0.413960027,-0.96979391,2.159907629,0.12647721,-3.18819203,4.66286087,0.522843332,-0.917105886,2.68050239,0.161802167,-4.583646648,3.767634969,0.426142032,-1.056680071,3.630479419,0.161957952
434,H,0,-1.701822973,8.475234417,1.265964753,-39.51979965,15.01257088,12.51518617,-7.84912236,91.569709,16.13939536,-36.92973662,38.32482164,12.06473503,-34.74558186,42.611099,13.01379117,-32.14168545,35.28221342,12.61327865,-14.64960191,69.24879545,14.65782141,-11.20484337,92.08392632,15.49999868,-12.45685348,76.23535274,14.70444407,-5.241361557,5.134183083,1.011457357,-2.64186249,2.164249519,0.525014937,-14.70440703,11.42998743,2.171347006,-5.641282183,6.572996839,0.989620468,-19.06202165,20.21450917,2.107523135,-12.93169603,8.647491336,1.10093606,-10.49693331,11.16249895,2.661549275,-5.426474125,6.432235272,1.543663007,-13.67228535,15.85801286,2.80764662,-9.105518508,7.802600806,1.52570445,-16.22388089,12.63780107,2.611551923,-7.16558696,7.428357035,1.468367603,-7.011905143,4.724984616,0.660491604,-1.647758211,2.65946961,0.164524979,-5.730576449,6.584566293,0.704875343,-1.096458383,1.763665347,0.159288564,-12.28795018,7.378936708,0.847529773,-2.820911619,3.457448182,0.239800789
434,H,1,-1.701822973,1.582079725,0.657515202,-39.51979965,16.93199567,11.9696386,-7.84912236,50.0850649,8.061251987,-32.28800502,33.2279292,11.28668908,-29.46510965,42.611099,11.36654011,-30.52971415,31.67617108,11.33080958,-14.70011582,19.02782348,8.283104648,-11.24146662,31.04438212,8.916067989,-12.52741894,16.54025917,8.135907209,-5.106595588,5.990492769,0.921528872,-3.391647395,3.210913148,0.537188419,-14.19887521,11.42998743,2.131517785,-5.020022618,6.572996839,0.945047523,-12.37752239,13.98924934,1.476056432,-5.427401945,5.879760833,0.794209517,-9.722702556,11.16249895,2.263941273,-5.426474125,5.825807632,1.328016417,-14.60438216,15.85801286,2.579212497,-8.097784582,7.802600806,1.39174773,-16.22388089,12.63780107,2.49792363,-7.16558696,7.428357035,1.371372098,-1.468429318,1.842657175,0.255130437,-0.431518088,1.214671924,0.084382175,-2.343208366,1.798973925,0.300384054,-0.479496884,1.165723534,0.083148311,-2.379847982,3.370205163,0.377714116,-0.697553885,1.853867229,0.132123196
434,H,2,-1.427153112,1.412395665,0.553998795,-38.81957142,16.93199567,11.02049098,-7.86090299,57.10794668,5.065346055,-29.41369814,32.91755156,11.45845316,-23.41837099,39.01432871,10.63835695,-28.03959114,34.14629745,10.92569118,-14.70011582,10.1154646,8.404768559,-11.37810898,10.70918722,6.809029829,-12.52741894,16.31909901,8.309669158,-5.106595588,5.990492769,0.95220615,-3.391647395,3.210913148,0.568054208,-12.98013327,10.40103549,1.920378214,-4.464479481,5.940134682,0.852267904,-11.5872008,16.92263002,1.20054553,-6.761120935,6.481764858,0.702447597,-8.992372074,8.642664188,2.144606505,-4.701560244,5.535500205,1.255604585,-14.78578841,12.86509607,2.305509348,-9.001661075,7.67247307,1.264663602,-11.93252249,15.11012474,2.180038631,-7.100588343,7.68200163,1.217791891,-1.757149258,2.774937718,0.278738025,-0.642755709,1.328921765,0.098751826,-2.204106722,2.548567514,0.348061854,-0.605366895,1.975271785,0.116688414,-2.504554852,3.703502585,0.350793482,-0.848578014,2.724053745,0.141819651
434,L,0,-5.309155851,8.238005703,1.178841574,-61.92283935,23.22474061,13.2689207,-11.37945948,142.1035996,17.12926262,-61.56203542,800.0534531,50.51792968,-193.6219346,62.90248768,16.54597444,-22.04226504,685.7499541,38.29242004,-18.0094607,151.0314573,19.7959483,-16.30389193,61.81391255,13.27952541,-12.28154431,187.1458906,22.93886223,-61.26103883,85.06002695,3.977982882,-45.61150133,35.50093031,1.893109538,-12.62305308,15.66387666,2.281518883,-7.14523385,7.276272249,1.044025806,-36.11619703,35.60379249,3.509809396,-12.10891565,14.32769539,1.867150108,-128.661878,59.74362863,4.908159224,-55.46361423,52.11852766,2.187127076,-15.40388545,50.65170461,3.285760488,-14.50671587,19.43490616,1.676032983,-136.0918547,58.39404284,5.12813988,-52.93083117,52.20779904,2.309998521,-5.317938096,4.518912697,0.672382927,-1.744097206,1.717087432,0.170245788,-6.371860272,5.853895826,0.68467859,-1.803686559,4.516344828,0.212453984,-4.58344493,6.150351713,0.790895771,-3.056608565,3.185461985,0.24955407
434,L,1,-1.914552748,2.208596176,0.735237554,-38.68520297,15.72346205,11.99360981,-11.3638801,142.1035996,14.07840946,-17.52171399,18.0959418,4.795743653,-21.952173,36.79616717,10.61773687,-22.9385443,22.51989731,8.248127078,-17.99140001,21.85669688,9.528121678,-16.30389193,29.81960172,10.57942917,-12.80699379,30.86866911,8.647395783,-4.5860807,4.846301591,0.940291614,-2.82438077,2.675643676,0.540657592,-12.15693805,9.680349417,1.964550088,-4.285108013,6.091468724,0.878636237,-36.11619703,35.60379249,3.403717746,-12.10891565,14.32769539,1.798289876,-3.825402721,6.017562888,0.99517649,-2.389175471,2.519471903,0.583804513,-15.09803961,11.84593692,2.194285939,-8.165157573,6.232627752,1.174234913,-8.571260701,6.897878016,1.550327631,-4.364433123,4.237699948,0.868422764,-2.260698483,3.076656346,0.441526088,-0.685471017,1.073353341,0.116360053,-3.898366469,3.777810266,0.508125523,-0.760034542,2.364860376,0.137724933,-3.985477625,3.774918881,0.517423197,-1.006177399,2.384636627,0.167224256
434,L,2,-2.439675169,1.78490095,0.787042515,-39.19836831,15.72346205,11.57486377,-11.23106577,134.7390701,9.645562098,-16.91233097,18.0959418,4.64178921,-23.69694884,40.88677103,11.00927481,-22.9385443,21.82525882,8.688208722,-16.83990685,30.04356835,10.53081984,-15.98429195,41.38646677,12.29942688,-12.80699379,31.04720429,8.392283593,-5.327284008,4.846301591,0.922518049,-3.163694133,2.866766976,0.534151446,-12.15693805,8.744122572,1.916103636,-4.285108013,5.851055043,0.847885145,-27.03390401,33.90434697,2.711687006,-13.70975559,11.0034949,1.596035745,-3.610897855,6.017562888,1.007426516,-2.572983866,2.85731282,0.594863002,-12.50757715,11.21530583,2.131439364,-8.165157573,5.218269491,1.134155377,-7.575256729,6.950147956,1.476954206,-3.784959632,3.629045848,0.833448502,-1.722030715,3.041132665,0.379737314,-0.57604668,0.934818716,0.110633045,-2.649237532,3.777810266,0.461251333,-0.634675529,1.796499638,0.123096545,-2.593275806,2.237309537,0.415224703,-0.488157527,0.766358912,0.138417282
434,M,0,-1.605297659,7.110049611,1.040238544,-35.23045461,16.68077952,12.20359244,-8.39301893,113.1256722,11.12529512,-41.35929013,32.67917592,10.83959034,-25.71623076,36.07364019,11.52647239,-33.35511124,27.67053084,11.21658533,-19.26887335,81.70229042,12.72471271,-11.57801041,64.88980428,12.97873657,-17.56687158,66.145255,12.43575378,-5.824186818,9.30560048,1.201519881,-3.175614551,3.410560874,0.643047407,-10.89787393,10.17192303,2.130831567,-3.81774237,6.486340127,0.915369651,-22.6051302,23.47402138,2.564483792,-8.09745371,9.814758496,1.349456352,-12.46322741,14.12417806,2.825736036,-6.524738929,7.353600577,1.65070551,-12.94507834,13.53096258,2.392035544,-7.808773354,6.559796985,1.258757805,-13.47659153,14.14276041,2.462749227,-7.041148751,7.516237462,1.408987886,-7.946285166,8.041721787,0.828616328,-1.956791624,3.448630062,0.234807471,-6.468044241,5.934623044,0.703338126,-1.572783898,2.969448046,0.202347714,-5.876928376,9.163821921,0.959293854,-1.561943778,4.878697063,0.32117747
434,M,1,-1.202355983,2.181981165,0.832621457,-34.36011336,17.22729623,11.09050231,-8.237682319,113.1256722,15.57117253,-36.12671475,34.33462985,12.72249463,-28.30494571,34.09118498,11.22015929,-30.52832268,34.09274457,11.44326723,-19.5314441,31.7585919,9.964878057,-11.52647296,24.13262034,8.511664256,-17.36098438,34.64324209,10.31863906,-5.777323103,4.443361647,0.999509783,-2.347109801,3.055825647,0.559679996,-11.84931759,9.711772521,1.913120841,-4.023136599,5.350660759,0.826510472,-22.6051302,23.47402138,2.990728758,-11.63333786,9.814758496,1.512270559,-14.48583321,14.12417806,2.757727588,-7.245775502,7.440368069,1.566984398,-14.60304275,11.89216729,2.252848598,-7.006991323,5.546261337,1.187308665,-13.89225795,16.11231593,2.353083576,-6.478326301,7.440580689,1.325118399,-3.269106253,3.458344501,0.597151041,-0.957025327,2.404119,0.173957082,-4.018520737,3.595009724,0.579946093,-0.926152371,2.246080792,0.164817886,-4.321730522,4.253524743,0.649325663,-1.258688677,2.556526115,0.216894895
434,M,2,-2.890882596,2.00372388,0.871256008,-34.36011336,17.22729623,10.72367562,-8.237682319,89.18774237,12.76486436,-36.59855848,37.62154297,12.1312112,-28.30494571,38.65535951,11.57912903,-30.52832268,34.09274457,11.71828725,-19.89367137,31.7585919,10.57936674,-11.80333478,21.78381097,8.419840515,-17.36098438,34.64324209,11.26363876,-5.135097115,4.952122155,0.954012398,-2.717281622,2.784743132,0.544130301,-11.84931759,9.812077296,1.95389722,-4.023136599,5.307139021,0.846845582,-21.6945481,19.44900258,2.3281339,-11.63333786,7.59923087,1.296318532,-14.48583321,10.80007681,2.741711277,-7.245775502,7.440368069,1.562507183,-14.60304275,11.89216729,2.343832221,-7.006991323,6.197969569,1.249726894,-13.89225795,16.11231593,2.464046171,-7.425439081,7.440580689,1.384873131,-3.232765438,2.546499888,0.50969814,-0.763807235,0.734859326,0.138733466,-4.018520737,3.595009724,0.513436492,-0.926152371,2.246080792,0.147601626,-3.138380982,3.067261467,0.51911964,-0.824683241,0.869896216,0.160616659
435,H,0,-1.968785797,2.047827151,0.841009881,-27.51176261,12.53476574,9.496890361,-7.078657408,52.47842665,8.926947183,-31.19002131,25.9685235,11.76197333,-17.82678363,31.65330021,10.66660586,-32.12510183,23.04261277,10.43559999,-16.56512502,29.74826618,9.200640978,-13.00693435,24.91063822,9.422570387,-12.44684236,34.12122887,8.245448564,-5.059070795,6.538393567,1.003425275,-3.320844113,3.711426499,0.57151958,-7.635450048,7.835980716,0.928188539,-2.848873692,2.600861687,0.396281242,-10.6789689,16.50642894,1.271522944,-7.79403492,7.309789144,0.612308326,-9.439417649,7.421423833,1.838978282,-4.336399566,4.381650985,1.048294407,-9.082981599,8.170221886,1.314313669,-3.874559023,4.964411867,0.702628365,-13.30322278,12.05042545,1.610408746,-6.163000636,5.48487853,0.944128281,-3.091754092,3.775548978,0.430535678,-0.621609709,1.549758433,0.113376635,-2.846515349,3.350680003,0.339700444,-0.640172692,1.391670173,0.095174426,-2.533916315,3.646575501,0.458805879,-0.633399191,2.514168821,0.136229187
435,H,1,-3.460976402,2.047827151,0.908491037,-28.27201604,14.11747527,9.701559816,-6.925868193,54.53112931,9.527595558,-27.47161895,31.59103414,9.566927685,-18.40239358,27.88554482,9.235626394,-32.12510183,26.37998905,9.959694013,-16.56512502,34.96971257,9.707028612,-13.00693435,24.91063822,8.816903194,-12.4927501,38.51077253,9.948673632,-4.814211915,4.897277364,1.069690726,-3.122294177,2.646756851,0.594691428,-8.091297381,7.892605025,1.096653614,-2.867423834,2.96101984,0.461672181,-10.6789689,15.74031832,1.359527829,-7.658259598,7.309789144,0.649241165,-10.42048458,12.55160338,1.874127296,-8.152088869,6.142100418,1.060452036,-9.990578039,10.08618419,1.451656096,-4.392885882,4.964411867,0.796536449,-12.47550836,12.05042545,1.66084931,-6.163000636,5.499171392,0.969977843,-2.646435841,3.991306445,0.529809177,-0.953497264,1.998812526,0.137994885,-2.738970215,2.161921078,0.429200329,-0.562275946,2.393901697,0.113765799,-2.971712245,4.484296333,0.564153288,-0.903176594,3.136321822,0.160921152
435,H,2,-3.460976402,2.461222004,0.919191171,-28.27201604,14.11747527,10.15888632,-6.81080384,58.11005387,10.75468179,-27.47161895,31.59103414,9.114910307,-18.40239358,31.15782301,9.319036238,-28.92976589,26.37998905,10.07628008,-14.95639523,34.96971257,10.21865469,-12.8097491,32.03628962,9.376018521,-12.59179161,38.51077253,11.08486293,-4.853077046,4.897277364,1.098569152,-3.144168951,2.937478373,0.620510458,-8.091297381,8.302992753,1.092646458,-3.072612254,3.062921842,0.455645858,-12.4312149,11.1684502,1.402966348,-5.622155412,5.578291555,0.671756292,-10.42048458,12.55160338,1.855647786,-8.152088869,6.142100418,1.049309393,-9.990578039,10.08618419,1.444940864,-4.392885882,4.734782609,0.800638151,-12.47550836,10.28847675,1.652272305,-5.468414017,5.603006755,0.974313818,-2.981810698,5.069650884,0.571441784,-0.953497264,2.221020837,0.161494163,-2.738970215,2.055697345,0.464630823,-0.562275946,2.393901697,0.124947227,-6.219150117,5.415445957,0.678302999,-1.262410323,4.992164716,0.233435832
435,L,0,-3.248315846,4.360823326,1.109387294,-37.50325137,13.09153894,11.78672907,-5.945789367,76.96242318,9.31588506,-31.14961045,35.9924306,12.81136926,-20.63575469,42.57733685,12.2857543,-34.22628075,21.71658092,10.8728738,-15.09706688,38.7634428,14.50986359,-11.55117903,40.99318775,13.57515085,-12.77652441,52.67507218,14.63590177,-4.232558363,4.820203074,0.953067751,-2.761378578,2.247968999,0.517241004,-11.3130373,8.839991419,1.234820102,-4.023485964,4.406637372,0.533066719,-19.06132572,13.91621016,1.291611138,-7.967529704,6.793074204,0.629265839,-9.921183929,10.6158128,2.268948642,-5.405887198,5.671612181,1.321098786,-13.01933156,10.37011961,1.850862272,-8.578919454,7.141203245,1.017179288,-11.21516312,11.18994065,1.862346003,-6.145103624,5.476719171,1.082939802,-1.89676505,4.222465302,0.446005,-0.765680672,1.031350315,0.10243888,-1.971590743,2.048451284,0.317159398,-0.439276994,1.446715401,0.079237992,-4.677938214,5.603393251,0.648284847,-1.147066415,3.488971008,0.166920178
435,L,1,-3.248315846,1.474781004,0.910041877,-35.57847288,15.3214802,9.852823935,-5.758665971,76.96242318,15.46630976,-29.46981638,35.87052127,10.9369046,-21.88004173,42.57733685,9.618833499,-33.38919236,28.89347839,10.2098895,-15.09706688,38.7634428,12.57134732,-11.22880804,40.99318775,14.48103892,-12.60528395,50.38679973,9.376210722,-5.028425923,4.642133426,0.894097923,-2.041455828,2.946513577,0.491021957,-11.3130373,9.124305708,1.131370172,-4.023485964,5.665431812,0.517971591,-19.06132572,13.91621016,1.504445966,-7.967529704,6.793074204,0.6970124,-9.242591549,10.93869217,2.13308386,-4.594943331,5.671612181,1.290876805,-13.01933156,10.37011961,1.632545223,-8.578919454,7.141203245,0.901849011,-13.60255259,11.18994065,1.818338048,-6.145103624,7.363959265,1.053780613,-2.373904804,3.192470311,0.325859279,-0.584042489,2.267658316,0.09644975,-1.971590743,2.048451284,0.299275339,-0.328299485,1.446715401,0.068067498,-4.677938214,4.40143161,0.495512845,-1.147066415,3.488971008,0.160982065
435,L,2,-2.547688027,1.474781004,0.868035352,-36.31893336,15.3214802,8.767263339,-5.604981318,60.58805189,13.16489244,-29.02195437,25.72652048,8.838930585,-21.88004173,39.95626367,8.276824036,-32.36735752,28.89347839,9.617485903,-14.54131091,20.62188167,6.262767033,-11.17718228,28.70619422,8.538481733,-12.02423749,19.10029578,5.649242553,-5.028425923,4.642133426,0.7979302,-2.041455828,2.946513577,0.450645738,-10.90602328,9.124305708,1.014058522,-3.673815916,5.665431812,0.480970314,-9.985177174,10.20062044,1.055731258,-5.531679954,4.340997174,0.534374573,-8.657970536,10.93869217,2.087813847,-6.378195806,5.191353272,1.261383629,-11.26073965,11.20376309,1.523263507,-5.406080962,5.348623859,0.853538974,-13.60255259,11.60401428,1.793157435,-5.810032811,7.363959265,1.025980668,-2.373904804,3.192470311,0.239738089,-0.584042489,2.267658316,0.080051752,-1.258150652,1.544864191,0.227110758,-0.17651339,0.663525061,0.052076889,-3.321710505,4.291236737,0.314167926,-0.795016585,3.203541391,0.114287931
435,M,0,-2.597042954,3.309153178,1.04525569,-38.1202015,16.19882443,11.04644074,-6.584481405,41.46238553,13.42092964,-32.13896436,28.37697361,10.93508884,-27.42371893,38.73788938,11.01122672,-37.33174004,24.46958565,11.27235544,-15.93247103,54.44215959,10.87957947,-13.30280151,56.60342393,10.01112657,-11.23158957,44.29623934,11.64294584,-6.333916294,5.406086841,0.922256442,-2.277001265,3.072023243,0.501401575,-12.87343675,9.172895314,1.201892011,-4.343785661,4.758652991,0.520680717,-9.978157827,11.55269128,1.32030861,-4.515036407,4.867383641,0.607972988,-9.710018087,9.083226821,2.188812266,-5.236612852,5.371269078,1.28820899,-12.18070981,13.99032849,1.67195786,-6.252122709,5.742263684,0.928968446,-13.88058,13.33008668,1.759589185,-6.377473638,6.745150061,1.038617166,-2.864900116,3.79187619,0.389014387,-0.788475444,1.31123855,0.090399238,-4.502865752,4.729737471,0.422363505,-0.934250528,1.032604304,0.084250128,-2.552318709,4.2887231,0.468547731,-0.699588788,1.410487762,0.114213634
435,M,1,-2.94982999,2.732709484,1.116290972,-38.1202015,16.19882443,10.5471053,-6.542567646,41.46238553,13.08174944,-26.43703869,27.06238129,9.352457466,-27.42371893,35.37760928,10.75248244,-37.33174004,24.46958565,11.02639087,-15.7516988,24.6033145,9.867359129,-13.09647395,26.29898206,8.652883863,-11.23833636,33.4158842,11.04498313,-6.333916294,5.406086841,0.8792546,-2.826592794,3.072023243,0.490220417,-12.87343675,12.2472305,1.248481435,-4.343785661,4.758652991,0.544789731,-9.978157827,10.31584764,1.137119476,-4.179220616,4.323036106,0.531758436,-9.710018087,8.914075986,2.074199138,-5.073459428,5.371269078,1.225654877,-12.18070981,13.99032849,1.677308336,-6.252122709,5.742263684,0.934769769,-13.88058,13.33008668,1.76759744,-6.377473638,6.745150061,1.041567608,-2.270037799,3.593021102,0.362819103,-0.677805419,1.31123855,0.0882803,-1.484912482,1.875423212,0.266494967,-0.408330314,1.032604304,0.066921497,-2.493313055,4.463711608,0.505832152,-0.832399034,2.846448677,0.130476225
435,M,2,-3.15218523,1.812334695,0.93797887,-38.04802103,13.17655577,9.590562416,-6.542567646,24.78076657,5.382247449,-27.82092448,26.39670655,10.11462706,-21.56953655,40.2454945,10.3344764,-30.51187964,22.19775762,9.859996224,-15.7516988,26.21075887,9.469142926,-13.03760862,21.45575004,8.816957371,-11.23833636,33.4158842,9.329874734,-5.879888839,4.77442913,0.91663802,-3.630080992,3.6590367,0.51760162,-11.74036411,12.2472305,1.166862009,-4.341926369,4.61276643,0.507573074,-1.779627253,3.318760049,0.470781632,-1.047216463,1.45210678,0.303493697,-10.74048713,9.675616352,2.112174354,-4.900001227,6.582153737,1.243919076,-10.79964546,9.880976563,1.614991689,-5.039058556,5.532536149,0.901231954,-11.6844622,15.57546477,1.764413833,-6.936592601,8.69619431,1.068943336,-2.270037799,3.224202778,0.385336714,-0.677805419,0.708773674,0.084162124,-1.596753269,1.284846041,0.258596301,-0.408330314,0.973696311,0.068126065,-2.200572073,4.463711608,0.497493526,-0.832399034,2.846448677,0.133950534
437,H,0,-2.913417397,2.434109111,1.025565044,-43.57784459,18.33560228,15.22729378,-5.606648122,184.900568,17.72456071,-49.46287421,34.53146926,14.4819352,-34.18366222,50.73279285,15.22622124,-57.40139835,44.14926552,15.7735846,-14.71023805,69.72425486,16.72146742,-14.41614184,62.56629937,15.8605004,-10.19362687,86.75726408,16.76461788,-7.177381971,8.247645116,1.282564685,-3.949716854,3.882534585,0.651078542,-11.32814636,11.66288333,1.668965971,-3.962892714,6.582141948,0.747728513,-47.889393,31.22347352,3.825367944,-17.52033944,19.75560607,1.936730539,-11.02162328,11.61522981,2.570007225,-6.86331647,6.155451929,1.432816043,-14.28846915,13.62153886,2.827961802,-9.018219787,8.013359457,1.56673363,-16.08791185,16.31839971,2.884613894,-8.156137393,10.36883312,1.634612278,-3.102544434,5.174024764,0.532219504,-0.967174262,1.131223863,0.123587001,-3.4687794,4.15265964,0.699130373,-0.768387849,2.099868013,0.167674699,-3.466186589,6.108972667,0.546100828,-1.130004489,1.294563864,0.1492032
437,H,1,-2.913417397,2.434109111,0.981847868,-42.88447365,18.33560228,12.52655303,-5.606648122,184.900568,15.33219547,-40.06705078,29.07945464,12.3884863,-34.18366222,50.73279285,13.53757605,-57.40139835,44.14926552,14.8498694,-14.63376157,69.72425486,15.04058256,-14.21397308,54.82817275,13.50267834,-10.19362687,86.75726408,16.45898278,-7.177381971,7.122275045,1.207728101,-3.427599669,3.289861269,0.633811263,-11.32814636,11.28376127,1.640268062,-3.962892714,6.582141948,0.720857995,-47.889393,31.22347352,3.308258822,-17.52033944,19.75560607,1.703208054,-11.2583787,9.886057102,2.394837166,-5.270619144,6.415979005,1.406037876,-14.28846915,13.62153886,2.543809427,-9.018219787,8.013359457,1.420758079,-16.08791185,13.28661708,2.641011479,-8.156137393,7.061134411,1.45880656,-3.102544434,5.174024764,0.476022301,-0.967174262,1.131223863,0.111143451,-3.37833322,3.31025476,0.593172727,-0.632498524,1.105595522,0.130819767,-3.466186589,6.108972667,0.531466295,-1.130004489,1.294563864,0.144834345
437,H,2,-2.125346665,1.748857613,0.815487755,-40.48682232,17.1059972,10.11284421,-5.351870847,76.7144927,7.574711062,-40.06705078,29.4059734,12.09971783,-25.90372416,40.81842102,10.27792353,-36.93363469,27.9208574,10.47281313,-14.6226568,21.72033494,7.535657941,-14.2849553,33.45660148,10.0134908,-10.28535159,18.6564572,6.586014466,-4.938231135,7.122275045,1.110802798,-3.427599669,2.574062564,0.598881248,-9.311457998,11.28376127,1.263212668,-3.683016092,4.4325301,0.553471585,-20.18945685,19.95086109,1.855230155,-11.3271693,9.313667523,1.116620013,-11.2583787,11.52743205,2.292950572,-6.019280042,6.415979005,1.341747483,-9.176769508,11.1916654,1.917507753,-5.273086444,4.719493751,1.108268631,-12.52975707,9.495032661,2.111307955,-4.821039507,5.3101438,1.238654344,-1.844046619,1.969086595,0.325524729,-0.458485961,0.682911646,0.088165281,-2.398288181,2.491785588,0.420992425,-0.620159815,1.748026208,0.109987237,-1.720947696,2.360343484,0.322504145,-0.474823002,0.693364956,0.108647711
437,L,0,-3.368548262,4.257089699,1.07732404,-39.73850463,11.38043918,12.26026597,-4.004358106,112.3617443,16.00088281,-86.12854719,27.540093,10.01665632,-30.17347475,42.13048491,11.38082023,-57.26666776,73.96529624,12.27642667,-11.01325813,33.66984605,7.066277032,-12.52280142,36.50856753,10.14457251,-8.098250163,39.03566552,7.559038539,-6.259193395,9.019311985,1.174437565,-4.503121414,3.796323655,0.623833379,-9.232357242,9.395468907,1.437201115,-3.755023516,3.860860244,0.610631497,-13.67113245,12.45061107,1.112525852,-6.193128421,6.034231847,0.573373574,-40.76463933,37.83588826,2.566892845,-22.36163589,29.06786386,1.555761818,-17.2545863,18.77205762,2.51021912,-11.61580043,13.7549456,1.445469254,-45.11444765,45.69101046,3.006080455,-33.74420411,20.76872721,1.824529511,-3.582612357,4.016236859,0.439298186,-0.814261948,3.08506738,0.138352404,-4.451695373,4.607469658,0.706836419,-0.932267025,3.105286571,0.222284261,-3.374239223,4.559366355,0.464357214,-1.115848607,2.707384795,0.147141567
437,L,1,-2.847604281,4.257089699,0.83878985,-35.34237647,12.86138233,9.393094197,-3.859253807,26.51323688,3.103003825,-29.20923388,25.54231349,11.35955945,-26.97490355,36.28838518,8.100931805,-35.37584163,24.64163979,8.883010251,-11.01325813,15.77490922,5.514771418,-12.20582011,26.80387505,8.349670268,-8.098250163,16.81818716,4.471388509,-5.408654357,4.180862427,0.829881893,-2.918351145,2.723934738,0.458870507,-8.427954275,8.822944518,1.060065973,-3.103878964,3.618326804,0.45218419,-7.27051337,3.802680954,0.541893821,-2.980082699,2.562260551,0.343392721,-10.57668176,11.94285754,1.975130512,-6.046939237,5.195322157,1.09809334,-12.07979705,8.620792975,1.828561171,-5.492207155,6.943395042,1.0981945,-9.175041349,10.73558107,1.885799197,-5.996843849,5.990941767,1.121446876,-2.902082817,3.326404141,0.280252947,-0.757363353,3.08506738,0.08709727,-3.513133046,3.848742279,0.425254696,-0.904103277,3.020375803,0.126858722,-2.807177893,2.65606731,0.228468999,-0.669549159,2.707384795,0.07916987
437,L,2,-2.735935824,2.315553539,0.818770375,-32.95937014,15.14128534,8.702247387,-3.768655741,26.51323688,3.426357183,-30.88671956,25.43083842,11.42841061,-27.87808921,34.67541885,8.730187155,-32.56667022,30.82339506,8.883027734,-10.44112212,17.0201146,6.023689034,-11.93152447,19.44498633,8.256153163,-8.016357002,15.53217181,4.422401828,-5.543531503,4.180862427,0.829885923,-2.918351145,2.334989594,0.46299637,-10.14338878,8.667724163,1.021045854,-3.057257277,3.262151922,0.420008211,-7.703634303,7.083319282,0.702271461,-4.320677394,3.274643099,0.404197697,-9.607313027,11.94285754,2.007365688,-6.046939237,5.195322157,1.130035719,-14.90590126,8.17145569,1.804732166,-6.903025152,8.103361375,1.058476015,-10.90945187,14.20728436,1.835301199,-9.186419992,5.740733184,1.101281214,-1.326332078,2.703068074,0.233074134,-0.433942611,0.490322611,0.051074535,-1.84043411,3.336773615,0.351224986,-0.580282787,1.313569734,0.08833813,-1.146803949,2.045780067,0.19617446,-0.362795837,0.432524269,0.049703416
437,M,0,-3.900986711,1.803003298,1.006514718,-41.4616106,16.89989824,12.2640108,-6.205384028,151.2600499,17.46511682,-51.42764002,40.26607689,14.8700541,-26.66190189,43.60418013,11.88325548,-44.65002017,30.87399847,12.87250294,-17.12813394,84.58281266,15.14878063,-15.36748774,47.94218267,13.65051543,-14.45085005,104.0307015,15.82857852,-8.443219407,4.719892931,1.137736237,-2.923213695,2.987051915,0.572382402,-10.89647578,11.81950913,1.389732612,-4.060938017,4.502872415,0.60604276,-42.87257859,37.19766081,4.468949017,-19.85090706,18.23129309,2.3659642,-13.00292118,14.58892082,2.581451046,-10.38804692,8.631417693,1.546356967,-8.996946359,11.67277573,2.013947849,-4.941140385,4.838947233,1.149874367,-10.8263676,9.708625482,2.142160365,-5.974869188,6.24011239,1.26299918,-3.678523315,6.651779328,0.657229922,-1.026205603,3.132594985,0.195835293,-4.480767693,5.851297497,0.734792421,-1.057801727,3.137667768,0.216726859,-8.662470429,8.758845239,0.756062646,-2.05513967,8.115252856,0.269156045
437,M,1,-3.662034262,1.462969737,1.03475912,-39.99370349,17.93444246,9.746344052,-5.775270481,151.2600499,17.14932344,-34.49385799,36.77428525,12.85666063,-26.96520442,46.91196967,10.19568692,-41.42979344,32.15978178,10.77126949,-17.12813394,46.52556173,10.16889811,-14.91086044,37.80996132,11.91478297,-14.48934486,47.54910101,9.610559163,-8.443219407,4.929289071,1.108785279,-4.094199749,3.154013046,0.575054723,-10.89647578,12.21886613,1.282509209,-4.241373897,5.114484121,0.577740751,-42.87257859,37.19766081,4.323739223,-19.85090706,18.23129309,2.307468164,-12.45587122,11.48853194,2.462604377,-6.896870948,8.535194213,1.50631098,-9.882534159,9.051182512,2.019626411,-5.383290045,6.140961899,1.148079042,-11.42002754,11.08902536,2.152511068,-5.974869188,7.184700514,1.278984792,-3.190192102,5.546838453,0.549544111,-1.093985411,2.411607565,0.167557285,-3.778741572,5.851297497,0.644526384,-1.209816463,3.137667768,0.208669679,-4.900279158,5.159355947,0.551438153,-1.249628557,2.280360365,0.179308268
437,M,2,-3.662034262,1.419525842,1.035764831,-39.99370349,17.93444246,11.65720904,-5.762899732,91.54230822,6.030394185,-30.08030177,35.76539882,10.52502011,-28.98103017,46.91196967,12.69989005,-38.99088484,33.85967146,12.59273612,-16.83937622,46.52556173,10.55498199,-15.01614774,37.80996132,12.45130885,-14.48934486,47.54910101,9.199639518,-7.806401828,6.571554001,1.11021874,-4.094199749,3.154013046,0.606017309,-9.878542656,12.21886613,1.364118815,-4.241373897,5.114484121,0.60254482,-17.67552964,22.09829422,2.089665717,-13.16925472,7.484967163,1.39709826,-10.72418516,8.830454454,2.358977741,-5.998836913,5.971365607,1.40627686,-17.98144594,13.46992282,2.408967624,-7.590714938,9.506552149,1.358741226,-12.54568576,14.27621154,2.335722032,-8.88848514,8.182927524,1.398636883,-3.190192102,4.712274351,0.521246742,-1.093985411,2.004813563,0.142270669,-3.778741572,3.927117491,0.594535197,-1.209816463,2.804426898,0.192084434,-2.714261633,5.159355947,0.54973427,-1.249628557,0.999660038,0.163254474
438,H,0,-3.251377859,1.260037559,0.767934666,-36.32923498,12.4549093,11.93155557,-6.561117545,59.41624994,6.664257608,-37.13110612,41.68966087,12.042485,-21.5001477,43.01267629,11.92629263,-29.62141826,28.09042138,11.40600697,-12.21222037,38.34740359,10.37829281,-11.83194232,54.82124108,11.77004091,-10.43673393,35.14276605,9.465753845,-6.088116502,6.095638826,0.786594243,-4.334716496,3.744682745,0.466050279,-11.4824669,9.251646052,1.297300364,-3.834823354,5.839314695,0.585270175,-10.03065678,11.43986646,1.222079696,-4.764550858,3.981245505,0.718250385,-19.63880593,11.88205993,2.431181062,-8.973984014,8.483077752,1.420607805,-12.20618672,13.46269357,1.844690743,-7.041297988,5.784956907,1.007777983,-17.37523131,10.12742487,2.106170983,-7.991793811,9.284556096,1.283860346,-5.249712328,4.226964583,0.448404923,-3.369922705,2.225869292,0.162614327,-4.108929106,3.563038104,0.499626648,-0.920850693,1.180169211,0.128386714,-6.362235954,4.994700254,0.470196226,-4.057245901,2.791388805,0.209946624
438,H,1,-2.15200191,4.688882054,0.869080735,-36.55465452,12.09101167,11.00180383,-6.561117545,8.193502582,3.808975358,-37.13110612,36.1910423,11.36940394,-17.81925346,43.01267629,11.77840703,-33.76871614,28.09042138,10.81007862,-12.21222037,28.78255063,6.971738228,-11.48362226,40.86644479,8.669976213,-10.43673393,17.62584872,5.975617582,-4.382197563,4.918754984,0.769300146,-2.671442701,2.267079878,0.432175407,-11.41312522,8.598934222,1.079326572,-4.100030463,4.335564,0.451450408,-3.834627048,4.305722587,0.989121235,-3.111557718,2.865931651,0.651559316,-12.86356832,13.80373929,2.345789058,-9.716970504,5.959027292,1.378589285,-11.22905019,9.370895056,1.61659888,-4.784025649,5.784956907,0.883016091,-10.24331414,9.901968395,1.899813493,-5.140790191,6.447982831,1.137571665,-1.80563223,3.632565376,0.360275683,-0.959159957,1.756125032,0.123619742,-2.365922188,3.895781108,0.418885221,-0.859856972,2.479772036,0.14022828,-2.230215214,3.033535488,0.379683363,-0.946694014,1.00512646,0.149286159
438,H,2,-2.15200191,4.688882054,1.122872438,-36.55465452,12.09101167,10.87690933,-6.554359321,101.2335398,15.125786,-37.01294565,36.1910423,10.50940491,-21.35259316,42.62478454,10.52745458,-33.76871614,27.57975639,11.04639341,-12.59903258,66.11260365,12.409466,-11.48362226,44.78679405,10.87988927,-9.892925757,84.22392065,13.15154873,-4.685036236,4.918754984,0.933745949,-2.423444078,2.615961309,0.497227444,-11.41312522,8.598934222,1.16292153,-4.100030463,4.448753042,0.505630507,-20.08735241,21.03717823,1.734682439,-8.629211568,8.636488992,0.939578575,-12.86356832,13.80373929,2.365707733,-9.716970504,5.959027292,1.382259154,-11.99291524,11.35740154,1.751939268,-4.784025649,6.433093284,0.98205368,-10.24331414,9.901968395,2.02463874,-6.386254271,6.447982831,1.212131323,-3.562777169,3.632565376,0.460890784,-0.959159957,1.756125032,0.144765314,-2.514513967,4.242106445,0.531646388,-0.859856972,2.479772036,0.164793614,-4.221928846,3.127213963,0.532255867,-1.090075648,1.02473701,0.18292215
438,L,0,-3.018226227,2.280505276,0.89564614,-33.05822463,11.22016814,11.05412567,-8.810927434,19.79242342,5.179747836,-23.81928671,32.30873395,10.84331855,-21.50591342,36.57975251,11.36365934,-29.00191305,30.83157878,10.97724056,-19.20332061,38.32230422,12.29667111,-14.81745733,46.35116029,12.42068177,-16.16042754,50.84185081,11.0624804,-6.535340446,7.950214811,1.154998406,-3.735305293,3.587544195,0.662275679,-10.69819847,9.150762208,1.256029139,-4.245283596,4.260544821,0.529627916,-5.181922169,5.719180628,1.757377685,-4.369721295,3.894754876,1.167738949,-11.48643219,10.61230953,2.067079959,-5.998261355,8.569575086,1.195697996,-13.77409306,9.672563024,1.708876367,-6.283985713,7.053692509,0.924068829,-9.481642769,9.064996002,2.070663414,-6.46974539,6.572326995,1.29090157,-5.818563603,5.954268444,0.595163675,-4.193898147,2.727983388,0.235229407,-5.468159189,2.380807643,0.513854717,-0.81789572,2.532579611,0.167656651,-7.100517914,7.737558859,0.689581501,-5.291606495,3.739044932,0.30554266
438,L,1,-3.018226227,3.835431387,1.195675665,-33.31981262,11.22016814,11.74727562,-8.992460837,115.8021687,15.13640008,-23.30698335,32.30873395,10.47444536,-21.50591342,36.43933684,11.40175986,-30.66955105,27.88948118,10.96846159,-20.47472085,40.72731364,13.00043722,-15.22770193,46.35116029,13.51126734,-16.16042754,53.8398434,11.10470305,-6.535340446,8.1342574,1.283176224,-3.864893034,3.857572922,0.727522849,-9.84707418,9.150762208,1.308059666,-3.83734954,4.275146093,0.53758159,-19.55227741,29.19522975,2.503837579,-11.11802072,15.33610131,1.425918142,-11.48643219,11.74689777,2.042552492,-5.998261355,8.569575086,1.17405856,-13.77409306,11.13966103,1.800477224,-6.629871243,7.053692509,1.004279581,-11.52029069,14.14919712,2.13974245,-8.100045485,6.876471669,1.327647726,-4.068205958,5.039462397,0.688892792,-1.202397795,1.791711011,0.216929194,-5.468159189,4.668414457,0.653998497,-0.81789572,2.532579611,0.199653295,-3.624594314,4.550792465,0.743917005,-1.820084836,2.578123016,0.275754416
438,L,2,-2.600591655,3.835431387,1.114666832,-33.70863544,10.14503469,10.76352602,-9.139723805,115.8021687,15.06272403,-24.31062342,30.61161515,10.89133651,-16.55387813,39.12833851,10.43146641,-34.48564815,26.60828012,11.11693194,-20.47472085,40.72731364,9.428380597,-15.22770193,35.91229421,9.508864754,-16.46925956,53.8398434,11.02892636,-6.16582359,8.1342574,1.150214818,-3.997533835,3.857572922,0.649210577,-9.504746586,8.574825843,1.082610247,-3.52960177,4.275146093,0.447180842,-19.55227741,29.19522975,2.57513675,-11.11802072,15.33610131,1.478119214,-9.701933938,11.74689777,1.866045109,-5.467226514,4.524843618,1.078269684,-12.19358221,11.13966103,1.61857597,-6.629871243,6.988692635,0.937051529,-11.52029069,14.14919712,2.053208002,-8.524472496,6.876471669,1.273669691,-4.256903852,5.039462397,0.585124896,-1.565545071,1.688451897,0.195333575,-3.844382053,4.668414457,0.54335676,-0.816473998,2.096738609,0.164445619,-4.97316105,4.550792465,0.628516971,-1.827144338,2.359202128,0.246235962
438,M,0,-3.607221472,2.086675877,1.069575969,-32.54715018,10.80030612,10.47321316,-11.70099361,93.26356685,10.86462145,-31.10009143,40.20408417,11.17715841,-27.23093388,42.8819273,11.22716198,-29.31323107,33.49361152,10.39269667,-20.86315514,51.59571848,11.54358472,-15.3018452,43.35128209,12.4542243,-17.20704963,72.05659401,12.75129201,-6.508135499,11.52462921,1.241830694,-6.50286471,4.63780756,0.718665846,-10.1127781,8.570745498,1.038182437,-3.653613025,3.810764951,0.463484274,-18.86439863,20.95983999,2.603158301,-8.316590616,8.430970523,1.624881194,-14.85996507,9.329196501,2.480927802,-7.591085885,6.51276695,1.499052695,-13.9315636,10.55962687,1.836566536,-5.69712052,6.130041835,1.029005961,-13.89551809,12.19795373,1.931262877,-7.163040028,7.869560434,1.181015095,-4.091117351,5.604053726,0.596952242,-1.358764401,2.183884076,0.178704593,-2.886668461,3.303807191,0.509828777,-0.804977717,2.146939716,0.153699645,-7.00248895,6.26148848,0.747112931,-1.832579667,3.476492099,0.242870781
438,M,1,-3.607221472,2.517828601,1.128514092,-32.61716272,11.278797,12.16535538,-11.62819667,116.5719971,14.34245711,-33.78517926,40.20408417,11.50075695,-27.23093388,44.45575895,12.21628855,-30.2753491,33.49361152,11.24246652,-22.43557328,33.70426954,11.28037709,-15.92482815,36.51736645,10.26789041,-17.20704963,28.7545186,10.07797176,-6.45863516,11.52462921,1.307703785,-6.50286471,4.300789536,0.739626643,-10.1127781,11.44342106,1.308355388,-5.358998978,5.612155229,0.571088625,-26.16899431,31.51805138,3.252695676,-18.16451634,9.492974141,1.874986753,-14.85996507,11.75565043,2.55347732,-7.591085885,6.51276695,1.508367151,-17.22668575,12.76820948,2.131610339,-7.397942807,10.84522792,1.190949575,-13.89551809,12.19795373,2.07734903,-7.806882218,7.869560434,1.214991198,-4.749457968,5.604053726,0.718762494,-1.358764401,2.183884076,0.211849575,-3.683543291,4.608986476,0.628795461,-1.146672627,3.621449159,0.20152581,-3.980071133,6.26148848,0.737091662,-1.738842812,2.466562924,0.256843579
438,M,2,-3.155621175,2.627695235,0.927796977,-34.64455002,11.278797,11.85229715,-11.62819667,116.5719971,11.80076225,-36.41656855,31.82615453,11.06182729,-23.89994641,44.45575895,10.9719011,-30.2753491,26.68935866,11.73124366,-22.43557328,33.70426954,10.93402507,-15.92482815,36.51736645,9.645679822,-16.84727423,28.93169885,9.572555003,-8.420332882,7.815442858,1.298173404,-5.865795983,4.9607203,0.754201582,-11.96622496,11.44342106,1.315862355,-5.358998978,5.612155229,0.568840333,-26.16899431,31.51805138,3.009742292,-18.16451634,9.492974141,1.763713503,-12.190464,11.75565043,2.541315924,-6.758011039,7.917794235,1.510975624,-17.22668575,12.76820948,2.056938922,-7.397942807,10.84522792,1.173329397,-8.727783777,10.6966658,1.987748578,-7.806882218,6.988823601,1.16300713,-4.749457968,5.011490835,0.678351865,-1.27318626,1.654844492,0.201587332,-3.683543291,4.608986476,0.624268074,-1.146672627,3.621449159,0.193953805,-3.980071133,4.936930941,0.684307703,-1.151442853,2.466562924,0.248978969
439,H,0,-2.308969147,3.679606079,1.149947326,-27.93392679,12.03898041,10.11743486,-8.21520764,54.07527888,12.43622056,-27.89788565,35.35567829,9.99629859,-19.07412196,29.70825471,10.29350687,-29.52685249,25.77061685,10.63065609,-18.98292013,35.22363437,10.65249701,-13.36149756,36.13448903,11.11301493,-12.62438933,35.78814143,10.92345641,-5.264032443,5.697799261,0.835008145,-3.051738561,2.330366131,0.440326331,-6.44360521,7.535665886,0.943962188,-2.260460177,2.470145298,0.385418355,-14.25691983,12.49040081,1.633364757,-5.107537318,6.291662459,0.804884629,-9.207733658,9.668592263,1.870455825,-5.990987427,5.446715167,1.058971502,-10.33704663,9.018990235,1.594085485,-4.654344586,4.841855366,0.899638022,-9.514702989,10.87953897,1.688024393,-5.711155672,6.223556939,0.985091644,-3.460304335,3.576398853,0.503577249,-0.961564076,3.063028073,0.12778466,-1.837352694,2.48652884,0.362045719,-0.500300551,1.305872651,0.077376453,-3.015590945,3.999414688,0.499022299,-0.845264608,2.748448715,0.131508681
439,H,1,-3.174789081,2.048734675,0.957986217,-25.23848109,11.28792002,9.909497194,-6.876058493,54.07527888,11.47128507,-34.88739849,34.70433633,9.852615578,-23.66834673,28.72337672,9.379176361,-26.18642636,25.77061685,9.798336588,-18.98292013,29.19272567,9.055114764,-13.53952762,25.97623259,9.287891613,-12.13235768,30.79348531,9.574785855,-3.889493662,2.982761982,0.747394238,-1.8942869,2.122588333,0.402190901,-6.44360521,7.535665886,0.941554062,-2.642792215,2.493490042,0.385840363,-14.25691983,11.97959016,1.536680304,-5.107537318,6.291662459,0.764058968,-7.201142938,9.668592263,1.808551113,-5.433317392,4.368933263,1.04105459,-8.19221347,8.616684485,1.55014693,-4.488433763,4.080204765,0.873776203,-9.514702989,8.348704071,1.748847526,-5.430488371,5.759734289,0.985160595,-3.460304335,3.646435076,0.553317382,-0.961564076,3.063028073,0.139554404,-2.089825174,1.71509174,0.33293534,-0.518672716,0.94686346,0.072760518,-3.063766973,3.999414688,0.58239612,-0.845264608,3.016211623,0.173590701
439,H,2,-3.174789081,1.35971774,0.795244699,-25.16004774,11.05134459,9.564722079,-6.876058493,42.81698999,6.401227961,-34.88739849,34.70433633,10.15310848,-23.66834673,28.72337672,8.909698001,-25.01293041,25.05815821,9.700551796,-17.88374458,31.61214567,8.934204166,-13.53952762,28.90726634,9.291974819,-12.13235768,32.7676155,8.590026483,-3.55914927,3.411003676,0.659496647,-1.631988431,1.718778935,0.35130241,-6.373401676,7.664316329,0.852835263,-2.642792215,2.703736395,0.367966273,-9.098142353,11.97959016,1.010995383,-4.846935351,5.106477359,0.570183837,-9.340757564,9.465817689,1.777911571,-5.433317392,4.175242374,1.033864095,-7.143818742,9.794792897,1.521067886,-4.123501523,4.080204765,0.859798527,-10.89304832,8.523245927,1.767257796,-5.430488371,5.759734289,1.005762271,-2.465670944,3.646435076,0.46142356,-0.589726544,1.125050593,0.099044748,-2.089825174,2.058877127,0.311589728,-0.518672716,1.465395573,0.074296417,-3.063766973,3.93525625,0.497059371,-0.784204013,3.016211623,0.145616969
439,L,0,-5.798753268,4.291590598,1.390498413,-33.8169348,12.91204809,8.930927761,-4.742015531,84.51308186,9.938574238,-31.20411869,28.41975728,10.74421434,-21.05443303,32.24049309,9.276335559,-31.6386534,31.59722322,9.39336854,-19.38695402,41.90233567,11.23096709,-14.19156905,38.9787779,10.88404253,-14.77382073,47.68898007,10.92702705,-3.472855301,3.489293264,0.527066392,-1.478868858,1.552491889,0.273589081,-7.922747028,8.568938892,0.894865838,-2.634622546,3.165404604,0.395587482,-12.58621775,19.58992928,1.370410496,-6.392237441,7.639176619,0.727892684,-8.015460674,8.258474862,1.815555227,-3.924807216,4.468020778,1.038537495,-9.274989171,9.934011154,1.6024199,-4.570716723,4.906909795,0.908051718,-9.301573124,11.79978471,1.935808566,-6.339611978,4.903607613,1.163153967,-2.1572428,3.78647737,0.416796285,-1.34161928,0.830739914,0.094995134,-2.03172053,2.297414794,0.335246099,-0.487253131,1.261508964,0.072817219,-2.718747257,5.890340353,0.516441457,-1.396727298,2.674025481,0.12884134
439,L,1,-1.649600283,1.791302715,0.513501302,-33.48331535,12.91204809,9.374751506,-4.519275883,84.51308186,9.985796368,-31.20411869,28.41975728,9.696049199,-21.05443303,35.02480178,10.039642,-31.6386534,31.59722322,9.956558008,-18.51830105,34.72774049,10.75108412,-14.24531611,38.9787779,11.59942612,-14.70632162,41.05347948,9.396166929,-3.472855301,2.960407517,0.47417028,-1.478868858,1.488526373,0.26477964,-7.922747028,8.568938892,0.890743406,-2.578130507,3.165404604,0.414415538,-12.58621775,19.58992928,1.334923655,-6.392237441,7.639176619,0.699491334,-6.266262305,7.450559854,1.72682925,-4.246459446,4.468020778,1.011288691,-7.635366693,9.934011154,1.567082081,-4.198722112,4.60974491,0.883936067,-9.301573124,11.79978471,1.91613568,-6.339611978,4.903607613,1.147402119,-2.265883339,3.78647737,0.364858454,-0.567193749,1.312353174,0.090335216,-2.03172053,1.764282068,0.30041321,-0.487253131,1.261508964,0.069486643,-3.427164164,5.890340353,0.480909718,-0.939290888,3.371237202,0.136152954
439,L,2,-1.649600283,1.708146008,0.498223643,-32.67682067,11.89712381,10.64561025,-4.356901285,83.75231423,11.81125246,-26.64700496,25.59207724,9.056109816,-18.56725827,36.48386654,10.8526738,-33.40467948,30.0158342,10.2109062,-19.28318537,26.11619333,9.373948501,-14.24531611,25.37588092,9.295727091,-14.75364915,31.74185999,9.785471369,-3.250714269,2.332482074,0.488133757,-1.857110353,1.299328032,0.271865054,-7.614496646,9.528185794,1.054191155,-3.020395491,3.324602945,0.470170287,-16.88687655,16.58657011,1.778897452,-9.555331784,9.209211133,0.946956663,-7.910917232,8.46122385,1.842850237,-5.487445669,3.947847919,1.063053802,-7.461332475,9.340112556,1.588545352,-4.869897046,4.102344364,0.899833034,-9.99653548,11.84909609,1.910967806,-5.289635866,5.877975525,1.127595009,-2.628955432,3.766815143,0.464892201,-0.707434255,1.836664274,0.123007874,-1.910759442,1.789389743,0.297360219,-0.37575712,1.55657017,0.071163919,-4.335266282,5.841285823,0.595463881,-1.172907501,4.091894155,0.185049557
439,M,0,-2.249238233,4.877335898,1.205270472,-29.2547363,15.1644799,9.774343371,-5.311976837,76.85434289,11.81945772,-26.05394466,37.02805243,11.64016254,-21.51986745,35.53047705,9.809409857,-33.888239,33.39831289,9.943147448,-13.31095865,35.28665989,12.96543242,-10.85425001,41.13182671,12.82297831,-13.26288247,29.65430184,12.40619098,-3.924515084,2.960586422,0.647779281,-1.651613483,2.121928699,0.322579737,-10.40603817,9.259695926,1.197036425,-3.79942292,4.056611806,0.512573758,-17.55644155,12.96372596,1.887020228,-8.211900963,5.987874983,0.902620065,-7.364408494,6.593940662,1.569194096,-4.044215721,4.071922738,0.912446065,-12.31264827,10.51800604,1.970534553,-5.104046793,5.376642292,1.097468312,-13.04398281,12.29640739,2.144727894,-6.881223992,6.427043163,1.285896721,-1.780080758,1.354653975,0.227083449,-0.711608276,0.568082889,0.057748686,-1.081640854,1.477632484,0.218893845,-0.508278246,0.580452432,0.0470308,-2.283983525,2.949783054,0.326699887,-0.85827369,2.018685788,0.106107488
439,M,1,-2.499425513,1.555424466,0.719297099,-27.67952286,15.58113113,10.00551713,-5.369940988,76.85434289,11.01809065,-27.68163451,25.13152405,9.212172467,-21.51986745,30.84557527,9.754779857,-33.22531303,25.33175537,9.845683532,-14.41461575,12.6032104,7.556114084,-10.93077881,16.25996079,6.673139424,-13.26288247,20.53852178,9.102432791,-2.417525796,2.153406221,0.56259214,-1.33430731,1.283427715,0.297384729,-7.111632338,9.259695926,1.05654251,-3.12364463,3.375254862,0.446880198,-17.55644155,12.96372596,1.764647237,-5.914549203,5.987874983,0.798675648,-7.364408494,7.319254779,1.460599948,-3.624631294,3.683789405,0.837996844,-10.74196046,9.596426838,1.728054408,-4.703838897,6.241819146,0.973174971,-8.952560948,12.29640739,1.803251197,-6.460440507,5.728830746,1.064652815,-1.634854613,1.399039884,0.213471824,-0.471061584,0.755956421,0.055824717,-0.827821065,0.804550321,0.165988938,-0.227906095,0.580452432,0.041095382,-2.856956435,2.949783054,0.328792443,-0.652801908,2.018685788,0.104581099
439,M,2,-3.037767915,0.999173189,0.776523292,-26.75116363,15.58113113,9.879233944,-5.369940988,43.01722395,6.137043252,-27.68163451,25.13152405,9.254534491,-23.61859149,30.84557527,10.06531067,-33.22531303,23.47289351,10.4014632,-14.41461575,12.6032104,7.038535594,-11.05467222,4.061121332,6.721393153,-12.81057736,20.53852178,8.465775342,-3.988342383,2.347402909,0.551015442,-1.33430731,1.862739736,0.302423369,-7.064512881,7.741023637,1.035577072,-2.622028137,3.111859273,0.424023413,-10.19041194,9.649163661,0.840894032,-3.510559582,5.025443138,0.473667077,-5.238089229,8.565851648,1.428518989,-4.529935588,3.418812751,0.840693717,-10.21603772,8.744247564,1.727416501,-4.562753949,6.241819146,0.961692834,-8.181587353,8.783015657,1.823712785,-5.676536286,5.42981792,1.065656988,-1.634854613,2.078014812,0.243017892,-0.392051254,1.257023501,0.066896072,-0.550437482,0.765179209,0.137034949,-0.177226071,0.552253963,0.035302879,-2.856956435,3.429050907,0.349445813,-0.626959319,2.588446498,0.106562955
440,H,0,-3.870601802,2.212956527,0.983917983,-36.35484794,8.598965655,10.53635704,-21.50981137,25.46996679,10.04467397,-26.99042808,28.77494723,10.13870167,-22.7649223,40.7541731,10.60786956,-31.51984561,23.72981878,10.47948086,-13.84699665,40.6085987,11.02355158,-12.85765826,50.81961381,11.96101279,-11.43818483,40.91992945,10.59430423,-5.343087401,6.974534862,1.140202899,-2.878808847,3.654532694,0.63694699,-6.41392713,11.02385673,1.08368639,-3.527077828,5.157052739,0.45572618,-13.08265697,10.39569143,1.154595798,-5.931375813,5.401580083,0.598772269,-10.51787773,9.009936982,1.827989688,-5.30392963,4.09124523,1.016849894,-12.07592286,10.37540511,1.69486553,-5.369419496,5.87657957,0.949031517,-10.48759075,12.178736,1.743086603,-4.933700367,5.441745629,0.99827944,-4.218667531,3.905073189,0.603703464,-1.13896876,1.76327416,0.156218333,-2.96154423,2.706996884,0.510195161,-0.665700262,1.910379311,0.142382718,-4.039665341,3.724248256,0.615686396,-1.085917554,1.940936355,0.175369748
440,H,1,-3.870601802,2.90485064,0.965327065,-35.78237436,8.872354531,9.744222481,-21.50981137,30.61726282,9.851339605,-24.45342897,26.74818116,10.07785634,-22.7649223,36.65466689,10.10977644,-37.98723434,22.98125333,10.05729501,-13.89577689,40.6085987,9.760188858,-12.70325834,50.81961381,11.47394546,-11.43818483,40.91992945,9.460704428,-7.473976503,6.886516449,1.122273814,-3.970522707,4.282593009,0.636131944,-8.540602868,9.468373196,1.018961759,-3.04892182,3.611305366,0.407942796,-13.08265697,10.39569143,1.415196785,-5.931375813,5.401580083,0.695415831,-8.67811704,11.3907103,1.934307206,-5.618735213,5.672029681,1.053806633,-14.40675126,8.506742817,1.747677452,-6.448440445,6.001635738,0.965544086,-11.291323,12.90975003,1.777223241,-6.110684353,7.133937807,1.012748589,-3.511567474,5.088916561,0.614852383,-1.062578825,1.549028922,0.147927285,-3.021426372,2.46936132,0.504199256,-0.665700262,1.910379311,0.140567857,-3.349794141,6.325158944,0.646348351,-1.312058629,1.73641859,0.169642433
440,H,2,-2.884925335,2.90485064,0.986022412,-39.43143474,9.212845717,10.74121554,-21.16221212,30.61726282,10.82296893,-29.71308283,26.01436088,10.70920489,-25.46186422,39.35874818,10.62017105,-37.98723434,27.46216927,10.47152873,-13.89577689,43.19279556,9.524167044,-12.66749646,34.17907119,9.08734041,-11.42592579,43.83100183,9.931407425,-7.473976503,6.719898499,1.253335325,-4.273924523,4.699126301,0.736294518,-10.22498198,11.12104031,1.249054583,-3.694135382,4.868923548,0.519801666,-11.52796872,10.26485234,1.523687901,-5.552620266,4.948401556,0.73597643,-10.65612127,11.3907103,2.044557089,-5.618735213,5.672029681,1.121682678,-14.40675126,9.556011324,1.925189782,-7.051648939,7.289287542,1.074400605,-11.291323,14.77680916,1.944838761,-8.168398737,7.133937807,1.09077986,-4.154171013,5.109116278,0.725140501,-1.062578825,2.26445972,0.18200778,-3.021426372,2.117003248,0.515846879,-0.534698907,1.122312335,0.143621588,-4.180914223,6.325158944,0.756164713,-1.312058629,2.351865747,0.196559397
440,L,0,-3.823046156,4.078571185,1.110706963,-50.19476583,9.94889106,11.5799221,-18.71997636,33.98869042,11.89724767,-26.57745742,29.54417278,10.79820623,-25.34318407,41.0913942,10.07968387,-41.57738005,28.11923865,10.34176382,-13.13450922,44.34230558,11.28980085,-11.62554137,30.50499919,8.754863215,-10.88107815,42.96198815,11.71383863,-5.322643942,5.062302267,1.090007812,-3.130993159,3.282393308,0.61109578,-11.93448252,11.38401681,1.283528773,-4.018751167,6.318491379,0.549826608,-14.34218349,8.391921993,1.200471646,-6.065300586,6.043523378,0.627705424,-12.1796887,8.636472631,1.870649696,-4.459729629,4.980088679,1.05557258,-11.36095086,11.12876618,2.057997351,-6.278471258,5.530430486,1.16195819,-11.90171867,13.19364661,1.965701233,-5.840262716,6.149153721,1.084938235,-2.858518071,4.937367965,0.576548036,-1.073868242,1.499359255,0.148461357,-4.881489307,2.315727218,0.522460436,-0.829469497,1.82027984,0.145245433,-3.113724691,5.256426668,0.615505265,-1.067858657,2.419846967,0.169324329
440,L,1,-3.393203413,1.428079704,0.749450558,-46.98676008,8.810482667,10.67707206,-18.29855164,9.42378548,8.071324758,-28.02217239,25.84275076,9.939157682,-25.34318407,39.13951521,11.08442524,-41.57738005,24.32124072,10.92156202,-13.4346846,29.6831024,8.736877328,-11.62554137,16.74370618,6.491223409,-11.30483703,31.1555016,8.917903358,-6.188538999,4.600447577,1.044319749,-3.130993159,2.485993435,0.584070082,-11.93448252,11.38401681,1.258748146,-4.018751167,6.318491379,0.546304766,-5.244274932,4.030717498,0.770360278,-2.151503564,2.201609831,0.443412016,-8.645925169,8.636472631,1.836902139,-4.459729629,4.494504803,1.03868752,-13.20508444,11.12876618,2.188194921,-6.282466631,5.342205052,1.238143378,-11.90171867,13.19364661,2.035503142,-5.840262716,6.149153721,1.123442108,-2.938110389,4.492890687,0.54716963,-1.073868242,2.467354594,0.152301119,-2.258425938,2.315727218,0.365306408,-0.759462699,1.649927333,0.117500244,-3.113724691,4.529106879,0.572047531,-1.067858657,2.605676785,0.163500856
440,L,2,-5.298527837,1.612465019,0.888539764,-46.98676008,9.976303871,10.16273975,-18.18565698,28.96673392,8.507871726,-29.23282386,25.84275076,9.786360291,-23.79225141,42.59289308,10.66236603,-36.61186215,22.46055285,10.75047299,-13.4346846,34.20765098,9.708403861,-11.52453797,60.87980465,11.85644746,-11.30483703,32.98407242,9.290184923,-6.188538999,4.563994659,1.048051669,-2.644381958,2.525302409,0.562466605,-8.584278242,11.37160492,1.065124304,-3.634573991,5.623397892,0.448859583,-12.58168005,8.346274996,1.186137375,-5.834441233,5.513518708,0.614084262,-8.645925169,7.103011695,1.888356001,-4.566475929,4.494504803,1.080652647,-13.20508444,10.53538542,2.111035167,-6.282466631,5.272191547,1.207744574,-9.383463509,13.01017462,1.98294971,-5.708651849,5.361656503,1.123945543,-3.163728639,4.718205056,0.572420613,-0.897334336,2.532727547,0.167265878,-1.592305658,2.348304397,0.403719307,-0.600843828,1.410651515,0.117174586,-3.469477659,5.94786021,0.613213929,-0.896014997,2.623105579,0.183347174
440,M,0,-2.926464734,2.789469618,0.966202909,-42.51279851,8.642689908,10.79525699,-25.31423587,36.0726974,11.5062606,-27.79840523,24.69272802,10.73017588,-22.25730496,43.89382685,10.28022823,-34.46234026,25.61699515,10.19212977,-13.26998363,42.25802658,10.34145776,-10.5002939,65.11297962,11.40611855,-11.05695311,40.03740429,10.28565562,-6.156006911,7.873525656,1.312608963,-3.935093827,3.540203026,0.7639066,-12.65587238,12.18845548,1.293772626,-4.59087588,7.110989142,0.555353667,-9.454256202,9.075766347,1.105240316,-3.637476647,3.92078823,0.516571221,-9.593737573,8.57738232,1.923781276,-5.387312919,5.114666623,1.085594055,-12.98852749,12.93015482,2.086691312,-6.69740783,6.313382285,1.167850189,-11.25798877,11.4362673,2.11800766,-5.935491585,6.382769037,1.21010044,-3.042025354,3.656736245,0.449345124,-0.715193443,0.962992725,0.116865607,-1.527486535,2.3667009,0.364284543,-0.692005506,1.107558824,0.086206714,-3.513004894,5.129538203,0.551874939,-0.816764738,1.995790424,0.152141157
440,M,1,-3.296894318,3.045470084,1.072682372,-45.52925713,9.545072482,11.84386739,-25.31423587,20.84304716,10.12055708,-27.79840523,24.69272802,10.49962007,-28.71461755,43.89382685,11.83028025,-38.09370017,27.72457236,11.51243305,-13.67251354,40.28750764,9.244779744,-10.5002939,10.48001015,5.749413591,-11.05695311,47.99491875,10.91649879,-6.430908605,7.873525656,1.407188209,-4.026430147,3.949397427,0.825731329,-9.119558257,11.78597656,1.357440792,-3.705537726,5.775471527,0.573490943,-9.454256202,9.075766347,1.065367666,-3.637476647,3.92078823,0.501801027,-9.593737573,8.258196049,1.909688372,-5.387312919,4.499566584,1.089334895,-13.84700009,9.880442543,2.136018893,-7.205401719,7.587481608,1.198580253,-11.83864208,13.3175481,2.088997302,-5.935491585,6.30500023,1.17575839,-2.675214243,5.025360227,0.536738853,-0.881277334,2.520352421,0.132236675,-1.078719283,1.349346761,0.27582382,-0.345096077,0.797221415,0.078185716,-2.931630053,5.598782714,0.625673179,-0.976712172,3.037291879,0.163667665
440,M,2,-3.296894318,3.226700962,1.044508922,-45.52925713,9.624435848,11.3962187,-24.42326424,22.2304409,9.615135379,-27.20936472,23.15358111,10.04277616,-28.71461755,41.77979952,11.36982039,-41.8696267,28.63583773,11.24109344,-13.67251354,47.06048197,11.22535149,-10.3319904,50.73106132,9.755142069,-11.06844248,48.1391036,11.43650833,-6.430908605,6.268888215,1.327150848,-4.026430147,3.949397427,0.765528012,-9.119558257,11.96050099,1.326173206,-4.26599682,5.775471527,0.565477223,-11.14841371,7.48206368,1.229134761,-4.91761874,5.274693013,0.601130006,-7.625878089,8.055132659,1.825355144,-3.662849794,4.544550092,1.011935059,-13.84700009,9.728802278,1.981364421,-7.205401719,7.587481608,1.123402746,-11.83864208,13.3175481,1.936880909,-5.314866854,6.181162749,1.077520448,-2.675214243,5.025360227,0.550002379,-0.881277334,2.520352421,0.133155405,-1.169306309,1.614733518,0.305256488,-0.351086875,0.797221415,0.081659837,-2.931630053,5.598782714,0.648349166,-0.976712172,3.037291879,0.163510239
441,H,0,-4.554671113,2.257150917,1.170279797,-39.7403085,13.79209088,11.60577748,-5.66844181,75.49745595,9.707546313,-36.43781709,37.17571476,12.83678652,-27.72131982,44.16884411,12.23404042,-39.36071949,25.17674901,11.34210719,-13.93853487,74.66658409,13.98224918,-12.57307864,47.04739335,10.86632243,-13.8581245,74.2479134,14.08246375,-7.748579554,6.111959636,1.566087222,-4.311504896,3.849933141,0.883601151,-10.63437851,10.05775729,1.388467972,-4.275883917,5.368215365,0.607096013,-19.41122859,19.01013911,1.700298065,-9.989454489,7.498705478,0.843272788,-13.45023024,13.86752763,2.578662102,-7.415097083,8.842449406,1.54471867,-15.56859839,12.79654475,2.15491034,-6.740244538,8.005112969,1.220027313,-13.1647645,15.51260887,2.057946851,-6.112547923,8.455586293,1.217631016,-3.73956392,5.56925385,0.638647579,-1.095149254,1.74979022,0.168934997,-4.925871328,6.817360818,0.777740946,-1.227094816,3.136631651,0.25437048,-3.461201638,5.358072538,0.638678149,-1.032508288,3.253697183,0.185494834
441,H,1,-1.946782479,1.903535342,0.804040091,-37.421564,11.85697635,10.59671831,-5.66844181,92.25143745,13.66986932,-36.43781709,27.4137282,8.931519472,-28.66341118,43.40607383,11.49412078,-39.36071949,25.17674901,11.9544023,-13.93853487,36.93982213,8.243535011,-12.57307864,61.18237422,11.17071625,-13.8581245,32.28545336,8.314685651,-7.748579554,7.297172268,1.663973274,-4.549095115,3.849933141,0.937010714,-11.20262657,10.5001312,1.477582826,-4.331689957,6.157753671,0.659530665,-24.37152049,22.30263934,2.321138527,-14.59200632,11.32018871,1.171486242,-14.78119152,11.44570712,2.528616701,-6.662390301,7.14812585,1.52274274,-12.34225786,13.92906127,2.178102304,-7.113527346,6.591022981,1.23792126,-13.1647645,15.51260887,2.207035209,-6.112547923,6.757602271,1.252447824,-3.94088744,5.256531846,0.586653185,-1.281106248,3.014425102,0.193461611,-4.092943619,6.914816962,0.801190688,-1.207170471,3.000937827,0.249775089,-3.94639387,4.970813577,0.596035895,-1.362471782,3.253697183,0.218612269
441,H,2,-1.946782479,1.850787692,0.819511419,-39.07509637,12.22170372,10.6908749,-5.6792334,92.25143745,13.30047459,-37.6257929,33.56212154,9.743698796,-28.66341118,43.40607383,10.1144803,-39.1148947,23.30900989,11.20195619,-14.32809617,36.93982213,7.405511927,-13.04719119,61.18237422,11.70939113,-13.47275736,32.28545336,7.315375968,-7.462292715,7.297172268,1.58417051,-4.549095115,3.723686641,0.889287638,-11.20262657,10.5001312,1.523511271,-4.331689957,6.157753671,0.688484567,-24.37152049,22.30263934,2.306365642,-14.59200632,11.32018871,1.167649429,-14.78119152,11.24088273,2.442684896,-6.662390301,7.14812585,1.466020771,-12.34225786,13.92906127,2.098170777,-7.113527346,6.591022981,1.2219357,-12.67476294,11.77928895,2.137441344,-6.049915912,5.197178721,1.237820405,-3.94088744,5.256531846,0.555937518,-1.281106248,3.014425102,0.198669724,-3.800921743,6.914816962,0.781665995,-1.207170471,3.032673475,0.256919521,-3.94639387,4.970813577,0.551249657,-1.362471782,3.115745759,0.207956776
441,L,0,-4.007550728,2.739789773,1.171533721,-42.24114573,11.47608271,13.00011529,-6.611992329,104.8494478,16.56277901,-33.59359698,45.35636913,13.01905415,-28.67810664,48.91159904,13.04164507,-40.32774269,20.66545179,12.39251021,-10.89210012,69.70905286,14.9340271,-9.789258566,52.53744572,15.17943623,-10.02172389,77.64982417,14.85155155,-8.193040841,7.228206225,1.788023768,-4.596730968,4.279768666,1.04426126,-11.6234028,9.523245476,1.477809261,-4.091412154,5.318364175,0.646024797,-21.91965065,26.1793076,2.687487933,-11.99882579,9.618057095,1.303647253,-11.2763147,14.37337781,2.42351035,-6.798636944,6.661700099,1.398168232,-16.07785791,14.64034634,2.462086957,-7.937132989,7.67400003,1.451697332,-13.29669591,13.05188323,2.123958004,-7.60498956,6.522275292,1.238017637,-2.234333972,3.5261449,0.386766989,-0.87211096,2.113812439,0.134454841,-2.956919455,3.511858877,0.426523235,-0.666134141,1.76266892,0.13757893,-2.759813103,4.39745635,0.460541145,-1.092484954,2.388680877,0.16189096
441,L,1,-1.414528058,2.4217078,0.780945636,-41.45947871,11.47608271,9.19762371,-6.607111483,104.8494478,11.82311086,-33.59359698,35.25126369,10.296983,-29.34593256,43.28224906,9.721866531,-40.32774269,23.14914514,11.15434284,-11.00853032,31.36828706,6.159404525,-9.888527428,33.68958436,7.230804088,-10.2018598,33.27972814,6.205133961,-8.193040841,5.819536018,1.547841436,-3.452082176,3.261600692,0.893177957,-11.42439831,9.13199911,1.328816124,-4.472437919,4.671866829,0.601607232,-21.91965065,26.1793076,2.128085219,-11.99882579,9.618057095,1.094817506,-10.99515402,11.21931127,2.182660243,-6.0475732,6.661700099,1.303449494,-9.074202704,10.75737827,2.075520223,-5.521233558,5.327840863,1.262442412,-11.24999313,10.07384384,2.023408288,-5.552501692,6.000925143,1.165439994,-2.150326257,3.34664379,0.293963243,-0.624681924,1.978302438,0.113499095,-1.510632457,3.511858877,0.310543976,-0.633846669,1.76266892,0.119811056,-2.367568362,3.596623501,0.315193302,-0.634227734,2.086303861,0.129596652
441,L,2,-2.562793719,1.692548828,0.813175034,-38.05755641,11.14259299,8.740990091,-6.583619313,8.105808171,3.239156566,-33.37268817,32.4103916,9.7445632,-29.34593256,44.37617181,9.393486745,-40.06969426,23.17683413,10.36911207,-11.00853032,31.36828706,6.692407725,-9.888527428,22.37608909,6.422154928,-10.2018598,33.27972814,6.722144752,-5.872374405,6.35055622,1.388788155,-4.270750122,3.338241116,0.821532165,-11.32083004,9.802191041,1.284679912,-4.472437919,4.671866829,0.585840792,-2.917292836,2.949703927,1.075131089,-2.071548508,2.108200335,0.708691604,-10.99515402,11.18571252,2.043937663,-6.0475732,6.112777727,1.249703229,-8.621415062,10.75737827,2.048620488,-5.36868251,5.327840863,1.241877926,-14.09400482,11.43589328,2.09894199,-5.652077118,7.626408837,1.235857737,-1.986402405,3.34664379,0.36067438,-0.570283362,1.843970158,0.122236938,-2.400000927,2.724624103,0.368560414,-0.912437778,2.34245863,0.123708995,-2.165618473,3.596623501,0.382810603,-0.688614815,2.429365888,0.146996439
441,M,0,-2.915059511,2.823225491,0.765748343,-49.02240217,15.91676913,13.06607031,-5.117176863,79.94421454,10.20926761,-44.22405363,35.1104874,11.77489908,-25.30350683,33.64767691,9.824781088,-38.68723073,24.94356361,11.45798138,-14.56781979,65.8637824,14.09518338,-12.0125641,47.53238405,12.37408262,-14.43458691,68.18327357,13.93315763,-6.862776056,7.113006596,1.153100579,-2.533181529,4.662302934,0.671163238,-14.16454586,12.20846009,1.574583695,-5.273459265,6.567756265,0.705039185,-13.48753728,14.55205872,1.400784296,-6.101602345,8.502583409,0.719096434,-9.550443668,13.44445204,2.459319572,-5.446498674,6.837983277,1.438628219,-9.98808583,13.38578787,1.927615814,-5.737562995,6.527750303,1.12766576,-12.09122346,8.357929381,2.104121144,-5.299724976,5.353994446,1.231917572,-4.5190583,4.714129077,0.465687104,-1.164215596,1.649169956,0.145035213,-4.424250417,4.169422168,0.507881008,-1.008239942,1.900123695,0.178861308,-4.688749053,5.402603388,0.51439768,-1.200618664,1.977227193,0.165511355
441,M,1,-1.1963915,2.823225491,0.492599212,-48.91108369,12.14011332,9.756874134,-5.206260537,79.94421454,10.31709067,-32.23864079,31.86635954,8.750359209,-28.01596942,28.86351104,10.34073091,-42.45050082,25.18407057,11.23386173,-14.56781979,15.54693844,6.786725156,-12.67655565,31.49637416,7.820394699,-14.43458691,18.10445778,7.179365839,-4.694050641,4.116455733,1.052786932,-2.533181529,2.327918111,0.641965193,-13.5045572,12.20846009,1.510595738,-5.273459265,6.567756265,0.691567235,-13.48753728,14.55205872,1.386341643,-6.101602345,8.502583409,0.710754866,-16.23209305,10.21738633,2.313088926,-7.46774041,7.490138259,1.378412877,-7.783895109,11.66689912,1.96893326,-5.159885818,5.419520219,1.154763864,-9.830988512,11.57729701,2.140682302,-5.610363243,6.056032119,1.25460503,-2.425575529,3.585173323,0.32395689,-0.855276248,1.649169956,0.134602783,-2.83627566,4.169422168,0.457625301,-0.858946653,1.735484324,0.16763829,-3.097826218,3.134053994,0.357428128,-0.979111739,1.977227193,0.161388333
441,M,2,-3.484390551,2.027047423,1.110767744,-50.61640073,10.92132832,9.551915432,-5.206260537,88.35394332,13.48864975,-41.29063735,32.56484023,11.10446589,-43.46082973,32.66633781,12.96429018,-42.45050082,36.44741582,12.0010202,-14.12618805,39.59227566,8.3481571,-12.67655565,40.73729611,11.00968744,-13.34665033,42.38445708,8.608836117,-6.621424298,6.59831418,1.111012751,-2.884981171,2.772362103,0.636033402,-16.42393272,14.77873526,1.586296756,-5.965763819,9.31319482,0.756579955,-22.67651496,17.67143847,2.10457581,-8.20459037,8.358760387,0.938162144,-16.23209305,16.86370947,2.587342068,-7.654367331,9.284119905,1.515165224,-10.51136229,12.30278176,2.33747767,-7.025179372,7.64773842,1.313723098,-11.05763814,11.57729701,2.229833058,-6.007503095,6.056032119,1.305047528,-2.425575529,3.399142187,0.373362824,-0.855276248,1.257378091,0.137578314,-2.677841097,2.793946161,0.480631782,-0.858946653,1.606930682,0.171020186,-3.097826218,3.61478225,0.447718221,-0.979111739,1.456642879,0.167788186
442,H,0,-1.769634841,6.49425344,1.267035775,-36.62205033,16.05066185,12.42562635,-11.58535107,114.4045909,13.80841958,-26.64714381,43.18546615,12.10722548,-20.91286677,82.36434054,12.60716481,-35.46362172,91.75437993,13.01722111,-10.1235707,74.9333114,15.5108709,-9.190279668,58.70978104,17.30102359,-10.5096647,85.98638493,14.8275862,-9.221627256,8.964476802,1.263878727,-5.645642312,4.30122524,0.675289474,-10.45938192,12.12134822,1.418809514,-4.886888408,4.821855555,0.651622518,-33.18494633,24.75962321,2.896651154,-18.41802967,12.83908995,1.739683521,-12.32971057,16.00164455,2.483486607,-9.276887559,9.980201659,1.426059583,-23.38890358,30.82758479,2.16988982,-19.73925156,15.38251422,1.25092003,-46.12212445,35.28163311,2.829163201,-36.13081699,23.43097041,1.793906186,-5.299466709,3.690568623,0.591516198,-1.715188023,1.58866068,0.156587761,-3.46833497,5.342545428,0.463483636,-1.036651467,1.593129402,0.124942593,-8.235535246,7.22176669,0.787076451,-2.853584068,4.009653894,0.236422526
442,H,1,-1.710492601,1.792674468,0.775236558,-35.73167469,16.05066185,12.63069465,-10.78313908,61.11367613,12.55589972,-29.43438915,41.43755528,12.97581207,-20.91286677,36.36630273,12.29973563,-35.29232449,22.29065979,11.648649,-11.09469656,31.9233547,7.800863026,-9.737980229,27.93004551,6.666051156,-10.5096647,32.0964653,8.582015927,-8.605261724,8.964476802,1.189668234,-5.645642312,4.158381229,0.635947591,-10.90429775,12.12134822,1.438347768,-4.886888408,5.406317125,0.651543459,-18.82069611,15.65799315,2.605327122,-11.06003194,8.934208687,1.603438853,-11.72982109,13.12304556,2.426978027,-6.564752547,7.209853269,1.344701131,-9.784167331,12.25307396,1.733168882,-4.638770499,4.724906181,0.909490649,-11.88080415,11.82328545,2.275498749,-5.924115793,5.697355265,1.332620202,-2.376289295,3.794280542,0.529279478,-0.842580585,2.604369396,0.147303298,-2.979016306,2.61668852,0.393359778,-0.642361315,1.440905326,0.103801982,-2.635419597,4.542861674,0.586387617,-0.961162911,3.411443795,0.180608984
442,H,2,-1.710492601,1.216187329,0.71259807,-35.73167469,15.88568448,11.43667671,-10.79185971,60.57076012,11.06852113,-29.43438915,41.43755528,12.39880406,-17.90918133,36.36630273,11.36638646,-35.29232449,26.47428248,11.46211934,-11.22840961,32.83310246,7.693503745,-9.737980229,17.617798,6.413578537,-10.523344,37.10990641,8.204265947,-5.411358069,6.475754836,1.128674872,-3.580366293,3.573069962,0.614751673,-10.90429775,10.2538434,1.264537078,-4.318096944,5.406317125,0.575744051,-18.82069611,23.84656458,2.347663871,-13.35402082,12.34416543,1.478982821,-11.72982109,13.12304556,2.298564716,-6.564752547,7.209853269,1.272406375,-8.660494196,13.63236778,1.605782593,-4.839798975,6.265513513,0.85062061,-13.64334799,11.82328545,2.131520274,-8.014352537,7.416596802,1.244278701,-2.376289295,3.794280542,0.475072144,-0.879086619,2.604369396,0.134711593,-1.536687688,2.476930437,0.330691597,-0.58937672,1.272138256,0.090627725,-2.574655622,4.542861674,0.522572792,-0.971176408,3.411443795,0.161059075
442,L,0,-3.767634278,3.417456196,1.128677809,-52.14281733,16.80212221,14.60562348,-8.08418252,237.9927829,16.13960111,-55.58369414,30.46783859,14.25089589,-32.77257251,49.23470343,15.3993263,-40.90583424,47.5013131,13.88136515,-15.3328752,57.94656105,16.70251672,-18.33381601,60.2610663,14.58030125,-12.54203065,59.29678271,16.82814205,-8.829677828,8.217955483,1.949448077,-5.336881927,5.890208537,1.151694634,-11.56233967,12.56604394,1.503504202,-4.209992641,4.831694061,0.636439863,-72.9544871,76.60748671,5.549848615,-46.96215578,50.87547056,3.524647532,-17.0401297,15.87348726,2.885374954,-7.157100328,10.52527933,1.675925737,-13.24649445,17.67380408,2.301335804,-8.511905514,8.904194565,1.322392438,-16.23058515,20.12670587,2.770167891,-11.02626193,8.526527067,1.670913874,-5.572450121,12.58219009,0.736260495,-3.215985025,4.14421116,0.26521868,-5.529217963,8.682869509,0.959639103,-2.087211295,3.472364237,0.340248386,-6.659357997,12.22622382,0.768228686,-3.13646272,4.106665118,0.282902011
442,L,1,-2.611628066,1.699895234,1.011624082,-52.14281733,16.80212221,14.09214739,-7.973785171,31.89455303,9.042476754,-43.17364451,42.221475,13.30543668,-28.96687163,49.23470343,14.38660634,-40.90583424,36.40473302,13.5061902,-16.59217352,41.13969268,11.5679824,-18.69034671,29.60030938,11.7643317,-13.00343409,40.52567415,10.75107007,-8.394040625,8.461268018,1.7192087,-4.506692154,5.890208537,1.003200311,-10.92073031,12.56604394,1.372380556,-4.209992641,5.11618578,0.592800713,-12.47869609,12.82205451,3.429752867,-9.297405921,8.437170389,2.304456882,-15.10393076,15.87348726,2.834484096,-7.157100328,10.52527933,1.668339068,-13.23278206,17.67380408,2.052488002,-8.250058585,8.556349505,1.190510122,-16.23058515,20.12670587,2.600872301,-11.02626193,8.526527067,1.606617006,-2.835566733,4.068795233,0.439324734,-0.905802173,1.897877319,0.16441466,-2.803026547,5.180702001,0.561084439,-1.171830258,1.261557524,0.227388575,-3.254929867,4.318671449,0.445991933,-0.849222338,2.328911673,0.176493772
442,L,2,-2.31760796,1.64743396,0.876294582,-51.02532885,16.61822676,11.12508297,-7.973785171,47.93599218,9.420250279,-42.22743442,42.221475,11.83446366,-28.96687163,42.45670019,10.24197344,-37.32868454,35.00451728,12.37526459,-16.59217352,26.6904021,9.081818943,-18.69034671,25.76800651,11.89990869,-13.00343409,26.38121546,8.46050037,-7.129156166,8.461268018,1.679424555,-3.757802647,5.054533136,0.976641797,-10.92073031,11.61908925,1.154608301,-4.133404972,5.11618578,0.520576132,-17.94743442,15.99525585,3.577461104,-12.25005383,11.33410842,2.420347712,-14.41584065,10.75043902,2.74733748,-6.3698442,7.305736261,1.628056713,-11.69836574,11.83098963,1.82687119,-5.70976997,5.516824486,1.069310285,-15.69480523,16.73001124,2.386175539,-8.779818595,6.711654415,1.442687106,-1.844459644,2.919263005,0.342911339,-0.766398633,1.872893679,0.13773078,-2.803026547,2.796714146,0.478096586,-0.903331898,1.159306502,0.210424883,-1.72566103,2.839665957,0.348243614,-0.746294916,1.857856987,0.145760366
442,M,0,-1.619174668,3.973262049,1.272696752,-51.505856,19.02104161,14.1292521,-24.1428175,179.283222,14.02059404,-54.7290331,41.25683992,14.9353159,-24.89337236,50.94684524,15.44744035,-45.77643454,35.08669144,15.41100488,-19.1534373,43.67928858,14.39060114,-16.66773905,78.52527988,16.75762196,-15.58251467,40.01906603,13.51042297,-6.981871229,7.195436748,1.551345866,-4.806030155,3.866169714,0.893026288,-13.27332176,11.02639078,1.486006947,-5.195824123,7.993580627,0.730366502,-65.39941338,46.68244573,4.362444156,-40.95382698,26.36987429,2.749112049,-14.14263753,14.8570551,2.859871159,-8.394810142,7.983465155,1.733201769,-13.88340744,13.73240832,2.072254039,-7.608266989,7.483421886,1.225089831,-14.81872956,14.90845698,2.385710055,-8.390213789,8.920808863,1.474305797,-6.833779207,5.534815733,0.740307109,-3.00504689,3.859864337,0.306089758,-4.659698235,7.153975545,0.825989438,-2.225399952,3.284010299,0.35317659,-8.420877449,5.720563218,0.798382989,-2.966962945,6.027732393,0.34212672
442,M,1,-1.619174668,1.230990087,0.706384879,-50.95821195,14.79479501,11.37876778,-24.07156981,59.58791984,11.83720008,-33.25924146,41.25683992,11.12765541,-22.34701876,48.63506621,12.76309878,-39.19654554,29.46742863,11.42835712,-19.1534373,21.18004604,11.85427585,-16.74790156,25.7536372,9.759441742,-15.58251467,24.48259977,10.92516693,-6.981871229,7.195436748,1.675033754,-4.806030155,3.866169714,0.951040688,-13.27332176,11.8649921,1.187279095,-5.195824123,5.541590708,0.58527185,-16.12414109,12.63011721,3.638037003,-8.023118623,8.192160972,2.345857789,-13.84781144,14.8570551,2.645717827,-7.81103794,7.983465155,1.598219029,-13.88340744,16.87111571,1.945629559,-6.074646964,7.483421886,1.114922762,-12.71657367,14.90845698,2.412725171,-8.461153033,8.920808863,1.505956289,-5.986848054,4.681549439,0.487424775,-2.17728932,3.859864337,0.238235422,-4.472241279,7.153975545,0.767962358,-2.225399952,3.284010299,0.365636288,-5.669969187,4.029896014,0.476353607,-1.999692665,3.469412127,0.239681847
442,M,2,-2.053965202,1.230990087,0.68657504,-47.6829497,15.06729261,12.59018864,-24.45558376,57.7250249,13.27985172,-31.38186031,41.65532445,12.54882633,-22.09935904,48.63506621,12.36187456,-36.50723727,34.02278864,12.00974788,-17.73909789,47.77435978,12.5313357,-16.74790156,32.73996712,11.14111511,-15.34500607,51.69730084,12.96403676,-9.6134824,7.69223704,1.64185311,-4.811508599,5.445772582,0.966761671,-11.8665104,11.8649921,1.201157377,-4.135597313,5.767907996,0.559255426,-14.34239174,14.78027598,3.907092251,-8.525279415,8.635274793,2.495210325,-8.940664143,11.18613709,2.576205221,-6.445402199,6.211332755,1.547487334,-13.05796329,16.87111571,2.077776135,-7.738043591,7.265409133,1.195914424,-23.16775042,10.17812611,2.44908421,-10.51667692,9.699256469,1.526427028,-2.481009912,7.13968069,0.561834483,-1.154210459,1.77637726,0.221714541,-2.972514374,6.104489629,0.690505862,-1.942243488,1.195732868,0.317083371,-2.492254957,8.208734812,0.571990031,-1.315008222,1.830365965,0.227015494
443,H,0,-5.870491876,1.441036327,0.836442723,-39.2921978,18.39954238,12.78621625,-8.729801272,66.73713168,9.195874633,-52.44819428,23.33424203,10.84355727,-21.71812246,27.21512815,11.39943436,-39.08810685,23.43631571,12.18220904,-15.83169584,50.02351982,11.96002108,-13.49642668,57.78752342,12.15910491,-13.38131401,45.06905852,11.36239846,-7.890067798,7.705526952,1.214787233,-4.172091381,3.895121651,0.65647872,-10.70141999,11.6504633,1.657533055,-4.059368211,7.406373863,0.776698679,-8.676345504,3.985096976,0.816490142,-3.178249142,2.1100314,0.509970935,-16.00276779,11.83120049,2.385957396,-8.299555943,9.811714977,1.452412444,-8.382954462,9.66558865,2.012752159,-4.066797437,5.179411949,1.110282012,-10.25678747,11.6691672,2.161003157,-5.419160784,5.449791075,1.18951369,-2.294814162,3.088747991,0.538186596,-0.835650619,1.16005223,0.143012377,-6.729505553,6.249778758,1.006922741,-2.575820495,4.524558888,0.295161012,-1.862484955,2.775989484,0.421414655,-0.829512121,0.571611259,0.133131441
443,H,1,-2.317945892,2.17631859,0.796549359,-40.29073863,16.39824406,10.90514764,-8.647159478,45.68721496,8.707714197,-45.15117442,35.04646177,11.46311921,-21.71812246,30.78855647,11.47538668,-39.08810685,24.38452717,11.48550564,-15.83169584,34.17615091,10.67331279,-13.49642668,42.71427541,11.20660954,-13.8349674,37.19564178,10.35302855,-5.737244211,7.705526952,1.153862661,-4.01811488,3.280409135,0.603759543,-9.731685277,12.60045273,1.514141233,-4.517004509,5.099129035,0.70598428,-10.40009332,10.23181515,1.31181492,-6.729798605,4.353682366,0.711985409,-17.07161212,11.62759237,2.582618042,-9.558681256,8.55908404,1.504398083,-8.885407867,10.038829,2.109571888,-4.437159365,5.179411949,1.181247618,-10.25678747,11.6691672,2.160574288,-5.600089897,5.449791075,1.222359099,-3.638869766,2.970122063,0.521365462,-0.622056088,1.196484215,0.148754245,-6.260075445,10.39409523,0.917440973,-2.120889764,5.980831338,0.297579394,-3.037013363,2.261382843,0.414935795,-0.579819705,1.034797524,0.138245726
443,H,2,-2.751393982,5.260504308,1.143153457,-40.29073863,16.03345274,10.83174699,-8.604222865,49.21762736,13.09365272,-46.03799049,35.04646177,12.38056811,-20.95508825,30.78855647,11.31446446,-29.23478114,24.38452717,10.65276503,-15.73841675,34.17615091,10.75078344,-13.42443576,42.71427541,11.17891251,-13.8349674,37.19564178,11.29877243,-5.97739188,7.402571266,1.218993611,-3.308935281,3.218563636,0.631741461,-11.26917711,12.60045273,1.562535075,-4.517004509,5.099129035,0.707150984,-10.98409849,10.23181515,1.759566809,-6.729798605,5.27552997,0.95367807,-17.07161212,12.56768776,2.822860408,-9.558681256,8.51166115,1.614622175,-10.86145953,10.038829,2.02569583,-4.437159365,4.240403266,1.144027881,-8.363009232,9.947852732,1.973594893,-5.600089897,5.284153482,1.14104933,-3.638869766,2.970122063,0.501931048,-0.622056088,1.196484215,0.15030599,-6.260075445,10.39409523,0.945325261,-2.120889764,5.980831338,0.317123354,-3.037013363,1.908837838,0.449351619,-0.579819705,1.034797524,0.144315281
443,L,0,-5.63449994,3.014833705,0.979807249,-47.79448647,18.13917095,12.06364602,-7.556887685,159.8786432,8.736636571,-61.05014798,43.16500734,10.8216692,-21.57284721,31.68838719,11.46181126,-46.09564481,23.11388363,11.71470052,-13.07835497,103.9056785,13.79553027,-10.42806413,100.5359352,15.02214879,-11.85990846,106.2314246,11.43553799,-10.30948105,9.320195384,1.235648419,-5.693424998,4.412592567,0.672553523,-10.77194761,12.52516126,1.471633343,-4.070648366,4.656459048,0.674615974,-38.57416403,20.96134506,2.471223894,-14.58571456,12.09479885,1.446982021,-15.45054223,14.299513,2.552385502,-7.450215061,7.615903165,1.508646939,-13.69400192,11.10905906,2.075363044,-5.122154074,6.644181953,1.171284949,-16.40568743,15.07462397,2.195706716,-7.852501332,6.261784525,1.228029885,-3.581858476,7.747420523,0.655027726,-1.35602375,1.498554783,0.154653494,-5.865177802,7.52083883,0.773960256,-1.570882339,4.12999925,0.196178952,-8.49944427,8.167556601,0.706529777,-1.427451446,1.319563901,0.186026951
443,L,1,-2.86618912,1.034968413,0.937203343,-46.87339728,13.99990395,8.358222819,-7.879363335,159.8786432,9.475602578,-37.43054557,43.16500734,8.987991413,-21.57284721,25.73680868,10.29263616,-36.74133058,22.47189079,9.886457799,-14.67567949,35.04870798,7.347507631,-10.42806413,49.4780235,7.076510769,-12.6307633,12.60881067,8.164719222,-7.421932757,9.320195384,1.177105562,-5.693424998,3.793676915,0.672077896,-10.77194761,11.78458776,1.137115198,-3.674321334,4.543309962,0.545290406,-38.57416403,20.96134506,2.208358293,-14.58571456,12.09479885,1.234961468,-10.56507747,13.39967774,2.203112736,-7.450215061,7.615903165,1.319051643,-8.997211791,8.613474043,1.777735233,-4.76860752,4.278046022,1.01751106,-8.659470512,10.26089813,1.866780654,-4.907801142,5.683810607,1.089089848,-2.092871546,3.891395401,0.408281592,-0.812852516,2.635014102,0.134969069,-2.310953396,3.770688156,0.467558411,-0.920117549,2.560046434,0.147332313,-1.764566665,2.952706608,0.332329703,-0.891442366,1.982517355,0.143924195
443,L,2,-2.473398753,2.572359023,1.013646394,-47.05815154,12.41303203,10.30286253,-7.879363335,101.7665137,13.0156758,-45.06352902,35.55395389,10.74198979,-20.74577051,25.31194271,10.42237355,-38.59865419,22.49387457,10.62591842,-14.96360562,24.7889413,8.724457327,-11.3306225,28.26460882,6.608582236,-12.6307633,29.18630842,10.93700368,-6.278152375,6.867422381,1.209333911,-3.440746908,3.585216323,0.693915307,-11.92583651,13.34346184,1.353854303,-5.050784108,6.340392947,0.651239268,-24.81011068,24.23927884,2.281563165,-9.7475628,11.00635806,1.28691881,-12.10223049,11.68193474,2.399885384,-5.869514793,7.523894246,1.437683288,-8.997211791,10.17437479,1.859751188,-6.146022861,5.299223445,1.066031431,-10.27183531,11.89463737,2.002174887,-5.443574497,5.994604986,1.173156931,-2.19898278,3.891395401,0.430408601,-0.645657242,2.635014102,0.148091822,-2.382070214,3.958492365,0.499944687,-0.920117549,2.560046434,0.162018859,-2.221553721,2.856073113,0.376469073,-0.795186623,1.982517355,0.163980679
443,M,0,-5.137478615,3.586805425,1.046734056,-50.77730175,22.06244752,14.0630493,-8.589750363,75.24040999,10.73340207,-48.33871385,31.87725412,12.0690192,-16.6330866,30.91895449,12.29752835,-43.11275186,20.3043797,12.28550026,-11.86752886,65.41722693,11.31529832,-11.65202554,81.09707809,14.75306498,-10.73185265,53.85039979,9.313179516,-8.905537051,10.17940111,1.502448264,-5.625908658,4.320136119,0.820789072,-14.06520996,16.57650392,1.94832361,-6.067316079,6.843745144,0.912018309,-19.2086684,18.62073126,2.124203046,-8.448252706,7.607695021,1.175885508,-17.20998055,15.57765181,2.670730836,-10.39198836,8.973200818,1.552424656,-10.82736362,11.4968103,2.233205654,-6.123950481,5.360857881,1.281013781,-8.702598976,11.45225556,2.355217788,-5.70438386,6.512107679,1.374692717,-4.450281095,4.893748273,0.654378785,-1.114413993,2.875292288,0.185288124,-3.709822907,6.291084238,0.871743619,-1.545078269,3.58739796,0.238139427,-4.67618244,5.192858821,0.645905764,-1.483704452,2.824728809,0.232738234
443,M,1,-2.64100686,1.873995643,0.833168774,-49.77078124,15.24285898,11.80229387,-8.58731894,75.24040999,9.782966769,-45.71067313,31.87725412,10.12516086,-17.64954255,30.91895449,11.50054709,-36.30463419,19.25540429,11.14740385,-13.06025276,23.95767268,8.022821158,-11.72139005,39.02254217,9.546021971,-11.03669771,23.73303229,7.029576865,-7.024978162,8.844661008,1.408781906,-5.304199495,3.831338791,0.816780545,-14.06520996,16.17623516,1.691519341,-6.067316079,6.843745144,0.808888073,-19.2086684,18.62073126,2.028062615,-8.448252706,7.607695021,1.134428579,-15.08727294,15.57765181,2.232898663,-10.39198836,8.976355521,1.350807828,-10.82736362,11.4968103,1.970250866,-5.758653017,5.360857881,1.158353445,-10.27143207,12.34692382,2.134280221,-5.645628888,7.153977335,1.277820471,-4.450281095,4.494288179,0.503422891,-1.105397803,2.875292288,0.165225774,-3.709822907,5.134659967,0.668050132,-1.131896797,3.58739796,0.224471689,-4.67618244,3.700321413,0.474592861,-1.483704452,2.824728809,0.18767909
443,M,2,-2.82868039,1.873995643,0.777973217,-52.26000403,14.41548124,9.410249164,-8.427130737,79.85721269,11.99667466,-48.3889068,43.33198727,10.91263672,-17.64954255,30.76077235,10.76135141,-36.93447569,23.54812986,10.79004684,-13.06025276,64.51027143,11.94111015,-11.72139005,30.43468547,7.7555071,-11.03669771,78.23092027,13.26019399,-8.339599926,8.532396418,1.375800458,-5.672944892,3.831338791,0.79296488,-13.45970383,14.13492878,1.401485693,-5.089554331,6.276881742,0.679509508,-12.46014245,13.95462978,1.808312009,-5.788320421,6.515346605,1.04382202,-15.90149948,12.2056195,2.236609295,-6.604718368,8.976355521,1.310788385,-10.0857774,9.182719937,1.948757261,-6.319056997,5.12974977,1.118633286,-10.27143207,12.34692382,2.089822301,-5.679092845,7.153977335,1.230281869,-4.423690801,4.934898295,0.477709254,-1.079478235,1.404544162,0.150420616,-3.508794164,5.11967045,0.561431742,-1.19518525,2.867526681,0.190557963,-5.70647267,5.804206883,0.507948399,-1.393974416,1.542809548,0.167114273
444,H,0,-6.698757282,1.309999091,1.108515054,-27.64481265,17.22385776,9.579185364,-8.48578434,35.02882627,9.708270973,-112.7161536,45.81839725,9.93431971,-62.95265968,58.83452815,9.591825885,-44.47133086,119.3561612,10.17388902,-11.67412402,33.97958543,8.193650006,-12.64008574,48.01666512,9.893563654,-10.48988383,34.90165275,8.107590549,-13.165648,18.35946728,0.967227125,-9.138880906,6.823015746,0.489626442,-10.61358629,14.60501242,1.232931303,-9.512428352,7.17404878,0.621667274,-10.80108426,6.370553854,1.028413899,-5.774640124,5.337142033,0.509768474,-41.69096586,49.71020914,2.834710457,-24.48346902,33.27952257,1.797784452,-27.46696365,25.60859172,2.085008972,-22.02831488,19.50923766,1.344754267,-51.23038791,46.01498984,2.899626222,-35.58916314,25.00012358,1.991697483,-2.063956749,2.154976671,0.400472274,-0.393797233,1.141241682,0.074747592,-3.700405478,3.729761979,0.588854591,-0.660813094,1.910787266,0.131790393,-2.099137764,2.169606876,0.391500227,-0.403899149,1.482180143,0.086950064
444,H,1,-2.676635802,3.397708146,0.84137413,-24.63125048,13.23180545,9.43627824,-7.565244292,44.15063027,11.30717829,-112.7161536,80.07791825,10.36430117,-62.95265968,43.27033039,9.62058413,-26.56376593,119.3561612,9.927873746,-11.01824806,45.7766994,9.50284709,-11.84711729,46.64425005,9.284933761,-10.24645038,46.01155366,9.553285499,-17.07103393,14.89266461,0.753115111,-8.912026876,8.713804465,0.424929442,-6.599267485,6.499938574,1.00485013,-2.609766317,2.393837943,0.444435272,-7.396401628,6.370553854,1.113932029,-3.392005713,3.399509886,0.534399373,-41.69096586,49.71020914,2.988602723,-24.48346902,33.27952257,1.848573643,-22.84971882,25.60859172,1.92113984,-13.22746517,17.56967736,1.126669618,-51.23038791,46.01498984,2.79154239,-35.58916314,28.70430672,1.853605757,-2.567315823,2.170030578,0.474450864,-0.460389802,1.141241682,0.082099577,-3.193063196,2.317808288,0.548316869,-0.632015668,1.630529026,0.130951445,-2.553498188,2.234442208,0.499190257,-0.470583183,1.482180143,0.101646378
444,H,2,-5.061070365,3.397708146,0.906151903,-28.86319353,13.2061356,10.04018029,-7.899839444,44.15063027,10.16642906,-46.55379076,80.07791825,9.808389058,-20.76944844,43.27033039,10.00740426,-27.11736006,58.5004399,9.54433365,-11.85963047,55.5856375,10.85543798,-12.74432183,46.64425005,10.32193227,-10.30207392,53.91839232,10.84014484,-17.07103393,14.89266461,0.76056773,-8.912026876,8.713804465,0.410774058,-6.389452803,6.483132912,1.02174158,-2.351964658,2.258720763,0.435860997,-6.809800352,6.311690548,0.960083381,-2.75457851,2.91665812,0.470610101,-37.88162699,34.68039353,2.626367104,-22.71466342,18.02818854,1.596455007,-21.7858072,19.62363194,1.75094478,-13.22746517,10.05788197,1.001898167,-38.86590279,33.36854481,2.25913011,-24.85528426,28.70430672,1.503626264,-2.567315823,2.339901506,0.521520941,-0.626503537,1.041974257,0.090729186,-3.306703766,3.001726548,0.595809602,-0.693203211,2.0466867,0.143792936,-2.553498188,2.510198373,0.533345733,-0.58505614,1.166741378,0.102401157
444,L,0,-3.633196519,2.218302591,0.881097521,-33.53353214,12.32914361,10.05952489,-8.990923173,30.79951532,9.738389271,-29.93447197,28.08425476,9.876518468,-15.87746567,33.077975,10.0259733,-33.03239104,19.73422709,10.80077511,-10.5932446,20.29497553,6.944763325,-11.61326239,31.23760622,9.789371031,-9.403579931,24.40450694,6.364135999,-3.5981455,4.022875022,0.559241764,-1.299123134,1.480987052,0.262640314,-9.132717433,8.695617714,1.160175637,-3.009220232,4.587217013,0.534790646,-10.07409212,7.340876468,1.106791465,-4.253930534,4.06793573,0.547643538,-10.33173081,8.65404044,1.883297135,-5.749685066,5.895106953,1.112640968,-6.984996113,8.737838106,1.44930995,-4.324088232,4.063095697,0.798795859,-11.10734114,10.22879661,1.678743679,-4.93622266,5.157484697,0.956422801,-2.362351825,3.436630464,0.283975907,-0.679101475,1.006895945,0.071132466,-3.071128097,3.942616398,0.449909893,-0.815505939,2.406594399,0.11221378,-1.904903147,2.866213011,0.29073306,-0.535942421,1.024293913,0.084268796
444,L,1,-4.729831466,1.558351449,1.022425298,-33.53353214,12.82316203,10.06764296,-8.718242481,46.59617023,11.62780644,-35.86206766,30.11125832,9.500902901,-18.73687035,33.077975,9.766907947,-31.8517088,26.90750962,8.776717884,-11.47710371,41.28122037,9.348752992,-11.61450714,28.07657334,10.16493712,-9.214401268,43.0658551,8.719834407,-3.811097447,4.022875022,0.534334683,-1.064605483,1.150388029,0.235863601,-9.132717433,7.605150654,1.053815245,-2.98480132,4.115348028,0.484583277,-7.235789349,7.340876468,1.022299066,-4.192326921,2.994796772,0.487323018,-10.33173081,8.390584659,1.881586418,-5.749685066,5.572138512,1.105175232,-7.914841713,8.986496144,1.370492908,-3.559039211,4.063095697,0.75634595,-12.47004717,7.253960956,1.570123508,-5.061023913,5.642663346,0.91445784,-2.362351825,3.436630464,0.366767006,-0.679101475,1.786051415,0.089098706,-3.071128097,3.942616398,0.457472603,-0.815505939,3.197154368,0.138690555,-1.904903147,2.866213011,0.32849454,-0.535942421,1.418717368,0.081067633
444,L,2,-4.729831466,1.433714157,1.09685917,-30.32480846,15.34216255,9.548889037,-8.718242481,46.59617023,9.911591111,-35.86206766,30.11125832,9.669640375,-18.73687035,32.48380092,9.550024927,-31.8517088,26.90750962,8.853417085,-11.47710371,50.35604325,11.14763107,-12.09998681,28.07657334,9.32857415,-9.214401268,53.59331243,11.57104714,-3.811097447,2.729531584,0.524478171,-1.019417006,1.123161871,0.237511004,-9.478669453,9.036887913,1.003002109,-3.029625338,5.27893268,0.479944788,-7.235200253,5.662247351,0.77967132,-2.656233968,2.938797708,0.388017746,-10.28410573,9.658070512,1.867016475,-4.860309126,5.8873156,1.08789928,-8.111926543,8.986496144,1.350730344,-3.307963485,3.428410173,0.753640054,-12.47004717,10.97946854,1.661881521,-5.061023913,5.869283003,0.970455646,-3.826399501,3.453121986,0.433657618,-0.723016109,1.786051415,0.095124541,-2.87156496,3.497090206,0.414378592,-0.731388824,3.197154368,0.140663262,-4.077766213,3.162164197,0.440731515,-0.792819899,1.418717368,0.088620987
444,M,0,-3.789607786,1.359419355,0.925742452,-31.2540077,13.22334085,10.01578318,-6.062129385,64.13140772,12.24670583,-36.41283364,35.58559521,11.24056328,-17.92395883,30.97160611,10.99390184,-32.45302593,23.25419275,11.09212732,-13.1447407,38.27708161,9.759997862,-10.25510898,68.4149716,12.59543027,-12.01340151,40.38898083,9.461981165,-2.809995422,2.338860113,0.505735321,-1.172373509,1.015320173,0.218338999,-9.336055337,8.482013721,1.005152495,-3.066924904,5.797286322,0.464231571,-10.02357824,11.78218321,1.130502733,-6.227046925,6.586973488,0.609387491,-8.943747216,10.37979744,2.197842418,-5.995765955,5.461415278,1.299871216,-8.095685465,10.41586006,1.480152378,-5.643756294,4.0091985,0.817251465,-11.9449925,10.44617096,1.902551048,-6.169796438,5.200267126,1.094238575,-2.123323779,2.171703532,0.384306713,-0.517240835,0.564682667,0.067208053,-3.5571462,2.506590717,0.418324474,-1.204222477,1.783504399,0.106155718,-2.241252692,2.419622288,0.404977138,-0.542056796,1.061811268,0.081007322
444,M,1,-3.706915474,1.480055434,1.017472147,-31.2540077,16.4768713,10.5161321,-5.94188454,47.18652884,10.11476593,-36.41283364,35.58559521,10.4947758,-17.92395883,30.97160611,10.42821264,-26.47882324,22.17715604,10.02688133,-12.15052811,49.67528471,11.76040625,-10.10244145,68.4149716,12.9466577,-12.01340151,50.8705802,11.63674853,-3.994118443,2.416892784,0.55000746,-1.3096754,1.287195975,0.235733478,-9.985925283,8.482013721,1.17466823,-3.319736827,5.973010535,0.54245535,-10.02357824,11.78218321,1.270918918,-6.227046925,6.586973488,0.679316687,-8.526719524,10.37979744,2.291257755,-5.991017443,5.957268876,1.369390468,-8.095685465,9.690362637,1.521972695,-5.643756294,3.695694828,0.851973827,-11.12457254,8.208749722,1.921144532,-4.860044552,5.200267126,1.142295003,-1.551539135,2.171703532,0.438899706,-0.672275867,1.129191549,0.083242981,-3.5571462,2.179865484,0.507531294,-1.204222477,2.328906571,0.134164624,-1.56948648,2.419622288,0.442968032,-0.687509652,0.903760992,0.087800324
444,M,2,-3.706915474,2.245862096,1.082208376,-30.03203032,16.4768713,10.56325273,-6.088539255,47.18652884,9.268527349,-30.26415869,31.04232399,9.909050316,-16.1596559,30.93739468,9.73033262,-27.79045123,22.17715604,9.817368,-12.89638109,49.67528471,10.04357097,-10.01526212,28.63881239,7.740700592,-11.92025999,50.8705802,10.28764234,-3.994118443,2.416892784,0.575719944,-1.557404034,1.388901893,0.247852309,-9.985925283,8.265607129,1.201494729,-3.319736827,5.973010535,0.545356773,-7.69718822,8.286743875,1.087610878,-5.120570604,3.896121422,0.561818723,-9.455361314,9.627346643,2.248959283,-5.991017443,5.957268876,1.337022373,-8.37453033,8.493832366,1.535262726,-3.76976339,3.952043397,0.85483474,-8.217525859,12.24078482,1.914715056,-5.904210698,7.242937025,1.150811587,-1.567981033,2.109192292,0.391244679,-0.672275867,1.129191549,0.080076962,-3.058048957,2.179865484,0.434226349,-0.620504319,2.328906571,0.120283005,-1.807797398,2.127360725,0.399143789,-0.687509652,1.099151995,0.085380224
445,H,0,-2.182232989,3.891944223,1.095478575,-33.22248809,14.13782764,12.18215769,-7.906185754,67.84744721,13.43212549,-29.76149532,33.84414321,10.93155661,-26.09584073,38.53499672,11.96271165,-38.51021636,28.93770757,11.52348335,-16.48004017,34.74371578,9.645958936,-16.04735069,37.97731952,11.09052394,-11.31847097,39.63916307,9.375491096,-4.436245229,4.429386864,0.877209971,-2.972497216,2.957948779,0.471874915,-7.790450172,6.462638852,1.118280257,-3.385670001,3.360333512,0.525455832,-16.69664182,18.08603584,1.948145551,-7.537163157,6.738698498,1.071405112,-11.4768914,9.262148292,2.418108897,-5.919285434,6.641408664,1.440022058,-14.2502272,10.79616295,2.199393712,-6.716573293,7.646641774,1.250096931,-18.84212804,13.72245419,2.376820792,-8.804542095,9.35011281,1.421729917,-3.030915367,3.945274036,0.575471477,-0.895245035,1.274055017,0.146116625,-4.394150884,3.744312785,0.623586368,-0.880120781,3.47086719,0.181703881,-2.937976192,4.397834547,0.62014913,-0.998187335,2.839653565,0.186932706
445,H,1,-2.128262137,2.523557461,0.842717751,-30.14899502,14.13782764,10.09234306,-7.903390408,61.88683447,12.35260001,-29.76149532,33.84414321,11.22485338,-26.09584073,33.29953285,10.14928324,-32.27263044,28.93770757,10.97602862,-17.37423376,47.59369691,11.44999115,-16.16172206,31.11785696,10.14674395,-11.42710207,53.28045681,10.70754173,-5.004257257,3.285903084,0.847750249,-2.728429632,2.957948779,0.451358783,-7.790450172,6.914823767,1.175297044,-3.385670001,3.259483279,0.528971646,-13.80310319,14.11478886,1.734273436,-6.596557627,5.623422125,0.983094642,-11.4768914,9.262148292,2.371299581,-6.635844834,6.641408664,1.395673337,-11.31239184,10.54770263,2.267579616,-7.710207432,7.646641774,1.319121457,-14.4178758,11.52037449,2.365616872,-8.537969413,5.995214596,1.394402089,-3.053823626,4.208209409,0.667312997,-1.146382537,1.274055017,0.159746524,-2.967036381,3.908531647,0.617836068,-0.799251138,3.248609593,0.174581783,-3.669681359,4.420843872,0.711282627,-1.066382514,2.876960285,0.207563515
445,H,2,-2.435076716,2.523557461,0.845034394,-30.1427917,15.48729296,10.24647343,-7.903390408,60.08301516,8.970964682,-28.2255478,32.89708454,11.34805554,-26.79065226,33.29953285,10.48233044,-37.12493988,33.72932537,10.96555003,-17.37423376,47.59369691,12.17229572,-16.16172206,31.11785696,11.04536876,-11.42710207,53.28045681,12.09707487,-5.004257257,4.341873265,0.829135483,-2.480195838,2.163583917,0.457021582,-7.591586266,7.347876349,1.057494513,-3.230110283,3.061811384,0.482645481,-13.80310319,9.390469971,1.521463678,-6.596557627,5.623422125,0.894201517,-10.52612983,13.12432288,2.328734541,-7.122031713,7.037974459,1.383019523,-11.87253577,14.83838177,2.26750343,-8.956468676,7.494659841,1.340432907,-16.46108301,16.85687965,2.295050514,-8.577148712,7.550058154,1.395141744,-3.053823626,4.208209409,0.605220044,-1.146382537,1.104658418,0.140158158,-3.985840402,3.908531647,0.588817781,-1.042683869,3.248609593,0.18043475,-3.669681359,4.420843872,0.64257578,-1.066382514,2.876960285,0.16983309
445,L,0,-1.571393849,4.974747381,1.017679034,-39.93922925,15.20385933,11.67166131,-7.535924571,9.074077164,3.727828342,-29.66197508,46.50566488,11.33749176,-35.09699887,40.27364545,11.57260377,-33.55297306,38.56483798,11.07730321,-17.64157208,47.93128221,11.3654068,-13.25626374,60.90992806,13.23829539,-15.48224931,42.29864442,10.77049479,-4.102747126,3.991004947,0.81725632,-2.319989326,2.286299654,0.461670508,-8.794413397,8.736478618,1.255461174,-3.811788867,3.816167273,0.573884891,-3.716592075,5.314263649,1.066882406,-2.953109664,2.512161226,0.700972234,-13.6964803,15.80692686,2.479593858,-9.305460123,7.64404645,1.484536371,-15.61933921,13.3871031,2.981109444,-8.728048577,9.765425792,1.765730445,-15.74321559,14.6198798,2.687754736,-9.84745096,7.384239657,1.665852684,-2.828195716,3.782152772,0.546799656,-0.973242354,2.03005344,0.166111576,-4.973838006,3.978357559,0.628402607,-0.734285906,3.381971324,0.172970449,-4.382333472,4.203858124,0.624969351,-1.147519711,2.637416382,0.207518474
445,L,1,-1.624556246,3.802163102,0.880398921,-35.02901658,14.94016604,11.02710556,-7.161724555,151.2261943,11.84187925,-29.36688244,24.61372767,10.81783688,-35.09699887,38.97864047,11.29267005,-34.25973631,31.33920278,10.62480073,-17.90422962,37.46849069,9.728069155,-12.88492888,34.28165613,9.950216345,-15.48224931,40.84447709,9.908352508,-3.990819675,3.334627139,0.750204725,-1.937327851,1.932261151,0.41499027,-8.794413397,7.128487417,1.164170285,-3.811788867,3.096572139,0.533335334,-32.52734601,26.57658504,2.095889153,-17.46454768,14.64140976,1.187817663,-10.68076734,12.88890318,2.379202048,-8.495820634,6.32040614,1.442382532,-15.61933921,11.88555968,2.738345076,-8.675459699,8.625379466,1.627053767,-15.74321559,15.56780118,2.585772303,-9.84745096,7.420124369,1.614220383,-2.531131588,4.4261753,0.568451853,-1.159473593,2.03005344,0.145812969,-5.018123661,3.53857084,0.478242415,-0.773605188,2.851939199,0.151159232,-2.530565614,4.696964642,0.595899824,-1.213094361,2.537173457,0.16711699
445,L,2,-2.248892542,3.802163102,0.993446749,-35.02901658,14.94016604,11.32851962,-7.161724555,151.2261943,15.83303649,-29.43383193,29.89910953,11.28285012,-36.92882201,38.97864047,11.36897152,-35.85721436,32.01844849,11.66635492,-18.12618234,37.46849069,11.80871524,-12.65727525,34.28165613,9.884677562,-15.40847091,40.84447709,12.29666434,-3.990819675,3.717665078,0.712802165,-1.937327851,1.633485091,0.38624577,-10.63977139,7.128487417,1.218831326,-4.083504351,4.492163962,0.537015649,-32.52734601,26.57658504,2.418749176,-17.46454768,14.64140976,1.292972777,-10.68076734,12.88890318,2.372270977,-8.495820634,5.866108608,1.427014218,-14.16658957,11.88555968,2.464945255,-6.382833442,7.112775003,1.448743617,-12.51809427,15.56780118,2.598486935,-9.142315575,8.946268485,1.620346388,-3.508478736,4.4261753,0.627582242,-1.159473593,1.573176798,0.14706973,-5.018123661,3.048488842,0.521403438,-0.773605188,2.851939199,0.153949903,-3.07066362,4.696964642,0.635557862,-1.213094361,1.851034644,0.160733744
445,M,0,-2.025884827,3.271095267,1.097418567,-30.81883153,13.31588763,12.02168692,-10.68206256,45.25728178,10.44817698,-29.83008678,30.53813803,11.44444315,-31.82690015,35.68603866,12.39675232,-28.75188789,38.18463964,11.24691382,-17.59105533,29.11139218,10.22154203,-16.1685235,44.82796705,13.03911826,-13.74803164,24.9015018,10.34782119,-6.59400364,4.54178829,0.865698804,-4.193362674,3.45779255,0.489459689,-7.047277731,7.506615293,0.999615996,-2.672360693,2.685374912,0.446523699,-12.14426624,12.8187873,1.795320813,-8.038107333,5.422919558,0.99883219,-13.40898844,10.82207081,2.286722447,-9.193896062,8.400264485,1.388610112,-12.5871353,12.74041354,2.089241118,-7.553991798,6.594719832,1.219613856,-11.87265509,17.56875252,2.625878715,-10.09121056,6.615744793,1.614634459,-3.603153974,3.974260037,0.503012851,-1.067403253,1.894822292,0.143735244,-4.116543409,4.509487901,0.73995099,-0.868115058,3.950434742,0.215662412,-3.131014759,4.817552077,0.50143551,-0.962028148,2.585792676,0.157183232
445,M,1,-1.75372388,2.692800106,0.835508009,-31.90507464,15.26164009,10.55415145,-10.78232816,49.03322168,9.63893522,-33.91218058,28.11696576,11.96061194,-31.82690015,34.09150762,11.53008805,-28.75476527,34.9583795,11.33465335,-17.59105533,45.49141326,10.3221512,-16.1685235,44.82796705,11.47515947,-13.74803164,44.80559351,9.731445587,-6.59400364,4.54178829,0.81277184,-4.193362674,3.45779255,0.469713231,-7.115182322,7.503798078,1.122509373,-2.307009883,3.109799813,0.51611452,-12.14426624,12.8187873,1.684669921,-8.038107333,5.422919558,0.935203768,-13.40898844,10.82207081,2.508759251,-9.193896062,8.400264485,1.515208901,-12.5871353,13.80942418,2.362312819,-7.940370857,6.975429087,1.42270608,-10.97781001,12.28609725,2.633369993,-10.09121056,6.615744793,1.623488695,-3.603153974,3.979366763,0.574040139,-1.067403253,1.894822292,0.147972419,-4.116543409,4.509487901,0.667959668,-0.868115058,3.950434742,0.203465542,-3.525863887,4.817552077,0.594548284,-0.962028148,2.585792676,0.165927935
445,M,2,-2.670405294,1.059186274,0.927616351,-31.90507464,15.26164009,10.59881821,-10.84455572,122.295023,12.75613458,-37.28787048,30.86747997,11.40808201,-27.88384413,31.84931763,10.38030222,-35.87683492,33.14731377,11.66969915,-17.5226198,45.49141326,12.19485464,-16.02548553,34.90313429,9.879987247,-13.00839346,44.80559351,11.95661588,-4.630682675,3.769918583,0.789971789,-2.272854381,2.178904652,0.440960404,-8.035481183,7.503798078,1.181293727,-2.647097779,3.461839787,0.536561435,-27.58832464,28.90926227,1.945678419,-12.59262681,17.37776392,1.027940953,-11.73766796,10.40144869,2.561794689,-6.90819646,6.762429098,1.534033032,-14.08369848,13.80942418,2.46409386,-7.940370857,7.455039132,1.477347445,-10.99203807,13.40039734,2.699846767,-10.1907965,6.596051265,1.644923145,-3.478724423,5.486322347,0.694466883,-1.662084432,1.833135585,0.164229449,-4.469447037,3.249096712,0.609912831,-1.016699666,2.510387896,0.194186751,-3.525863887,4.977444991,0.694460529,-1.654836179,1.576962389,0.169088119
446,H,0,-3.570147574,3.279987198,1.089220007,-34.03212004,21.19481005,11.69302905,-6.642568969,56.66857523,7.969539471,-29.93057828,43.23716686,11.43318631,-29.0002359,33.90290049,12.04990739,-38.2596598,30.33443842,11.55492112,-21.59418464,35.19632312,10.3911647,-15.38529033,39.42062064,11.05331266,-13.9364343,39.77572988,10.10551899,-6.620094583,6.105778239,1.170994635,-3.101950639,4.519452573,0.652789674,-9.866700495,8.173166074,1.511483357,-3.972963525,6.109115858,0.707255528,-10.9331902,11.56977722,1.414901128,-7.33607992,5.365876804,0.803361555,-15.22370055,16.1069984,3.130842764,-10.42745776,8.581981188,1.83669862,-11.7585975,13.7331052,2.325247573,-6.718474078,6.057359243,1.274995115,-17.53420417,13.0376637,2.525988971,-8.536975731,7.917558027,1.479975528,-3.428530604,5.755996869,0.674729908,-1.658086498,1.685211026,0.197359583,-2.52760249,5.543252993,0.512362876,-1.528907207,1.510352626,0.131614953,-5.080569145,6.839607335,0.893126937,-1.787204502,4.565360737,0.298682922
446,H,1,-3.570147574,3.279987198,1.045437433,-35.66494707,19.66393784,11.43804113,-6.642568969,85.88851943,11.27203799,-37.73622656,58.22205638,11.7707517,-29.0002359,38.04585125,11.4812767,-38.2596598,28.37980309,11.18746834,-20.94722913,35.19632312,10.67649353,-15.08068244,39.42062064,10.56342284,-13.9364343,48.95484847,12.50896244,-5.477960742,6.513152636,1.237737697,-4.036202746,3.947704272,0.673481542,-12.33153234,9.448108444,1.566566263,-4.926344476,5.687630826,0.730760794,-23.44614465,11.56977722,1.748390652,-9.657977632,8.553018142,0.92392423,-21.13338549,21.73549128,3.357709455,-14.19484455,9.961568964,1.968834688,-12.74981496,14.79739197,2.250225348,-7.293711779,6.365005414,1.255519206,-14.32914014,16.27547344,2.58972823,-7.554541128,8.587115098,1.532045576,-3.724584237,5.755996869,0.755722023,-1.658086498,2.884064617,0.226144598,-3.558997742,5.543252993,0.544805697,-1.528907207,1.925186148,0.149498655,-5.080569145,6.839607335,1.018540035,-1.787204502,4.565360737,0.335514184
446,H,2,-2.385007525,3.292716258,0.884089855,-40.02820928,19.66393784,12.3368227,-6.609873306,102.4928811,15.20675092,-37.73622656,58.22205638,12.55303997,-27.48943095,41.38606752,11.98911685,-50.79090613,38.02426746,12.18160051,-20.94722913,49.89205132,13.41932883,-15.17197349,52.27974725,12.6981102,-13.57397948,49.62564741,13.4693894,-6.076440302,6.513152636,1.218674495,-4.036202746,3.125438323,0.6355271,-12.33153234,9.507593026,1.692735144,-4.926344476,5.687630826,0.779702038,-23.44614465,14.90356083,2.100155606,-9.657977632,8.553018142,1.055311312,-21.13338549,21.73549128,3.619883494,-14.19484455,13.4297207,2.161341249,-12.74981496,14.79739197,2.451096214,-7.886425506,8.423902797,1.358151953,-20.17653399,18.16625136,2.763035968,-10.07216417,11.07715203,1.610694699,-3.724584237,4.888024994,0.735834056,-1.220302889,2.884064617,0.213600114,-3.558997742,1.950573925,0.487967767,-0.76851813,1.925186148,0.135574536,-6.525545991,6.503703078,1.01671009,-1.92901477,3.615625873,0.31353957
446,L,0,-2.401851455,3.286551436,1.037311216,-43.51087821,21.48394879,12.45167662,-5.855341447,131.1766985,13.82551916,-44.3130979,36.6480716,11.11112009,-22.3353045,39.05826408,12.32141876,-50.51946815,31.54701403,12.06624125,-17.19601239,44.5465997,12.45932043,-13.07852324,44.82052298,13.49835677,-14.20857965,45.1615818,10.63135574,-7.598393219,5.606474774,1.155004738,-3.637126887,3.856504812,0.6066241,-11.3024458,11.13410957,1.547423229,-4.352481371,5.703328282,0.71459533,-30.70810758,24.00391753,2.221249692,-12.78742328,12.20351758,1.252310535,-15.63057969,17.46536803,3.128158851,-9.917347767,9.332241284,1.895057613,-13.12465298,14.11923295,2.234378288,-6.974944774,5.529077085,1.199433826,-15.16205345,17.44203396,2.575768797,-7.730019631,9.383484231,1.494444105,-3.238694676,3.957226312,0.585724118,-1.030513516,1.744220964,0.148311146,-2.241966316,2.780402921,0.461240601,-0.735790446,1.558499646,0.109595153,-7.100608709,7.320681357,0.930743096,-2.149921311,4.746687375,0.29990172
446,L,1,-2.401851455,3.286551436,0.897083019,-43.51087821,20.16151512,10.41456785,-5.855341447,131.1766985,13.86422969,-44.3130979,37.41015855,11.29057535,-22.3353045,33.47205636,10.6160359,-49.81255796,30.49990039,10.85463397,-17.41205426,44.5465997,11.37020123,-13.24758499,44.82052298,11.76300826,-14.20857965,45.1615818,10.36498877,-7.598393219,6.755568838,1.145546433,-3.637126887,3.856504812,0.603368735,-11.3024458,11.13410957,1.425285361,-4.657546696,5.703328282,0.68497634,-30.70810758,24.00391753,2.15166654,-12.78742328,12.20351758,1.197480178,-14.96909773,14.03105032,3.01272376,-7.615395895,8.828961541,1.795720793,-11.32534538,15.01474239,2.037302246,-10.06055507,7.391844315,1.138177377,-11.69313771,15.6667392,2.476185211,-10.1762854,7.541788327,1.465264834,-3.675970745,4.275138473,0.539125047,-1.269718331,3.830091373,0.155527398,-2.09803717,2.780402921,0.44685994,-0.735790446,1.648743761,0.120851963,-7.100608709,7.320681357,0.853472726,-2.149921311,5.144089655,0.291150636
446,L,2,-1.986863173,2.350357026,0.857457897,-43.72791817,20.16151512,11.26569513,-5.716421146,85.13971342,9.972624022,-40.23336519,43.5000652,12.29389353,-24.93320978,36.27369529,11.53559324,-33.75428252,31.86434111,11.44514791,-17.41205426,37.35557801,11.25653385,-13.36631967,30.37738522,9.910851454,-13.99847158,44.87392088,13.04092431,-8.326460738,6.755568838,1.180600509,-5.296397796,4.285160249,0.638548418,-10.32597796,8.175790882,1.46548899,-4.657546696,5.491979372,0.687967979,-23.7794936,22.36893216,1.943096217,-15.20555264,12.53910704,1.149343902,-12.12536138,19.7471786,3.19637379,-9.347415196,9.367432969,1.886252248,-11.32534538,15.57114992,2.113743484,-10.06055507,7.391844315,1.185497863,-19.82233771,11.74833413,2.582499904,-10.1762854,10.10415988,1.537223608,-3.675970745,4.677910025,0.558242785,-1.269718331,3.830091373,0.173976486,-2.525266691,2.334398037,0.406836651,-0.651299441,1.721344421,0.125606961,-6.485679578,6.798203274,0.913284844,-1.784165287,5.144089655,0.279012862
446,M,0,-4.090203252,2.553033005,1.012505108,-33.88880399,21.72653198,12.49775904,-5.945295525,69.90323707,10.69843324,-45.21086727,37.38290769,11.20200528,-28.00621634,36.7504451,11.89792283,-33.26513524,39.89456289,12.55899785,-22.71916964,47.20707692,12.9938159,-17.1434315,60.84709467,12.5048234,-16.54925217,51.68195334,12.7944939,-11.53714841,7.952527575,1.925521977,-6.324829039,6.138833968,1.061830762,-14.07727423,8.923976778,1.620963429,-5.883139726,6.19555599,0.746854033,-16.38920503,13.29052834,1.640058458,-8.140495968,7.821935739,0.944991865,-12.70690617,15.64516561,3.015110689,-8.199402983,7.569119376,1.79335974,-14.70408423,16.66970975,3.019231285,-9.090888342,8.810268571,1.719552886,-16.88483785,16.18457133,2.700421581,-9.204844681,8.411579875,1.654086831,-4.557807196,5.527310451,0.732993876,-1.583492451,2.60192917,0.215416659,-4.307213266,3.974358236,0.619468988,-1.132021676,3.417100752,0.191002442,-5.31365164,6.829716332,0.828588594,-1.813760591,4.811588531,0.265367464
446,M,1,-4.090203252,2.167994125,0.969148414,-32.79792184,17.74312293,11.00196623,-5.945295525,122.517474,15.16061166,-39.7405274,37.38290769,12.48628227,-34.49271051,34.28900053,12.81498055,-31.31163529,33.74308501,12.31733438,-22.71916964,47.20707692,12.88920893,-17.39442747,60.84709467,12.81639534,-16.54925217,41.29132769,13.07944403,-11.53714841,9.34551105,1.992097903,-6.324829039,6.138833968,1.091104118,-10.26568748,6.676405002,1.332164352,-4.04166513,5.455886,0.617458596,-29.92026301,16.61892579,2.334763394,-11.58667,10.36075749,1.243830497,-16.89404575,14.39236071,3.063408553,-8.896925557,8.559585676,1.800329128,-16.7022075,16.65810885,2.814420543,-8.494196591,8.167418561,1.606519067,-18.80571871,14.89897805,2.777894488,-9.475225538,10.11610729,1.692454621,-4.557807196,8.914952091,0.865161194,-1.934690308,5.189968164,0.2934458,-4.307213266,4.073617299,0.738321562,-1.054056402,3.417100752,0.221700336,-5.598830978,8.871047086,1.002763668,-1.960583682,5.717871019,0.372454874
446,M,2,-3.164995721,1.974206259,0.874639404,-33.65412881,17.74312293,11.75711747,-5.880183859,122.517474,12.1782609,-39.7405274,36.25412661,12.77966831,-34.49271051,34.28900053,12.58933044,-34.0632744,31.84566357,11.99622927,-22.41087184,28.48782197,10.91641043,-17.54175503,41.3754608,11.03616157,-16.29966367,34.56908699,11.31593059,-8.559713923,11.56025025,1.828189415,-5.547827142,6.26399111,1.04158599,-11.09702046,6.613077547,1.376934184,-4.04166513,4.372270263,0.622716949,-29.92026301,16.61892579,1.958992415,-11.58667,10.36075749,1.037068782,-16.89404575,13.25095857,2.977214263,-8.896925557,8.559585676,1.746118894,-16.7022075,16.65810885,2.835207637,-8.494196591,8.989564316,1.618513475,-18.80571871,13.65555622,2.603155586,-9.475225538,10.11610729,1.621775777,-5.405542831,8.914952091,0.852726018,-1.934690308,5.189968164,0.307945162,-5.390464454,4.073617299,0.702237671,-1.369920013,2.703175391,0.206876752,-5.598830978,8.871047086,1.011629823,-1.960583682,5.717871019,0.405357463
447,H,0,-2.64616531,2.670580122,1.109760467,-81.4478773,16.67880972,14.79302634,-10.99699414,100.5431432,11.27959006,-38.4681674,40.27030825,11.47891961,-22.9494745,30.08771538,9.791487545,-54.90627289,25.02652949,12.3562391,-18.75639442,37.10311584,8.707758162,-16.82599843,43.75414288,9.774766059,-15.30291935,31.95209058,9.112095675,-3.226622426,3.887873557,0.657063395,-1.971836744,2.021710808,0.37180056,-22.03140351,19.96311626,2.489196206,-7.814576522,14.00580025,1.180157691,-25.62332943,23.41219035,3.28522701,-17.77008779,12.17994897,2.073395469,-13.61162621,14.4828551,2.983201909,-9.553875278,9.11065853,1.767097258,-11.68409643,9.391488689,2.151638364,-5.744081104,7.295594344,1.272950491,-15.34992525,15.27872276,2.451488857,-8.620713269,8.079344763,1.412756468,-2.923621238,4.565613233,0.546492305,-0.928337545,2.069109025,0.174368057,-2.755943279,3.741084215,0.510630187,-0.896720204,2.719770931,0.156143381,-3.814717289,6.541922385,0.868104217,-1.509054768,2.922739144,0.333068726
447,H,1,-2.64616531,1.832575271,0.970133561,-68.2365784,19.32548146,12.40801775,-10.57245982,58.4405967,7.629999241,-30.674019,40.27030825,13.22681837,-26.09725889,28.62566922,11.66374242,-44.24186193,28.77272457,11.51285576,-18.75639442,40.42787974,12.5273829,-16.82599843,45.3506413,13.89315038,-15.66539343,31.95209058,9.017409007,-4.472726135,3.887873557,0.77749455,-2.751221201,1.723416436,0.42211575,-17.5541591,19.96311626,1.736415371,-7.023218975,8.26265329,0.826089476,-18.59072853,17.65904676,2.599716143,-13.13220627,8.701805439,1.744237753,-13.61162621,12.98725008,2.978278523,-9.553875278,7.936772014,1.77318953,-12.80965022,9.27846872,2.329733627,-6.597838948,6.930019544,1.308989185,-9.581438098,15.27872276,2.30307121,-7.912230565,8.079344763,1.307354059,-2.923621238,4.565613233,0.641044896,-0.928337545,2.069109025,0.207229017,-2.755943279,3.741084215,0.587267428,-0.896720204,2.719770931,0.172926065,-3.814717289,6.541922385,0.989129675,-1.930330112,2.922739144,0.405033788
447,H,2,-2.306838968,1.946938737,0.753091287,-68.2365784,19.32548146,9.722703213,-10.77988791,167.5781872,13.02481971,-34.66857094,40.22331844,11.8452838,-28.34941296,35.73849646,14.24307067,-40.9961023,30.02259076,12.19980113,-19.31738679,40.42787974,11.45680677,-16.73598159,45.3506413,12.60554715,-15.66539343,28.38309206,8.811450776,-4.472726135,3.47603988,0.838447244,-2.751221201,1.723416436,0.448868608,-17.5541591,14.65026784,1.577026611,-6.477039305,6.9695301,0.805539028,-47.6247797,30.76492427,3.844169687,-19.57055535,17.5914494,2.22016849,-11.53506549,10.80900435,2.71389643,-6.111639525,6.44170308,1.635859281,-12.80965022,12.62978536,2.534335143,-7.334079249,5.566878909,1.415808903,-9.866764213,12.40023028,2.274832171,-5.36928783,5.24462322,1.279805665,-2.241285262,3.637633584,0.635679687,-0.908029451,0.955413148,0.213623579,-3.341869783,2.551863551,0.578462654,-0.8581495,1.818427902,0.170705202,-3.724901014,5.124462471,0.952996542,-1.930330112,2.18285814,0.397557615
447,L,0,-1.648267857,3.191865031,0.75374561,-104.5248591,18.8516144,14.59418835,-12.26167465,25.70357948,8.189825095,-47.71769996,52.81278146,11.79204652,-27.42061632,30.69688984,12.36333308,-51.78157171,35.74061804,12.37586429,-16.09691808,31.82435047,8.654411633,-13.07983574,22.48806896,7.461247325,-12.71446905,36.40063892,9.147840341,-6.278942999,5.869692115,1.00448332,-3.7857699,2.863967745,0.589406426,-21.54522074,21.47230594,2.335960696,-6.77350964,9.503477015,1.150638826,-14.7345377,10.61638657,2.649217018,-6.645610428,8.752176033,1.740716575,-16.15868341,20.81920166,3.033091101,-10.4753008,11.86031782,1.775311552,-11.30079313,12.21594269,2.719297694,-7.306889615,7.425336653,1.566918923,-15.4705953,11.56842259,2.810653534,-8.703983046,7.703479523,1.66642488,-2.515538737,5.359725425,0.702889875,-1.840993611,1.972785791,0.262100457,-4.470426325,4.871406751,0.698451432,-1.296217769,3.256888085,0.264751394,-3.759659524,6.320397019,0.851408363,-2.10716312,2.221464552,0.345817277
447,L,1,-1.230033358,4.081699208,0.709097295,-78.23849395,21.5667455,10.50217685,-12.00295708,146.9235862,12.52429287,-31.94018666,34.63489538,10.42742127,-32.95118816,27.4459255,12.65262606,-44.99518808,35.74061804,11.58133955,-16.18469661,53.99012685,12.47614005,-13.04546694,55.61805486,10.17747468,-12.71446905,67.87641188,13.37218284,-5.320930929,4.749333238,1.092976875,-3.196729904,2.811980454,0.624372841,-21.54522074,16.86164878,1.951074088,-6.77350964,9.265267181,1.055261778,-28.28042694,45.05075084,3.670980122,-23.76737291,18.20833646,2.219219029,-14.35709639,13.28657895,2.835845062,-6.389618094,7.530285586,1.69399241,-11.9526318,12.21594269,2.762583407,-7.306889615,6.668263787,1.586809344,-12.66194308,11.91810795,2.930919954,-8.703983046,7.703479523,1.791891041,-3.494176684,4.851678505,0.789104258,-1.421506171,1.738938658,0.286648031,-4.470578992,5.205293611,0.866830396,-1.029631434,3.516274819,0.3143164,-5.319214719,5.289314436,0.918202598,-1.600682795,2.73248585,0.359580626
447,L,2,-1.518145536,4.296279255,1.045565581,-99.92012753,21.5667455,8.865829833,-12.01109788,146.9235862,15.45951992,-41.27623313,32.02633265,11.88540512,-32.95118816,27.4459255,12.25387859,-54.98294356,34.03534584,11.76912601,-16.18469661,53.99012685,12.52628266,-13.13679476,55.61805486,10.97008662,-12.39623341,67.87641188,14.396552,-5.807113066,6.309725918,1.287349855,-4.013071567,3.313085142,0.710892201,-21.53257105,16.54523389,1.926049598,-5.97384047,9.473658615,1.056978833,-41.99938284,45.05075084,4.739716271,-24.41679314,18.20833646,2.743862248,-11.55197545,14.88928403,2.864549553,-9.517724534,10.01079183,1.742461485,-11.9526318,10.76883381,2.632174713,-7.134763081,6.668263787,1.524855287,-17.38526042,18.20023061,2.943095882,-7.769842023,10.07782449,1.77948508,-3.494176684,4.675895751,0.880703734,-1.421506171,1.738938658,0.307244228,-4.470578992,5.205293611,0.933127602,-1.124962942,3.516274819,0.326157953,-5.319214719,5.289314436,1.045315228,-1.600682795,2.73248585,0.379932124
447,M,0,-1.192858278,3.382460225,0.871948751,-79.72194297,13.93395023,12.87558113,-18.53802826,73.81266851,11.09483764,-41.57710278,33.66597692,11.33995933,-26.22943807,41.17062585,12.33675326,-38.67914756,29.98367447,13.23546747,-15.427733,35.3706985,8.56009858,-12.04649857,24.60839692,7.59885565,-15.25639168,49.13926543,9.903498617,-3.730797829,2.541708883,0.49700578,-1.908408092,1.298905579,0.282964705,-18.93214921,12.20344981,1.59954441,-6.370623255,7.861815519,0.735014483,-15.79962172,15.26369438,3.515280414,-8.322873806,7.813244072,2.233118293,-16.32577346,18.03861026,2.447970872,-10.08335947,7.821598416,1.416641991,-10.47016968,11.80478793,2.424072878,-6.168589291,5.701866856,1.396241441,-11.67044549,11.06568839,2.063805865,-4.674601589,5.388122855,1.185458279,-1.491922329,2.825248148,0.295030478,-0.5601312,0.702411712,0.098854471,-1.195685544,1.645486865,0.25502108,-0.361044627,0.419274321,0.073951452,-3.565921687,4.926844784,0.563543582,-1.86760027,3.483829765,0.218346418
447,M,1,-2.445928454,0.48846512,0.56005806,-59.30340033,15.58322724,10.82045272,-19.68661525,73.81266851,11.21365358,-51.97868586,30.6340221,12.74323784,-26.22943807,38.46365286,9.463198395,-41.91085116,28.33997525,10.00839221,-15.427733,25.99888957,9.569233283,-12.04649857,30.79908458,9.266768371,-15.25639168,23.09141965,10.06486707,-2.340870406,2.056452356,0.434265346,-1.31902159,0.976187976,0.248976871,-19.89580778,16.38104315,1.750650694,-7.483080187,12.5706257,0.882461052,-15.79962172,15.26369438,3.49877451,-8.042227168,7.813244072,2.214303594,-17.96039437,12.62719816,2.59479592,-6.243772991,9.934922525,1.450711493,-10.47016968,10.73053977,2.349299823,-6.168589291,6.284643181,1.386817736,-8.830038255,11.06568839,1.976135588,-5.199365594,5.764375701,1.154560254,-1.64138909,1.978474384,0.328135036,-0.5601312,0.702411712,0.110567868,-1.932983007,1.645486865,0.335028822,-0.528335563,0.693896225,0.095557783,-3.565921687,4.00891867,0.604772776,-1.86760027,3.483829765,0.257174924
447,M,2,-2.642621452,5.49521968,0.918725268,-81.54049131,15.76504899,12.62217145,-19.68661525,114.114456,13.1464529,-51.97868586,33.54157605,13.22703467,-29.35133249,38.46365286,11.9131269,-53.09898699,26.54124526,11.03323501,-15.23789869,36.4606864,9.505566149,-12.78688533,38.4497066,9.88981135,-15.03613796,40.8603892,12.97727881,-3.210813322,4.848512113,0.633505494,-1.72108772,1.853063417,0.330743671,-21.6516201,17.86000528,2.016193537,-7.483080187,12.5706257,0.993183934,-34.82891546,37.78833667,3.892639777,-24.50707292,16.51728637,2.386798517,-17.96039437,14.60741593,2.9512554,-8.104750564,9.934922525,1.707309625,-12.30964706,10.78733968,2.472228873,-5.633645568,6.284643181,1.42079599,-9.015338234,11.05195078,2.1878222,-5.199365594,5.764375701,1.27328009,-3.122633274,4.460159486,0.490795924,-0.740295826,2.163549575,0.160723124,-3.198662568,3.07243722,0.478191735,-0.714102292,2.446193082,0.150620829,-5.52782532,5.721580354,0.807906918,-1.412212639,3.691137154,0.300945772
448,H,0,-4.855891049,2.718450638,1.171762081,-34.94633064,12.99462763,8.938002889,-4.711288116,118.0837534,12.71340684,-37.67746962,38.25961858,11.73390824,-28.51388306,32.81600409,8.599124177,-31.2309727,33.31360235,9.152323754,-13.88759449,32.77835758,7.091394118,-17.7513031,17.84946692,8.647222644,-10.47619239,34.75365819,6.19227513,-7.057840676,6.466360686,0.864559713,-2.917824846,3.945051647,0.480161569,-11.002171,6.82561537,0.832492599,-3.66516754,4.712917376,0.378192685,-20.81879779,20.80636073,2.154038895,-8.426406494,9.116485847,1.085566971,-9.887690971,15.7463598,2.451023705,-6.505349976,6.947857446,1.446094187,-9.230602721,11.57021962,1.384818739,-4.69690886,5.598551675,0.795543219,-11.54414191,7.598289272,1.392152561,-5.170457183,4.026674363,0.831001144,-5.1146824,6.464994484,0.344369219,-1.561998863,4.426670849,0.124024636,-1.268972416,2.048090499,0.234408986,-0.563277218,0.577827311,0.075982093,-5.054078216,6.019521906,0.326492526,-1.452786152,4.452074275,0.122681056
448,H,1,-2.497278349,2.097670228,0.802635688,-32.87990391,12.16714951,12.78816133,-4.800817932,118.0837534,11.71785092,-34.84621656,40.72457463,11.56329255,-28.70852451,32.45769956,12.43332555,-36.19639116,33.44542344,12.32851629,-14.27088744,52.16488072,13.85666241,-18.22310093,34.2648058,11.74845894,-10.55971904,49.52448654,13.79651999,-6.684702674,6.466360686,0.973922228,-4.158954097,3.945051647,0.542086612,-8.173444817,7.330504986,1.026323631,-2.716779935,3.702776213,0.430573271,-18.86129714,20.80636073,1.996452437,-8.426406494,9.116485847,1.003959067,-13.35369256,15.7463598,2.500003968,-7.981802905,7.002213445,1.444948557,-11.08327237,10.54869266,1.650918639,-5.178881858,6.483280652,0.934720535,-10.65267295,12.36140967,1.642850699,-7.678874305,5.299470363,0.962377193,-3.121835147,4.590820806,0.519093738,-0.731233181,1.085300199,0.098629767,-4.225211732,5.964756804,0.62711235,-1.045160653,2.269847851,0.154361444,-3.474357237,4.134271648,0.504802378,-0.647652113,1.349449741,0.096490395
448,H,2,-2.497278349,2.72068113,0.895391074,-32.87990391,12.13362969,12.90001366,-4.800817932,7.2241605,3.283987014,-37.40707976,40.72457463,10.93071449,-28.70852451,32.45769956,13.20909647,-36.19639116,33.44542344,12.95580607,-14.27088744,52.16488072,14.52825161,-18.47625648,34.2648058,13.04063222,-10.55971904,49.52448654,14.91047018,-6.684702674,7.5301633,1.104313627,-4.158954097,2.81571161,0.592888637,-9.053114849,7.330504986,1.067347117,-3.764563366,3.631086613,0.454563822,-3.336686744,3.167654415,0.888368799,-2.287837753,2.171287249,0.60694686,-13.35369256,11.92705187,2.489690893,-7.981802905,7.002213445,1.460412661,-11.08327237,10.54869266,1.797101688,-5.178881858,6.483280652,1.008652717,-10.65267295,12.36140967,1.822759508,-7.678874305,5.299470363,1.056104063,-3.121835147,4.590820806,0.567649033,-0.731233181,1.085300199,0.105926168,-5.535018605,5.964756804,0.718459847,-1.34107011,2.338661169,0.18371023,-3.474357237,4.134271648,0.552262,-0.647652113,1.349449741,0.104467971
448,L,0,-2.392496591,1.964846942,0.89016558,-38.02497191,14.95283787,12.2267293,-5.01435302,58.14542893,8.522364631,-37.07888506,34.07094842,12.12325726,-20.68265801,34.49899854,11.26244923,-32.26142253,22.18705625,10.9539173,-13.00580476,40.11586743,12.62960197,-13.39688078,43.37879864,10.47089602,-11.53201756,40.33785093,12.55516493,-5.480015315,3.516053264,0.671483951,-2.138472427,2.442699957,0.367885809,-12.16837778,9.810925729,1.101271462,-4.657196617,4.743569741,0.488821969,-7.472297036,11.65832125,0.981065563,-3.574711197,3.543450162,0.490027651,-12.73452367,15.72408391,2.41334838,-7.670407771,9.224190518,1.423791876,-6.672964366,9.677555982,1.416673042,-4.743889429,4.00866648,0.807579585,-9.835107568,7.855822619,1.495726788,-4.338904397,3.751568212,0.855601791,-2.840870686,2.852819102,0.321478761,-0.426792996,0.636352561,0.066039182,-5.508588216,5.040413185,0.63116658,-1.257773967,1.463143609,0.162735691,-2.76483607,2.547925345,0.32537818,-0.418176126,0.537746534,0.067432303
448,L,1,-2.392496591,2.013427949,0.999699283,-38.02497191,14.95283787,13.81466585,-5.065031162,64.03820013,8.570634497,-37.07888506,30.5931978,10.71493306,-21.54710929,34.49899854,12.66886747,-32.39300295,26.84717797,13.10521059,-12.90768088,40.11586743,13.94442834,-13.28673485,59.63763906,13.32589197,-11.88595635,40.33785093,13.94014838,-3.845108732,3.516053264,0.680754028,-2.003438479,1.854158735,0.372960618,-11.43534508,9.810925729,1.122663031,-4.657196617,4.416856949,0.511406383,-12.58491857,10.11419784,1.149798915,-4.540025513,5.284300197,0.57983716,-12.73452367,15.72408391,2.510710456,-7.670407771,9.224190518,1.502496931,-9.849203618,9.677555982,1.434038362,-4.743889429,6.218693707,0.829597067,-9.835107568,11.16065544,1.527645687,-6.697119843,5.095653769,0.884474694,-2.840870686,4.507090923,0.403431844,-0.892407759,1.1240154,0.086073287,-5.508588216,5.040413185,0.754388575,-1.257773967,2.550883549,0.191334787,-2.76483607,4.511457958,0.424153543,-0.902638065,1.717720393,0.093313932
448,L,2,-1.92691351,3.169665662,1.144435632,-37.57186435,14.80551492,10.83644019,-5.142466722,74.47093945,14.11136846,-30.90412396,30.82664774,10.57283553,-24.27493645,31.97912806,11.58164495,-32.39300295,26.84717797,12.06330882,-12.83928328,38.62604123,10.22084398,-13.28673485,59.63763906,12.37203895,-11.88595635,38.76534196,10.17876882,-3.065501974,3.27756447,0.63690315,-1.935272915,1.888693333,0.359905679,-10.31443428,8.974828901,0.810180704,-3.576849923,3.525019712,0.382832872,-12.58491857,10.92735472,1.506151867,-4.540025513,7.335463462,0.733644106,-10.41146928,12.89023128,2.422823009,-7.44787414,6.076308125,1.472187905,-9.849203618,8.966390666,1.362532213,-4.275919928,6.218693707,0.791982034,-8.972893433,11.16065544,1.500018169,-6.697119843,5.095653769,0.884980399,-2.295821808,4.507090923,0.330110135,-0.892407759,1.1240154,0.077849058,-4.961356582,3.658606443,0.665511156,-1.082844184,2.550883549,0.17155073,-2.170885988,4.511457958,0.347735857,-0.902638065,1.717720393,0.084019492
448,M,0,-1.422656016,2.486470107,1.020921062,-35.85994122,14.9874962,9.220177439,-5.946459644,60.86798512,13.32866344,-32.07464171,27.29176158,10.74539112,-18.66431151,33.41473919,10.46814476,-32.18796506,24.12991026,9.957297942,-14.10120339,37.41823116,8.414435994,-12.41634106,43.95167005,10.1406767,-11.02441032,36.34783736,8.134390161,-3.230391403,3.700694946,0.75287007,-2.106924058,2.377591859,0.438944458,-10.68474909,9.000152235,0.990804864,-3.72172448,5.574475372,0.465221891,-14.0135613,19.41900652,1.724068943,-7.660156686,9.879092491,0.828989832,-10.94922283,10.56696308,2.255488104,-6.369296792,7.547255793,1.3521717,-6.176317014,9.411299685,1.447859022,-3.638935162,3.994142128,0.785064364,-10.44466408,8.32787082,1.626585523,-4.813621588,4.250822016,0.926554204,-1.953740013,3.506959304,0.2991683,-0.893690426,1.192850885,0.077326355,-2.880686453,2.293633417,0.391102658,-0.969269252,1.373948504,0.107313688,-1.983475254,3.799623085,0.275657902,-0.93211809,0.913421805,0.075279226
448,M,1,-1.537240794,2.486470107,1.155956717,-36.00011211,14.08342446,9.234725531,-5.80362952,60.86798512,12.98869348,-34.98796635,37.79471538,11.23514445,-20.33054755,36.84380807,10.15456689,-32.0232941,22.29648258,9.982711833,-14.10120339,40.3832896,9.526163206,-12.41634106,43.95167005,12.53219479,-11.02441032,39.77972214,9.280738333,-2.770724955,3.431998799,0.674491102,-1.984872723,1.958518968,0.38898662,-10.13788475,9.000152235,0.830202479,-3.577565445,5.574475372,0.406958288,-14.0135613,19.41900652,1.723552558,-7.660156686,9.879092491,0.840968665,-9.454661422,8.634370131,2.224471521,-5.997731123,4.945754927,1.333671978,-6.521062541,9.411299685,1.320529871,-3.586771366,3.994142128,0.735725907,-10.44466408,8.32787082,1.567535749,-4.813621588,4.250822016,0.903930154,-1.953740013,3.506959304,0.303360025,-0.893690426,1.192850885,0.073732646,-2.880686453,2.293633417,0.458521716,-0.524043038,1.373948504,0.103545703,-1.983475254,3.799623085,0.290348801,-0.93211809,0.913421805,0.076592048
448,M,2,-2.426405885,2.127084173,0.920960366,-37.64366343,14.70506702,12.94943279,-5.882120006,68.80653443,9.81838618,-34.98796635,43.99862781,11.45586561,-20.33054755,36.84380807,12.21150976,-34.84083684,26.41200359,12.72795462,-14.31190056,50.68554924,13.95861034,-12.51335399,46.82945167,12.9086712,-10.8280849,49.99218684,14.04918616,-3.759145413,5.274709486,0.767637332,-2.15605894,2.129583505,0.422270047,-8.224757784,8.675724385,0.950382146,-2.557509092,3.018193101,0.413347814,-14.37776061,14.10858189,1.305220506,-5.548669404,5.39033305,0.666678012,-8.881063506,12.31492046,2.39644134,-6.747256782,6.11124876,1.434753718,-7.968891348,12.424986,1.459127167,-6.659789205,5.343028242,0.82093714,-12.04311232,7.903738556,1.706166372,-5.882030371,3.944116775,0.981321937,-3.115642346,4.143753484,0.519719588,-0.803162985,2.016719815,0.112611764,-2.880354419,3.203146352,0.557425634,-0.782164497,2.141556988,0.134686805,-2.960089247,4.706747876,0.509769207,-0.740712296,2.808585974,0.118955771
449,H,0,-2.508839824,4.930119147,1.204063897,-31.26633482,14.95817073,10.87605099,-8.627908981,43.64993539,11.20292015,-37.38152416,31.48806173,11.16646455,-21.00382879,38.28748528,10.8839354,-26.52009501,25.23963368,10.07440173,-8.989628306,55.35628996,12.57252103,-7.93638744,68.86323482,13.59585119,-8.717304767,47.57388088,11.66976113,-6.433585366,6.08826338,1.231603307,-3.478579174,3.027339637,0.693248256,-9.024471061,8.224158101,1.157372694,-3.411823755,3.351331099,0.515683303,-10.98221876,9.132762438,1.197922462,-3.853165178,3.770825577,0.536353729,-10.87195141,12.44859518,2.522299371,-5.835523795,5.824784028,1.47770664,-12.46011516,12.20211977,1.981491536,-5.802117481,6.956572046,1.117075635,-8.888723527,10.83078314,1.955345943,-6.265900477,5.854820596,1.200265772,-4.699360411,6.545511294,0.745403796,-1.394781101,4.420425729,0.195482833,-3.334898614,4.048236844,0.597001755,-0.943078817,1.681969584,0.150828928,-5.730781846,8.970316238,0.86165486,-2.217238227,7.190920063,0.266842644
449,H,1,-2.508839824,2.043573912,0.875436989,-30.4255706,13.11198618,10.16237049,-8.776084613,33.17133419,8.816642046,-36.05434577,28.91048239,9.616783618,-18.13345466,32.18908433,9.24046436,-25.87382485,25.23963368,10.26349228,-8.989628306,32.97834323,7.79285488,-8.484905908,24.88483529,6.153561865,-8.948012847,36.32713529,8.682961385,-4.741465953,4.98445499,1.215891461,-2.867109171,2.974641818,0.712141852,-8.560363648,8.224158101,1.074415121,-3.411823755,3.262306646,0.463689632,-8.220070682,10.1484082,1.028180968,-4.050948994,3.847071119,0.492413314,-9.268202922,11.98800883,2.352907935,-6.50876965,5.824784028,1.40808145,-10.0016899,12.20211977,1.762089986,-5.683929241,5.497005983,1.014662434,-9.147157079,8.58936525,1.881061393,-5.184352961,5.854820596,1.135287072,-2.948629277,3.955644314,0.53286618,-0.950433023,1.746824081,0.126657853,-3.295244416,3.99466671,0.504687084,-0.943078817,2.711702485,0.164503209,-3.020808677,3.711925718,0.582398021,-0.95285659,2.295307544,0.144890301
449,H,2,-2.281829804,2.683297708,0.765501368,-30.85838679,14.78972864,9.725251066,-8.824972038,40.63403832,9.14288623,-30.41411995,30.39260057,9.297213634,-20.88422227,32.17190328,9.559082732,-25.87382485,22.54231706,9.919054345,-9.507276806,32.97834323,7.794104911,-8.484905908,20.3823628,5.887361535,-9.03896973,36.94714195,9.009488149,-7.208531453,6.18337196,1.159714211,-4.207117064,2.948603532,0.663210315,-8.560363648,8.418792181,1.058642255,-3.202828564,3.965354706,0.465317383,-13.60448382,10.1484082,1.289425232,-5.329468988,5.418226876,0.600000873,-9.219089052,13.60546953,2.325873541,-6.576638276,7.017653216,1.398334889,-10.0016899,11.10658124,1.8730267,-4.841933015,5.125356363,1.081724865,-10.39862073,7.600282632,1.853198064,-7.151827701,5.559335374,1.139378568,-2.948629277,3.956463671,0.507919648,-1.060228292,1.174138116,0.1160124,-3.000886015,3.75551179,0.452922181,-0.642670015,2.711702485,0.160141709,-3.020808677,4.406132807,0.57396037,-1.177786802,1.456927078,0.129525329
449,L,0,-2.851440268,5.789975596,1.223589987,-40.63229422,16.81808624,10.65357468,-7.442629869,38.2975799,9.795012643,-37.68123148,26.7974661,10.54154843,-20.00698524,42.66172904,10.66695163,-29.65807808,42.43727392,10.93219189,-10.2403517,75.45080314,11.92922,-10.12849003,88.45510263,13.29137449,-8.893322578,62.76432719,10.95372648,-8.601906927,7.432215567,1.354347774,-4.129011163,4.281376545,0.791335417,-10.1393447,9.806644043,1.278156007,-4.596882744,5.003155303,0.555016027,-5.862382819,5.999254726,0.833496091,-2.585181595,2.752496225,0.455101225,-13.39745233,12.50105127,2.439098125,-7.448205289,6.796881439,1.425146488,-13.60104578,13.67004713,2.026089922,-8.402041373,10.1493012,1.125887857,-12.00991479,15.05312408,2.449763841,-10.33721706,9.028557677,1.574955939,-5.448177409,6.470662036,0.616666436,-1.242123301,2.046830774,0.151610874,-7.008828364,6.775876419,0.758854307,-1.48247607,3.494882705,0.179149322,-4.902542615,6.407034363,0.636065334,-1.331795492,3.83635693,0.194101279
449,L,1,-2.851440268,3.176470443,0.901047639,-39.67667245,13.92494256,10.2617438,-7.442629869,53.45982867,8.973190271,-37.68123148,29.46349048,10.52041082,-20.18841566,42.05197987,9.304279596,-27.97235881,31.0392322,10.0297089,-10.2403517,44.71696083,8.506536417,-10.00377467,31.03849817,7.875486231,-8.957429943,46.36966122,8.826198012,-7.699164098,8.102305925,1.389249901,-3.445531057,4.493393012,0.830188966,-10.1393447,10.8032134,1.332104626,-3.892767206,4.48741241,0.557652921,-15.90710625,13.49844837,1.290928871,-7.303700157,5.857789461,0.634439896,-13.39745233,13.6599183,2.366145909,-5.252425933,6.796881439,1.374439831,-10.4621684,15.4095828,1.866164786,-7.577463065,5.73678156,1.060371717,-12.00991479,15.05312408,2.402711584,-10.33721706,8.776256645,1.54705687,-3.566602726,6.373173428,0.559846837,-1.427853923,2.660910011,0.143027205,-3.709660837,4.576225104,0.513396592,-1.129755273,3.009366148,0.15606973,-3.372324877,6.545281947,0.571882875,-1.442576347,2.782658902,0.152938333
449,L,2,-2.044620573,3.176470443,0.724579559,-39.67667245,13.92494256,10.57484443,-7.447417151,56.67813612,11.38245862,-38.09998394,29.46349048,10.64114245,-20.18841566,42.05197987,10.46159689,-30.93140721,31.0392322,10.1508179,-10.56221052,44.71696083,9.416281932,-10.00377467,31.03849817,7.552309724,-9.147265392,46.36966122,10.39568934,-7.493678627,8.102305925,1.402269923,-4.721890299,5.135659141,0.8469983,-9.221524987,10.8032134,1.277419215,-3.892767206,4.48741241,0.543328547,-15.90710625,13.49844837,1.629908655,-7.303700157,5.857789461,0.758194974,-10.0816872,13.6599183,2.254801187,-5.199434906,6.133908107,1.33473278,-10.4621684,15.4095828,1.954795941,-7.577463065,5.73678156,1.114331248,-11.34093884,11.33796176,2.360132455,-7.507809096,8.275670521,1.492979017,-3.566602726,6.373173428,0.593425819,-1.427853923,2.660910011,0.141560632,-3.709660837,4.576225104,0.547583605,-1.129755273,3.009366148,0.163573926,-3.372324877,6.545281947,0.607299308,-1.442576347,2.782658902,0.149622904
449,M,0,-2.616401265,4.908263585,1.104735411,-35.98103704,13.72891415,10.88825738,-7.713754483,61.91871364,9.279441206,-29.74909958,22.97628013,10.03977574,-24.25144185,35.0569033,9.642456098,-24.41448129,26.52641259,10.36195539,-12.37667582,47.4132863,7.543917797,-14.11106303,77.90338533,12.25124949,-10.08521207,29.78297256,6.191257066,-5.580321333,7.798701168,1.538819938,-4.378217208,3.918957819,0.892388808,-11.23057945,9.157268064,1.409686448,-3.767772366,4.629339488,0.603497671,-11.67088972,14.29972736,1.299343795,-6.42957308,5.320729505,0.642895241,-7.681014886,10.77808985,2.109193564,-5.435763764,5.636033869,1.253101005,-13.72828557,15.39358211,2.279959299,-7.627167473,10.10146616,1.339666311,-10.86798045,9.238674276,2.065067745,-6.8494352,6.265747997,1.258432946,-3.293479665,4.212806963,0.547983378,-1.229982268,1.916904238,0.137077429,-4.599229444,4.460547237,0.646686589,-1.380275999,1.914290872,0.148409666,-3.415109014,3.934435997,0.548384704,-1.083799695,3.305158833,0.171313499
449,M,1,-2.616401265,3.200216276,1.032206897,-35.98103704,14.54952581,9.155662486,-7.713754483,61.91871364,12.40968834,-28.22914473,34.51670226,9.561748847,-25.08775115,35.26947468,9.049458128,-23.05280198,30.22658988,11.05819426,-12.64923161,55.19158673,8.194851502,-14.11106303,29.51459556,8.97949145,-10.4119275,53.28261163,9.067488189,-5.592277669,7.328977116,1.369230074,-4.378217208,3.774813063,0.793084977,-11.23057945,7.005805445,1.222366854,-3.699742402,4.629339488,0.518304591,-14.78304152,14.29972736,1.807102236,-8.012307575,5.320729505,0.84828898,-9.801417042,9.393423691,2.041801652,-4.69187895,5.094876559,1.196151201,-10.1306531,14.1290332,1.988457344,-7.821528129,6.065454267,1.152679687,-9.974317333,9.659571853,1.9687555,-6.146712033,5.781096129,1.191617641,-3.150570499,4.605543173,0.403671727,-1.129126917,1.73205078,0.103418715,-4.015553306,3.573721468,0.472995547,-1.137108172,2.404308784,0.151024343,-2.949836709,4.931454313,0.408195635,-1.154676007,1.326181618,0.106937079
449,M,2,-2.317931867,3.738136949,0.885079811,-33.75678353,15.27503528,9.874216801,-7.692702786,54.61200961,11.31854662,-28.68206186,35.27933326,10.67549446,-25.08775115,38.36586114,10.99921342,-24.90097454,30.22658988,10.24208,-12.64923161,59.10995095,12.63416152,-13.55525343,35.86196493,8.206097668,-10.4119275,55.39160603,13.34093302,-6.945507284,6.877471017,1.093218706,-4.14790177,3.204928714,0.628352238,-11.4028122,8.065918197,1.247595848,-4.158841664,4.815894964,0.533463092,-14.78304152,13.60638819,1.561550457,-8.012307575,5.21820035,0.762328517,-11.26192186,15.22010271,2.205193998,-6.46037309,6.938187641,1.258810367,-11.71080579,14.1290332,2.139562685,-7.821528129,6.065454267,1.194055095,-9.974317333,9.659571853,2.011259096,-6.146712033,5.781096129,1.22527498,-3.826442026,4.916269678,0.563545631,-1.129126917,1.73205078,0.122465199,-5.841968368,5.747957876,0.651104534,-1.137108172,4.256337323,0.208983247,-3.275621713,4.931454313,0.545075308,-1.154676007,1.326181618,0.11903706
450,H,0,-3.205348512,2.948929875,0.97565983,-32.43161565,9.736095193,11.55464085,-7.194137128,93.9978214,11.42294873,-41.41299229,32.81701109,12.49297549,-25.78626988,35.44252299,12.43972807,-32.34490694,42.91760795,12.46972173,-15.83447631,46.67538251,11.99851042,-14.9698327,44.23669506,11.74618174,-15.25978157,49.281353,12.00626024,-7.219305084,8.578589037,1.469194172,-5.210148125,4.170987534,0.809216589,-9.865529643,8.791434011,1.162896712,-3.369990874,4.264312116,0.479016468,-23.13133709,23.87240392,2.215056049,-15.22026111,9.475541391,1.25549867,-13.34988922,13.65007855,2.546081912,-9.53605396,5.805267775,1.441592265,-13.9726972,14.12905172,2.069365923,-6.103634965,7.308813668,1.18664836,-12.0600793,9.843593237,2.192296937,-6.364933948,5.82637646,1.238255469,-4.813947613,5.879135261,0.792705581,-1.112462261,2.709014692,0.203152533,-5.125305603,5.84925915,0.881387447,-1.187103976,4.371465068,0.247181714,-4.480737002,6.240393804,0.790359797,-1.251290955,4.099414966,0.238419553
450,H,1,-3.205348512,2.381309545,0.818255669,-32.5385142,9.535975537,11.83718106,-7.037727118,121.1553526,14.87669839,-33.08685796,32.41379315,11.67765775,-24.8150883,35.44252299,12.00542519,-34.02403566,31.7775715,12.13878195,-15.67760733,38.82178035,11.26595995,-15.62300359,48.75924433,11.74312454,-14.06699378,40.6804343,11.19466053,-7.96547235,9.003529998,1.534670393,-5.210148125,4.174449562,0.871573922,-10.14095541,8.791434011,1.246360187,-3.294809077,3.673001296,0.502242948,-23.13133709,23.87240392,2.61429063,-15.22026111,9.961811342,1.380266825,-10.48284678,11.16143826,2.398134821,-6.884486107,5.133743096,1.380722197,-10.35696635,12.31456737,1.99540005,-5.270150233,6.234608867,1.14132816,-13.06973916,10.00650623,2.112581598,-5.878633301,7.074795884,1.211424412,-4.151592452,4.54659291,0.734913414,-0.992989889,1.611236905,0.166687024,-4.526465746,6.695057909,0.862828477,-1.145258819,3.361239487,0.218166188,-4.480737002,3.965947889,0.738467585,-1.251290955,3.349089684,0.204184342
450,H,2,-3.656810383,2.381309545,1.012083915,-33.1080139,9.408016998,12.5378936,-7.207225622,121.1553526,12.72869944,-33.08685796,30.49431367,11.53885821,-23.10939467,36.65980495,11.61919814,-34.02403566,29.79114707,11.56836718,-16.07555213,38.82178035,12.16045379,-15.65239435,48.75924433,12.39336253,-14.23518675,40.6804343,12.13864673,-7.96547235,9.003529998,1.478953514,-5.041158362,4.174449562,0.82276962,-10.14095541,8.177946725,1.308385466,-3.294809077,3.670740515,0.525052838,-22.19042489,17.61347446,2.33553726,-8.795173412,9.961811342,1.267496878,-11.75131316,10.30672806,2.496120728,-6.973972395,5.670886489,1.439092531,-10.35696635,12.31456737,2.054023309,-5.270150233,6.234608867,1.167951236,-13.06973916,10.00650623,2.148169778,-5.878633301,7.074795884,1.239599567,-4.151592452,4.54659291,0.75257014,-0.992989889,1.155858906,0.169166606,-4.526465746,6.695057909,0.896622344,-1.081351808,3.701067241,0.2434692,-3.880101937,4.258383226,0.768160129,-1.152481288,1.761784086,0.200824699
450,L,0,-3.130743718,6.108287715,1.109437176,-36.56583655,10.34232017,12.02346593,-7.213317559,14.69958039,4.304413021,-31.87329704,41.63917229,11.72226227,-28.42220532,39.62927564,12.1734212,-37.67784141,34.80233658,11.71638599,-12.92013682,65.81970516,13.282032,-10.9658281,60.29356804,13.62985403,-11.27207152,67.56069454,13.15838952,-7.690799737,8.770700676,1.446401364,-4.524901687,3.920212985,0.786195634,-9.219034567,8.479923765,1.14598729,-3.154857488,3.555787307,0.467481028,-4.978609684,6.392800937,1.556827704,-3.379606057,3.401656234,1.048469351,-13.81634765,9.96188236,2.388063205,-7.165378118,6.976948904,1.405345449,-13.00645517,12.36354653,2.040063089,-7.447680811,5.916068437,1.164578049,-11.69568876,13.10440984,2.022490629,-7.998450228,6.00463191,1.150451808,-3.955938567,3.60135138,0.593838216,-0.794765494,2.201644384,0.126257262,-3.696568007,3.860331734,0.590837907,-0.770678893,1.989851646,0.132944076,-4.193032309,4.37849478,0.625688899,-0.837981218,2.379728255,0.153838809
450,L,1,-2.598852251,1.359191404,0.553733363,-36.02015652,10.34232017,10.72196115,-7.213317559,86.04760404,6.870393987,-30.65188457,37.22928128,11.70133444,-27.09136824,37.93138511,10.84184987,-37.67784141,38.54036722,11.65918569,-12.92013682,32.86828594,8.573039567,-10.98042327,39.0904927,8.179395962,-11.27207152,33.2960499,8.883903853,-5.069257678,6.787719999,1.274290719,-3.090171479,3.304125805,0.735205723,-9.219034567,8.479923765,1.03345854,-2.918708206,3.555787307,0.442197229,-19.28778803,22.65402961,1.844176191,-11.28952542,8.801513688,1.132070295,-10.77841299,9.375222625,2.262441209,-5.259476704,5.505964582,1.340913318,-10.31545111,12.45828348,1.951682907,-7.447680811,7.387537386,1.13358934,-11.21634784,10.48468716,1.923041821,-5.573904007,6.631464204,1.099807308,-3.534483848,3.400750919,0.473682287,-0.669337644,2.201644384,0.119818771,-4.297363458,4.099333866,0.524202127,-0.770678893,1.989851646,0.135333863,-2.83697083,3.228937776,0.487118988,-0.643032395,2.379728255,0.138989903
450,L,2,-4.188989395,1.470328511,0.88767414,-36.96987208,10.58558461,12.15151597,-7.230533558,117.9078092,16.43950343,-30.65188457,37.22928128,12.00075824,-24.94344646,42.41479746,11.71157846,-37.30234864,38.54036722,12.05754768,-12.73489916,38.63481232,10.67214796,-10.98042327,40.65708061,10.01486592,-11.12162816,38.45337585,10.81501308,-8.196418988,6.787719999,1.392136275,-3.059416852,3.304125805,0.782259969,-8.688019334,9.245166517,1.157105767,-3.019964024,3.531742965,0.494542087,-28.81485671,25.26509344,2.983867284,-11.61619936,11.45285072,1.551462459,-10.77841299,10.90984285,2.415362157,-5.625422192,5.505964582,1.424793087,-9.151730826,12.45828348,2.006778769,-6.486664484,7.387537386,1.148321775,-13.06881275,10.20440584,2.036497875,-5.483886781,7.159333187,1.1893487,-3.534483848,3.409781903,0.559938422,-0.560673761,1.355281231,0.129465993,-4.297363458,4.656681722,0.646213189,-0.661968917,2.613221011,0.160264554,-2.722287047,3.48085454,0.555046882,-0.509480558,2.049430796,0.152737732
450,M,0,-4.058550329,2.175252439,0.970641631,-38.57976276,13.25015316,10.7015036,-9.012502623,136.6219232,12.35592749,-26.49810556,36.33174518,11.69550496,-20.94992539,43.1576952,11.6553167,-31.71334295,29.56385946,12.09028316,-15.32777295,36.550284,9.379340519,-16.14646783,27.84718542,10.4383784,-12.87296012,40.4954629,9.968980098,-7.629087224,7.565558515,1.317956931,-3.351402741,3.446767752,0.720226522,-9.626588941,8.302865987,1.111716615,-2.741919814,4.2807364,0.467970349,-41.67444936,39.77777315,3.834011645,-24.47783925,20.41411183,2.234141616,-12.13240676,10.37405678,2.3866789,-6.331473778,8.29979778,1.419332087,-10.87624511,13.71357672,2.011684437,-7.636420291,7.063242839,1.176684953,-14.4180493,8.715082111,2.123694864,-5.451729511,4.948901968,1.239216862,-3.399392425,4.179175365,0.577843319,-0.986761704,1.894402874,0.138207992,-3.92066392,4.574312712,0.635635796,-1.031833849,3.340154143,0.19475555,-3.471151425,3.90372257,0.627804501,-0.848104914,2.549261987,0.167922906
450,M,1,-3.087267943,2.093512362,0.942482438,-37.82173621,13.25015316,12.94830295,-9.076299648,136.6219232,12.43640119,-28.63872051,36.33174518,11.96734893,-22.09628512,37.23274279,12.03127814,-34.14141948,31.8195378,11.98764768,-15.88988589,37.32580315,13.23837972,-16.14646783,35.8359673,12.07680701,-13.13334309,41.39874235,13.75239951,-7.629087224,7.044040042,1.441474849,-3.697372731,3.446767752,0.787215016,-10.67883784,9.073093687,1.369540246,-4.313647119,4.192573959,0.589587413,-41.67444936,38.1917815,3.819415268,-24.47783925,20.41411183,2.190284139,-12.13240676,10.37405678,2.682416463,-6.737459669,8.29979778,1.599730132,-10.70058248,9.163609509,2.010589738,-6.073594213,5.687810916,1.171989292,-9.94359055,8.715082111,2.266275664,-4.894701624,5.042601477,1.329808081,-3.399392425,4.179175365,0.731287973,-0.986761704,1.894402874,0.159149988,-3.811742185,4.574312712,0.759983767,-1.031833849,3.336984977,0.204382297,-3.897038146,3.680615803,0.767302345,-0.848104914,2.549261987,0.188524386
450,M,2,-4.489377512,1.960437359,1.042362128,-37.82173621,12.72333304,13.55307776,-9.076299648,122.6428001,11.78223216,-29.74808959,41.03991261,12.32881385,-23.07952685,36.67207937,12.58981742,-34.14141948,32.62958604,12.07846284,-15.90318487,43.52830135,14.41748472,-16.11139524,48.31711311,13.63901891,-13.19738511,41.39874235,14.06485294,-9.681337085,8.907954286,1.553473627,-5.489963625,4.781069559,0.853306367,-10.67883784,9.073093687,1.413021931,-4.313647119,4.192573959,0.61021073,-24.9840979,30.11545051,3.384104384,-16.50038765,11.54406977,1.926331492,-11.36024518,13.5318107,2.760052608,-7.677718338,7.312650517,1.642000156,-9.254074808,9.389208567,1.955504954,-4.761625273,5.568223405,1.113628249,-12.0519175,12.18601457,2.233754464,-7.560581642,5.506352547,1.34026893,-3.429564414,4.499791039,0.776418176,-0.806233346,2.649475302,0.155854341,-4.356534232,5.881580469,0.831371281,-0.957259295,4.458911338,0.200547374,-3.897038146,4.426084334,0.787129161,-0.78568527,3.000129466,0.182831843
451,H,0,-5.896216277,3.105411728,1.206889975,-34.10770769,15.72258354,11.34580456,-6.593327656,58.12525067,11.62875257,-45.38157698,44.36727948,11.9445795,-24.79983351,32.28723562,11.21282331,-33.34022232,29.40639165,11.30641898,-11.51634231,77.20726297,13.58324284,-9.95608472,76.76260662,14.68700489,-10.73877601,68.13652788,12.32457921,-6.436429378,5.39557343,0.818759409,-2.872629757,2.275991559,0.443151246,-10.68472839,8.404384707,1.347104809,-3.807097719,4.021735212,0.595155055,-15.75353767,16.69250682,1.485352334,-11.0047489,7.205014233,0.739116075,-11.77658993,12.74104513,2.819381285,-6.332789484,7.112179171,1.644540318,-10.43775151,9.052535663,1.749406474,-4.818366301,4.799618543,0.995148194,-7.905530631,11.22897594,1.944013001,-5.576366579,5.781178716,1.140594873,-2.944250066,4.094993117,0.62350044,-0.997524953,2.722450584,0.163807571,-2.928504701,4.280298435,0.568580607,-0.664634512,1.489790325,0.150027883,-3.361306435,5.634945395,0.744483039,-1.213537162,3.722588783,0.207912295
451,H,1,-1.423460443,3.105411728,0.955731317,-34.22520907,14.05685931,10.13146421,-6.593327656,58.12525067,12.8808612,-45.38157698,44.36727948,11.45876972,-24.79983351,28.01271148,10.67178956,-26.95265854,29.40639165,10.87470044,-11.84082548,30.38035772,8.768220748,-10.0679288,33.67125904,8.425327888,-10.40373019,35.29056331,9.1487685,-4.043682444,3.967120433,0.678401412,-2.373469798,1.884100676,0.377683585,-10.68472839,8.435564855,1.241620496,-3.807097719,4.021735212,0.552083287,-15.75353767,8.847918616,1.456988528,-6.437781756,6.293935916,0.691063087,-12.28761242,11.39995199,2.641925083,-6.221628553,5.602914249,1.55162954,-7.583484363,9.031502558,1.663329334,-4.120972929,4.590861952,0.958819965,-8.992851622,7.854797003,1.904767425,-5.748528439,4.319125345,1.128871523,-2.169094147,4.094993117,0.523716431,-0.997524953,2.722450584,0.146531112,-2.140941715,2.888095686,0.363427277,-0.746703614,1.857536451,0.122449246,-2.94940464,5.634945395,0.647920863,-1.213537162,3.722588783,0.191913503
451,H,2,-1.879494742,3.754360003,0.800293492,-34.22520907,12.86696037,9.692864311,-6.58628723,53.92858947,11.1063777,-34.95710335,35.85001769,9.986504233,-26.89533603,28.01271148,10.10697077,-28.01459501,27.04279827,10.60848937,-11.84082548,30.38035772,7.113016294,-10.0679288,18.72147072,5.977689873,-10.60014525,35.29056331,8.197810871,-2.94179299,4.268918434,0.685271368,-1.546588014,1.677468195,0.366607073,-9.738528851,8.435564855,1.158146366,-3.212645413,3.706888101,0.495933381,-12.99515447,11.33911583,1.27023425,-5.349017226,5.723208894,0.621667421,-12.28761242,13.5902976,2.680611444,-6.318901584,5.794786958,1.589170312,-11.02794367,11.15451403,1.775019604,-4.916275016,6.399644904,0.997321205,-9.208256257,10.23727628,2.029826021,-7.104379537,4.833345946,1.199230637,-2.753570464,4.558264283,0.552405056,-0.97074944,1.906875587,0.151333642,-2.140941715,3.384173112,0.367991004,-0.746703614,1.857536451,0.121312963,-3.23035503,5.002039613,0.677299205,-1.026387133,2.737322817,0.199485088
451,L,0,-1.172657392,4.125324327,1.116184456,-41.00999124,20.32550115,12.31814119,-5.116985332,71.48033071,12.27635779,-33.98814091,38.37289583,11.1878563,-28.41843227,36.49129266,11.57406561,-38.07622279,24.27899677,11.43892156,-14.31693797,54.60007909,11.65688852,-11.6981386,79.33688331,13.86467806,-13.1261045,44.59278642,11.01850489,-4.664855686,4.705098454,0.980127859,-2.401234417,2.435391513,0.50954723,-12.75321011,10.73545884,1.649166522,-4.319308639,6.001466811,0.728212193,-20.61873364,11.21347976,1.598021045,-10.32466023,8.564951668,0.82185696,-10.61637177,15.28432205,2.579951254,-6.914253952,7.571106093,1.53696585,-12.05509241,13.06107883,2.180687465,-6.152960907,6.076176368,1.196116236,-9.521617538,9.547246545,1.980230941,-4.884590018,4.847262683,1.140586527,-2.520839945,5.887426988,0.635749069,-1.24753249,1.852594755,0.172814035,-3.39932906,4.239270867,0.684045429,-1.03290548,2.180862206,0.181216828,-3.695954744,6.444925778,0.719447726,-1.35772589,3.157926741,0.214262528
451,L,1,-1.399024231,2.619129819,0.684567656,-38.52964745,18.54148414,8.704633441,-5.004880148,71.48033071,11.6077602,-33.98814091,27.79542774,8.693934363,-28.41843227,29.83664218,8.730608388,-33.52473106,22.52767688,9.242906883,-15.1771346,33.15169939,6.848750506,-11.6981386,25.16710688,6.62708028,-13.26312535,36.04215219,6.900464422,-4.558643463,6.327031796,0.870346004,-2.351679787,2.379951794,0.48010427,-9.099811192,8.215640006,1.11025388,-3.107688174,3.898514521,0.513602523,-20.61873364,11.21347976,1.431969525,-8.472086031,8.564951668,0.750095554,-8.683673227,10.9151942,2.205234907,-6.825883699,7.369863,1.361702946,-9.105654015,7.168691541,1.631822023,-4.161057909,3.917980089,0.942313,-9.44590449,7.189178373,1.615830289,-4.637245008,4.847262683,0.955685861,-4.129902854,5.121752534,0.440107152,-1.213840392,3.848103228,0.151529131,-2.886613493,4.072287385,0.405278461,-0.680923214,3.321668248,0.133469119,-3.983921386,4.782583057,0.494422854,-1.253088262,3.512396034,0.177871888
451,L,2,-1.399024231,1.941105885,0.811854693,-38.78967472,15.66917382,9.130536843,-4.921007448,5.944317461,2.9678452,-29.88991052,40.86875615,10.31227071,-28.61367041,35.98981065,9.33105313,-34.49495786,22.52767688,9.822406016,-15.1771346,37.42436915,8.023883228,-11.63602706,29.04658065,7.420557474,-13.60547769,39.45192429,8.234970861,-4.365732211,6.327031796,0.821455493,-2.351679787,2.379951794,0.453515822,-14.28387224,8.70383914,1.054990825,-5.035078349,5.645572849,0.492894549,-2.401454974,2.35254498,0.733159954,-1.730323006,1.781067802,0.507321647,-10.22015243,13.70714147,2.352793967,-7.259990603,6.526904267,1.422313878,-9.105654015,8.954103312,1.673171422,-3.77644438,4.264868814,0.96763429,-9.44590449,10.80990115,1.632020701,-5.12811266,4.467481398,0.962838783,-4.129902854,5.121752534,0.489264891,-1.213840392,3.848103228,0.155282944,-2.901222499,4.072287385,0.440732355,-0.88626485,3.321668248,0.16544659,-3.983921386,5.103592317,0.529564417,-1.253088262,3.512396034,0.177214443
451,M,0,-1.449976857,2.072223723,0.6987455,-40.7152413,14.8665105,12.25759932,-6.603255003,60.14197285,8.759654062,-31.40652648,30.76427399,11.25420099,-23.37736083,23.92391574,10.40685592,-30.55588124,19.09093159,10.75966856,-15.54422607,32.77634596,6.873998642,-11.76350802,44.94860413,10.51172245,-12.47740057,13.18762726,5.207408158,-3.11687315,4.807910137,0.660883137,-1.819624308,2.101476191,0.358370532,-8.516741269,9.747776939,1.316193462,-3.168655964,4.75650025,0.572281858,-18.92659712,9.640554166,1.019838138,-9.459170482,7.824377758,0.555875521,-9.969375231,8.514624572,2.198988132,-4.940966266,5.764780183,1.264917023,-9.255607064,10.22618375,1.81270396,-6.452443088,4.836623949,0.986864607,-11.03752515,10.03912125,1.675367925,-5.234566212,5.020850949,0.970786703,-2.575666773,2.763379703,0.318789151,-0.840528843,2.149878425,0.116633527,-2.157633182,1.691302689,0.259040916,-0.611501169,0.954382649,0.078101675,-2.997897937,3.906776169,0.407071001,-0.974075638,2.738454023,0.163791708
451,M,1,-3.707372352,1.926202697,1.027819531,-35.35751701,14.80862086,8.720261884,-6.490446779,60.14197285,8.493194224,-31.90516566,30.76427399,10.44856953,-25.83334298,23.54717314,10.55095554,-26.84342737,26.74859816,10.49494367,-15.54422607,27.56682184,8.658982975,-11.76350802,20.72070642,7.99686821,-12.30636587,35.86446003,7.96954236,-3.665932486,4.807910137,0.637477704,-1.819624308,2.101476191,0.341965749,-9.44009004,5.779906456,0.999389518,-3.266738308,4.482615929,0.469814005,-18.92659712,9.640554166,1.039137485,-9.459170482,7.824377758,0.565377256,-11.03246152,6.662980364,2.059016641,-5.386204191,5.300171872,1.227063737,-7.76683573,8.518586024,1.544568107,-4.650829871,4.568256636,0.900154407,-7.691224678,7.833482107,1.383675592,-4.358949883,3.958001368,0.82510403,-2.575666773,3.338217561,0.348676632,-0.840528843,2.149878425,0.119621332,-2.157633182,1.541881505,0.230848101,-0.611501169,0.954382649,0.070298688,-3.264385092,3.738730798,0.409626222,-0.974075638,2.581239319,0.150443368
451,M,2,-3.707372352,3.474349775,1.30282686,-33.34778336,14.80862086,8.696078938,-6.400437386,62.90028493,13.54923558,-31.90516566,27.17137015,10.4208115,-25.83334298,23.53678897,11.68135861,-26.84342737,26.74859816,11.29752946,-14.21054745,46.13116495,11.10229664,-11.69478231,42.33557635,11.59796757,-11.70674254,44.91236471,9.095062103,-3.665932486,3.194657223,0.650006929,-1.507751906,1.639887692,0.351756978,-9.44009004,8.11943935,1.065336326,-3.266738308,4.482615929,0.492223012,-12.77820903,13.58423685,1.526196534,-6.353958098,5.638021458,0.78870121,-11.03246152,8.299604787,2.204703499,-5.386204191,5.300171872,1.301951031,-9.159770636,9.869864833,1.725261706,-5.867437331,4.690091218,0.997231856,-7.524533764,8.706702507,1.586120501,-4.358949883,3.958001368,0.929619834,-2.444433456,3.338217561,0.410690946,-0.657297228,1.782513068,0.116656194,-1.635990743,1.315233186,0.275984996,-0.439936347,0.394571688,0.073859237,-3.546036827,4.944502733,0.604211965,-0.998962808,2.912131276,0.188682294
452,H,0,-2.096047904,4.507773071,1.19014353,-34.47450857,13.08903595,9.979724036,-4.382046661,78.78535128,13.24147462,-39.92940941,26.34141406,9.932834491,-28.32169269,39.33236333,10.55815827,-24.666645,32.31321192,10.55271421,-9.394409352,45.59179032,12.98814028,-7.672976651,45.19597931,13.4862482,-9.618962437,48.01874197,10.48905813,-5.454356187,5.190040069,0.875899078,-3.122416864,2.992592536,0.499031098,-9.589649767,7.792201091,1.148071707,-3.460886423,4.423484429,0.5200941,-8.301723234,7.102182876,1.13637573,-5.087852753,4.641824153,0.669594055,-9.587013666,11.45789888,2.348430943,-5.527196375,6.325118922,1.388340503,-11.32802249,14.01361959,1.503805621,-5.303176035,4.711065188,0.837701151,-12.45523921,10.53570408,1.738938825,-5.784150537,6.781221583,1.049269756,-2.284621785,2.020816726,0.275136426,-0.451287659,0.584756762,0.05761098,-3.169946082,1.787619768,0.227075796,-0.521236769,1.37659757,0.060779837,-4.277260374,3.326495346,0.467563478,-0.810890287,1.654706324,0.106204685
452,H,1,-1.484677713,2.719687651,0.544187932,-31.29831396,11.75319235,6.075591905,-4.382046661,48.1748954,4.768734461,-31.07646808,20.92679402,8.771525312,-16.83571711,23.2547923,5.406378404,-22.38788889,23.04538665,7.499628358,-9.593578769,3.581523144,5.154708089,-7.579172742,4.540231669,4.466994231,-9.453522056,5.827378204,4.911392771,-3.375768058,5.15406185,0.695891729,-2.172912917,2.020686985,0.401063808,-9.589649767,7.792201091,1.043388392,-3.460886423,4.849845932,0.508471163,-8.640263575,5.83096653,0.875787756,-3.564020578,3.146075103,0.524613369,-8.433500663,8.562850513,2.256444602,-5.589027101,5.532661589,1.381683281,-6.622390638,9.991058551,1.291569706,-4.107991675,4.240777883,0.750429974,-11.10755124,8.841355814,1.689037132,-5.476544243,4.001819085,0.988600083,-0.824730787,1.122576084,0.126351171,-0.36277294,0.580617505,0.041297953,-1.756636469,1.67564621,0.170882503,-0.477012406,1.047356194,0.057066215,-0.624838117,0.948577356,0.149920895,-0.420824785,0.64115008,0.067979368
452,H,2,-2.394119633,2.719687651,0.740634956,-34.49860946,11.75319235,10.11361044,-4.425161892,48.1748954,5.454132054,-35.44560274,29.6844522,9.981030043,-21.10284659,33.77058035,9.392476896,-24.72194098,25.53392836,9.413673696,-9.593578769,17.91564207,6.191828492,-7.594006753,11.18136416,4.768454243,-9.628022005,38.60176857,9.786347943,-5.191501911,5.455198774,0.87807412,-2.230886018,2.362285016,0.473544684,-10.80150644,8.238544589,1.204108246,-4.128424542,5.373413979,0.573833804,-9.169641654,7.188762474,1.086388595,-4.680645833,4.419607398,0.625473499,-11.91208186,10.15074677,2.480155005,-5.861652494,6.152963712,1.508551371,-8.094101223,9.991058551,1.535406203,-4.329394442,4.240777883,0.838984026,-11.10755124,8.841355814,1.814973398,-5.476544243,5.389053058,1.053022814,-2.509236226,2.856693558,0.286621934,-0.714249844,2.219876734,0.089259347,-1.756636469,1.67564621,0.250564851,-0.477012406,1.227528952,0.078736477,-5.235105167,5.418332941,0.551151485,-1.388469013,5.011752039,0.179476813
452,L,0,-3.040374425,6.954771471,1.39143862,-38.3103422,12.48165926,12.2682815,-5.671337749,185.9261414,12.16093895,-43.75932092,23.62395012,9.971855615,-36.93759683,39.34896573,12.51230091,-29.50750086,38.8865891,11.2490868,-7.380866197,60.14238052,13.28481941,-8.149875801,64.98334298,12.54610437,-6.454187231,58.20207085,13.39750764,-7.525138441,6.320180854,1.216888794,-3.911756269,4.097639403,0.67979917,-11.82395753,8.678968684,1.315662906,-4.308256228,4.970778189,0.619501291,-47.03247123,41.74111118,3.482910653,-18.25487022,19.45364307,2.060191908,-10.83876467,10.08837139,2.275062914,-6.13831818,6.214484569,1.372430495,-12.87035229,14.24322701,2.338706662,-7.003140504,6.317838667,1.318610928,-11.71758689,11.12755949,2.153555479,-7.575612754,6.249375936,1.257560691,-3.711345945,5.740542006,0.524709021,-0.925855782,1.922342182,0.123316099,-5.465187435,4.396157697,0.662801147,-1.148604329,2.045786413,0.170276398,-3.337447971,5.972111897,0.532214471,-0.957267143,2.200700094,0.13586498
452,L,1,-3.040374425,1.701777629,0.683428178,-38.03222069,11.37137648,7.424696294,-5.699855598,22.78490405,5.057192124,-32.92478667,23.01570234,9.760880185,-36.93759683,38.21528192,9.765010151,-22.8535035,38.8865891,10.57305255,-7.751308908,30.58945111,5.290125374,-8.149875801,24.1599857,5.915784155,-6.196069694,34.25722665,5.079264331,-4.293614787,6.069971069,0.894681072,-3.220634198,3.910407852,0.524079168,-11.00133942,8.937293521,1.104517666,-3.710995124,4.736881866,0.538786071,-9.590669237,8.90161286,2.185594415,-7.008874603,5.771966397,1.548140577,-9.210105549,12.33467443,2.063498675,-7.169113677,5.59182145,1.258412162,-11.12867263,14.24322701,1.920019347,-5.618224086,6.317838667,1.105253065,-11.67399251,8.518838891,2.007116777,-5.814796784,5.299620812,1.187308244,-2.800556408,2.438122055,0.242613771,-0.670808205,1.258616693,0.071015568,-1.56020871,2.123357124,0.268069948,-0.821690487,1.059709659,0.079852796,-2.972668164,2.972360963,0.276492862,-0.710318015,1.951526303,0.084210625
452,L,2,-2.014117989,1.701777629,0.371380416,-38.03222069,10.29487967,7.821193568,-5.738464408,131.9358832,7.06982424,-32.92478667,28.09714642,9.541601414,-26.60615914,38.21528192,7.004307085,-22.8535035,23.61436695,8.619437479,-7.751308908,30.58945111,5.709990723,-7.998269205,14.82430138,5.341793506,-6.536185602,34.25722665,5.609147311,-3.83806958,3.467547499,0.783824885,-2.072140987,2.609788805,0.466329997,-9.292854998,10.53181535,1.241564138,-3.427126054,5.623554336,0.584769858,-33.84407442,27.28522378,2.330940553,-19.03564005,12.24272912,1.500349643,-9.210105549,12.33467443,2.022985947,-7.169113677,5.59182145,1.203322667,-7.450169738,12.73531791,1.654481646,-4.29887564,4.991012557,0.96250843,-11.01918981,7.965304106,1.796607032,-5.026709886,5.161910797,1.089716418,-2.800556408,2.21345361,0.199547063,-0.670808205,0.440054059,0.053757576,-1.615636174,2.123357124,0.262543927,-0.524827311,0.849678201,0.075536638,-2.972668164,2.388732002,0.224218574,-0.710318015,0.401996493,0.061310489
452,M,0,-2.047244681,4.483696381,1.311898406,-35.72027157,13.13261074,10.18759077,-4.254776149,109.0718683,14.83534216,-34.36067299,33.40695521,11.35477508,-25.09011062,30.81686524,11.94771915,-31.27552144,30.71500117,11.0977053,-11.47552595,49.29974335,12.00966981,-10.76503677,51.09473844,13.45644693,-8.73922411,48.70584183,11.13057749,-5.883298565,6.443929641,1.120101592,-2.999057024,3.972606762,0.597860434,-11.37649228,8.352962619,1.272013954,-4.148774285,5.646392742,0.581992826,-21.67736256,29.69814847,2.098245205,-10.71545696,13.35723562,1.190039119,-12.73820401,14.16611491,2.15293082,-9.33299203,6.67030241,1.259972971,-11.575788,11.49369342,1.832506713,-4.565490068,6.223994324,0.989720223,-10.26991795,9.799439394,1.928932939,-6.554728322,5.343627061,1.142103575,-3.79395633,3.692120308,0.492471143,-0.949948979,0.986748263,0.098541709,-4.891316246,3.945560333,0.572941448,-1.156702479,1.557094205,0.121958757,-3.028444673,4.404840863,0.474694505,-0.785470225,1.941756374,0.113099744
452,M,1,-1.795512208,2.596726196,0.811594297,-35.91499681,12.12682638,8.294723626,-4.009120099,104.6563013,10.8968484,-32.05963213,25.5146554,9.786225008,-21.26096236,29.66460525,8.356606432,-23.25690198,23.22801115,9.919862377,-10.96929544,31.89259748,6.597635734,-11.13544657,21.44239538,8.30768312,-8.73922411,37.67024461,6.383262474,-4.774464389,6.195464437,0.84213572,-2.999057024,2.094545737,0.477066457,-11.37649228,8.731721475,1.07262514,-4.148774285,5.646392742,0.504633239,-21.67736256,16.03217347,1.741128774,-10.71545696,9.820523196,1.02641908,-12.03134833,8.227290703,2.004583757,-6.217692547,6.287931311,1.209327563,-10.59901567,10.35999526,1.474016568,-6.98319031,5.069046123,0.846971399,-10.26991795,9.799439394,1.760869509,-5.590720214,5.031217566,1.067058182,-2.810404242,4.059584701,0.324998384,-0.502389059,1.389522661,0.078799736,-1.780392232,2.357921146,0.28429474,-0.464538825,0.699598261,0.07563085,-3.3227386,4.560614902,0.367657824,-0.612400042,1.941756374,0.099322104
452,M,2,-2.729058859,1.617115507,0.579757118,-36.25056207,13.10108351,10.40221869,-4.009120099,61.71237096,4.167442009,-32.05963213,21.70180143,9.536270927,-18.68946737,31.89117785,8.0752612,-25.31423677,26.45419354,9.453444965,-11.40757961,39.65762748,9.102104199,-11.13544657,23.1135001,8.01753247,-8.603967224,45.82340656,9.523960793,-4.908957732,4.346418436,0.786907374,-3.360835776,2.770381518,0.456959225,-10.69389128,8.854106785,1.263664398,-4.112426509,5.8544026,0.580183469,-20.4793933,19.48154263,1.351449845,-14.53717421,9.380257188,0.928250905,-12.03134833,9.446257915,1.93692429,-6.217692547,6.287931311,1.162422785,-10.59901567,10.35999526,1.525360817,-6.98319031,5.069046123,0.884521038,-8.180233555,9.172641366,1.825306824,-5.590720214,4.622574713,1.107053241,-2.810404242,4.614428546,0.440454402,-0.748302269,1.389522661,0.099737406,-2.234418007,2.22491261,0.269855014,-0.42004406,0.639694235,0.073399611,-3.3227386,5.131317296,0.485559934,-0.84800298,1.926053765,0.11502103
453,H,0,-1.878007053,3.721922849,0.990077516,-29.67150278,15.40063015,11.54473745,-6.440900564,109.7909824,9.036037138,-26.38504367,29.5902569,11.90801699,-21.7211409,32.08070968,12.04552457,-32.92395227,31.15756549,11.66785039,-16.93823363,33.71477408,9.501381514,-15.95984997,42.56332835,11.05907106,-13.93780138,35.04427289,9.371632508,-5.063232943,4.899080584,0.903924838,-3.079454706,2.711630167,0.489767274,-9.528420004,7.418442906,1.466095516,-3.483740356,4.832241389,0.655803073,-15.27453086,21.29090167,1.920913865,-8.1042372,7.531737788,0.967795656,-11.29873975,11.36807603,2.29734641,-6.060181636,6.563545304,1.308192877,-10.13790556,12.22727407,1.978648893,-6.441156433,5.949141632,1.096125971,-11.1741306,11.91015206,2.061969051,-6.383703353,5.336216821,1.170114859,-4.610840334,4.652540828,0.633778772,-1.232949498,3.165926859,0.184476852,-4.099667604,4.868478682,0.672883836,-1.224986337,2.926205066,0.197381935,-4.401900425,4.891644935,0.67145219,-1.229197753,3.65453224,0.207158171
453,H,1,-3.337577193,2.338271581,0.784065642,-29.10716978,14.42870964,9.57527019,-6.462941509,75.04436248,9.137064627,-26.38504367,30.8275176,12.0158443,-23.62366775,27.73405319,11.26006381,-28.12537326,27.14183637,11.25216679,-16.93823363,55.03656635,10.47761917,-16.06368878,35.04535008,10.79781434,-14.06442531,57.22160303,9.883310548,-5.605673565,4.886958357,0.850681896,-3.079454706,2.375466744,0.482924005,-9.433999938,7.418442906,1.450464182,-3.433772629,4.867323326,0.651082263,-20.67359473,20.65285683,2.197051268,-13.07269638,8.809469147,1.109293338,-11.29873975,9.655453462,2.263225847,-5.931513507,6.102570512,1.270386649,-11.04091852,12.30935961,2.01361634,-6.70133493,5.949141632,1.097091758,-11.78726966,11.91015206,2.161675281,-7.089858938,5.937131828,1.225140402,-4.974720992,5.421345092,0.668270152,-1.232949498,2.864643954,0.173083301,-4.088362484,4.868478682,0.542172613,-1.224986337,2.926205066,0.170036638,-4.891338019,5.649148778,0.676620412,-1.229197753,3.459552257,0.184295361
453,H,2,-3.337577193,1.861887433,0.992138713,-29.66924794,13.14867844,10.5643916,-6.462941509,122.1283366,14.04410113,-27.48282759,32.13766073,10.87336162,-26.355814,31.12773853,10.69822228,-29.62327707,29.19521683,10.93135435,-16.55599606,55.03656635,10.87729178,-16.06368878,37.06990717,11.55508892,-14.06442531,57.22160303,10.85734672,-5.605673565,4.933582269,0.953564417,-2.860103925,2.292798934,0.52445538,-9.505446264,7.714488848,1.53457871,-3.614645962,5.697116946,0.668694747,-24.65093,20.65285683,2.614328817,-13.07269638,9.453226974,1.233250326,-10.8936625,14.0031035,2.29819376,-6.631454916,6.102570512,1.273907032,-11.04091852,13.73142418,2.039922633,-6.70133493,6.437387034,1.118618475,-11.78726966,11.21458199,2.164701254,-7.089858938,5.937131828,1.229102645,-4.974720992,5.421345092,0.706164407,-1.071221067,2.712986626,0.168484685,-4.088362484,4.000883719,0.562819275,-1.112494097,1.242187487,0.15166946,-4.891338019,5.649148778,0.713600281,-1.113037334,3.459552257,0.193361116
453,L,0,-2.938396185,2.770197369,1.207753241,-37.50896964,14.67580611,11.69886483,-6.243802224,69.37111835,6.097664378,-34.03814042,31.4341068,11.09338351,-26.12660985,34.51120688,10.92883455,-30.90137011,31.96354612,11.02251792,-13.66100154,58.21057351,12.12499241,-13.43370311,53.15791652,13.2570915,-11.63292542,58.63526734,12.28145717,-5.187508868,5.038571898,0.818166718,-2.964313728,2.215143107,0.446214784,-13.16472125,10.81802261,1.742142158,-4.810435974,5.675520646,0.78569018,-14.63555459,18.3362889,1.62232782,-7.827551785,7.117119177,0.950470169,-14.62797063,10.05413056,2.160412319,-5.252517943,6.070194872,1.251834333,-10.88215726,11.63758297,1.925585976,-4.99942367,5.937039206,1.111217823,-12.31351069,8.280186393,1.792855537,-6.191746597,5.707315799,1.057928534,-4.021062446,5.448061155,0.526232511,-1.326640485,2.182074823,0.130704511,-7.514780076,9.636388775,0.684545005,-1.945227792,8.575108335,0.263549748,-3.899920133,5.617068718,0.535390002,-1.195791568,1.998925255,0.137162599
453,L,1,-2.938396185,2.74750575,0.843169783,-37.57297768,14.67580611,10.19949433,-6.219499262,180.3386619,16.39315769,-34.03814042,37.49409495,12.29664773,-24.24590415,32.05217396,10.23960969,-30.90137011,31.96354612,10.31148355,-13.66100154,40.80752197,8.903005331,-13.18610263,58.07011421,12.04470658,-11.93280882,39.48811575,9.347060225,-5.187508868,4.756417283,0.886055345,-2.769957667,2.425595277,0.474481263,-10.94718894,9.693712869,1.810259474,-3.75103168,6.377726307,0.800623593,-21.91326762,23.97881427,2.419792253,-13.12346562,8.983915979,1.237898329,-14.62797063,14.319163,2.586786163,-6.027321293,8.492886712,1.457251218,-10.17973667,11.97700863,1.833247619,-4.884704201,5.937039206,0.999001007,-13.59881016,9.320449203,1.869431288,-5.537643088,6.056632262,1.085911295,-3.66259114,5.112989983,0.455205835,-1.326640485,2.647912445,0.132817065,-5.419339451,6.831497016,0.577573984,-1.175139357,1.66940584,0.165046179,-3.426127652,4.506093839,0.421941281,-1.195791568,2.476638999,0.129896074
453,L,2,-3.008516263,1.425060368,0.726161533,-37.57297768,13.0095818,10.79456552,-6.229971203,180.3386619,15.69436087,-30.80198517,37.49409495,11.75642447,-24.24590415,32.69170115,12.02486628,-30.55164103,33.16333681,11.88315573,-13.73078889,43.37456296,10.49899064,-13.25157508,58.07011421,9.364308346,-11.93280882,44.29108294,10.51552872,-4.492122329,5.321764241,0.919724526,-2.693018392,2.425595277,0.502793473,-10.98499082,10.76865027,1.834222948,-3.89577738,6.377726307,0.827798965,-21.91326762,23.97881427,2.194464266,-13.12346562,8.983915979,1.15001067,-11.45805579,14.319163,2.488932608,-6.027321293,8.492886712,1.422776884,-10.94581522,12.52708033,1.952654918,-5.206539645,5.038659251,1.026571563,-13.59881016,10.69316969,2.046581849,-5.616660862,6.056632262,1.162687341,-3.835174391,4.433997673,0.549294212,-1.027845876,2.647912445,0.149809976,-2.361584801,6.831497016,0.534812262,-0.969330202,1.556739972,0.149147097,-4.074523636,5.254749243,0.560680241,-1.104765601,2.476638999,0.162655205
453,M,0,-3.237069824,5.590714296,1.066815723,-34.82709106,14.26048632,12.08952699,-5.445635347,61.56071397,7.278328753,-40.80744057,35.18591157,12.2872754,-22.98753551,32.7548656,10.89541794,-28.06661707,35.7712088,10.6720111,-18.10891585,34.54755954,9.802611545,-14.467412,26.82260562,8.614925204,-16.18127219,36.58671692,10.03454338,-4.93232286,5.284834077,0.832932193,-3.333912976,2.763487977,0.456160096,-11.51319541,9.656094983,1.689772354,-4.0697747,7.029879824,0.751131048,-16.94518598,10.76454154,1.26417726,-6.205800546,6.783163811,0.672842414,-12.10391865,13.96714502,2.705131004,-6.496832181,6.566674471,1.575430506,-12.41038708,11.0553146,2.06790516,-6.16664808,5.869284236,1.130185268,-13.05988723,12.88329808,2.324112085,-6.95421892,6.793180173,1.332261383,-5.750532729,5.515570776,0.64278945,-0.967700822,4.253873619,0.201989763,-3.9460885,6.095939047,0.594623587,-1.405211394,3.613524119,0.214287205,-6.506465306,6.546905186,0.689695841,-1.038494341,5.283461221,0.229496507
453,M,1,-3.101330878,1.81364526,0.973805357,-33.54450255,13.5855013,10.03713326,-5.377978785,61.56071397,8.111415539,-36.89308876,28.6423654,10.7534986,-25.19929113,31.46994907,10.15428,-28.06661707,35.7712088,10.8197612,-18.10891585,34.79995196,10.33012594,-14.99338263,42.97035461,10.64279228,-16.39881609,36.58671692,9.940430629,-4.426761425,4.898794961,0.776311424,-3.289110137,2.411877833,0.443724412,-11.51319541,9.656094983,1.562887662,-4.0697747,7.029879824,0.709236508,-16.94518598,11.73249567,1.312862117,-6.205800546,6.783163811,0.689959606,-11.78370745,13.96714502,2.346638257,-6.496832181,6.049391312,1.373559883,-10.62687709,11.78685807,1.831022694,-7.008324819,5.247231042,1.046962359,-12.24350785,11.29202651,2.083601738,-6.95421892,5.630211963,1.243795569,-3.389655681,3.78441726,0.446075487,-0.753668829,1.304609461,0.121113084,-3.406020114,3.968860585,0.533973997,-0.758271983,2.520721482,0.154259823,-3.50425314,4.023182327,0.482302211,-0.779892928,2.297855742,0.136235683
453,M,2,-2.221901348,2.40665411,0.864084691,-34.35373498,12.30985105,11.16793934,-5.377978785,93.74474851,13.03296541,-33.54583704,39.03230439,10.95289258,-25.19929113,34.7969909,11.9396159,-29.29086097,33.91415916,12.06688615,-18.16005261,43.59478951,12.5990987,-14.99338263,56.71653593,12.7200264,-16.39881609,45.64841834,12.24856557,-4.426761425,4.898794961,0.849361206,-3.289110137,2.411877833,0.473671872,-10.35442118,8.718615271,1.516174767,-3.689734162,5.569027989,0.683836656,-11.58351192,18.83627399,1.555750032,-10.14096685,5.878977061,0.768644664,-15.06862218,11.77252093,2.479466413,-7.188611744,9.09095748,1.447206218,-10.62687709,12.45470131,2.005694647,-7.008324819,5.228640062,1.142002684,-12.24350785,10.36246605,2.133703924,-5.997451009,6.713808017,1.277507961,-2.739025407,4.36817641,0.581274708,-0.721388572,1.335396171,0.148809717,-4.168558477,4.734733047,0.678013712,-0.990692378,2.520721482,0.174505849,-2.985230096,4.503374765,0.59298051,-0.765752262,1.840675809,0.158544835
454,H,0,-4.141449052,3.37258756,0.965781861,-38.17133636,16.08947779,11.75651361,-5.714314564,78.92629132,12.30253736,-26.26209226,41.90196564,13.22132759,-15.77307675,38.57270713,11.64437594,-38.34261363,18.51707248,12.05381871,-14.42618871,35.11522014,11.6673039,-15.31965761,34.21046,12.128166,-11.60259803,32.88936639,12.05535162,-10.28024591,10.9485104,1.409339802,-5.775886597,4.098963339,0.82567064,-11.57890866,10.67454806,1.295109886,-3.875613606,4.237426488,0.579073642,-18.69962543,22.58714376,2.258184307,-9.166122922,10.8029902,1.101783925,-12.86174878,12.82684408,2.289713978,-5.476776355,5.94334439,1.303387262,-11.7460317,11.5139143,1.788297042,-5.664676368,7.025692184,1.041556891,-11.58553411,13.47103589,1.710634285,-6.006603939,5.317244811,0.972219043,-1.86825794,2.562354197,0.304448508,-0.471303849,0.824880577,0.090517767,-2.376471067,4.680819146,0.509386499,-0.972656977,2.497004363,0.153270513,-2.268136617,2.311596467,0.31392286,-0.486652376,0.70908694,0.091612173
454,H,1,-4.141449052,2.786180813,0.911496666,-37.97937295,16.08947779,11.49728034,-5.459499686,77.76885304,7.791078788,-31.00802159,35.94055088,11.76865526,-18.13648446,38.57270713,11.78345369,-38.59970835,20.58290698,11.62780969,-14.42618871,23.84387061,8.242697786,-15.47182168,34.21046,11.4282371,-11.61341659,23.58860914,8.211742032,-10.28024591,10.9485104,1.37353564,-5.775886597,5.443056741,0.808371614,-8.232928042,9.909485802,1.278036758,-3.167350058,4.196576376,0.582323278,-16.99096557,17.70497631,1.6425688,-8.813917903,8.239168185,0.885798297,-11.74158524,12.82684408,2.206719427,-5.325558589,6.041123063,1.268202344,-12.86017523,12.80821218,1.900383945,-7.104601507,7.025692184,1.079077753,-10.62641175,13.47103589,1.744452627,-6.006603939,6.539908468,0.977352302,-1.858561633,2.562354197,0.298521381,-0.471303849,0.824880577,0.089290977,-2.376471067,4.680819146,0.517514976,-0.798782477,2.497004363,0.151296628,-2.268136617,2.311596467,0.312549661,-0.486652376,0.70908694,0.09400636
454,H,2,-4.806850909,2.922277098,0.954118549,-38.20170563,15.49940771,10.67153102,-5.403401296,67.80578273,10.82624086,-31.00802159,30.69145532,9.4413238,-19.22132807,40.88415196,11.28227851,-38.59970835,21.14087086,11.15827516,-14.22095924,48.50611979,11.12228974,-15.47182168,29.75866813,10.40422073,-11.61341659,47.08809339,10.7300956,-10.03000386,8.099916806,1.30928728,-5.097872734,5.443056741,0.7520003,-7.856348819,11.10539481,1.17195005,-3.503978023,3.98040395,0.548054575,-19.46752327,17.23955022,2.146886002,-7.097172959,8.651349711,1.027144431,-9.331567013,11.25080303,2.035562431,-5.327990519,6.041123063,1.201728476,-12.86017523,12.80821218,1.847639088,-7.104601507,6.009305808,1.03413753,-10.0693461,12.66365745,1.676913312,-5.234673378,6.539908468,0.950381881,-1.694313506,3.883469786,0.306190694,-0.865182237,0.710809412,0.088625283,-3.431911344,3.096024081,0.465172008,-0.769310462,1.142306301,0.128082418,-1.879564068,3.816569515,0.313784345,-0.845716623,0.530210192,0.090755305
454,L,0,-3.78578538,3.75757405,1.181109593,-40.5747554,14.05659261,14.22596931,-5.978839633,4.314030773,3.783646894,-35.29814783,42.25491899,12.98722253,-18.58913641,42.15269108,13.74674969,-42.79666431,21.86060649,13.93898519,-13.54646344,61.4853019,14.43740283,-15.79989082,43.83147538,10.69295717,-11.94250759,60.35363674,14.72108739,-7.252793864,9.496246944,1.629875158,-4.73880743,4.792715524,0.896228762,-7.755851242,11.45124161,1.605974988,-3.901598126,4.904024285,0.725405825,-3.439580212,3.216542009,0.96867268,-2.381146255,2.070694209,0.645675419,-15.06440623,14.6781654,2.721164056,-7.239905839,6.993530295,1.538415018,-13.61103201,10.74382434,2.146092206,-6.546376248,6.43214209,1.227058232,-10.79508957,13.0679302,2.012148167,-5.98888511,5.735039842,1.12568152,-3.579340502,3.040194289,0.583248418,-0.849490617,0.909549403,0.155428132,-5.015269816,4.417804727,0.833423621,-0.931835292,3.749341314,0.24634539,-3.469033351,2.825642922,0.595182114,-0.828072853,0.73373858,0.156267356
454,L,1,-3.032179898,3.221032889,0.833130825,-39.94355444,15.2586529,10.1015435,-5.90253519,90.25939321,10.50871647,-37.05500847,42.25491899,12.1563354,-22.22375117,38.61309646,10.89460068,-43.29366619,21.86060649,11.24097538,-15.0836279,30.42499465,7.550126927,-15.66380019,31.0971492,9.188650158,-11.87264112,32.26028613,7.877440114,-8.953799621,10.95679104,1.388685026,-6.604803093,4.715777085,0.787478263,-7.755851242,11.45124161,1.320310824,-3.901598126,4.904024285,0.617278392,-21.06785374,20.31197363,1.935660123,-8.798552697,8.599152009,0.958502663,-15.06440623,14.6781654,2.450313275,-6.738888546,6.405297765,1.368732363,-10.8902959,13.14985404,1.940945807,-6.401680165,6.294650959,1.12257864,-11.16931225,12.82889338,1.809662384,-6.555246555,8.222413855,1.049444758,-3.579340502,3.040194289,0.474453067,-0.849490617,1.181060136,0.129845001,-3.425114668,4.068552558,0.696151232,-0.731578726,2.216268652,0.208815123,-3.469033351,2.825642922,0.482930059,-0.828072853,1.175612401,0.13335044
454,L,2,-4.245897367,2.041810724,0.789752979,-37.49019901,15.8700517,8.966934077,-5.61056877,90.25939321,15.49829162,-37.64278928,38.55584413,9.987212138,-22.22375117,36.07501653,9.267323564,-43.29366619,21.31038601,9.060955202,-15.0836279,22.30557586,8.345176502,-15.21815618,49.11946433,12.11541424,-11.78251668,18.49185901,7.905799733,-8.953799621,10.95679104,1.150400453,-6.604803093,4.715777085,0.676192626,-6.729961002,9.034130702,0.99667312,-3.228566303,4.466974163,0.512001728,-21.06785374,23.71583701,2.546445305,-8.798552697,10.13204511,1.177388994,-11.24694987,13.7275661,2.221895246,-5.880486443,7.102892466,1.241086942,-13.29271305,13.14985404,1.964025057,-8.180937537,6.294650959,1.155721093,-11.16931225,12.82889338,1.786259718,-6.555246555,8.222413855,1.053852672,-3.277346777,2.169944165,0.339959683,-0.61473217,1.592435811,0.10840566,-3.634448651,3.945956359,0.639903496,-0.735441492,1.21996424,0.170927709,-3.762971475,3.466013591,0.385808767,-0.778795753,2.80795554,0.132238447
454,M,0,-0.93744375,3.817113517,1.374101559,-46.22522819,13.54811593,11.49001784,-7.322820362,89.8908336,10.99038975,-39.86639182,38.78095347,10.3307971,-20.68154191,40.21062268,8.376554019,-43.95808551,19.66841548,9.095225737,-16.31810175,37.43850389,14.20906555,-13.29114498,42.77328226,14.71474106,-13.98167382,42.09971368,11.78230213,-3.821001118,3.17661208,0.476621368,-2.035039025,2.624163974,0.288304206,-7.873535863,10.95416579,0.998220503,-3.300763163,4.587276326,0.477935599,-21.55694498,18.34949282,1.93412251,-8.330547039,7.135808357,1.003718116,-12.10219757,14.6446103,2.624373464,-6.797912462,9.644904021,1.575219578,-8.880862943,8.370045054,1.698894634,-4.971242422,5.823292549,1.041073373,-9.380020346,8.83105865,1.841044924,-5.040851591,4.537664809,1.100709346,-2.666680382,3.483025303,0.425483861,-1.52478201,1.499224605,0.157405511,-1.764369091,1.712053467,0.337088071,-0.59564185,0.862264029,0.12201766,-3.762244462,4.207692523,0.532818637,-1.887044134,1.936722353,0.212993438
454,M,1,-1.03359169,0.594231533,0.300580354,-47.67802293,15.57528758,11.24818359,-6.967262624,82.67844297,8.63766443,-39.66142043,53.40223208,11.1528737,-27.02709026,40.21062268,10.54704116,-48.93085821,34.02208433,10.67875032,-16.13470852,22.57860293,9.61942442,-13.29114498,18.85362414,8.136950486,-13.8151459,29.72113589,9.404769483,-3.160127289,2.403579698,0.398569329,-1.60806855,1.556407391,0.238755089,-8.978494744,11.66751886,1.131413623,-3.366705272,4.390407772,0.516598867,-20.21613863,22.06145232,1.893607181,-9.422332021,10.06735684,1.012738434,-18.75669525,14.52270096,2.448832383,-11.71162907,9.479523653,1.502356499,-14.96229807,15.82095519,2.020962299,-8.060264286,7.756034147,1.189800716,-15.57285846,14.17626926,2.034563642,-8.431158702,6.246318496,1.175701946,-2.58188691,3.483025303,0.44881175,-1.52478201,1.499224605,0.158282123,-2.615251152,2.724767502,0.438666095,-0.701552194,2.075589146,0.147002041,-3.721472213,4.207692523,0.548967817,-1.887044134,1.72595633,0.206867946
454,M,2,-2.003849453,0.467945122,0.495195476,-49.05080175,15.57528758,13.30552871,-6.968798081,83.09281863,12.87378486,-39.66142043,53.40223208,13.28787931,-27.02709026,42.01211726,13.30041626,-48.93085821,34.02208433,13.13575396,-15.69430489,34.76058333,9.284607454,-12.56334539,29.71696259,9.103380303,-13.8151459,47.075117,10.35841854,-3.219901112,2.731574408,0.487031097,-1.599695938,1.80797373,0.288765234,-8.978494744,11.66751886,1.388530966,-3.562293908,4.80595534,0.6042359,-21.77580327,24.62523698,2.454280951,-10.80063999,10.06735684,1.222913455,-18.75669525,14.52270096,2.643769534,-11.71162907,9.479523653,1.586526636,-14.96229807,15.82095519,2.44891735,-8.060264286,8.432029655,1.401674571,-15.57285846,18.12824322,2.345550796,-8.706281213,8.000513245,1.343221563,-3.204351053,2.984835056,0.509755091,-0.914018542,0.999208612,0.164597746,-3.127376522,2.724767502,0.514104928,-0.701552194,2.075589146,0.148815753,-3.836911411,3.271631588,0.635746877,-1.508011494,1.457584857,0.226506698
455,H,0,-2.7953533,3.404179655,1.061451034,-41.72404626,16.17009057,12.88157686,-8.008047211,34.09959463,5.052956375,-32.53554686,28.50686853,9.823233567,-20.64746638,37.38642666,12.4941728,-32.87065573,27.49899495,11.67489756,-14.36459644,33.74150228,11.61369631,-15.49755103,38.5202219,12.43915994,-9.386792388,38.95475569,10.7403088,-9.294702336,9.554197307,1.529408958,-5.867910483,5.055640735,0.875459076,-13.00322396,9.76047421,1.632653777,-4.57901783,6.839428987,0.730962132,-6.369785974,7.145427351,0.960786393,-3.245723978,3.599334121,0.610073952,-7.152143646,6.834206372,1.796924388,-4.623595413,3.67994104,1.033141576,-13.64393258,14.21563686,2.329882889,-7.859021571,7.748055247,1.314200346,-15.28583243,10.3253185,2.178525598,-6.076917449,8.248744064,1.300988899,-2.565714038,3.21334617,0.387330589,-0.759537894,1.048274801,0.112208799,-3.680862655,4.713338087,0.601262941,-1.177622057,2.620852844,0.190369794,-2.341509322,2.569430426,0.390820522,-0.912046525,1.272050241,0.127022697
455,H,1,-2.710735892,1.847879783,0.911142473,-41.69109909,15.86892316,10.83807581,-7.933797973,97.88143072,11.27062769,-33.1569014,28.50686853,11.61314506,-20.49929708,36.09178534,10.5483905,-30.54653642,32.94452418,10.98995619,-14.37755819,63.74481269,10.8543231,-15.45409117,42.5138055,10.94106201,-9.383209614,64.53245916,10.39559236,-7.59827434,9.554197307,1.37360697,-5.495455695,5.055640735,0.804086952,-13.00322396,9.76047421,1.47402533,-4.57901783,6.839428987,0.694890874,-17.73436256,12.7741495,1.632649284,-8.182734686,6.499018002,0.824017336,-8.441827645,9.916965148,1.951618129,-4.480116507,4.470324894,1.104986524,-13.64393258,13.12355581,2.204245186,-7.873763218,6.487177348,1.243511786,-15.28583243,10.89745494,2.171352193,-5.851069444,8.248744064,1.277601552,-2.535247386,4.093455253,0.388402337,-0.632441902,1.048274801,0.09703951,-2.820407956,2.769926632,0.471026603,-0.679753124,2.620852844,0.160112293,-2.772760489,4.441420284,0.443090546,-0.746390133,0.949727807,0.11825042
455,H,2,-2.182763242,3.868306383,0.979361229,-40.66956226,15.86892316,8.904561064,-7.758770086,97.88143072,14.8809103,-33.1569014,28.50382423,12.42300106,-20.49929708,32.61235149,9.622274231,-28.01955023,32.94452418,10.98315369,-14.37755819,63.74481269,10.77962313,-15.2465817,42.5138055,10.32359643,-8.814983671,64.53245916,11.4816799,-6.646009007,7.421435834,1.127280767,-3.916384621,4.403825789,0.663210057,-14.13544034,8.932483176,1.404886449,-5.533004327,5.915432338,0.683837347,-17.73436256,15.04318073,2.214317815,-8.182734686,6.499018002,1.038203221,-8.441827645,9.916965148,2.092565576,-4.480116507,4.470324894,1.169282112,-13.62338626,13.12355581,2.122600953,-7.873763218,6.487177348,1.235560654,-11.6328108,10.89745494,2.057060463,-5.706330027,6.00072332,1.210600242,-2.535247386,4.093455253,0.380592354,-0.531303251,0.705035304,0.088437056,-3.809255669,2.908869035,0.42898577,-1.023114366,1.199494244,0.114415146,-2.772760489,4.441420284,0.436325201,-0.68081602,0.832936359,0.112124631
455,L,0,-3.261818501,2.878012168,1.153956618,-41.0397119,16.47196531,13.77319408,-6.297491538,49.15599472,5.125649362,-35.86146025,39.57733512,12.31645066,-26.37099928,47.12908345,12.89971937,-38.21735731,32.8779865,12.7283368,-17.12941235,47.08425652,14.35957672,-13.64312075,59.81053415,14.5218243,-14.02031975,42.06178535,14.08496462,-9.767363171,8.63033552,1.723509121,-4.913414757,4.345280983,0.9381593,-10.6130868,8.725432614,1.53000392,-3.552791003,5.359572742,0.65308452,-13.88462806,9.958004075,1.249518739,-7.618477201,6.737493277,0.790769166,-12.11272882,11.75970824,2.606459835,-6.671505881,6.832368047,1.540990569,-17.59176615,16.73920268,2.516969254,-10.59552081,8.41916149,1.441263768,-15.2923995,11.59112028,2.384746061,-7.120582212,8.91601274,1.388820206,-2.478874262,3.529854556,0.495805465,-0.837321172,0.932430245,0.131011171,-2.524361973,3.973649745,0.490840766,-0.935552101,1.886843157,0.120077495,-3.930361051,4.327396106,0.675343269,-0.90463539,2.079532465,0.186211658
455,L,1,-3.050759008,2.564457437,0.940523912,-41.0397119,14.24723074,11.50310312,-6.347075937,91.85553115,11.75010481,-34.71615282,33.85062645,11.69331037,-29.19118122,33.61885117,11.91354441,-38.21735731,35.77600211,11.83104036,-17.12941235,44.89946034,9.947763967,-13.64312075,51.52696513,9.716645357,-14.21771652,42.14540822,10.53293696,-8.401387418,8.63033552,1.588737665,-5.033197605,4.356318587,0.892243268,-10.66199354,8.725432614,1.425389689,-3.83683073,5.359572742,0.642512253,-15.43684354,20.52403283,1.794953585,-8.576262268,7.09954146,0.942503624,-10.10582573,10.0092044,2.481059511,-5.573808002,6.027285982,1.466229137,-12.11345315,15.64610898,2.245986277,-9.681780442,7.609505219,1.33210067,-16.54898987,11.59112028,2.305468672,-8.015137233,9.202981276,1.361528511,-2.125233352,3.214462414,0.443591413,-0.591583105,0.878504701,0.110377596,-2.502617825,3.025695617,0.402062411,-0.478733175,1.699077029,0.098991873,-2.040822698,3.940294545,0.520812893,-0.820841116,2.079532465,0.156334223
455,L,2,-2.737716568,2.564457437,0.878427442,-39.88375804,13.24465077,10.3372651,-6.370752284,100.1276714,16.71037741,-37.01875484,33.57213772,11.59987153,-29.19118122,30.12143213,10.64831696,-39.68046396,35.77600211,10.96469956,-16.96438079,44.89946034,8.692982362,-13.41883899,51.52696513,8.697942992,-14.21771652,42.14540822,9.777189493,-8.14236518,7.226700929,1.474708781,-5.033197605,4.356318587,0.849269166,-11.9351688,8.614235995,1.46262772,-4.766349739,6.16492061,0.681619064,-18.96453619,20.944293,2.399480745,-8.576262268,8.481740463,1.15948904,-10.03749073,11.36728073,2.549283481,-5.94017469,5.47430495,1.49602397,-12.59025667,15.64610898,2.181075407,-9.681780442,7.609505219,1.269805556,-16.54898987,12.71766606,2.279590428,-8.015137233,9.202981276,1.333434904,-2.125233352,2.865439348,0.375809664,-0.543439089,0.705600249,0.092709462,-2.502617825,3.025695617,0.362550518,-0.478733175,1.699077029,0.093192215,-1.810470544,2.807575451,0.433182189,-0.785115938,1.14775036,0.138485364
455,M,0,-3.893776707,2.822361442,1.012564013,-46.81695014,15.90324928,13.01276829,-5.959863041,93.64428902,13.86430921,-27.1197794,43.9837268,10.97399309,-25.69564412,39.08939248,12.52646459,-39.40316894,30.57167299,13.1958745,-19.53417455,43.61766767,14.12024869,-16.65021077,37.13804952,13.36618605,-14.49385759,52.12675287,13.51827519,-10.07927657,9.325111064,1.828438823,-5.656633932,5.779800211,1.046425377,-12.6182532,9.696597898,1.717119835,-4.227103612,7.044482575,0.790628665,-22.02288084,16.30587722,2.016045276,-8.589420177,6.731780464,0.981264368,-10.34708217,10.57121348,2.589700968,-6.530118124,5.742202374,1.589083864,-16.1744931,13.63112841,2.455484625,-10.48326365,7.551512052,1.401434649,-14.34582511,13.73052452,2.367212338,-8.553935349,6.690927064,1.396217653,-3.777475826,6.079224735,0.680105268,-1.429234018,1.412063553,0.199331257,-4.187588537,3.78719854,0.538431926,-0.667669829,3.089056124,0.16674544,-5.22176789,5.933050231,0.860823904,-1.707922043,3.448496808,0.277710671
455,M,1,-3.977790646,2.822361442,1.19515144,-46.81695014,15.90324928,14.13540565,-5.93845874,93.64428902,10.15678811,-32.03398901,43.9837268,12.09320963,-26.5852538,39.08939248,13.00267477,-39.40316894,30.61083619,13.32230852,-19.60570886,37.83499365,12.50104392,-16.78927648,30.51358744,11.25319158,-14.20689092,52.12675287,12.75500284,-11.00126959,8.822856572,1.889009899,-5.656633932,5.660706726,1.07162586,-12.56679373,10.00186202,1.637393201,-3.936642935,6.377942677,0.724765678,-22.02288084,16.30587722,1.631247252,-8.589420177,6.731780464,0.820944501,-10.34708217,11.9272634,2.659047789,-6.302901337,7.669312244,1.618261553,-15.42785402,13.63112841,2.381928066,-6.948982066,7.64436973,1.340149825,-14.34582511,13.73052452,2.329363095,-8.553935349,6.690927064,1.361846822,-3.777475826,6.079224735,0.68154551,-1.429234018,2.296462885,0.198112838,-4.187588537,3.78719854,0.57169424,-0.771875188,3.089056124,0.175492119,-3.763459573,5.905918678,0.753783458,-1.707922043,3.505927988,0.245624436
455,M,2,-3.977790646,2.572204105,0.974920791,-45.96776433,15.74517151,10.99468002,-5.979370821,116.155432,8.604838415,-34.90995947,40.33916677,12.68504173,-26.5852538,37.88993937,11.24922585,-37.95998206,30.61083619,10.61636403,-19.60570886,32.32092622,9.350496379,-16.83743229,30.51358744,10.23920153,-14.71952984,33.32158621,9.958112962,-11.00126959,8.822856572,1.616529528,-5.086776704,5.427425605,0.943274748,-15.23752476,10.00186202,1.484187513,-5.574080173,7.706747374,0.71013467,-12.58079678,23.80779683,1.627445818,-7.368480075,7.159361907,0.781094332,-10.21206319,11.9272634,2.522497779,-6.302901337,7.669312244,1.53616801,-15.42785402,12.83366347,2.213389145,-8.821870004,7.977270093,1.275578678,-14.06618871,14.10405208,2.047800148,-9.080874851,6.750697967,1.225458268,-2.497974938,5.3800552,0.502791347,-1.173628167,2.296462885,0.159709143,-2.719313054,3.651219488,0.479294234,-0.771875188,1.73548884,0.137373891,-2.775614763,5.302475865,0.539193206,-1.150311378,3.505927988,0.208062358
456,H,0,,,,-53.09799113,16.77313715,11.77393803,-28.73382892,38.51005151,12.79983182,-129.4151777,411.0582265,21.29579872,-71.62962221,33.44323211,11.52125322,-23.40969447,194.8980902,13.70420678,-7.676669261,160.0974321,13.30200471,-8.090869977,147.8098607,12.79378404,-7.333374811,159.5035835,13.28753285,,,,,,,-10.58594071,9.688438972,1.650810654,-4.055780201,5.480348152,0.746854623,-9.64886799,5.194309861,0.858792552,-3.544820713,3.961598782,0.397292683,-57.5461593,175.6879313,4.437804657,-99.41545531,19.15649208,2.802823099,-27.67180285,12.14287045,1.94270012,-5.420882848,9.928199499,1.067856235,-24.98854426,67.32248628,2.226267033,-39.09173581,9.192782187,1.437028251,-1.476430168,1.430177945,0.209710582,-0.21005649,0.56141311,0.035655225,-1.489505461,2.006570024,0.279323458,-0.374060114,1.031529258,0.064085438,-1.537007405,1.404625816,0.21448396,-0.224149035,0.744478485,0.039567232
456,H,1,-3.514904768,5.030500286,0.900553542,-36.26589925,14.81494948,11.32391706,-11.79517221,38.51005151,12.25479033,-25.67193168,22.22179131,8.450784245,-17.09397984,31.67970293,9.772756816,-22.81835231,17.02097212,7.671250147,-7.676669261,9.555174862,4.492001465,-8.399417356,12.27258368,5.295201699,-7.333374811,10.36619375,4.530653153,-6.238017303,5.083758026,0.882829807,-3.191672313,2.173912177,0.451438886,-10.86831926,9.688438972,1.63029509,-4.10590493,5.810324948,0.749148762,-9.64886799,5.137166183,0.807292928,-3.544820713,3.961598782,0.397176642,-8.137244169,9.220369232,1.839467767,-4.679096505,4.082302824,1.028973021,-9.600748385,9.347567058,1.654426065,-5.857728581,4.30188662,0.876594965,-11.15589433,8.007910802,1.545323533,-5.362776686,5.497571157,0.876903438,-0.704476085,0.750645244,0.133853908,-0.141232307,0.56141311,0.029915058,-2.754081122,2.99556078,0.289887715,-0.480325026,2.605997964,0.089675209,-0.671692004,0.787792364,0.137047846,-0.146432725,0.549379091,0.02967894
456,H,2,-5.141195606,1.55952459,1.016419785,-34.37801476,16.66143639,10.18154148,-11.79517221,15.40182776,7.131476842,-22.13939638,19.2939614,7.954892552,-18.25209942,31.27397923,8.802856787,-21.80466314,17.02097212,7.286608292,-7.244820379,16.48424166,4.449903007,-8.399417356,28.22854106,6.773723993,-7.199166052,15.39317269,4.270726999,-4.337234749,3.659490006,0.777608109,-2.242377481,2.030387862,0.415121399,-11.54416451,10.1044497,1.540299032,-4.16253068,5.810324948,0.697058008,-5.193727646,4.228941863,0.674111913,-2.08645495,2.220348397,0.328718396,-7.231552594,6.819509083,1.686550807,-4.034908791,3.898617677,0.957137863,-8.86269958,9.396170023,1.526703071,-5.857728581,4.165098355,0.821723521,-9.200496485,6.726175007,1.444908473,-4.240635404,3.998146982,0.814545212,-0.648070593,1.252679736,0.135969927,-0.206187983,0.269456862,0.027246125,-2.754081122,2.99556078,0.290802543,-0.480916766,2.605997964,0.085748421,-0.648140525,1.103216463,0.140892707,-0.177859955,0.675342533,0.03017082
456,L,0,-3.155969523,3.080031756,1.135875761,-36.27839046,19.36945401,10.92158446,-4.739690773,84.41958633,14.63725202,-35.23954977,34.9667815,11.61716056,-31.51986579,36.78747344,11.43424221,-31.32031166,36.66700757,11.20574869,-9.263795213,80.45458437,12.87795878,-7.768872104,74.4746705,12.64208411,-8.848806837,79.44644093,12.95761304,-5.139258473,5.055416116,0.983917114,-3.105281461,2.463806708,0.523411302,-12.31147626,8.918053014,1.562891729,-4.39862605,5.856563337,0.743016263,-15.25658365,17.92360306,2.001670448,-7.190238253,7.065188668,1.000961092,-14.54691815,10.51006402,2.552744928,-6.164234159,7.417933741,1.472073218,-12.69979351,12.35146827,2.093073407,-8.21492,6.761825807,1.132774907,-11.96742947,14.14720442,2.085428527,-6.102613517,5.654111056,1.168051999,-1.723578715,2.672692599,0.295355633,-0.478010238,0.420240596,0.056063821,-3.125366745,3.748788973,0.407739294,-0.660207963,2.695628751,0.096363201,-2.038652539,2.644886482,0.325208999,-0.62531535,0.831814937,0.070857959
456,L,1,-3.443589386,2.411184424,0.872384376,-37.21842528,11.17770224,10.16358142,-4.933079177,84.41958633,9.570211298,-33.92720573,29.06489549,10.09829721,-20.62069029,36.78747344,10.87835823,-27.03730893,23.83778816,10.01238514,-9.263795213,12.54260203,4.262992933,-7.768872104,12.24615971,4.865551184,-8.848806837,14.56390439,4.534210285,-5.312457353,7.206139848,1.048803292,-3.450708209,2.831673112,0.554827918,-12.08521603,8.918053014,1.491749624,-4.092411181,5.856563337,0.709101065,-14.07246052,17.92360306,1.55672511,-6.984531176,7.065188668,0.774214507,-14.54691815,10.16067338,2.325495195,-6.164234159,6.063846279,1.385121094,-12.69979351,12.35146827,1.855342158,-8.21492,6.761825807,1.022555064,-11.87887076,14.14720442,1.874936476,-6.102613517,5.654111056,1.063686736,-0.981959644,1.424355199,0.167902953,-0.245526375,0.902647436,0.050404465,-1.666671371,1.60159872,0.23345596,-0.594462974,1.526442548,0.075683486,-1.106756402,1.574132607,0.197977894,-0.321309126,1.270347125,0.059886767
456,L,2,-3.81241794,2.411184424,0.886094485,-37.21842528,10.02519323,9.420610723,-4.933079177,3.83127928,3.877543797,-29.15143224,26.75113043,9.553020223,-20.34215838,33.41251119,9.196470912,-31.01052177,23.83778816,9.072313027,-9.322962446,14.26026495,3.716274372,-7.644626711,18.53898392,4.755078205,-8.985078281,13.01186182,3.424710682,-6.376314962,7.206139848,1.048397705,-4.278978817,2.831673112,0.570944216,-11.50615218,8.651509652,1.405625323,-4.381207505,4.996099858,0.647896434,-3.057984091,2.714501815,0.627227259,-2.051487881,1.803366607,0.435365669,-10.71801409,10.99499485,2.231179079,-5.913881763,5.904214936,1.323393837,-10.82742081,11.11583804,1.666868144,-5.980595729,4.10746622,0.924716772,-10.14640894,9.912489534,1.641088761,-4.074926014,4.40399224,0.944168671,-1.125680614,1.633238178,0.180017668,-0.246372759,0.902647436,0.049819443,-1.666671371,2.002399066,0.24420029,-0.594462974,1.526442548,0.072143997,-1.106756402,1.574132607,0.190511359,-0.321309126,1.270347125,0.056292638
456,M,0,-4.793605437,5.938590864,0.72009005,-92.37421723,11.50948776,14.08890647,-11.86634113,92.60255968,15.79124523,-108.6435334,35.46293953,9.398803099,-34.04025307,747.7785797,28.0625656,-46.80882091,805.839878,28.93313703,-22.0817682,61.45506306,16.73741692,-8.3358721,70.14397216,13.43726505,-24.34348678,63.46767691,16.97075018,-126.181602,88.26956345,3.558760308,-49.04175048,112.2776837,2.68019209,-8.106782049,8.698986393,1.285286533,-3.723350365,3.73026861,0.59619351,-6.715656316,6.683394892,0.701523587,-1.78571489,2.286393419,0.272543521,-54.47299517,48.2682525,3.114724009,-22.54750682,44.52506672,1.994476678,-85.71171337,138.352994,4.558949435,-104.7757965,29.68549626,2.759831,-123.6667934,190.9036505,5.963826868,-145.1563697,68.95671827,3.872985383,-1.271544427,1.315551046,0.211587041,-0.459308187,0.334076888,0.044487169,-2.988556552,2.345595566,0.393375958,-0.516697889,1.086936743,0.077687391,-1.597054528,1.726071965,0.226703833,-0.804859315,1.272048655,0.058682774
456,M,1,-1.741619954,4.173378176,1.138471778,-23.14160668,11.64424007,8.787828907,-4.309345064,18.42735953,4.038295455,-23.4600367,20.26908776,7.554532104,-15.5567524,23.66622504,7.363352346,-22.1433634,18.19202367,6.527448462,-8.120841386,14.64882121,5.007678698,-7.008251055,17.8314122,5.217791065,-8.377911305,15.04936474,4.96211649,-2.630315788,2.378797938,0.469435001,-1.096777292,1.261404708,0.236444909,-8.193378154,8.698986393,1.251155928,-3.543810194,3.95172009,0.571283477,-3.894817762,2.785946634,0.427463572,-1.334546558,1.65697168,0.209849097,-7.355116554,8.578919309,1.516838419,-3.631234866,5.55684538,0.852079644,-8.24775019,8.17670102,1.318658475,-4.676619623,4.503366273,0.721778296,-6.675367746,7.832433106,1.29673299,-4.15939332,3.588985767,0.755798686,-1.055656876,1.315551046,0.17005208,-0.288313969,0.237840101,0.033438266,-2.28064611,2.33483227,0.281671937,-0.554936683,1.860762063,0.079917746,-1.184845428,1.238434418,0.167684924,-0.265353425,0.218488641,0.033812023
456,M,2,-2.168441743,4.173378176,1.217286136,-22.61829911,12.22464554,7.574338902,-4.309345064,18.42735953,3.921991548,-20.52618196,19.81150016,7.659056267,-15.5567524,23.66622504,7.473675332,-22.1433634,19.22154034,6.691793027,-8.727464291,14.64882121,5.780084458,-7.074507326,14.48776591,4.545837449,-8.377911305,15.04936474,5.908115081,-2.630315788,2.296794929,0.46627911,-1.271602987,1.513494954,0.245534909,-8.366558843,6.810133185,1.247038125,-2.936096645,4.433966858,0.56204,-3.894817762,3.755860888,0.395414222,-1.428723455,1.549950129,0.203110789,-7.635835814,8.088482682,1.500156581,-3.864735598,4.030350455,0.844370609,-8.24775019,8.17670102,1.327844024,-4.676619623,4.503366273,0.716856991,-6.675367746,7.832433106,1.302619341,-4.15939332,4.083107516,0.731732614,-0.772392962,0.89428467,0.130616519,-0.198229243,0.280911106,0.026039302,-2.28064611,2.33483227,0.224849084,-0.554936683,1.860762063,0.068984941,-0.720517796,0.85485155,0.136096466,-0.195845877,0.36897381,0.028512926
457,H,0,-3.616829175,3.958232521,1.056765934,-27.46779984,13.90409393,10.80850904,-9.374420988,42.69756673,12.07758956,-31.04744862,26.79745995,10.10978682,-18.5563351,30.69017123,10.57171282,-35.2726773,30.43877145,10.56784984,-16.69415801,52.83110517,13.52917061,-15.82797145,37.30821797,11.61313487,-11.86021183,49.46872221,13.48146001,-4.558629469,3.717168557,0.861292282,-2.153656894,1.874093099,0.380731773,-9.63189095,9.897206194,1.373525653,-3.364705047,4.529076201,0.623310485,-10.44369588,9.620444116,1.214195178,-6.192033435,4.25243543,0.575990757,-11.35538898,10.09244098,2.350359809,-6.554341618,5.606564764,1.340706121,-9.769084184,12.48036918,1.77966874,-5.436917212,5.374378772,0.981168001,-13.38969727,16.43057459,2.440773921,-8.421974089,9.75621058,1.504179103,-3.22110663,4.821147595,0.591116844,-0.673512451,2.090320528,0.138696783,-2.748469294,2.932298672,0.63906373,-0.750985254,2.193090532,0.146242751,-3.766496299,4.345462013,0.627255144,-0.775531437,3.487977669,0.184340153
457,H,1,-3.616829175,2.008172708,0.91858242,-27.46779984,13.90409393,9.606141058,-9.308830019,38.08361311,10.26919681,-27.67646466,29.92991041,10.63242272,-18.5563351,30.69017123,9.89656585,-35.2726773,27.88242716,10.34599196,-17.52224843,31.10780627,7.944089916,-15.82797145,21.53275517,8.976873885,-11.84162321,32.77067469,8.255846097,-4.558629469,3.717168557,0.765182479,-2.153656894,1.848955796,0.337828066,-8.402361201,9.929558445,1.17212079,-3.805424736,3.934321591,0.523357335,-10.44369588,9.620444116,1.043571965,-6.192033435,4.25243543,0.524016572,-11.35538898,10.05931347,2.289918263,-6.554341618,5.606564764,1.297290024,-9.775511003,10.4342553,1.547358859,-4.236218246,6.731738745,0.865191831,-10.72565878,15.44229448,2.103070992,-7.755330217,9.688669092,1.304852807,-2.921863071,3.941413485,0.496345591,-0.70737229,2.090320528,0.133160242,-2.748469294,2.932298672,0.533426506,-0.750985254,2.193090532,0.139322809,-3.766496299,4.289121377,0.511578251,-0.775531437,3.487977669,0.162327937
457,H,2,-3.436691826,1.726968917,0.924510847,-27.70199374,16.00927532,9.691475602,-9.356071788,33.43646836,8.680067849,-28.28288155,29.92991041,11.03245314,-20.03979935,28.93637655,9.83622614,-27.28277835,34.78165256,10.22508422,-17.52224843,25.89879071,7.50704496,-15.80077468,26.52755662,9.533723292,-12.04849041,28.3725452,7.109558881,-3.912089919,3.284997914,0.746804152,-2.353099392,2.26358634,0.356251617,-8.937421212,9.929558445,1.214418075,-3.805424736,4.917738624,0.541052715,-9.703148067,7.570164721,0.96427307,-3.917506869,3.776738753,0.478161381,-7.885810706,10.72389956,2.223016289,-6.615887624,5.76420837,1.267998079,-11.3517262,8.518879525,1.606606751,-4.892392866,6.731738745,0.899334049,-10.72565878,13.06936681,2.09874527,-7.755330217,7.566965674,1.289838513,-2.921863071,3.941413485,0.487603062,-0.70737229,2.04085435,0.131075483,-2.004426563,1.76535611,0.494635689,-0.486040477,1.439901035,0.123776315,-2.709800649,3.764445804,0.494994924,-0.791730867,2.731546948,0.155936602
457,L,0,-4.062559629,6.974772861,1.263678436,-35.98302294,13.14470196,11.47831264,-7.549947986,65.63031484,13.2639668,-27.54410242,29.60934377,9.067578927,-18.05246079,37.61484575,11.49849732,-47.08955437,36.49303202,12.279784,-12.47162099,55.73902172,13.81064672,-11.89700651,56.22271874,12.99194666,-10.12270309,57.1127778,14.11666858,-6.063248517,5.070559334,0.94344567,-3.16491493,3.060628866,0.440538088,-10.09466664,8.858384508,1.264524472,-3.613548751,5.199850831,0.577158959,-12.32642241,9.510170051,1.312727879,-4.21915494,5.254923577,0.610844944,-9.125440875,11.31458888,2.297661963,-7.579486185,6.685012736,1.313579171,-12.10742645,12.79685804,1.747947421,-7.721444131,5.746034625,0.966984752,-13.3998174,13.10575051,2.288422012,-7.529495864,9.989550456,1.391305232,-3.270153538,4.174305913,0.582293431,-0.726668807,0.978111493,0.114819994,-3.846536603,3.997627489,0.722343962,-0.649356433,2.759329185,0.164651305,-3.931519304,5.416817747,0.586864552,-0.9565716,1.684407027,0.123202111
457,L,1,-3.402737459,1.565085035,0.783813597,-29.73421587,13.14470196,9.532075049,-6.523437972,49.2284642,11.31168623,-28.77036283,29.60934377,10.73774357,-14.93335654,37.18812602,9.626011687,-33.99869397,26.85062826,9.673385834,-12.47162099,24.56268921,6.600977922,-12.06057039,22.01109426,9.223009167,-10.12270309,28.74280843,7.248016703,-3.800224244,4.618608333,0.777483214,-2.499963447,2.954422406,0.395913042,-8.136652949,8.575655598,1.019165454,-2.984899246,4.301852945,0.478849713,-9.511810707,9.507595424,1.038580892,-4.21915494,4.363394294,0.509442391,-9.113438622,9.218650769,2.080210541,-4.475804856,5.656263078,1.196047758,-12.10742645,12.79685804,1.470678283,-7.721444131,5.618180354,0.830958433,-13.3998174,15.59439424,2.03483863,-7.803096737,9.989550456,1.258310748,-3.270153538,2.405105122,0.343795131,-0.726668807,0.732413705,0.082768928,-3.471469367,2.223077705,0.475108061,-0.569349645,1.951240248,0.123570281,-3.08859789,2.646411368,0.392773008,-0.692530439,1.301018475,0.097672511
457,L,2,-2.694388916,0.824725141,0.712311869,-30.5756474,12.54114796,9.764439145,-6.523437972,34.6393289,6.809909905,-28.77036283,29.16101831,11.40572452,-13.61395446,38.99009509,9.624288961,-33.99869397,21.06078944,8.701667533,-12.40907949,17.60581554,5.647708359,-12.10660663,20.63388859,7.586697876,-10.17555656,19.17620908,4.659528052,-4.564850914,3.749488293,0.717069982,-2.182536253,2.41538943,0.395842833,-8.718535065,8.378059174,1.024696945,-2.819731092,4.534103633,0.470213061,-5.421214548,5.930911296,0.617299627,-1.730481716,2.187683914,0.368646332,-7.863927955,7.94584613,1.881604001,-4.444824512,4.464042008,1.089692524,-9.618489932,9.098552769,1.321717711,-4.833094144,3.867232062,0.778301743,-8.715416231,15.59439424,1.926883586,-7.803096737,6.76796734,1.172054287,-1.527340337,1.977291438,0.24439003,-0.40936027,0.731392757,0.071034568,-1.696229269,2.223077705,0.317333049,-0.302968297,1.071212,0.076669869,-2.088255945,2.11455772,0.294101104,-0.414914852,1.549495262,0.098888011
457,M,0,-3.375376873,4.427462341,1.085859556,-32.2855796,14.80601734,11.35765795,-7.920024229,43.17447857,10.79735083,-27.43880316,30.1687326,9.762092135,-19.2428557,36.3346098,11.07632246,-30.26544966,26.62827505,10.61200369,-14.93434189,46.93570645,13.75103608,-13.20485212,57.19324938,12.65328873,-11.35048385,46.43843316,13.91278476,-4.428684333,3.886440859,0.872070812,-2.266497765,1.880921572,0.406991868,-9.909403815,7.742831077,1.332184254,-3.875749947,5.646075195,0.60365022,-7.604386577,6.294642122,0.855654609,-3.292760272,2.616988853,0.403897528,-10.80348457,8.029138779,2.241481037,-5.395739485,5.749118786,1.288339057,-11.32630488,10.73262232,1.804867564,-7.832337473,6.249025177,0.999608511,-10.8284479,10.53834194,2.069232181,-6.860070157,5.687710398,1.230100603,-2.479196217,2.992795712,0.45878453,-0.560518703,0.870995691,0.094610347,-2.972416844,3.577318077,0.621470187,-0.633793935,1.76787348,0.146904097,-2.490496683,5.217315963,0.506536592,-0.658761636,2.392041877,0.130594037
457,M,1,-3.135950805,1.974716977,0.810652929,-32.44375545,13.55067993,9.838779723,-7.853734776,29.85690933,10.25443301,-34.81141876,30.1687326,10.91049589,-19.2428557,35.24482526,9.823709384,-29.73184778,27.96032329,9.88852378,-15.30027862,15.75558358,6.694674523,-13.52698173,33.88950356,10.57783804,-11.5197232,16.79974372,5.804460692,-4.428684333,4.095519975,0.756301059,-2.149547127,2.164771432,0.381281017,-10.40955415,9.106208169,1.201825786,-3.455206486,5.646075195,0.539209818,-7.604386577,5.051824787,0.675817883,-2.724809427,2.391809468,0.327553296,-9.281051675,8.613407198,2.134736598,-4.188862497,4.486082327,1.20049151,-11.32630488,10.73262232,1.570943074,-7.832337473,5.547166245,0.904279423,-9.624234101,10.53834194,1.894024451,-5.614786848,6.61998314,1.116561885,-2.278955278,2.659915179,0.324774167,-0.588846585,1.165156394,0.083489351,-1.995227839,1.714620692,0.409746129,-0.333024989,1.100482892,0.089108435,-2.812435911,3.285993184,0.360243624,-0.794803751,2.92418067,0.126592041
457,M,2,-3.269059557,1.266759244,0.879510774,-32.44375545,14.10284258,9.820195099,-7.904111609,26.90529571,10.29449724,-34.81141876,27.51811831,11.09211034,-21.30601503,32.05848193,9.564000581,-29.73184778,27.96032329,10.01914656,-15.57414614,21.89104192,6.396993088,-13.55091982,25.83639489,8.540619005,-11.5197232,18.82685642,5.824733652,-4.547740951,4.095519975,0.784024784,-2.149547127,2.164771432,0.37568381,-10.40955415,9.106208169,1.185390757,-3.455206486,4.502874055,0.523655352,-8.487043953,6.423066872,0.745623693,-2.73829976,4.065420856,0.356869432,-10.01153274,8.671273038,2.280283228,-4.716182984,4.734853197,1.281581378,-11.03356317,9.090507428,1.576633257,-5.393847885,4.948113803,0.859985707,-8.149075032,12.26454152,1.877375401,-6.086402427,6.769155531,1.103058614,-2.278955278,2.659915179,0.333959181,-0.588846585,1.165156394,0.085386257,-2.049366067,2.252972917,0.458257056,-0.338733323,1.210511474,0.095020831,-2.812435911,4.120672316,0.38722968,-0.799541812,3.194391268,0.13756947
458,H,0,-2.224669475,4.173391239,1.205705463,-39.18341151,9.170999079,12.39805835,-7.35906505,43.14601914,7.925511895,-32.69008721,31.736154,10.28771672,-20.97680768,35.52683093,11.02832777,-49.65719466,23.42331182,11.97361886,-9.117331092,72.23099867,15.99026355,-6.042054272,79.50168001,16.8766791,-12.19239822,42.87742494,11.98372102,-5.644216216,3.504779938,0.636536061,-2.511341557,1.960229248,0.313859165,-9.906894467,8.274023767,1.067654595,-3.759307445,4.259216681,0.475058648,-6.784938815,10.06858471,0.710432762,-3.480523489,4.404426966,0.351184525,-11.58389718,12.04356212,2.272303472,-7.501632269,7.236000918,1.354074261,-14.32275163,13.22465738,1.829653476,-6.121461447,7.489590187,1.04632408,-8.561220901,14.5031804,1.569142775,-6.6147552,7.154625021,0.907730367,-3.139725513,3.439682184,0.409907422,-0.763213873,1.38496924,0.090238086,-3.820876327,2.470988565,0.332050613,-0.634134948,2.19941928,0.078692312,-3.071695987,5.796923068,0.655006727,-1.313619986,3.036436312,0.182786214
458,H,1,-2.071094501,3.232052499,0.615462183,-32.75057845,9.051681377,7.924807823,-5.359520891,43.14601914,12.28132162,-32.69008721,29.7520004,9.401919155,-23.82026165,36.18697947,9.038509521,-26.77668138,23.42331182,8.439118758,-9.038621753,21.48021869,5.365377523,-6.126166328,10.59158013,3.342338777,-12.19239822,42.87742494,9.301569187,-3.685454248,3.08959062,0.488244414,-1.498553615,1.935861272,0.240010469,-8.821950096,7.868364209,0.970182256,-3.197160827,4.259216681,0.434651182,-6.784938815,10.06858471,0.940598198,-3.480523489,4.404426966,0.429600985,-10.39820206,9.14347153,1.960322386,-5.728322677,5.574666655,1.162942039,-14.32275163,13.22465738,1.640642248,-6.121461447,7.489590187,0.943559556,-8.871699657,14.5031804,1.381720072,-6.6147552,7.154625021,0.796478437,-2.29022192,3.439682184,0.31037889,-0.763213873,0.981738134,0.072402427,-1.370737235,1.506918627,0.193011965,-0.374967953,0.930357715,0.050747808,-3.409945708,5.796923068,0.535184702,-1.313619986,3.036436312,0.14650446
458,H,2,-2.231912613,3.232052499,0.760034998,-31.41885286,9.051681377,8.596389049,-5.338713373,38.54841159,11.19531149,-42.69723869,33.39862779,9.328427802,-23.82026165,36.18697947,9.177142422,-33.55781999,22.95638817,8.870122993,-9.433438253,27.03638814,5.151567563,-6.170036461,20.0739582,3.929085349,-12.38466906,37.70158973,8.182437809,-4.134706535,3.490533649,0.541716954,-2.025366363,1.387834534,0.254050785,-9.217327223,8.195920758,1.051831395,-3.293525978,3.64128505,0.444237206,-5.660290211,5.668239197,0.759893028,-2.592847535,2.194066867,0.355896733,-19.39269278,16.68895849,2.156835882,-11.60658355,14.128913,1.283965284,-11.95917708,10.26720787,1.729621656,-6.958915412,6.865366064,0.996665629,-8.871699657,10.62785154,1.416392705,-4.973238286,4.708793951,0.809733259,-2.29022192,3.676786986,0.330572131,-0.734441276,1.636621841,0.087570961,-1.397431731,1.733251553,0.222740632,-0.374967953,0.930357715,0.061477304,-3.409945708,6.865878778,0.572013038,-1.464778458,3.18656962,0.170041561
458,L,0,-5.620394164,2.921454829,1.125925937,-35.73775987,9.62944312,10.83924644,-4.817514413,83.24457333,11.77490016,-24.29317313,28.89133806,10.00563046,-18.86204735,40.03038517,11.08606271,-33.91532162,24.54713649,10.584421,-11.50805234,53.3419977,11.75886405,-10.19867319,44.0988292,9.573279761,-9.992349926,55.15261278,11.94708912,-8.824029322,5.844168843,1.049787146,-3.948590402,2.908397658,0.504179422,-10.86530683,9.296943814,1.347978521,-3.649702924,4.677537392,0.582699033,-6.780559599,12.86976624,1.067844913,-4.134087267,4.488358654,0.622633238,-9.123196522,10.35696558,2.103412368,-6.230862181,6.749574701,1.253662801,-12.96938614,13.25419593,1.979193399,-5.986489007,6.775673423,1.067862105,-11.44673982,9.631854676,1.713152104,-5.637381455,5.424992608,0.957586868,-3.478511754,5.514607764,0.638528313,-1.355899311,2.893931765,0.149842975,-5.440406697,4.690636266,0.680971562,-0.924430831,3.165890297,0.187695243,-3.082127669,5.23217417,0.615280887,-1.296732471,2.605814185,0.149409441
458,L,1,-3.21946216,3.188165999,0.920918292,-35.69517132,9.62944312,8.971038567,-4.760372409,83.24457333,11.76963116,-29.6630935,28.89133806,9.804331515,-17.64778319,40.08734699,9.292826367,-30.0025461,24.54713649,9.717221866,-11.30891979,31.01430399,7.513990625,-10.21003688,43.08943197,10.66598781,-9.92601029,30.87791041,7.202902002,-8.724365297,4.115300463,0.842423286,-3.498961581,2.908397658,0.433099013,-9.819544946,9.296943814,1.261415512,-3.355561537,4.677537392,0.548363442,-6.780559599,12.86976624,1.031742123,-4.134087267,4.488358654,0.601802402,-9.123196522,10.12909947,1.961474914,-6.87202341,5.54385959,1.148123116,-12.96938614,11.53481131,1.731249588,-6.22512387,5.456515866,0.940449696,-9.205300601,10.27668491,1.631886968,-3.943341641,4.709227521,0.893560839,-2.882142226,4.302823575,0.453940722,-0.804572899,2.022622828,0.111228318,-3.99051514,4.761239012,0.593292285,-1.046775191,3.006198787,0.169365346,-2.622972491,4.160283015,0.441198317,-0.745664205,2.14735141,0.117679266
458,L,2,-3.506906366,3.188165999,0.866431424,-33.65479314,8.817838601,8.973598324,-4.777190295,75.82007994,7.461548165,-30.68367923,30.23825748,9.54559758,-17.67964912,40.08734699,8.484809294,-31.99246022,22.82518683,9.076394031,-11.30891979,29.02951049,7.084188864,-10.21003688,43.08943197,10.20604958,-10.3466882,28.19594561,6.843154979,-5.490298105,4.177545872,0.808190187,-2.044943401,2.226178953,0.404270673,-9.819544946,8.722653496,1.287300497,-3.656996514,4.46978808,0.536680946,-14.12410853,21.54585294,1.412837152,-8.688449864,10.32234484,0.782708748,-8.299546287,9.759359516,1.968323662,-6.87202341,5.329827381,1.175314285,-12.72316617,12.49392522,1.766656701,-8.373618374,6.087201325,0.994645518,-9.205300601,12.80407746,1.600901381,-5.671592446,4.901990797,0.887219435,-3.233477847,4.587831502,0.466177896,-0.906873046,2.022622828,0.126783219,-4.534746364,4.761239012,0.657086513,-1.117383422,3.08577089,0.199441461,-2.639762418,4.269795826,0.438978683,-0.784754453,2.14735141,0.12526982
458,M,0,-2.856478878,3.742184966,1.20181809,-39.910616,7.872569736,11.57908007,-5.791948144,78.71465163,13.80343257,-24.56741273,31.51512174,9.670432755,-19.09069064,42.26771177,11.90339638,-31.40713367,19.99747276,11.25450161,-8.973341643,38.80223855,12.98622541,-10.3345282,50.19127327,12.22445046,-7.778363253,40.80702094,13.19702704,-5.364340713,4.531449443,0.962272821,-2.98652305,2.93592016,0.518758102,-11.3369023,8.74697948,1.435523583,-3.96726118,5.918596734,0.617641299,-13.13337808,9.846776047,1.394366383,-4.973831221,5.532996137,0.699882848,-7.578876594,12.08968643,1.94351934,-4.495004834,5.082130675,1.131612558,-10.58581439,11.05907362,2.093828593,-6.976457234,5.691476908,1.18525894,-8.636298779,9.619081568,1.659135946,-4.553739558,6.649822803,0.956735961,-3.580534195,4.338175287,0.493832479,-1.120741065,1.720288279,0.13708504,-4.205757191,4.755718599,0.711635423,-1.311072185,3.479264169,0.21540285,-3.50463703,4.226252994,0.512237065,-1.108837581,2.850954768,0.159250555
458,M,1,-3.098238099,3.057790792,0.927392568,-35.41995963,8.697516973,9.8074529,-5.156944335,78.71465163,13.07246559,-25.71129801,31.51512174,9.259666012,-19.09069064,38.00953571,9.97261926,-32.57151748,19.99747276,9.718549586,-9.163949494,27.17802253,7.4591604,-10.37278205,50.19127327,10.06687097,-7.860061194,27.16286417,7.342241352,-6.821121323,5.134336473,0.930336796,-2.684791181,2.912117959,0.488356605,-9.651172807,8.849583247,1.253586573,-3.638245184,5.918596734,0.542625996,-13.13337808,8.541076265,1.164199007,-4.973831221,5.110808764,0.627583015,-8.615160198,12.08968643,1.988989175,-4.924625326,5.473930087,1.136780787,-10.58581439,11.05907362,1.752726447,-4.936924631,4.725747091,0.971965735,-8.358330348,9.619081568,1.610429107,-4.209047053,6.649822803,0.877343458,-3.807866239,3.842160444,0.470651894,-1.028402339,2.408730796,0.131212489,-4.106209554,4.646578252,0.662008929,-1.134325778,3.479264169,0.213939207,-3.590752416,3.724556636,0.471768397,-1.033963061,3.060148426,0.136443434
458,M,2,-3.313060223,1.82469682,0.801906018,-32.20250868,8.697516973,9.000185402,-5.140016155,30.51303799,3.526745052,-27.09211145,27.36098954,10.12385361,-16.41054839,38.49424693,8.262973578,-32.57151748,19.73408238,8.960506685,-9.228405273,27.17802253,7.554551527,-10.37278205,22.41062978,7.29972894,-7.860061194,28.09212916,7.385297893,-6.821121323,5.253020106,0.835404208,-2.684791181,2.912117959,0.435230877,-9.203537541,8.849583247,1.231402514,-3.066770544,3.802244901,0.501801159,-7.794424159,5.044312278,0.854366464,-3.026953914,2.776127852,0.524516087,-9.662115095,10.39289776,1.913048986,-4.924625326,6.035511385,1.084924218,-9.29137739,10.53389097,1.583801777,-4.662257565,4.878733453,0.881274292,-10.07122163,9.289469206,1.549100621,-3.819649097,4.257253069,0.835512037,-3.807866239,3.842160444,0.440165359,-0.886011023,2.408730796,0.112498419,-4.106209554,4.255812649,0.600626012,-1.134325778,2.776882757,0.192811774,-3.590752416,3.724556636,0.434081,-0.907568627,3.060148426,0.116656695
459,H,0,-2.594162379,5.95598656,1.24076788,-41.83297609,12.32958544,13.07734862,-8.032615105,61.39215116,9.456084971,-27.14066121,32.33901216,11.06800364,-19.79784904,69.3855675,12.684372,-35.57468368,24.86785289,11.99123551,-9.51668365,76.73327241,15.61278774,-10.36622241,56.70124988,14.74555842,-7.812213835,77.26269674,15.6110261,-26.14645275,20.23874428,1.734564478,-11.75066581,16.40747835,0.992276473,-8.099615294,9.014792925,1.03657501,-2.739907958,3.892750224,0.459432354,-11.98716958,12.48888402,1.44201726,-8.27323238,5.424800559,0.772872138,-12.5142218,11.25692482,2.362335316,-7.03990205,7.781508043,1.345389588,-12.34401792,11.90856519,2.146927883,-7.154803671,6.778038689,1.216812608,-13.56898488,15.24362555,1.9264491,-9.4740848,6.928481897,1.158246138,-4.539837298,4.167044526,0.486911557,-1.092656791,2.081608246,0.127928555,-2.73532265,6.839668625,0.517707417,-1.384227076,2.474822357,0.141999669,-5.248340041,4.445465702,0.557310022,-1.24655899,3.023453024,0.160280921
459,H,1,-2.252558001,1.818144953,0.730666083,-38.8536875,12.43153974,9.232166447,-7.779665212,59.78991549,10.29016345,-26.3653892,28.06108167,10.94498211,-22.73907234,44.61095705,9.211777531,-28.57730256,26.14620436,10.39892355,-9.141141402,20.47379801,5.641713938,-10.37399898,18.43504215,6.772389824,-7.687167869,24.11491673,5.826316628,-8.385268655,9.959759819,1.190458297,-5.707978479,3.446552599,0.65932051,-6.641769951,10.25564638,0.959353109,-3.818852784,4.676052541,0.434114335,-13.38159623,16.69828602,2.080910733,-9.794429398,7.833662841,1.050404586,-12.5142218,11.6673273,2.128956958,-6.759124332,7.781508043,1.183831086,-12.30162796,11.90856519,1.844304673,-6.194639409,6.700987311,1.045203171,-7.851254027,8.728912079,1.782556264,-5.130743435,4.072474723,1.034421754,-1.988771824,3.203170382,0.325399375,-0.585180571,1.461403919,0.087591617,-2.537544061,2.275338881,0.323354705,-0.583201231,0.877775065,0.09224551,-2.605741515,3.363213491,0.376242241,-0.646435422,1.986664779,0.109419463
459,H,2,-2.532556805,1.889677443,0.769748696,-38.8536875,12.43153974,9.668986391,-7.779665212,76.56798756,11.49829428,-24.14598512,28.06108167,10.42076207,-22.73907234,43.79251157,9.721704008,-28.50195572,26.14620436,10.09545397,-8.825319177,15.96672991,4.955181934,-10.37399898,15.17536466,6.765492658,-7.687167869,19.01812686,5.034521557,-8.385268655,9.961000219,1.175896539,-5.707978479,4.898006824,0.643005959,-5.896273691,10.25564638,1.000018259,-3.818852784,4.676052541,0.448762423,-14.111732,16.69828602,2.280157185,-9.794429398,7.833662841,1.130062523,-9.381465935,11.6673273,1.986582117,-5.138515704,5.554794168,1.107987177,-9.860276834,10.33507082,1.832289326,-5.573712341,5.526589621,1.06713177,-7.851254027,8.728912079,1.749588512,-5.130743435,4.764775059,1.036410072,-1.988771824,2.664993502,0.317091257,-0.585180571,0.875135068,0.085327382,-2.537544061,2.275338881,0.308800163,-0.583201231,1.440692196,0.091728293,-2.202644101,2.985820292,0.3660057,-0.724161889,1.981819782,0.109890526
459,L,0,-2.874056966,5.586752923,1.225267824,-50.28280327,10.513122,12.11279474,-7.098454718,57.33225993,5.434965597,-40.15036944,30.92374787,11.54573985,-18.88137057,40.06527181,10.08970794,-39.20111656,26.4303318,10.4737922,-7.588601528,64.10587454,16.2408832,-6.400413281,75.47595584,17.16326167,-7.750741016,104.1037151,13.97345274,-9.495015554,12.36094824,0.830802634,-8.450806093,8.184876897,0.529296739,-11.89251758,11.25185655,0.997450014,-4.42783918,4.110684071,0.467460033,-6.730361132,9.444461365,1.195339275,-4.103654211,5.979984343,0.743260309,-13.36920134,13.64064249,2.126048132,-7.852728752,8.393433263,1.227684522,-13.74058872,12.63781112,1.757602454,-8.530776616,5.914446062,1.05580671,-9.09084046,12.14466345,1.808942518,-5.586779068,5.774868467,1.104304966,-1.810109974,2.040025953,0.219158823,-0.459652691,0.763939593,0.048551151,-0.757953379,1.111562419,0.14930939,-0.239137313,0.559882437,0.035754572,-3.01117386,3.890657056,0.416083496,-0.867093558,1.656214015,0.09903335
459,L,1,-1.653447739,2.377379814,0.768163751,-43.02071041,14.57472693,9.743318835,-6.44879017,86.46061999,7.984976549,-44.7339367,23.33863683,10.42463059,-20.4754425,36.01303921,9.524312516,-29.08945871,26.4303318,9.809440301,-7.881417841,20.3683241,4.93992985,-6.400413281,5.745496319,3.598749064,-7.883503385,36.31584346,6.769825299,-3.450685121,4.157743399,0.671761734,-2.285220811,1.979532645,0.376941359,-11.89251758,11.25185655,1.045647816,-4.42783918,4.110684071,0.485917399,-17.79113834,16.61311105,1.623692296,-10.01039621,7.180866701,0.930964421,-8.470123325,13.46170956,1.842347439,-7.085079112,7.002155779,1.039121823,-11.72475508,12.17251898,1.818133901,-8.530776616,5.815251227,1.058256544,-8.158583744,9.574695125,1.814396641,-4.491050449,5.291948816,1.044555962,-1.342270612,2.843082783,0.233722111,-0.698830738,1.04669902,0.066489452,-0.922181625,0.732158438,0.111065692,-0.177962589,0.292742869,0.030822378,-2.883904804,5.933594976,0.421637046,-1.252697165,2.650022521,0.129701457
459,L,2,-1.653447739,2.377379814,0.736885262,-45.35691713,14.57472693,10.68943454,-6.44879017,95.53250608,14.18986951,-44.7339367,23.33863683,9.591643494,-20.4754425,44.66356677,11.04005502,-25.76283464,30.59536745,10.52940456,-7.881417841,20.3683241,4.425577077,-6.295843631,5.745496319,3.315232431,-8.087762817,36.31584346,6.463761088,-4.613946466,3.705489528,0.692791312,-2.730012468,2.064088535,0.380193045,-7.297833041,10.89189048,1.08729295,-3.790342887,3.264822203,0.521443409,-17.79113834,18.52189286,2.210698095,-10.01039621,7.825183984,1.126261608,-8.470123325,13.46170956,1.785711633,-7.085079112,7.002155779,1.027181844,-9.81169075,15.64867086,2.048634158,-6.472117277,8.449668294,1.192138461,-7.89289847,11.88711578,1.835770112,-6.702493047,5.39778188,1.04819668,-1.342270612,2.843082783,0.248861891,-0.698830738,1.04669902,0.070893497,-0.922181625,0.734602575,0.114899433,-0.211575366,0.516903999,0.035339857,-2.474058125,5.933594976,0.442773282,-1.252697165,2.650022521,0.133242023
459,M,0,-1.244640545,8.478731999,1.254439619,-60.92478072,18.64659634,15.79758612,-7.542220848,77.9222474,13.98986474,-29.31992288,36.38143097,11.37704836,-16.26086223,50.02455532,13.80505911,-42.38948761,21.55712574,13.58284612,-11.27365117,98.9628772,15.81883167,-14.17588201,78.91832613,15.33626026,-8.333482431,102.4632728,15.79544145,-4.349514319,6.048464954,0.866946589,-3.0980999,2.050755259,0.445081601,-9.5138435,16.78538256,1.54522426,-6.529284659,7.954306261,0.779066535,-17.92322898,19.07552077,2.319481701,-10.14451472,7.69863214,1.178547269,-12.13907148,11.83500182,2.600759533,-7.498027172,9.191639934,1.527248865,-10.09209753,12.79136431,1.90784862,-7.228218576,6.224810635,1.116538953,-10.51603642,14.693516,1.899068876,-7.368066277,5.959720558,1.122694315,-2.704335156,3.625383994,0.529565508,-0.983915787,1.16601067,0.125020478,-4.838752567,3.795706856,0.567701624,-0.908588927,1.326514867,0.144601858,-2.776082923,4.141286156,0.600523194,-1.053227836,1.537177787,0.144665349
459,M,1,-1.623289505,4.974414209,0.722750544,-56.11564266,18.64659634,9.642414437,-7.237938006,77.9222474,13.76788392,-31.87074452,35.89534981,11.51309961,-19.79332819,48.03076955,8.716670011,-39.21140951,21.55712574,9.297353708,-11.53466355,24.03490312,5.457797262,-13.94808548,10.4922188,6.512574254,-8.46547465,29.95450469,5.839432947,-4.349514319,6.048464954,0.752785409,-3.0980999,1.91398105,0.398795021,-8.261728721,16.27776787,1.223617176,-5.664562154,7.954306261,0.612029011,-17.92322898,19.07552077,2.41427041,-10.14451472,9.242048133,1.206255953,-8.622588403,8.232494412,2.267302029,-4.720385149,4.944575913,1.335733838,-10.99319236,12.79136431,1.775129704,-7.911704151,5.472223687,1.037090935,-10.51603642,14.693516,1.814287575,-7.368066277,5.959720558,1.075620752,-1.748932771,3.050421758,0.268194654,-0.517500905,1.16601067,0.081148765,-2.12380289,1.921252316,0.30338664,-0.61483915,0.734389224,0.100807921,-2.17372277,3.308522626,0.318322314,-0.569478744,1.53829267,0.102313969
459,M,2,-1.697638912,1.295057512,0.726911261,-45.52219566,16.24725709,6.90179441,-7.237938006,74.81542642,8.989501803,-34.57888126,32.20594099,11.17375365,-23.17242908,39.13413498,9.534516498,-35.90713253,21.22652895,9.648920729,-11.53466355,12.34688696,4.346391355,-13.56604636,11.50049182,6.62553777,-8.46547465,14.53857343,4.182348881,-3.567027683,3.136811769,0.608067738,-1.891493206,1.386714294,0.347484005,-6.856099268,8.869923629,0.860056265,-3.185547979,3.258148204,0.45020425,-15.89416518,18.68624485,1.49892836,-7.082744823,9.242048133,0.826811705,-8.622588403,7.573129916,2.020350502,-4.889156431,4.911316723,1.213418459,-10.99319236,10.34401651,1.724226075,-7.911704151,4.697659229,1.011635523,-7.31317964,7.920466745,1.687445909,-4.203521903,5.480410687,1.010057887,-1.455081662,2.084751606,0.170813426,-0.311627301,0.741880956,0.053209334,-2.12380289,1.343574929,0.241945134,-0.61483915,0.734389224,0.087271738,-1.39456715,3.029447801,0.199125222,-0.556786002,1.53829267,0.069312423
460,H,0,-1.944298587,6.052404935,1.261225242,-63.22921363,20.70125895,15.85119231,-5.705018723,104.1629105,14.7012585,-36.49159079,36.11174991,13.06172431,-36.06215285,60.15302774,14.53815268,-50.92838636,33.62687316,13.65129704,-16.36539324,47.79677992,15.34467753,-15.32863393,46.59208526,14.92402986,-13.54336447,60.43195428,15.03118649,-4.375210827,7.17659697,0.948059781,-3.221473335,3.139352885,0.51687892,-18.15438426,15.99448361,2.101851129,-6.485388085,8.689493076,0.928121407,-19.32440013,17.40745005,2.391164985,-10.69406687,6.86655865,1.179366271,-14.24745456,13.93135253,2.854265917,-7.67386761,7.31743252,1.65674666,-19.47906764,20.05445356,2.91257302,-10.01416422,10.62462467,1.669795811,-15.14674027,18.16433602,2.623926549,-10.03917542,10.45129275,1.556825364,-3.388953494,4.734711515,0.68014864,-1.118363855,1.49143757,0.191273697,-4.125924831,5.079434183,0.749566357,-1.345140827,3.977638613,0.21821568,-3.91788923,4.202933262,0.696191112,-1.085642641,2.03694201,0.242798658
460,H,1,-1.529613536,0.965051451,0.399927036,-61.97532918,12.71479016,8.719159407,-5.606352956,104.1629105,9.551783697,-36.46800148,36.11174991,11.63887657,-22.52407944,40.58559575,7.670790896,-41.69076812,26.83203971,10.60833636,-16.36539324,20.73118887,8.532923326,-15.32863393,29.12612086,8.336417282,-13.54336447,27.10343844,8.849585765,-4.517623162,5.370443752,0.915423388,-3.003769739,3.579903938,0.536702406,-18.15438426,15.99448361,1.683631113,-6.485388085,9.03698,0.787137065,-19.32440013,16.48347585,1.850174192,-10.69406687,6.86655865,1.004717402,-12.67769871,13.93135253,2.422768228,-6.491077468,5.615728949,1.391615636,-16.20725173,15.17496816,2.148891078,-10.01416422,7.326560461,1.296149057,-15.55498037,18.16433602,2.244171694,-9.569830424,10.39443523,1.351334398,-2.466543181,4.189450746,0.418138473,-1.118363855,1.242170253,0.141008248,-2.651957322,5.079434183,0.486225815,-1.345140827,2.625565263,0.151797723,-2.542723806,3.134450138,0.458683729,-1.085642641,1.019116058,0.185297494
460,H,2,-2.741803291,0.966616516,0.631906184,-60.28319892,18.45441307,7.509967858,-5.645590098,90.35722647,9.651569552,-31.14611115,43.50777584,10.86052565,-34.04521733,47.24403254,8.983199496,-39.93602725,25.64822595,10.3877814,-16.77397073,38.96175216,8.475505707,-14.41904252,30.27278747,8.990328938,-13.60638955,51.60944904,9.048999595,-4.824205192,5.490407881,0.966518189,-3.003769739,3.579903938,0.565150448,-17.10361916,15.36917166,1.426299242,-6.566671359,10.69886209,0.717102647,-19.33276734,15.70976402,1.996802278,-8.471760225,6.918683986,1.015261771,-9.339629349,12.73246571,2.116338388,-4.523923079,6.819955875,1.223687319,-13.64774399,12.02327897,2.197673499,-7.213437063,6.541822236,1.335259145,-16.34710591,9.60788271,1.993493847,-7.040993931,8.691562976,1.18089759,-1.735213076,2.861109337,0.36162964,-0.702254099,0.903460394,0.124443119,-1.708493104,3.11320697,0.332095316,-0.712485953,0.987678182,0.115455961,-2.153336561,3.749537018,0.479188224,-0.888396037,1.455579671,0.178929333
460,L,0,-2.446329839,1.597786179,1.074633072,-67.00298276,19.00051406,14.52910688,-5.866180693,90.99733629,12.36698292,-41.65077158,31.57190319,12.53896555,-18.132907,44.19081535,9.777706811,-46.23098608,26.72695045,10.20009632,-19.2387947,66.73370619,15.99414996,-17.13666941,67.00989053,15.82299129,-13.53669244,85.86222424,14.11074083,-8.052179301,7.655523739,1.249976084,-3.905566453,4.72360724,0.70446879,-21.85168008,16.3871836,2.033376716,-8.56642692,11.59170494,0.91761376,-21.17205428,21.266266,2.423020319,-8.180811938,11.60440072,1.282718081,-12.19501987,12.61744181,2.414861674,-6.322270261,7.157520662,1.396993577,-11.4718119,13.86138471,1.98277595,-6.110108836,6.713563155,1.142237031,-15.79499231,12.1080544,2.267549223,-8.609173004,7.616311257,1.353868154,-3.277373406,4.828401925,0.551864648,-0.901858642,1.367634665,0.149562716,-3.467454475,3.431251896,0.51922516,-0.969620521,2.159771414,0.141294582,-6.242482101,8.576840931,1.025706286,-1.739569273,2.132221848,0.322768462
460,L,1,-1.80195072,1.172860476,0.611378618,-61.27079666,18.60710881,9.78612391,-5.835880382,87.83018874,8.978095411,-41.65077158,28.95786887,12.07603807,-26.57468502,36.45341186,10.70529302,-39.2700262,28.32485453,10.91540098,-19.2387947,24.65336405,9.969870222,-17.13666941,16.01538435,9.885336224,-13.79856573,65.08875957,9.079076671,-6.404623801,7.655523739,1.112836428,-4.124432973,3.740446805,0.639357479,-19.39453391,12.84305155,1.84432672,-7.511686357,8.821624175,0.890449082,-21.04935377,21.266266,2.057019376,-8.180811938,11.60440072,1.194098046,-10.16216445,12.61744181,2.299981395,-5.852097707,6.266863726,1.310995376,-11.83244243,14.30291915,1.959072568,-6.177680145,5.262837713,1.149465694,-12.43479313,13.62371077,2.133816906,-5.744692623,5.735972956,1.292603871,-3.277373406,4.272407364,0.376935503,-0.901858642,1.367634665,0.120841343,-2.671149116,2.481372677,0.283444692,-0.586261422,2.159771414,0.102129518,-5.448991262,8.131755441,0.743694048,-1.71472042,2.106707811,0.261709802
460,L,2,-1.21585136,2.821257149,0.929899271,-62.09779201,18.48937898,9.455401327,-5.835880382,96.57648543,12.48075919,-32.60101931,32.85026621,11.84886056,-26.57468502,49.56024306,14.0801824,-52.94545368,29.05927782,13.87652351,-19.14190887,13.12730804,7.215972,-16.76801236,14.61957439,7.523463014,-13.79856573,37.89750547,10.28831718,-6.075948854,5.46404867,0.992011823,-4.124432973,3.740446805,0.582274722,-19.39453391,12.51805639,1.988533575,-7.511686357,8.821624175,0.962578455,-22.20370368,26.09867398,2.094851637,-10.23023735,10.78527577,1.159277924,-11.46709235,11.5930049,2.388362633,-5.826881545,7.388530307,1.381001526,-16.83196986,17.46219351,2.516676543,-10.51252091,7.537153346,1.391501654,-22.00047593,22.72867039,2.601797923,-10.78806607,10.16848787,1.501317914,-1.117452375,1.474486303,0.284183185,-0.478051403,0.538604004,0.096827118,-0.976264684,0.83916044,0.220213642,-0.320849359,0.377500574,0.079505047,-2.293332285,4.063319533,0.639996306,-1.030126566,1.139373036,0.242840181
460,M,0,-4.793160205,2.767512554,1.058482783,-51.34508477,15.71706781,11.91696062,-7.864581784,85.77097784,13.25981753,-32.85086315,48.54791042,13.06809263,-20.84303667,51.02172751,12.12016855,-49.96381322,30.34968844,13.1476913,-21.5987427,32.98333943,10.24866406,-22.89900129,28.15855461,9.139614445,-18.19602808,42.16296595,12.41016799,-12.04169473,13.99782089,1.899536954,-6.792761923,8.067515514,1.078171139,-14.42428157,12.08804909,1.639621319,-5.378371473,8.001263743,0.717351625,-18.34844146,26.06054401,3.031089819,-13.74226402,10.247126,1.706904777,-14.42033766,14.77412359,2.908490467,-7.985593213,8.06379578,1.708765031,-14.81038673,17.06579616,2.108894572,-10.50172894,7.672751212,1.170373331,-15.83364928,15.04925816,2.386735905,-7.709298545,7.412533678,1.380291957,-4.624521354,4.31429085,0.664612408,-3.080831027,2.408069848,0.261533127,-5.578768902,5.017749962,0.656883824,-1.508910446,4.672714884,0.246401923,-5.967489013,6.512472573,0.866232218,-3.89404108,2.894368376,0.36928764
460,M,1,-4.793160205,2.474203368,0.793804171,-54.01827107,15.71706781,11.48809842,-7.726008347,79.99552813,8.652305105,-36.63412121,32.14078657,11.25291176,-20.84303667,53.09159629,11.90989397,-44.59101398,30.34968844,11.75966029,-26.28236868,32.98333943,9.890005407,-21.70958317,28.15855461,10.66036049,-18.27008623,40.2272909,11.30367462,-9.814588287,13.79300878,1.767805461,-6.450006142,6.183924729,1.00261962,-16.25183556,12.08804909,1.594456165,-6.481221763,7.905027744,0.699040261,-14.04512188,18.93591167,2.308291436,-9.820653335,6.734805614,1.347211709,-13.63738467,12.75287627,2.678096026,-7.060596922,6.05397134,1.602216253,-14.59825371,16.76927769,2.056092843,-9.784079726,7.077827307,1.138464207,-16.13982683,13.81137641,2.221038734,-8.606399223,11.30017407,1.350063535,-3.831521541,4.67997377,0.733101417,-1.043361785,1.466491655,0.249010326,-4.003546784,5.017749962,0.619320823,-1.415905468,3.077085378,0.209808287,-4.244976085,6.172489429,0.877611256,-1.61299464,3.672466249,0.361934972
460,M,2,-3.807096477,3.440033077,0.902752088,-54.01827107,14.60955414,11.6424698,-7.729899656,113.1150407,10.68655386,-36.63412121,32.14078657,10.84356757,-19.64472469,53.09159629,11.15376525,-53.2150633,25.56653404,10.55902456,-26.28236868,92.13896763,13.49784903,-20.84935476,97.10151194,14.07386699,-18.27008623,37.89710125,11.40353923,-9.814588287,13.79300878,1.775564229,-6.450006142,6.183924729,1.019385019,-16.25183556,10.93855367,1.525181274,-6.481221763,7.905027744,0.685584951,-31.39121891,28.2996036,2.711969887,-17.23071128,15.36659159,1.54123688,-13.63738467,12.75287627,2.399887338,-7.560517601,6.05397134,1.441733173,-13.27710761,16.76927769,1.975712022,-9.784079726,7.077827307,1.109013548,-16.13982683,13.81137641,2.155355352,-8.606399223,11.30017407,1.311369436,-4.406854982,8.434176565,0.897926752,-1.684504132,2.05617742,0.258009424,-4.046762622,7.604271847,0.74745587,-1.496445578,2.314861158,0.199341216,-3.987354608,8.116253223,0.965930852,-2.399636026,3.672466249,0.389432059
461,H,0,-5.255832761,7.0085501,1.287616057,-49.52082296,17.76007824,12.62661004,-7.143192933,86.34258929,14.4103666,-55.29902319,27.23601428,13.24373559,-32.91937894,50.22254435,12.28633148,-41.02318763,42.53666332,12.64459178,-10.56020961,81.63473877,17.42050456,-8.703953748,78.67507491,17.42998722,-16.28119257,83.34002274,15.71370717,-8.983797965,10.01653545,1.592922596,-5.137030646,6.404849726,0.912503331,-11.97294658,9.956692874,1.930149446,-4.738507086,6.609750917,0.879195298,-21.05504418,20.4390405,2.345631387,-9.845329423,10.70526252,1.267472654,-20.97337811,17.54081319,3.268829847,-9.391604431,13.51901834,1.918114108,-17.27285865,19.94462316,2.98599557,-11.38317519,9.303145561,1.681030481,-17.63303789,19.01337068,3.471751809,-16.13971518,10.76568773,2.203085488,-2.789043533,3.066840647,0.460079134,-1.651873421,1.917053897,0.218580042,-2.060654235,3.07401541,0.347277719,-1.253697373,0.946132001,0.136758209,-12.29663166,7.142584561,1.13637384,-4.85979151,8.141440495,0.618496392
461,H,1,-2.488629086,2.522805978,0.596074903,-41.42296547,15.39862654,9.947991095,-7.140908623,83.88814598,13.31929149,-54.25372627,31.52759092,10.99331453,-31.96158765,42.84869214,10.88679656,-34.64048273,39.18774383,10.4649097,-10.56020961,11.26215514,5.223132528,-8.703953748,6.474669893,5.191949488,-16.27748599,37.11072835,9.705073492,-10.17637685,7.036322449,1.381598233,-5.788738128,4.433007494,0.811701869,-12.06918441,9.04391521,1.994360311,-4.520976429,6.792421144,0.914372467,-21.2204644,24.25186476,2.472128775,-10.43306293,10.58587962,1.301641912,-22.91394291,20.31617422,3.146135363,-9.391604431,13.51901834,1.847779928,-10.39942559,14.94249095,2.469972491,-8.645865064,6.86915819,1.428044311,-17.63303789,19.01337068,3.268833618,-16.13971518,10.76568773,2.116191056,-2.789043533,2.481239472,0.380666095,-1.651873421,1.917053897,0.20051686,-1.53496021,2.389445553,0.264237187,-1.253697373,0.946132001,0.131891322,-7.834930701,7.142584561,0.971316109,-4.198223091,5.749617119,0.52426594
461,H,2,-2.488629086,2.522805978,0.661673106,-44.47425133,15.39862654,11.4897831,-7.100546319,83.88814598,10.51981561,-56.75848712,33.19707937,11.17186576,-31.96158765,42.84869214,11.63792163,-39.56940915,39.82414605,11.6772301,-10.50014468,10.14705738,4.506293438,-8.540952819,8.986772415,4.618740796,-16.29901241,35.75471712,8.285710577,-10.17637685,7.442606194,1.374504916,-5.788738128,4.433007494,0.809697095,-14.77521423,10.26379434,2.012111169,-5.433259473,7.564214145,0.944997803,-21.2204644,24.25186476,2.045766418,-10.43306293,10.58587962,1.142905441,-22.91394291,20.31617422,2.998957311,-9.069621492,13.27436249,1.761532027,-10.39942559,14.94249095,2.568790625,-8.645865064,6.86915819,1.47672292,-15.25980485,17.59552861,3.222097887,-13.54774493,10.21239157,2.019638006,-1.838607345,2.481239472,0.333587431,-1.114430422,1.117733067,0.169840997,-2.061501329,1.672553288,0.263519798,-0.729225864,0.925533562,0.12220857,-4.004374706,6.469556307,0.885674741,-2.869593478,2.785511376,0.468010279
461,L,0,-4.60392447,2.52813942,1.214449199,-45.16746611,14.2747426,13.52529145,-6.898595215,141.1810777,17.62609691,-45.38825394,29.96588208,12.77986158,-31.4414955,54.84111746,13.5632796,-41.34871474,31.87408781,13.59366253,-7.729454914,114.2666355,18.72356359,-7.550890087,120.7127227,18.87502513,-10.1944823,73.63345862,17.24344548,-13.56938058,12.94068289,2.021277708,-8.980499597,6.437656239,1.145838801,-12.45628407,11.11284021,2.059209804,-4.915511178,7.053277498,0.989804516,-43.56129058,25.36492004,2.791456228,-23.6605874,18.1308577,1.498460895,-12.85497896,15.2002235,2.846240991,-8.113756354,8.337387926,1.649345714,-22.47088597,18.85482751,2.788425002,-11.30397749,9.063489628,1.580537344,-15.09429307,11.03724434,2.428826317,-8.568750909,7.613072308,1.52452652,-2.962881051,2.674058782,0.35626796,-2.133496447,1.195198047,0.159734879,-2.023732343,3.045367295,0.293252001,-1.021483408,1.389864444,0.106774998,-12.90316411,13.89314418,0.995732156,-8.490824248,5.796070229,0.5165976
461,L,1,-4.511828147,2.219797268,0.908924284,-44.72506931,13.53002987,10.37240884,-6.076156179,141.1810777,17.61919394,-52.04354534,35.39520312,12.18916829,-31.4414955,55.42643931,12.5839963,-28.40916163,31.87408781,11.54576727,-7.729454914,11.71849377,4.089245847,-7.444911296,11.16404115,4.208343774,-10.1944823,32.96446377,6.9029528,-11.32776959,11.01036875,1.823228498,-7.352527172,6.137311156,1.06261895,-11.94512853,11.11284021,1.804596853,-4.858810828,7.036339574,0.876344127,-43.56129058,25.36492004,2.889091236,-23.6605874,18.1308577,1.571512963,-14.39572047,19.4115118,2.921667449,-7.685980544,12.06458528,1.678374468,-18.38051184,18.85482751,2.498065599,-9.425334681,8.042400672,1.409446595,-12.85194156,10.18100175,2.339492332,-6.812685308,6.923982931,1.417342386,-2.117081512,1.908180837,0.252167522,-0.829725183,0.846707093,0.120108927,-1.190300837,1.553037299,0.192590676,-0.567961091,0.940319966,0.083382773,-5.385044261,4.470017004,0.693963108,-2.310918599,2.57333224,0.365062556
461,L,2,-2.928835476,2.427506998,0.74795369,-44.72506931,12.75212252,10.07411741,-6.236766877,10.76668287,4.093898179,-52.04354534,35.39520312,12.01780715,-28.82176964,55.42643931,10.61117009,-28.40916163,28.49981711,11.05626578,-7.728198907,3.826796581,2.998258723,-6.813535136,5.581894719,2.731287466,-10.00636679,13.43433325,5.357483185,-11.32776959,11.01036875,1.896002255,-7.352527172,6.137311156,1.108183133,-11.71211137,9.366190374,1.753601174,-4.390613483,6.697762388,0.833340674,-4.995988638,4.546299526,1.555082989,-3.277327962,3.342206415,1.036604342,-14.39572047,19.4115118,2.771493828,-7.685980544,12.06458528,1.576755307,-10.357463,12.7131209,2.224972035,-6.596108839,6.078718962,1.267453438,-10.60477569,10.18100175,2.12477783,-6.065224397,6.022655726,1.283254527,-0.906745031,1.003526751,0.147413093,-0.76835786,0.556969984,0.077208853,-1.014046702,1.137983426,0.126622985,-0.329775267,0.778342298,0.05763159,-4.104086496,3.076587507,0.522530473,-2.701759276,2.767315273,0.321394764
461,M,0,-2.468507744,4.52090901,1.438579502,-35.04326644,13.76341001,15.38903292,-7.141912485,108.00327,6.733144974,-57.93908055,41.2272625,14.63515975,-34.80472593,40.14855097,13.77393379,-40.14799289,30.27590412,13.55338154,-7.55648598,56.15090223,17.73517497,-9.105892536,59.40584129,17.23810735,-6.361215331,59.91191463,17.80976585,-6.919788823,6.036661136,1.063659161,-3.343662771,3.954115121,0.571042504,-8.56856013,10.33107182,1.440436327,-4.152600337,4.731850739,0.67204817,-18.8883493,33.32708798,1.934643311,-17.46878257,15.75825748,1.240345119,-21.89842011,22.90156396,3.445800368,-15.01051972,16.31296693,2.056581327,-21.74245134,15.32400211,2.420891412,-10.59360944,13.53815911,1.375995574,-14.46628451,14.57581209,2.209925937,-10.55463274,8.407653594,1.399302079,-2.643396587,1.868969073,0.237596405,-0.600492426,0.604601117,0.053382053,-1.907670907,3.162325478,0.306255639,-0.554735861,1.064795223,0.075812129,-2.79920176,2.135975245,0.266591961,-0.808123912,0.792024294,0.079630595
461,M,1,-2.000673259,1.647222983,0.540994484,-30.61616501,13.95224646,9.510110625,-7.153772515,112.6792176,11.78498757,-57.93908055,34.99363661,11.04631202,-30.6909223,37.59286823,9.814295627,-29.24414063,22.96698591,11.08038135,-8.078678333,4.72253142,5.17575167,-8.801966389,14.13121569,5.543484451,-6.473518925,0.602064717,4.684534035,-4.938787965,5.128641477,0.928725964,-2.496929076,3.365649866,0.526566129,-11.17052217,8.837010294,1.524912177,-4.742114039,6.888301208,0.744591791,-22.28711591,24.48372835,2.210353008,-9.823775808,11.62758192,1.282309019,-21.62259568,22.90156396,2.825059902,-11.22373715,16.31296693,1.66606845,-13.76687381,11.69268034,2.020784428,-7.805848479,5.243365545,1.140257513,-15.11194535,12.46415881,1.956104496,-9.791064107,6.420216338,1.174483843,-0.375999606,0.839210552,0.084276053,-0.222484814,0.29754588,0.036325357,-0.71845819,1.407672486,0.142193916,-0.330844921,0.485151131,0.055476738,-0.447407436,0.556129676,0.096775698,-0.37572506,0.357738536,0.053205653
461,M,2,-1.544270353,1.647222983,0.501042322,-30.43130138,13.95224646,8.937533745,-7.153772515,127.5982223,17.5608072,-45.46916482,28.77405612,9.800799172,-30.6909223,29.8413492,10.33245735,-29.24414063,26.62433745,10.57734363,-8.078678333,4.72253142,4.362508684,-9.098650746,14.13121569,5.776233966,-6.473518925,3.42050357,3.849617312,-4.467703809,4.84526116,0.949513677,-2.675158644,2.830944736,0.539363823,-11.17052217,8.837010294,1.539449434,-4.742114039,6.888301208,0.745528535,-32.25618345,26.46411031,3.546381652,-18.76838697,14.6132852,1.858349074,-16.54888248,17.27082037,2.703406063,-6.693095173,11.52478754,1.57020376,-13.76687381,13.21492482,2.16035246,-6.143581023,5.968984415,1.23150827,-15.11194535,12.46415881,2.117615795,-9.791064107,6.420216338,1.285252249,-1.014024857,1.309275861,0.118260489,-1.156027891,0.831940586,0.060650941,-1.015712642,1.407672486,0.176577234,-0.469808986,0.524538778,0.071239003,-2.526828513,3.10188129,0.157226985,-2.10793667,2.077074116,0.095093387
462,H,0,-2.237173124,3.851466035,0.878229254,-36.04159837,20.59765354,11.21580837,-9.312900672,27.99887539,9.39715462,-28.70268128,37.42541422,11.17720795,-24.45051637,35.32947109,10.85493861,-30.94522075,36.93206192,11.15354879,-12.41440413,25.36319519,7.957102513,-10.21164372,19.07615227,6.972762331,-9.715601234,32.88778963,7.378827922,-6.491530703,5.414680882,1.152813254,-3.703166523,3.229553928,0.651793224,-12.74767315,9.519715541,2.083179115,-4.763448819,6.708994729,0.943397279,-8.301581494,6.333821658,0.817774077,-3.006130896,3.06706839,0.390775629,-18.45280898,13.05362797,2.301025998,-9.356276233,8.794405503,1.34825241,-13.57814182,13.22790409,2.386604693,-9.152885029,6.941934685,1.31348137,-15.81685309,13.20037797,2.534933426,-8.178512935,8.054488534,1.456528596,-1.730462932,1.100568206,0.188088093,-0.360888404,0.561920124,0.049754016,-1.494112132,1.797762038,0.218897045,-0.614467087,1.027953346,0.064252765,-1.893186582,1.262509467,0.207551918,-0.343010684,0.70183955,0.062715693
462,H,1,-3.715095714,3.306811594,1.074721686,-36.21147914,16.55349364,10.3044052,-9.312900672,36.72398043,10.36949056,-28.28981784,32.2052336,10.72886704,-24.45051637,30.78057472,10.96789024,-32.8370873,36.93206192,11.68650107,-11.85738743,34.12805285,11.09572194,-10.3319021,51.84424437,12.73914428,-9.715601234,43.2530842,8.725595923,-6.739935209,5.984965708,1.084190536,-3.707777386,3.418965558,0.607331034,-12.74767315,9.519715541,2.028630921,-4.763448819,6.708994729,0.918251187,-6.924366921,6.620423966,0.827545383,-2.556656894,2.509045795,0.359410971,-10.24380989,11.18154082,2.259701324,-6.456455979,7.02588873,1.303756395,-13.57814182,13.22790409,2.377276743,-9.152885029,6.941934685,1.329828016,-15.81685309,13.20037797,2.644963219,-8.178512935,8.054488534,1.533341502,-1.744707771,1.807011983,0.20358316,-0.454656936,0.408825088,0.051251444,-2.423895942,1.889015036,0.276743215,-0.50577246,1.563086773,0.070778823,-2.083403435,2.278708794,0.213254866,-0.562272077,0.70183955,0.066174695
462,H,2,-3.890561576,2.979542021,1.055184039,-36.66134331,16.55349364,9.939819804,-9.381653289,38.60724486,12.71343051,-29.4634004,32.2052336,11.04192269,-24.3827628,38.66429468,10.80430449,-33.20190144,34.18777639,10.90802204,-11.135672,56.58763825,13.0296335,-10.3319021,51.84424437,13.5446633,-9.526257488,69.29068291,13.34872633,-7.179002748,5.984965708,1.253961327,-4.01345127,3.418965558,0.721255666,-12.49894146,8.105077735,1.988878034,-4.689364607,6.095690145,0.893708886,-9.687961815,7.776170193,1.146998962,-3.286519436,3.481784339,0.490308469,-12.10417265,11.23143534,2.308835193,-5.497016569,7.02588873,1.293446017,-11.75840704,12.83278528,2.363147462,-6.314172101,6.160526172,1.305249806,-13.66210303,14.7379306,2.648392072,-8.924317417,8.045302738,1.552734377,-1.744707771,3.106286119,0.324706918,-0.486971974,0.770140357,0.07048131,-2.423895942,1.889015036,0.327953882,-0.50577246,1.563086773,0.076621714,-2.960138265,3.540661388,0.40192749,-0.570809569,1.794685422,0.10470654
462,L,0,-2.118401414,2.698264995,0.92067103,-35.39241993,19.99393939,11.13298904,-7.493591241,5.08454776,4.484397823,-32.39146194,38.15205641,11.35403471,-26.49945077,32.19415552,10.18309702,-35.65257188,40.2316973,10.84588009,-12.69415191,15.08217755,6.860184023,-9.468973228,8.936508777,6.421981346,-13.87773752,32.58025835,8.144103837,-7.441140815,9.085968279,1.499990411,-5.481291727,4.09192985,0.870813233,-13.89626058,8.843320223,2.019922106,-5.431361731,6.076813611,0.906753216,-2.677405094,2.715653304,0.482568679,-1.740597817,1.426956307,0.290452838,-11.6717044,16.44493425,2.667850866,-8.769629369,8.094745785,1.483667705,-10.98861816,11.52752792,2.161712028,-5.928269842,5.764649176,1.178725589,-18.26906132,12.27136916,2.550968485,-6.49701553,8.266417886,1.517156634,-1.335056959,2.643217656,0.208299478,-0.581487904,1.064989906,0.066944328,-1.178474128,0.665953552,0.152629833,-0.414065938,0.917883892,0.051626807,-2.220708054,4.709029817,0.388070998,-0.96936753,2.183952444,0.123797797
462,L,1,-1.907005591,2.425755268,0.882992932,-31.94473881,16.3170039,10.5699493,-7.129470859,46.14133201,6.967473586,-32.39146194,36.58933397,11.78126557,-23.99053975,32.74994633,11.11120826,-37.88742096,29.57222609,10.80787475,-12.92373906,18.14594908,6.794313388,-9.288788583,16.5890024,6.614915885,-14.2946681,33.5241376,9.427775175,-7.441140815,9.473837598,1.498617596,-5.815055099,4.09192985,0.884556507,-12.62574351,8.843320223,1.950755855,-4.957121099,6.097933597,0.884981948,-10.28323046,7.649446589,0.844033723,-3.041265258,3.586681935,0.383652097,-11.62698839,16.44493425,2.632864576,-6.301578556,7.388431174,1.456186834,-9.653787556,11.06619822,2.131438181,-5.928269842,4.526122547,1.19361566,-13.54565977,12.37108396,2.486224779,-10.4609334,7.265871507,1.502704703,-1.520991764,1.774895578,0.211031164,-0.278534043,0.456474401,0.057628466,-1.007875519,0.630006225,0.159401836,-0.181192272,0.234363199,0.04404702,-2.489554125,4.051270497,0.398094314,-0.651219163,0.957723705,0.113248879
462,L,2,-2.087990015,3.100906054,1.082561905,-32.68884266,16.3170039,11.46246116,-6.889671852,50.63340192,12.90385076,-30.22291185,31.68531373,10.51788108,-23.99053975,32.74994633,12.11271348,-37.88742096,29.61118047,11.40255322,-12.92373906,56.78684537,13.46838686,-9.288788583,54.83714361,13.52678022,-14.2946681,47.89590863,13.20038902,-6.819251539,9.473837598,1.436999382,-5.815055099,4.270690534,0.847579597,-12.62574351,8.269698142,1.932865084,-5.157876644,6.097933597,0.881221698,-10.28323046,7.649446589,1.089253218,-3.509598303,3.586681935,0.474591984,-11.62698839,11.30661592,2.620747675,-6.266255018,6.684815392,1.468859709,-13.72669529,11.06619822,2.392049393,-5.557403983,7.096893541,1.321168275,-13.54565977,14.84839559,2.655857649,-10.4609334,8.389720463,1.597588271,-1.520991764,1.774895578,0.245430215,-0.343047978,0.456474401,0.062632531,-0.990815091,1.493026282,0.224790625,-0.313886802,0.817840283,0.054126421,-2.489554125,4.051270497,0.473676067,-0.675286602,0.957723705,0.129849889
462,M,0,-4.083350559,2.144213594,1.077901457,-31.0475234,17.37737393,11.80488667,-6.474194616,61.22739207,10.46000908,-33.10208328,32.91006946,10.45090975,-26.87597059,35.18329733,12.6921243,-34.84208005,36.74506374,12.72908093,-19.1128242,48.199042,14.48552679,-13.94692582,40.19203409,11.80502244,-15.54302959,47.65703886,14.73002895,-6.888116525,6.325069656,1.20201038,-4.356805274,4.085851372,0.703994436,-12.8618911,8.664031925,1.94505605,-4.860013331,5.287023765,0.847195628,-8.931463308,11.19388989,1.087251301,-4.09062932,4.205566804,0.547932314,-14.90002639,12.93423569,2.76633684,-6.591058829,8.918973014,1.637901987,-13.07208107,13.28432215,2.529080209,-6.161809627,6.759178406,1.379597194,-15.59580603,15.58133643,2.777295286,-9.22548824,9.849346862,1.604173663,-2.51043221,3.454722755,0.357959926,-0.529530873,0.677163429,0.081802572,-2.329336695,2.47340654,0.330418844,-0.632393864,1.300865101,0.092879231,-2.365170998,3.10435463,0.340029149,-0.530506383,0.657376952,0.081432689
462,M,1,-2.35235587,2.719219413,0.974264897,-30.94301992,16.19564911,10.68004479,-6.45806686,65.88356526,13.72031152,-28.50810556,37.70324042,11.28608837,-26.87597059,35.18329733,11.57531006,-34.84208005,36.59299244,11.97307002,-19.1128242,19.07023811,9.990244752,-13.94692582,40.19203409,11.57213725,-15.54302959,18.22276682,9.202535382,-6.601108298,6.325069656,1.135671377,-4.356805274,4.134389703,0.676062856,-11.95353662,8.852551273,1.984833198,-4.524312656,5.721401332,0.893043485,-18.65467182,12.6447577,1.589948294,-6.553552922,7.346191965,0.724853532,-14.90002639,12.62393421,2.717684847,-6.835870653,8.918973014,1.606143405,-13.83893194,13.28432215,2.529100854,-7.339123788,6.587795454,1.41140106,-15.59580603,14.36336162,2.854048682,-8.798203814,7.958896261,1.631679766,-2.235902633,2.626162622,0.263488593,-0.755551878,0.752990042,0.079912921,-2.329336695,2.677394363,0.313428466,-0.632393864,1.92556149,0.093954503,-2.346267197,2.591187322,0.266251844,-0.731641193,1.383475998,0.084092004
462,M,2,-2.013858724,2.719219413,0.958116906,-31.46328088,16.19564911,11.56088546,-6.548159333,65.88356526,13.11777335,-32.21331854,38.18747929,12.29429337,-26.83149962,34.46680855,10.69822445,-31.29244437,36.59299244,10.22106973,-18.81872485,23.88142838,7.659068046,-13.77567106,30.60419765,10.89298233,-15.57827794,25.90461919,7.441159198,-5.711126286,5.647009746,1.143691491,-3.889722677,4.134389703,0.659733614,-11.95353662,8.972446182,1.948853217,-4.524312656,6.104821215,0.891290538,-18.65467182,12.6447577,1.712808228,-6.553552922,7.346191965,0.770480453,-12.91855998,16.19911621,2.755057973,-7.836312827,7.862364035,1.597493888,-13.83893194,13.72078027,2.340370677,-7.339123788,6.587795454,1.310387217,-14.11793226,14.36336162,2.689628461,-8.798203814,9.153052091,1.568483238,-2.235902633,2.14138126,0.270999335,-0.755551878,1.552110789,0.087396044,-1.528688215,2.79267849,0.324673811,-0.556364075,1.92556149,0.105406484,-2.346267197,1.782343414,0.287547689,-0.731641193,1.383475998,0.092902502
463,H,0,-3.834257231,2.397527532,0.979511927,-53.93428743,22.23000047,14.05405315,-7.636795396,71.59188642,14.03474738,-36.83252264,40.43610215,14.21833365,-22.25085856,50.22803195,13.28521316,-44.51628942,26.0922563,12.87272781,-13.77168309,62.04095772,12.36775356,-14.52986777,41.44143412,14.54815726,-10.91567113,68.447776,11.34186285,-8.053857678,11.60884616,1.585036781,-4.608028258,5.137840707,0.885496577,-15.9837141,13.87040534,1.622735631,-6.68151865,6.456942995,0.790112373,-18.63067777,20.55100226,2.6444289,-12.25298256,8.785663605,1.401247016,-10.00886801,11.33693095,2.48279469,-6.764385489,6.842859276,1.395744909,-11.08090308,15.33055706,2.280632121,-7.604067859,6.572557369,1.32167392,-15.30145651,15.64182412,2.433000645,-7.380271697,8.787481874,1.442229529,-3.173655857,3.776000312,0.473575309,-0.908848756,2.172037849,0.134331055,-2.533876343,2.446519329,0.423377044,-0.58474708,1.508866746,0.107085806,-4.194265715,4.440970869,0.548922654,-1.254815139,3.939489784,0.18210568
463,H,1,-3.000667039,4.124911714,0.931675497,-53.93428743,22.23000047,11.54950132,-7.461998412,108.1328159,12.31442149,-36.83252264,36.2613719,11.19251254,-23.32410929,45.46953619,11.71412943,-44.51628942,23.85380177,12.33738135,-13.61095658,62.04095772,11.67427118,-13.70933606,41.44143412,11.73274117,-11.03154577,68.447776,11.29255026,-7.685421403,7.800028445,1.401814495,-4.608028258,3.81745804,0.802454928,-15.9837141,13.87040534,1.475380736,-6.68151865,8.194231255,0.730810024,-34.13903083,24.1494534,2.84031727,-24.16061671,20.89639588,1.664779483,-9.810904491,11.33693095,2.251763296,-5.32584034,5.137341495,1.285539554,-12.61263845,15.33055706,2.185616784,-7.604067859,6.572557369,1.277035402,-15.30145651,12.19595369,2.363489883,-7.380271697,8.991987839,1.41400633,-2.647582105,3.776000312,0.417290595,-0.705433079,0.963806799,0.089483407,-2.533876343,3.200884419,0.423731281,-0.642662195,0.599573182,0.090743565,-2.491252665,4.440970869,0.447206019,-0.899119585,2.386548129,0.115700627
463,H,2,-3.646646749,4.124911714,1.031723337,-55.18823591,21.26643733,12.35083425,-7.520444657,108.1328159,11.46637196,-33.5511666,31.68115435,11.57392724,-23.32410929,50.1080271,12.86161306,-47.30958489,23.85380177,13.26454259,-13.03567037,78.35632668,13.24384691,-14.19139392,35.88558829,11.32878992,-11.03154577,91.27689504,14.0512624,-8.943389336,15.4731309,1.505852399,-7.539301613,7.490671674,0.853571863,-14.16639883,16.067691,1.419010361,-7.714754883,8.194231255,0.70871952,-34.13903083,24.1494534,2.627390361,-24.16061671,20.89639588,1.590210411,-8.458155912,9.617212,2.23287782,-5.300730749,6.388996374,1.329123771,-12.61263845,14.78998531,2.184370721,-7.352198525,5.853066992,1.262719732,-15.18100654,12.92969666,2.294621545,-5.602340147,8.991987839,1.355088025,-5.169497333,3.9211337,0.495026168,-1.000889164,1.078769487,0.102873912,-3.413143502,3.200884419,0.399236591,-0.885709883,1.402437206,0.098799739,-6.262174575,4.443852644,0.597856335,-1.188143375,1.536760111,0.135297728
463,L,0,-4.444714288,2.566653107,1.176536942,-58.87479172,15.93904721,15.17025752,-5.352303576,155.6918315,14.82641316,-38.44062723,33.66108012,12.06424702,-24.75010772,52.68512037,14.57774808,-49.73830997,30.90298962,13.64136316,-14.87291826,59.21375245,14.10713498,-13.10766309,47.74860702,12.76545731,-12.78320404,63.59901016,14.9750925,-12.43934417,10.23735945,1.880207452,-5.13968845,5.893119452,1.059055263,-18.52034994,12.45625711,1.797799972,-7.255298873,8.374018564,0.906956787,-43.19279096,38.03953874,3.681246817,-19.16662838,18.65747086,1.985851277,-11.10729188,9.998970539,2.382381132,-6.163033745,6.829897264,1.357233485,-13.14140658,16.14592891,2.373870221,-8.438782167,6.778594389,1.35344078,-15.59430616,13.06451555,2.579161127,-8.13874414,7.778656201,1.501369242,-4.185199753,5.875824891,0.682490327,-1.352545352,4.625289044,0.175884163,-4.265607277,4.214961406,0.611754125,-0.708697577,2.280376266,0.162448112,-4.497860204,6.183592527,0.749985704,-1.546619097,4.950303198,0.205489749
463,L,1,-4.226487995,2.316320161,1.188759909,-55.89080683,15.1025093,14.65548881,-5.352303576,155.6918315,18.55575066,-38.44062723,25.30340049,13.27835826,-24.77856869,52.68512037,14.02452579,-45.89721058,30.90298962,13.9384095,-14.87291826,84.3884813,15.28173014,-13.10766309,85.9715311,15.45055087,-13.3257631,74.81869771,15.03372228,-11.01058862,10.23735945,1.858945278,-4.725202926,5.244192519,1.015348984,-18.52034994,12.45625711,1.691090016,-7.255298873,8.374018564,0.872527241,-43.19279096,42.27146138,4.459413814,-24.74028087,20.86304544,2.381917976,-11.10729188,10.17542938,2.566048845,-5.863121341,6.829897264,1.448938796,-9.922063587,16.14592891,2.327583991,-8.438782167,6.778594389,1.36133769,-15.59430616,12.97482011,2.682800243,-8.13874414,7.778656201,1.610515976,-4.185199753,5.875824891,0.735556457,-1.352545352,4.625289044,0.176510122,-5.02883788,5.046431134,0.716827316,-0.699371297,2.280376266,0.162759005,-4.034866035,5.951611197,0.740605573,-1.546619097,4.950303198,0.203387839
463,L,2,-3.318350587,2.266719166,0.839129582,-55.58143161,15.1025093,10.69294882,-5.333188325,142.0756673,12.13104469,-33.08705737,29.67303246,13.84968658,-24.77856869,45.44672343,11.44019852,-45.89721058,26.3511292,12.41713976,-14.74879549,84.3884813,12.46378416,-12.60139274,85.9715311,13.4192441,-13.3257631,74.81869771,11.59744264,-6.597783257,7.184442472,1.476143238,-3.861850272,3.248243872,0.847110428,-15.0783251,15.59863587,1.390923438,-5.674199686,9.514907969,0.711329009,-38.40451966,42.27146138,3.072934961,-24.74028087,20.86304544,1.771784206,-9.618640935,10.17542938,2.446124592,-5.401430157,5.867509517,1.412989017,-9.922063587,13.26735203,2.017516181,-5.633813946,6.158546087,1.183831795,-13.96603127,12.30961169,2.403740783,-7.307907349,6.211945583,1.434153213,-3.883664117,4.9899527,0.505655397,-0.837620407,0.730895796,0.111613435,-5.02883788,5.046431134,0.518681485,-0.651559615,1.365775791,0.112105781,-3.237908871,4.392183263,0.510179942,-0.859688156,0.937131752,0.13664331
463,M,0,-4.126233854,5.408044024,0.969310222,-51.59577152,24.56845102,11.28587124,-5.060487217,121.3387801,11.46453534,-27.8579098,40.27785976,14.05483916,-22.07120953,48.71260139,11.84459979,-58.60962566,27.25850736,11.87654337,-10.92897893,131.8483182,13.84231458,-10.08175969,94.56893344,11.76637158,-9.283731042,141.5610105,14.31745226,-9.148947877,7.205735815,1.574276824,-5.32268797,4.281347373,0.863593591,-14.8729833,15.28815122,1.491354459,-5.865309534,8.106825033,0.724995363,-25.89539047,31.32683276,2.791397752,-18.13097525,14.86262577,1.553476934,-7.3260388,10.98639917,2.107713888,-5.188079001,4.690833246,1.269395382,-13.76693436,13.98295887,2.502921528,-8.921090356,7.669918252,1.483624525,-16.8160906,13.43527122,2.695493077,-7.889608393,9.027164767,1.650377589,-9.806243153,5.793609624,0.650596584,-1.384129493,2.112397567,0.117665817,-6.871955992,4.027915757,0.463804419,-0.826893823,1.82355927,0.096629332,-10.53378162,6.587699805,0.742090763,-1.591754071,2.354673828,0.146631129
463,M,1,-4.139852068,5.408044024,0.983989462,-56.17249022,15.53353241,11.16735248,-5.181453664,125.6914157,14.79745507,-24.917329,34.84313469,12.425417,-23.26744995,53.53378972,11.55637841,-56.81067436,27.02973557,11.99450168,-10.7570732,131.8483182,14.06379733,-10.08175969,94.56893344,12.07055651,-8.937799172,141.5610105,14.99333902,-12.06269527,9.226072283,1.729635831,-6.065290628,4.281347373,0.931242699,-15.62052038,13.73513522,1.451355911,-5.708981716,7.895417369,0.73693634,-29.20863283,34.48275883,3.348067669,-18.61540273,16.07175043,1.692316718,-11.00326451,10.98639917,2.184799409,-7.781842913,4.799856206,1.276424574,-13.15380347,14.96310149,2.475454966,-8.921090356,7.669918252,1.504574844,-13.93674052,18.81564406,2.868477902,-7.889608393,7.790400238,1.769906751,-9.806243153,5.793609624,0.684745646,-1.384129493,2.112397567,0.12826638,-6.871955992,4.027915757,0.526120468,-0.826893823,1.539448949,0.101550243,-10.53378162,6.587699805,0.771887869,-1.591754071,2.468436201,0.159325879
463,M,2,-4.139852068,2.383479208,1.022694774,-57.39849093,20.88085162,15.21700072,-5.269366264,125.7711653,14.99389207,-25.5686381,31.62757959,12.16927483,-23.26744995,53.53378972,14.67609585,-56.81067436,27.93984485,14.80095594,-11.1029865,46.92674768,11.03368836,-10.00917558,48.52328349,13.65497098,-9.37053815,56.05825907,10.2184348,-13.70627085,9.788242473,1.79390159,-7.670383968,6.008266637,0.988747765,-16.06915638,15.85593288,1.73309318,-5.987359755,7.895417369,0.806773618,-29.20863283,34.48275883,3.434810624,-18.61540273,16.07175043,1.718114254,-11.47447359,11.68920908,2.277447239,-7.781842913,5.717196782,1.280541874,-14.62684896,15.04430544,2.552014425,-7.021077105,9.097612016,1.475383521,-16.1138094,18.81564406,2.945511484,-8.17040218,8.221608687,1.758954933,-3.276678477,3.630581652,0.483381075,-0.454523244,1.634913736,0.101645341,-2.286526157,2.316620789,0.445603804,-0.474811526,1.637180632,0.104690837,-4.173585729,4.344894829,0.560566994,-0.562232387,2.468436201,0.133478953
464,H,0,-2.162769716,5.413129124,1.165527937,-48.62541189,12.21121244,13.22870953,-6.16517591,66.43310254,11.32929302,-37.64446143,30.66606794,10.70506519,-41.92136973,49.95635114,13.809125,-52.28428223,31.13628286,12.35439383,-9.293827334,93.31197613,14.74000915,-9.138740009,55.91367621,14.41871608,-8.282843017,97.8760015,14.82331387,-8.937542203,6.3122763,0.898760709,-4.042130785,6.071248789,0.496291787,-12.53329254,14.65940148,1.505730696,-5.523454339,7.245769788,0.669306055,-17.22445107,10.38330171,1.398336098,-6.493245087,5.892405262,0.713680459,-10.18638231,13.20785769,2.162289328,-6.400274534,5.525618253,1.238172576,-16.25886184,12.1235482,2.504820323,-8.277140149,10.05984773,1.44612828,-13.22189102,19.62914875,2.605847059,-12.83258018,10.78297811,1.571022455,-6.21718145,5.055690214,0.64806462,-0.983141585,1.67443198,0.112181957,-1.689081714,2.359354022,0.38362689,-0.578959095,1.638610675,0.104462198,-6.762922968,5.911898302,0.735043619,-1.415578067,4.449297235,0.153349793
464,H,1,-2.174739913,2.682468246,0.83364957,-42.659011,12.21121244,11.18301324,-5.771285028,66.43310254,13.12191761,-29.29857024,28.25566024,11.08601478,-26.28686457,43.78651905,11.34846999,-29.42262044,28.02787517,9.996841988,-9.293827334,47.19248989,9.173756601,-9.580587804,29.14382697,7.647727103,-8.433265622,50.34098186,9.430825108,-4.060759959,3.708418879,0.708241816,-2.610071705,2.323844017,0.402246399,-12.53329254,12.20922181,1.118255236,-4.309544469,5.107553208,0.496433975,-18.78486713,12.57040617,1.672016249,-8.871895874,6.619141173,0.822803587,-7.956035056,13.20785769,1.986927077,-6.400274534,4.939495801,1.147558285,-16.25886184,11.27115168,2.007292492,-7.226025534,7.552987369,1.175163181,-11.72299757,16.95022758,2.171847704,-8.237946216,10.78297811,1.340239195,-1.740844695,2.897189177,0.343478982,-0.610317551,0.458666095,0.061975622,-1.689081714,2.643994616,0.325857981,-0.510678313,1.638610675,0.08600535,-1.80217579,2.953110501,0.359820926,-0.633022855,0.622307726,0.069429405
464,H,2,-2.174739913,1.021449852,0.678750625,-41.93584463,10.29137184,8.637137448,-5.771285028,64.23850777,9.862175992,-29.29857024,26.52831878,10.87850892,-17.39565117,40.33124937,7.085477084,-27.97797669,29.93418236,9.407361124,-8.993821389,31.37701495,6.330871301,-9.580587804,29.14382697,7.793469217,-8.433265622,30.95736551,5.942250935,-4.060759959,4.158881039,0.597301929,-2.619120088,2.323844017,0.349912524,-10.99417733,10.70942266,0.880370291,-3.264183688,4.337531191,0.387750094,-18.78486713,12.57040617,1.500692558,-8.871895874,6.619141173,0.750322994,-11.96076835,10.87453811,1.96465441,-4.985323393,7.68566405,1.139704668,-10.82134111,10.07263969,1.52639588,-5.292418398,4.645445588,0.932703972,-8.706313386,9.266694475,1.832235315,-4.444444745,4.078033984,1.092366746,-1.301213018,2.897189177,0.262439266,-0.311202661,0.684097071,0.050791316,-1.496365474,2.643994616,0.275354479,-0.510678313,0.988965616,0.06797121,-1.421717133,2.953110501,0.274463814,-0.326516947,1.259846005,0.061835361
464,L,0,-1.247278399,7.605606921,1.224356901,-53.68397496,25.4449488,11.62682874,-5.484393186,52.29986198,7.064258696,-27.40879078,40.42615435,10.78908131,-26.45766484,49.38131509,11.94050432,-30.26713413,38.43079684,11.842155,-13.4076395,79.87155121,10.17301895,-13.91492193,70.10693414,13.69714789,-12.48724562,78.60531109,9.86053497,-4.02190008,4.120898666,0.78875508,-2.497299953,2.333623635,0.42655496,-12.9400194,11.28200515,1.124234936,-4.32891341,4.815957222,0.495476534,-9.732600593,8.899110453,0.89063795,-3.982065987,3.742785664,0.534062587,-9.034579463,11.76988114,2.148607681,-6.265433413,5.154941179,1.273101832,-13.27840955,15.80893731,2.242209727,-8.165573166,8.057434678,1.287623593,-13.44070553,10.60855266,2.1296882,-6.723203221,5.616097449,1.235219221,-6.514713966,3.919132608,0.475684103,-0.770729402,3.370756882,0.10668326,-2.852739752,3.591304029,0.533709578,-0.76935642,0.698273543,0.130160572,-6.439140771,3.810407322,0.476266676,-0.754165655,3.65235652,0.114933107
464,L,1,-1.394093572,0.644591458,0.698375452,-53.33327948,11.76922895,10.7786004,-5.484393186,76.58161456,8.210233312,-30.18174055,28.93396374,11.70738479,-26.45766484,41.3088638,10.97815661,-30.49930339,31.26844763,10.88166033,-13.4076395,34.19325045,9.705461288,-13.91492193,28.73687161,8.468576853,-12.48724562,34.42658603,9.619343942,-3.260571728,3.924009823,0.672838658,-2.497299953,2.326907048,0.411599043,-15.2826001,10.23476004,1.082160078,-5.230862067,5.567043204,0.473827104,-19.69087771,16.53213341,1.498958083,-7.345490974,7.622531485,0.76092553,-9.699723592,10.04588076,2.153097702,-5.502749343,6.755990528,1.273985457,-13.27840955,13.33072216,2.011800675,-8.165573166,6.650888395,1.185709369,-13.44070553,10.60855266,1.97681453,-4.74759048,5.616097449,1.175851529,-1.324621982,2.588056954,0.263925069,-0.421562578,0.730159856,0.05676683,-2.194337305,2.260266038,0.358395012,-0.49585569,0.506838149,0.099324697,-1.267252276,3.002996913,0.267327607,-0.398169195,0.808025784,0.060220522
464,L,2,-1.394093572,1.364256957,0.743269135,-53.33327948,15.3698221,10.5819259,-5.366843723,80.02000525,14.37828672,-30.18174055,33.69276038,11.64409692,-36.42321148,42.13538142,10.5371235,-37.58050282,34.96012499,10.70811955,-13.06540056,34.19325045,12.14060747,-13.93524852,25.55007842,8.467087076,-11.4975956,34.42658603,12.41815431,-3.919689148,3.924009823,0.652626679,-2.178726878,1.983302962,0.387527644,-15.2826001,10.69408157,1.137340758,-5.230862067,5.567043204,0.513221945,-24.1808467,16.53213341,1.888342139,-10.18174238,11.45875223,0.946100328,-9.699723592,10.64002612,2.254150148,-5.502749343,6.755990528,1.316368706,-12.53278951,13.33072216,1.954079403,-7.624457846,6.650888395,1.157920162,-9.518672124,11.08109839,1.902471626,-5.327096868,8.615671846,1.14639531,-1.324621982,2.588056954,0.270645134,-0.421562578,0.730159856,0.058728852,-2.194337305,2.175987516,0.396946099,-0.546073977,0.506838149,0.113234552,-1.267252276,3.002996913,0.274763954,-0.398169195,0.808025784,0.060553836
464,M,0,-0.769352327,1.084619739,0.462903077,-59.84031093,12.57027411,10.82691304,-5.796704493,77.38440371,9.514918417,-25.6292546,32.27589338,10.97727844,-27.01112127,46.08707405,11.6251995,-36.63881164,32.54894282,12.0712712,-13.90223477,20.17197426,11.10634546,-14.83129972,36.56907261,11.50654927,-11.03985779,21.31970666,11.57921799,-2.365888403,1.756028289,0.294595056,-1.157726157,0.694090053,0.165601046,-13.47855037,11.58187252,1.116910928,-5.022740809,5.176399926,0.497856073,-15.59148872,16.66759561,1.443890336,-7.163059909,6.058234095,0.743664822,-8.425408963,10.37913367,1.984865414,-5.329036073,5.068395343,1.165980619,-15.23070064,18.83244692,1.949869408,-10.12576668,9.389491065,1.139657509,-13.50964037,9.815017878,1.859629741,-7.33179716,6.566005514,1.128020571,-1.105908574,1.31641833,0.155765271,-0.253788469,0.276373354,0.041258196,-2.86780615,2.532601184,0.265797773,-0.584248784,1.911686869,0.093621682,-1.039692413,1.36788851,0.167694906,-0.247229421,0.528429189,0.048493343
464,M,1,-1.830083219,3.797897317,1.255804719,-56.09135827,17.72269493,11.99407833,-5.787787252,79.03150475,9.591376927,-28.53923195,27.05591137,9.583392406,-27.27515813,47.0796076,11.92043401,-37.27054211,39.80606263,10.97858539,-13.90223477,56.75852104,14.29416864,-14.83129972,33.7029267,9.501807972,-11.03985779,55.32965946,14.24216253,-2.365888403,2.239280262,0.318065368,-1.221448202,0.861176416,0.169817921,-13.47855037,14.37601891,1.420011251,-5.654540547,6.069381062,0.620627231,-19.3460478,15.25949057,1.508594415,-8.127308741,5.916994996,0.778402402,-8.865682877,10.81073859,2.039992504,-4.948768148,5.223349184,1.184694064,-15.23070064,18.83244692,2.177324452,-10.12576668,8.369589019,1.262753939,-14.49906593,11.14940134,2.048932969,-7.452227653,6.840588613,1.210031709,-1.698089677,2.448818844,0.317683406,-0.335536495,0.870649845,0.059393331,-2.02100675,2.532601184,0.347687947,-0.483219554,1.911686869,0.094960798,-2.21191263,3.166332192,0.323490752,-0.396852854,2.097969627,0.073235208
464,M,2,-1.830083219,3.797897317,1.366344162,-56.09135827,17.72269493,12.7176979,-5.787787252,79.29238028,13.08354227,-29.78818765,29.58361266,11.91781611,-27.27515813,47.0796076,11.53141794,-37.27054211,39.80606263,11.24263182,-12.421398,56.75852104,12.16506441,-13.56957179,49.62620366,11.79876739,-10.00058408,55.32965946,11.76694913,-1.912895116,2.239280262,0.302090682,-1.221448202,0.861176416,0.157874108,-12.96740616,14.37601891,1.474004728,-5.654540547,6.093970934,0.655984557,-23.07887182,23.90198817,2.065102743,-15.66211161,11.42470677,1.038306603,-8.865682877,10.81073859,2.06335257,-5.510562916,5.223349184,1.186742662,-13.42582882,16.36233827,2.225214265,-8.272166326,7.334799077,1.308172634,-14.49906593,11.14940134,2.10354632,-7.452227653,6.840588613,1.226758093,-1.698089677,2.448818844,0.343020569,-0.335536495,0.870649845,0.060044045,-2.02100675,2.612181149,0.377692332,-0.658074272,0.496672968,0.084051872,-2.21191263,3.166332192,0.346907657,-0.396852854,2.097969627,0.074412443
465,H,0,-1.696144125,5.118148917,0.956554963,-50.75593635,16.1847035,13.67377584,-7.417901432,64.52519442,8.829736571,-35.40801314,33.16469912,12.00088303,-25.38750554,34.7028205,11.99105398,-36.27423646,24.84649182,11.44453956,-14.73589219,47.70486882,13.55346118,-14.6591429,45.77077597,14.11008785,-9.901921782,46.9471796,11.63730856,-4.908970864,5.2722357,0.945595142,-2.778532443,3.108089182,0.525144978,-16.05972216,12.21217097,1.740048666,-5.969252448,8.052534947,0.768015472,-12.6698479,14.34814657,1.543076334,-6.6185219,5.463760704,0.843537428,-15.10722474,15.88117539,2.947630768,-9.79921506,9.063715182,1.728513237,-13.92684355,13.98025653,2.567009479,-8.332884171,8.585366033,1.483186566,-16.84982348,13.40459045,2.181483745,-10.9992167,8.130057297,1.34385525,-4.742471399,3.94710131,0.753875297,-0.863283835,1.65969475,0.155136931,-4.173186781,3.770842185,0.635695555,-0.889222093,2.188004923,0.140567977,-5.553067848,5.236084095,0.84682506,-1.033369551,2.594476164,0.209071713
465,H,1,-1.696144125,1.630772398,0.665188495,-50.43275243,16.1847035,9.82899411,-7.470373419,72.59909236,11.49287134,-32.52332269,36.71533333,11.31047919,-28.53374957,33.9810412,12.42971056,-36.27423646,26.46179845,11.37853858,-14.73589219,52.68484616,11.45074715,-14.6591429,32.55405172,10.66322129,-9.901921782,65.77490365,11.82680886,-4.169912288,4.337048994,0.867284112,-2.882427097,2.584696148,0.484687674,-16.05972216,10.94477616,1.588394116,-5.969252448,8.052534947,0.755505858,-18.80832803,14.34814657,1.842885233,-7.796486008,7.163073907,0.933274319,-11.71526808,15.28525793,2.747467794,-9.79921506,9.063715182,1.631921799,-13.92684355,14.00363995,2.534616723,-8.332884171,7.4313231,1.437923468,-16.84982348,13.40459045,2.177878953,-10.9992167,7.795583405,1.317330922,-4.43707828,3.760905608,0.519459974,-0.752894553,1.65969475,0.114444734,-4.173186781,3.822863533,0.531884101,-0.923149091,2.606749683,0.150724721,-4.572169487,4.38729329,0.549880123,-0.89406148,2.401733146,0.146136947
465,H,2,-2.648095532,1.630772398,1.048348611,-50.43275243,15.86587282,8.946266269,-7.470373419,73.46142478,13.99509683,-37.14637908,36.71533333,11.09039541,-28.53374957,37.24747179,11.0601593,-33.37506431,30.41059344,11.51438942,-13.71245521,52.68484616,9.534747528,-13.78331415,22.09689094,8.565546769,-9.563348385,65.77490365,11.72445243,-3.970865253,4.368830621,0.773071488,-2.882427097,2.400109013,0.429954531,-14.69403051,10.94477616,1.49386225,-5.263257643,7.211490681,0.703180528,-18.80832803,15.43544117,2.128437854,-7.796486008,7.163073907,1.027691887,-13.20826425,15.39931368,2.64447565,-9.291195681,9.366422152,1.555874956,-13.51623452,14.00363995,2.346295058,-8.143222514,6.514464619,1.325343096,-12.86639241,13.37100045,2.194237074,-7.33418284,7.795583405,1.312270739,-2.529414894,3.760905608,0.436846222,-0.752894553,1.366062419,0.095904477,-2.87803435,3.822863533,0.439507931,-0.923149091,2.606749683,0.128189827,-2.80243169,3.797641817,0.470030927,-0.626842221,1.355423597,0.119177442
465,L,0,-1.180189082,2.651067193,0.88355686,-49.98576378,18.6639949,13.33475198,-5.967859121,82.45088988,12.78773309,-31.7931224,32.43829144,10.58117363,-26.19141407,37.74306319,11.92728461,-33.94817149,31.51020432,11.45311249,-13.2275189,57.10268829,12.42542717,-13.41892479,65.50156094,12.61311507,-10.96389644,56.02445667,11.69727667,-2.740439574,3.882170975,0.54562023,-1.738116021,1.859668306,0.297663498,-14.76730893,11.99353195,1.797289166,-5.003408131,6.295485337,0.805816205,-20.41586989,18.47946755,1.82122891,-8.640379058,9.416402425,0.946553447,-12.35759562,11.66318314,2.251486931,-6.937815642,5.95560295,1.340081002,-16.47701203,16.24967029,2.410862244,-9.898889663,7.412295313,1.373738303,-11.20219214,14.38170083,2.212305677,-6.962203877,8.019803503,1.355417734,-3.540485305,6.087438602,0.557096865,-1.239783655,0.938647331,0.10641623,-3.810366245,4.53077566,0.549877757,-0.83997513,1.822313542,0.113761401,-3.637059815,6.024692395,0.59803214,-1.264994523,2.1894649,0.138821394
465,L,1,-1.557645551,2.941642947,0.849239546,-49.98576378,18.6639949,11.45277594,-5.991518756,23.91619756,4.549235656,-36.97488295,32.43829144,11.48302894,-23.31866703,37.4465294,11.27400475,-33.94817149,28.1654275,11.77255026,-13.02803828,43.80150236,10.064661,-13.07213101,42.70116178,9.344966868,-10.99171955,40.54015,10.77271715,-3.017783098,3.349015084,0.548531471,-2.030400434,1.643776657,0.310276023,-15.0801846,11.65716737,1.668344799,-5.260473015,6.112856225,0.703775098,-7.44474575,7.322297464,0.95151275,-5.169019384,4.040859712,0.625016872,-12.35759562,9.086023292,2.243802491,-6.312639782,6.301023245,1.320949893,-16.47701203,16.24967029,2.35081953,-9.898889663,7.999834082,1.353820559,-11.20219214,14.38170083,2.258546745,-6.962203877,8.019803503,1.383885085,-3.637351446,3.69437893,0.506164673,-1.006561956,1.284101326,0.103529645,-3.223724526,2.373090989,0.488433387,-0.768357471,2.03332591,0.118123257,-4.227986754,4.202633838,0.557800368,-1.143450926,2.96991551,0.139844852
465,L,2,-1.940135403,2.941642947,1.061637333,-48.92131733,17.35974273,9.350590331,-6.005868076,73.15932133,10.51215218,-38.53015305,32.62736522,12.62839186,-25.70351857,37.4465294,10.63802006,-56.59071942,28.1654275,11.95312208,-13.02803828,52.5548853,10.2802776,-13.02642016,42.70116178,9.619175951,-11.13771778,60.09437915,11.35505246,-3.13771364,3.349015084,0.588802727,-2.030400434,1.376362943,0.325738557,-15.0801846,11.65716737,1.445495155,-5.260473015,5.712786558,0.635828966,-13.44790848,15.6715948,1.338556649,-5.939867378,6.068511045,0.722681623,-11.91528304,14.14728523,2.391277218,-6.048750017,6.319763169,1.383120976,-9.736002831,13.53809254,1.98960061,-6.999719202,7.999834082,1.134454702,-11.95981968,11.14178628,2.323870896,-5.566634167,5.380507281,1.382750599,-3.685024578,4.896167006,0.523940154,-1.006561956,1.359340402,0.105246167,-3.223724526,3.132696296,0.500810696,-0.768357471,2.03332591,0.120638802,-4.227986754,5.200544987,0.567691082,-1.143450926,2.96991551,0.14195872
465,M,0,-2.657004537,2.889148835,1.119738678,-47.79437534,13.73540628,12.30101978,-6.680073165,67.88156179,6.37981059,-37.26370364,43.72189103,11.3647428,-22.71139544,40.23239753,11.35918555,-37.52709351,25.8931287,10.9719565,-14.99306733,62.15771356,13.18474084,-15.48170447,58.84981016,13.17103561,-10.96425292,54.85119541,12.36303719,-7.144254526,6.909101789,1.323295489,-4.797849797,3.856350499,0.756075598,-12.21931612,10.38170454,1.444335839,-4.393917855,6.518654152,0.650356802,-11.78005689,15.03837851,1.211181527,-6.050832195,5.696808389,0.660557433,-15.07109612,15.23033644,2.700573955,-9.303393222,7.184736589,1.580869861,-12.8274952,14.97766493,2.101812798,-7.582130036,7.905043926,1.224425849,-12.04473571,10.53159033,2.019222454,-9.001683687,9.33068252,1.298683393,-5.644821019,5.022478093,0.730941377,-1.201681497,1.306970113,0.154770598,-4.534504044,5.163644646,0.676383474,-0.935199892,2.957140326,0.163790573,-5.420031964,4.935201647,0.759916889,-1.283110229,2.368854761,0.193145881
465,M,1,-2.053290884,2.820414992,0.875943946,-51.40653652,14.94693021,9.541262626,-6.680073165,80.57688344,13.28296674,-37.26370364,40.34303449,12.14723005,-21.66097349,32.0361059,10.43911675,-37.52709351,28.91261937,11.11557405,-15.07379284,45.81622079,10.68147426,-15.77255746,38.79715616,10.70007831,-10.96425292,44.89668745,9.348799397,-6.798111249,6.909101789,1.326387811,-4.797849797,3.574981915,0.759681166,-12.95012695,10.31015535,1.255992902,-5.058293392,5.19957886,0.564527944,-17.73804844,19.8573026,2.17191355,-10.55607217,6.52193002,1.0539733,-12.91564804,15.55550067,2.806936972,-9.303393222,7.184736589,1.65175616,-14.24292806,13.32238588,2.018590902,-5.469589332,8.969845033,1.203802929,-11.99538444,10.6177819,1.94566062,-8.368430516,8.804009982,1.217671547,-5.644821019,5.022478093,0.654150272,-0.958073601,1.43954569,0.15698801,-4.534504044,5.163644646,0.67907884,-0.790309829,2.957140326,0.185805376,-5.213498119,4.013692005,0.628247641,-0.991238659,1.157740662,0.180724884
465,M,2,-1.994999739,2.820414992,0.879323354,-51.40653652,14.94693021,10.51775585,-6.691938674,80.57688344,15.19888082,-35.70674799,40.34303449,11.76389542,-22.70231785,32.0361059,11.41119273,-32.18209705,29.72694573,11.89299715,-15.07379284,38.37949227,9.74764681,-15.77255746,26.4063769,9.531929578,-10.92836034,47.06066525,10.69545659,-6.327944335,7.640021213,1.394311207,-4.48810928,4.150352849,0.78025018,-12.95012695,10.31015535,1.396408616,-5.058293392,5.309715596,0.616476031,-17.73804844,19.8573026,2.220991343,-10.55607217,6.654990833,1.096619357,-12.39877781,15.55550067,2.809691382,-8.537341453,7.260095936,1.611225634,-14.24292806,13.32238588,2.052636639,-6.17170625,8.969845033,1.179196441,-11.99538444,10.6177819,2.067461448,-8.368430516,8.804009982,1.274180835,-4.861393495,5.529395761,0.717731313,-1.356954602,3.096383262,0.194678428,-4.70171911,4.840830718,0.717836904,-0.972968017,3.296268205,0.241094441,-5.628488263,4.980479229,0.756090332,-1.397702785,3.480911671,0.22239576
466,H,0,-3.055426708,5.114310566,1.133009136,-57.51076911,16.38694678,15.38429394,-6.014892154,98.58355065,10.06004558,-34.86931983,42.40427416,13.68923825,-25.9070045,50.02816443,14.61050202,-50.09116055,32.46723737,13.69849269,-13.07960252,56.61309716,15.98379835,-14.4950762,56.57008439,14.60690723,-11.28156041,63.28509963,17.27910191,-14.90911207,14.12125879,2.122387987,-6.80161319,6.749286222,1.236759683,-16.32988516,11.47673768,1.56208747,-6.426335551,5.051498701,0.754815658,-17.41104163,24.1065154,2.163768424,-10.99900312,8.734650187,1.209958453,-14.48466857,16.02155263,2.730075486,-8.723834482,9.740852765,1.6239278,-12.78284812,14.37156963,2.204694342,-6.972954325,7.155263811,1.299865926,-13.60882049,13.42074938,2.414204143,-7.968069129,7.596474684,1.442124341,-4.838857673,4.805383138,0.649713715,-2.858249255,2.585255215,0.306908413,-3.866893481,6.317707506,0.766070538,-2.14278846,2.431657638,0.315131073,-6.00664451,4.91092395,0.775470633,-3.275781915,2.872361104,0.373299523
466,H,1,-3.055426708,3.507903162,0.808871372,-57.51076911,14.13366495,12.62821601,-5.956604884,80.20470794,9.015657765,-34.86931983,34.11445999,12.75200761,-23.51137536,50.02816443,13.54626575,-49.47954822,29.60614088,12.90198452,-15.48962939,17.81527754,7.91694399,-15.23499507,33.5820445,9.168971834,-12.36925754,24.03507813,7.660676992,-7.82287468,12.30520154,1.898577221,-6.493524001,5.33493648,1.129542063,-13.50140948,7.329495095,1.482952144,-5.435654274,6.668490215,0.733008188,-17.15349171,18.69436051,1.751616879,-10.40826235,8.734650187,1.006696769,-14.48466857,16.02155263,2.669938709,-8.723834482,9.740852765,1.573772838,-15.0760515,13.30591282,2.114528502,-7.325115945,6.122102976,1.216445722,-25.1329256,15.11764097,2.569530153,-10.43312619,11.57970571,1.533983107,-3.198790221,3.807165205,0.469175631,-1.282973455,2.015384585,0.243997188,-2.457660442,6.317707506,0.559351454,-1.992533277,2.117483959,0.250986959,-4.072889688,2.721769511,0.548206643,-1.946479197,2.620246956,0.298304247
466,H,2,-3.682301426,2.991988063,0.768177114,-55.27956823,16.26642021,10.46613825,-5.881004153,123.7441316,15.50053697,-33.84418112,39.86830471,12.26310863,-25.01943019,48.245683,11.28164846,-49.47954822,29.96054981,12.11085521,-15.88084968,43.63094393,9.564150309,-15.23499507,69.20576346,10.97559829,-12.36925754,25.03085572,7.521990429,-10.96463892,10.82397829,2.097618253,-7.06968465,5.852145123,1.278937539,-13.47466647,8.293933649,1.550004281,-5.435654274,6.668490215,0.776214206,-22.36209683,26.44256495,2.49765179,-9.081956015,9.807831354,1.152830125,-11.27137053,12.02235683,2.572706912,-7.333466536,6.176965308,1.491186021,-15.0760515,17.76116167,2.212187133,-8.91266189,8.766188876,1.283916144,-25.1329256,15.37234275,2.637496977,-10.43312619,11.57970571,1.583890075,-9.667969267,9.787069065,0.734124708,-5.47036247,7.002470831,0.389210133,-12.51424263,11.60724916,0.898203097,-5.913238788,4.087847165,0.388284589,-10.42369095,12.85443718,0.721319214,-8.015208915,11.63520716,0.474675377
466,L,0,-1.837165533,4.393737209,1.138001437,-54.1670087,22.67374739,13.15088642,-5.560176598,137.5539812,14.11266262,-31.9005804,29.1906582,12.09129626,-25.77297566,45.12831386,12.96479396,-41.83889745,32.54630426,13.43825311,-13.80767751,71.20858986,16.91208037,-10.99071913,69.55319576,17.34229645,-20.95694092,53.0814865,13.65332391,-9.182073474,9.816965227,1.70468938,-5.903919609,4.220688364,0.982868777,-15.33333845,10.60566276,1.831357838,-5.921032348,8.780858944,0.876296307,-32.83834025,30.12213237,2.711215805,-13.24520796,12.16852338,1.288630485,-12.52906264,14.80289566,2.567274329,-7.164729486,8.67620131,1.548801069,-12.4239107,15.11867462,2.379425533,-8.155965494,6.452499649,1.378144604,-15.21534527,10.7010208,2.23652587,-7.35769937,6.139524674,1.312391668,-4.657207203,4.103560552,0.470451538,-2.230283147,1.722402572,0.190599457,-4.411389119,4.347087603,0.411172801,-2.166454056,1.705304466,0.148922909,-7.714275188,12.20670007,0.926740529,-3.507500585,5.587481238,0.419060651
466,L,1,-1.837165533,2.597611535,0.751515726,-53.08170774,22.67374739,11.32005339,-5.560176598,137.5539812,13.4213942,-32.97916405,26.54618156,10.70033658,-25.77297566,45.12831386,12.8643611,-34.4461143,32.54630426,12.99360558,-12.78951927,20.51813491,6.646561141,-10.99071913,23.40983754,7.081311648,-19.49413981,35.01120067,8.543936981,-6.045753489,8.843456745,1.460712337,-4.636577544,4.631143458,0.856435658,-17.39336454,10.60566276,1.570795875,-6.881447302,8.780858944,0.773949995,-32.83834025,30.12213237,2.588234233,-13.24520796,12.16852338,1.256367086,-12.98033075,12.87577555,2.555367854,-7.164729486,8.400287771,1.536407827,-12.54310884,15.72748678,2.156236821,-8.155965494,6.004458705,1.244838103,-15.21576163,11.83241487,2.106277993,-7.35769937,6.139524674,1.252813034,-2.505258619,2.23259937,0.330180067,-0.803647344,0.900389325,0.145642991,-1.373166252,2.075513692,0.269737274,-0.714697527,0.755510313,0.104188555,-4.658701749,2.982758586,0.674911591,-1.670588512,1.817466064,0.340257792
466,L,2,-2.462959413,1.456966647,0.817642088,-53.08170774,20.06634929,12.14830284,-5.40566706,105.2317647,11.44785617,-32.97916405,37.96512974,13.42107771,-25.19261241,42.35463655,12.76064588,-38.70342734,26.33461292,12.17890289,-13.50338479,28.38194572,7.301204124,-10.94581989,23.40983754,6.862241188,-19.49413981,54.16651081,10.32220574,-5.720008851,10.57144704,1.380414052,-5.053186723,4.631143458,0.805439113,-17.39336454,11.35435313,1.561936261,-6.881447302,8.476997572,0.769661469,-17.40715336,23.73174046,1.74181717,-8.885829804,8.114267905,0.918714477,-14.62253608,10.2702955,2.357295378,-6.598757252,8.208439189,1.372296139,-12.54310884,15.72748678,1.903548954,-8.112092227,5.581978135,1.088488439,-15.21576163,11.83241487,1.903300336,-7.045586298,5.966416374,1.116740968,-2.212040208,2.921095518,0.339105277,-0.857934257,0.745952917,0.141381835,-1.891229,2.075513692,0.276636256,-0.645149582,1.385772777,0.102406486,-4.053118416,5.532425406,0.677586935,-1.836205394,1.637942866,0.332707462
466,M,0,-1.893472987,4.5549515,1.116319735,-61.48049512,21.51945488,14.46532815,-4.963634682,116.0993882,13.30564839,-38.34548424,39.11619105,14.30253418,-21.79734098,51.6193781,14.18404454,-45.9579851,26.56618819,13.73456133,-15.77824761,48.37531185,16.51889425,-14.11159746,54.13905464,16.52269561,-13.89507861,49.9011381,15.84747946,-10.4214585,10.95994679,1.933412686,-6.828285342,6.095601723,1.096003685,-15.56090806,11.93748219,1.54750687,-6.978265964,6.715159695,0.729315631,-19.80982735,28.22324878,2.450354028,-11.33227847,13.39905812,1.24515131,-18.2717043,13.05432892,2.426036046,-8.217718533,9.282023338,1.454661552,-14.11053871,17.22107447,2.339168995,-8.896114388,10.74070349,1.394544327,-15.30451712,14.92261335,2.318776882,-8.306559628,6.526970627,1.362485059,-5.575327199,4.837880888,0.593203435,-1.599725568,1.677798479,0.237416551,-6.040479472,5.557043193,0.589262354,-1.063803486,1.495390728,0.217226745,-4.481580169,5.013969243,0.754740954,-2.992402803,1.816843687,0.357381181
466,M,1,-3.808320433,3.528287007,1.022949561,-61.48049512,14.26185592,14.95959399,-5.102996225,71.27471142,8.910980261,-38.46888713,34.23608592,13.25957786,-22.76399211,51.6193781,15.16146396,-50.69496046,28.30628858,14.15031756,-15.77824761,40.40645014,11.34120575,-14.11159746,40.35592499,9.848088591,-13.76855998,45.42823364,12.29701062,-18.76983788,19.93967845,2.241241262,-10.30130106,12.88050313,1.308019007,-17.70082073,12.79674527,1.710839974,-7.405136104,10.16023696,0.820826909,-16.68104611,20.02431945,1.689228216,-7.345751068,9.026432359,0.917088785,-18.2717043,12.22217385,2.526641028,-8.746208335,9.572008502,1.518691288,-10.82489556,14.21376235,2.237413294,-6.140362188,7.117568118,1.296828757,-16.2859561,19.26049524,2.500925916,-11.35760332,8.417600295,1.500920846,-3.140771451,4.837880888,0.555483781,-1.075417546,1.418229596,0.201585474,-4.542821502,5.557043193,0.623594945,-1.318525,4.417371734,0.236764606,-3.695760678,5.605687359,0.647075065,-1.568898903,1.43359587,0.27759932
466,M,2,-3.808320433,2.515037931,0.864170054,-59.39937343,24.41499866,11.62470009,-5.102996225,117.9166786,12.56128985,-38.46888713,26.79912783,11.26592292,-22.76399211,49.12014307,11.86463835,-50.69496046,28.30628858,12.18384308,-15.52540301,35.39994611,8.309543586,-14.110095,27.5369676,8.028404855,-13.65391891,37.71279147,9.490956142,-18.76983788,19.93967845,2.31217377,-10.30130106,12.88050313,1.378078293,-18.73491934,15.88332417,1.926471494,-7.626825223,11.24236887,0.986329375,-16.51386948,26.93887591,1.618942657,-10.2761251,12.4389732,0.845151967,-16.45686431,12.22217385,2.579302112,-10.23972413,9.572008502,1.556948966,-10.99894252,14.21376235,2.22962349,-6.662405496,5.787785608,1.288112236,-16.2859561,19.26049524,2.628826163,-11.35760332,8.417600295,1.547706923,-2.83831573,4.502105915,0.442959604,-0.925146855,1.418229596,0.184132012,-4.542821502,4.724224557,0.493332113,-1.318525,4.417371734,0.210984461,-2.468358807,5.605687359,0.572974546,-1.314916681,1.43359587,0.277156441
467,H,0,-1.840565855,2.628423212,0.728000903,-39.89537229,15.60577629,12.43489643,-9.62473819,39.75432871,10.29351067,-32.02821782,33.76159483,10.30295356,-18.46601933,40.43691103,11.9725958,-30.70410549,28.46690982,9.679554363,-14.07799271,40.71738914,12.00789361,-14.09970797,42.0240339,11.22530993,-11.72869001,40.88643771,12.22184349,-3.908943781,3.950254283,0.717586617,-1.601995659,2.133569428,0.399129863,-9.979908206,10.20301449,1.380759058,-4.052907539,4.391542494,0.617922122,-8.586060363,7.689892933,1.256998365,-3.446221055,3.391145959,0.595076676,-10.72186662,11.03586453,2.249547017,-5.730299432,5.820235193,1.286996019,-12.5963186,13.75707888,1.717876005,-6.595104416,6.53239519,0.952158018,-13.59657331,13.41472046,2.541214831,-8.305781146,9.025148968,1.54785725,-2.545075053,4.257566115,0.591900231,-1.055002314,1.871077537,0.147384621,-3.048513683,4.734250282,0.736174416,-0.9970444,2.744206163,0.195023372,-2.694075064,3.968110236,0.596306451,-1.125554276,2.540409292,0.172280814
467,H,1,-1.840565855,2.339234503,0.723117604,-39.89537229,15.60577629,10.44145734,-9.44459847,45.39784496,11.12010862,-34.81136911,29.38044763,10.37983586,-24.32906994,40.25343428,10.52502868,-30.27465428,41.29970027,10.79915823,-14.3806049,40.71738914,10.75630959,-13.97427141,42.0240339,10.04337948,-11.96642351,40.88643771,10.82208248,-3.037430468,4.181615226,0.677606196,-2.149710783,2.133569428,0.378024805,-9.979908206,10.06810207,1.174177176,-3.218303917,4.242183112,0.527389137,-8.586060363,7.982931249,1.176825105,-3.446221055,3.391145959,0.571868387,-12.6862537,10.98303372,2.338629763,-8.366263105,5.820235193,1.314103145,-12.5963186,10.78248374,1.50136442,-4.745198814,6.53239519,0.832374529,-11.05649281,13.0313247,2.468027214,-8.460054105,9.025148968,1.514000239,-2.318674581,4.028538018,0.470720137,-0.764594486,1.639464218,0.108932439,-3.936372583,4.311820069,0.625477258,-1.029830123,2.99861837,0.160470409,-2.340497468,3.760575842,0.462575097,-0.773721432,2.251735302,0.127789435
467,H,2,-2.523447174,5.629710369,1.220232703,-38.52462796,15.13406261,8.404353686,-9.495366587,45.39784496,11.26628304,-34.81136911,29.38044763,11.05753207,-24.32906994,40.25343428,9.375426665,-30.27465428,41.29970027,11.72300566,-14.3806049,37.91233101,9.130210001,-13.97427141,48.77301959,9.7718156,-11.96642351,40.30476018,8.990581923,-4.762231213,4.181615226,0.740417996,-2.483310119,2.024458055,0.385925652,-10.27091833,7.676887605,1.096987833,-3.790098605,3.805076695,0.49685002,-7.190587208,9.359662535,1.174415698,-3.030859549,3.341512046,0.571540917,-12.6862537,10.98303372,2.445607602,-8.366263105,5.79181893,1.38852966,-7.977483269,8.413245596,1.415284098,-3.884375756,4.835294229,0.787782635,-11.05649281,12.54722982,2.548019826,-8.460054105,7.621135169,1.535573001,-2.318674581,3.580652497,0.47107575,-0.739478664,1.639464218,0.120328751,-3.936372583,4.88936944,0.625655363,-1.029830123,2.99861837,0.162123003,-2.340497468,3.125671441,0.471051251,-0.747783164,2.251735302,0.136827641
467,L,0,-2.483174243,3.922051226,0.879319463,-48.89657207,14.30938308,9.650874012,-5.059561814,57.16453962,9.521490018,-30.64913722,34.99002521,11.52660174,-20.13141694,48.25319204,9.579797164,-42.94208843,31.46800109,10.80631823,-13.24939097,28.8647672,7.944595368,-13.30089175,27.02651502,9.712756116,-11.00363523,32.21484019,9.117061035,-5.445214159,4.537680176,0.851492882,-2.667826694,3.521587374,0.5009842,-12.25265003,10.46566329,1.25357552,-4.192311422,4.198753207,0.544329546,-9.206183192,11.04803606,0.989502588,-3.906488971,3.327901334,0.454016097,-12.03503273,15.31356033,2.21315286,-8.334650191,9.892979677,1.306932559,-9.066967329,16.31914529,1.611877238,-7.092497817,7.076480361,0.926368784,-11.75224028,10.72470658,2.599713637,-7.445234066,8.182145189,1.59763793,-1.687348255,2.7591605,0.303774361,-0.477459384,0.879810893,0.077322257,-2.307872674,3.40977153,0.344140979,-0.517097054,1.948846287,0.095453701,-1.858618157,2.236995083,0.303810565,-0.486704077,1.474943617,0.0880945
467,L,1,-1.565947092,3.922051226,0.932484834,-45.3698263,14.59001265,10.37135234,-5.059561814,57.16453962,10.47452425,-32.48728632,30.34479502,11.38641806,-20.13141694,49.69412014,9.948982446,-36.17065054,27.35917111,9.135035533,-13.82524502,28.8647672,8.721997195,-13.58938703,30.18538935,8.175964616,-10.96299104,32.21484019,9.749149131,-4.240587077,4.537680176,0.856245274,-2.667826694,2.248148391,0.488994105,-10.63904934,9.548470558,1.10575933,-3.933088054,3.809106735,0.502689828,-9.206183192,11.04803606,1.019029383,-3.906488971,3.51362761,0.473394096,-8.61553517,8.192722278,2.073421001,-4.634826923,3.909208131,1.233811182,-11.57503113,16.31914529,1.706734868,-7.092497817,7.076480361,0.990327053,-11.58675606,11.93700051,2.472263926,-7.445234066,7.692590112,1.519064709,-1.306667666,3.353818522,0.368286756,-0.515806276,0.920298317,0.084816673,-1.79288526,3.653146502,0.408798349,-0.725654055,1.948846287,0.102703403,-1.858618157,2.630682077,0.350691732,-0.486704077,1.474943617,0.089719607
467,L,2,-3.529100869,4.942053086,1.156893742,-47.69938109,15.69739171,12.41362214,-5.00905269,63.36000447,11.96182459,-35.67766376,24.04483218,10.51373866,-21.49415673,49.69412014,12.3392299,-36.17065054,35.88370518,11.07287042,-13.82524502,51.96742651,13.32236963,-13.58938703,49.26031372,12.22431394,-10.96999341,46.00839561,12.63061411,-4.323929201,4.072697675,0.924034356,-2.806577675,2.376833789,0.509220942,-13.03743615,9.548470558,1.3211094,-3.398132552,5.790606516,0.583801558,-9.028832895,11.0744286,1.083068535,-3.625680663,4.760259272,0.49502632,-9.797220885,9.102988005,2.18397829,-5.215114975,4.404786878,1.279328902,-11.57503113,15.41784327,1.995447168,-7.250859241,9.606990684,1.113859275,-14.17161423,14.89855875,2.672211913,-10.74876247,8.964493802,1.630494348,-2.449396436,3.928269305,0.515952288,-0.595357892,0.920298317,0.099686951,-2.786209993,3.653146502,0.565181574,-0.725654055,2.85754485,0.124992713,-2.0063338,3.399942741,0.484383136,-0.692997746,1.458384548,0.107184995
467,M,0,-2.704770954,3.443661127,0.99434489,-44.90418549,18.15661753,12.70061279,-7.414786687,46.38480264,11.95470784,-33.36860788,31.78996017,10.04977062,-19.66688332,49.35978905,12.28844489,-37.11985607,31.17728315,10.69494596,-14.41442715,51.91660278,12.14821509,-12.92732628,46.04655228,11.35803443,-11.98970426,63.52482407,12.67113935,-5.726109621,4.003965233,0.931442468,-2.716179403,2.810784012,0.48910184,-12.07690811,11.59260321,1.499234278,-4.897584165,5.113580394,0.665383609,-9.913663917,7.422342057,1.125208958,-3.671205033,3.853452692,0.550713443,-13.41306072,12.79220648,2.438252562,-6.163732302,8.320936905,1.432123973,-13.48738994,14.38287103,1.986836428,-6.288901683,7.36884575,1.083540755,-9.571147181,14.68466254,2.903213994,-9.183229429,8.811997896,1.757962243,-2.245768446,5.619112827,0.624094241,-1.06567376,1.584869275,0.148549376,-3.808941561,5.6826348,0.617636261,-1.022244949,3.628640862,0.169757565,-3.518348566,6.098355056,0.702722506,-1.225322541,1.978236376,0.190084
467,M,1,-2.784058836,2.714374624,1.165045067,-44.20609624,18.15661753,10.88294143,-7.279353712,52.08121371,12.26443294,-34.20967549,31.78996017,10.30785078,-21.48051462,49.35978905,11.14141736,-37.11985607,34.47891102,11.83161843,-14.41442715,51.91660278,11.30027065,-12.64737878,46.04655228,10.65310048,-12.14344559,63.52482407,11.19485049,-4.513750228,4.003965233,0.887067052,-2.557609426,2.287281312,0.469478171,-12.07690811,11.59260321,1.44760996,-4.174964744,5.113580394,0.651346378,-9.913663917,8.155545333,1.093548782,-3.990249671,3.853452692,0.510834973,-9.765591586,12.79220648,2.376948969,-6.163732302,7.414715539,1.382477265,-13.48738994,14.18220505,1.894063383,-6.288901683,7.36884575,1.066387917,-11.23060498,14.68466254,2.860554444,-9.183229429,7.921706051,1.712476944,-3.781175899,4.76382033,0.56754662,-1.108912409,1.866911679,0.146889413,-3.808941561,5.6826348,0.583546077,-1.022244949,3.628640862,0.161206496,-5.36937458,4.993205445,0.628088468,-1.424495757,3.082632606,0.193563585
467,M,2,-2.784058836,2.529715409,1.030458593,-44.20609624,17.32214266,8.776577351,-7.406129853,52.08121371,9.652331926,-34.20967549,31.16057115,11.24151016,-21.48051462,46.71176962,9.387067065,-33.51664077,34.47891102,11.16312511,-14.50330021,39.15443135,9.510684266,-12.84447729,40.59941778,10.48033112,-12.14344559,33.86267341,8.684623279,-5.584335477,4.07438276,0.884796543,-2.557609426,2.287281312,0.484512866,-13.89068516,10.38328974,1.368248275,-5.050704461,6.177160994,0.636662936,-7.091596568,8.155545333,0.943038676,-3.990249671,2.708777321,0.455472543,-8.561310677,9.104723504,2.251522998,-5.63723392,5.054731211,1.323906532,-9.945141419,9.608774252,1.688967191,-6.005620952,4.591675137,0.983727928,-11.23060498,15.2554029,2.642437652,-6.657663863,8.042330332,1.590280144,-3.781175899,4.76382033,0.450797146,-1.108912409,1.866911679,0.126087005,-4.034198415,4.03836679,0.489675866,-0.746502552,2.885233977,0.132679462,-5.36937458,4.685617152,0.504995211,-1.424495757,3.082632606,0.171344674
468,H,0,-2.233835205,3.731488936,1.1929472,-37.23649163,15.84104136,13.44793808,-7.469779268,55.92614206,8.596881509,-24.52785955,41.3762458,11.41425165,-24.73837065,41.56665398,12.32305209,-44.32336583,35.5076305,12.95948457,-14.62508823,64.75021957,12.41184154,-13.55593416,40.9283936,11.58075516,-12.10309147,65.17136108,12.72139408,-6.584678505,5.854801203,1.272327215,-4.309597196,3.894828876,0.708974943,-10.38983568,9.070480027,1.273768668,-3.741863058,5.858095554,0.587061542,-9.689352978,12.86728159,1.169659012,-4.69884819,5.462638368,0.644417429,-11.24407939,10.94468521,2.342879176,-6.250591514,6.31244428,1.338824413,-13.83337486,13.15675547,2.200639074,-7.352976076,7.957374487,1.267018837,-16.88256761,19.54265091,3.090496171,-13.09251608,8.972457294,1.915470017,-3.692903417,5.565980643,0.691484917,-1.194895872,2.453962396,0.170526606,-2.850409839,4.767536157,0.637805368,-1.403614265,1.91958149,0.186698482,-3.789438164,5.941232966,0.736822107,-1.330103228,2.289371744,0.196366053
468,H,1,-2.867565685,2.208301481,0.886837474,-37.35418827,15.84104136,12.45896458,-7.351621096,59.24771464,12.06425993,-24.52785955,41.3762458,11.44529951,-24.88430405,41.56665398,11.0287146,-46.57279459,34.32835732,11.62921424,-14.39285149,64.75021957,12.74299856,-13.59911311,40.9283936,10.84902055,-12.10309147,65.17136108,13.01918786,-6.079428886,5.854801203,1.126420271,-3.315082648,3.894828876,0.628911425,-9.248878905,10.44784446,1.369361714,-3.43740059,6.36441966,0.634063524,-13.61567149,13.02160908,1.387817445,-8.743800466,5.519365231,0.735470633,-10.72340145,8.691550274,2.19776447,-4.843741217,6.31244428,1.253532556,-11.79130377,13.15675547,2.184656604,-7.414143821,7.330786912,1.277826983,-22.04653251,18.86738823,2.876370828,-12.64917224,11.93874547,1.801039002,-3.692903417,5.565980643,0.733209353,-1.194895872,2.453962396,0.185807951,-4.57303662,4.767536157,0.690366973,-1.403614265,2.182108852,0.197320941,-3.789438164,5.941232966,0.747842665,-1.330103228,2.289371744,0.19945114
468,H,2,-2.867565685,1.391978329,0.773175745,-37.35418827,15.12033745,8.971628591,-7.300025612,59.24771464,14.22702354,-22.36034585,34.26538833,10.97627568,-24.88430405,38.04878712,9.829898937,-46.57279459,34.32835732,9.793338999,-14.84883241,37.3045753,7.229410875,-13.95697271,25.55610543,8.815692628,-11.82435983,39.67203519,6.773516626,-6.079428886,4.978034134,0.863724315,-2.812536651,2.967040234,0.493804008,-10.51131231,10.44784446,1.21236534,-3.62461623,6.36441966,0.613237711,-13.61567149,13.02160908,1.644733894,-8.743800466,5.519365231,0.833375431,-7.179099742,7.708479015,2.022884683,-4.843741217,4.601314998,1.206870833,-14.22150494,10.86624594,2.065138643,-8.571300488,7.401302602,1.244022122,-22.04653251,18.86738823,2.712665972,-11.76571331,11.93874547,1.67590547,-2.96576534,3.389428684,0.400856664,-0.786151787,2.010311558,0.126884091,-4.57303662,3.134370367,0.507548531,-1.278071648,2.182108852,0.151702762,-2.831316422,3.308194964,0.40310014,-0.776449919,2.031212972,0.134379423
468,L,0,-9.943893456,6.983620839,1.392234602,-48.34119975,19.78285581,13.31472873,-6.175100853,79.62830878,15.78357557,-117.63254,215.192796,13.9840705,-82.37103553,106.933078,13.02901866,-73.527093,216.379182,13.96558594,-8.438949005,78.62800396,14.76971733,-7.39611189,132.9577765,17.35540543,-8.935986146,77.80403098,13.56391589,-41.2711471,47.08336732,3.028430735,-25.27174256,20.64368363,1.455632929,-11.85813971,9.167477235,1.545664526,-7.918454386,7.704484534,0.790258808,-18.90222247,13.33164065,1.089790892,-10.69689675,9.582981889,0.604580106,-75.74009777,106.9142978,5.062377357,-58.15660337,59.77378132,2.998832134,-40.74752572,45.00525429,2.899786537,-26.26739202,19.50332835,1.77539335,-72.10207206,116.1079343,4.904812309,-57.27370618,65.03939169,3.318244135,-6.476557528,7.544643273,0.617019312,-3.223356461,5.093648094,0.223515474,-7.736996969,6.712029386,0.746079391,-3.025832802,3.743448382,0.202977308,-7.555189091,12.90304912,0.773778624,-3.711465082,5.82376612,0.297322995
468,L,1,-1.568551689,1.048511921,0.371615744,-42.39301557,12.04958054,9.541281271,-5.658710269,39.74610974,5.531253106,-34.88714418,26.5809558,8.635705596,-21.56405459,36.6439432,8.636054079,-36.47891072,18.84891385,7.614583037,-9.193690002,35.91805881,6.844177704,-7.39611189,18.14574573,4.862933672,-8.935986146,41.23998813,7.555368197,-2.696247369,3.458424855,0.585984427,-1.807087085,1.878279066,0.322356339,-11.85813971,8.434344485,1.115507267,-4.520263067,6.342086922,0.504129354,-5.626277176,5.597960291,0.686443711,-2.290169017,2.422306915,0.383562708,-13.58086315,10.7286678,2.148228831,-6.431128005,7.922943594,1.25925612,-8.396903693,12.38601296,1.765373235,-6.158884144,7.03082639,1.048867818,-11.5428525,9.269866005,2.089674499,-7.080377251,5.626805796,1.29354835,-1.55510952,2.15060237,0.276861463,-0.334927013,0.384072038,0.071947699,-3.639215762,2.04698732,0.317178711,-0.953129943,1.338830444,0.099295092,-1.713490673,2.340919899,0.336661331,-0.43984166,1.164106296,0.09662309
468,L,2,-2.097374387,0.986631668,0.540394169,-40.13337601,14.16788232,10.2759497,-5.65112788,39.74610974,6.766172001,-29.76220876,27.42967295,9.696993401,-26.53854739,42.42647995,10.5076756,-28.80341262,23.44744031,7.978447369,-9.193690002,36.50603866,8.957148611,-7.379883161,25.60189894,5.800703771,-8.902261061,41.93661595,10.02627816,-3.04506706,3.854111707,0.543912559,-1.643042005,1.724305181,0.296466024,-11.02240742,8.732232076,1.136713965,-3.650850758,6.304220455,0.538346531,-8.328601305,6.057562994,0.846798588,-3.198242844,3.172762858,0.442548501,-11.05224251,10.7286678,2.174008227,-6.402143271,7.922943594,1.304629903,-15.21277639,12.38601296,2.010956122,-10.14854661,7.03082639,1.175385512,-11.5428525,11.99168914,2.175042014,-7.923738775,5.832342646,1.352017284,-1.617452486,1.485357035,0.26994761,-0.412334938,0.34544199,0.069322489,-3.639215762,2.157820547,0.355405632,-0.953129943,1.338830444,0.103021252,-1.859793866,1.682261052,0.306890179,-0.393797311,0.62385358,0.085484556
468,M,0,-1.902729471,4.178418915,1.191704983,-38.76519568,13.14817373,10.95981842,-7.868838785,79.44869236,9.95103479,-36.31410997,27.34521136,10.833332,-23.73030799,38.57245939,10.8594857,-47.79509709,33.42620706,11.27094692,-9.342343089,86.59670332,10.01923514,-9.646275817,98.14148181,12.41088093,-8.423669457,79.87884694,9.393631679,-4.589289123,4.506945858,0.810803624,-2.130332233,2.644329207,0.44197337,-10.48730176,9.427602606,1.218005106,-3.943761706,7.068704863,0.595279921,-15.07759698,16.44043266,1.74969486,-6.563771512,6.900982046,0.943822532,-11.05938905,15.03141211,2.273527066,-8.144210422,8.474378874,1.325919135,-9.651692479,10.32395451,1.992813787,-5.73491881,6.066213047,1.117203327,-11.93921233,12.49782781,2.450418425,-8.083866129,8.767252274,1.519880512,-2.684609002,4.702905603,0.433694096,-0.959405706,0.733226003,0.091512314,-3.29101229,3.756217837,0.538047819,-0.804818863,1.267587008,0.129986616,-2.428517126,4.731057963,0.425606666,-0.957274166,0.992048782,0.098238641
468,M,1,-2.8278229,1.824802767,0.589363773,-37.98712446,14.69026599,10.56727976,-7.597407103,79.44869236,9.594573454,-32.0125926,27.42528772,11.37993169,-21.0090186,37.65352379,10.99888034,-42.23529458,33.42620706,10.73123095,-9.342343089,86.59670332,13.23722155,-9.518908672,98.14148181,12.91493165,-8.39835795,79.87884694,13.23906031,-4.610364554,4.506945858,0.74777891,-2.082170065,2.269718765,0.403021667,-11.34267227,9.427602606,1.346983441,-4.422107778,7.068704863,0.640892717,-15.07759698,16.44043266,1.68804833,-6.563771512,6.900982046,0.911114909,-9.461217817,10.42123693,2.225479716,-5.059315516,6.823679718,1.306946722,-13.3289721,11.3087835,1.981122939,-6.044531362,6.066213047,1.123377878,-11.93921233,12.49782781,2.393455713,-6.922393571,8.767252274,1.482497449,-2.684609002,4.702905603,0.505114825,-0.959405706,0.817054556,0.095672931,-3.29101229,3.756217837,0.551821693,-0.804818863,1.267587008,0.131117326,-2.428517126,4.731057963,0.509008915,-0.957274166,1.016511534,0.10339254
468,M,2,-2.8278229,0.797312279,0.793842068,-37.98712446,15.4914089,11.09411958,-7.482345574,81.61097925,12.79890819,-43.26668116,30.59803083,11.96658718,-25.6443488,39.59534198,11.74276691,-34.27169105,34.58541035,10.89507916,-8.987851013,55.89630839,11.98553549,-9.518908672,53.49967097,9.681366154,-8.339628567,57.86592101,12.47878907,-4.610364554,3.500077976,0.753590414,-2.273872449,2.269718765,0.418110666,-11.76434931,10.23109518,1.402583356,-4.422107778,7.440961311,0.658633272,-20.15498204,15.97745875,1.785066,-8.26422976,6.852654772,0.907982236,-17.61741087,19.35285624,2.568758558,-9.691691617,12.77750732,1.539166633,-13.3289721,11.3087835,2.224868822,-8.605670116,6.939769495,1.253810624,-12.05085203,15.12037705,2.548225829,-10.37776079,6.824894219,1.55812588,-2.200842121,3.365406628,0.431776854,-0.68459991,0.882540677,0.092408436,-2.279977636,3.008888929,0.45246461,-0.763215329,1.371868948,0.129444338,-2.372881573,3.712963425,0.45691175,-0.756685598,1.624242306,0.105921011
469,H,0,-4.251095454,4.006893496,0.984274008,-66.44364889,21.7621435,12.39910845,-10.04181709,51.52204716,11.20582806,-38.25043966,23.8356134,10.38477124,-18.40650324,52.2020894,13.07300828,-50.74862178,30.61975753,12.78996702,-11.7913674,67.71162549,13.0309627,-8.942437338,59.47729136,9.029495674,-11.27437128,68.81652649,14.30650862,-10.14974013,9.092869431,1.300858405,-6.595162038,3.82331994,0.751087269,-16.90443154,16.72008475,1.785566511,-5.824364584,9.664108823,0.859156954,-12.35839338,10.37499993,1.226991016,-4.590336103,5.302023251,0.588679172,-10.1276957,14.19619174,1.770393743,-6.649122333,6.827696494,1.025391783,-12.70459767,13.81203016,2.033817276,-6.454296869,7.736704623,1.127484184,-14.54463348,14.07756388,2.375872885,-7.294926659,7.633455126,1.395594853,-3.475145835,5.743746879,0.492643101,-1.182104436,1.370412878,0.147193036,-3.921563004,5.912602077,0.477457122,-1.269702126,2.190550716,0.143703628,-4.114614788,5.23351118,0.534545089,-1.122764081,1.2209247,0.176788114
469,H,1,-1.65974575,2.661026187,0.695563006,-62.41328562,18.40792216,7.384887452,-9.723724369,51.52204716,12.52459717,-30.46779809,21.83027908,10.91094153,-18.40650324,36.28985512,8.373812483,-51.92490105,30.61975753,9.581525123,-11.7913674,9.601807795,7.107825093,-8.942437338,17.90770265,6.124073962,-11.27437128,14.44414514,6.849841111,-5.557979503,5.306240611,1.171424286,-2.58149349,2.77773389,0.721689414,-16.90443154,16.72008475,1.551013723,-5.824364584,9.664108823,0.795589544,-12.35839338,10.37499993,1.426189086,-4.590336103,5.302023251,0.665105313,-10.1276957,8.119192938,1.754150185,-4.306477579,5.439079992,0.996291756,-13.88782797,11.3255972,1.727813425,-5.974783874,5.876895424,0.981090449,-11.88444576,14.12326368,2.201388552,-7.16240904,5.667149238,1.293932692,-2.295389931,2.140207257,0.267888599,-0.542782217,0.664174688,0.110478446,-1.865481989,1.410710549,0.278648284,-0.648686777,0.93034022,0.111778516,-2.413161175,2.627821571,0.30804479,-0.631698895,1.024638576,0.139840463
469,H,2,-3.09598324,3.019147885,1.039839663,-62.37103121,19.89212938,9.528468266,-9.630611149,48.12651541,10.87210059,-30.46779809,21.2342022,11.3769706,-17.6969626,41.73616444,8.666382488,-51.92490105,23.98343896,9.239449895,-11.55195255,30.80058782,8.804743958,-8.79082894,45.94753491,12.91710479,-10.8615986,24.18064237,6.444147256,-5.361940477,7.184180588,1.275720395,-3.636481691,3.446677719,0.766713433,-16.27432382,14.87133801,1.627258512,-5.406767468,8.477319881,0.810027848,-13.60413514,8.847638553,1.416366622,-4.299449143,4.996734757,0.670934508,-9.500414929,7.979565434,1.686135736,-4.180598469,5.439079992,0.960780571,-13.88782797,13.080164,1.884771644,-6.985195725,5.876895424,1.051395563,-16.70997718,14.12326368,2.272312472,-7.829653804,7.248709068,1.330874513,-2.295389931,2.24078507,0.286600839,-0.542782217,0.664174688,0.109479948,-1.865481989,2.05827734,0.33448894,-0.51679832,0.93034022,0.111305531,-2.413161175,3.832387269,0.370294058,-0.631698895,1.49569292,0.152684559
469,L,0,-2.185764355,4.200215712,1.047298968,-66.54071674,18.2153867,11.46743484,-7.842622731,65.70919704,15.26274933,-32.78252212,22.77548236,10.61022641,-19.6601166,43.03481552,11.79368701,-44.99749186,29.12155842,12.42940031,-13.78900848,73.13746035,14.70509803,-13.07122004,67.88661767,14.78971967,-13.49292573,71.95370561,13.657894,-6.228940034,8.958167842,1.587474876,-4.965610733,5.182699284,0.958112678,-21.20335335,16.7874225,1.996659203,-8.471703535,13.13225027,0.980076393,-15.53948489,14.31624889,1.849434164,-6.821021238,6.752235298,0.903187015,-8.740718657,9.888300733,1.792547109,-4.094307024,5.746180757,1.04838344,-13.54247045,10.58549322,2.026310281,-7.413392251,5.528158547,1.129264753,-14.39452671,15.40687628,2.435175143,-8.073266118,8.880026773,1.43012158,-2.767149583,3.105664433,0.428643978,-1.471025983,0.73584925,0.142239147,-2.20797037,2.607764039,0.339092485,-0.877699806,1.323466714,0.119332693,-3.32443771,4.93891774,0.766416247,-2.599912209,1.68830774,0.295707372
469,L,1,-2.873828279,1.178153281,0.940082023,-62.05033454,18.2153867,10.8545129,-7.733330486,65.70919704,13.61296817,-36.15383043,22.77548236,12.55350057,-19.83758099,36.32373433,10.73469281,-36.71082424,29.12155842,11.48275232,-13.98621943,21.35828973,7.315864689,-13.07122004,14.08227148,7.594955315,-13.49292573,46.89930036,9.15586462,-6.228940034,8.958167842,1.690621323,-4.965610733,5.182699284,1.005506203,-18.00364052,15.42600429,2.051202392,-6.462921512,9.775705071,1.009834085,-15.53948489,14.31624889,1.794604344,-6.821021238,6.752235298,0.890044167,-12.750409,12.60427879,2.044501966,-5.878298255,8.840077072,1.200538932,-10.02586587,12.20217229,2.112530715,-7.446378065,5.20907776,1.220942657,-10.62201977,10.10369839,2.375559754,-6.637493065,5.76283808,1.417555431,-1.727414826,2.761799324,0.341211261,-0.85555563,1.017183196,0.135217506,-1.427544248,2.039079111,0.292659319,-0.561997084,1.323466714,0.117918812,-3.803875447,6.281199987,0.631689053,-1.482423432,3.84703029,0.275842495
469,L,2,-2.873828279,2.230537413,0.96499716,-62.12259686,17.80018409,11.41197689,-7.733330486,1.010222947,5.946354405,-36.15383043,22.59142583,12.34199797,-19.83758099,38.4633187,11.08394354,-39.24539315,25.27226885,10.44262891,-14.74327565,15.177551,7.13723766,-12.87666029,14.08227148,7.130804825,-13.82993979,37.21657559,8.602933151,-6.257417329,6.766216708,1.755157361,-3.951339375,3.851784063,1.049929706,-18.00364052,14.56728474,2.231038538,-6.313283287,9.198150411,1.067614769,-2.811541639,2.840537464,0.807636399,-1.995448704,1.809577624,0.553628614,-12.750409,12.60427879,2.018760532,-5.878298255,8.840077072,1.172753654,-11.77277705,12.2714469,2.158384052,-7.446378065,5.498745525,1.239175168,-11.69769731,11.20600418,2.289170196,-6.637493065,6.718792918,1.373025537,-1.800151943,2.761799324,0.326414578,-0.518252023,1.017183196,0.127549302,-1.427544248,1.267713383,0.265277289,-0.473881383,0.566545704,0.10933133,-3.803875447,6.281199987,0.604388445,-1.044076782,3.84703029,0.253735751
469,M,0,-1.412676955,2.76743345,1.00946684,-56.44053596,16.89251634,10.46717325,-7.669340661,55.16609561,9.650298809,-35.56337482,23.52459121,12.57543462,-21.46637975,46.24835633,10.28563251,-43.8239212,33.15754015,11.05238449,-16.32412847,58.51225293,9.958322024,-15.60141695,36.90175579,9.778505343,-12.29843922,103.3907169,11.66334006,-8.031728509,6.080622486,1.105809185,-4.0497536,2.967190318,0.649512319,-15.34758818,12.2893856,1.642951795,-5.216962473,8.414181815,0.792326759,-16.19548821,8.987147256,1.007072852,-7.118699716,6.540698331,0.517352771,-10.30256786,7.359411683,1.639626057,-4.015599339,6.153537275,0.944264854,-13.14937617,14.79337317,1.830342547,-5.810487791,7.949575241,1.041497417,-11.41927935,11.24078154,1.933717547,-7.368788664,5.785649659,1.14881519,-3.691691746,9.134929913,0.564714911,-2.247624786,2.122267407,0.167692821,-2.182834425,2.830176434,0.375166442,-0.59244895,0.56692582,0.120353101,-5.991861871,15.50737249,0.896076854,-3.702313122,3.046986919,0.303866154
469,M,1,-2.519567787,2.727023508,0.787684741,-62.83196249,17.58108266,9.826176521,-7.603620099,55.16609561,9.737725633,-27.42909628,23.52459121,9.918547317,-21.46637975,46.24835633,10.13636559,-49.80270136,33.15754015,11.21293604,-16.32412847,29.1221887,8.825342752,-15.92768063,24.18243227,8.970262453,-12.29843922,49.24660238,8.768184944,-6.43687568,3.750776089,1.006039302,-2.384491577,3.112906633,0.601719667,-18.74582214,15.41456144,1.828428165,-6.28484801,10.76502196,0.917834959,-16.19548821,8.987147256,0.986108597,-7.118699716,6.540698331,0.498837176,-9.978631763,8.191791418,1.645591734,-4.471953131,5.514377644,0.957225903,-13.14937617,14.79337317,2.006788007,-7.328799813,7.949575241,1.125288441,-13.97620706,11.87805164,2.154705433,-7.368788664,5.785649659,1.242547666,-2.964592499,3.629315229,0.404030807,-0.70548108,1.456487702,0.137847941,-2.487975865,2.830176434,0.345684514,-0.591498886,0.56692582,0.113376093,-6.236859754,8.958099271,0.648223628,-2.232725711,5.187397098,0.280870053
469,M,2,-2.982460177,2.797075687,0.985533121,-62.83196249,17.790528,11.27819442,-7.603620099,47.29799713,12.563341,-29.98256898,23.00721672,9.644971516,-19.51041105,55.91283262,11.8132846,-50.81219495,25.5783914,11.02550944,-15.64159197,76.87371221,12.33855698,-15.92768063,86.54953561,12.48114054,-12.94027482,51.07948217,10.70645952,-6.477373443,5.142939484,1.040446333,-3.215830532,3.121100705,0.613069339,-18.74582214,15.41456144,1.863013048,-6.28484801,10.76502196,0.944588911,-12.06496634,8.354133621,1.159192905,-4.524301194,3.662243916,0.548690791,-9.978631763,10.88431165,1.73074534,-4.748571224,5.619570724,1.014932768,-12.14396851,13.68026051,2.201136305,-7.354649313,6.24278028,1.244404347,-17.83818839,11.87805164,2.302414972,-6.43654475,7.86269073,1.338919269,-4.253032833,5.673998018,0.58679396,-1.135351542,1.584227735,0.161637395,-3.341881983,4.758197145,0.552047427,-1.024919763,3.335463971,0.151217287,-6.236859754,8.958099271,0.794593557,-2.232725711,5.187397098,0.321377322
470,H,0,-3.622287102,3.165813376,1.031483737,-33.09068647,9.422205378,10.12497388,-4.921374734,74.34633109,6.082601233,-31.80903558,30.27179168,9.630311039,-24.67421335,34.35657859,10.89229021,-23.8169667,34.4985767,11.14875593,-5.254380288,83.11553869,12.2160366,-6.772071399,76.89417898,12.0662968,-4.216933127,84.76038958,12.30325206,-7.253314374,4.586631088,0.949866992,-2.939862678,2.887258882,0.546485223,-8.768697997,6.254722153,0.771298643,-2.688465644,2.762802949,0.327885969,-17.00485415,11.73236226,1.348540289,-8.946645619,5.434900479,0.722360352,-9.320632198,8.166452851,1.659661098,-4.569483241,4.576834644,0.936955915,-9.16374582,10.15902758,1.419561236,-4.1810214,4.473903234,0.763292202,-7.921805781,7.522371323,1.56821758,-4.139369666,4.88936001,0.879888536,-1.074633791,2.489203551,0.236161455,-0.290788547,0.888847286,0.032903437,-1.276387032,2.108097664,0.215436363,-0.369818658,0.879950142,0.037642544,-1.169236871,2.620579492,0.254894171,-0.250840735,0.917325552,0.040217092
470,H,1,-3.622287102,3.165813376,1.087272329,-33.46370592,9.422205378,10.91838311,-4.961669361,91.47299558,9.105311906,-28.40732802,30.27179168,9.953418891,-24.67421335,34.35657859,11.78402926,-24.03306431,34.4985767,12.07601668,-5.254380288,83.11553869,12.34829262,-6.807813142,76.89417898,12.10558501,-4.216933127,84.76038958,12.34203173,-7.253314374,4.586631088,1.031392691,-2.939862678,2.887258882,0.58040387,-8.768697997,7.774784887,0.948304489,-2.708713218,2.818403344,0.363977981,-17.63648637,18.03784655,1.798270578,-8.946645619,6.733232677,0.844356475,-9.320632198,8.166452851,1.706559257,-4.569483241,4.576834644,0.953487664,-8.390093854,8.688755919,1.505754961,-3.722886901,4.473903234,0.809998633,-8.085009438,9.05432182,1.658204,-4.704475925,4.88936001,0.930655648,-1.074633791,2.489203551,0.238174682,-0.290788547,0.888847286,0.033697527,-1.276387032,2.108097664,0.219361891,-0.369818658,0.879950142,0.038239927,-1.169236871,2.620579492,0.258011986,-0.250840735,0.917325552,0.040359236
470,H,2,-3.203861507,2.148144653,0.937592561,-33.46370592,8.298370377,9.497073524,-4.961669361,91.47299558,12.82769495,-31.86552248,22.2491037,9.517523777,-24.59162235,32.31449765,8.831526601,-24.03306431,27.6931751,8.587030128,-5.574045429,2.985215164,2.942680818,-6.881912861,7.354944629,4.307618388,-4.189191435,1.904217953,2.241376131,-6.983280765,4.248499363,1.023400653,-2.791552898,2.826644227,0.59637603,-8.032620644,7.774784887,0.866969215,-2.708713218,2.818403344,0.334383771,-17.63648637,18.03784655,1.932282179,-6.03424661,6.733232677,0.877625496,-8.360748688,7.925252119,1.539587011,-4.054420515,4.127257141,0.884553915,-9.009786899,9.568332644,1.276003685,-3.925254536,4.729306077,0.713849748,-8.46723381,9.05432182,1.362518589,-4.704475925,5.064753217,0.806105743,-0.220359913,0.400875091,0.054377065,-0.084953256,0.114127772,0.018314636,-0.311722286,0.389394364,0.074681353,-0.11811815,0.104225626,0.023242243,-0.480139021,0.632195925,0.074400814,-0.13047567,0.225288729,0.026438661
470,L,0,-2.123380589,2.570071315,0.918375916,-43.45687196,10.13409495,11.80157499,-4.206339646,84.0977255,11.32679647,-32.0911332,26.7895374,7.725357858,-28.49679459,42.28660835,12.64800525,-30.49666327,32.07321109,11.844981,-18.4953816,39.66976886,10.11041442,-14.26190522,25.15950604,8.918844106,-15.56056365,38.62347822,10.19561861,-7.127502493,6.85421147,1.100510128,-3.137426451,2.944164294,0.630567314,-9.022508302,7.285177246,1.106031352,-2.50319673,2.833952042,0.449704576,-17.87101265,18.77443655,1.840563148,-6.513791159,6.338169271,0.898122402,-11.85565799,6.720716288,1.749035755,-4.289874717,5.683708614,1.047700375,-10.55273531,12.1765952,1.842945748,-5.222094392,6.65313972,1.000568789,-9.63826668,11.82352081,1.940097552,-6.216412421,6.138137455,1.129549875,-1.762418661,1.71176213,0.296942731,-0.936620782,0.650769245,0.113618467,-1.978921761,2.480560512,0.433274162,-0.839354459,0.729292216,0.156028722,-1.62233515,1.478322021,0.281390747,-0.863269126,0.598745862,0.11307996
470,L,1,-2.845778602,1.57302273,0.915336909,-45.94821122,9.645338143,10.74196022,-4.206339646,143.7500602,14.31964648,-37.36620791,30.72081616,10.70414126,-23.2874496,42.28660835,10.14731959,-30.49666327,27.8794868,9.694282475,-18.4953816,10.65271826,8.583752043,-14.22350318,30.44928974,10.02239445,-15.56056365,11.66955988,8.806845863,-8.049415513,6.85421147,1.108291903,-3.693803837,3.535338879,0.648820841,-9.177418411,7.285177246,0.932363612,-2.788066288,2.833952042,0.37723555,-30.00809254,20.33603081,2.306638048,-8.661314555,8.924951727,1.033269117,-10.44667589,8.610530053,1.843910097,-4.961020133,4.471190415,1.095176774,-9.752894589,12.1765952,1.584139979,-5.222094392,6.65313972,0.883820166,-9.63826668,9.623911717,1.733038437,-6.216412421,6.138137455,0.999849137,-1.144726301,1.970403864,0.267189328,-0.474973383,0.493082553,0.098951537,-1.978921761,2.480560512,0.457898912,-0.839354459,0.729292216,0.159998702,-0.934413771,1.739920703,0.249462364,-0.434122797,0.471773933,0.101396893
470,L,2,-2.920929029,1.518231801,1.094158246,-45.94821122,9.192611438,8.798920039,-4.165650426,143.7500602,9.312047305,-37.36620791,30.72081616,12.37389647,-19.46394086,32.32731693,7.40689026,-28.70968126,21.2256002,8.54870722,-17.03587582,27.32675173,10.11705353,-14.06702706,71.24140797,11.65551371,-14.74079982,26.97290196,10.00925458,-8.049415513,7.11981278,1.137803392,-3.693803837,3.535338879,0.665459575,-9.177418411,6.542310179,0.795501709,-2.788066288,2.472214453,0.333178146,-30.00809254,20.33603081,1.802502347,-8.661314555,8.924951727,0.919947841,-10.44667589,11.46619573,1.981330301,-5.173672815,4.471190415,1.176021278,-8.322892791,7.916282302,1.31118898,-3.880459913,3.914878385,0.771647436,-8.924381881,9.090198984,1.560558055,-4.423890254,5.9126197,0.925032032,-1.469506929,2.536330203,0.293037412,-0.445812112,0.625868238,0.109520496,-4.495589693,7.717773649,0.559563287,-0.96235719,1.683636623,0.151140584,-1.011147998,1.739920703,0.247917523,-0.431303046,0.552087909,0.104632196
470,M,0,-3.021621169,2.775677348,1.104508276,-36.45564244,10.14300784,9.136252018,-4.856454434,65.799916,9.530123469,-36.96380383,27.54740686,9.614181774,-23.61130553,30.67771737,10.26174345,-23.46183015,32.76412925,10.82890284,-17.62791969,32.73321733,8.466400504,-14.9249053,34.05689151,9.770494647,-14.86224287,35.72428465,9.37036026,-5.422671159,7.890397373,1.451255562,-3.395486883,3.183392634,0.862560405,-10.59875351,7.675016023,1.002319191,-3.264629444,4.185916578,0.46687579,-17.81123156,16.32980231,1.527349436,-6.49731256,11.34892625,0.841970044,-9.51691077,9.248799969,2.163749306,-5.758058948,5.454494437,1.314307414,-7.799502948,8.931022286,1.286175768,-3.213907219,3.838083575,0.699167834,-12.46496079,8.43680868,1.503462003,-4.949234481,3.828431172,0.821213163,-2.236522153,2.671101947,0.48289064,-1.588248106,1.671851032,0.193228751,-3.286169035,1.947130192,0.376124366,-0.983847376,1.708409144,0.139335262,-3.288585019,3.124890425,0.660664065,-1.878566675,1.88820089,0.278378664
470,M,1,-3.021621169,3.391604142,1.07996223,-36.54573547,10.3196333,9.693945076,-4.847398914,97.85804728,8.601504092,-49.0137893,32.37063663,9.361544772,-17.92003572,31.75930624,9.440506071,-23.46183015,22.69779348,8.596673508,-18.83566679,45.20431421,10.9079861,-15.02308749,35.84212718,9.588635731,-14.8904218,39.91465938,10.76702094,-5.887199871,7.890397373,1.484724011,-3.500712327,3.183392634,0.888013289,-9.110789906,9.284038345,1.034984353,-3.651176263,3.618004054,0.4652637,-20.57029515,15.69865098,1.481326799,-9.428553099,8.286773274,0.819830787,-9.963807533,9.248799969,2.152314918,-5.159299905,6.019251983,1.313950135,-6.699201379,6.4946093,1.298012238,-3.302933035,3.797849078,0.724188602,-6.830991628,8.319909001,1.439545341,-4.810079271,3.519120332,0.827258455,-2.236522153,2.595031489,0.454975318,-0.737881291,0.947489171,0.183498144,-3.286169035,1.947130192,0.372867185,-0.983847376,1.708409144,0.139567437,-3.030066285,3.174224605,0.619179745,-1.210800574,1.225401977,0.275675556
470,M,2,-2.40347766,3.391604142,0.903692395,-38.31081037,10.3196333,11.04117551,-4.865110736,101.8756237,11.43694572,-49.0137893,35.58770468,10.92576759,-21.84751012,31.75930624,10.41173615,-24.59625074,30.03521999,9.724493229,-19.14548103,45.20431421,12.01766016,-15.02308749,35.84212718,10.91141895,-14.8904218,39.91465938,11.43544373,-5.887199871,7.094382214,1.34768366,-3.500712327,3.14259949,0.820624586,-10.26081272,9.284038345,1.178495582,-3.651176263,4.511160186,0.504975772,-20.57029515,18.02671425,1.921459336,-10.98216763,8.286773274,0.996128191,-9.963807533,9.992893814,2.2972478,-5.220135327,6.019251983,1.394340939,-6.699201379,9.512294168,1.479708989,-4.131909354,3.797849078,0.816386999,-11.0773962,8.319909001,1.586298096,-4.956321459,3.544099982,0.900030649,-2.217355416,3.163882297,0.483025628,-1.057618462,0.947489171,0.184153133,-1.649125942,1.382684631,0.393733252,-0.534001442,0.670129809,0.127527006,-3.030066285,4.977892554,0.621977098,-1.533298141,1.225401977,0.279770429
471,H,0,-3.213484265,2.196521715,0.904499162,-32.02425976,11.86771732,10.81198462,-6.712931003,44.21561398,6.334165077,-34.0223829,23.30968346,10.76630934,-25.27074318,34.69705669,9.789914656,-33.67443044,25.2034936,10.00815388,-14.4622039,38.16899349,10.16593648,-12.87351603,25.48018587,8.528675458,-12.32361516,41.22006789,10.78399161,-7.056943265,9.354717901,0.910823496,-3.890182907,3.625247277,0.462290434,-6.333373775,8.524289082,1.051290393,-2.949934464,3.204842244,0.457426945,-12.20566622,12.4418997,1.363713049,-6.598426731,5.151908621,0.794315483,-9.104255941,9.214879225,1.911661135,-5.461322818,3.990300259,1.115147385,-18.67402482,14.51339852,2.065208126,-8.567017741,9.464665979,1.23298446,-9.479523101,13.06688677,1.712018909,-8.599433244,6.871609483,1.007855781,-2.694186524,3.520848372,0.476568534,-0.91579752,1.042880018,0.102754745,-2.792347916,3.653502745,0.469688812,-0.836295695,2.230264937,0.12188427,-2.818068163,3.528466701,0.486589449,-0.836666964,1.742906864,0.123070833
471,H,1,-3.259497807,1.852660815,0.9445057,-35.15970718,11.29836212,11.38828679,-7.015720972,50.05189817,9.1470481,-34.0223829,21.8086064,10.38465765,-25.27074318,34.69705669,10.98344179,-35.48946754,26.48789846,11.71716184,-14.73809476,40.98593244,12.4647862,-12.87351603,52.10567779,13.97073155,-12.52288951,41.40880238,10.77524628,-7.056943265,6.394335035,0.957537944,-3.375701188,2.46824265,0.474595406,-6.30948584,8.524289082,1.063179994,-2.949934464,3.204842244,0.455884298,-13.69308976,14.97485465,1.643012707,-8.118564591,7.58109606,0.910659839,-9.415807011,9.214879225,2.0197433,-5.058147799,4.854209832,1.175392445,-18.67402482,14.51339852,2.133946663,-8.567017741,9.464665979,1.256978093,-9.265331663,13.06688677,1.744544327,-8.599433244,6.871609483,1.025009814,-2.694186524,3.598574203,0.509221226,-0.91579752,1.042880018,0.111070288,-2.792347916,3.653502745,0.50304728,-0.836295695,2.230264937,0.11469208,-2.867952177,4.762390048,0.54813498,-0.87015106,1.742906864,0.139488642
471,H,2,-3.476178518,1.132362325,1.065799015,-35.15970718,11.27724904,10.5177818,-7.015720972,53.61582449,13.72090144,-31.65545487,22.01053017,10.37161693,-24.79771332,36.37593253,11.44899148,-35.48946754,27.76853877,11.31522978,-14.73809476,40.98593244,11.25287396,-12.70607043,52.10567779,12.62974378,-12.52288951,41.40880238,10.56861564,-6.821933572,5.299226772,0.933552049,-2.972517719,2.344410729,0.470526007,-4.489262853,8.460374584,0.938467218,-2.642378119,2.918743755,0.404265491,-13.69308976,14.97485465,2.261584366,-8.788991054,8.223237511,1.203476843,-9.478754021,9.034682979,2.021493117,-5.193110118,5.420222166,1.183907733,-11.271196,14.20170341,2.051511676,-7.548540314,6.583874888,1.17429542,-9.265331663,8.959526601,1.687246942,-5.824951884,5.808864408,0.9983282,-2.131583875,3.598574203,0.420693604,-0.694312815,1.068443541,0.100312804,-2.843522636,3.431972703,0.433146317,-0.704411529,1.48802458,0.106067453,-2.867952177,4.762390048,0.492360463,-0.87015106,1.682485346,0.131825466
471,L,0,-3.487080655,5.113325772,1.225926037,-34.16300168,11.2403642,12.86031458,-6.780099085,63.15566951,9.457346322,-28.86100313,28.83919161,10.81664569,-27.74810128,38.14158149,12.34785711,-36.70035113,31.29744057,12.68728687,-13.58723947,35.88776835,12.06479787,-10.65885932,38.47877794,12.71764736,-12.7740001,34.63633865,12.11578531,-7.108782476,6.672595141,1.10069451,-4.046516153,2.872720936,0.53972422,-7.559877986,9.089936399,1.260925744,-3.058091213,4.044119631,0.518102908,-14.91605967,14.42498381,1.63603933,-5.465538783,9.307918154,0.967609533,-8.827285415,10.29334718,2.17165584,-5.617553456,6.075545091,1.207040575,-12.88157638,13.18508712,2.284096462,-6.493273519,5.976265711,1.273838411,-9.715260746,11.85087,1.916317067,-5.037132771,5.24535548,1.04039163,-3.116784813,3.678500149,0.609981701,-0.882025676,1.431831181,0.141147193,-4.390073143,4.904332206,0.856659683,-1.147611006,4.080750942,0.243214218,-2.856522574,3.342513371,0.581186201,-0.865658735,2.657178891,0.151295627
471,L,1,-3.487080655,1.311033854,1.16323986,-34.16300168,10.75962727,13.27807628,-6.780099085,80.34812253,14.38072997,-35.21836676,28.83919161,11.26465003,-27.91131958,38.14158149,12.52468417,-36.70035113,29.95172688,12.24856044,-13.48104061,35.88776835,12.68057545,-10.45059257,33.41744801,12.51440218,-12.7740001,34.63633865,12.93617158,-7.108782476,7.392591836,1.15509086,-4.046516153,2.872720936,0.577689483,-6.145579898,9.089936399,1.253325971,-3.058091213,3.520982292,0.515208795,-22.30244266,22.61139604,2.264820638,-9.520875172,9.307918154,1.198503686,-11.70358171,10.29334718,2.339612014,-6.848725976,6.075545091,1.31231574,-12.88157638,14.6910753,2.337493306,-6.493273519,6.086838588,1.292778106,-9.715260746,11.85087,1.945734983,-4.882677655,4.455274225,1.044820603,-2.887114193,3.92250445,0.629010256,-0.882025676,2.493609118,0.149606426,-3.972125631,4.904332206,0.853317127,-1.139509338,2.922724077,0.233339796,-2.856522574,3.841958729,0.602052009,-0.868004792,2.895300396,0.160615992
471,L,2,-2.920921533,1.311033854,0.721491471,-32.39690392,10.04170689,8.656074721,-6.712934479,80.34812253,11.69606438,-35.21836676,25.90806216,10.38718759,-27.91131958,32.42739782,9.115922869,-32.85017105,29.95172688,8.667046872,-13.54700807,33.92728864,9.387338335,-10.52426019,33.19646362,8.5563835,-12.29600649,31.40169249,9.318693183,-6.165104102,7.392591836,0.80833946,-3.891159159,2.769475312,0.441107945,-9.554095847,8.164706169,0.875233103,-3.040487753,3.918382451,0.392258575,-22.30244266,22.61139604,1.989038328,-9.520875172,8.150809269,1.08860233,-11.70358171,9.683796001,2.07628695,-6.848725976,5.988207308,1.214126011,-13.53171597,14.6910753,1.859043916,-6.339974388,6.086838588,1.049426565,-7.58022211,9.880675141,1.622987877,-4.727110141,5.637460067,0.926190024,-2.887114193,3.92250445,0.384254391,-0.805985112,2.493609118,0.105917926,-3.972125631,3.623469222,0.486062979,-0.627940358,2.404375133,0.14596451,-2.795934431,3.841958729,0.365433357,-0.868004792,2.895300396,0.112264596
471,M,0,-3.63089071,2.186237938,1.046945126,-28.30428305,11.60067186,11.51050531,-7.395911948,55.41207742,8.873792907,-31.84267937,27.5396763,10.7396983,-22.31010756,35.30881918,10.69563977,-32.68297076,26.21824335,10.84612424,-14.88010327,35.90400584,11.65609366,-12.2251004,32.42613928,9.679278422,-12.86060342,35.61290796,11.97302523,-6.588117144,6.517402381,0.964984663,-3.589944346,2.552158964,0.477127795,-7.262876984,9.75954868,1.106926193,-3.841700788,4.158929628,0.470262767,-14.17038869,10.5905633,1.408946054,-5.313510283,4.945299787,0.803749127,-11.1216101,12.16903304,2.126435984,-5.767878171,5.941098479,1.212993917,-14.51056753,9.773139902,1.851401006,-5.595678325,6.283745563,1.032363677,-11.63892669,11.34916186,1.744127795,-6.223560482,5.988489716,1.009763378,-3.741137042,4.541709633,0.587267779,-0.942778502,2.977013745,0.158630672,-3.581672824,3.627711857,0.619906849,-0.852588047,3.069960835,0.183708945,-4.075887178,4.730211064,0.587048156,-0.996500902,3.547947227,0.174469867
471,M,1,-3.254807265,2.186237938,1.006574483,-28.56419953,11.60067186,11.44020908,-7.395911948,55.41207742,8.827280711,-37.73467364,24.51484736,10.15922321,-18.74474001,35.30881918,10.47747527,-32.68297076,28.08721105,10.73417379,-14.35760323,30.40105773,10.28700071,-12.29938237,32.42613928,9.695719632,-12.86060342,31.00834879,10.28160211,-6.588117144,6.517402381,0.920204995,-3.589944346,2.552158964,0.457455925,-6.550248894,9.75954868,1.055337954,-3.841700788,4.158929628,0.450796429,-14.17038869,10.5905633,1.419074796,-5.313510283,4.945299787,0.80161276,-11.1216101,12.72152959,2.080116723,-5.320207477,6.920333022,1.16929298,-14.51056753,9.773139902,1.767776473,-5.595678325,6.283745563,1.016103503,-8.526216121,11.34916186,1.651171057,-5.512685494,5.801590729,0.971022643,-3.741137042,3.488413566,0.511438121,-0.791163081,2.977013745,0.133168653,-3.581672824,3.627711857,0.575660838,-0.852588047,3.069960835,0.171997788,-4.075887178,3.745357258,0.506264475,-0.816775764,3.547947227,0.147454023
471,M,2,-4.454603552,1.388703714,0.962488756,-28.56419953,11.44826799,9.276696147,-7.37989439,68.90857734,11.78924148,-37.73467364,25.34883359,10.00038556,-21.58869623,35.02433948,10.04167871,-35.61166168,31.00559781,10.04072116,-14.28887763,43.72479443,9.350745479,-12.29938237,41.77602741,11.05816893,-12.94994541,39.04060948,8.971232602,-6.570398246,5.862127011,0.889216638,-3.84238345,2.98833224,0.456265102,-7.12745862,8.501032647,0.926048933,-3.070215435,3.186998036,0.405022167,-16.04485953,17.31635081,1.889109728,-7.603460096,6.840414475,1.003489093,-9.580659739,12.72152959,1.991415663,-5.836209841,6.920333022,1.15098946,-8.82707277,9.247539467,1.706202962,-5.130491983,4.969050567,1.013530241,-9.339987737,9.645973589,1.672864628,-5.512685494,4.794294463,0.981279663,-2.772155979,4.028912787,0.461398916,-0.705396753,0.744909527,0.094483392,-3.440408433,4.340470259,0.567776501,-1.030685146,3.296548479,0.152756777,-3.126020225,4.042687039,0.451521217,-0.673147679,0.758632702,0.09683202
472,H,0,-1.974552791,2.006809605,1.07772825,-40.2370104,16.92703996,11.11486168,-9.931150209,27.1734988,9.657431073,-24.9799092,29.95282544,10.74241681,-20.01371715,40.07206083,10.18154362,-29.87652182,29.5056817,10.66220568,-13.6632295,50.57440995,9.638568154,-13.45036785,35.60123084,7.69966436,-12.22450989,48.99742409,9.585206064,-3.678240005,4.169908517,0.69171564,-2.183198958,1.611783049,0.38296141,-12.14516336,9.355999703,1.672839619,-4.063681503,5.200639339,0.744959081,-3.589681179,5.457896687,0.464503539,-2.019371204,2.038113911,0.219408666,-11.89466668,15.04428242,2.243123148,-5.845267356,8.797813773,1.308515114,-13.31377708,12.88161162,2.18804151,-7.402428011,5.12627337,1.209113918,-11.01900706,11.69954914,2.157629966,-5.367713119,5.09175639,1.269098325,-2.40984788,3.751469982,0.385840857,-0.852478807,0.641845397,0.113893518,-1.798306041,3.170117164,0.437424863,-0.704059867,1.131796346,0.13673678,-2.510516131,3.554951959,0.388497324,-0.821505335,0.813297228,0.11849863
472,H,1,-1.974552791,1.953639072,1.044548429,-40.2370104,15.81153584,9.907114986,-10.09846651,63.04620458,11.55551268,-22.10222161,29.95282544,10.81273727,-24.68765733,40.07206083,12.0141747,-31.03090606,35.07869166,12.00022368,-14.28150591,51.51402182,10.81653243,-13.57498948,56.77128601,9.746081848,-12.69189208,50.20616475,11.1075616,-3.678240005,4.926309249,0.827800496,-2.394488882,2.229445013,0.451282423,-10.76457705,9.355999703,1.613931166,-4.063681503,5.500835109,0.748559465,-6.057398735,10.89466504,0.844667334,-2.988353456,3.224003214,0.366742937,-10.13323639,9.724399584,2.256285627,-5.372415953,5.181274249,1.324351986,-13.31377708,14.51730256,2.505413287,-7.402428011,6.265032477,1.388370631,-13.09937615,12.53638932,2.470035894,-6.949136342,6.305271445,1.46210333,-2.540542729,3.594687188,0.529496976,-0.950177652,1.424961958,0.148315594,-5.999936456,4.655338893,0.754165491,-1.022163224,4.227008977,0.220258525,-3.459786133,3.565111602,0.535064959,-1.016058881,1.846104115,0.162317906
472,H,2,-1.740833434,2.394302527,0.921729989,-39.77563998,20.3040565,10.47567716,-10.16495998,63.04620458,11.944387,-23.0853092,31.44666565,10.85584048,-24.68765733,38.715368,11.44616314,-31.97525544,35.07869166,11.0035375,-14.28150591,51.51402182,11.92044919,-13.57498948,56.77128601,13.47306184,-13.37407329,50.20616475,11.92236561,-3.765860795,4.926309249,0.846488784,-2.394488882,2.229445013,0.472365024,-11.49875251,8.508235222,1.500353113,-3.733206504,5.500835109,0.690348525,-6.057398735,10.89466504,1.020494928,-3.336485441,3.224003214,0.42546803,-10.33260095,9.293053177,2.196286514,-5.545665297,5.181274249,1.295378498,-13.49136125,14.51730256,2.216815255,-7.033155802,7.69039924,1.268794731,-13.09937615,12.53638932,2.20019507,-6.949136342,6.305271445,1.327603428,-3.521399741,4.625896259,0.659440393,-0.950177652,1.755402312,0.172456455,-5.999936456,5.955960827,0.947581913,-1.054028508,4.227008977,0.268804699,-3.459786133,4.108489891,0.651203236,-1.016058881,1.846104115,0.184138694
472,L,0,-1.752396247,4.605641872,1.19546593,-57.04348035,22.2151498,12.03238671,-6.835135907,48.05687256,8.66685581,-38.15801615,26.67363778,12.85121878,-19.10987974,37.34263398,11.16239704,-38.02200099,31.62507576,10.93219128,-17.65009197,34.55205702,11.09078915,-14.81098299,28.64824494,9.4645701,-12.79707272,32.25860855,10.38044527,-4.693181621,5.029240938,0.968224554,-2.534032858,2.082377723,0.549552541,-17.12185524,12.51049269,1.820143554,-5.6236652,7.52966121,0.84945037,-5.844937649,13.32295672,0.941920444,-3.836055864,7.30490991,0.540680321,-12.23257302,11.90386414,2.515720853,-6.048310274,6.198567907,1.450840486,-12.96373481,12.41920594,2.131280512,-7.413656014,7.271871611,1.190033869,-12.19291941,13.72941646,2.35628951,-6.758357521,5.670916828,1.400160505,-4.026238159,4.90214121,0.619798844,-1.271692953,2.580203754,0.225339059,-2.673772199,3.848377274,0.521672845,-0.807871001,1.611939881,0.179627501,-3.88418932,4.060277838,0.653233431,-1.312061293,2.486836455,0.261811552
472,L,1,-1.752396247,2.075358265,0.665876124,-57.04348035,20.35985609,11.40993991,-6.835135907,71.4468795,8.46517321,-30.07741971,26.67363778,9.917597616,-20.55982384,37.34263398,11.77838312,-36.07874112,27.09370329,11.26527872,-17.65009197,48.10345304,11.19117494,-15.43741836,35.01283449,10.19399361,-13.33126428,47.91012446,10.925725,-3.986618131,5.029240938,0.960351015,-2.327996609,2.216749397,0.546231974,-15.15025766,12.51049269,1.86899547,-5.324966009,7.891754203,0.933810924,-21.42967886,10.32905814,1.2539077,-8.206692481,8.397588105,0.648048463,-10.39831046,11.70519994,2.211841215,-4.838989647,6.77719549,1.329114455,-12.96373481,13.77090344,2.36413554,-8.340377728,7.271871611,1.325966773,-13.92638983,13.72941646,2.522076752,-7.502117277,6.748108714,1.491983686,-3.710522381,5.299012073,0.571724968,-1.159531352,2.580203754,0.218418516,-2.483978104,3.461083015,0.600932013,-1.14979734,1.822958785,0.193092132,-3.598484891,5.034105889,0.58572051,-1.160993326,2.486836455,0.254271538
472,L,2,-2.044352282,2.075358265,0.750028784,-55.95298543,20.35985609,9.577643451,-6.774744791,80.4464026,12.73812724,-36.02254366,22.3716209,8.216514894,-20.55982384,42.65770898,10.40906813,-38.85204183,26.32879473,10.69101001,-17.15367357,48.10345304,10.63646659,-16.38476833,38.48062797,11.86740502,-13.33126428,47.91012446,11.35810872,-3.737826616,3.803229998,0.914338392,-2.445234124,2.216749397,0.528612774,-15.15025766,12.32193767,1.775463742,-5.324966009,7.891754203,0.898174453,-21.42967886,13.01371861,1.653766667,-8.212832927,8.397588105,0.798922792,-10.39831046,8.227852209,2.036921896,-4.838989647,6.77719549,1.263566542,-10.07283132,13.77090344,2.232961496,-8.340377728,6.55822127,1.257870511,-13.92638983,11.92419166,2.514964861,-7.99644883,7.25403069,1.505942086,-3.576676053,5.299012073,0.56681563,-1.037888231,2.200830966,0.21449831,-2.748614448,3.461083015,0.645233754,-1.14979734,1.822958785,0.199345369,-3.56931259,5.034105889,0.571334986,-1.172674243,1.763485169,0.238681543
472,M,0,-2.71994384,4.783788175,1.163606223,-46.4697543,17.69759282,12.88737388,-8.488520524,54.03504282,13.01965079,-30.77582486,22.9252005,11.34758767,-26.60557918,36.13422695,12.45953158,-33.40629888,30.44650027,12.55456349,-13.56045352,50.87321422,12.6604259,-12.97904788,58.00007467,12.38387639,-11.87571664,50.9687629,12.72792871,-4.349834622,5.169649524,0.98180553,-2.625310429,2.930976943,0.553779212,-14.02267974,10.17562347,1.868528412,-5.117009575,7.255469322,0.836669499,-11.93356862,12.61229736,1.324810374,-5.063879324,5.182772473,0.671893269,-8.525869009,8.008909873,2.084274649,-4.734635806,4.148619473,1.234448056,-11.78193501,15.26350419,2.364842955,-6.754289233,6.869923368,1.290097133,-16.16278744,10.78023999,2.290413396,-7.792108593,7.826238941,1.301932843,-4.363768473,3.968698818,0.662792478,-0.85580883,1.995248418,0.171362519,-3.076762658,5.350430242,0.737543994,-0.79146593,2.032120832,0.199184043,-4.917486108,4.627846124,0.709888027,-0.966479338,3.645178448,0.219110352
472,M,1,-2.077737135,4.783788175,1.003802885,-45.76620343,14.79295289,11.16971155,-8.488520524,51.15814489,10.90611151,-30.46029963,22.9252005,11.09994087,-23.76610207,34.39936386,10.91276623,-33.40629888,27.78438305,11.36143548,-13.8195517,50.87321422,11.46948868,-13.38860366,58.00007467,12.09912717,-11.72721856,50.9687629,11.10818747,-3.817757304,5.196862262,0.856816956,-2.995467777,2.330310714,0.477665785,-14.02267974,10.17562347,1.530474076,-5.117009575,7.255469322,0.701869468,-8.816970019,8.689689112,1.044831763,-4.364987053,4.012171023,0.546781063,-8.431765216,10.10866254,2.108982457,-4.523793356,4.736084648,1.258127135,-11.78193501,11.41244915,2.037336456,-5.369162279,4.940130285,1.131488754,-10.16292428,10.78023999,2.081512049,-5.031195248,6.257702771,1.223781853,-3.046923803,3.968698818,0.456879591,-0.85580883,1.995248418,0.135456716,-2.800876472,5.350430242,0.583695685,-0.79146593,2.032120832,0.162927784,-4.917486108,4.627846124,0.478424743,-0.966479338,3.645178448,0.164056843
472,M,2,-2.06148601,2.493651791,0.811644861,-38.86655655,16.0904086,8.473655272,-8.405913776,41.54297146,8.34566935,-28.47142721,22.88692421,10.30911817,-23.70130805,30.04865453,8.981432258,-30.50536241,31.23539586,8.845459737,-13.8195517,34.81095228,8.721389988,-13.38860366,28.58086433,9.185874561,-12.00151455,35.65754021,8.63994464,-3.817757304,5.196862262,0.818940503,-2.995467777,2.280313026,0.468635944,-12.2838604,8.546606404,1.330228132,-4.34055603,5.357121706,0.626126146,-10.62802535,11.58038376,0.933826873,-4.934777618,4.576063873,0.511481129,-9.649861984,10.10866254,1.961445762,-4.523793356,4.736084648,1.174462795,-8.173445244,8.29345333,1.73148229,-4.309693333,3.782951301,1.00013669,-10.5902155,7.418641383,1.851791086,-4.996877323,6.257702771,1.130786785,-1.140716087,2.608012847,0.310909282,-0.377581446,0.656741636,0.101682571,-3.340675036,4.173458891,0.550059184,-0.748979091,3.191183505,0.168551365,-1.15531631,2.492940745,0.311874808,-0.404062732,0.801042952,0.109062287
473,H,0,-3.983175684,2.457421375,1.060066739,-46.34495224,20.78748927,14.95406998,-7.046230988,101.7106981,15.22803687,-49.11966657,43.15285838,13.24895759,-32.79106937,42.50960728,13.48661259,-46.60181299,35.31259567,14.77880293,-16.12632855,63.61287116,14.10660666,-16.4494645,40.33724817,12.2952129,-12.31744192,71.40086856,14.84306814,-8.804838783,8.60183012,1.694337933,-5.096234938,4.186617974,0.899789645,-10.54871482,13.13053711,1.61851389,-4.53846578,5.43475968,0.69626204,-21.51889085,21.83833599,2.470213358,-9.286315482,8.27704876,1.115856338,-16.6781058,13.69177913,3.172736352,-7.254825362,8.661805869,1.880510737,-11.66965037,13.49997474,2.452155293,-6.782368877,5.608082572,1.402993937,-11.22880449,11.25967969,2.111469604,-6.565052304,5.318502272,1.211752118,-6.357943959,6.724958521,0.907866036,-1.400385186,2.53359806,0.213427609,-4.518880093,3.327167883,0.720130731,-1.063091866,1.726304464,0.171753345,-6.209637135,7.517381703,1.010750075,-1.540069319,4.00017857,0.277895296
473,H,1,-4.425756956,2.457421375,1.033322298,-50.79547688,19.9119013,15.13717624,-7.241183825,104.7479827,14.4042301,-49.11966657,37.03884825,13.20338669,-32.79106937,41.9387112,13.73882547,-42.81773829,35.31259567,13.8111691,-16.52211408,70.53619963,15.30469827,-17.00627639,48.86378206,15.14803828,-11.9963175,71.40086856,15.22368334,-8.804838783,11.17533077,1.680401366,-4.686847147,4.035370483,0.885199363,-11.53090588,13.13053711,1.644616123,-4.781060695,5.683395626,0.755996544,-27.68549147,21.83833599,2.466439436,-9.908469452,10.01193411,1.083800319,-17.81162355,16.6538662,3.327233747,-8.790444102,9.370314252,1.986563636,-11.66965037,13.49997474,2.406940298,-7.642036653,7.075432704,1.39411162,-10.70602332,10.95663635,2.018726732,-6.565052304,5.318502272,1.143255194,-5.46651438,6.27666526,0.912440826,-1.241583551,2.014489479,0.20004038,-2.809479204,3.061026852,0.756057855,-0.829943327,0.992177061,0.166299428,-5.701010903,7.366221016,1.044491,-1.330434168,3.677630144,0.275715924
473,H,2,-4.425756956,2.600866352,0.940025387,-50.79547688,19.67830934,11.5850702,-7.241183825,104.7479827,10.06465658,-46.75186696,31.80568748,12.64336311,-30.13981116,41.9387112,12.81623087,-42.81773829,29.96906407,11.44676684,-16.52211408,70.53619963,12.54718075,-17.00627639,48.86378206,13.70074358,-11.91467771,71.00655645,11.86901965,-7.70143467,11.17533077,1.595312719,-3.990054033,4.035370483,0.847170027,-11.53090588,12.59291927,1.403371174,-4.781060695,5.683395626,0.685399985,-27.68549147,17.83624135,1.773036489,-9.908469452,10.01193411,0.833874494,-17.81162355,16.6538662,3.035394366,-8.790444102,9.370314252,1.817131861,-13.43215864,12.94470029,2.320743142,-7.642036653,7.075432704,1.315999633,-9.786933706,9.123698765,1.920099049,-5.630203957,4.167608335,1.100074032,-4.702488574,5.743254797,0.732588779,-1.04407008,2.014489479,0.169236029,-2.809479204,3.061026852,0.672326957,-0.829943327,0.937443717,0.158116124,-5.373330902,7.19745317,0.840257839,-1.265565633,3.677630144,0.228016482
473,L,0,-4.894974375,3.245295511,1.086053779,-63.50389535,24.47457498,13.45729419,-5.666635914,132.6039184,12.34935792,-42.24446173,41.79285831,13.1658767,-28.62296225,60.71629642,12.70000468,-57.94466931,35.36751662,12.26354287,-14.99918902,125.856191,16.91472349,-15.45921025,74.16099496,15.07871574,-10.59687872,132.9524656,16.79427127,-9.69519145,11.62629632,1.991488203,-5.943249696,5.914752929,1.12480182,-12.2922694,12.55137238,1.736016503,-4.23339985,6.660414376,0.823714519,-30.17184856,23.18041478,2.357914334,-15.00573314,9.731143368,1.058957751,-19.12031872,16.98668733,2.7452664,-9.896827043,10.37202509,1.625968487,-15.97186976,14.88490952,2.745319736,-7.841181601,6.14842852,1.576780305,-12.72734081,10.28985897,2.409140574,-6.692045064,6.308752688,1.408511209,-5.072712032,4.206102222,0.714394199,-1.319829832,1.096660701,0.147334391,-2.824279314,3.971868605,0.571779742,-0.840853956,1.127477012,0.148100398,-6.556232128,4.784674771,0.822931043,-1.546753748,1.892791428,0.19325742
473,L,1,-4.894974375,3.245295511,1.075522145,-63.50389535,19.73294253,12.26895018,-5.666635914,132.6039184,12.42331325,-41.38073195,41.79285831,12.33109116,-26.68125021,60.71629642,12.91417685,-57.94466931,39.1412142,12.36666813,-15.11341104,125.856191,16.71660282,-15.45921025,74.16099496,16.01241303,-10.60654714,132.9524656,15.74628959,-9.69519145,11.66318839,1.902672526,-5.081581066,5.276833765,1.074612858,-11.18072518,12.55137238,1.607049086,-3.723217509,4.767057059,0.770231666,-30.17184856,23.18041478,2.331669531,-15.00573314,9.731143368,1.034502646,-19.12031872,16.98668733,2.59896659,-9.896827043,10.37202509,1.55788808,-15.97186976,14.88490952,2.748504977,-7.618438031,6.14842852,1.58709893,-12.72734081,10.47025803,2.455760896,-6.692045064,6.085649261,1.453459051,-5.072712032,4.206102222,0.649508935,-0.878268058,1.096660701,0.134051638,-3.231363204,3.971868605,0.631908337,-0.840853956,1.574717302,0.155569794,-6.556232128,4.784674771,0.714693073,-1.183646195,1.781986738,0.178338328
473,L,2,-2.343653224,2.955478424,0.907776023,-67.63935805,21.64478836,12.63883162,-5.49119712,132.2452036,13.22842039,-46.4977364,41.27018374,12.07252813,-32.70011188,52.33758156,12.95078125,-64.12216214,39.1412142,13.4872822,-15.11341104,31.85535731,6.968895732,-15.53547192,46.43627,9.883804752,-10.60654714,39.27867247,7.589016599,-11.36845061,12.18918593,1.915510614,-6.697134282,5.442134753,1.087305249,-14.38577281,11.86420782,1.589021174,-4.800753335,5.44659753,0.740105272,-27.29314155,36.48978725,2.553383158,-15.37948866,13.14383884,1.197600812,-13.36900735,17.60644949,2.59630831,-7.211657983,7.734286259,1.511045652,-14.37702937,14.47873153,2.51579441,-6.332448009,5.856300195,1.435217995,-14.4911725,10.47025803,2.384609161,-5.692755774,5.606961981,1.373344184,-2.976818935,2.903257106,0.455078663,-1.05705392,1.323655388,0.134620135,-3.290227521,3.672669937,0.539106916,-0.931167316,2.99242147,0.171761152,-3.706584004,4.034663395,0.561035837,-1.860319775,1.90604697,0.177896524
473,M,0,-4.139937017,2.122059451,1.089000202,-56.63670629,24.41240741,16.4708182,-5.995412307,5.855612001,3.671435072,-41.92207021,35.09694679,13.30200514,-35.2962833,43.83691753,13.59116661,-50.62596799,33.22710593,14.6517647,-15.44465073,103.9669728,16.49816423,-15.1562731,62.54788115,13.50864667,-10.9181279,109.7406511,17.28260728,-11.96362876,11.4132947,1.616782488,-5.922355877,7.128842333,0.884912369,-12.28012371,12.82098309,1.693775962,-4.770619564,4.791081969,0.76025309,-2.891536892,3.282783839,0.812089834,-2.11090746,2.069530892,0.542332729,-13.3830506,13.86340301,2.840467012,-7.449933839,7.18828373,1.680203487,-11.72774222,16.21593541,2.425160159,-7.873932138,7.260387434,1.4186631,-20.6136879,12.88701262,2.044927395,-9.632910057,9.24095561,1.186155345,-6.047172762,8.053308763,0.917748971,-1.480360754,3.862050273,0.201812474,-3.538999906,3.547489523,0.642658974,-0.767794671,1.281555916,0.149049414,-6.799564125,9.157033333,1.075749632,-1.750801897,5.506719059,0.276100414
473,M,1,-3.184403668,2.673681334,0.984303664,-56.63670629,23.930247,11.78554512,-6.210101872,106.2866814,13.40234216,-41.65509927,37.78084778,12.48077636,-35.2962833,39.47831209,12.51481447,-39.92426107,33.22710593,12.81978233,-15.26245062,58.59709043,8.866513511,-15.1562731,28.09861901,11.00117,-10.62734244,66.13010907,8.810954286,-7.877998058,7.672312008,1.532462077,-4.765862091,4.367575202,0.854468286,-11.14592722,12.82098309,1.481167787,-4.605542555,4.538832453,0.720545303,-21.01042426,25.95387588,2.196584767,-8.9557529,9.763063797,1.009958703,-12.65909543,9.474939003,2.577783652,-6.843872074,8.419687581,1.543604328,-12.71251585,13.76424108,2.341207315,-7.981532401,8.452077427,1.390194486,-12.09649694,12.88701262,1.852931787,-5.758666133,6.164810829,1.076123988,-3.380585002,4.946324314,0.527398651,-1.070796405,2.395956601,0.153768847,-2.645911989,2.499644431,0.47764288,-0.767794671,1.115907653,0.132214446,-5.433396599,6.703967648,0.648659267,-1.553224283,5.506719059,0.227279552
473,M,2,-2.74078282,2.673681334,0.892520518,-55.89799522,20.26541472,8.945853743,-6.210101872,118.431872,17.91117094,-32.0703698,37.78084778,11.92930474,-28.15859636,43.34659481,12.36702638,-46.44447177,29.71818453,11.26999574,-14.69019946,47.31699807,8.692851094,-15.15007775,43.73438227,12.31561496,-10.45499942,45.6590324,7.35085184,-8.946628863,10.43765609,1.580094588,-6.566259365,7.133215474,0.915746454,-9.459041643,11.42701241,1.375169674,-4.605542555,3.937387024,0.689578154,-21.78468295,25.95387588,2.85719001,-11.71372917,9.763063797,1.256351249,-12.65909543,14.7075132,2.687849132,-6.843872074,8.419687581,1.590528607,-14.8760029,14.29532712,2.400716291,-8.333020716,8.452077427,1.420535537,-10.93532004,8.158050461,1.838288028,-5.04075613,5.66263391,1.097108278,-2.865455128,4.71482524,0.48291082,-1.070796405,1.129390425,0.136113052,-2.926717589,4.686466052,0.581303524,-0.738590356,1.7870637,0.152613694,-3.600242586,4.382893537,0.510128909,-1.553224283,1.629526841,0.186302069
474,H,0,,,,,,,,,,,,,,,,,,,,,,,,,,,,,,,,,,,,,,,,,,,,,,,,,,,,,,,,,,,,,,,,,,,,,,,,,,,,,,,,,
474,H,1,-1.458987656,1.039873322,0.40711843,-34.32421977,28.48718816,11.84015752,-11.54035833,62.01049824,8.659690562,-29.83313252,28.49469719,10.35163516,-27.42709363,38.87186188,12.44304913,-42.26314839,40.28467028,11.88615919,-15.53188504,63.07776009,10.4899591,-12.63595597,36.78538818,8.257294853,-13.31203899,72.07566997,13.51583578,-3.149330615,5.149259687,0.485821986,-1.894833199,2.398387523,0.247842811,-11.70000694,11.25796156,1.64939875,-5.327618847,5.440330492,0.770487487,-19.89347738,16.43175092,2.65144658,-13.12126085,7.576070865,1.664208797,-10.72997641,10.07045456,2.257267459,-7.714879194,6.582010447,1.316597275,-15.44268738,12.60773361,2.514477072,-7.700838478,6.555190039,1.370532628,-13.35356014,15.11817607,2.734470272,-9.891326316,8.384222713,1.643780292,-6.111784466,4.314336068,0.433345189,-2.616101481,1.386324304,0.128349912,-2.99972513,3.81328284,0.33553571,-0.784584794,2.533963684,0.093406481,-8.965666824,7.127036152,0.684807276,-3.880986583,5.596177864,0.221465724
474,H,2,-1.251424817,0.790660791,0.332980869,-34.32421977,17.55613795,10.97455688,-11.54035833,87.85388039,10.59190033,-32.25259659,29.33176691,11.0826115,-25.9809619,36.26884146,11.42855177,-42.26314839,40.28467028,10.57574476,-15.53188504,12.81906544,9.95418696,-12.63595597,6.938989296,8.095157828,-13.31203899,20.91310178,10.16160401,-3.149330615,3.037246188,0.470658141,-2.221859712,1.502809442,0.264851428,-11.68053533,11.25796156,1.743107045,-5.327618847,5.286878283,0.793741982,-24.9060448,23.38807497,3.025833507,-17.32019161,9.621981009,1.844282342,-10.72997641,12.30056697,2.219845239,-6.293959444,6.582010447,1.233226974,-15.44268738,12.60773361,2.467033267,-7.700838478,6.555190039,1.378281978,-13.35356014,13.3110449,2.639697547,-9.891326316,6.979668466,1.589575563,-2.130398587,1.199282271,0.192722032,-0.481201323,0.599650937,0.054820513,-1.666919602,1.316186877,0.183379424,-0.448065563,0.91564536,0.054638992,-2.49262261,2.170508193,0.272184032,-0.54636899,1.198542504,0.080461359
474,H,3,-1.389922529,1.248556573,0.419105373,-34.34477743,17.40565301,9.969265257,-11.58393065,128.5911288,16.966555,-32.25259659,29.33176691,12.05809251,-26.04833004,31.20951581,11.62421,-29.26503083,29.16529639,10.55145321,-14.85296349,29.68218452,12.76196736,-12.44634304,37.06834922,11.53055805,-13.19310037,24.76999405,12.41780392,-3.961785132,3.037246188,0.454505512,-2.221859712,1.502809442,0.25931936,-12.55357334,9.641720839,1.523865776,-4.924734944,4.738772794,0.656182083,-24.9060448,23.38807497,3.033947675,-17.32019161,9.621981009,1.84390656,-9.810117188,12.30056697,2.061823913,-6.293959444,5.381336467,1.172140698,-12.60244919,11.68023487,2.009993687,-5.467383945,6.706212509,1.147734168,-10.89973589,13.25199739,2.324894301,-7.416967913,7.173254486,1.403409211,-1.07369663,1.421696413,0.169155677,-0.301267438,0.301540932,0.042568552,-0.896845652,1.618166905,0.177264183,-0.303721774,0.930664181,0.046447795,-1.752233205,2.170508193,0.223163144,-0.449122583,1.198542504,0.067003607
474,L,0,,,,,,,,,,,,,,,,,,,,,,,,,,,,,,,,,,,,,,,,,,,,,,,,,,,,,,,,,,,,,,,,,,,,,,,,,,,,,,,,,
474,L,1,-2.237723129,2.673432773,0.94666486,-43.29969912,18.54144028,13.16051111,-11.12610424,49.73757445,10.23590181,-46.90207827,34.8330946,13.03483783,-28.24968978,43.20995391,12.73483628,-36.96788035,32.05668893,12.79467725,-13.84673112,14.90686575,5.427744165,-10.73658016,13.83634281,5.492872843,-17.81910902,45.36849631,12.27336407,-5.11675725,4.20365213,0.655856929,-2.657885023,2.432568385,0.351078963,-16.53374442,9.11104128,1.912982762,-7.485625515,6.896059957,0.872566369,-12.51286666,10.51543582,1.759568266,-6.641235502,6.746767383,1.029293804,-12.19387544,13.86933535,2.639390723,-7.896418414,7.755171706,1.537844881,-18.87968496,16.01004203,2.502724806,-8.851082071,7.568687058,1.348509799,-16.03926063,16.37155792,2.597789631,-9.156739099,9.470190879,1.515808745,-1.644899553,1.736299385,0.157079244,-0.748628451,0.55395225,0.044655127,-0.693735545,1.581066259,0.13358951,-0.429865321,0.401113555,0.031241958,-5.20707579,3.161682628,0.44266501,-2.763345399,2.12513822,0.152907523
474,L,2,-2.40464186,2.267210737,0.823591541,-41.56112254,14.90325034,12.23626758,-11.13815197,41.16606483,9.011444973,-46.90207827,37.69352095,13.06090118,-21.6939957,40.47314701,12.99360101,-39.75970877,28.98323327,13.03765347,-13.84673112,14.90686575,7.483322808,-10.36358403,13.83634281,6.584646485,-17.44817209,45.36849631,9.802523097,-3.954620742,3.667184107,0.633108097,-1.992050376,2.24840652,0.337331631,-16.53374442,9.430510953,1.78065522,-7.485625515,6.896059957,0.829728608,-11.40589344,12.49189713,1.645805177,-7.04551809,6.412589961,1.019526653,-15.89158367,13.86933535,2.791018597,-9.124735925,10.36850535,1.613992667,-13.77377173,11.00555253,2.291676018,-6.234958723,7.505160978,1.22914425,-16.03926063,13.62106698,2.538477158,-9.156739099,7.999248023,1.467633228,-1.644899553,1.736299385,0.149771425,-0.748628451,0.55395225,0.044579508,-0.911188093,1.581066259,0.123659289,-0.429865321,0.401113555,0.031626661,-5.20707579,3.161682628,0.42371669,-2.763345399,2.645556753,0.154416517
474,M,0,-2.313104746,5.103778761,1.130351978,-36.92092529,20.43911744,12.79129334,-8.268004925,82.83260371,17.31599343,-40.36813882,36.91022554,11.21790796,-24.82206009,39.28415011,12.77708265,-34.4772684,42.89434366,12.16949039,-13.99334301,63.79789171,14.69834855,-11.29647746,52.66625006,16.12165852,-13.9897758,83.36639429,12.81627486,-3.819390811,2.733657367,0.588072042,-2.264756003,1.896903584,0.280270235,-12.38320452,8.707550695,1.707140598,-4.590484531,5.921305647,0.742986435,-18.92026449,15.58785085,2.241682295,-12.96315476,10.46084465,1.330299992,-16.79526387,12.59790476,2.819713437,-7.803425898,10.19177419,1.641935747,-14.14892265,12.50737101,2.27034605,-7.136669044,8.551084283,1.238156942,-12.90448014,16.4574829,2.745296674,-10.83515017,8.273736147,1.664107299,-2.470077985,3.080062962,0.448323964,-0.56075525,0.908056108,0.09561968,-2.776813956,3.521782921,0.45359873,-0.627566343,1.530857368,0.105125154,-3.30388915,3.540764783,0.534783901,-0.80508431,1.251740561,0.128013159
474,M,1,-2.414534809,5.103778761,0.962428452,-34.05516022,16.9658394,11.9205495,-7.768440114,20.72864524,5.329170178,-40.36813882,36.91022554,11.39978679,-24.33752972,41.21779626,11.34595159,-35.76527624,25.24819605,10.55780481,-13.67495711,42.07121134,9.631892961,-11.4629181,52.66625006,9.072197451,-13.36235809,31.23469014,9.203485194,-3.819390811,2.844837619,0.513830891,-2.199917078,1.273184179,0.251686713,-12.38320452,9.368441812,1.596279309,-4.070477705,5.280828507,0.691085708,-6.226614574,6.955751692,1.441536924,-3.447475428,3.447842129,0.927270067,-15.23894121,12.59790476,2.43315353,-6.925169733,7.771770378,1.393497796,-14.14892265,14.26066269,2.039735915,-6.417329908,8.551084283,1.096209705,-16.76222413,16.4574829,2.533567027,-10.83515017,12.60279309,1.543965172,-1.865925458,2.376122255,0.321887501,-0.558263056,0.527899152,0.074044809,-2.776813956,2.252121335,0.311451763,-0.499510074,0.81819186,0.068619483,-2.338009472,2.375318603,0.384748486,-0.614319879,1.131973757,0.105795006
474,M,2,-2.414534809,1.484487901,0.64683795,-35.92841548,15.95547633,11.77267375,-9.145140673,37.3661093,5.976912745,-31.68823403,32.89906057,12.89686614,-20.96066618,41.21779626,11.76059104,-41.47017778,25.24819605,12.42894152,-13.67495711,29.92886963,7.798082876,-12.8165934,22.52500597,6.971824366,-13.36235809,45.08508705,9.803740137,-3.662540415,3.035212531,0.549340011,-2.199917078,1.503778649,0.28304532,-11.08171912,9.368441812,1.532956198,-4.029298308,4.262647036,0.6721501,-13.5470926,13.05091899,1.630751389,-9.127318656,6.596159882,1.045493827,-13.66778698,11.15390003,2.545266934,-7.24268186,8.8031684,1.465842055,-13.94913097,14.26066269,2.138819908,-6.054810143,7.189137613,1.137682457,-16.76222413,14.78040798,2.573422583,-9.703358703,12.60279309,1.555337369,-2.08102225,1.665309427,0.308232778,-0.524466304,0.496566942,0.069290115,-1.08677311,1.252178411,0.234555501,-0.270892818,0.807747393,0.057410059,-3.057288044,2.255588422,0.423866264,-0.706162828,1.131973757,0.103840661
475,H,0,-1.789607578,4.592658203,0.986322179,-49.79752124,15.06613506,11.84742179,-15.46894996,29.69686186,13.4650829,-44.16123811,72.22105016,12.65801198,-22.26096271,84.11774402,12.6417611,-39.43064019,90.54417537,11.42465471,-21.12008312,29.85246177,10.67953228,-14.63424835,26.56177693,9.818360879,-16.39757584,35.41229587,12.00710285,-12.00280295,11.82158815,1.262830133,-6.791452947,6.052183539,0.707937628,-16.85874387,12.45739993,1.78237774,-6.276193907,8.17204304,0.847639463,-9.13879373,9.980254168,0.965301112,-3.303839828,4.103458795,0.483712199,-17.83610622,23.21731732,2.738631246,-12.70571994,11.39179179,1.595958052,-26.05059364,15.63014663,2.476887806,-12.27929556,9.561878936,1.375012522,-38.02465724,29.72326924,2.739701919,-22.78541617,21.53908543,1.693978619,-4.397792136,3.238939723,0.509374018,-3.131172443,3.432001518,0.229571805,-4.452335652,2.734396019,0.391292328,-1.66430594,2.07116043,0.149636743,-7.31590382,7.262362275,0.706124806,-5.3849041,5.035690046,0.358797572
475,H,1,-1.574099404,4.592658203,0.914461871,-48.21376329,16.19016109,9.522117062,-15.25977703,30.0156344,12.09541736,-44.16123811,72.22105016,11.14460843,-22.26096271,53.51777957,10.78816366,-37.97170473,38.34339665,11.16662408,-21.12008312,22.85714233,10.65959444,-14.63424835,22.93449138,9.223531332,-16.08923651,33.23231025,12.06711901,-9.695060871,11.82158815,1.065156187,-6.791452947,5.185931093,0.598543858,-17.5197092,11.67694409,1.623877038,-6.391259691,8.319781365,0.798858177,-8.067003719,6.73318882,0.880212188,-2.789315976,2.900183891,0.430866655,-17.83610622,23.21731732,2.708361423,-12.70571994,11.39179179,1.576827177,-19.83004804,22.73152841,2.200797116,-13.89592753,9.451958432,1.248797742,-23.55295244,19.21124762,2.495303605,-14.60700378,14.65637335,1.540415475,-2.462044266,2.161829995,0.426595918,-0.957637592,0.853504526,0.171984144,-1.566988853,1.996899978,0.329668475,-0.552841627,0.638744132,0.118489369,-3.141731823,3.594271311,0.559285849,-1.703511438,1.35672393,0.237671618
475,H,2,-3.403136102,1.98221273,1.008216,-48.21376329,16.19016109,12.70317142,-15.01916314,31.1156888,11.15688901,-33.43895995,61.33893141,12.29169129,-21.9636978,83.48786635,12.19475232,-54.33238507,98.93559958,12.79633797,-20.92272831,35.71756692,13.64214158,-14.19509418,37.88381679,13.51859918,-16.08923651,48.63329123,12.87560755,-10.55279207,8.555337241,1.079175487,-6.26384324,4.801913174,0.622895471,-17.5197092,12.54395079,1.724574458,-6.391259691,8.319781365,0.824255428,-8.067003719,6.73318882,0.884643847,-2.789315976,2.900183891,0.432051239,-20.34248269,26.13115204,2.820756926,-14.28393107,11.92281229,1.580511428,-19.83004804,22.73152841,2.357420491,-13.89592753,9.451958432,1.282127433,-40.06122361,45.59938563,2.925452926,-28.10683033,21.16194244,1.809942891,-4.112654896,3.939232307,0.561842951,-1.095272321,1.173485968,0.199760934,-1.754003848,1.996899978,0.383075306,-0.552841627,1.048731938,0.133492487,-4.74386888,4.800634933,0.735811684,-1.703511438,1.358501521,0.287316568
475,L,0,-2.55274038,5.729427066,1.048830699,-62.14349134,26.16575393,15.31965136,-9.140254849,69.93911598,16.38476992,-35.45698846,50.10481763,12.7328512,-31.89962707,66.01486226,13.71526103,-42.2696013,58.01476997,13.57211631,-16.62483568,89.32401189,14.16346442,-14.38813563,72.93591648,13.9157767,-14.21549315,91.04014391,14.32979318,-7.560695309,8.925152152,1.071785937,-4.409987904,3.634537466,0.579090877,-20.74844661,16.23682937,2.013939289,-8.306653484,10.09373017,0.959524332,-14.5162624,11.49837384,1.181549537,-5.310195276,7.396141003,0.626934428,-16.98543568,15.88363061,2.652541245,-9.422112504,9.537258468,1.532153475,-17.69158995,23.75691918,2.259712385,-13.72040901,9.720877884,1.255064481,-33.32978857,28.57414058,2.702492709,-22.02131993,15.99441445,1.62276452,-6.663223419,4.805862476,0.555855628,-1.847608835,3.564854151,0.186923535,-3.764648663,4.004336843,0.466536018,-0.760907664,3.236162831,0.147737526,-10.85038834,8.120903648,0.958198504,-3.011788635,5.536940847,0.346099533
475,L,1,-2.55274038,2.119687744,0.567461293,-61.26824152,26.16575393,12.2781874,-9.114853666,47.40944868,9.29037271,-50.07663119,50.10481763,11.50344036,-31.89962707,66.01486226,12.62817295,-40.26205797,58.01476997,12.44934119,-15.70866725,34.33729906,9.548677294,-14.91098549,22.43875907,9.15697465,-15.3141773,47.39453242,12.32872765,-7.778628191,8.78303912,1.000681331,-5.445740766,3.523704236,0.558178432,-20.8527497,16.66671921,2.062911265,-8.177387239,10.76900321,1.017230368,-14.5162624,11.49837384,1.082224409,-5.310195276,7.396141003,0.568374697,-24.54339973,23.13358116,2.595345511,-11.40159888,16.48756955,1.537172367,-17.69158995,23.75691918,2.316556084,-13.72040901,9.720877884,1.303011039,-33.32978857,28.57414058,2.532492441,-22.02131993,15.99441445,1.532399916,-4.727471956,4.805862476,0.457223567,-1.172780706,3.564854151,0.186074928,-3.764648663,2.706607715,0.357468955,-0.760907664,3.236162831,0.125645125,-5.76240534,8.120903648,0.680176164,-1.58260229,5.536940847,0.297978387
475,L,2,-3.167082325,2.820161202,0.9691031,-60.08770635,19.2629522,9.027576642,-9.114853666,58.03830735,7.540433019,-50.07663119,50.74012933,12.29638548,-25.69159393,55.38112201,11.45786715,-30.2072456,50.39469076,10.98384674,-17.71125609,40.38940521,11.1950135,-14.91098549,46.68651188,11.63012827,-15.89330069,41.20818683,10.18905438,-10.00345931,9.884317049,1.03533487,-6.324663379,4.299671294,0.575242452,-20.8527497,17.08531149,1.817687183,-8.177387239,10.76900321,0.924992548,-7.035599981,11.72995577,0.892149027,-3.210068933,4.145260602,0.490327862,-24.54339973,23.13358116,2.666764191,-11.40159888,16.48756955,1.574679635,-23.20775291,15.6447948,2.164082721,-11.62193671,10.89769702,1.241338564,-16.3575009,12.72241782,2.241003041,-11.68749997,10.81224764,1.353312944,-1.44799623,2.879654725,0.355094952,-0.848121596,0.735860347,0.138399784,-1.08697364,2.493511768,0.322489544,-0.518561099,0.532089029,0.090796741,-1.891262336,3.199269131,0.484848918,-1.201489586,1.368027858,0.2144761
475,M,0,-1.528269165,2.759298456,0.599376023,-57.32714872,19.08880313,15.14503454,-7.683377446,85.51120088,13.65200212,-43.70933437,35.89617785,11.86686012,-26.18642254,92.17874089,14.29604741,-49.8086881,103.2862047,13.15588463,-18.82451358,71.04572766,15.25120858,-14.769185,93.01962063,15.18928195,-15.67605204,59.2412639,13.59423719,-6.441025489,6.473823562,0.663950587,-3.451796991,2.703211612,0.379512122,-16.14102817,15.3005786,2.002253833,-6.281471346,8.26328899,0.917361475,-9.785161941,9.538245612,1.038746768,-4.526352129,3.705432221,0.513632667,-19.14197491,12.81743068,2.527158736,-7.879001071,10.07841645,1.458422569,-26.25209125,26.25848294,2.944644036,-14.74537621,10.95432663,1.639796878,-45.45894156,35.69202897,3.21950653,-28.95996879,18.69928462,1.991197671,-4.542819998,4.606253962,0.531003173,-3.241578757,1.928240027,0.193617618,-3.13834821,2.68039273,0.541305275,-1.822388749,1.212609952,0.152972296,-5.370559105,5.533849552,0.593075986,-3.823043198,2.283998801,0.243137767
475,M,1,-2.914373751,1.646734995,0.939758151,-54.63294681,17.79553921,13.19750318,-7.753454579,44.45764624,7.171865046,-43.70933437,38.40612099,11.51942353,-24.29468143,58.32093743,12.25080936,-46.53455014,36.35299662,12.18979354,-18.82451358,29.9490659,10.32417109,-15.21277917,22.87626703,9.390462691,-15.72969031,35.02534178,11.6062271,-6.441025489,5.397742508,0.583493297,-3.451796991,2.703211612,0.333503899,-16.1478993,13.77617645,1.907033907,-6.347034022,8.887166749,0.90304718,-9.903924184,11.66271038,0.810285569,-4.039798742,4.27358019,0.440737042,-19.14197491,11.81681673,2.343317362,-7.879001071,10.07841645,1.364060705,-16.5753579,15.79876394,2.404278557,-8.468611759,7.024543134,1.356198964,-16.87534682,17.18230442,2.620190508,-12.40308236,8.802274051,1.569368657,-2.307290229,2.703809794,0.469591737,-0.792054695,1.282692027,0.164047934,-1.915282265,2.219403681,0.431929305,-0.550079924,0.76957294,0.133532558,-5.710544366,3.580738426,0.571696674,-1.383952243,3.55448959,0.224786457
475,M,2,-2.914373751,2.188225417,1.292393337,-52.41280301,22.22873722,9.770616062,-7.753454579,50.20927523,11.97246207,-39.73988642,38.40612099,12.98199871,-28.96913049,41.92870076,10.16560249,-32.50931847,36.35299662,11.8739923,-17.5038275,29.43760663,9.40654871,-15.21277917,24.19833012,9.50217434,-15.72969031,35.02534178,11.5982586,-7.627543368,6.651746343,0.604671792,-5.02362068,3.141381593,0.339356134,-16.54410698,17.02509496,1.870753349,-6.615296724,11.04816459,0.987027411,-13.67245559,11.66271038,1.132917411,-5.823032388,5.199039384,0.568539515,-14.90853297,14.2470797,2.194986893,-5.659730258,10.14468768,1.253195341,-19.79634081,18.79591195,2.214096789,-13.3432437,8.796145471,1.304944192,-15.49229517,17.30170506,2.493305083,-10.1802165,9.397271924,1.486789473,-2.307290229,2.965655192,0.424721713,-0.763371617,1.282692027,0.157425324,-1.915282265,1.993400066,0.388836571,-0.680264712,0.72681728,0.120521087,-5.710544366,3.580738426,0.544425321,-1.383952243,3.55448959,0.213754548
476,H,0,-3.584901451,3.264985958,0.992014921,-34.89665759,13.44275265,10.70291289,-4.101174603,77.76978789,7.639127137,-32.29479715,30.26973373,11.18947813,-17.46575802,37.45749664,10.44170895,-32.62428877,29.74364742,9.47610777,-12.61097646,57.92179741,11.14756883,-10.88669634,58.5392149,10.5127591,-12.20558556,64.51057515,11.61620565,-9.194512263,5.382905386,1.143473684,-3.51207825,4.656482717,0.634655824,-11.29619881,10.08649056,1.081642926,-4.185351278,4.938072152,0.514140824,-16.85774109,16.7893967,1.310820743,-9.800413352,7.28163669,0.67642907,-11.12667476,12.22766213,2.540619585,-4.920088095,7.970342158,1.463952048,-11.49437884,10.11143828,1.637907875,-6.931764335,4.963461777,0.942782183,-10.84181603,10.87602326,1.855368251,-5.175288517,7.327245298,1.109041957,-5.129798832,5.041628029,0.629313261,-0.909188702,2.014475825,0.135330399,-5.041590244,5.314240221,0.654929225,-0.977800207,2.883533599,0.169734284,-4.930921702,5.247634255,0.698748475,-1.239521173,2.861486231,0.18334034
476,H,1,-3.813329595,2.593918259,1.124314142,-38.01756063,13.50848636,12.0920213,-4.203001573,97.04195422,11.9811702,-34.91106709,29.64395412,10.11860274,-18.49312489,40.46280127,11.92508774,-31.97538511,29.74364742,10.55880444,-12.91861298,39.79688789,10.52325448,-11.42145068,35.68793381,10.26947946,-12.20558556,45.78235717,10.28961114,-9.194512263,6.220141606,1.236783809,-3.128401425,4.656482717,0.672209791,-11.29619881,10.08649056,1.093328971,-4.185351278,4.938072152,0.533480385,-19.70100487,15.59716464,1.920212066,-9.317718204,6.755394198,0.864904524,-10.56167593,11.50542047,2.478318488,-5.814344257,5.854207074,1.430711118,-9.004251733,10.11143828,1.75200246,-5.61048993,4.963461777,1.003286849,-8.433731505,8.412593944,1.916685867,-4.957872568,4.97419266,1.13214914,-5.129798832,4.785634704,0.608381875,-0.909188702,2.014475825,0.139423903,-5.041590244,3.98242685,0.630295519,-0.977800207,2.652760613,0.164030544,-4.930921702,5.247634255,0.637651043,-1.03004645,2.861486231,0.172310478
476,H,2,-4.095011338,2.184100371,1.02379528,-38.01756063,13.50848636,11.47602934,-4.322960762,97.04195422,13.91417766,-34.91106709,35.58682499,10.92605985,-18.49312489,40.46280127,11.61768222,-31.4107539,28.25993278,12.17540697,-12.91861298,51.39188909,11.41058114,-11.46248862,52.47733538,12.03922627,-12.16053105,44.22194375,10.75160373,-6.291577124,6.409283378,1.292643843,-3.687235225,3.887067303,0.689733077,-10.90200221,8.068664029,1.102868159,-4.174895303,4.669538988,0.529408468,-19.70100487,15.59716464,2.203051966,-9.317718204,6.974509436,1.007212937,-10.7193755,11.50542047,2.680802271,-6.813260326,7.542259959,1.564994591,-7.682944287,9.150728925,1.807877388,-4.635748848,4.720992435,1.020820287,-8.433731505,8.412593944,1.955123658,-4.957872568,4.97419266,1.134802453,-3.195894803,4.951585702,0.69532921,-0.936152703,1.51708149,0.140451367,-4.090907512,4.987154925,0.720699968,-0.878089972,2.652760613,0.157005224,-4.042353475,3.97528223,0.662064691,-0.939436911,1.958194409,0.167274158
476,L,0,-5.874134826,3.24204508,1.04897936,-39.14911788,15.84517919,11.75786552,-5.204506173,82.98858638,9.910404562,-31.40947768,32.5130002,10.94727767,-15.80165066,39.14683077,11.96286413,-31.09966969,22.68949064,9.161431934,-12.89055173,49.91084403,12.13150644,-10.36406242,53.63132812,9.411874339,-11.12690203,45.73506406,13.31478197,-7.401593621,8.446268761,1.21596487,-3.555585249,3.690031206,0.585380432,-12.40670266,9.198486386,1.289435909,-4.044544658,6.407914617,0.586577896,-24.22662151,11.56698112,1.541426453,-9.636124224,10.48071661,0.741766985,-10.0402997,9.701445104,2.17547917,-5.912631936,6.276050476,1.243342875,-11.30553685,11.71243345,1.712520578,-7.786624188,5.289366826,0.962200354,-12.88928144,11.50631098,1.902160429,-6.024148485,6.714797356,1.122915427,-4.371212365,4.362674251,0.593085619,-1.138973309,2.011227982,0.130076731,-5.11793277,5.129061297,0.715357401,-1.330174981,2.857382848,0.179904381,-3.149106997,4.716825711,0.619518762,-0.834127926,2.316699714,0.145925867
476,L,1,-5.874134826,3.24204508,0.859905266,-36.32497789,15.37617232,9.604711569,-5.113327906,63.50231712,10.8964325,-29.9396611,26.72455931,9.871279745,-15.80165066,38.4412421,9.456421792,-29.71969743,28.36281606,9.771532067,-12.89055173,49.91084403,9.78765926,-10.36406242,53.63132812,9.345422922,-11.44146644,41.42058086,9.896474172,-6.254022782,8.446268761,1.059043416,-3.553195684,2.803479929,0.54565963,-12.40670266,10.41791323,1.03885926,-4.116072061,6.407914617,0.497480053,-16.94162288,11.56698112,1.73293579,-6.323631921,7.207730126,0.797567279,-8.523686515,9.659467434,2.126324609,-5.178107449,5.95998353,1.25027357,-11.30553685,10.86949878,1.520983737,-7.786624188,5.174962028,0.891978616,-11.04234989,11.50631098,1.872980798,-5.25017123,5.713839127,1.116454185,-4.371212365,3.533248549,0.473194146,-1.138973309,1.023907155,0.104336104,-5.11793277,5.129061297,0.629414299,-1.330174981,2.432092673,0.148916719,-3.149106997,4.018474061,0.454672522,-0.826490494,1.276666153,0.118286225
476,L,2,-4.562193563,2.405200296,0.990632939,-37.47186429,13.52765584,9.496089308,-5.125549318,71.06695694,11.98878539,-27.47074567,29.39848359,10.31344081,-16.07375053,36.24766901,9.028772925,-30.09708695,30.56891504,11.86578482,-12.58980162,49.47770537,9.289571283,-10.3103693,70.37381328,12.27938589,-11.64840285,26.04611029,7.293309321,-8.792143144,6.120686886,1.196282423,-3.843261417,3.15699951,0.685485421,-13.08284797,10.41791323,1.070971142,-4.832375526,5.371115064,0.516942944,-19.387187,14.10409993,2.038369646,-8.537206721,9.016625209,0.990715618,-9.582250232,9.659467434,2.368773656,-5.178107449,5.95998353,1.386447716,-8.894811962,13.05662406,1.609207179,-5.686268282,5.628213388,0.901117766,-11.04234989,9.715577974,1.863966798,-6.193997404,5.518889056,1.102120185,-3.60407772,3.389915168,0.505853118,-0.703583146,1.562466627,0.115861115,-4.16037641,5.632513153,0.655168982,-0.813563948,2.136111229,0.135210676,-4.161069472,3.050795165,0.498705986,-0.973681554,2.487306648,0.15472344
476,M,0,-4.995389586,1.55508882,0.866414377,-45.11687423,13.36332927,10.8223091,-4.608248023,87.08089815,8.277505017,-33.76327814,31.13337908,10.38380022,-22.18887314,45.55230291,11.12964279,-29.45413998,29.78385116,11.0558754,-10.87438645,63.10500091,10.33173962,-8.911947806,65.60628033,10.57002499,-10.39722844,53.61275599,9.93826008,-5.645634941,6.355696989,1.107906975,-3.844160376,3.503592952,0.612138948,-12.69471453,9.827928945,1.269947322,-5.353550843,5.495058725,0.605552121,-20.2591295,12.47570336,1.593598244,-9.061558784,6.724496795,0.813484663,-8.700294301,10.88834463,2.301650716,-5.267901725,6.155183515,1.335889902,-10.69894383,11.03918978,1.901821035,-5.305841739,6.02357866,1.100372015,-7.347934908,7.582317684,1.719003672,-4.777969572,4.482175541,1.013236177,-5.233960135,5.803590968,0.570619785,-1.097465581,1.242794735,0.106856772,-5.713096789,7.12854247,0.617989723,-1.191472359,3.766962672,0.141831591,-4.546916756,5.101394242,0.549350821,-0.920155858,1.400701925,0.119082259
476,M,1,-4.995389586,1.901632933,0.998142643,-47.46418905,16.48272622,12.26722005,-4.608248023,87.08089815,10.82408102,-31.14951879,31.13337908,11.12547047,-22.18887314,43.32810269,11.97787114,-30.34506635,29.78385116,11.7206777,-10.87438645,63.86576577,14.11000753,-8.911947806,65.60628033,13.75861666,-10.39722844,66.42498554,13.90893154,-6.29385245,7.939690531,1.139667294,-3.519723259,3.166035945,0.626188555,-15.1643292,9.898256303,1.313671009,-5.874307382,5.503415941,0.604739073,-20.2591295,13.70856507,2.003294605,-9.061558784,6.724496795,0.979297619,-9.668417402,10.68183636,2.311403118,-5.665004133,5.66296034,1.340791353,-10.10274742,11.03918978,1.778837064,-5.004455208,6.02357866,1.026798547,-7.347934908,7.582317684,1.713148994,-4.777969572,4.482175541,1.018393595,-5.233960135,6.558606283,0.752287004,-1.13378857,2.182602698,0.15006214,-5.713096789,7.12854247,0.81654517,-1.344591731,5.084123659,0.200138489,-6.755200469,8.273045341,0.784787593,-1.25930818,5.871053492,0.204171972
476,M,2,-4.657267407,3.555559163,1.13885406,-47.46418905,16.48272622,11.26048081,-4.656679562,97.88042156,13.26752336,-36.4445308,30.09331841,10.69924627,-16.57226739,48.77897114,10.64024273,-31.49203051,24.48373376,10.40024894,-10.82407395,63.86576577,12.00528001,-8.680195394,57.66959122,11.92282002,-10.36266512,66.42498554,11.81880269,-6.29385245,7.939690531,1.166248164,-3.519723259,3.166035945,0.627992322,-15.1643292,9.898256303,1.117476901,-5.874307382,5.503415941,0.524353938,-22.38942903,18.62315797,2.355209496,-12.24004774,7.972239789,1.118820698,-12.09641473,11.99626509,2.406531722,-5.923016186,6.041306709,1.395353365,-12.43855642,10.78694911,1.660593917,-5.287151285,4.520023316,0.956761808,-6.850537779,6.766387938,1.705065604,-4.444215865,4.274734098,1.002540015,-4.500977812,6.558606283,0.651786261,-1.13378857,2.182602698,0.141682377,-5.710113627,5.231581783,0.727677778,-1.344591731,5.084123659,0.190014152,-6.755200469,8.273045341,0.704567716,-1.25930818,5.871053492,0.20177636
477,H,0,-5.193991137,9.613757327,1.072988079,-66.28535829,16.49985669,15.31374925,-10.91931491,70.84771334,10.2317691,-36.42212716,435.5977361,18.08285979,-120.4353919,41.92113342,14.12253567,-55.6402138,232.7143297,15.69261446,-10.48822141,229.8310517,16.82700674,-9.294148069,91.48879338,17.1286442,-10.42026028,258.2959083,16.77268652,-34.9696734,52.486753,1.979611745,-41.21640449,13.42237484,1.117508661,-12.9499587,11.25309432,1.32949298,-6.047106887,8.253361861,0.643519304,-17.84890994,16.71456581,1.458747729,-7.516208438,7.710119553,0.693862412,-93.85656374,183.2093977,5.839119411,-47.25333244,38.09506447,2.21620352,-79.87580072,44.57839235,3.11709609,-35.26069706,23.59527455,1.577087644,-88.63190181,136.3715387,4.321563814,-50.53265165,70.06435861,2.322434026,-2.770967275,2.599439067,0.530158493,-1.018577238,2.091010486,0.119743188,-11.11443062,4.09062767,0.842356882,-0.926871905,2.427151563,0.175138493,-3.196859915,4.110090869,0.586798795,-1.41846307,2.67056192,0.153217905
477,H,1,-2.26758193,1.44574371,0.588311204,-31.25006974,15.93789806,9.457688592,-5.266674331,66.76831495,13.01297012,-19.05012318,23.49235734,7.521206427,-25.35192555,32.7843865,9.456085532,-20.35149814,27.06056122,8.630371743,-10.52516458,36.83107227,7.509121225,-9.405065305,29.8254038,7.268200026,-9.307239081,38.83386621,7.22263052,-2.445708509,2.881331661,0.528698718,-1.890279312,1.778599887,0.27669729,-11.63394425,10.43712325,1.153101781,-4.302350218,5.117174132,0.523689385,-17.84890994,13.82920997,1.559159428,-7.516208438,7.710119553,0.719031968,-7.076089275,9.021671361,1.554063526,-4.434068722,4.128969477,0.933226345,-11.28039426,9.93885176,1.668211461,-5.064260771,5.491905443,0.920317741,-9.289111587,13.80213225,1.454418965,-6.824867696,6.755725505,0.839043643,-2.327689156,2.54038895,0.24260499,-0.366012772,0.754839947,0.048301874,-1.869900357,2.231697149,0.263830609,-0.366151582,1.222594324,0.065017058,-2.798381483,3.358727716,0.280225945,-0.611617254,2.67056192,0.077594371
477,H,2,-2.108534538,1.107927921,0.605110404,-32.2383861,14.92599655,9.260712664,-5.297180543,66.76831495,12.82517404,-24.23906542,20.53314779,7.729068071,-21.12789058,27.40852526,9.355010397,-22.13772987,22.3736148,8.616387865,-10.71477495,14.29882421,6.788584096,-9.55251085,15.89535105,6.861912577,-9.307239081,14.10375586,6.607969455,-2.637702178,2.522387478,0.491026017,-1.483807766,1.434745155,0.258437039,-9.809320513,9.036204468,1.13244742,-3.630012594,4.138928863,0.516973284,-14.01414404,11.41371776,1.397890764,-5.231402524,5.47306076,0.611007218,-7.569173159,9.021671361,1.538940006,-4.189899203,5.442589452,0.923637873,-9.659080685,9.93885176,1.57348168,-5.064260771,5.440454502,0.900924747,-8.461484901,8.179133379,1.383600282,-4.944045946,5.401601761,0.807944196,-1.190824295,1.63240081,0.164861863,-0.237758104,0.425993469,0.034799385,-1.442142045,1.788354609,0.188834475,-0.366151582,1.34256417,0.054341373,-1.319742346,1.586852217,0.184724062,-0.293467441,0.491310157,0.040607235
477,L,0,-4.746974333,4.250550153,1.24739817,-34.60759783,16.87958062,13.73527032,-4.51372913,76.45065816,12.58066119,-75.79394267,40.24475273,10.94643231,-28.50098944,35.91535844,13.61577176,-38.24675647,61.71558228,13.95021787,-13.40285705,61.98809925,15.72179711,-9.556221521,77.67844933,16.94663843,-12.50068367,63.9928726,15.28561602,-3.834979642,5.69035758,0.795208041,-2.390935705,2.258883037,0.376123079,-10.94553106,9.226550274,1.459779907,-3.951668693,5.481731515,0.657642864,-14.04194155,16.9603096,1.487269777,-5.658704696,7.937008976,0.701397789,-34.19748104,32.52127941,2.677087099,-19.30828827,27.31163054,1.683496199,-19.44206979,20.65334414,2.241761167,-9.3635,14.50961165,1.258788561,-33.3212851,33.26859452,2.547853937,-28.52862277,15.64589855,1.509203088,-4.515472684,4.103129538,0.616204726,-1.170926887,2.232912355,0.129222777,-4.413548656,5.400436064,0.559013264,-1.139770887,2.586652836,0.135573907,-5.24176997,4.198163043,0.668172181,-1.365036407,3.069637568,0.157183921
477,L,1,-1.645134004,1.384279071,0.659633909,-33.1997884,14.60585851,10.83997989,-4.275020471,76.45065816,11.24387875,-27.6051455,46.32244537,12.30831475,-22.39537331,32.96192358,10.63670531,-30.04003531,29.35092054,10.58726395,-13.40285705,36.05417628,9.936297673,-9.693322348,26.71352033,6.796939164,-12.50068367,39.93068521,10.23078331,-3.043565354,3.029535027,0.548610848,-2.027317183,1.804133778,0.289884868,-10.94553106,8.925721057,1.336495402,-3.951668693,5.481731515,0.576798008,-14.04194155,14.13401445,1.333266612,-4.656229927,7.937008976,0.633067523,-9.637362261,11.67054578,2.167975278,-5.504996003,4.900874726,1.276855004,-12.4212157,12.83512084,1.780561705,-8.918539585,6.142776586,0.972935474,-12.826927,11.60429928,1.939088809,-6.648571382,8.199195751,1.102617096,-1.941866578,3.069377306,0.331033043,-0.517536118,0.98044154,0.067912926,-1.715195272,2.012161357,0.293113075,-0.380116605,1.391821942,0.07443322,-1.913026084,3.570793534,0.353915708,-0.519445141,1.813485962,0.084053311
477,L,2,-1.645134004,1.427043167,0.557356145,-33.29418128,14.69289652,9.605377189,-4.416027991,75.44472665,8.687520737,-26.85789658,46.32244537,13.1551329,-22.39772419,33.08136952,9.890516429,-34.66478928,25.31794864,9.919099706,-13.03002616,28.64794004,6.398581862,-9.783059015,23.49870002,6.550065607,-12.47993553,32.05032006,6.343972586,-3.32071144,3.95510251,0.524757385,-2.398296746,2.014669555,0.287893511,-10.83129917,8.657848855,1.239256415,-3.743690308,4.014930847,0.515374463,-16.67455407,15.07990023,1.039784887,-6.337821744,7.284074418,0.5353225,-9.637362261,8.182611248,2.163395309,-5.322321752,4.781576499,1.263299423,-13.85007295,12.83512084,1.778873275,-7.272259914,6.142776586,0.968478543,-13.59430399,13.78903661,1.899629583,-6.648571382,8.199195751,1.113025061,-2.040716892,2.870367965,0.251066882,-0.460470218,0.855395152,0.05796665,-1.410871691,2.164368248,0.240797951,-0.391131662,1.391821942,0.061406969,-2.351936723,3.156242429,0.294027133,-0.485277682,1.564405633,0.075604014
477,M,0,-2.377468289,2.503001999,0.802829375,-35.98737821,16.26422793,13.15383769,-6.280989699,68.94350865,15.91988595,-33.8222356,33.39977534,11.42331775,-28.5858999,35.88874176,12.44020461,-40.58112918,34.46587182,13.01406088,-15.82303441,62.10942758,13.79607853,-10.32133323,55.66667369,13.94208671,-13.93993504,57.10056846,13.07268391,-3.182134192,2.543688282,0.559209982,-2.102527969,1.491117462,0.283291646,-11.70226298,9.920736901,1.535068143,-4.048901092,4.649999171,0.679937852,-15.95749995,19.9453198,2.249509879,-9.32499333,9.697546552,1.066214404,-12.70155736,11.93265412,2.431691963,-6.953624752,7.045394487,1.427152821,-11.96510023,15.24958373,2.17657073,-5.693428962,6.268610004,1.197861832,-19.15150915,13.18112132,2.164977924,-8.092703281,7.131034777,1.224463963,-2.302484036,3.097528493,0.439006983,-0.555676818,1.481512816,0.095800751,-1.481394504,2.822944255,0.35738675,-0.63548127,1.061410931,0.077464411,-2.651294899,3.199456315,0.518542112,-0.569133886,2.293638643,0.121136139
477,M,1,-1.809421551,3.437890231,0.912627412,-36.35079779,16.26422793,11.57266768,-6.158692505,68.94350865,14.68581333,-32.79019221,37.40195705,12.34401678,-25.84917418,34.13746909,12.27796429,-34.61026434,29.82735261,11.95538938,-15.82303441,36.84738393,9.919394826,-10.32133323,18.29984977,7.237791492,-13.91220645,41.28426828,11.55763066,-3.126164792,3.793803778,0.560379935,-1.638727728,1.439491615,0.277628734,-12.12814761,10.28644692,1.600225856,-4.341370328,5.588225523,0.71954671,-15.95749995,18.65488465,1.982803742,-9.32499333,7.190129473,0.939453345,-11.58435252,11.93265412,2.380751909,-6.953624752,6.738176604,1.41565437,-11.69098986,11.45616098,2.076406734,-6.712264892,5.727291993,1.132276148,-12.84759642,11.66615736,2.127468125,-6.56636853,6.848655336,1.186112989,-4.270192386,3.097528493,0.402800124,-0.92792249,1.413131388,0.094369374,-1.36976711,2.822944255,0.341752843,-0.63548127,1.291097503,0.080170786,-5.770597013,4.310082389,0.508883041,-1.189345503,4.05370423,0.14255746
477,M,2,-1.809421551,4.641661278,0.87437503,-36.35079779,13.76570965,11.59631261,-6.158692505,69.2381318,7.770983589,-32.55153699,37.40195705,12.74673943,-28.69717757,36.51703111,12.19396136,-34.61026434,28.68791876,11.52348346,-14.97455213,36.84738393,8.66715815,-10.42031105,55.82519557,7.362208453,-13.91220645,41.28426828,10.21538908,-3.126164792,6.796806736,0.624564645,-1.913192286,1.439491615,0.288471787,-12.12814761,10.78929194,1.635671253,-4.341370328,5.588225523,0.711026736,-15.8994913,17.0192031,1.269417095,-9.338371654,8.271131411,0.680389256,-9.337350121,9.701371982,2.15265862,-5.350131475,5.315289385,1.28168882,-10.82114741,10.81955542,2.09908073,-6.712264892,5.220021455,1.128376465,-12.84759642,11.66615736,2.182161376,-6.56636853,6.848655336,1.216499628,-4.270192386,2.754909938,0.372432812,-0.92792249,1.413131388,0.091419803,-1.36976711,3.129527847,0.344420497,-0.625790033,1.291097503,0.076292429,-5.770597013,4.310082389,0.484127148,-1.189345503,4.05370423,0.144008357