participant,condition,window_index,head_rotation_rad_min,head_rotation_rad_max,head_rotation_rad_rms,head_rotation_rad_mean,blink_aperture_min,blink_aperture_max,blink_aperture_rms,blink_aperture_mean,mouth_aperture_min,mouth_aperture_max,mouth_aperture_rms,mouth_aperture_mean,pupil_dx_min,pupil_dx_max,pupil_dx_rms,pupil_dx_mean,pupil_dy_min,pupil_dy_max,pupil_dy_rms,pupil_dy_mean,pupil_metric_min,pupil_metric_max,pupil_metric_rms,pupil_metric_mean,center_face_magnitude_min,center_face_magnitude_max,center_face_magnitude_rms,center_face_magnitude_mean,center_face_x_min,center_face_x_max,center_face_x_rms,center_face_x_mean,center_face_y_min,center_face_y_max,center_face_y_rms,center_face_y_mean,head_rotation_rad_vel_min,head_rotation_rad_vel_max,head_rotation_rad_vel_rms,head_rotation_rad_vel_mean,head_rotation_rad_acc_min,head_rotation_rad_acc_max,head_rotation_rad_acc_rms,head_rotation_rad_acc_mean,blink_aperture_vel_min,blink_aperture_vel_max,blink_aperture_vel_rms,blink_aperture_vel_mean,blink_aperture_acc_min,blink_aperture_acc_max,blink_aperture_acc_rms,blink_aperture_acc_mean,mouth_aperture_vel_min,mouth_aperture_vel_max,mouth_aperture_vel_rms,mouth_aperture_vel_mean,mouth_aperture_acc_min,mouth_aperture_acc_max,mouth_aperture_acc_rms,mouth_aperture_acc_mean,pupil_dx_vel_min,pupil_dx_vel_max,pupil_dx_vel_rms,pupil_dx_vel_mean,pupil_dx_acc_min,pupil_dx_acc_max,pupil_dx_acc_rms,pupil_dx_acc_mean,pupil_dy_vel_min,pupil_dy_vel_max,pupil_dy_vel_rms,pupil_dy_vel_mean,pupil_dy_acc_min,pupil_dy_acc_max,pupil_dy_acc_rms,pupil_dy_acc_mean,pupil_metric_vel_min,pupil_metric_vel_max,pupil_metric_vel_rms,pupil_metric_vel_mean,pupil_metric_acc_min,pupil_metric_acc_max,pupil_metric_acc_rms,pupil_metric_acc_mean,center_face_magnitude_vel_min,center_face_magnitude_vel_max,center_face_magnitude_vel_rms,center_face_magnitude_vel_mean,center_face_magnitude_acc_min,center_face_magnitude_acc_max,center_face_magnitude_acc_rms,center_face_magnitude_acc_mean,center_face_x_vel_min,center_face_x_vel_max,center_face_x_vel_rms,center_face_x_vel_mean,center_face_x_acc_min,center_face_x_acc_max,center_face_x_acc_rms,center_face_x_acc_mean,center_face_y_vel_min,center_face_y_vel_max,center_face_y_vel_rms,center_face_y_vel_mean,center_face_y_acc_min,center_face_y_acc_max,center_face_y_acc_rms,center_face_y_acc_mean
402,H,0,0.101935912,0.901368381,0.648495806,0.642893213,0,11.54206306,8.512454918,8.290057724,0,11.82679428,1.605771055,0.569424646,0,12.41964703,6.891658464,6.809569468,1.09959965,12.73126977,7.045638034,6.884732721,0,12.58708274,4.826256161,4.604872329,0.217882473,12.31979773,3.005981049,2.387401838,0.006614427,11.49482985,2.767466428,2.078118076,0,12.31974356,2.382939741,1.709525282,-1.485594443,1.56541266,0.110936505,-0.000327273,-0.679042101,0.99387776,0.059705078,0.000135036,-1.531200436,1.397895671,0.234154721,0.001304682,-0.811979293,0.690986685,0.116063678,0.000221381,-2.110485072,2.912363935,0.289475903,-0.000404656,-1.169350854,1.452056692,0.139782964,-0.000203696,-2.666019807,2.873190594,0.290809523,0.000205439,-1.741617973,1.750328076,0.175603343,-0.000151636,-2.431385173,3.195249016,0.363516447,0.00023516,-1.230115597,2.111761611,0.213943135,-0.000690396,-4.055337543,3.405643678,0.384875595,3.29E-05,-3.049845931,2.651632689,0.247742259,0.000659584,-0.728520057,0.912853405,0.104323413,-0.001692591,-0.289876864,0.299317059,0.029810956,-5.23E-06,-0.807844516,0.757325243,0.101363088,-0.000213225,-0.16955796,0.534559679,0.02543936,3.35E-05,-0.72240726,0.923603858,0.106217501,-0.001693821,-0.291045394,0.328247876,0.033924018,-3.88E-05
402,H,1,0,0.901368381,0.634855327,0.618319285,2.226925356,11.17953048,8.196034069,8.001702073,2.39E-05,11.82679428,1.986369213,0.848978339,0,12.41964703,6.977949581,6.905407276,1.09959965,12.73126977,7.013220374,6.853450581,0,11.86890163,4.72598789,4.531875681,0.217882473,6.068150577,2.593209135,2.235329199,0.006614427,8.366010001,2.72050805,2.195619611,0.053680487,5.077448627,1.861677799,1.482017963,-1.596654714,1.56541266,0.12897702,0.000190971,-0.670072131,0.997187557,0.071700947,0.000113772,-1.281438857,1.618319842,0.21532862,0.000244912,-0.811979293,0.703306824,0.114431932,0.000151857,-2.183245385,2.912363935,0.350648116,-0.000141586,-1.455562833,1.452056692,0.170627345,-0.000217204,-2.666019807,2.873190594,0.281266828,0.000553807,-1.741617973,1.750328076,0.17142756,-0.000303223,-2.431385173,3.195249016,0.358960671,0.000588476,-1.284979668,2.111761611,0.207528169,-0.000489939,-4.055337543,3.405643678,0.375128001,-0.000642145,-3.049845931,2.651632689,0.240866079,0.00057878,-0.338233352,0.482757587,0.070123516,-0.000609869,-0.156249378,0.149927627,0.021773198,-1.96E-05,-0.455371824,0.426546639,0.077229563,-9.85E-05,-0.084931062,0.153057561,0.020557507,-1.69E-05,-0.422508043,0.489536921,0.072509641,-0.000775438,-0.159493188,0.290706422,0.027589763,-2.03E-05
402,H,2,0,1,0.604032243,0.586214754,2.226925356,12.26953262,8.439390048,8.257991169,0.000129475,11.64128561,1.67851854,0.697264683,4.090952998,10.94399628,6.823842385,6.777124787,0,11.92684428,6.823535305,6.666023724,0.071268981,13.72581374,4.931571081,4.770276169,0.008671162,6.757727893,2.400705242,1.983199403,0.013985063,8.243386189,2.704936073,2.198659116,0.042747785,4.383810957,1.589856076,1.162834776,-2.492269321,4.320036618,0.169747606,0.00021414,-2.320669531,1.87209647,0.100435602,-0.000112559,-1.689864719,1.618319842,0.199150708,0.000238753,-1.084976759,0.815060512,0.105919089,-2.87E-05,-2.183245385,2.739371503,0.265722541,-6.21E-06,-1.455562833,0.956940321,0.130628597,-2.13E-06,-1.360597443,1.468072809,0.209083648,-0.000398692,-0.972644485,0.738845846,0.123632951,-8.97E-05,-2.741263719,2.360907086,0.297433367,-0.000796362,-1.284979668,1.859511315,0.171791357,4.09E-06,-2.868402135,2.223757604,0.283703875,0.00091748,-1.851943584,1.200923066,0.166273086,-0.000129828,-0.305706044,0.511595441,0.060000907,-7.92E-05,-0.156249378,0.164453433,0.018588622,4.16E-06,-0.322562427,0.301768966,0.066830888,-7.98E-05,-0.076308448,0.146493344,0.017478855,-2.72E-05,-0.422508043,0.484118931,0.064784321,-4.63E-05,-0.159493188,0.361773748,0.024901419,1.17E-05
402,L,0,0,1,0.543030153,0.532031743,0,11.44652626,7.822045167,7.637655257,5.26E-07,1.731218689,0.315997211,0.204266215,0,11.45668273,6.270985354,6.231624719,0,11.58023704,8.191104609,8.104626842,0,11.93494397,2.989962502,2.828236893,0.046729818,11.87516127,1.954586106,1.089390813,0.01628033,10.24262095,2.336549845,1.533523965,0.02064623,11.88361172,1.873062214,0.92957762,-2.194787442,1.805795384,0.118656924,5.19E-05,-1.428045237,0.858285901,0.063545718,3.18E-05,-1.118766321,1.272694644,0.195947049,-0.000353978,-0.534400461,0.471916452,0.100085973,9.63E-05,-0.508867114,0.45842561,0.094765187,0.000191681,-0.356494704,0.351708372,0.06652675,-2.94E-05,-2.783542441,1.900882944,0.181025408,-0.000357037,-1.342107693,1.447598476,0.101578522,0.000135326,-3.092543651,1.907904238,0.284964831,0.000977617,-1.416992196,1.574887418,0.162577294,-0.00020357,-2.425770065,3.758638183,0.248131788,-0.001024588,-1.996433643,1.714773901,0.142989374,0.000226467,-0.438107793,0.700380665,0.057773579,-0.000423826,-0.17931285,0.219709528,0.01572648,1.75E-05,-0.740210675,0.791871257,0.097363625,-0.000549194,-0.190585275,0.383080056,0.027414176,2.68E-05,-0.502935992,0.742143229,0.0591196,-0.000387612,-0.187842567,0.291245958,0.01781826,2.98E-06
402,L,1,0,0.774665043,0.515068046,0.505978164,1.77495946,10.28308925,7.634893491,7.52326058,5.26E-07,11.76494941,1.258240549,0.403421084,3.89870549,11.45668273,6.104386174,6.064761933,0,11.58023704,8.053177152,7.979953508,0.361492973,10.71956124,3.108930617,2.993953849,0,3.658080878,1.118079527,0.896337326,0,8.35251435,2.14112368,1.519356422,0.00919422,3.018762432,0.90506509,0.696667892,-0.762762126,0.722049899,0.090012167,-0.000167932,-0.523171741,0.316302507,0.048228601,-8.05E-05,-1.118766321,1.272694644,0.183903487,-0.000140539,-0.534400461,0.471916452,0.094373466,0.000127569,-2.188711653,1.883359095,0.182888422,0.000118684,-0.920260451,0.832702337,0.100582471,5.20E-05,-0.715425205,1.493009707,0.149186867,-0.000270301,-0.721934616,0.60496902,0.083845343,-3.69E-05,-2.325824605,1.375099231,0.23305334,-0.000347578,-0.848877706,1.222036047,0.133227605,0.000105911,-1.13371894,2.408062065,0.187144118,0.000146361,-1.17559833,0.906571048,0.106712159,-6.67E-05,-0.180297036,0.35394157,0.038345928,-4.26E-05,-0.096657859,0.117277772,0.012627947,1.71E-05,-0.740210675,0.539441538,0.080095784,2.82E-05,-0.190585275,0.325256197,0.023269204,2.44E-05,-0.184450286,0.358888261,0.036788966,-2.75E-05,-0.109535495,0.125547489,0.014450897,8.40E-06
402,L,2,0.204652781,0.889950717,0.492439508,0.479778723,2.073298649,9.578683039,7.602574711,7.52629603,6.02E-07,11.76494941,1.634703947,0.575671768,3.89870549,9.135991103,6.084840157,6.035313913,4.780463222,11.55287344,7.99475672,7.930421554,0.361492973,5.895510709,3.225706832,3.111813676,0,4.921401796,1.273670929,1.053974493,0,11.97549852,2.648388608,2.008448581,0,3.018762432,0.958332362,0.748850042,-0.649297383,0.722049899,0.084197552,-0.000178196,-0.523171741,0.306838211,0.043837606,-8.00E-05,-0.94505722,0.834978001,0.15608874,4.36E-05,-0.445150346,0.445151865,0.082388135,0.000152732,-2.188711653,1.883359095,0.230256621,-0.000185259,-0.923368762,0.90869332,0.119387598,5.76E-05,-0.715425205,0.958761986,0.164229209,-0.00021424,-0.47338798,0.431709571,0.092775618,5.73E-05,-0.936632085,1.233049899,0.201160362,0.00016522,-0.678540377,0.665522039,0.112929766,5.08E-06,-0.887190352,0.746070777,0.17984209,-3.10E-05,-0.477739379,0.448390934,0.101000169,-1.14E-05,-0.180297036,0.35394157,0.039949303,-0.000177977,-0.069761987,0.117277772,0.012653729,8.23E-06,-0.394084316,0.541163098,0.081473018,-0.000432449,-0.159589736,0.243560621,0.0226444,1.01E-05,-0.270008371,0.358888261,0.042260756,-0.000118672,-0.084654589,0.159837418,0.015942912,7.68E-06
402,M,0,0,0.881030617,0.488543052,0.478215181,0,12.39807715,8.163404422,8.003926395,0,11.92273084,1.392525997,0.502314892,0,12.17764403,7.910984046,7.843343102,0.916095572,10.01453097,4.817403856,4.643658123,0.001696606,10.43703498,4.523169405,4.358582908,0.101855182,11.51029579,2.361762178,1.853976553,0.008232385,9.822290488,2.770873271,2.195471965,0,11.58968128,1.79730791,1.164192377,-2.209556925,2.469804788,0.143954883,0.000442483,-1.065076605,1.565496099,0.082125502,-0.000223203,-1.309380046,2.024314436,0.213867999,0.001057448,-1.092091069,0.929141922,0.113469526,0.000177855,-2.543358459,2.801791748,0.237543639,-0.000261272,-1.362636935,1.430934712,0.129182312,-2.90E-05,-3.374513746,4.187228329,0.258714807,-0.000342457,-2.046647649,2.756299783,0.154374509,7.25E-05,-2.508842981,2.862017369,0.276988791,0.000101552,-1.691338333,2.145763796,0.167007233,-7.41E-05,-4.126739387,3.884312261,0.311287348,0.000677351,-3.739490111,2.597116014,0.200228576,7.92E-05,-0.791843149,0.858076356,0.081145226,-0.001324424,-0.278901954,0.3081034,0.026418242,5.00E-05,-0.628932902,0.469379715,0.090423649,-0.000653861,-0.177206029,0.367955813,0.026222694,1.96E-05,-0.919470578,0.897188728,0.090290888,-0.001306017,-0.280676392,0.41033923,0.031492848,3.15E-05
402,M,1,0.219583299,1,0.510373163,0.491103234,0.957081797,10.13317446,7.854728122,7.750263513,0,11.92273084,2.100070544,0.831729999,0.777242866,11.80164166,7.543594427,7.473241111,0.687597391,9.656174019,4.621613234,4.398115047,0.501311625,12.20964827,4.799156918,4.578017014,0,7.029576919,2.405923689,1.93944072,0,11.50855642,3.123521558,2.240977188,0.036247283,5.352985151,1.640074413,1.350271969,-1.194477228,1.285471867,0.10514082,-0.001104921,-0.98326737,0.536075061,0.060697854,-0.000229559,-1.815473028,1.791387338,0.191975699,0.000470295,-0.940989322,0.871568725,0.100850309,-1.39E-05,-2.543358459,2.801791748,0.293052285,-0.001437413,-1.362636935,1.430934712,0.149580476,-0.00029038,-2.345271972,2.844162955,0.228823112,0.000132521,-1.103270553,1.800575505,0.132659351,-6.60E-06,-1.878554548,1.26371326,0.26993942,0.000310717,-0.854689342,0.959404389,0.157337088,-0.00020461,-3.292613524,2.025798577,0.299893518,-0.000446717,-1.980436476,1.465635881,0.179724515,9.35E-05,-0.329712942,0.515572794,0.060191774,-0.000418698,-0.127230007,0.205778309,0.020259899,2.33E-06,-0.443671181,0.485381265,0.079405147,0.000193436,-0.151562852,0.283252442,0.022763036,3.29E-06,-0.343176597,0.482661639,0.059885952,-0.000592618,-0.139226796,0.195071791,0.023005225,5.93E-06
402,M,2,0.079712557,1,0.448877846,0.423043408,0.214923119,10.81234801,7.593556746,7.384200417,2.52E-05,11.52568316,1.641467593,0.570428959,0.777242866,10.70368311,7.448207139,7.384652927,0,11.53486918,4.563856913,4.266076732,0,12.20964827,5.017924651,4.750478432,0,12.67599539,3.583899144,2.851783893,0,11.50855642,3.672258187,2.894322985,0.036247283,11.96199741,2.954493459,2.081030224,-1.194477228,1.285471867,0.10612205,-0.000614189,-0.98326737,0.536754825,0.059909383,-0.000174349,-1.911687334,1.287757964,0.243752885,-0.000543604,-0.869857122,0.712711045,0.116970084,0.000138391,-2.075776784,2.752208027,0.219046786,-0.000121939,-1.34225783,0.987885767,0.113301853,-4.25E-05,-2.345271972,2.844162955,0.255038626,-0.000466802,-1.103270553,1.800575505,0.147244613,0.000126762,-1.878554548,1.797504717,0.314483652,-0.001032865,-1.248376842,0.97049444,0.183135354,-0.000120762,-3.292613524,2.025798577,0.34668611,0.000547495,-1.980436476,1.465635881,0.20541302,0.000119716,-0.537005199,0.809711927,0.098241804,0.000190941,-0.203294781,0.425956582,0.028170107,-3.08E-05,-0.933730851,1.35418262,0.122698691,-0.000136981,-0.410274326,0.840009569,0.041471297,-1.58E-05,-0.403428394,0.814509234,0.096112822,0.000306881,-0.212259179,0.497155524,0.030999415,-2.41E-05
404,H,0,0,1,0.499195081,0.480114669,0,12.20248993,8.759061514,8.319086187,4.73E-06,12.21395945,2.345905253,1.144969231,0,12.00656871,7.061857913,6.861273234,0.082027892,12.3039664,5.745977142,5.152194236,0.797639282,12.35894193,6.035464416,5.810638948,0,10.36730378,3.984437984,3.287093392,0,12.37247834,3.410662943,2.605689915,0,12.00751811,3.869803673,2.906233382,-0.818029036,0.802132272,0.168707167,-0.000197163,-0.557706907,0.391896412,0.090220544,-1.00E-05,-2.349512587,2.60338916,0.378289243,0.000512084,-1.06164906,1.167186446,0.17057536,-2.78E-06,-2.632650575,3.433862395,0.320079062,-0.000122373,-1.666222504,1.309540231,0.156313317,-7.27E-05,-2.028341128,1.599542469,0.372402344,-0.000340593,-0.92226054,0.94559164,0.214702846,-1.42E-05,-2.476011927,3.426903248,0.504208566,-0.000972396,-2.012027129,1.753442811,0.292066142,-0.000106316,-2.016269369,2.319073089,0.403114909,0.000325861,-1.468344792,1.099285451,0.243839553,0.000207498,-0.974712809,0.890477104,0.1619468,-0.000548794,-0.293240693,0.748452026,0.050794584,-1.44E-05,-1.027739912,1.124422091,0.171098071,-0.001347297,-0.225833574,1.068917623,0.056604461,6.26E-06,-1.284566629,1.209994121,0.187900427,0.000645723,-0.381817476,1.04159337,0.068384944,-3.26E-05
404,H,1,0,0.886988278,0.471748958,0.450851162,0.280846535,11.78917512,8.793523398,8.487870574,1.04E-06,12.21395945,2.017456461,0.887849409,1.523585122,12.00656871,7.223300233,7.070046764,0,12.10699726,5.467095932,4.866940561,1.825125065,10.84763762,6.102324171,5.885678806,0,12.47933758,3.145240871,2.329653297,0.026499258,11.11027982,2.597351221,1.906647511,0,12.44095066,3.151065563,2.109014849,-1.082267668,0.923268534,0.163232958,-0.000121248,-0.50752477,0.535519863,0.088503065,-1.66E-05,-2.646902259,2.517290603,0.341697709,0.001036438,-1.011830818,1.179308116,0.150737668,1.06E-06,-2.632650575,3.433862395,0.28230062,-8.80E-05,-1.666222504,1.309540231,0.138141788,-5.72E-05,-1.460121691,1.599542469,0.337348334,-0.000448733,-0.798281598,0.866499021,0.196327929,-0.000151468,-2.411631245,2.666257142,0.476285146,0.001565962,-1.353034919,1.437734453,0.270089328,-0.000121661,-1.938744361,1.581373551,0.381390822,-0.000812257,-1.163897253,0.965111396,0.227509729,0.000248545,-1.08266894,0.890477104,0.141007069,0.000232602,-0.293240693,0.361957142,0.035702578,4.92E-05,-0.891526505,0.813646317,0.136762541,0.000364812,-0.199465435,0.500729573,0.038302868,3.07E-05,-1.154959095,1.209994121,0.155267935,4.28E-05,-0.381817476,0.637721124,0.046427018,5.78E-05
404,H,2,0.126323771,0.840701394,0.433913978,0.424475769,0.587607535,12.00265513,9.05448907,8.819132903,0,1.227890337,0.432326399,0.300604559,1.018004841,11.35300957,7.141340241,6.994764643,0,12.42442264,5.149826607,4.537981672,0,10.84763762,6.389478962,6.153266354,0.021014122,12.47933758,2.815809239,2.018536735,0.026499258,11.11027982,2.381028874,1.609321569,0.006762588,12.44095066,2.781727353,1.880963958,-1.082267668,0.923268534,0.147389192,-0.000238917,-0.50752477,0.535519863,0.083786698,-3.50E-05,-2.646902259,2.340723891,0.294054873,0.000235615,-0.918419648,1.179308116,0.13507526,4.14E-05,-0.437637233,0.35109525,0.118621008,-0.000160672,-0.302983025,0.257098411,0.07854275,1.56E-05,-1.419562032,1.543262899,0.332049694,-0.001219993,-0.798281598,0.870560306,0.195028952,0.000101424,-2.411631245,2.666257142,0.465062489,-0.000222876,-1.404595517,1.437734453,0.269519394,0.00011746,-1.938744361,1.995973943,0.382515457,0.000643441,-1.163897253,1.250353628,0.226855248,-3.32E-05,-1.08266894,0.741996246,0.114839852,-0.000282015,-0.179773328,0.288373524,0.027823651,-7.83E-06,-0.891526505,0.813646317,0.114541871,1.00E-04,-0.162827024,0.500729573,0.030585935,-2.46E-05,-1.154959095,0.848272864,0.122503109,-0.000447772,-0.239975146,0.505219718,0.03671323,4.25E-06
404,L,0,0,1,0.467853833,0.449029649,0,12.28086434,9.588103939,9.293582759,0,12.20895395,1.333131658,0.525428014,0,11.83993352,6.875582401,6.647170235,0.464948837,12.1372467,4.805295923,4.449703245,0,11.74608957,6.409630245,6.167402832,0,12.55451878,3.350646637,2.58916472,0.006751895,12.5379369,2.596536898,1.873873394,0.011617801,12.12119155,2.484850191,1.675745417,-0.939899044,0.878982615,0.173089541,0.001248429,-0.496248157,0.521452301,0.095451015,9.80E-05,-2.716365932,2.205093205,0.29671413,0.00066154,-0.903693064,1.665012095,0.131441469,0.000139207,-3.420479411,2.383377601,0.245626941,0.000135468,-1.309130491,1.682920825,0.126016704,-2.55E-05,-1.820815942,1.962685634,0.37194131,0.00034985,-0.879898646,1.079379051,0.219422796,0.000123982,-2.582310664,2.040153001,0.366078675,0.000916344,-1.389431206,1.358943615,0.215914034,-0.000487683,-2.794768274,2.333341276,0.394386352,-0.000627339,-1.284249493,1.211066301,0.235267144,0.001071456,-0.59643497,0.799071609,0.107752886,0.000397383,-0.205838638,0.276272105,0.027616458,2.48E-05,-0.790289517,1.401912654,0.103377802,-0.000130061,-0.235689907,0.578941228,0.026684839,-2.26E-05,-0.680475913,0.597749359,0.104400296,0.000764755,-0.253259827,0.410687661,0.030492826,9.58E-05
404,L,1,0.178720072,0.953209106,0.467462185,0.451500758,0.916948689,12.28086434,9.43103373,9.134274245,0,12.20895395,1.329092041,0.505113458,0.637100756,11.83993352,7.03467964,6.811073729,0,10.90607583,4.686308564,4.266154015,0.881424288,11.16919392,6.52000763,6.281639212,0.066575165,9.883709992,2.770654041,2.312467411,0,5.132944812,1.842441219,1.488464332,0,10.22019804,2.368190993,1.706983615,-1.283766399,0.864232829,0.166659515,-0.000200956,-0.77175652,0.610177926,0.09378995,-8.10E-05,-2.716365932,2.223645447,0.301994904,0.001550885,-0.903693064,1.665012095,0.139994573,0.000453275,-3.420479411,2.383377601,0.245589656,3.84E-05,-1.309130491,1.682920825,0.125866088,-8.56E-07,-1.908833098,1.495883249,0.349435787,0.00019128,-0.933694928,1.04854983,0.202517082,-0.000314214,-1.958086011,1.876540851,0.361641997,-3.01E-05,-1.104676068,1.107864173,0.210909779,3.35E-05,-1.879300825,2.333341276,0.390434855,-4.87E-05,-1.105393417,1.154147411,0.234815895,0.000380383,-0.51907264,0.523726991,0.085195402,-0.000850197,-0.160233839,0.38433829,0.023706823,-0.000127843,-0.363967649,0.345892152,0.064866736,-0.000440524,-0.096563931,0.192744344,0.018883769,-3.44E-05,-0.565778758,0.756740188,0.089320579,-0.000797151,-0.165533912,0.447264523,0.027479551,-0.000146463
404,L,2,0.178720072,0.929225905,0.446830152,0.429156834,0.910926217,12.06244236,9.072347585,8.805795477,3.02E-05,11.38510712,1.667887497,0.66495967,0.967022616,12.21167867,6.98458981,6.779509889,0,10.90607583,4.734567971,4.311371198,1.058680955,10.95129496,6.348012642,6.080195732,0.041624447,8.451970554,2.511157016,2.076937723,0,4.442644549,1.565555601,1.205587474,0,8.550476912,2.230015187,1.734062809,-1.283766399,1.002396386,0.178261277,-0.002011708,-0.77175652,0.610177926,0.100782902,-0.000178301,-2.338925877,2.223645447,0.300405623,0.000123072,-0.861788705,0.955333458,0.134535157,1.89E-05,-2.920653202,2.856507397,0.248775826,-4.23E-05,-1.248424679,1.439886498,0.133511294,-1.13E-05,-2.035990484,1.987230215,0.374561876,-0.000301752,-0.998650554,1.441120461,0.218504562,0.000111013,-1.958086011,1.876540851,0.39032389,-1.40E-05,-1.104676068,1.099124884,0.222433701,-8.10E-05,-1.879300825,1.934507701,0.410803598,-0.000168191,-1.163478689,1.067650047,0.242714566,0.00024829,-0.549730384,0.523726991,0.0870547,-0.00057612,-0.160233839,0.38433829,0.02505613,5.85E-06,-0.29087592,0.374235705,0.067578462,-0.000189985,-0.08482729,0.192744344,0.018792804,3.05E-05,-0.788487766,0.756740188,0.0963991,-0.000602516,-0.22847436,0.457078556,0.031454126,-1.59E-05
404,M,0,0.050473594,1,0.313004008,0.274821359,0,11.78343061,8.525759277,8.160356219,2.52E-06,10.66814641,1.759012925,0.759060541,0.359908309,11.75863489,7.199063512,6.950370118,0,12.02024908,5.146116642,4.63835188,0,12.16636061,6.703403444,6.428609903,0.086717836,12.26709267,4.062177403,3.025131371,0,11.97500038,3.508175228,2.497487268,0,12.26716975,3.052375803,1.946897478,-0.673763516,0.796379379,0.111775593,-0.00217746,-0.389271602,0.357160066,0.063104435,-3.78E-05,-2.797183813,2.240542394,0.323745017,-0.002343257,-1.008429253,1.132706731,0.148294105,0.000162854,-1.717814409,2.262214084,0.272197575,-3.78E-05,-1.350963042,1.128129039,0.14110358,-3.89E-05,-1.848646368,1.52419252,0.392414656,-0.002127419,-1.068177558,0.962281611,0.218290308,0.000262957,-2.511652725,3.009523522,0.429955007,0.000768106,-1.689954278,1.451530004,0.23899341,0.000183528,-2.075583785,2.779139927,0.446111753,-0.001975644,-1.448937218,1.442837072,0.264607653,0.000289241,-0.903712728,1.13244242,0.161086335,0.000399772,-0.274919551,0.625365511,0.04041655,-5.14E-05,-1.327736778,1.469544949,0.147271916,0.000238899,-0.204649641,1.189952909,0.043498627,-9.51E-05,-0.818453543,1.128837168,0.143684056,0.000359174,-0.274760932,0.405052698,0.03948435,2.73E-05
404,M,1,0,0.450265094,0.214435369,0.198212722,0,11.78343061,8.542423016,8.30423208,1.79E-05,10.66814641,1.696645289,0.715299959,0.359908309,11.60573698,7.334868,7.092026126,0.432200521,12.02024908,4.641782504,4.092514839,1.418350971,11.12911722,7.174564405,6.961817347,0,9.374484017,2.822074889,2.164537224,0.007129869,7.763098749,2.455158249,1.842362805,0,9.229385456,2.150172902,1.449796261,-0.555535365,0.536806897,0.097235562,-0.000300323,-0.35387117,0.357160066,0.056797646,-3.00E-05,-2.797183813,2.240542394,0.302023812,0.000298491,-1.008429253,1.132706731,0.139701214,-7.72E-06,-1.717814409,2.225922686,0.248056653,6.73E-06,-1.03633728,1.069190456,0.125346467,-3.66E-05,-1.822226013,1.766370944,0.375362379,0.000539672,-0.94976013,0.926963242,0.20990088,-1.42E-05,-2.374250989,2.637709482,0.388819226,-0.00057637,-1.174288589,1.211240871,0.215778806,-0.000252992,-2.075583785,2.229991998,0.405918054,0.001228067,-1.336904654,1.442837072,0.242145041,0.000376541,-0.584104988,1.13244242,0.112596566,0.000165677,-0.274919551,0.267268924,0.029312234,-3.73E-05,-0.578881372,0.713527752,0.097893572,0.000138822,-0.152239205,0.340307713,0.027035478,-3.28E-05,-0.609414455,1.128837168,0.104648918,0.000128546,-0.274760932,0.36983967,0.031925831,-2.90E-05
404,M,2,0,0.392655637,0.178444228,0.165648453,0.55711149,11.9511665,8.611453325,8.402144653,0,12.17091022,1.400338309,0.572918384,0,10.98253179,7.194053742,6.955941363,0.277319473,11.37912702,4.350498789,3.83054409,2.040286535,11.42859241,7.192897089,6.99023341,0,9.374484017,3.076159624,2.514102401,0.007129869,8.915185312,2.666456821,1.925176947,0.00600511,9.115341463,2.343485102,1.842097066,-0.555535365,0.463170587,0.089005383,-0.000113372,-0.339456214,0.22374995,0.050635313,-5.52E-05,-2.157600251,2.22192617,0.281270438,2.57E-05,-0.863755554,1.428911416,0.133197696,0.000573924,-1.664571989,1.766066011,0.190955138,0.000177025,-0.825673213,0.777205332,0.102403191,4.13E-05,-1.437359217,1.766370944,0.337372525,-0.000213254,-0.79617297,0.919007729,0.1956505,1.51E-05,-2.314529412,2.637709482,0.389151466,0.000192171,-1.533479697,1.211240871,0.224627974,-0.000274207,-2.03823765,1.919264428,0.395149657,7.96E-05,-1.091660378,1.031493919,0.236961295,3.88E-05,-0.462958739,0.72191586,0.087515073,-0.001240149,-0.120568919,0.258927793,0.023624711,1.66E-05,-0.443988113,0.478627013,0.079375272,-0.001849096,-0.108724408,0.278725075,0.02088449,1.43E-05,-0.589823408,0.85123832,0.08332576,-0.000377872,-0.131932535,0.272830164,0.027773291,7.42E-06
407,H,0,0,0.887756233,0.676625031,0.65462326,0.211630534,10.65912937,8.171065584,7.745565994,0,10.77227788,1.767160988,1.231907256,0,10.92890327,6.192152023,5.959149326,0.404425515,10.56212758,4.752305636,4.293073345,0,11.07284476,6.224571674,5.879805869,0,10.98792415,3.81279771,3.240896369,0.022510864,11.16541833,3.607744178,2.961030435,0,6.447521495,2.52421136,1.875644061,-1.250891935,0.916990854,0.194401744,0.000556262,-0.634215474,0.637864062,0.102805099,-1.00E-04,-2.327250529,2.467286543,0.355328193,-0.000333277,-1.031054313,1.312444393,0.158528383,-0.000532822,-2.845509646,2.15469947,0.233089631,-2.29E-06,-1.71501075,1.229015083,0.133283055,0.000322724,-1.918629417,1.730978988,0.370635611,-0.000370002,-1.191444838,1.21495946,0.218907092,-3.89E-05,-1.416794251,2.048831576,0.330175974,-0.001321534,-0.96228965,0.83927267,0.182733411,0.000546797,-1.854827492,1.442936737,0.370174142,0.000180594,-0.866810304,1.019271275,0.220096781,8.60E-05,-0.875459137,0.952578932,0.116135168,-0.001206822,-0.245085614,0.659318147,0.039355871,3.23E-06,-1.268774163,0.906974338,0.121307172,-0.000155658,-0.314088217,0.836038021,0.042222579,-2.38E-05,-0.862445968,0.922309732,0.106501348,-0.001450424,-0.229467114,0.68201345,0.04121613,1.18E-05
407,H,1,0.073223158,0.938733902,0.726309272,0.707475668,0.245909013,10.65912937,8.569864089,8.243059179,0.000359801,9.014723807,1.333483997,1.089198975,0.733629131,10.78977522,6.285062679,6.068203641,0.526084888,10.7122384,4.410989368,4.007114161,0.181906467,10.34927068,6.116653329,5.767412955,0.021383607,8.416870456,3.276913065,2.727879346,0,9.373974246,3.521860918,2.827818398,0.078661977,5.630049149,1.732542688,1.272866041,-1.004837754,0.9057642,0.187081806,-0.000332108,-0.421352453,0.606636734,0.098632438,-0.000101502,-2.327250529,2.467286543,0.364290555,-0.000363772,-1.031054313,1.312444393,0.163648323,-0.000591192,-1.374360107,1.964418134,0.19677517,5.21E-05,-0.75555347,0.567660853,0.117252222,5.48E-05,-1.528171936,1.470701177,0.355972568,-0.00074927,-0.869533486,0.954607667,0.214277545,-0.000233218,-1.891549734,1.766316056,0.330123901,-0.001185093,-0.857953636,0.923502302,0.181646267,0.00022447,-1.854827492,2.640468433,0.383975414,3.50E-05,-1.061724435,1.263870503,0.229353732,1.56E-05,-0.563720875,0.952578932,0.090905984,0.00014424,-0.24078994,0.659318147,0.032972276,4.62E-06,-0.743223856,0.906974338,0.102786099,-0.000487735,-0.210282972,0.468385694,0.032424003,-2.51E-05,-0.70845389,0.833315679,0.083226814,0.000587875,-0.221890347,0.68201345,0.034413683,3.21E-05
407,H,2,0.198272812,1,0.725020374,0.706307187,0,10.68930865,8.479351739,8.09141277,0.002143043,10.56852263,2.182182866,1.516089495,0.133888109,10.87551188,6.467728536,6.178582957,0,10.7122384,4.523845125,4.137213012,0.181906467,10.80923881,5.848628124,5.478972693,0.021383607,11.16428565,3.521328075,2.811304398,0,9.373974246,3.2043416,2.453296116,0.008113854,11.16428565,2.449635337,1.711236081,-1.004837754,1.008996516,0.188484676,-0.000622756,-0.558413012,0.499692873,0.10037623,-0.000158181,-2.176837575,2.204634045,0.359270313,0.000381764,-0.89256881,1.182847256,0.157727719,-0.000490058,-2.317864581,2.477639844,0.285153689,-0.000222064,-1.139512404,0.989550127,0.146172066,-6.09E-05,-1.801444695,1.820285638,0.384850567,-0.001310762,-0.869533486,1.132490909,0.223724594,-0.000221234,-1.891549734,1.877881311,0.328071603,0.000446099,-1.129555694,0.923502302,0.181385902,0.000256045,-1.576415358,2.640468433,0.372902133,0.000114096,-1.061724435,1.263870503,0.223717193,-0.000110383,-0.400660103,0.874810426,0.095906177,0.000182852,-0.208742332,0.31054748,0.027745984,-6.49E-06,-0.743223856,0.662006654,0.105327217,-0.000355725,-0.189743022,0.468385694,0.030063886,-1.95E-05,-0.426338814,0.735430642,0.084389934,0.000574734,-0.160016402,0.232020782,0.026718387,2.25E-05
407,L,0,0,1,0.578426956,0.551858875,0,9.570005563,6.810342511,6.263980733,6.25E-05,9.908140809,1.286136515,0.801389995,0.089596522,9.736706866,5.68277209,5.41413324,0,9.243473384,4.784262356,4.312842137,0.310223232,9.832469805,4.830707166,4.547867087,0.063701022,9.921898042,3.798174585,3.302339275,0,9.914354523,2.931765328,2.327055519,0.004316431,9.475396805,3.593889206,3.008391107,-1.021343103,0.786414897,0.156916821,0.000752023,-0.486612801,0.460803674,0.083816263,1.23E-05,-2.222344898,1.621831895,0.299692668,0.00230636,-0.813033498,0.95392458,0.128568982,-0.000596131,-2.593981228,2.169161726,0.23386201,-0.000217364,-0.928216483,1.109030569,0.130609492,-7.89E-05,-1.485607595,1.650952715,0.307361965,-0.001008532,-0.828524482,0.996024836,0.172792257,-0.000322125,-2.102408857,2.232159594,0.324925478,-0.00062589,-1.165997926,1.102548936,0.177693723,0.000493599,-1.770867192,1.869266991,0.350668351,-7.38E-06,-0.916264194,1.135668656,0.212867182,-8.85E-07,-0.606033665,0.587979561,0.099891623,-0.000593464,-0.134603348,0.245743536,0.0232906,2.21E-06,-0.583693136,0.484792465,0.079714333,-5.91E-05,-0.120707705,0.355924457,0.019189342,5.36E-06,-0.84897395,0.980610756,0.126024218,-0.000971799,-0.199828196,0.645974534,0.040423467,-1.42E-05
407,L,1,0,1,0.647722634,0.621820314,0,9.375996105,7.560112332,7.169355302,0,9.908140809,1.043566229,0.672013733,0.089596522,9.304392472,5.633247176,5.342307107,0.084403076,9.201363516,3.916182945,3.51831321,0,8.104710857,4.935698598,4.706058476,0.043581368,9.921898042,3.234846875,2.674874199,0,9.914354523,2.809254279,2.207449034,0.024934182,9.475396805,2.592148984,1.905886041,-1.021343103,0.621802874,0.145640211,-3.53E-05,-0.510044704,0.460803674,0.076105445,2.65E-05,-1.936342962,1.621831895,0.29888398,-0.000241288,-0.813033498,0.95392458,0.127019141,-0.000489903,-2.593981228,2.169161726,0.194775712,-8.63E-05,-0.928216483,1.109030569,0.115702525,5.82E-05,-1.485607595,1.595126424,0.324092661,-0.000507214,-0.80220703,0.808085055,0.176376732,-0.000533848,-2.102408857,1.907909875,0.303460214,4.21E-05,-1.165997926,1.102548936,0.168743745,0.000413175,-1.770867192,1.592669804,0.342400763,0.001168791,-0.972720085,0.972972199,0.209667542,-0.000121206,-0.606033665,0.764612837,0.087663807,0.000576006,-0.134603348,0.392048335,0.021683852,-1.08E-05,-0.573371008,0.484792465,0.072144001,0.000643826,-0.120707705,0.290293779,0.01781902,-1.13E-05,-0.677296323,1.035027719,0.110996928,-5.56E-05,-0.229590141,0.664604953,0.036293343,-3.13E-05
407,L,2,0.051359795,0.868908513,0.623914987,0.606952691,0.213008508,9.457166114,7.801374313,7.481712006,0,2.313120671,0.591281957,0.441696173,0.806234992,9.329184977,5.567473907,5.316045514,0.204751866,9.233544657,3.982856809,3.694096859,0,8.104710857,4.601240004,4.364356287,0,7.768807762,2.463593041,2.127309883,0.009729176,5.729522121,2.290137109,1.960497109,0,8.181075326,1.773177439,1.103591527,-1.021394505,0.722779919,0.132258234,-0.000997215,-0.510044704,0.455294825,0.069954536,2.08E-05,-2.109672338,1.748970608,0.279524675,-4.02E-05,-0.674077922,0.937958415,0.115328986,-0.000412695,-0.448170311,0.417839048,0.139156301,-4.03E-05,-0.294092555,0.289655364,0.092219976,2.72E-05,-1.396530695,1.595126424,0.300977939,0.000160817,-0.893694942,0.821521294,0.169263383,-0.000397266,-2.073588673,1.739615854,0.285656047,0.00056608,-0.923132352,0.896866849,0.161226255,0.000384845,-2.116581964,1.68418132,0.333582389,-0.000939821,-1.249407321,1.082317608,0.204255092,-2.70E-05,-0.629039818,0.764612837,0.069497616,-0.000319211,-0.132051962,0.392048335,0.019046968,3.72E-06,-0.537503676,0.418004242,0.055625592,-0.000288593,-0.128721993,0.424028666,0.018710943,-3.26E-05,-0.702009717,1.035027719,0.091152167,-0.000224851,-0.229590141,0.664604953,0.027246848,3.31E-05
407,M,0,0.100986474,0.875107778,0.645438644,0.626936955,0.043851977,10.25705845,7.666316692,7.233454979,0,10.28024008,0.704086695,0.41064808,0.791648307,10.53665107,6.390051594,6.17242459,0.822875814,10.36868206,4.770691504,4.394945839,0,10.67788119,6.513889432,6.167699019,0.054249362,10.84094204,4.387524797,3.69569739,0,10.58041668,3.903143592,3.212807173,0.041605975,11.05338239,3.111843688,2.207056798,-0.924723453,0.87368814,0.177498941,-0.001399554,-0.519695115,0.567268537,0.097574543,-0.000301447,-2.344481294,1.833347527,0.328672707,-0.001407819,-0.926647179,1.041935508,0.144273619,-0.000585861,-2.474513595,2.540914901,0.181953941,0.000170218,-1.274414803,0.976404095,0.10871785,-0.000147671,-1.698706714,1.419920335,0.357120997,0.000139593,-0.96967312,1.073011858,0.207115826,-0.000438877,-1.248364521,1.614499783,0.302775225,0.001811646,-0.668415828,0.756789997,0.169645244,0.000217155,-2.513149486,1.710525127,0.387796104,-0.000992854,-1.10845867,1.161533166,0.225649346,-0.000352181,-0.883175159,1.023916489,0.10932636,-7.92E-05,-0.243889126,0.790677831,0.042036973,-3.42E-05,-1.250746228,0.849476112,0.121435879,-0.000301659,-0.295761181,0.792976547,0.044007598,-6.54E-05,-0.768483747,0.885092717,0.11110869,0.000246262,-0.229038204,0.543144326,0.041878992,9.62E-06
407,M,1,0.027526516,0.875107778,0.66502354,0.647065812,0.014387297,10.14088012,7.722126087,7.35081403,0,10.28024008,0.967800778,0.514224693,0.287076804,10.23677579,6.257084599,6.063748536,0.667703588,10.36868206,4.446599106,4.049146192,0.266178145,10.67788119,6.629249544,6.302437958,0.054249362,10.57246038,3.70043278,3.162861773,0,10.58041668,3.597017637,2.91829373,0,7.452481203,2.273028944,1.690009322,-0.941495015,1.065120382,0.187667526,-0.00088336,-0.546900252,0.620421369,0.103042266,-9.75E-05,-2.344481294,1.752125112,0.348104155,0.000100392,-0.926647179,1.04789359,0.152843375,-0.000602484,-2.474513595,2.540914901,0.217763702,0.000422283,-1.274414803,0.976404095,0.119522661,-2.20E-05,-1.989039253,1.428765214,0.358726684,-0.000492128,-0.96967312,1.015131366,0.209583316,-0.000420077,-2.135638863,2.018744261,0.323559581,0.000805255,-0.834078628,1.118206932,0.17537677,0.00032169,-2.513149486,2.606160868,0.396102877,-0.000110274,-1.393882944,1.53570036,0.229898629,-0.000392967,-0.821970773,1.023916489,0.106809964,-0.000535051,-0.243889126,0.790677831,0.040681644,1.15E-05,-1.250746228,0.849476112,0.1172295,-0.000708515,-0.295761181,0.792976547,0.04323519,-2.16E-05,-0.47655276,0.885092717,0.103682633,3.13E-05,-0.229038204,0.543144326,0.039641453,4.07E-05
407,M,2,0,1,0.65361922,0.629912177,0,10.14088012,7.637415644,7.205907303,7.90E-06,10.52219681,1.153404564,0.696501495,0.287076804,9.855739048,6.104387682,5.903479675,0,10.3418959,4.557291077,4.138308208,0.668841098,10.31495271,6.325850729,5.996053534,0,10.43459897,4.264045424,3.656579626,0.011675084,9.543688215,4.049132738,3.366986497,0,8.318843668,2.709410766,2.055192083,-1.20265303,1.065120382,0.194079811,0.000510694,-0.747854968,0.669080846,0.104366794,-9.54E-05,-2.059917483,1.752677703,0.338110712,-0.000450345,-0.753431917,1.04789359,0.146871142,-0.000437984,-2.808942746,2.63462632,0.235978594,5.20E-05,-1.460537529,1.012202612,0.130762334,5.88E-05,-1.989039253,1.625509071,0.341412832,0.000609408,-1.218214085,1.015131366,0.200797641,-0.000253131,-2.135638863,2.115437169,0.352826827,-9.24E-05,-1.067971939,1.118206932,0.19503926,0.000330633,-2.53447737,2.606160868,0.394304526,0.000192231,-1.393882944,1.677539097,0.235226368,-0.000230359,-0.886882591,1.09230444,0.141356492,0.000237505,-0.275809079,0.443184888,0.041372594,0.000222877,-0.976998104,1.074266697,0.141222511,-0.000260714,-0.277699254,0.619119115,0.046058383,0.000152018,-0.670102457,1.05251771,0.120970421,0.000638275,-0.287054537,0.339247837,0.039746343,0.000199418
408,H,0,0,0.429568962,0.228925708,0.219557494,0,11.19756417,8.320149203,7.929927473,1.99E-06,8.700578128,1.698561877,0.706393553,0.375776383,10.9905912,6.214625266,5.981828366,0,11.15681831,5.035721925,4.577377716,0.117992749,11.54266117,6.305716055,5.950940683,0,10.47415108,3.171993556,2.46388551,0.017502684,8.834268764,2.928531609,2.189364207,0,11.38036726,2.736777296,1.919140294,-0.45330749,0.525339992,0.083418634,0.000657518,-0.282591782,0.326306781,0.045359073,5.54E-05,-2.476075293,2.231631097,0.352927443,0.00266456,-1.121392617,1.518230288,0.16203857,3.38E-05,-1.890455869,1.809314587,0.205964036,-0.000111411,-0.7898768,0.838301476,0.093880736,-1.55E-05,-2.195455985,1.667108958,0.370399908,0.000838654,-1.065321584,1.201889403,0.221046046,0.000183377,-2.29897557,2.636784556,0.40487146,-0.001070391,-1.541894153,1.460932156,0.226821181,-0.000129802,-3.134141065,2.373389397,0.426084285,0.001348609,-1.773879152,1.343970643,0.249060435,-1.24E-05,-0.647958165,0.820739544,0.126918324,-0.000194218,-0.138118424,0.306291803,0.026365591,8.79E-07,-0.801340516,0.649960064,0.114104744,-0.000552131,-0.15036808,0.544358232,0.031532418,-2.13E-05,-0.55795214,0.876563364,0.133552932,0.000255461,-0.152327134,0.409778869,0.030685705,2.07E-05
408,H,1,0.051418586,0.429568962,0.243101925,0.236435713,0.043875533,11.30205899,8.283592612,7.906657718,1.99E-06,11.04334992,1.947064132,0.741479734,0.694166468,10.9905912,6.120372118,5.9113936,0.039618581,11.26316069,4.971662907,4.523218482,0,11.45488715,6.537540135,6.211525121,0,10.47415108,3.131980141,2.403304897,0,8.405700293,2.830759773,2.093602841,0,9.670655763,2.737954417,2.019111484,-0.390465026,0.438234383,0.078217641,0.000222559,-0.209875753,0.200024806,0.043176804,2.56E-06,-2.476075293,2.053097278,0.356768761,0.000618604,-0.87180365,1.166743583,0.16173718,7.59E-05,-2.271083079,1.809314587,0.241756567,8.90E-05,-0.7898768,0.967191259,0.106458009,-0.000194248,-2.195455985,1.667108958,0.385789801,3.40E-05,-1.065321584,1.201889403,0.231459282,-2.80E-05,-2.401148998,2.066940526,0.390917453,0.000782299,-1.406396111,1.218210689,0.222846225,-0.000174019,-2.727475965,2.479454558,0.421216681,-0.000622909,-1.400030196,1.492230562,0.248121083,0.000366441,-0.729732566,0.820739544,0.136223387,0.000673781,-0.192555165,0.306291803,0.028684904,3.01E-06,-0.58415454,0.872306823,0.132012737,0.000321512,-0.181367082,0.481031157,0.034088234,-1.37E-05,-0.748521572,0.876563364,0.134577144,0.000708741,-0.199107729,0.634319616,0.035428475,1.11E-05
408,H,2,0.026375688,1,0.257824,0.240891699,0.064566438,11.30205899,7.989414269,7.581040638,4.20E-06,11.4897156,1.905216606,0.68953264,0,11.19630076,5.898405948,5.640608631,0.039618581,11.26316069,5.172674666,4.679680931,0,11.60271254,6.604435361,6.232150839,0.037771964,11.66970396,3.981494888,3.260422995,0,11.66970396,3.987738505,3.176631909,0.016513604,10.02033826,3.16992357,2.38421228,-0.583613899,0.531573903,0.092890999,-6.66E-05,-0.214275449,0.200024806,0.046741738,3.26E-05,-2.64121409,2.053097278,0.391279411,0.000364346,-1.050731165,1.178919871,0.176277642,0.000228442,-2.271083079,1.976211726,0.238920922,-0.000189517,-1.071442712,0.967191259,0.10512832,2.45E-05,-1.963465174,1.647345043,0.398328354,-0.00031677,-0.921818423,0.993420402,0.22897952,-5.30E-05,-2.401148998,2.193692588,0.427647957,0.000238872,-1.406396111,1.292948735,0.241521871,2.72E-05,-2.727475965,2.479454558,0.438502843,-0.000750217,-1.400030196,1.492230562,0.262055003,0.000132726,-0.796215377,0.837207445,0.148326506,0.000240672,-0.192555165,0.400763708,0.032061691,-4.95E-05,-0.743252891,0.917418105,0.155701772,0.000235871,-0.190959459,0.495547823,0.038563955,-5.56E-05,-0.748521572,0.866356687,0.144218521,0.000219557,-0.199107729,0.634319616,0.039031973,-3.34E-05
408,L,0,0,0.919438831,0.555813556,0.542591531,0,12.14130961,9.266234289,9.054257452,1.76E-05,11.85164643,2.357331604,0.90785542,0,10.33349291,5.342371226,5.053304852,0.568294532,10.05370912,4.374238772,4.063547393,0,11.78453487,6.945852568,6.617547543,0.079293475,12.1606514,2.868060166,2.189780022,0,12.17013687,3.65895563,2.899250452,0,11.0045722,2.225203499,1.391170378,-1.939171621,1.894986915,0.270177578,-0.000532341,-1.067094295,1.18744893,0.155660204,0.000446588,-2.627862252,2.154581029,0.325431956,0.000317363,-1.131241406,1.417425177,0.151782071,-0.000136157,-2.465233221,2.079565561,0.274440104,0.001369748,-1.344258475,1.024692807,0.122631863,-7.36E-05,-1.793910855,1.490389528,0.372846187,0.001527558,-0.916918913,0.96230758,0.217352675,-0.000653067,-2.325077342,2.277716187,0.370669796,-0.000204326,-1.235869704,1.329676491,0.207069042,-0.000447897,-2.741677882,2.652807652,0.434416883,-9.16E-07,-1.954278355,1.187439866,0.256021855,0.000227353,-0.594081236,0.943254594,0.090222863,-0.000309222,-0.160633253,0.204215065,0.020970681,2.16E-05,-0.715539368,0.801441706,0.102869311,-0.000793738,-0.18319464,0.53512123,0.031310066,5.53E-06,-0.54305604,0.928999609,0.092342848,0.000195439,-0.173251322,0.278163534,0.02442163,8.47E-06
408,L,1,0.057190237,0.900295343,0.543482905,0.533432618,0,11.53864583,9.395459411,9.254311265,0,11.5696024,1.761344161,0.647414919,1.158862473,11.54176136,6.393062039,6.106176422,0,10.05370912,3.835057482,3.509935617,0.89910421,11.78453487,7.67764564,7.430235151,0.079293475,10.54430712,2.152400587,1.716915307,0,10.12861338,2.608731048,2.090778239,0,9.899394455,1.783829827,1.218093228,-1.281265551,1.894986915,0.248261387,0.000603316,-1.067094295,1.014698295,0.143732015,-1.49E-05,-2.517051236,2.002074425,0.275749162,0.001983438,-1.131241406,1.149793433,0.128609538,0.00021766,-2.190314973,1.954107165,0.196797905,-5.85E-05,-1.344258475,1.024692807,0.095450987,3.60E-05,-1.925685213,1.509648796,0.377735302,0.000475609,-1.12658191,0.846393431,0.217739834,-4.44E-05,-2.561777156,2.746109409,0.360179029,-0.001766312,-1.865115732,1.329676491,0.202412336,8.89E-05,-2.921084726,2.774472324,0.432896123,0.001062084,-1.954278355,1.395044416,0.256474246,-4.57E-07,-0.824918792,1.013400369,0.084685734,-0.001948651,-0.208861683,0.441343017,0.023453293,4.08E-05,-1.013254534,1.369123971,0.104878892,-0.001075685,-0.289646902,0.948596031,0.039145477,7.73E-05,-0.766807827,0.89407749,0.085727987,-0.002090022,-0.196406789,0.517429228,0.025347989,1.92E-05
408,L,2,0.057190237,1,0.53439567,0.519027721,0.376987292,11.53864583,9.359710621,9.151950606,0,4.921484103,0.848796266,0.331496998,1.288804073,11.54176136,6.85279895,6.616201693,0,11.2438528,4.171838439,3.792132251,0.840890306,11.60788825,7.494462496,7.256574044,0,10.61208857,2.621098162,2.043928244,0.001834171,10.12861338,2.464525865,1.88541233,0.04061736,10.50861933,2.495968104,1.809790145,-1.281265551,1.800765164,0.242890196,-0.000103661,-0.890625938,0.747351661,0.138607746,-0.000243177,-2.135655776,2.372615183,0.275352504,0.000340254,-0.888756732,1.085683718,0.123928548,0.000291946,-0.499887726,0.413931528,0.084163803,-0.001299166,-0.244065298,0.284434537,0.054651062,2.02E-05,-1.925685213,1.509648796,0.387320717,0.000265308,-1.12658191,0.846393431,0.227934987,0.000531736,-2.561777156,2.746109409,0.351330374,0.000165614,-1.865115732,1.158540305,0.199718149,0.000187276,-2.921084726,2.774472324,0.416877877,5.40E-05,-1.550081599,1.395044416,0.248998275,-8.14E-05,-0.824918792,1.013400369,0.117259754,-0.000137081,-0.208861683,0.776740332,0.031297952,3.74E-05,-1.013254534,1.369123971,0.132495069,8.75E-05,-0.289646902,0.948596031,0.046033467,6.04E-05,-0.766807827,0.89407749,0.116690347,-0.000273518,-0.204523454,0.665202536,0.031687303,2.17E-05
408,M,0,0.025358982,0.737242359,0.54709157,0.531004976,0,11.63516941,8.700215417,8.437560174,0,11.48827418,1.53014611,0.468787081,0,10.72677756,5.940248698,5.728312842,0,11.10733424,5.5092326,5.14713758,0.206013525,11.60599703,6.451193175,6.177672424,0.064397713,11.50091335,3.162726823,2.373366898,0.005085966,11.72446271,3.195748608,2.362028983,0.028794912,11.51851296,2.31865699,1.392582615,-1.042854994,0.855233779,0.129596704,0.000760883,-0.552473678,0.53582334,0.071597738,6.43E-06,-2.440770884,1.9093113,0.331019636,0.000858324,-1.115489777,1.189099247,0.15318802,0.000268711,-1.921821235,2.01860143,0.179415382,6.60E-05,-0.717824839,0.820578901,0.081087553,2.42E-05,-1.582510019,1.616630476,0.360344193,0.001065617,-0.913831623,1.089459696,0.206653733,0.000338557,-2.461168584,2.274522396,0.388181418,-0.000480207,-1.080215585,1.215055038,0.215386244,-1.11E-05,-2.618195862,2.173795589,0.402912849,-0.000209911,-1.353966334,1.107611024,0.233931213,0.000124448,-0.460829575,0.989504973,0.098381098,-0.000582219,-0.163678577,0.301356556,0.022775833,1.76E-05,-0.492468542,0.561531056,0.085659674,-0.000804428,-0.104191463,0.367378053,0.024722281,1.17E-05,-0.388679811,1.05657656,0.10360247,4.17E-05,-0.175934834,0.298837165,0.025430129,3.13E-05
408,M,1,0,0.93729119,0.591097578,0.572408962,0,11.32116246,8.863204084,8.604463817,1.49E-08,8.768283167,1.380904207,0.438498291,0.334287679,10.84072136,6.161566874,5.95993845,0.784094421,11.93371709,5.746185622,5.411432313,0,10.99019989,6.299387388,6.052858452,0,8.375106552,2.935124298,2.369402915,0.004396736,10.76662916,3.166999651,2.323320958,0.020254689,8.236612254,1.95563773,1.399569504,-0.740729929,0.748756276,0.111890181,-0.000178626,-0.290231972,0.407582367,0.061040929,-1.73E-05,-2.368157705,2.099891521,0.341723378,-0.002122587,-0.999831229,1.492909925,0.15599354,0.000223351,-1.652962407,1.411848557,0.132985195,-3.50E-05,-0.550232261,0.63393109,0.059583065,-3.11E-06,-1.582510019,1.616630476,0.363701645,-0.000757191,-0.814748786,1.089459696,0.209137222,7.70E-06,-2.60509853,3.179149529,0.405615246,0.000555723,-1.649702835,1.269832101,0.229863459,-6.92E-05,-2.586560032,2.587386684,0.406117178,-0.000264053,-1.399357952,1.572280379,0.2375691,9.65E-05,-0.553719409,0.92058002,0.106233388,0.001040426,-0.211409574,0.383925881,0.026134252,0.000150417,-0.601334459,0.660117684,0.102512225,-6.01E-05,-0.145905555,0.546590869,0.030939868,0.000152115,-0.54163929,0.923983137,0.107704396,0.001327484,-0.220943902,0.375567686,0.027745235,0.000134081
408,M,2,0,1,0.625972094,0.610310933,0.098708417,11.55876964,8.678494045,8.38471107,3.12E-06,8.975038272,1.813933897,0.700312234,0.827886857,11.35747816,6.362875909,6.123677647,0.834604522,11.93371709,5.4564485,5.051217082,0,11.67404725,6.667032349,6.403771717,0,9.41120343,3.138502533,2.598915033,0,10.76662916,3.242379297,2.378971933,0,8.212698031,2.232288951,1.735793546,-0.740729929,0.748756276,0.116202008,-3.75E-05,-0.332534481,0.407582367,0.064129534,8.78E-07,-2.510189095,2.261068213,0.366951468,0.000328511,-1.16036448,1.492909925,0.170990781,0.000103321,-1.903016641,1.553411457,0.189459006,-4.67E-05,-0.572332944,0.648657032,0.081440822,8.70E-07,-1.460958472,1.378906389,0.355883532,-0.000464316,-0.717457159,0.788395687,0.205906361,-0.000510693,-2.60509853,3.179149529,0.399651905,0.000333569,-1.649702835,1.269832101,0.227358321,-0.000154842,-2.586560032,2.587386684,0.400861848,-0.00012182,-1.399357952,1.572280379,0.231877501,0.000162885,-0.553719409,0.92058002,0.112431722,-0.000431261,-0.211409574,0.383925881,0.027784204,3.77E-05,-0.625772066,0.660117684,0.112434948,-0.000836035,-0.161747108,0.546590869,0.032596712,2.58E-05,-0.644000401,0.918841475,0.116573032,0.000102275,-0.220943902,0.567648615,0.032996415,2.00E-05
409,H,0,0.030602157,1,0.517830466,0.474825086,0,12.07757252,9.378853891,9.009825122,0,11.95873502,2.448457435,1.280840126,0,10.42601027,6.517824712,6.25692503,0.494681318,11.24379714,5.264160108,4.710643223,0,11.60297197,6.971248154,6.708965189,0.169268012,9.567008321,4.279659498,3.886631288,0.043752243,10.93041549,4.202775539,3.492280279,0.061982674,9.431151964,4.173459154,3.517046988,-2.037018411,1.968849494,0.35292584,0.0004614,-0.973999701,1.338237579,0.201387416,0.000251986,-2.850974633,2.281651934,0.321327045,-0.002633028,-1.223655727,1.111157276,0.138766538,-3.09E-05,-2.928807374,1.565419493,0.249761753,0.000548866,-1.160846831,1.026440321,0.114310379,-3.08E-05,-2.316831956,1.483797757,0.377854632,0.000978311,-0.977100997,1.095770814,0.22379927,-0.000216016,-2.574821439,2.586424323,0.421366831,0.001078193,-1.217886732,1.466795595,0.24126384,0.000406741,-1.869784434,2.024882587,0.357562769,-0.001243559,-1.159351491,1.035850629,0.209801938,-0.000150268,-0.6310942,0.755296254,0.114930843,0.000135527,-0.211216002,0.245727988,0.030119589,-2.19E-05,-0.774183923,0.793200391,0.132780656,0.000575732,-0.149624401,0.346149089,0.031863012,-1.40E-05,-0.914122471,1.337169451,0.153150029,-5.23E-05,-0.326262547,0.670277134,0.046487008,-3.86E-05
409,H,1,0.048604293,0.942189128,0.597228515,0.564120043,0.130141703,12.08723871,9.539673998,8.994493955,0.001193235,11.95873502,2.55256463,1.753173959,0,11.33799848,6.949777116,6.704025979,0.545581649,12.01987095,5.965568503,5.561362817,0,11.60297197,6.570036794,6.320753092,0.165834309,9.567008321,3.875844368,3.406275614,0.038859252,10.93041549,4.257969336,3.604032958,0,9.431151964,3.46996769,2.550649655,-2.037018411,1.968849494,0.368160089,-0.000359879,-0.973999701,1.338237579,0.211626042,-0.000150619,-2.631990844,2.281651934,0.377192324,-0.000279794,-0.898174667,1.095299105,0.156325415,-0.00020951,-2.928807374,1.496945634,0.232194889,0.000545924,-1.160846831,1.026440321,0.112869219,-6.70E-05,-2.316831956,1.670819283,0.390726933,-0.000366998,-1.166979176,1.095770814,0.226778394,-0.000260671,-2.574821439,2.586424323,0.440582947,0.00019961,-1.217886732,1.466795595,0.247805454,-5.93E-06,-2.169229587,2.024882587,0.357087311,0.000378178,-1.159351491,1.155908591,0.206014786,0.000146987,-0.6310942,1.011788612,0.130731479,-9.53E-06,-0.24893272,0.571212686,0.03433585,1.18E-05,-0.830694914,0.950147086,0.164901468,0.000180872,-0.230976824,0.755474651,0.046013101,-1.19E-05,-0.744938895,1.011962601,0.152183086,-0.00010645,-0.2430387,0.609609787,0.041524146,2.14E-05
409,H,2,0,0.942189128,0.55820701,0.519107794,0.130141703,12.08723871,9.655998319,9.245326512,0.000415411,9.214695573,2.673160706,2.060506603,0.697116863,11.8705032,7.115465306,6.874497704,0,12.01987095,5.432867073,4.945109482,0.043334533,11.62924188,7.030639527,6.766236369,0,12.24942142,3.766441594,3.122375597,0,11.76383653,4.660122343,3.779034808,0,12.23921411,2.879171945,1.943587879,-1.733248675,1.571372455,0.35225149,0.000500619,-0.941455929,1.194779248,0.201621912,-3.95E-05,-2.463369021,2.081540499,0.336503108,0.002325216,-0.907702868,1.095299105,0.139889636,6.77E-06,-1.521145215,2.253227554,0.221021656,1.25E-06,-0.893214922,0.865982214,0.113425923,-1.53E-05,-1.978009864,1.674748131,0.380851531,0.001403346,-1.166979176,0.893818046,0.222466243,-9.61E-05,-2.575935669,2.914367629,0.413555156,-0.000682044,-1.81408751,1.30368566,0.22777604,5.79E-06,-2.169229587,1.752169905,0.343166782,0.000741156,-1.138788732,1.155908591,0.19693927,0.000108335,-0.59770984,1.011788612,0.128279258,-0.001538756,-0.24893272,0.571212686,0.033548091,-2.02E-06,-0.830694914,0.950147086,0.153351521,-0.00119651,-0.245902591,0.755474651,0.044065464,-4.27E-05,-0.744116747,1.534391238,0.15172055,-0.001624,-0.32218572,0.706144372,0.043668636,2.51E-05
409,L,0,0,1,0.563331544,0.546270433,0,11.91604849,9.615917758,9.262304907,3.67E-05,11.99565987,2.578838127,1.285782274,0.591335411,12.0487762,7.275097882,7.051795114,0,11.78296432,5.087916177,4.598544095,0.294539821,11.70032462,7.36643895,7.157043768,0,8.865216765,3.477200535,2.729414874,0,11.90308971,3.591812629,2.704299311,0,8.724854214,2.889276217,1.992198963,-1.2457773,1.4854586,0.241232763,0.000663808,-0.877721215,0.762245066,0.139521901,3.45E-05,-2.585684015,1.973809598,0.306485484,-0.002279199,-0.837260757,0.938107116,0.128559749,-9.64E-06,-2.222605337,2.616635522,0.274586669,5.92E-05,-1.111993655,1.023243254,0.135116755,6.40E-05,-2.178933147,2.349915591,0.388533481,-0.000344479,-1.432578601,0.986485735,0.222755276,-0.000378879,-1.913132087,2.584037514,0.371439518,0.001736755,-1.201318446,1.147759849,0.204726541,0.000208089,-2.666786279,1.911185082,0.347438579,-0.001429739,-1.368326988,1.180271788,0.206496882,0.000297615,-0.815197348,1.009099378,0.126788017,0.000707195,-0.220049653,0.369473666,0.03228309,-8.87E-05,-0.801383285,0.801383398,0.126238459,0.000546143,-0.180886294,0.505285382,0.034292719,-6.30E-05,-0.899397038,1.326439421,0.14237427,0.000709253,-0.245839752,0.752116744,0.041459167,-9.17E-05
409,L,1,0.150690045,1,0.578842132,0.564369934,0.524351263,11.71762375,9.778935656,9.446812806,0,11.99565987,2.562545893,1.270125759,0,11.09804709,6.617695352,6.409875394,0,11.63874906,5.060353868,4.543973274,0.294539821,11.70032462,7.48519822,7.24413861,0.059090627,12.4376271,3.370771241,2.512613162,0.03139045,11.90308971,3.399564857,2.346409144,0,12.44098086,2.855056581,2.004118483,-1.2457773,1.198077684,0.235160165,0.000275153,-0.72461085,0.736690702,0.135683997,-0.000151476,-2.414383,2.070392159,0.289269065,-0.000312128,-0.766084393,1.248501438,0.122512516,-7.33E-05,-2.222605337,2.616635522,0.271025444,-2.10E-05,-1.111993655,1.023243254,0.132889286,1.03E-05,-2.625035173,1.69787257,0.360745318,0.000858046,-1.014638951,1.287873699,0.208466561,-0.000160439,-1.913132087,2.144322471,0.360278667,0.000623973,-0.999745998,0.956766852,0.199074216,0.000117696,-1.675759381,1.65785259,0.335817029,-0.000350611,-0.736969756,0.977509075,0.194189748,4.15E-06,-0.562839447,1.001033303,0.112395336,0.00071391,-0.220049653,0.395636252,0.027902667,1.34E-05,-0.801383285,0.838520511,0.119257777,0.001149544,-0.217508369,0.505285382,0.032423603,1.45E-05,-0.671982575,1.082897753,0.115687657,-0.000142347,-0.220161123,0.495377095,0.0324006,1.77E-05
409,L,2,0.150690045,0.938858549,0.53246798,0.516716367,0.41638078,11.94123027,9.693922947,9.189625512,0,0.969280798,0.258616872,0.165459734,0,10.91317615,6.314728371,6.011363465,1.036644002,11.70345457,5.484177074,4.94756084,0,11.61140182,7.341978799,7.034220566,0.059090627,12.4376271,3.036757702,2.51616108,0.058783378,8.614931403,2.985935808,2.397272375,0.049760551,12.44098086,2.665406606,2.015901044,-1.419161112,1.198077684,0.236995891,-0.001011095,-0.6813993,0.726778499,0.137182645,-0.000179163,-2.48777376,2.366933584,0.343843973,0.002412982,-0.844670848,1.404715945,0.142971382,-2.27E-05,-0.343923435,0.331904072,0.086198333,-2.51E-05,-0.235729649,0.195442347,0.059143568,-6.70E-05,-2.625035173,1.69787257,0.36747705,0.000190097,-1.020919941,1.287873699,0.213275591,9.15E-05,-2.139720416,2.229088855,0.373585957,-0.000560993,-1.045000646,1.112561891,0.202790822,-1.02E-05,-2.44826311,2.502270732,0.367544817,0.00093029,-0.990526179,1.098480489,0.209506352,-0.00016513,-0.628211194,0.681865076,0.108853485,-0.001381549,-0.172460812,0.395636252,0.028865804,0.000107268,-0.813118699,0.838520511,0.121937544,-0.000824835,-0.22196341,0.635994661,0.042162149,0.000105266,-0.642821956,0.868414027,0.122896768,-0.001399948,-0.184577985,0.495377095,0.035523758,9.60E-05
409,M,0,0.174980982,0.998648592,0.65533458,0.639112304,0.124014865,11.99633211,9.387289542,8.908426501,0,0.953454364,0.228010735,0.129234197,1.669826888,11.85740134,8.160510085,7.969396873,0,11.87984755,5.358536412,4.848414592,0,10.94613282,6.604516784,6.343963201,0,9.54310081,3.431452126,3.001000516,0,6.109888524,2.950396241,2.574613589,0,11.97168348,2.874690436,1.87271322,-1.526271742,1.530121623,0.265993835,-0.000980844,-0.935939739,0.722036064,0.152117778,0.000148859,-2.472732369,2.037320047,0.304584776,0.000227754,-0.86030374,1.323443141,0.125522671,-0.000104253,-0.300738717,0.304892413,0.074095279,1.18E-06,-0.222697944,0.203557094,0.050090781,8.11E-06,-1.364084367,1.32823927,0.321916459,0.00144088,-0.745851911,0.768802393,0.194552498,-0.000225694,-2.543104633,2.418239081,0.370798352,0.000186622,-1.313147735,1.310064783,0.207064401,0.000123274,-1.731719944,1.85561143,0.33232971,-0.000546165,-0.891669994,1.083409006,0.197396487,0.000285083,-0.527953266,0.956373079,0.10222119,0.000765062,-0.18077047,0.355283658,0.027748389,1.79E-05,-0.563402206,0.599089695,0.079747571,0.00080258,-0.157000544,0.400879178,0.024582072,-1.24E-05,-0.571571341,1.23257692,0.131208272,0.000289217,-0.26825983,0.421440505,0.036855998,5.79E-05
409,M,1,0.174980982,1,0.602823635,0.580478409,0.164368465,11.72345663,9.437366196,9.015857829,2.46E-08,11.53837021,1.992412992,0.744139651,0.933147096,11.85740134,7.493585792,7.132534167,0.183446843,11.87984755,5.170540284,4.685357451,0.092417496,11.53098717,6.715972899,6.431114056,0.092304031,12.0440644,4.647497134,3.994518126,0,11.95882715,4.027476032,3.344327032,0.039070758,10.22668813,3.70827546,2.844767985,-1.526271742,1.530121623,0.278834757,-0.000206352,-0.935939739,0.722036064,0.155766519,1.99E-05,-2.472732369,2.037320047,0.318653938,-0.000458402,-0.813320545,1.323443141,0.131504375,-4.26E-06,-2.718671532,2.295747799,0.257109839,0.000198772,-1.215782192,1.403926111,0.122856963,4.42E-06,-1.538707021,1.433828534,0.351457056,-0.001095854,-1.031309774,0.81106178,0.208946228,-9.91E-06,-1.744150051,2.152537192,0.356251223,0.000369272,-0.865716528,1.054937795,0.192746555,3.97E-05,-1.724410548,1.85561143,0.344370362,-0.000369645,-0.886366168,1.114825758,0.203337423,4.16E-05,-0.527953266,0.940264541,0.118373403,-0.000325261,-0.139339666,0.323381567,0.028127668,1.71E-05,-0.563402206,0.694031741,0.109338456,-0.001070761,-0.157000544,0.400879178,0.028016493,-1.98E-06,-0.571571341,1.23257692,0.130991851,0.000975516,-0.26825983,0.421440505,0.035946839,3.77E-05
409,M,2,0,1,0.527796904,0.50106835,0.162538254,11.72345663,9.400398314,9.018919593,8.90E-06,11.53837021,1.991132984,0.739267061,0,11.5243445,6.375247872,5.948638711,0.183446843,11.45347782,5.047033843,4.598241604,0.262483537,11.53098717,6.668412148,6.387652685,0.118281268,12.0440644,4.766256305,4.087706932,0.004695533,11.95882715,4.039834569,3.289622295,0.20118668,12.01305325,3.909199981,3.232218851,-1.446244647,1.327062765,0.26748827,0.00037339,-0.988193824,0.76280646,0.153602193,-0.000183197,-2.630912984,2.364855692,0.293188299,-0.00019202,-0.986743394,1.053708585,0.126305878,-1.26E-05,-2.718671532,2.295747799,0.256490029,0.000108637,-1.215782192,1.403926111,0.122466769,3.10E-05,-1.538707021,1.495159055,0.359454093,1.61E-05,-1.031309774,0.81106178,0.211169203,-9.86E-05,-1.864227135,2.056047073,0.32866747,0.000285667,-1.010713118,1.041984484,0.178470276,6.69E-05,-2.127092565,2.367382875,0.333739254,-0.000185105,-1.096907208,1.114825758,0.197681765,-4.71E-05,-0.488769055,0.826246836,0.114753495,-0.000324907,-0.174531139,0.311015658,0.027496011,-1.05E-05,-0.52029611,0.694031741,0.099861975,-0.000554303,-0.114169114,0.345818259,0.022806423,1.11E-05,-0.857157388,1.206798815,0.137860578,0.00024915,-0.274550293,0.660981408,0.041634763,-2.05E-05
410,H,0,0.075262611,1,0.840081085,0.834849673,0.354549269,12.69550291,6.505322815,6.174904782,9.72E-05,9.236343497,1.405053842,1.055294745,0,11.21208119,7.837147394,7.802294103,0,12.02252447,7.450137767,7.374922776,0.01316613,10.60577789,1.514928619,1.380430146,0.013903636,12.46437697,3.68970958,2.728924013,0,10.82598437,3.11959076,2.007145677,0,12.46703288,3.39592546,2.417088426,-2.86635179,2.593790743,0.235136728,-0.000423646,-0.957408056,1.762750811,0.137250418,0.001095515,-3.057222712,3.012774104,0.332842784,0.002354169,-2.199576463,1.443598037,0.171011995,-4.97E-05,-2.422225678,2.649807533,0.31141855,0.000169515,-1.858647579,1.074809785,0.201232448,-0.000168078,-3.388012662,3.012828286,0.218272336,0.000172204,-1.867541895,2.367877806,0.141993096,8.60E-05,-3.401373004,3.55202089,0.226733262,-0.000464346,-1.794537398,2.460247509,0.146448416,-0.000189219,-3.900586375,3.962702104,0.21140235,-6.13E-05,-2.833078632,2.097630288,0.141876343,0.000139078,-0.653773138,0.686932264,0.128173201,-0.001312959,-0.136496302,0.425247877,0.028620175,-0.000300986,-0.756929525,0.846290734,0.155277289,0.000336056,-0.156993572,0.583763059,0.036253667,-0.000369222,-0.546524929,0.657711006,0.117117291,-0.001703589,-0.159994045,0.511810214,0.032661335,-0.000225887
410,H,1,0.075262611,0.957561263,0.850541647,0.845888725,0,12.69550291,6.920821129,6.748381895,0,6.204561096,1.224461631,0.913860812,0,11.21208119,7.718949236,7.687766372,0,12.02252447,7.222500734,7.157678559,0.01316613,10.60577789,1.559916663,1.451761528,0.013903636,12.46437697,2.921837327,2.104718938,0.042235759,9.842952842,2.498047198,1.697105069,0,12.46703288,2.690045221,1.839509904,-2.86635179,2.593790743,0.219046369,0.000143382,-0.957408056,1.762750811,0.126335905,0.000937996,-3.057222712,3.012774104,0.298491071,0.002844569,-2.199576463,1.443598037,0.15507624,-1.00E-05,-1.581928716,1.352302862,0.277574789,-0.000434893,-1.071671126,0.785992166,0.184464406,1.34E-06,-3.388012662,3.012828286,0.185915759,-0.000590954,-1.867541895,2.367877806,0.120182841,0.000126936,-3.401373004,3.55202089,0.196894209,-0.000421343,-1.794537398,2.460247509,0.125395597,-0.000334065,-3.900586375,3.962702104,0.179283634,0.000217534,-2.833078632,2.097630288,0.119329335,0.000195418,-0.629165669,0.636959945,0.099632144,-0.002098528,-0.136496302,0.317260435,0.020824053,-0.000176961,-0.662868794,0.77480954,0.11955823,-0.001818803,-0.149546613,0.403054757,0.028726644,-0.000237249,-0.509915515,0.647846861,0.091061372,-0.001870795,-0.147766269,0.44713656,0.022842328,-0.00013245
410,H,2,0,0.941362033,0.849020865,0.847067748,0,9.764829269,6.912312574,6.728771247,0,11.09542444,1.265789319,0.86193665,3.451817706,10.57042262,7.802904603,7.776414108,3.706485299,12.54259381,7.219302903,7.168597522,0,7.560830226,1.469361446,1.374980844,0,10.44671957,2.615728234,2.035545788,0.015265108,8.954833279,2.421756789,1.827525348,0.037984331,9.432278655,2.326778561,1.684044302,-2.82931643,2.585753811,0.116793465,-0.000821137,-0.971074289,1.479666077,0.059941281,0.000196859,-3.213142584,2.895856105,0.285909574,-0.001130552,-2.183317246,2.069379857,0.165338019,0.000273443,-1.939754508,2.444185072,0.299844921,-0.000288047,-1.273424432,0.839609251,0.191962472,-0.000113749,-0.994355941,2.34230477,0.112869063,-3.00E-05,-1.229558156,1.108612133,0.069212789,2.12E-05,-1.664051681,2.115965271,0.146910867,5.22E-05,-1.132610934,0.95420502,0.080730504,-0.000210725,-2.533857224,1.447229612,0.114266113,-9.48E-05,-1.222305952,1.348998436,0.070657513,4.87E-05,-0.578502348,1.00117476,0.106465938,0.002093362,-0.20903999,0.523631866,0.027993909,-0.000206799,-0.618243956,1.111554789,0.120194367,0.002250381,-0.170924237,0.754026316,0.037095848,-0.000193559,-0.530595398,0.796429609,0.098163675,0.001579182,-0.202820728,0.479884797,0.027157017,-0.000183354
410,L,0,0.10813286,1,0.637505011,0.63300982,0,11.49500738,6.588796103,6.340278859,0,10.50760898,1.308019177,0.943870295,0,11.49500738,5.601558763,5.559253256,0,11.49500738,5.073992502,5.001156326,0.006126892,11.49328677,2.28180416,2.187233373,0,11.54233876,2.252855596,1.336553825,0.01768671,12.15982356,2.366250028,1.370787133,0,11.60565035,2.125550316,1.191113166,-1.989432202,1.47178805,0.108746421,-0.00012491,-1.097463721,1.419288058,0.067203566,0.000106796,-3.846622084,2.830164575,0.310699206,0.000174553,-2.267076117,1.648423701,0.171221369,0.000634804,-2.40842534,2.781846953,0.266632624,0.000127579,-1.295438127,1.209724187,0.157666822,2.67E-06,-2.267216195,2.225639291,0.182334436,-0.000398411,-1.221471002,1.624368019,0.113463718,0.000202248,-2.28425429,2.03948435,0.202502788,-0.000411957,-1.17441433,1.54582861,0.122355691,0.000236305,-3.051446834,3.298619991,0.209352319,0.000445314,-2.268965117,1.672546885,0.138103727,-9.02E-05,-0.494089469,0.490458852,0.067311246,-0.001270158,-0.115549736,0.378455322,0.0173278,-5.69E-05,-1.020594456,0.579595869,0.098739321,-0.002185276,-0.248496702,0.584063673,0.02815266,-1.26E-05,-0.431703592,0.859775097,0.072184862,0.000549342,-0.148278307,0.208615758,0.019698464,-0.000126726
410,L,1,0,0.768584158,0.657248901,0.654399628,0.041538706,12.09470663,6.864378467,6.683865324,0.000443419,10.50760898,1.210401239,0.799432638,2.124956839,7.683396909,5.656678909,5.630955831,2.962910507,9.444398434,5.055141056,4.984378487,0,6.299109969,2.254998907,2.175529258,0.01304679,6.897168778,1.483326133,1.114381584,0.022936624,5.75055354,1.423257267,1.083539674,0.000456721,7.354825467,1.508264171,1.02543183,-2.674385423,2.244737602,0.132841076,4.43E-05,-1.097463721,1.91171324,0.08681776,0.000328657,-2.127503484,3.903836349,0.295702764,0.000730814,-2.097543175,1.573076053,0.162234947,0.000280787,-2.40842534,2.781846953,0.257976482,-6.64E-05,-1.295438127,1.209724187,0.151614909,8.66E-05,-2.114480994,1.865711556,0.13842321,-0.000595188,-1.031847503,1.614029305,0.087000004,6.17E-05,-1.743440897,2.03948435,0.179109374,-3.62E-05,-1.10880435,1.497700422,0.107923992,7.97E-05,-2.135695853,2.421478291,0.1553806,-4.30E-05,-1.901944675,1.114780993,0.097732354,-1.66E-05,-0.256864753,0.490458852,0.058122866,0.000123701,-0.100023859,0.196342399,0.01414168,-7.24E-05,-0.330140025,0.579595869,0.0647199,0.000136421,-0.091634654,0.365955835,0.01968866,-3.26E-05,-0.302437719,0.597311242,0.065625134,0.000113034,-0.115026147,0.211247525,0.017365538,-8.65E-05
410,L,2,0,0.77015474,0.675297861,0.673254332,0.041538706,12.09470663,7.002185465,6.792733912,0.000443419,1.8537513,0.790411166,0.623743427,3.540010944,7.474213193,5.612682388,5.586274511,3.044589233,8.040063764,5.041953121,4.971010258,0,4.42010933,2.267917781,2.189107196,0.035604832,4.377150012,1.30441976,1.090664854,0,4.002306018,1.231727485,0.947853616,0.033210136,4.93523858,1.347712081,1.043485016,-2.674385423,2.244737602,0.10751573,2.86E-05,-1.035377216,1.91171324,0.067966988,0.000170239,-2.127503484,3.903836349,0.282322252,0.002217117,-2.097543175,1.573076053,0.143091819,0.00015359,-0.630709877,0.591671735,0.178388022,0.000210315,-0.404466301,0.400039769,0.11784575,-7.40E-05,-1.385383009,1.216527451,0.120088816,-0.000326586,-0.589997529,1.030687857,0.069744601,7.30E-05,-0.978489744,0.764829957,0.168926108,-0.00018538,-0.455355261,0.564482834,0.098296556,6.56E-05,-0.977543718,1.301434908,0.141231997,0.000194813,-0.856389646,0.541546574,0.083180307,-3.88E-05,-0.256864753,0.476640706,0.053552843,-0.000288734,-0.088741764,0.254867093,0.015033022,1.24E-05,-0.330140025,0.397055453,0.059202048,-0.000668016,-0.075446413,0.248469342,0.019524945,7.59E-05,-0.302437719,0.597311242,0.063533264,-0.000123437,-0.113058788,0.325971992,0.018670502,-2.32E-05
410,M,0,0.03039267,1,0.736401686,0.731869862,0,10.94841942,5.594383362,5.262157925,0,10.46718808,1.410930616,1.023653757,0.843627396,11.41907088,8.265233939,8.234179964,0.272473255,11.95330062,6.581541515,6.434320139,0.288730696,11.56664594,2.599549818,2.503452211,0.039978504,9.416325363,3.206543228,2.506901824,0.020413903,11.40936392,3.037750378,2.306599571,0.001610128,9.184692902,2.821339923,2.043067645,-3.348956602,3.193859552,0.167470485,-0.000191751,-1.381818131,2.484633663,0.108160467,0.000420636,-1.881167911,2.97629435,0.272552239,0.00204491,-1.595990798,1.081654926,0.129491787,0.000319925,-3.38423861,3.352236136,0.319623236,0.000400004,-2.362024313,1.49689329,0.19885516,-0.000174026,-2.206166917,3.920767795,0.199732783,0.000185563,-2.17300192,1.823939492,0.123482011,6.65E-05,-2.186115104,4.226642168,0.261327187,-0.0012463,-2.264628412,2.070378961,0.149989334,5.28E-05,-4.153660627,1.960439426,0.191248325,0.000245975,-2.204493442,2.111772813,0.116573196,0.000177237,-0.743245515,0.741148245,0.104667322,-0.001002711,-0.147495744,0.228053247,0.023948437,-0.000119384,-0.586412454,0.899077403,0.115560156,-9.01E-05,-0.209698453,0.466778098,0.032514946,-9.86E-05,-0.812884079,0.802111926,0.100619704,-0.001119085,-0.165825544,0.282144478,0.024184228,-0.00011189
410,M,1,0.03039267,0.912792098,0.771242731,0.768241199,0.442055186,11.93315977,5.92668577,5.796397012,0.00037282,10.46718808,1.462703078,1.130846562,0.843627396,11.41907088,8.169873722,8.138609975,0.272473255,11.95330062,5.802835581,5.666223852,0.288730696,11.56664594,2.926692152,2.828417069,0.039978504,9.307355006,2.367327825,1.811292836,0.020413903,7.541458503,1.895987353,1.394383823,0,9.184692902,2.197181876,1.578242218,-3.348956602,3.193859552,0.168373269,-0.000107924,-1.381818131,2.484633663,0.110966571,0.00042273,-1.898612013,3.511072823,0.242474769,0.000751932,-2.051930608,1.4006813,0.12654652,-4.71E-06,-3.38423861,3.352236136,0.335867071,0.000251726,-2.362024313,1.49689329,0.210083282,5.92E-05,-2.360510134,3.920767795,0.208726028,-2.81E-05,-2.17300192,1.823939492,0.130013971,0.000307332,-2.186115104,4.226642168,0.263125805,-0.000437315,-2.264628412,2.070378961,0.153969835,-8.46E-05,-4.153660627,2.156440774,0.201686604,0.000120786,-2.204493442,2.111772813,0.123504286,-3.04E-05,-0.743245515,0.741148245,0.091855751,0.000385538,-0.151672874,0.332510466,0.022264476,-9.11E-05,-0.411594085,0.705016601,0.07733839,0.000340083,-0.11196141,0.312892324,0.021052593,-6.00E-05,-0.812884079,0.802111926,0.091610707,0.000309345,-0.165825544,0.384850163,0.023027504,-8.92E-05
410,M,2,0,0.923119874,0.792770786,0.791017546,0.679403733,11.93315977,5.808118538,5.736883128,0.00037282,2.230430319,1.086977153,0.906505524,3.635953046,10.85217988,8.111730309,8.08194428,3.440541982,11.71619034,5.16517395,5.049681071,0.53712553,7.013866326,3.205177016,3.137784119,0.033555753,5.865090609,1.641314202,1.429683659,0,6.248142187,1.377369316,1.048432263,0,4.879999326,1.535801618,1.310384124,-3.563726851,3.087487741,0.139979338,-0.000391516,-1.46244194,2.622093557,0.092539048,0.000337534,-1.898612013,3.511072823,0.179414026,0.000818639,-2.051930608,1.4006813,0.095209224,0.000200596,-0.728545015,0.743235174,0.255651237,-0.00031104,-0.515605764,0.512564115,0.16848495,4.86E-05,-2.360510134,1.690589508,0.157325922,-0.000298029,-0.940137731,1.547601522,0.091839909,9.76E-05,-1.838801863,1.261642165,0.195664954,0.000554452,-0.849929789,1.050483417,0.110997238,-0.000150911,-1.425737006,2.156440774,0.140935007,-0.000105757,-1.355130807,0.799302662,0.083993672,2.03E-05,-0.428487143,0.727652071,0.070238003,0.000110101,-0.151672874,0.389001873,0.022463154,-5.55E-05,-0.458155731,0.705016601,0.070834747,0.000583989,-0.150701088,0.322968498,0.021923901,-4.23E-05,-0.515200996,0.704197555,0.067918967,-0.000231193,-0.162504588,0.384850163,0.022858894,-5.05E-05
411,H,0,0.143917025,0.974670314,0.448689138,0.437747598,0,10.54583472,8.810741042,8.542650585,2.66E-05,8.536143788,0.970123828,0.436579127,0.13696216,10.02166277,5.541668164,5.132299247,0.857027316,10.78382265,4.293042018,3.954919008,0,10.40642032,6.423585534,6.242228592,0.142332478,9.906635209,2.967486679,2.482144978,0,6.989548854,2.154922758,1.69229243,0,10.66733044,3.297712146,2.683560624,-1.046506744,1.700786862,0.192032359,-0.000873821,-0.880822504,0.535152409,0.101488083,1.92E-05,-2.223887777,1.592967103,0.228151737,0.00018483,-0.793343412,0.985277581,0.099210228,0.000182633,-1.7407212,1.609610357,0.1701646,-7.98E-05,-0.617857074,0.702050908,0.084911201,7.27E-06,-2.174449712,1.702391349,0.389255771,-0.000140345,-0.952027589,0.909298214,0.21030476,0.000108942,-1.845266386,2.221098527,0.289697754,-0.000120117,-0.94362666,0.841868114,0.158659956,0.000224479,-1.743246117,1.645192559,0.364399654,9.01E-05,-1.042049504,1.132451476,0.220524642,0.000157174,-0.888579888,0.934057882,0.123259676,-0.0005734,-0.214639823,0.799615023,0.033380942,3.27E-05,-0.572704304,0.741698808,0.095055042,-0.000429484,-0.124273748,0.552300092,0.030607074,-4.69E-06,-1.129152608,1.126133935,0.151682491,-0.000585317,-0.257796046,0.914488443,0.045044113,3.61E-05
411,H,1,0.210499469,1,0.439830356,0.425840214,0,10.54583472,8.613441733,8.271276467,6.81E-06,8.536143788,1.312376133,0.570817223,0,10.47238826,5.66167756,5.231169881,0.841542985,10.38106638,4.45344148,4.038631909,0,10.40642032,6.601836805,6.420001031,0.046311691,9.55840292,3.235629016,2.659577661,0,7.87278433,2.127414966,1.693347828,0.128625715,10.66667862,3.690665963,2.951986352,-1.747768677,2.166548735,0.215246589,-0.000389987,-1.353044609,0.824952243,0.112399927,-0.000324495,-2.345494147,1.616749619,0.253651356,-0.000578381,-0.793343412,0.985277581,0.106983823,0.000292009,-1.7407212,1.609610357,0.210306164,8.34E-05,-0.660776432,0.70546446,0.096505235,4.06E-05,-2.382926051,1.758304557,0.387001125,0.00082582,-1.182614004,1.194023355,0.217812075,-9.77E-05,-1.905000595,2.221098527,0.304873886,-0.000421383,-0.94362666,0.957160339,0.166354567,1.69E-05,-2.058346029,1.645192559,0.381175923,0.001292213,-1.216179059,1.364264706,0.237181365,0.000204551,-0.888579888,1.100471929,0.1331292,0.00056146,-0.214639823,0.799615023,0.039970195,8.41E-06,-0.522147463,0.944543381,0.105664843,0.000567445,-0.16372111,0.613480037,0.034412764,1.75E-05,-1.129152608,1.063458375,0.152716097,0.000198509,-0.257796046,0.914488443,0.048035653,2.34E-06
411,H,2,0,1,0.391739526,0.371113434,0.192854136,10.5885599,8.262068926,7.909663872,0,10.68470518,1.171964178,0.470036452,0,10.49390474,5.979269681,5.597906588,0,10.85977241,4.459400129,3.926913474,1.273575068,10.52704584,6.882306399,6.727537043,0,9.376809863,3.543324538,2.785320508,0.025975041,10.79121324,2.762503995,2.047868276,0.100293997,10.3140747,3.772891826,2.808224308,-1.747768677,2.166548735,0.235892645,0.000402789,-1.353044609,0.824952243,0.121520246,-0.000454446,-2.345494147,1.616749619,0.254836879,-0.000723604,-0.781492357,0.939706375,0.107568182,0.000267868,-1.891981531,1.595450901,0.17974895,0.000135075,-0.717336648,0.712591364,0.08474901,5.71E-05,-2.382926051,2.057173323,0.375757736,-0.001043182,-1.182614004,1.194023355,0.217532656,-6.44E-05,-1.905000595,2.051922339,0.310988642,0.000130513,-0.950441666,1.010525381,0.170359695,-0.000198419,-2.728280814,2.108271498,0.404407001,0.001090788,-1.727603934,1.486768567,0.253221542,0.000521398,-0.624775489,1.248960689,0.143957588,0.002260254,-0.219489458,0.818274855,0.045502731,1.02E-05,-0.463765186,0.944543381,0.107927302,0.002602824,-0.172184437,0.613480037,0.032579383,2.63E-05,-1.085627079,1.511924492,0.168345461,0.000795537,-0.274563305,1.001611174,0.056444138,-3.43E-06
411,L,0,0,1,0.435397723,0.421262146,0.163274063,10.44701699,8.490074972,8.332581056,0,8.867345724,1.228613133,0.455899769,0,10.25578546,5.509511398,5.147891199,0,10.62816433,3.610492927,3.342814319,0,9.447824526,5.237357131,5.043638794,0,10.8879904,2.602427996,1.805178235,0,9.452844838,2.212022088,1.486264987,0.017127932,10.78348741,2.458547426,1.581946344,-1.00455219,1.691943913,0.149313275,0.000220453,-0.720312699,0.555212103,0.07807803,-0.000129515,-2.276822276,1.730040627,0.216305211,-0.000334882,-0.761936735,1.006723964,0.097241986,0.000177297,-0.751521018,0.666237189,0.108572754,-0.00117214,-0.436596662,0.394731862,0.06875267,-0.000110896,-2.324131347,2.01276095,0.363959163,-0.000263109,-0.978312436,1.393038098,0.20636861,-9.08E-05,-1.506774947,1.700128215,0.25244587,-0.000656242,-0.891026998,0.894689655,0.142616846,-0.000131845,-1.450565264,1.693427147,0.361809397,0.001681705,-1.074018212,1.171643338,0.22176194,0.000136729,-0.576671588,1.334707054,0.10085371,-0.000352932,-0.158528244,0.460791119,0.020916162,-3.10E-05,-0.408877798,0.925705845,0.081280354,-0.00022784,-0.147271984,0.284462721,0.019369377,-4.20E-05,-0.602497065,1.35794117,0.10583268,-0.000383009,-0.162412861,0.58882574,0.023597992,-2.43E-05
411,L,1,0.124134539,1,0.423082133,0.41526668,0.47961742,10.30052946,8.409316984,8.314960442,0,10.33246053,0.819394868,0.386440306,0,10.19975509,5.432702802,5.019491226,0.377591434,10.27439831,3.301595247,3.074923973,0.015159462,10.70131914,5.714214331,5.528379064,0.104799174,10.70893377,2.085184179,1.546633652,0.000111627,11.34380113,1.991938895,1.402340797,0,10.64714192,1.901152876,1.32446006,-0.913808003,1.43170598,0.13335607,-0.000254338,-0.583846265,0.407876655,0.070028498,-7.92E-05,-2.276822276,1.48590469,0.200868791,-0.000224052,-0.784178462,1.150565115,0.09298749,0.000184064,-1.44085872,1.680738644,0.151754304,0.000242915,-0.876485408,0.554687997,0.083651092,-5.19E-05,-2.324131347,1.806122451,0.367631509,-0.000600082,-0.978312436,1.250728933,0.205249853,0.00018155,-1.506774947,1.661752605,0.232744058,0.00032676,-0.891026998,0.629876356,0.133717237,3.97E-05,-1.647987452,1.693427147,0.363378347,-0.000996385,-1.074018212,1.12069642,0.219498575,0.000273356,-0.422395968,1.334707054,0.086294674,0.000238682,-0.183385283,0.460791119,0.021731245,-5.93E-06,-0.300437793,0.925705845,0.071536462,0.000527407,-0.147271984,0.216858994,0.016251418,-3.04E-05,-0.512665409,1.35794117,0.089282305,0.000110096,-0.189974743,0.58882574,0.025483597,5.08E-06
411,L,2,0.124134539,0.982025066,0.410618158,0.400837679,0,9.89513146,8.082156127,7.912577568,2.03E-07,10.33246053,1.129508538,0.563036417,0.318452809,10.57340132,5.853274864,5.449759543,0.377591434,10.65597704,3.567588951,3.178059525,0.015159462,10.70131914,5.762044205,5.605701852,0.078666389,10.70893377,2.525931362,1.770568978,0.019570756,11.34380113,2.282531414,1.574089139,0,9.71446377,2.342524924,1.530661488,-1.552601749,1.709842862,0.158946422,0.000126757,-0.675849881,0.682723273,0.082337378,-0.000133475,-2.156833656,1.517615875,0.232928709,0.000256982,-0.784178462,1.150565115,0.105060137,0.000252818,-2.047217455,1.680738644,0.20739712,3.81E-05,-0.942818273,0.836336081,0.11084624,-6.19E-06,-2.070734663,1.927892637,0.38772729,-0.000272815,-0.9373748,1.250728933,0.211532879,3.91E-05,-1.803965547,2.24204386,0.270683079,0.000451736,-0.916017084,1.063784645,0.145207822,-8.41E-05,-1.647987452,1.740369434,0.365912096,-0.000365237,-1.019040516,1.292396316,0.230603577,0.000342387,-0.456499485,0.990092821,0.102912546,0.000466494,-0.225551143,0.548549344,0.027672595,-2.85E-05,-0.579926661,0.798725581,0.087820128,8.23E-05,-0.151232592,0.464911875,0.022789096,-2.62E-05,-0.665428608,1.156216044,0.107675922,0.000541253,-0.265513228,0.849388726,0.033788406,-2.95E-05
411,M,0,0.122094694,0.934793534,0.402913773,0.386309564,0.058324015,10.33221794,8.014005574,7.698063154,0,8.200644447,0.929706631,0.474874815,0,10.02054405,5.476013144,5.048287142,0.953481068,10.85615108,4.360543538,3.970623525,1.423018972,10.24353866,6.148020588,5.937146203,0.030424664,9.389777157,3.037417064,2.527896752,0,10.14421397,3.238705511,2.720657366,0.051677883,9.343308888,2.790939672,2.125598622,-1.511051918,1.976867089,0.192677008,0.000954008,-0.817825186,0.716813888,0.09482682,-0.000256324,-2.452363233,1.754344129,0.296238587,-0.001540651,-0.91556758,1.334437055,0.133572056,9.77E-05,-2.271227076,1.593297676,0.164891838,-0.000399062,-0.843505753,1.007743012,0.097010257,-3.37E-06,-2.117415132,1.960870693,0.382769333,0.000199617,-1.016433916,1.054824669,0.215701857,9.39E-05,-2.141793365,2.151422081,0.31834012,0.001271585,-1.118095131,1.046596069,0.175203002,0.000248838,-2.231515127,2.359559955,0.425354544,-0.000888021,-1.397517365,1.547214569,0.272643973,0.000422749,-0.763948438,1.130186889,0.138246442,0.000160736,-0.292282967,0.949408719,0.044793938,0.000261746,-0.703532818,1.045713635,0.134596764,-0.001154328,-0.193549251,0.676834869,0.0434193,3.28E-05,-0.843269125,1.235096852,0.140612064,0.000712258,-0.333227176,1.002111416,0.047517225,0.000269107
411,M,1,0,0.978408618,0.372645066,0.350895183,0,10.27200575,7.778608935,7.471194336,5.19E-05,8.200644447,0.968033947,0.470666921,0,9.858903538,5.407250499,5.035995811,0,10.85615108,4.292309987,3.83378917,0,10.52566363,6.358508337,6.163756273,0,10.81778987,3.361505337,2.633391626,0,10.14421397,3.074857437,2.362977135,0,10.81778987,3.225392033,2.389596557,-1.511051918,1.976867089,0.201816271,-0.000279865,-0.835226368,0.716813888,0.100685986,-0.000328369,-2.250121043,1.459927153,0.274411337,0.00146854,-0.69219828,0.911904859,0.120233319,0.000280738,-2.271227076,1.593297676,0.165047613,9.88E-06,-0.843505753,1.007743012,0.09542431,6.90E-05,-2.117415132,1.485289921,0.379602254,-0.000950183,-1.016433916,1.054824669,0.218173671,-0.000223674,-2.141793365,2.151422081,0.323413838,-0.001492831,-1.094393141,0.967874338,0.18011036,0.000104779,-2.35315151,2.359559955,0.443580216,0.00117011,-1.350015976,1.406242908,0.285380961,0.000544509,-1.044642494,1.078847076,0.15797452,-0.000414431,-0.520484074,0.750432976,0.047595507,-8.24E-05,-0.819766537,1.224805334,0.159555295,-0.000765861,-0.321065859,0.804176093,0.049779901,-7.25E-05,-1.01548302,1.235096852,0.158772955,-0.000267836,-0.569654497,0.846247255,0.051119072,-7.01E-05
411,M,2,0,1,0.433233727,0.406207102,0,10.34190274,7.833458455,7.510201511,6.81E-05,10.36509255,1.658984043,0.732732914,0.01412761,10.27841743,5.791796558,5.485050494,0,10.52590216,4.216969329,3.695435003,0,10.52566363,6.224993306,6.033000259,0,10.81778987,3.548061685,2.694061391,0.013796049,10.74267958,3.134929945,2.380057618,0,10.81778987,3.425808391,2.481350868,-1.472576611,1.613192713,0.192474964,-0.001252474,-0.873334932,0.585711653,0.098074907,-0.000354844,-2.572167745,1.932780813,0.288617095,0.001023935,-0.965734155,1.488493643,0.130744066,0.000709686,-2.248033461,2.06956032,0.247987429,0.000103356,-0.917317512,0.968746096,0.12019325,2.97E-05,-2.308169852,2.037160957,0.38488679,-0.000412892,-1.1834936,1.415831722,0.220587279,-0.000228127,-1.534825664,2.061429672,0.331102695,-0.000858267,-1.103137771,0.912877484,0.185040968,-0.000526921,-2.377640877,1.997150895,0.451137509,0.000365495,-1.340072901,1.648790984,0.286310403,0.000241511,-1.044642494,1.078847076,0.153608918,0.000815089,-0.520484074,0.507360473,0.039119406,-0.000263775,-0.819766537,1.224805334,0.159432033,0.001381366,-0.321065859,0.804176093,0.048960179,3.47E-05,-1.01548302,1.159429845,0.155113501,0.000443283,-0.569654497,0.622125964,0.04241246,-0.000291412
412,H,0,0.033164059,0.977380082,0.690384206,0.661960549,0.105517434,11.18141228,7.377444605,6.943879929,2.10E-06,10.94649501,1.517744394,0.468951876,0.30133428,11.14516204,6.293367209,6.011201473,0,10.84161876,4.89214853,4.283412949,0.364218459,10.94993856,6.73403334,6.461168928,0,11.28475825,3.263284811,2.649872219,0.027877164,11.67407127,3.399989883,2.783594872,0,11.20758484,2.702216663,1.916878395,-1.039827319,1.076582213,0.182226409,-0.000324018,-0.444907199,0.437003202,0.086518304,0.00025166,-2.461869311,2.089973275,0.401830052,-0.000952735,-0.889907858,1.523057928,0.187357439,0.000308842,-1.443235334,1.215349781,0.11845033,-5.54E-05,-0.660952022,0.652996226,0.057702495,8.07E-05,-1.910164757,1.946996578,0.433061594,-6.65E-05,-1.139859837,1.215840997,0.245614976,-0.000124359,-2.117342731,2.301545904,0.433901034,0.000716578,-1.294189373,1.335746416,0.244163173,-0.000415982,-1.858429235,1.775525786,0.373870663,-0.000316054,-0.990043149,1.010693248,0.219577561,0.000366448,-0.63780358,0.925052018,0.125342288,0.000840969,-0.254646364,0.337120482,0.030551562,-9.94E-05,-0.753018157,1.012965545,0.155587584,-0.000415864,-0.258166186,0.570436904,0.047284308,-0.000144438,-0.599442582,0.883579015,0.124011963,0.001184766,-0.231059181,0.545558553,0.035185289,-9.03E-05
412,H,1,0.084433355,0.977380082,0.67738259,0.660815896,0.076967633,10.53020013,7.628020903,7.247639853,9.95E-06,5.782536584,0.723968694,0.28489811,1.050974634,11.21643571,6.697404041,6.43544816,0.23832351,10.84161876,4.482913514,3.870240322,0,11.0563373,7.138336367,6.897020116,0,9.771201356,3.195019173,2.679715285,0.027877164,11.67407127,3.102381811,2.280811051,0.000439054,8.948291831,2.767397098,2.280714748,-1.039827319,0.933039035,0.174972704,-8.11E-05,-0.326658812,0.437003202,0.079264268,6.89E-05,-2.461869311,2.060100534,0.333957247,-0.000319483,-0.840347814,1.325535632,0.1605857,2.14E-05,-1.443235334,1.241235138,0.128496236,0.000449,-0.708883726,0.652996226,0.064578879,-0.000175001,-1.555346613,1.946996578,0.418838704,0.00078127,-1.139859837,0.962506843,0.239614886,-5.27E-05,-2.304697912,2.301545904,0.442286709,0.000100111,-1.448340716,1.16278596,0.249349458,-0.000228714,-2.158479286,2.125070591,0.391219156,-0.00035793,-1.206937476,1.138439789,0.229692756,0.000190696,-0.644480869,0.967909551,0.143023514,0.00057814,-0.26507934,0.554791359,0.042871747,-8.95E-05,-0.753018157,1.100182775,0.175523903,-3.74E-05,-0.280960791,0.603601534,0.055810276,-0.000114739,-0.795449948,0.883579015,0.139891996,0.000726472,-0.220933803,0.684643787,0.047360909,-8.09E-05
412,H,2,0.084934674,0.951290803,0.663150324,0.642499692,0,10.70014839,7.428615572,6.902287141,6.94E-05,5.410592218,0.920187554,0.436951041,1.106138231,11.21643571,7.003593151,6.785715095,0.060093996,10.54678473,4.791505579,4.104571028,0,11.0563373,6.988532752,6.699666174,0.064532866,10.38480819,3.486467057,2.895360895,0.016906906,9.98283107,3.136760698,2.360237603,0.005596345,10.07751775,3.135544153,2.576520838,-0.959034187,0.933039035,0.169666786,-0.001578239,-0.449980431,0.367530607,0.076413567,-2.34E-05,-2.021023451,2.208937408,0.314118621,-0.00131044,-0.825324242,1.05113793,0.14647473,-0.000377417,-1.264997187,1.241235138,0.150984431,0.000327181,-0.708883726,0.536547103,0.075315891,-1.11E-06,-1.637679141,2.27268713,0.410888882,-1.73E-05,-1.049599947,0.962506843,0.246080512,-0.000165214,-2.328496371,2.112464454,0.456255351,0.001177779,-1.448340716,1.16278596,0.253279662,0.00043106,-2.158479286,2.125070591,0.390250562,-0.000783748,-1.206937476,1.138439789,0.227743648,-0.000114259,-0.657189578,0.967909551,0.14363696,0.001004275,-0.26507934,0.554791359,0.042465549,-6.24E-05,-0.791364889,1.100182775,0.174243226,0.002125995,-0.280960791,0.649913783,0.052894063,-7.04E-05,-1.134985497,1.000543529,0.13711986,0.000513222,-0.317182911,0.89297623,0.049801606,-2.52E-05
412,L,0,,,,,0,11.44316204,6.596458914,5.938638934,0,2.325100496,0.41180927,0.28509278,0,12.16379025,7.239723324,7.09190532,0,15.92989151,9.586383283,9.435210255,0,7.687059878,1.511295513,1.359971073,0,12.78672948,2.945456847,2.097374798,0,19.45485746,3.170522181,1.897282087,0.031099287,13.19884798,2.55665042,1.711302159,,,,,,,,,-2.742261764,2.785805426,0.413634651,0.000871853,-1.476540914,1.559076145,0.197351528,-0.000961542,-0.538649492,0.495928997,0.103790031,-6.94E-05,-0.341717862,0.294291281,0.069553657,-3.55E-05,-1.211703711,1.507827634,0.116826834,7.86E-05,-0.705596282,1.083610088,0.069984109,0.000179524,-1.490952107,1.807397069,0.169663285,-0.000177535,-0.774218272,1.294742451,0.097122585,0.000190389,-2.241910653,1.898479838,0.15745603,3.96E-05,-1.641008902,0.915152733,0.09664952,-0.000123632,-0.221795362,0.227989387,0.038965769,-0.002456457,-0.050924243,0.164431997,0.008171048,-1.43E-05,-0.417492426,0.274471193,0.056590399,-0.001231114,-0.077982463,0.165474351,0.011584289,-6.79E-05,-0.246378945,0.358805648,0.046184481,-0.002427587,-0.048995101,0.20284033,0.010158813,3.58E-05
412,L,1,0.314368688,0.545500025,0.483957932,0.482638174,0.316238421,11.16082445,7.714157866,7.295215432,8.49E-07,11.45569605,1.116961258,0.367551639,6.466549539,8.143490684,7.229031336,7.223434115,7.562881873,11.05733566,9.40833283,9.380608969,0.560131584,2.36266643,1.416775963,1.374245877,0,2.356398113,0.944189046,0.777383084,0,2.769713091,0.90560455,0.706275919,0.031099287,2.352550353,0.892123746,0.716283771,-0.312022325,0.280879562,0.038495385,0.000461481,-0.134551401,0.121326034,0.017753223,4.49E-05,-2.328964262,2.256899846,0.378658523,0.001640029,-0.871271075,1.435976408,0.173342465,0.000190558,-2.794622481,2.217975321,0.189712975,4.31E-05,-1.670940762,1.131075909,0.10219993,3.09E-05,-0.30960254,0.283769502,0.056015352,2.80E-05,-0.157351223,0.149239067,0.032730949,3.81E-05,-0.582956286,0.644607394,0.12226728,-0.000478954,-0.345494512,0.346771329,0.068009468,2.06E-05,-0.428888201,0.348692765,0.076243977,0.000213553,-0.220423105,0.289537857,0.045308168,3.96E-05,-0.218775935,0.227989387,0.034673598,-0.000492632,-0.050924243,0.164431997,0.008492446,-1.20E-05,-0.269524058,0.263476712,0.045212653,-4.79E-05,-0.058268428,0.124827606,0.011613604,-5.72E-05,-0.223627318,0.295177038,0.032476066,-0.000548345,-0.061787467,0.238652404,0.010149729,3.61E-07
412,L,2,0.361473449,0.545500025,0.486009909,0.485235166,0.316238421,10.57349775,7.981984738,7.704817442,6.87E-06,11.71335887,1.614072033,0.587379715,6.466549539,8.369874663,7.305683388,7.298859601,7.950923856,11.05733566,9.380875913,9.36097719,0.474488298,2.314930025,1.463229049,1.429986816,0.018008056,2.356398113,1.003988405,0.890264772,0.004108389,3.350769079,1.076286702,0.851894126,0,2.090947915,0.90121754,0.789885018,-0.197466042,0.186105883,0.035384621,-0.000345435,-0.091164777,0.10416808,0.016821374,1.79E-05,-2.139909194,2.256899846,0.323202683,-0.002251621,-0.867524028,1.430192776,0.149967448,0.000183281,-2.794622481,2.217975321,0.258486598,0.001810741,-1.670940762,1.131075909,0.125216549,0.000121428,-0.318316885,0.313627548,0.060351767,-0.000158754,-0.157351223,0.149239067,0.034174363,-2.61E-05,-0.550708792,0.613961164,0.119916787,0.000255829,-0.282885251,0.346771329,0.068123013,8.28E-05,-0.412612673,0.348692765,0.07338161,-9.16E-05,-0.220423105,0.251923116,0.043586308,-5.69E-05,-0.218775935,0.271195164,0.030217525,5.73E-05,-0.057579297,0.173433914,0.007813108,-2.54E-05,-0.269524058,0.357315991,0.046678974,0.000287636,-0.074598443,0.197407396,0.012364231,-5.67E-05,-0.21592994,0.295177038,0.028963708,-0.000143998,-0.061787467,0.238652404,0.010045296,-5.62E-06
412,L,3,0.342322834,0.547152891,0.480814627,0.479906415,0.335274716,10.71513357,7.962323467,7.686777245,6.87E-06,11.71335887,1.517172045,0.651606135,6.460600003,8.369874663,7.353212944,7.346434087,7.637539469,11.1787764,9.353676572,9.329608941,0.474488298,2.450452622,1.547380027,1.508239417,0.020353577,2.429915874,1.18820647,1.116030352,0.000107615,3.350769079,1.062717228,0.803784537,0,2.658840291,1.148432232,1.060760242,-0.233797489,0.210293322,0.039758066,-2.50E-05,-0.101183356,0.10416808,0.019224456,1.20E-05,-2.458212574,2.24341891,0.323603016,-5.27E-05,-0.927482028,1.479805505,0.155846861,0.000184901,-2.666896169,1.96746581,0.22735297,9.88E-05,-1.031021258,1.093212646,0.109085016,-1.13E-05,-0.318316885,0.313627548,0.064538872,-1.26E-05,-0.157228996,0.147647488,0.035887709,2.24E-05,-0.563787334,0.639676047,0.125840933,0.000211717,-0.287350861,0.323522203,0.069690221,8.59E-05,-0.480422501,0.314271881,0.076579949,1.17E-05,-0.270595466,0.219289008,0.04427228,-4.27E-05,-0.160593473,0.271195164,0.03222917,0.000520468,-0.057579297,0.173433914,0.009273792,-5.12E-05,-0.238580748,0.357315991,0.05051411,0.000174399,-0.074598443,0.197407396,0.01339506,1.52E-05,-0.21592994,0.216064999,0.032264511,0.000532321,-0.061291756,0.204102647,0.011354862,-4.86E-05
412,M,0,0,1,0.669876993,0.647929181,0,10.20581032,7.532076111,7.167739925,0,9.386139931,0.748651315,0.337634931,0.454297068,11.39566651,6.52344711,6.337032811,0,10.45065466,5.063418474,4.682886925,0,11.61187615,6.338774001,6.081657301,0,11.71310173,3.368935383,2.194208856,0,12.52250625,2.903058608,1.945264117,0.020465802,11.53115169,2.967510167,1.677318475,-0.608933557,0.696105577,0.109960055,0.0018759,-0.347625682,0.316886877,0.050842927,-3.34E-05,-2.672409443,2.560345275,0.358391108,0.001308163,-0.93147233,1.323595931,0.170041616,9.71E-05,-2.056557445,1.899912159,0.179757085,-0.000266756,-1.083644435,0.777710536,0.097968841,9.96E-05,-1.97619799,2.187017709,0.399968109,0.000173972,-1.261283413,1.329629007,0.232332848,2.76E-05,-2.43287404,1.904603671,0.379266762,-0.001250384,-1.071007239,1.008808083,0.218907747,5.48E-05,-1.826811955,2.366288629,0.396601933,0.000871086,-1.096666153,1.089457789,0.236060542,-4.89E-05,-0.386634353,0.586219561,0.087213505,-0.001024979,-0.120726792,0.169762861,0.018042834,-2.49E-05,-0.435716029,0.53584367,0.089129279,-0.001332098,-0.099639338,0.361978674,0.024333245,-4.07E-05,-0.566092889,0.884574836,0.102068479,-0.000120163,-0.185097335,0.560057926,0.023902912,-1.08E-05
412,M,1,0.395222248,0.893591475,0.691280532,0.687130329,0.027554483,11.0112758,7.823575079,7.605984936,0,9.386139931,1.275406063,0.572134018,0,10.36979816,6.617415677,6.423891274,1.068139176,10.45065466,4.193129415,3.883602309,0.769921642,10.08805885,6.848956075,6.673008183,0.039495165,6.156202228,1.607876761,1.266229541,0,5.329507613,1.5115041,1.202872521,0,5.594932816,1.394027316,0.982127114,-0.549180567,0.482746314,0.092253265,-0.000356092,-0.228258628,0.265841505,0.045375586,-1.12E-05,-2.672409443,2.143033533,0.352190689,-0.000512274,-0.93147233,1.323595931,0.177557897,0.000316001,-2.609764237,2.642342385,0.271962097,0.000106692,-1.832204356,1.150484165,0.146610878,-7.96E-05,-1.97619799,2.187017709,0.370969496,-0.00041553,-1.261283413,1.329629007,0.212212137,-0.000200073,-1.851629044,1.904603671,0.369431992,-0.000324169,-1.241172461,0.952849572,0.217826628,-0.000165178,-1.826811955,2.366288629,0.383599411,0.000394766,-1.048399812,1.089457789,0.22799741,0.00018584,-0.306470077,0.586219561,0.068830693,0.000103772,-0.120726792,0.166879392,0.015312504,-1.12E-05,-0.340120477,0.53584367,0.07624989,-1.65E-05,-0.095470565,0.361978674,0.023987859,-4.75E-06,-0.302247088,0.562552201,0.064317153,0.000199878,-0.121344011,0.282176524,0.014670518,-1.87E-05
412,M,2,0.384260057,0.878305926,0.675031673,0.669217417,0.16608732,11.0112758,7.777721934,7.608975553,0.000128669,11.02859698,1.769257929,0.917450581,0,11.19251329,6.535798534,6.270588716,1.068139176,9.646720358,4.113131785,3.813273906,0.769921642,10.08805885,6.983727945,6.82879157,0.060574588,6.335171486,1.675819276,1.398260269,0.013932423,6.014152881,1.864661987,1.450439632,0,5.472318218,1.206631273,0.918654415,-0.483817208,0.482746314,0.089496955,-0.000496207,-0.226242009,0.265841505,0.04502896,3.34E-05,-2.350286137,2.250022537,0.330633981,0.000256441,-0.805685829,1.395668573,0.167473776,0.000186037,-2.715533832,2.642342385,0.3058409,0.000182813,-1.832204356,1.150484165,0.165654852,2.70E-05,-1.968908111,1.936940198,0.355498561,-0.000613373,-0.864236148,1.008702636,0.202864207,-0.000137308,-1.851629044,1.88937639,0.354853371,-0.000117106,-1.241172461,0.952849572,0.205646586,-0.000110884,-1.734865758,1.796148818,0.362850256,-6.67E-05,-1.18707181,1.067869246,0.21375798,0.000102331,-0.320113262,0.402826483,0.054307589,0.000209605,-0.078954762,0.166879392,0.012302706,-2.11E-05,-0.414867253,0.402433151,0.066441579,0.000304426,-0.099850284,0.25083619,0.019198802,-2.75E-05,-0.297872252,0.450392607,0.049981169,-3.89E-05,-0.062911769,0.10751869,0.011424235,-1.37E-05
413,H,0,0,1,0.325137194,0.295613208,0,11.34375486,7.869339136,7.405204988,0.000269824,12.20302731,2.484579541,1.604319674,0.064585954,11.55095345,5.927213068,5.611894304,0,12.12690522,5.714962388,5.239422608,0,11.59843195,6.948249295,6.674744615,0.157295653,12.38195382,3.298300886,2.770562339,0.016292976,12.08328565,5.150560297,4.352829327,0.006934836,12.25412265,2.717508241,1.708414005,-0.52847788,0.780613573,0.091125871,0.00045757,-0.272365234,0.236185562,0.044880711,-2.50E-05,-2.917876306,2.709407881,0.396118172,0.002297312,-1.129988452,1.516930712,0.17839908,0.000521939,-2.200223222,1.689340437,0.223931896,0.000138479,-0.796253193,0.816652249,0.099447516,-8.87E-05,-2.248648439,2.09826576,0.455655688,-0.000176343,-1.476233141,1.104549524,0.271985138,0.000173551,-2.651531366,2.554088475,0.419076284,-0.000142979,-1.725759261,1.301591334,0.232666955,-0.000349323,-2.460110177,2.870595575,0.432398924,0.001043535,-1.799513428,1.819394394,0.257603604,0.000198889,-0.379595236,0.746613527,0.081461072,-0.000453042,-0.177666731,0.277693145,0.015260088,-1.63E-05,-0.800698254,0.740912986,0.110649335,-0.002856602,-0.152143947,0.393276558,0.022091063,-1.60E-05,-0.385151135,0.762953602,0.089842463,0.000501798,-0.177959565,0.309125919,0.017422501,-3.49E-05
413,H,1,0,0.540657542,0.359083983,0.350917475,0.080657029,11.4785048,8.004337673,7.474342482,0.000938755,12.20302731,2.647748716,1.744679847,0.064585954,11.43181595,5.785135484,5.517593887,0.476727351,11.25515842,6.133710068,5.779899984,0.717148754,11.49044458,6.615197558,6.331677389,0,8.088239172,2.767968562,2.35318464,0,9.64444857,4.015495804,3.258488235,0.005881028,8.334174133,2.382354989,1.723692242,-0.364223804,0.397946948,0.087401924,0.000520401,-0.222525343,0.217896816,0.046583021,-3.04E-05,-2.822058473,2.709407881,0.436499071,-6.94E-05,-1.129988452,1.113076717,0.195694961,0.000698418,-2.381471699,1.768807169,0.263715142,0.000227573,-0.837457626,0.838379766,0.120032773,7.13E-06,-1.899736017,2.049735011,0.433488719,-0.000348405,-1.071784306,1.060015399,0.259489032,0.000215131,-2.651531366,2.310935724,0.407952953,0.000320766,-1.725759261,1.301591334,0.229605806,-0.000441463,-2.460110177,2.870595575,0.431952853,0.000133321,-1.799513428,1.819394394,0.257572063,2.01E-05,-0.51808184,0.57231469,0.0829368,-0.001177492,-0.094579588,0.262090436,0.017348891,4.27E-05,-0.615044306,0.662448466,0.110860337,-0.000152323,-0.127784261,0.216573148,0.021669068,6.27E-05,-0.561879442,0.719486986,0.095998667,-0.001163022,-0.116655388,0.374774984,0.024229021,3.57E-05
413,H,2,0.10360031,0.548640091,0.366804852,0.361137855,0.241510206,11.4785048,8.201292331,7.666750834,0,10.37378573,2.016971672,1.251941337,0,12.84170923,6.14023382,5.844553415,0.941523428,11.25515842,6.374221392,6.071658194,0.320924778,11.49044458,6.313419256,6.055888368,0,8.059323521,2.765534913,2.449253795,0,10.53353835,3.770132878,3.081672353,0,8.00954565,2.443813376,2.06306692,-0.364223804,0.573416345,0.090589446,-0.000274702,-0.267166856,0.258065529,0.048551776,-8.45E-05,-2.553562212,2.433208997,0.442503549,-0.000461388,-0.958562533,1.120846019,0.199055493,0.000458455,-2.412290318,1.768807169,0.220918531,3.64E-05,-0.886182031,0.962388333,0.109775597,2.00E-05,-2.2740499,2.304463269,0.47669317,-0.000212314,-1.197709736,1.31801051,0.28029619,-0.000111869,-1.997125479,2.231149422,0.424853127,0.000649188,-1.190125962,1.458023597,0.239340308,-0.000223182,-2.550510736,2.104348564,0.42826814,-8.65E-06,-1.371248625,1.344576385,0.252531381,0.000440221,-0.51808184,0.57231469,0.085171927,0.000790349,-0.099144043,0.262090436,0.018708513,2.05E-05,-0.615044306,0.467493976,0.111244886,0.000447588,-0.086134094,0.226047107,0.022980352,-1.70E-05,-0.561879442,0.719486986,0.100006768,0.000782089,-0.116655388,0.459999122,0.027673261,2.13E-05
413,L,0,0,1,0.445142469,0.425536832,0,10.76747264,5.850084663,5.379766198,0.00303836,10.53626591,2.809454079,2.084496481,0,13.42327026,6.084052704,5.926744177,0,12.70745062,7.453827245,7.243437179,0,13.69566735,2.71518707,2.572141255,0.006213874,13.48868321,4.273806635,2.863352593,0,14.16819211,4.336315753,3.327255104,0,13.46776817,4.178811729,2.440742361,-1.383056607,1.446106979,0.118665793,-0.00091314,-1.101529434,0.784990791,0.06738957,-0.000153944,-2.730832895,2.273215865,0.367375065,-0.001053992,-1.406319435,1.296813275,0.174149624,0.00036491,-2.290443542,1.6387865,0.232730707,-0.000138211,-0.765533508,0.914204476,0.114190645,4.43E-05,-2.21280744,2.216157694,0.20698517,-0.000441123,-1.248464623,1.753011298,0.126193457,-0.000151973,-3.461837667,2.48717318,0.292359151,0.00031365,-1.422514483,1.430724538,0.159123004,-7.88E-05,-2.543007956,3.738381913,0.232381956,-0.000623223,-1.924000653,1.625627634,0.137481171,0.000237176,-0.243054273,0.307108441,0.047459715,-0.000377348,-0.053894203,0.0653188,0.008192161,-0.000104897,-0.640610078,0.62193817,0.091777477,-0.000385323,-0.136020169,0.440154082,0.022191056,-0.000132273,-0.253736239,0.269148998,0.052319634,-0.000338578,-0.062259296,0.154681697,0.011192289,-0.000103308
413,L,1,0.103812523,0.521716193,0.353606309,0.344226547,0,9.096400372,6.196281802,5.817159058,0.001084994,10.53626591,2.698933128,1.86794677,3.42327288,8.043998788,5.541980025,5.49760206,4.250834125,11.77315982,6.818770888,6.646615354,0.339507051,4.236309407,2.783304457,2.698197278,0,4.836037303,1.567940012,1.315705392,0.020257946,5.654325127,2.628792115,2.274174171,0,4.879352155,1.180347461,0.827884253,-0.355924396,0.297342826,0.0563851,-0.000233299,-0.176240786,0.196283886,0.027818101,-6.85E-05,-2.177693053,1.820158708,0.3471455,-6.45E-05,-0.799623917,1.128074031,0.159507919,0.00050932,-2.290443542,1.6387865,0.210136786,0.00011537,-0.765533508,0.914204476,0.099661033,-8.19E-05,-0.850585443,0.554254554,0.138723551,9.16E-06,-0.525804284,0.557093768,0.081136188,7.04E-05,-1.239824581,1.306644579,0.24251817,-0.00062124,-0.806431099,0.61279255,0.130102406,-0.00022797,-0.950455915,0.793074375,0.14600076,0.000340872,-0.388173208,0.460061442,0.087302854,0.000177715,-0.262788172,0.216925344,0.03673912,5.80E-05,-0.058515153,0.041719368,0.00662153,-2.74E-05,-0.165298339,0.176948231,0.036708496,-0.000480292,-0.030859544,0.109386429,0.006554064,-1.50E-05,-0.29843289,0.314102642,0.047670162,0.000496708,-0.065024607,0.161956776,0.010952777,-3.50E-05
413,L,2,0.103812523,0.542103189,0.392707219,0.380349059,0.067859915,8.999998053,6.70115889,6.464216147,0.001084994,2.946453021,1.199745049,1.01674115,3.42327288,8.354819873,6.096568516,6.023058775,4.250834125,11.77315982,7.261992638,7.143313791,0.7388818,4.146953371,2.700660471,2.629166561,0,4.836037303,1.823607696,1.593504351,0.020257946,4.904926485,2.243626214,1.871212933,0.030393364,4.879352155,1.718653079,1.405193645,-0.355924396,0.297342826,0.049021704,0.000281614,-0.176240786,0.196283886,0.025022824,-6.83E-05,-2.177693053,1.696919643,0.318002073,0.001457792,-0.792020323,1.128074031,0.141698671,0.000407082,-0.547514714,0.683342913,0.127227138,-0.00012805,-0.348268728,0.400624794,0.075580379,-3.63E-05,-0.590513439,0.496720476,0.125880564,-0.000268223,-0.278153217,0.262000657,0.074330552,-3.64E-05,-1.239824581,1.306644579,0.222817756,-0.000548875,-0.607033068,0.615381947,0.120997274,-0.000164261,-0.950455915,0.793074375,0.131824069,0.000231289,-0.388173208,0.460061442,0.079034838,7.43E-05,-0.262788172,0.216925344,0.02898288,-4.05E-05,-0.058515153,0.040980863,0.005130325,-8.26E-06,-0.133486023,0.160573063,0.030677593,-0.000239243,-0.030859544,0.109386429,0.005360699,1.07E-06,-0.29843289,0.314102642,0.035298668,5.19E-05,-0.065024607,0.161956776,0.007516093,-1.11E-05
413,M,0,0,1,0.270055948,0.236127848,0.110191458,12.13062913,8.094895891,7.419632399,0.000164216,9.565348528,1.504385996,0.895094711,0.627549495,12.94137441,4.585667598,4.402306719,0,13.48606843,7.590956406,7.329248786,0,13.028847,3.855475317,3.663291451,0.027267104,15.00264072,3.715459776,2.278576435,0,15.84299667,3.259353376,1.677404669,0,12.23625544,3.11165974,1.923762847,-1.985938541,1.523159671,0.107621831,0.000468601,-0.919552096,0.684792853,0.052084192,2.66E-05,-3.011148352,2.308068766,0.504285107,0.00257635,-1.057481211,1.513319672,0.225591194,0.000778778,-1.435340679,1.27860275,0.156293585,-8.16E-05,-0.796179368,0.58335692,0.081810597,-2.11E-05,-3.054957233,2.520622396,0.312295835,-0.000324379,-2.079609165,1.839631046,0.19149142,-0.000250305,-3.849172807,4.482749472,0.416528134,-0.000465377,-2.516710853,2.994109335,0.242733574,-0.000168097,-5.060590459,4.181817537,0.327184528,0.001582035,-3.448298469,2.588614267,0.204177336,0.000437486,-0.359527305,0.391958392,0.062375366,-0.000436113,-0.089570507,0.095490608,0.011549827,-8.57E-05,-0.458441831,0.445325927,0.059002726,-7.00E-05,-0.084852095,0.275006353,0.011865184,-0.000108487,-0.406242374,0.453738208,0.073985906,-0.000410965,-0.117020908,0.306085968,0.017213959,-1.64E-05
413,M,1,0.020967509,0.408782922,0.170336525,0.158167039,0.490121934,11.6619381,8.481650029,8.054281003,0.000127561,9.565348528,1.662278236,1.022065438,0,7.698944095,4.011845556,3.785280596,2.728356178,11.83172995,7.547530373,7.348128127,0.172045509,6.595840139,3.914544566,3.774553755,0.027267104,4.445211684,1.415845029,1.162931852,0.001712576,2.590531691,0.667769261,0.509444263,0.032207757,5.168596046,1.6736815,1.340804867,-0.278829844,0.311424963,0.055501352,-0.000252467,-0.181661473,0.14482841,0.031136547,-5.46E-05,-2.642080364,2.112466885,0.446381382,-0.000213797,-1.057481211,1.292560404,0.197270279,0.000352041,-1.435340679,1.27860275,0.144604514,-0.000231119,-0.796179368,0.58335692,0.075392628,-7.85E-05,-0.908971838,1.086308063,0.239043428,-0.000161854,-0.61088377,0.603914553,0.139482071,-0.000122753,-1.589973785,1.943413659,0.314082578,0.000140769,-1.049184358,0.864597491,0.175808981,3.59E-05,-1.432889475,1.137304396,0.223201779,6.56E-05,-0.859532604,0.93617949,0.136413559,0.000110174,-0.309026808,0.391958392,0.041614954,0.000228506,-0.089570507,0.115026255,0.009280754,-7.22E-06,-0.108136011,0.160340548,0.018462272,7.96E-05,-0.030657535,0.033787299,0.004055467,-3.86E-06,-0.406242374,0.453738208,0.056089825,0.000229451,-0.106528453,0.306085968,0.014743457,-1.50E-05
413,M,2,0.004285199,0.35510172,0.149567433,0.132823157,0,11.89736719,8.29871371,7.868828367,0.000127561,12.98061969,1.851860593,1.019958872,0,7.676922121,4.020324363,3.812493097,3.502367601,11.72954521,7.412926461,7.200892475,0.172045509,6.264326134,4.005650671,3.871986623,0,4.727211245,1.540487098,1.303851408,0.003515143,4.057906806,1.083182405,0.77602259,0.008815923,5.687325592,1.613156975,1.245580744,-0.241399411,0.259663553,0.053942961,4.10E-06,-0.155603273,0.140614705,0.029433616,-6.26E-05,-2.824913377,2.287374838,0.444553458,-0.000307201,-1.045845668,1.195244271,0.202552111,0.000296556,-1.262206345,1.370586322,0.149185144,-4.56E-06,-0.518345237,0.408660277,0.070610543,-1.18E-05,-1.074501194,1.086308063,0.24048879,0.000112715,-0.644967451,0.603914553,0.142070306,6.17E-05,-1.518244496,1.729631424,0.303215669,0.000403726,-0.812877992,0.685639873,0.168697683,-7.86E-05,-1.432889475,1.15013224,0.226199621,-0.000147925,-0.859532604,0.93617949,0.138506482,9.39E-05,-0.291320567,0.375064656,0.043352387,0.000329743,-0.072773824,0.179292654,0.009930085,1.29E-05,-0.097550113,0.090362269,0.019875574,0.000309693,-0.025169238,0.0500279,0.004183654,2.19E-06,-0.371481671,0.471688684,0.059606294,0.000281468,-0.089544219,0.394315927,0.016713661,1.38E-05
414,H,0,0.05732686,1,0.465487158,0.443635371,0,12.12574101,9.915899632,9.374655987,9.43E-05,10.46142485,1.110883816,0.770579856,0,12.32681093,7.628296328,7.36898892,0.508579732,12.3133134,5.530416962,5.168084499,0,12.4692974,5.667158438,5.294005951,0,12.62650651,4.601420562,3.887780542,0,12.81257157,5.080045201,4.277373415,0,12.62650651,3.920025261,2.984369503,-1.555470105,1.994882044,0.284847974,-0.000634951,-1.167380482,0.926410914,0.154585981,-0.000223902,-3.128428118,3.068296974,0.423490378,0.000236032,-1.319151632,1.446340449,0.194143647,0.000100656,-1.363725802,1.363180112,0.189670121,-1.83E-05,-0.796696908,0.528632429,0.11187857,-1.62E-05,-1.963034466,1.66061235,0.405084335,0.0002549,-1.081903809,0.997476823,0.235219126,-0.000597196,-2.707915047,2.686235766,0.439795116,0.000393436,-1.489769102,1.601187166,0.249416533,0.000342333,-2.986583727,2.653787003,0.495936518,-0.000178074,-2.041198766,1.679042672,0.317748175,0.000253922,-0.684589848,0.624080475,0.110603107,0.001403795,-0.200967431,0.261395952,0.043602652,8.06E-05,-0.708753666,0.67201508,0.149273896,0.003261597,-0.263681163,0.340155061,0.057604488,7.95E-05,-0.662655328,0.686686606,0.11904228,-0.000207305,-0.300202683,0.440190734,0.049081055,4.02E-05
414,H,1,0.007437101,0.891490587,0.370467148,0.345753948,0,12.12574101,10.28711621,9.928472925,9.43E-05,10.74405561,1.792389861,1.038299618,1.621764284,12.32681093,7.784994345,7.543039741,1.219576217,11.97019866,5.174601054,4.938346241,0.243055866,12.29336668,6.159377539,5.864467576,0.0018479,7.974354532,3.767950058,3.290262155,0.051761632,12.81257157,5.230248088,4.352922646,0,7.874801894,2.82650441,2.244607527,-1.593818804,1.870659671,0.274792494,-0.000238309,-1.167380482,0.926410914,0.152319782,-0.000197892,-3.128428118,2.460105409,0.343344388,0.000329364,-1.319151632,1.26371583,0.15799989,4.92E-05,-2.623289721,2.587442605,0.310762703,-8.97E-06,-1.278017033,1.037182626,0.15694093,6.10E-05,-2.100671823,1.596132185,0.387325105,-0.001157964,-1.011147566,1.079700549,0.22761489,-0.000227262,-2.216296743,2.566244197,0.368978628,-0.000457596,-1.433781927,1.347516554,0.216226997,0.000261639,-2.090951954,2.761368484,0.429077646,0.001449409,-1.610223544,1.421765988,0.271934676,-8.39E-06,-0.61717857,0.673328788,0.107129535,-0.001073854,-0.258556252,0.247279935,0.042887683,2.97E-05,-0.461863396,0.808926978,0.142489464,0.000466556,-0.285631841,0.421920423,0.054106207,2.40E-05,-0.753304274,0.686686606,0.11499588,-0.001234427,-0.250197234,0.409494268,0.048536842,2.40E-05
414,H,2,0,0.845635234,0.345781862,0.32206594,0.174099008,12.38060619,10.39876681,10.10306709,0,12.71886461,1.780022695,0.907187046,0.880047453,11.63906241,7.397658427,7.073319874,0,10.49169465,5.152440389,4.957200321,0.243055866,12.40454406,6.869705866,6.548169031,0.170022527,8.96039667,3.563054205,3.21887063,0.051761632,11.8960918,4.623740709,3.88424133,0.073419169,7.817978681,2.866876044,2.39243508,-1.678931473,2.253369705,0.291301062,0.000211125,-1.293205385,0.932208712,0.163182352,-7.86E-05,-3.179639926,2.766017038,0.312485311,-8.28E-05,-1.211707179,1.559779195,0.150299164,0.000232224,-2.623289721,2.68067346,0.342763967,4.66E-05,-1.377304808,1.112149945,0.170998548,-4.32E-05,-2.100671823,1.785555973,0.389367392,-0.001248206,-1.287053863,1.088983467,0.225496427,-0.000384506,-2.619035122,1.931806578,0.341592199,0.000145612,-1.433781927,1.535589971,0.202193073,-3.62E-05,-2.060917876,3.130582664,0.428086974,-5.63E-05,-1.871040085,1.402554065,0.261760687,9.35E-05,-0.659090667,0.69112082,0.11291101,-0.001331763,-0.258556252,0.245166184,0.042111882,1.04E-05,-0.738449564,0.808926978,0.15141789,-0.003073875,-0.285631841,0.421920423,0.055393055,-3.97E-05,-0.753304274,1.04589988,0.121826375,0.00015803,-0.250197234,0.409494268,0.049713574,5.18E-05
414,L,0,0.046684422,0.951448489,0.402024803,0.387999493,0.02741491,12.0274981,9.746682601,9.216449126,0,2.135625029,0.747366294,0.620410327,0,11.09520604,6.681213777,6.324426895,0.043835276,12.43084576,5.485782908,5.138830777,0,12.23563382,6.180783002,5.912758171,0,12.26721837,5.468194681,4.617858035,0.113024621,6.638681742,2.855285843,2.341634924,0.033689013,12.53064297,5.724166827,4.746759074,-2.624431185,2.329426839,0.286672085,-0.000832328,-1.528997016,1.216519956,0.165173541,-0.000123576,-3.111249279,2.806166256,0.326270653,0.002135113,-1.153982511,1.386011158,0.151575182,-1.41E-05,-0.588918683,0.656157018,0.141974686,0.000603623,-0.394966122,0.342912102,0.092684317,-5.15E-05,-1.652506975,1.479395579,0.347863784,0.001615809,-0.867576472,0.909419383,0.191413352,-8.90E-05,-2.189758404,2.601051661,0.396600802,-0.000680564,-1.046195452,1.244694775,0.223031438,-0.000121264,-1.896629199,2.196009508,0.400897328,-0.000471215,-1.288323757,1.190299032,0.241083895,0.000221621,-0.5505933,0.608613743,0.104228247,-0.002742704,-0.184480186,0.172974424,0.037860786,-1.39E-05,-0.511059698,0.610834493,0.098859903,-0.000975347,-0.255324252,0.200901166,0.040407661,-1.13E-05,-0.663713354,0.584198851,0.112489531,-0.00291873,-0.192867329,0.194954257,0.041291855,-1.35E-05
414,L,1,0.131934312,0.958494322,0.441410763,0.427616011,0.413202883,12.0274981,10.26895599,10.059846,0.000204665,10.4058192,1.105948683,0.758067133,0,11.3023455,6.853275502,6.392399513,0.043835276,11.67428902,4.791890956,4.53209967,1.505489232,11.9800157,6.725450664,6.474068483,0,8.955422945,4.211700843,3.651302121,0.173146282,7.36133865,2.767001912,2.279507109,0.026058471,9.695377275,4.285128637,3.594320634,-2.624431185,2.052169391,0.261433068,0.001572949,-1.528997016,1.216519956,0.152132623,5.48E-06,-2.820919591,2.029039159,0.269047257,0.00019683,-1.117396988,1.251961388,0.126013983,0.000276428,-2.316929292,2.516080106,0.226702934,0.000466295,-1.307877032,0.960115546,0.123254166,6.93E-05,-1.707035427,1.890822324,0.371096531,-8.74E-05,-1.181058569,1.240423071,0.205583848,-0.000175876,-2.32340012,2.74378134,0.353114566,0.000501582,-1.833067395,1.632159083,0.214185638,0.00018035,-1.896629199,2.196009508,0.37978575,0.000187299,-1.359506779,1.190299032,0.232231339,-0.000245965,-0.639681561,0.547742037,0.098279143,-0.001484464,-0.184480186,0.24392827,0.037252259,3.38E-06,-0.469276649,0.482107002,0.092496002,-0.000549478,-0.185649075,0.268843362,0.039363171,8.03E-07,-0.783975273,0.720094232,0.115450727,-0.001595247,-0.294908669,0.327460342,0.043721315,1.09E-05
414,L,2,0.216344452,1,0.464403378,0.446590953,0,12.01637004,10.16067701,9.902525307,0.000198949,12.05051234,1.313610666,0.82379084,0.38052861,12.16596597,6.43440546,5.923924798,0,12.04331327,5.06458336,4.745151091,1.505489232,11.9800157,6.994134417,6.765109413,0.074308109,11.96955122,5.439862864,4.719750034,0,12.42198667,3.59424349,2.866447566,0,11.81300504,5.450698875,4.560532452,-1.955966305,2.281978561,0.266018911,0.000931605,-1.39056991,0.941778112,0.152994455,4.64E-05,-3.221927224,2.236309944,0.298116101,0.000123315,-1.216125802,1.275974274,0.141118726,0.000152226,-3.002383948,2.516080106,0.258565539,-0.000145915,-1.307877032,1.125097412,0.131949917,3.06E-05,-1.707035427,1.890822324,0.385714802,0.000236739,-1.181058569,1.240423071,0.214591252,-0.000184082,-2.32340012,2.74378134,0.359375659,-0.001035998,-1.833067395,1.632159083,0.210502067,0.000406126,-1.984590933,2.324759901,0.38741309,0.001783973,-1.359506779,1.165454257,0.234228785,2.57E-05,-0.675156373,0.472100287,0.106778196,0.002416279,-0.179664512,0.24392827,0.039907513,-7.68E-06,-0.460617243,0.490886472,0.103168505,0.001422071,-0.244839181,0.268843362,0.0439312,-6.77E-06,-0.783975273,0.720094232,0.128652196,0.002366974,-0.294908669,0.327460342,0.048754401,-2.93E-08
414,M,0,0.081813428,1,0.510405083,0.492367388,0.039535853,11.93200611,9.578212576,9.066528292,2.55E-05,12.33076021,0.94193374,0.499377141,0,12.0283368,7.111142254,6.764417031,0,11.93726991,5.544210299,5.18563079,0,12.20399113,6.267884876,5.942381013,0.019792587,12.38487317,5.722155211,5.032712278,0.054161221,12.22130232,4.151120286,3.519471174,0.160517033,12.38910957,5.17659711,4.359223168,-1.473253664,1.615633014,0.238358174,0.000992646,-0.858566119,0.713452176,0.13291713,-5.78E-05,-2.885652697,2.784184352,0.397230565,0.000939433,-1.122312369,1.307931661,0.180277109,0.000261984,-3.281814238,2.473855139,0.174557764,0.000135693,-1.974987752,1.244371726,0.094007401,-0.000119807,-2.383355706,2.359222884,0.44129729,-0.000274147,-1.270490371,1.208408041,0.253022343,0.000349911,-2.463130912,2.16566649,0.419578399,-0.000619983,-1.052270447,1.332445125,0.237513253,2.55E-05,-2.54840426,2.822131678,0.453475055,0.00118765,-1.99533528,1.383341858,0.272814734,1.83E-05,-0.751669071,0.914160846,0.130634202,-4.12E-05,-0.209105595,0.218305052,0.039963572,4.83E-05,-0.578253198,0.577781973,0.10836386,-0.000386818,-0.178203394,0.342062708,0.040949306,5.53E-05,-0.779778493,0.921265234,0.135082349,0.000322143,-0.2111358,0.229437452,0.044479182,1.78E-05
414,M,1,0.038493859,1,0.387731851,0.359809975,0,11.88992791,9.519198357,9.006259282,2.55E-05,12.33076021,0.915897658,0.510085581,0.063603849,11.41080878,7.298374272,6.986942551,0.120388137,11.86319562,5.369430103,4.999608258,0,11.29279015,6.214692329,5.906212041,0,11.74142465,4.976273672,4.044915283,0,12.22130232,3.479224594,2.672636351,0,11.18692261,4.58058745,3.61138449,-1.473253664,2.006757003,0.256910126,-0.000743329,-1.127392067,0.765880764,0.143150552,-0.000179657,-3.114121391,2.784184352,0.377966097,0.000159006,-1.134078781,1.307931661,0.170337275,0.000269065,-3.281814238,2.473855139,0.180172123,0.000176242,-1.974987752,1.244371726,0.099055369,2.24E-05,-1.687607499,2.359222884,0.406067519,-0.000171354,-0.926328279,1.010509168,0.234837228,-0.000222329,-2.463130912,2.16566649,0.399782789,-0.001176816,-1.137401664,1.19671855,0.227630333,-1.92E-05,-2.145729354,2.66771777,0.435779992,0.000638299,-1.404717804,1.280477393,0.267558914,7.71E-05,-0.751669071,0.736512241,0.118220869,-0.001075632,-0.209105595,0.206275065,0.036966763,-4.17E-05,-0.508413178,0.577781973,0.099219987,-0.00118293,-0.178203394,0.342062708,0.036207146,-3.00E-05,-0.781919855,0.744100613,0.122721888,-0.000772861,-0.2111358,0.21586283,0.040535735,-3.28E-05
414,M,2,0.038493859,0.686525494,0.305858403,0.287649024,0,11.63211101,9.89919043,9.578470875,0,6.714987014,0.663026206,0.399417117,0.063603849,11.29593663,7.151669858,6.746553591,0.956529315,12.36007227,5.22066392,4.928061246,0.879010384,11.6258973,6.347741867,6.093310772,0,10.95935339,2.921806012,2.46837242,0,8.669664026,2.285616005,1.804072088,0,9.26360537,2.724965035,2.267233632,-1.096181565,2.006757003,0.236614035,-0.000141163,-1.127392067,0.765880764,0.134803293,-8.86E-05,-3.114121391,2.388296458,0.291339055,8.59E-05,-1.134078781,1.287469319,0.13080074,0.000175709,-1.679209005,0.970107945,0.121094003,4.48E-05,-0.639566635,0.63391869,0.069018765,-4.40E-05,-1.834885963,2.030030045,0.413230941,-0.000675972,-0.964130087,1.17135792,0.238102327,-0.00016684,-2.434267822,2.457760359,0.365761083,-0.000152794,-1.214266365,1.156210259,0.214851509,6.03E-05,-2.145729354,1.824912837,0.421966373,0.000224133,-1.357699709,1.280477393,0.266295787,0.00015608,-0.562222466,0.436584215,0.088026804,0.000454917,-0.148439528,0.230597426,0.032736298,-4.85E-07,-0.442486551,0.459821936,0.083152934,0.000577858,-0.156453743,0.160511401,0.031275232,1.61E-05,-0.781919855,0.45700528,0.093571852,0.000196928,-0.178797374,0.266085153,0.036132561,-2.68E-05
415,H,0,0,1,0.338852386,0.301833156,0,11.93412907,9.119082697,8.636767273,3.68E-09,11.44721194,2.085606526,0.844062185,0,10.99334715,6.975752026,6.641947699,0.504006848,11.65068634,5.3716397,4.843292774,0,11.85138316,7.120256888,6.845918004,0.00432656,12.76017763,3.045731047,2.364652638,0.017781519,12.69108611,2.998188583,2.088171647,0,12.69782467,3.159809832,2.377596707,-0.754458988,0.652037333,0.127729798,-0.000516212,-0.491467625,0.4666224,0.072101364,-9.16E-05,-3.00420084,2.6596745,0.402934735,-0.000423731,-1.072856018,1.346188534,0.172081314,0.000437003,-2.615904738,2.194256511,0.232149917,-0.000294254,-0.876436516,1.034807935,0.117379353,7.42E-05,-1.656433172,1.579307863,0.38966684,-0.00122186,-0.733205324,0.971950986,0.213800422,0.000333822,-2.396764024,2.427943111,0.414088953,0.000808595,-1.089177115,1.374423591,0.229338378,-0.000298763,-2.529302155,2.465047623,0.36773371,-0.000550989,-1.369211904,1.270165224,0.207502333,0.000535494,-0.616465737,0.499321657,0.085580423,-0.000290517,-0.155817751,0.290421286,0.025148378,1.66E-05,-0.347117989,0.466944909,0.073166749,-0.001354915,-0.126110423,0.151103642,0.021404717,3.15E-05,-1.018194515,0.796483488,0.132596512,0.00020212,-0.253597275,0.598292784,0.041246491,-1.12E-05
415,H,1,0.094552071,0.608573866,0.29474819,0.27678906,0.241318907,11.93412907,9.368129606,8.994978916,0,12.23904292,3.089267689,1.519389153,1.119249497,11.92303446,7.241849998,6.868480827,0,11.98792154,5.227968223,4.704112382,1.193451727,11.85138316,7.257393596,7.0046774,0,5.091285903,1.952748429,1.631087377,0,4.787799181,1.567262788,1.19887432,0,7.235717314,2.372984343,1.814780128,-0.69074677,0.557913577,0.118063366,-0.000211924,-0.43999168,0.413403398,0.068693671,-8.87E-05,-2.82400177,2.646412644,0.37431507,-0.001011073,-0.903789624,1.529611579,0.159360427,0.00048222,-2.707170417,2.489355364,0.313726829,0.000941517,-1.002381782,1.261795815,0.148189392,2.85E-05,-1.670858598,2.074547956,0.3936383,0.001821688,-0.911146803,1.08109661,0.217139853,2.16E-05,-2.275469621,2.427943111,0.399799634,-0.0007482,-1.400035013,1.291654801,0.220535681,-0.000148354,-2.529302155,1.982056903,0.34448763,0.000203657,-1.160995244,1.270165224,0.192938702,0.000297021,-0.360869108,0.343650567,0.065488245,-1.69E-05,-0.100764958,0.175882786,0.020608469,-2.29E-05,-0.290490278,0.295131701,0.059296564,-1.66E-06,-0.126110423,0.139623712,0.018706122,1.05E-05,-0.513481981,0.518286059,0.098504598,-3.44E-05,-0.158709389,0.259198085,0.0315915,-3.71E-05
415,H,2,0.054560761,0.535041842,0.25376558,0.23763288,0.15983794,11.91311299,9.3996548,8.922525691,0,12.23904292,3.246164464,1.743077328,1.407404894,11.92303446,7.614259194,7.322678849,0,11.98792154,5.482470061,4.983872593,1.193451727,11.50495169,6.677913125,6.396847984,0,5.444914825,2.363133711,2.039388917,0,6.571471011,2.286915225,1.823773692,0.001121455,7.258772971,2.555694875,1.967861143,-0.755540558,0.634070872,0.119645818,-0.000667507,-0.43999168,0.439588588,0.071170707,-5.29E-05,-2.82400177,2.390284065,0.392316086,0.002442099,-0.888504276,1.529611579,0.165620677,0.00028951,-2.707170417,2.511656333,0.374533566,0.000430188,-1.582943769,1.261795815,0.179840301,-3.36E-06,-1.670858598,2.074547956,0.382017323,-0.000357416,-0.911146803,1.08109661,0.210402456,-0.000155787,-2.440743936,2.168108305,0.397470276,-0.001121845,-1.400035013,1.291993019,0.219206548,-3.41E-05,-2.115206036,1.982056903,0.331286764,0.001280865,-1.006201818,1.019768927,0.186916949,0.000148423,-0.283628191,0.28982953,0.061581002,-0.000261848,-0.100764958,0.086305557,0.018508575,1.92E-05,-0.24215682,0.351860522,0.061844769,0.000373612,-0.073917585,0.180604031,0.01869152,9.79E-06,-0.426889268,0.650046269,0.099306016,-0.000480827,-0.158709389,0.15547872,0.030086407,4.22E-05
415,L,0,0.293898619,1,0.491203523,0.473271891,0,11.59470448,8.9141573,8.481860608,0,1.337848513,0.482848576,0.3416983,0.025889828,12.1373389,7.400482153,7.120837818,0,12.17895365,4.711420443,3.992789419,0,11.38922934,7.18230486,6.900488846,0,12.86110045,4.671083213,3.837771728,0.087710315,12.86782098,3.567120961,2.469981774,0.14793632,11.25548301,4.151701646,3.536859495,-0.75739845,0.711108063,0.13919343,-0.00111079,-0.483838212,0.420373651,0.08050588,-0.000110755,-2.949812453,2.338334188,0.393792846,0.000132276,-1.017570053,1.501179518,0.18108174,0.000262673,-0.453638529,0.430751558,0.138035336,-0.000172821,-0.332486521,0.309244231,0.09386651,0.000148255,-2.014233542,2.308164865,0.436112819,0.001604816,-0.971995388,1.170516589,0.245683905,-0.00014572,-2.832719889,2.211451664,0.405854797,0.000565935,-1.031673841,1.339608853,0.217005217,-0.000314076,-1.934070074,2.486393061,0.400855963,-0.000325147,-1.202826838,1.041687167,0.231240659,0.000365673,-0.537141389,0.740656283,0.097278084,-0.001792052,-0.163319876,0.208856911,0.032612006,1.27E-05,-0.405121057,0.977083919,0.082738529,-0.001593432,-0.195979861,0.207526551,0.022548467,4.96E-05,-0.859074372,1.127576148,0.142395911,-0.001086322,-0.316421116,0.706152712,0.052215788,-5.64E-05
415,L,1,0,0.601438975,0.424719323,0.416567561,0.070427557,12.31593464,9.201489138,8.805505068,0,12.63360693,2.986983405,1.355976202,0,12.1373389,7.075583382,6.748805522,0,12.17895365,4.440026642,3.844589026,0,12.27682686,7.510909658,7.221532775,0,9.689204829,3.147109007,2.631934977,0.087710315,6.332035216,2.029996352,1.643655549,0.121622092,12.08409874,3.363921371,2.581622424,-0.83751645,0.783647472,0.139609338,-0.000583385,-0.483838212,0.484970903,0.080385784,1.75E-05,-2.931358447,2.338334188,0.400773815,-0.000174668,-1.055895063,1.208618983,0.176718851,0.000281932,-3.182981961,2.43931211,0.348698881,0.000208315,-1.457821906,1.513305207,0.170541907,-0.000112957,-2.314165488,2.308164865,0.458422873,-0.000750674,-1.025898417,1.254938377,0.25843051,-0.000104784,-2.832719889,2.164913423,0.397262013,0.000778101,-1.242945489,1.156317156,0.216991512,-7.04E-05,-1.985329438,2.486393061,0.421783905,0.000203094,-1.188030834,1.041687167,0.243838013,0.000140375,-0.474593967,0.725734894,0.104193278,-0.00040175,-0.167888971,0.256892651,0.033947229,-7.01E-05,-0.322292548,0.322523289,0.067978321,3.62E-05,-0.09385576,0.179506839,0.02169259,-6.40E-06,-0.681769829,0.922991068,0.142842688,-0.000532356,-0.217761938,0.546375279,0.051806441,-0.000104827
415,L,2,0,0.601438975,0.395811298,0.386273084,0.070427557,12.31593464,9.668253248,9.389710855,1.82E-05,12.63360693,3.000885597,1.448288033,0,12.03914981,7.001932955,6.666236897,0.001092917,11.15984061,4.196864614,3.755157947,0.301657572,12.27682686,7.711001222,7.473787668,0.066223597,9.938468674,3.49375734,3.03315462,0.053928616,6.332035216,2.538747708,2.219849482,0,12.08409874,3.4050098,2.51114231,-0.83751645,0.783647472,0.133803671,-0.000464294,-0.399586655,0.484970903,0.076912205,3.58E-05,-2.931358447,2.373833395,0.370285494,-0.000150562,-1.055895063,1.279321942,0.159757979,0.000367089,-3.182981961,2.43931211,0.352802388,0.000218187,-1.457821906,1.513305207,0.174500101,-8.06E-06,-2.314165488,2.195827828,0.468152103,-0.002162168,-1.088293464,1.254938377,0.273940748,0.000165393,-2.451629401,2.196352776,0.381380382,0.000111116,-1.606074265,1.11735454,0.211936418,-5.45E-05,-2.345939164,2.199018366,0.415295522,0.000744107,-1.188030834,1.374663506,0.240600751,0.000204702,-0.535836968,0.725734894,0.10286466,-0.000130313,-0.167888971,0.256892651,0.032143867,-6.01E-05,-0.322292548,0.294873743,0.063677912,-0.000550824,-0.09385576,0.179506839,0.020374354,-4.11E-05,-0.687559239,0.922991068,0.149611285,0.000319953,-0.217761938,0.546375279,0.05263983,-4.67E-05
415,M,0,0,1,0.617511417,0.579387152,0,12.18876063,9.578702741,9.221763544,6.17E-07,9.12738177,0.548829274,0.225549201,0.579823095,12.57583754,7.717377103,7.398078472,0,12.52391004,4.934223591,4.327256858,0,12.21478634,6.558431327,6.232285018,0,12.21783488,4.314441337,3.102662231,0.009579156,12.87768,3.743099075,2.34291997,0,12.21783488,3.100690888,2.09037967,-1.666511374,1.596046527,0.274520307,-0.002445288,-1.146159933,1.250652333,0.159551779,0.000263901,-2.774309065,2.22143005,0.354667304,-0.000495984,-0.992710354,1.287376562,0.163683528,0.000348594,-1.078862205,2.258432923,0.11597288,8.52E-05,-0.961565882,0.80367846,0.06680291,-0.000107214,-1.6243484,1.926970056,0.401976063,0.000321298,-0.964938785,1.107251211,0.238453218,-7.83E-05,-2.376580337,2.278178232,0.403794605,0.000994629,-1.439306879,1.148003987,0.222291875,0.000124874,-1.816237332,2.26358801,0.3602987,-0.001343898,-1.09040966,1.176333322,0.206557742,0.000188832,-0.688554276,0.793949884,0.093889497,-0.002261156,-0.200664011,0.20622434,0.030692502,-1.72E-05,-0.476039578,0.359425902,0.065134929,-0.003042579,-0.125548825,0.306325123,0.022975121,3.22E-06,-0.654184463,0.892491604,0.103818816,-8.24E-05,-0.323739,0.221131229,0.03390048,-1.17E-05
415,M,1,0,0.815059011,0.430469994,0.401987266,0,12.14373191,9.72371433,9.448925238,0,12.31298858,2.235879384,1.019541668,0.579823095,12.69320639,7.732936672,7.362793254,0.250575448,12.05186777,4.218915445,3.729615682,0.012838962,11.40864261,7.082903049,6.856872754,0.019677604,12.21783488,3.105009436,2.166134588,0,6.422507194,1.665423898,1.325272413,0,12.21783488,2.933839426,1.860937356,-2.22793466,1.729581183,0.323730262,-0.000471689,-1.260182551,1.250652333,0.188369914,-0.000111539,-2.774309065,2.326809969,0.362034104,-0.000336388,-0.995488313,1.23057347,0.163397071,0.000386275,-2.098185293,2.254039911,0.256048961,5.69E-05,-0.906301033,0.888683629,0.117804594,4.21E-05,-2.884684921,1.926970056,0.44565396,4.48E-05,-1.364629301,1.508534929,0.25432205,0.000204196,-2.206897756,2.283380267,0.380024527,-0.000265798,-1.439306879,1.370917091,0.211085601,-0.000218392,-2.478384987,2.26358801,0.371985969,0.000502416,-1.223895583,1.296822889,0.213495846,0.000323336,-0.688554276,0.613203194,0.0911963,-0.000456329,-0.147161054,0.189512251,0.031116862,1.48E-06,-0.384120764,0.359425902,0.062555229,-0.000255392,-0.107166461,0.306325123,0.021591006,-1.73E-05,-0.621358283,0.612347919,0.095540121,-0.00039656,-0.180832256,0.276314701,0.034595888,1.36E-05
415,M,2,0.06819996,0.768050831,0.430440141,0.411448784,0.429041452,11.65378349,9.293310036,8.92020553,0,12.31298858,2.593696022,1.372134188,0.458142762,12.69320639,7.43805725,7.112215776,0.046909727,12.2527134,4.549032125,3.830446797,0.012838962,11.75210997,7.117869904,6.822182326,0.019677604,9.72501255,2.734571153,2.283020907,0,6.434101178,2.415644475,1.962797883,0.021776422,9.187268314,2.06624746,1.519304541,-2.22793466,1.729581183,0.333864949,0.00019751,-1.260182551,1.129693333,0.192268419,-9.75E-05,-2.649683536,2.502354954,0.37976225,-0.002042421,-0.995488313,1.475597585,0.174649686,0.000512492,-2.098185293,2.254039911,0.295989994,0.001202374,-0.906301033,0.990329076,0.137559543,5.16E-05,-2.884684921,1.898208479,0.458868003,-0.002331023,-1.364629301,1.508534929,0.255989421,-0.000179542,-2.206897756,2.283380267,0.409485725,0.001816454,-1.213488004,1.370917091,0.22322857,-0.000509119,-2.478384987,1.852060506,0.38527635,-0.000868438,-1.223895583,1.296822889,0.222996998,0.000372294,-0.453173037,0.613203194,0.086646946,0.000888661,-0.144609457,0.180943387,0.029352513,5.62E-05,-0.338178189,0.327557357,0.062343162,0.000966594,-0.101603752,0.142789516,0.020952262,2.54E-05,-0.45468761,0.612347919,0.09588728,0.000596282,-0.180832256,0.276314701,0.035759789,5.25E-05
416,H,0,0,1,0.62992067,0.60554602,0,12.73661725,9.360487708,8.919359612,0,11.97234774,1.587858944,0.722796564,0,11.69524479,5.793127281,5.303022952,0,12.87083214,5.024768184,4.14526904,1.284324599,12.74285181,8.998049583,8.729587824,0,13.07114321,3.593195296,2.72147167,0.001994816,10.14025126,2.321489922,1.725404794,0,13.11279806,3.280041251,2.363587621,-2.451163972,2.052230946,0.34972857,-0.001909212,-1.574666113,0.972683636,0.202229417,-5.02E-05,-2.572153899,2.977416057,0.377801642,-0.000395247,-1.20090147,1.416634134,0.177052174,0.000231075,-2.679586174,3.549016752,0.347040203,0.000147075,-1.747801666,1.683472346,0.195602441,-0.000132037,-2.539939196,1.998967879,0.465000846,0.000986428,-1.17379898,1.381298583,0.267828464,0.000293354,-2.799718068,3.122947027,0.473144797,-0.001137165,-1.681094819,1.294140812,0.253260883,-1.66E-05,-2.037149693,2.641231411,0.40872225,0.000988559,-1.40579505,1.146042948,0.242251471,-2.94E-05,-0.513410495,0.639937029,0.09806465,-0.001629907,-0.145381865,0.214179252,0.034330842,8.49E-06,-0.336538824,0.55869114,0.089788455,-0.000157821,-0.136358171,0.286954059,0.026837816,-5.30E-05,-0.690269673,0.612910164,0.105797161,-0.001826645,-0.16814791,0.485817294,0.04216953,3.55E-05
416,H,1,0,0.985976305,0.538840293,0.51550843,0.293698577,12.60860946,9.59522852,9.251892361,6.46E-05,13.03064521,1.598522896,0.703194556,0.121116081,12.26694614,6.268926264,5.774343086,0.200854942,12.87083214,4.678489256,3.901701081,0,12.74285181,8.709482315,8.474101267,0,12.3992223,2.500180853,1.863945192,0,12.3992223,2.017225088,1.373265557,0,9.218395496,2.079582318,1.542839897,-2.451163972,2.052230946,0.332136826,0.000851477,-1.574666113,0.972683636,0.190278959,0.000224604,-2.648954877,2.842611132,0.344655138,0.000110998,-1.115949723,1.244093018,0.159950982,0.000262124,-2.679586174,3.549016752,0.32459536,0.002801741,-1.747801666,1.683472346,0.180924509,-8.86E-05,-2.539939196,1.998967879,0.509726492,-0.000380015,-1.092313477,1.270424444,0.29147231,-4.56E-05,-2.799718068,3.122947027,0.438343034,0.000735802,-1.523990753,1.225422063,0.234018429,9.84E-06,-2.180242238,3.181649898,0.42477751,3.73E-06,-1.40579505,1.693182336,0.253836201,0.000232787,-0.513410495,0.771737475,0.107850613,0.0003373,-0.208806048,0.297972128,0.034630795,2.66E-05,-0.374659807,0.472871061,0.086387535,4.63E-05,-0.136358171,0.286954059,0.026335176,1.60E-05,-0.951964707,0.909196137,0.118800874,0.00039441,-0.207236486,0.782128695,0.044242707,2.09E-05
416,H,2,0.150378468,0.985976305,0.591701591,0.565502906,0.520997051,12.79117767,10.11934092,9.824037419,1.40E-05,13.03064521,2.095616664,0.888473022,0.786563183,12.97223063,6.924192028,6.494030655,1.381620275,12.885477,5.036354785,4.499829118,0,11.53221104,7.472042143,7.27551162,0.045332902,12.3992223,3.049859411,2.385211043,0,12.3992223,2.273763074,1.658860449,0.058046119,9.416127876,2.634931433,1.996618631,-2.094932663,1.379720089,0.312096143,0.000797669,-1.269271949,0.838209625,0.176322539,7.21E-05,-2.648954877,2.79408251,0.334676884,0.000275464,-1.013836277,1.162305046,0.152346872,0.000247038,-2.605021057,3.228623059,0.321371849,6.80E-05,-1.567267525,1.350428067,0.179768271,-3.70E-05,-2.058236639,1.847220845,0.501113869,-8.96E-05,-1.092313477,1.37517656,0.28740479,-0.000124898,-2.620584256,2.664320256,0.38123247,0.000507813,-1.148887009,1.28372043,0.209683704,-0.000263955,-2.180242238,3.181649898,0.38284178,-0.000294146,-1.358889643,1.693182336,0.229248029,0.000373255,-0.533233356,0.771737475,0.112733007,0.000670332,-0.208806048,0.297972128,0.032741735,-3.83E-05,-0.517061633,0.498442497,0.086652076,0.000332717,-0.145694934,0.251037074,0.025631281,-1.24E-05,-0.951964707,0.909196137,0.125038827,0.000647255,-0.207236486,0.782128695,0.041639671,-4.94E-05
416,L,0,0,1,0.827988227,0.826110328,0.830183546,15.05802282,9.985096996,9.632660621,7.77E-06,13.14123504,2.21666194,0.968867316,0,16.28146841,8.688004103,8.56023318,0,31.16665093,6.245775509,5.927211412,0,37.91708967,7.746329737,7.550910514,0,29.97998455,2.14157514,0.898601273,0,32.50433543,2.054438378,0.544800679,0,26.4672312,2.258272006,1.100558636,-4.007185517,3.442752412,0.165721821,0.001740657,-0.745252914,3.637560221,0.090993115,0.000976973,-2.601346151,2.939932582,0.345186054,-0.000219582,-1.177538041,1.20580006,0.156788965,1.66E-05,-2.767173789,2.843895056,0.332355357,0.000281175,-1.802747868,1.322753397,0.188268652,3.82E-05,-6.186690981,3.207613229,0.370244087,0.001085418,-1.856394673,4.106180672,0.218150329,0.00102073,-2.617745096,2.632695804,0.369454123,-0.001181898,-2.326666128,1.130790796,0.214600027,-0.000473962,-5.556089989,10.63804674,0.454623714,-0.00017073,-7.610691764,5.725137506,0.292853342,-0.001490842,-1.10626932,0.907436271,0.067245915,0.000203051,-0.400366053,0.19457144,0.017928211,-7.01E-05,-1.613677035,0.954312897,0.085259487,0.000315859,-0.525048838,0.194972744,0.02209744,-0.00010908,-0.578677148,0.875844986,0.067939897,0.000468589,-0.309676216,0.233304338,0.019015006,-3.34E-05
416,L,1,0.714454695,0.87705683,0.814913525,0.814213717,0.81347381,12.17372392,10.03857922,9.71583447,0,13.14123504,1.534131669,0.540333921,5.001973027,12.27360338,8.790767364,8.650055839,1.924184152,12.78578581,6.145637349,5.959187154,2.425707878,10.58288076,7.198854028,7.077803695,0,2.03999179,0.522342703,0.429077381,0,2.084692889,0.454564961,0.33007184,0,2.01590911,0.623108403,0.482995044,-0.423706752,0.387601429,0.072979667,9.29E-05,-0.239009764,0.192385697,0.041050856,2.26E-07,-2.376597674,2.939932582,0.335623662,0.000182673,-1.177538041,1.423353609,0.154051879,0.000203542,-2.767173789,2.843895056,0.28575507,-0.000142952,-1.802747868,1.322753397,0.162219815,8.16E-05,-1.251927548,1.41275133,0.322468148,8.03E-05,-0.718166628,0.814133277,0.18826397,-0.000280193,-1.681432203,1.557551728,0.299186052,0.000169594,-1.030894387,0.765457632,0.175537769,4.40E-05,-1.656616589,1.560526418,0.302353543,5.63E-05,-0.844305351,0.825752619,0.185404684,0.000311093,-0.142021866,0.155055626,0.021480795,1.56E-05,-0.048253032,0.125033203,0.007764866,-8.23E-06,-0.11851228,0.209111649,0.023971413,3.14E-06,-0.069135045,0.083426883,0.00791694,-9.80E-06,-0.193456215,0.196383113,0.029671029,1.58E-05,-0.068315677,0.158078361,0.012100916,-8.23E-06
416,L,2,0.714454695,0.87493355,0.809913209,0.80929201,0,11.90785405,10.13328598,9.883025625,0,11.94784364,1.426745661,0.605651599,4.584097623,12.53166161,9.211605968,9.05509041,1.512917597,12.77339727,6.02190582,5.858302698,2.425707878,10.58288076,6.667509653,6.551447006,0.007235204,2.403604818,0.714985048,0.605387264,0.006590657,2.084692889,0.482404397,0.35117884,0.006683089,3.489181026,0.949419045,0.775207722,-0.423706752,0.387601429,0.0723339,-0.000154101,-0.239009764,0.19811292,0.041405962,-1.50E-05,-2.655757988,2.845049003,0.331466712,-4.24E-05,-1.11753469,1.560287329,0.161402237,0.0001945,-2.225871072,2.314594644,0.258827556,0.00016371,-1.199514602,0.877136523,0.143753409,2.71E-05,-1.359775493,1.206594367,0.319436618,-1.46E-05,-0.71673463,0.811529315,0.185064273,-4.14E-05,-2.285749532,1.557551728,0.293240428,-0.000554961,-1.032884859,0.815852277,0.170731876,2.11E-05,-1.656616589,1.560526418,0.299963795,-0.00030185,-0.844305351,0.825752619,0.181251426,0.000132544,-0.095321772,0.155055626,0.020326203,2.05E-05,-0.048253032,0.046933336,0.006992261,2.07E-06,-0.11851228,0.209111649,0.021715388,6.09E-05,-0.069135045,0.05604081,0.0067176,3.98E-06,-0.139946505,0.253783015,0.029765055,-2.04E-06,-0.070194835,0.077235551,0.011034176,9.82E-07
416,M,0,0.146124883,1,0.487305299,0.469960819,0,12.88331636,9.323275235,8.872750076,0,11.44905942,1.44160876,0.645584353,0,12.58549528,7.469129186,7.118588621,0,13.17149194,5.255799354,4.500537276,0,12.50798034,7.640442711,7.402533643,0.057486661,13.40975165,5.962592147,4.773588035,0,13.33087041,2.28345367,1.451986549,0.074033715,12.97600664,5.576469903,4.274224102,-1.424785818,1.217158262,0.244443189,-0.000397858,-0.636618835,0.617308071,0.13815491,3.51E-05,-3.204222629,2.66653202,0.351680182,0.000213514,-1.193288759,1.315834801,0.163076368,0.000107314,-2.200319764,2.118713996,0.256557406,9.75E-05,-1.338883786,1.147156326,0.156278819,1.00E-06,-2.425654233,2.767532777,0.466065043,0.000177941,-1.255482517,1.741955953,0.26306895,-0.000773591,-2.92517989,2.929563602,0.450245246,0.00021387,-1.864642643,1.212507225,0.245704888,-1.56E-05,-2.391543567,2.463765093,0.354864602,-4.91E-05,-1.146200046,1.212742863,0.209485778,0.000414081,-1.201343513,1.213221978,0.136953068,-0.002587256,-0.360165781,0.438956984,0.044425339,-2.69E-05,-1.328397819,1.192025769,0.121786982,0.000397793,-0.357029497,0.620268908,0.033465489,-3.85E-06,-0.978287548,0.686548198,0.123862021,-0.002858916,-0.270785597,0.659791015,0.048559078,3.88E-05
416,M,1,0.022154434,0.696893631,0.423739096,0.407657496,0.345496532,12.46419819,9.541248457,9.117554799,2.38E-05,12.68598973,2.034546226,0.994210213,0.254144996,12.58549528,7.479562461,6.990615444,0.944853879,12.47835873,5.109824881,4.379596818,2.325942484,11.42657506,7.920886946,7.714926456,0.003435023,12.23364976,3.55571036,2.734968874,0,5.537765214,1.553801011,1.215394658,0,11.04049657,3.295146875,2.397781997,-1.288177924,1.147462496,0.244325663,0.00027146,-0.742616235,0.719177425,0.14144124,-4.12E-05,-2.959229686,2.66653202,0.319118958,4.57E-05,-1.136691348,1.333482676,0.153003061,0.000171484,-2.589007725,2.443156479,0.332247581,-0.00012242,-1.751990673,1.500137232,0.191881251,0.000140008,-1.94607367,2.268906447,0.44052951,-0.00082499,-1.222367876,1.288287556,0.247125019,-0.000408959,-2.559695209,2.624959234,0.365558563,0.000308194,-1.071013973,1.146870113,0.198569217,-0.000270755,-1.804415425,1.647450357,0.298283058,0.000260796,-0.943476255,0.981114046,0.181088653,0.000528218,-0.855869692,1.033431884,0.122407173,0.000510551,-0.295617064,0.404476947,0.04179962,3.26E-05,-0.380072841,0.4485804,0.070921038,-6.24E-05,-0.096177899,0.236292942,0.024490811,1.38E-05,-0.929763062,0.995171275,0.126586304,0.000640928,-0.301261845,0.659791015,0.048666888,3.58E-05
416,M,2,0.022154434,0.696893631,0.416038301,0.403916628,0.345496532,12.1652102,9.564691363,9.279084608,2.38E-05,12.68598973,1.547907833,0.725057958,0.254144996,12.45188061,6.580290641,6.03012448,0.944853879,12.31610314,4.42205147,3.781144979,2.325942484,11.42657506,8.394009957,8.238737873,0,12.23364976,2.946633735,2.345455039,0.011618065,5.827170358,1.634633392,1.300097556,0,11.04049657,2.58192066,1.862487042,-1.288177924,1.147462496,0.245447584,0.000219285,-0.835343343,0.719177425,0.144455408,-3.47E-05,-2.959229686,2.705459064,0.30045563,0.000367509,-1.136691348,1.333482676,0.148262902,0.000242047,-2.589007725,2.443156479,0.278145691,4.00E-05,-1.751990673,1.500137232,0.16587884,7.72E-05,-2.466284936,1.707560598,0.4371031,-0.000680851,-1.112821542,1.398781967,0.248393762,-0.0001412,-2.610664062,2.515340362,0.344039091,0.000241333,-1.184329276,1.146870113,0.190311656,-0.000145108,-1.804415425,1.918222036,0.30497647,-0.000212384,-0.943476255,1.048320862,0.183748469,0.000220824,-0.855869692,1.033431884,0.115087671,0.000136825,-0.295617064,0.404476947,0.042315045,2.75E-06,-0.380072841,0.4485804,0.069061224,-7.82E-05,-0.105249734,0.236292942,0.023829751,3.55E-05,-0.929763062,0.995171275,0.119452224,0.00024035,-0.301261845,0.501156089,0.047811937,-3.48E-05
417,H,0,0.022726625,1,0.2499166,0.19877516,0,26.22923236,5.200046906,4.876990189,0,12.70749403,1.837329449,0.784923947,0,62.1911826,12.3820637,11.34785434,0,62.24066955,11.45702219,10.46010878,0,7.088499965,0.938326122,0.86593213,0.001104489,30.47338109,3.204415063,1.481166919,0.003807298,54.47519377,4.989282912,1.881049089,0,7.917743301,1.72291496,0.919990662,-11.50093002,10.87779995,0.387943827,0.000133455,-3.734722177,12.09685569,0.283888505,0.002718279,-2.018346384,2.747789877,0.272030619,-0.000139103,-1.888609055,1.498862497,0.147984065,-4.34E-05,-2.266845448,2.713415641,0.258619254,0.000627787,-1.161448046,1.182297063,0.135685548,-0.000167318,-0.7846533,1.887784479,0.093819572,-0.000314216,-0.74748084,0.89455562,0.054814,0.00025714,-0.971467037,1.672914626,0.123141555,-1.76E-05,-0.699113571,0.919645694,0.073849776,-0.000411643,-1.73184449,0.557363076,0.08089148,0.000183283,-0.726017506,0.663009996,0.0467824,3.03E-05,-0.599611062,0.324051692,0.06311429,-0.002007919,-0.079047449,0.158616206,0.013778024,-9.84E-05,-1.301957679,0.675833911,0.098276577,-0.004716545,-0.194825366,0.302528905,0.023237677,-0.00024273,-0.401341478,0.401595321,0.058108799,0.000890207,-0.071734672,0.189786178,0.013751622,-6.74E-06
417,H,1,0.046364152,0.1909194,0.15205011,0.149488056,0.26523664,6.562261909,5.176909738,4.996412445,0,9.490628325,1.674032259,0.735160762,8.990152408,11.26394026,9.910164568,9.905806811,7.787439837,10.88241246,9.080275542,9.065758504,0.27418222,1.368249687,0.929291031,0.909089535,0,2.869596526,0.780697555,0.63196775,0.003807298,2.456245326,0.80714555,0.678992841,0,2.799259407,0.662720221,0.483124706,-0.216852057,0.2160053,0.034670489,-0.00042419,-0.084988994,0.106343682,0.016532685,3.34E-05,-1.231921057,1.298797459,0.17959154,-0.00119871,-0.550532959,0.63210801,0.080295819,0.00030044,-2.334872046,1.389891667,0.227908694,3.12E-05,-1.040746014,1.063853316,0.116831337,-4.98E-05,-0.220726256,0.253751314,0.046487505,-2.64E-05,-0.146304406,0.15734376,0.027212643,1.73E-05,-0.324711675,0.393220545,0.069262552,0.000147244,-0.173770875,0.17576806,0.040511309,-4.19E-05,-0.219583807,0.172052395,0.037490392,-0.0001306,-0.1017481,0.111785974,0.021725586,1.52E-05,-0.271383845,0.303313946,0.042544074,0.000652743,-0.080808095,0.25282026,0.013115042,-2.81E-05,-0.33034711,0.349646718,0.051475862,4.21E-05,-0.101407743,0.2840401,0.020575056,-2.73E-05,-0.260661018,0.243521723,0.040013795,0.000804711,-0.059165558,0.199359169,0.012208337,-2.33E-05
417,H,2,0,0.206129654,0.152076555,0.14835916,0.260720539,6.562261909,4.994751714,4.786459004,8.28E-05,9.490628325,2.455746922,1.305801486,8.946792199,11.26394026,9.784275425,9.779539828,7.787439837,10.80543044,8.976873811,8.959207067,0.322376453,1.464056095,0.940009927,0.918212273,0,3.383861246,0.971185998,0.779714239,0.005650554,3.453210613,0.894388642,0.721787567,0.006597328,2.834422669,0.85547419,0.648805352,-0.238882912,0.290694699,0.041810528,-8.80E-05,-0.118794786,0.12557675,0.01974727,4.32E-05,-1.431876724,1.595802011,0.198253328,0.000416893,-0.677688256,0.670386941,0.089549884,0.000387813,-2.334872046,1.967363835,0.322494417,-0.000133046,-1.040746014,1.063853316,0.156025384,9.11E-05,-0.223782626,0.298625808,0.049327702,-7.89E-05,-0.158223374,0.137797547,0.028815413,2.26E-05,-0.431213122,0.403232906,0.07805145,-0.000181961,-0.227109051,0.188584094,0.04639153,-4.60E-05,-0.255768783,0.190240992,0.039841592,3.02E-05,-0.110129491,0.107228546,0.023734232,-7.34E-06,-0.335008567,0.399078599,0.054830343,0.000280943,-0.091602781,0.25282026,0.016215476,-6.41E-05,-0.413363951,0.472579992,0.065027121,-2.85E-06,-0.116753508,0.2840401,0.024038584,-7.18E-05,-0.276340166,0.321481058,0.051072502,0.000304895,-0.067122243,0.250390092,0.015953809,-5.16E-05
417,L,0,0,1,0.382608418,0.374464565,0,12.25316304,8.431131974,8.093396822,2.53E-06,11.71580663,2.05922882,0.922657228,0.362989383,15.45571674,5.940713564,5.718703137,1.816713626,14.71101489,6.018713522,5.801847473,0.455152857,8.581982892,5.486885755,5.292338243,0.013487123,19.57430234,3.628563425,2.543536777,0,19.52256684,2.949514853,2.063100202,0.016786777,11.34192623,3.032182622,1.869108423,-0.947831335,1.055234294,0.086130324,0.00132278,-0.349694312,0.534481536,0.036439006,8.20E-05,-2.820138334,2.681143954,0.368153208,-0.001259738,-0.990104885,1.437795025,0.163518269,0.000521429,-3.361233274,2.477300037,0.303688519,-9.55E-05,-1.513370763,1.454171839,0.157817029,7.82E-06,-2.641797432,2.767037884,0.447501834,0.000501686,-1.576125032,1.707825825,0.265256008,0.000158666,-2.252015433,2.351828849,0.36224195,-0.000636576,-1.482157578,1.27263256,0.212981603,0.000149025,-2.017118883,2.062026982,0.325676797,0.000778021,-1.672276801,1.200420955,0.202060818,-0.000409149,-1.485522935,1.203256722,0.146711633,-0.00075641,-0.303633668,0.480618184,0.038434341,-0.00031838,-1.613002293,1.495581536,0.141325969,-0.000947746,-0.323139497,1.200043354,0.050974579,-0.000335445,-0.66591251,1.210885822,0.15705391,-0.000375119,-0.282702734,0.588594414,0.042645756,-0.000133418
417,L,1,0.177430451,0.476614168,0.375363665,0.373727299,0.642702428,11.2549908,8.990623734,8.769707155,0,9.600683871,1.690983716,0.684799319,0,10.30360824,5.956649566,5.799602928,1.816713626,11.47403151,5.740365571,5.542157157,0.00383583,8.581982892,5.727219413,5.57684587,0.013487123,10.24526179,2.464711465,1.507291678,0,5.866104301,1.523383034,1.028934763,0.015360405,10.90735608,2.533673287,1.278855966,-0.386384319,0.285436806,0.047161975,-5.34E-05,-0.178109378,0.142744521,0.023770157,2.85E-05,-2.231946484,2.681143954,0.270332815,0.000298555,-0.990104885,1.032162075,0.11911939,0.000392053,-2.517855024,2.477300037,0.239885125,9.82E-05,-1.15896675,1.122892263,0.126341976,-3.77E-05,-2.381787574,1.869447652,0.397374603,-0.000389045,-1.247237349,1.33759946,0.236117466,8.00E-05,-2.252015433,2.351828849,0.310161075,-0.000358982,-1.482157578,1.120406875,0.181702614,-0.000249025,-1.884012243,1.613901993,0.284415643,-0.000680567,-0.933626468,0.926552801,0.168715824,1.42E-05,-0.637756472,1.203256722,0.12262833,0.000791284,-0.279315862,0.298497261,0.028227361,-0.000120584,-0.620377898,0.753645342,0.085881273,0.00037445,-0.173024758,0.336248989,0.026778801,-6.79E-05,-0.709462127,1.210885822,0.140072682,0.0008352,-0.282702734,0.588594414,0.035591846,-0.000133838
417,L,2,0.157478545,0.472420391,0.372951209,0.371626824,0.702854481,11.03557103,8.943696395,8.735414305,0,10.75180376,1.721660608,0.685341574,0,11.81733906,6.05877966,5.915619147,1.191950134,11.47403151,5.861723051,5.673521349,0.00383583,8.751824917,5.70884638,5.555552167,0,9.858982044,2.248835131,1.494934724,0.011239479,5.490438973,1.299698553,0.937549267,0.015360405,11.61088106,2.379890568,1.395696011,-0.388864881,0.333567469,0.048064474,-0.00036545,-0.178109378,0.206314509,0.025565519,-6.58E-05,-2.015246961,2.719628532,0.273909168,-0.001260322,-1.083932864,1.132357722,0.12626149,0.000324282,-2.750775123,2.153046316,0.2316184,9.45E-05,-1.268983521,1.176024166,0.120496401,3.30E-05,-1.875156157,1.900676467,0.38902669,-0.000157164,-1.13004372,1.007082255,0.230301111,8.08E-05,-2.139939267,1.679956336,0.312907629,0.000675318,-1.199381418,1.121019336,0.182208695,-0.000106851,-1.973737237,2.080801869,0.282233265,-0.001148496,-1.090602151,1.356930097,0.166748487,2.99E-05,-0.724606429,0.95312498,0.11913457,0.001680723,-0.194777613,0.298497261,0.026667807,0.000131278,-0.560258172,0.514802478,0.076380066,0.000951498,-0.127474806,0.336248989,0.022884227,4.15E-05,-0.870665613,1.164917681,0.138016279,0.001726999,-0.233267819,0.558847431,0.033132388,0.000187632
417,M,0,0,1,0.37012845,0.358026485,0,11.06169219,8.285916571,7.961269787,4.57E-07,9.381735512,1.776624567,0.858745968,0,12.39902168,6.064799225,5.738200375,0,12.20717277,5.863225178,5.513925285,0,13.27650286,7.365463708,7.171918476,0.034518524,11.75610639,3.521809157,2.706811939,0,14.86709073,2.849665852,2.264261181,0.016514857,11.74798421,2.964622889,1.952209322,-0.825912444,0.887897819,0.122168744,-2.22E-06,-0.292671181,0.355407838,0.056044055,0.000135902,-2.231021908,2.428711019,0.342876188,0.001744452,-0.812026495,0.926630042,0.148579325,0.000727331,-2.301452685,1.596845612,0.23194519,0.000143048,-1.19189446,0.905678441,0.115621221,-1.18E-05,-2.984575805,2.48803271,0.445954509,-0.000269041,-1.604596484,1.506084966,0.262502513,0.000307323,-2.442225733,2.722485225,0.448288385,-0.000945719,-1.393770216,1.12890512,0.254171822,-0.000390138,-2.309826458,2.413381356,0.40934269,0.001171103,-1.320406532,1.758491379,0.23919865,0.000223721,-1.059663299,1.115106042,0.151473225,-0.000605399,-0.247660987,0.433075462,0.038259868,-0.000261529,-2.052513136,1.466863707,0.154527072,-0.000686268,-0.514089739,1.150150945,0.06285328,-0.000231241,-0.874927133,1.129392056,0.148743779,-0.000458233,-0.252058215,0.524841191,0.035998843,-0.000196932
417,M,1,0.062388991,0.435569678,0.351623044,0.345309973,0.196633456,11.06169219,8.586309762,8.316723885,4.57E-07,9.158441926,1.533100675,0.68915743,0,9.290988435,5.301382985,5.143529951,0.961144796,12.20717277,5.662119494,5.368817369,1.992394829,10.77190503,7.430900892,7.252063678,0.034518524,11.27058941,2.899999282,1.993101083,0,6.3432195,2.030654461,1.653075218,0,11.46321701,2.58780032,1.410542778,-0.65836911,0.726569807,0.091895449,-0.000486593,-0.252407956,0.296375164,0.046477965,5.65E-05,-1.98532083,2.428711019,0.282140302,0.000156301,-0.753720509,0.926630042,0.124937401,0.000413171,-1.955760366,1.413201064,0.177604289,-0.000214862,-0.621394252,0.903329224,0.091450419,-2.65E-06,-1.727814698,2.06019694,0.372254606,-0.001290749,-1.107981511,1.059706807,0.217978689,0.000170746,-2.329907595,2.179565647,0.397297745,-0.00052433,-1.060515294,1.082552945,0.229312316,-9.69E-05,-2.094439323,2.224887483,0.337902678,0.000445682,-1.227927358,0.96342753,0.194534162,9.86E-06,-0.873261117,0.860935097,0.139769447,0.00062584,-0.21899125,0.378329269,0.032687314,-0.000162523,-0.636881891,0.681362335,0.114032077,0.000183255,-0.167271566,0.554911445,0.040488518,-9.34E-05,-0.787882892,0.887101313,0.13617207,0.00059527,-0.192862816,0.524841191,0.031229229,-0.000150666
417,M,2,0.089737892,0.453576016,0.349522061,0.34447095,0.516056617,11.0759407,8.602047922,8.383827919,2.49E-05,11.3756934,1.947319548,0.997153209,1.45361761,11.24963334,5.359566389,5.223771536,0.852741094,11.78295311,5.591396181,5.350724769,1.992394829,11.23856748,7.684598328,7.501163484,0,10.12966716,2.603006981,1.775522001,0.001316918,6.3432195,2.069337518,1.630035262,0,9.289988752,2.215369006,1.165172142,-0.556856602,0.726569807,0.07869531,-0.000547882,-0.250561226,0.296375164,0.042150806,0.000112914,-2.048820158,2.573891331,0.241087362,0.000210779,-1.091658077,1.075198154,0.111479365,0.0002758,-1.424217345,1.527218406,0.206635908,-0.000166661,-0.572706685,0.760569877,0.100526539,-4.00E-05,-2.161264254,2.06019694,0.362604855,-0.000512097,-1.22853456,1.111861109,0.215168085,-8.02E-05,-2.329907595,1.934735728,0.360985286,-0.000613839,-0.968056697,1.134940002,0.212756745,4.05E-05,-1.777835364,1.6752038,0.318550631,0.000365309,-0.850441606,0.938068751,0.180847859,1.18E-05,-0.778040771,0.730222025,0.111290497,0.000574624,-0.209102205,0.271884392,0.023623011,-0.000102607,-0.636881891,0.681362335,0.097684824,0.000173932,-0.167140028,0.454288382,0.029906223,-2.71E-05,-0.676746684,0.716352623,0.105933953,0.000577971,-0.181853662,0.439739811,0.02350294,-0.000104919
418,H,0,0,1,0.534203845,0.517116863,0.018189443,10.90513746,7.390668648,6.55021818,1.32E-07,9.802140031,1.902242124,0.95689565,0,11.25189738,6.232340647,5.83780466,0.455209794,11.24837689,5.91457825,5.490321381,0,10.40570154,5.828634127,5.60889789,0.089014172,8.901256129,3.240741596,2.643689808,0,8.901256129,3.022931059,2.213149048,0.041890837,11.60651266,3.791782766,3.113164084,-1.183356259,0.885406723,0.18686767,0.001035361,-0.70074783,0.543025453,0.104849354,-0.000270303,-2.617561508,2.373004626,0.379547307,-0.000130292,-0.958689348,1.007679278,0.161196545,0.000855309,-1.616262609,1.591649887,0.198260718,0.000249435,-0.609463476,0.658698093,0.093496986,-3.37E-06,-2.278269189,2.241141101,0.425100212,0.000453951,-1.349321982,1.241435502,0.245370733,-0.000225291,-2.220121628,1.952997683,0.418974549,0.001288045,-0.959560975,1.104845959,0.225654465,-0.000377253,-1.699193387,2.637872788,0.360680384,-0.000973786,-1.095017981,1.281385827,0.20894105,0.000747522,-0.516644839,0.571734294,0.070767218,-0.000989438,-0.066208536,0.230316076,0.015451577,1.83E-05,-0.613216689,0.647917136,0.071198565,-0.001125286,-0.074199581,0.486955776,0.015685207,3.60E-06,-0.853157611,0.866919101,0.153280345,0.000246573,-0.25141171,0.555667518,0.048632626,6.15E-05
418,H,1,0.22293478,0.805260122,0.58323696,0.572773389,0.028673298,11.36129312,8.83009395,8.261978295,4.10E-05,11.38801845,2.31381507,1.257100028,0.544203687,11.69781795,6.742085087,6.437514727,0,11.24837689,5.709020741,5.336886922,0.5632985,11.26009509,6.055152632,5.851081007,0.070812488,4.230662703,1.423476549,1.212043076,0.007759579,3.151114749,1.075954565,0.805923279,0.041890837,9.30752275,2.919389891,2.531026852,-1.183356259,0.885406723,0.157563304,0.000503504,-0.70074783,0.543025453,0.092688825,-6.23E-05,-2.752866363,2.373004626,0.411817963,0.002223004,-0.960047682,1.038532149,0.177787797,0.001029534,-2.227467928,1.614894566,0.262017394,-0.000177993,-0.771517869,1.045220634,0.119311623,-6.97E-05,-2.278269189,2.241141101,0.428476752,0.001430515,-1.349321982,1.241435502,0.241509446,-0.000316146,-2.713011562,1.850157375,0.409729166,-0.00100533,-1.089397914,1.422424278,0.229215901,-2.43E-06,-1.736702844,3.146450425,0.367250715,0.000583912,-1.398025009,1.930055319,0.214041681,0.000602175,-0.291068917,0.379503635,0.057052269,-0.000618294,-0.077160349,0.194466017,0.015127322,-2.18E-05,-0.273221886,0.285897183,0.050461159,-0.000499399,-0.074199581,0.175313121,0.012452648,-2.90E-05,-0.746243183,0.826497776,0.144068275,-0.001136902,-0.209588837,0.555667518,0.051435347,5.68E-07
418,H,2,0.273931751,0.840774487,0.630723734,0.625516942,0.028673298,11.36129312,9.118891115,8.64367071,0,11.38801845,1.794838704,0.848472476,0.271056084,11.69781795,6.680469954,6.312320254,0,10.83075504,5.608467385,5.283003608,1.136959898,11.26009509,6.255916052,6.069264624,0,5.073029771,1.36765455,1.087470589,0.028296185,4.15993703,1.030607036,0.702586645,0.055565375,9.13112476,2.810492392,2.297224757,-0.864511691,0.767368418,0.136985939,-0.000149214,-0.470924673,0.431444124,0.078228406,-7.38E-05,-2.752866363,2.360391639,0.390297624,-0.000118658,-0.96536717,1.191324687,0.172153359,0.000930109,-2.227467928,1.614894566,0.230879309,-0.00019882,-0.771517869,1.045220634,0.10924467,-3.21E-05,-2.184705238,2.036059825,0.428411946,-0.0007407,-1.485261274,1.178080216,0.241213468,-0.000461905,-2.713011562,2.069114783,0.38103396,-5.38E-05,-1.102917849,1.422424278,0.218919586,6.73E-05,-1.771372141,3.146450425,0.343682753,0.000806781,-1.398025009,1.930055319,0.201940844,0.000448645,-0.291068917,0.388084914,0.057637462,0.000347089,-0.077160349,0.194466017,0.014244923,2.82E-06,-0.233824813,0.298005802,0.050807301,0.00054281,-0.054036181,0.175313121,0.012169339,-1.87E-05,-0.746243183,0.893116893,0.136613163,-0.000472021,-0.209588837,0.520336896,0.048505219,8.99E-05
418,L,0,0,1,0.499197645,0.477670166,0,11.24671468,7.211062381,6.24847602,4.89E-05,9.200698948,1.411135735,0.715608842,0.23768147,11.756373,5.68572906,5.332334252,1.084873067,11.08810308,6.379079829,6.028225705,0.261139704,9.831026359,5.332228227,5.034508292,0,11.86478842,4.660208498,3.640569625,0.010471436,11.88363625,3.392404661,2.53064085,0,11.92805281,3.932530969,2.835005674,-1.042961245,1.068227972,0.185792045,0.000467526,-0.624498587,0.541922255,0.101867152,-0.000123633,-2.631224218,2.106411822,0.345275191,0.000740757,-0.936485518,1.466542067,0.158286714,0.000498093,-1.991990623,1.774824237,0.193594157,-3.59E-05,-0.737825811,0.63675905,0.105726961,4.78E-05,-1.796202237,1.986719807,0.390604179,1.58E-05,-1.13665393,1.004598958,0.221576362,-0.000419184,-2.206943005,2.19617717,0.355071021,-0.000337254,-1.003367771,1.172093446,0.197758721,-0.000121423,-2.584853197,2.000589872,0.320613374,0.000335313,-1.105443739,1.033452668,0.186239835,0.000141022,-0.504951103,0.473566247,0.077883845,-0.000867805,-0.096216529,0.300296863,0.020126442,-3.82E-05,-0.555234167,0.589240715,0.090340318,-0.000190623,-0.11364911,0.434670404,0.024362553,-1.49E-06,-0.461317595,0.695823477,0.077261642,-0.000924296,-0.120157266,0.486532116,0.022138532,-4.36E-05
418,L,1,0.053145391,0.765163688,0.448965053,0.424715685,0.115077722,11.24671468,8.355066689,7.912495188,0,9.200698948,1.349154566,0.591749252,0.019357577,10.79839475,5.883185067,5.464298143,1.211394252,11.28621329,5.559063877,5.184136418,0,9.831026359,5.928092612,5.761573645,0,7.138226284,2.013051927,1.664431026,0,7.091981193,1.867294644,1.399316827,0.009704733,5.411342869,1.477634885,1.127436471,-0.995702428,0.850444894,0.148915749,-0.001273431,-0.620642211,0.425018302,0.086082974,-3.31E-05,-2.631224218,2.147366065,0.350725296,-0.001256065,-0.936485518,1.466542067,0.157688133,0.001317128,-1.991990623,1.774824237,0.18529451,-0.000137541,-0.737825811,0.63675905,0.099651082,-3.58E-07,-1.796202237,2.062344037,0.374810294,-0.00158168,-0.939456901,1.004598958,0.206781303,-0.000511673,-2.261904165,1.790486598,0.336755529,0.001400688,-1.003367771,1.172093446,0.185336692,-0.000367582,-1.669937625,2.000589872,0.303078066,0.00010327,-0.887213618,0.995264399,0.176773469,0.000933043,-0.49663804,0.645551699,0.077699894,0.001133263,-0.124552869,0.205923084,0.019459245,-7.36E-05,-0.539736758,0.540961834,0.081949131,0.001720842,-0.154277673,0.232035933,0.02052455,-5.44E-05,-0.429277595,0.499628284,0.067096883,-5.91E-05,-0.106251315,0.308446688,0.020619336,-9.27E-05
418,L,2,0.053145391,0.753462553,0.373163484,0.353933069,0.14373942,10.82954123,8.584305262,8.293149521,0,11.39716888,1.634748693,0.639770715,0,10.79839475,6.108750168,5.609306055,0,11.37723451,5.0130184,4.683805654,0,11.12909157,6.102097414,5.958149762,0.007289738,7.36242801,2.62677234,2.148625597,0,8.82988505,2.339609084,1.772107145,0.009704733,5.411342869,1.961218967,1.597448114,-0.995702428,0.807861866,0.139339014,0.000101375,-0.620642211,0.425018302,0.080110774,-4.72E-05,-2.400870606,2.147366065,0.294551334,0.000332819,-0.865544204,1.250793871,0.13055139,0.000590065,-1.905271162,2.634356909,0.204144928,2.26E-05,-0.990697222,0.978982601,0.107667057,3.94E-05,-1.417263847,2.062344037,0.375952672,-0.001006475,-0.91512888,0.919808853,0.204545287,-0.000297602,-2.261904165,1.363028487,0.288901865,0.000280005,-0.957114708,0.998628332,0.160433269,-0.000143482,-1.577117585,1.754590875,0.280718598,-7.52E-05,-0.940386999,0.995264399,0.164490988,0.00052691,-0.49663804,0.645551699,0.072139219,0.00081954,-0.124552869,0.205923084,0.017799567,-5.83E-06,-0.539736758,0.540961834,0.076996243,0.000386187,-0.154277673,0.232035933,0.018286543,-1.24E-05,-0.773607204,0.50123707,0.07106169,0.000824377,-0.146421544,0.557792618,0.02586246,6.29E-06
418,M,0,0,1,0.595015772,0.584263575,0,10.69117328,8.313900902,7.968486698,3.65E-05,11.8491488,2.149842351,1.051258553,0.278695481,11.21855782,5.744725293,5.293617921,1.507859118,11.59158471,6.111142524,5.831789659,0,9.542522026,6.070948982,5.879766149,0,11.40985997,3.475131444,2.331893122,0,12.42250667,3.287688799,2.019149716,0.0523815,11.40985997,2.251314427,1.404014696,-0.427443235,0.46041593,0.073459702,-0.000399295,-0.302281313,0.209899498,0.038798182,-1.70E-05,-2.335955512,2.08978976,0.257349255,-0.000164696,-0.850734698,1.332606444,0.118476082,0.000273496,-1.48202115,2.57848063,0.189323034,-4.43E-06,-0.919709314,1.025623738,0.101057131,-1.37E-05,-2.086533651,2.274318459,0.42896964,-0.001789355,-1.18186362,1.035806866,0.243305519,7.75E-05,-2.150558952,1.827438634,0.326312953,0.000285388,-1.407700321,1.482555058,0.191872501,-8.33E-06,-1.481341013,2.263886329,0.290337374,-0.000263328,-1.110426298,0.941590867,0.169766404,0.000298107,-0.441537847,0.436286208,0.048542352,-0.001009915,-0.07612632,0.10624147,0.011713032,-2.43E-05,-0.519394204,0.422161719,0.055298417,-0.001349824,-0.080572921,0.344460918,0.016952519,-2.61E-05,-0.420519355,0.354051551,0.04503328,-0.000185582,-0.087559867,0.076760171,0.011826606,-2.03E-05
418,M,1,0.456829483,0.674493784,0.569419439,0.568234784,0.429733984,11.04106646,8.999981919,8.839633685,3.01E-05,9.233368356,1.896111095,0.944117834,0.278695481,11.17156972,6.09389536,5.575236613,0,11.08104599,5.811588931,5.60146272,1.15611202,11.13723313,6.280884072,6.159061032,0,5.361551337,1.269192034,0.959224808,0,5.98387226,1.080604859,0.705010245,0.030864359,3.455824661,0.979353111,0.735632461,-0.341040841,0.330214397,0.06460061,-0.000148115,-0.241079449,0.200501225,0.035870276,-2.80E-05,-2.257244129,2.091466788,0.237717162,0.000136092,-0.808614647,1.386771716,0.11266626,0.000409889,-1.573480236,1.425316149,0.187117167,3.17E-08,-0.587974115,0.690685809,0.092474311,-4.01E-06,-2.294235615,2.274318459,0.428934585,0.000970688,-1.18186362,1.021967259,0.235126901,-0.0002184,-2.118357783,1.66927473,0.30086283,-0.000608009,-0.923853123,1.091645485,0.170974053,8.89E-06,-1.287306279,1.543642513,0.263062256,3.07E-05,-0.718294199,0.792493071,0.155944024,0.000324295,-0.200776153,0.392967056,0.037711955,0.000228876,-0.072242508,0.115839396,0.009748821,-1.34E-05,-0.205121037,0.339378668,0.036076111,0.000102193,-0.052098916,0.115615902,0.009699376,-9.84E-06,-0.309521988,0.474116395,0.037811719,0.000215775,-0.074183168,0.330806894,0.012728877,-8.47E-06
418,M,2,0.448454458,0.674493784,0.572616351,0.571263778,0.156975147,11.04106646,8.997545803,8.699063427,0,9.233368356,1.075428517,0.444757783,0,11.32765486,6.581041188,6.161261968,0,11.64913806,6.077436414,5.817848417,1.15611202,11.13723313,6.16841966,6.02310367,0.077403524,5.361551337,1.538809385,1.292423692,0.004849245,5.98387226,1.469575125,1.17016901,0,3.455824661,1.044598911,0.833009436,-0.472396645,0.312228122,0.072274621,-0.000274753,-0.271807214,0.273128752,0.041565189,-5.35E-05,-2.584607653,2.091466788,0.278193335,-0.002374869,-0.913308874,1.386771716,0.121246509,0.000406388,-1.573480236,1.425316149,0.153473505,6.97E-05,-0.587974115,0.690685809,0.079478538,4.23E-05,-2.294235615,1.926516046,0.422154321,0.001203961,-1.171796118,0.972297612,0.232878361,-0.000186172,-2.118357783,1.66927473,0.330684772,0.001104267,-0.923853123,1.134798729,0.185017339,-0.00010042,-1.287306279,1.921424756,0.279483485,-0.000899158,-0.93110792,0.792493071,0.162665625,0.00023563,-0.200776153,0.392967056,0.044769827,0.000260051,-0.072242508,0.115839396,0.010767427,-1.10E-05,-0.205121037,0.339378668,0.044531418,0.000419304,-0.067034667,0.115615902,0.010345312,-2.01E-05,-0.309521988,0.474116395,0.044402852,-9.70E-05,-0.074183168,0.330806894,0.015075995,3.78E-06
419,H,0,0.028845494,1,0.283748521,0.260437784,0,11.69098951,8.23047031,7.701142497,8.06E-07,11.63592548,3.02161601,1.680308549,0,12.44092176,6.552703534,6.23852865,0,13.50003434,5.771194476,5.133774108,0,11.28456858,6.742553679,6.411227007,0.203827325,15.10737429,4.580287815,3.758626538,0,15.11268966,3.514047863,2.72194046,0.077727482,12.66882512,4.425579069,3.465764346,-0.690145624,0.65897647,0.094106474,0.000388948,-0.287009927,0.205573868,0.044334402,-6.15E-05,-2.412116925,2.278003245,0.330246155,0.000169665,-0.905375359,1.019328125,0.150672576,0.000174248,-2.631458427,2.370319542,0.259661222,-0.000298094,-0.96069753,0.882026469,0.117175652,0.000173339,-2.191785478,2.327307295,0.459298746,0.000847069,-1.278772649,1.294309517,0.267605646,-0.000188184,-2.314766444,2.422771407,0.470353813,-1.02E-05,-1.434952792,1.207836102,0.26593339,4.56E-05,-2.722222116,1.928648608,0.396722419,1.72E-05,-1.291452442,1.189542718,0.228349931,0.00017663,-0.860473693,0.863999337,0.104159716,-0.000712195,-0.138863424,0.450059801,0.023730929,-3.65E-05,-0.923822251,1.104372457,0.111243761,-0.000140258,-0.141690959,0.632436648,0.027414998,-4.18E-05,-0.656571225,0.558186717,0.115349282,-0.000955063,-0.196110669,0.437447384,0.030803319,-4.03E-06
419,H,1,0,0.409289846,0.246722752,0.23287973,0.402695011,11.96085247,8.656250856,8.194379761,8.47E-05,11.63592548,3.139570311,1.901761432,0.722166395,12.10745756,6.756638952,6.462012798,0,11.75293193,5.521569164,4.870285601,0,11.83741845,6.889966515,6.554241828,0.203827325,10.90931727,3.643740645,3.006057963,0.021186137,10.77454717,2.917040687,2.121277048,0,12.66882512,3.4289908,2.6562478,-0.40943772,0.421211223,0.081158334,-0.000221687,-0.287009927,0.205573868,0.043431793,-8.56E-05,-2.850415521,2.303784157,0.367781401,-0.002656299,-1.25292354,1.309775532,0.166616898,0.000338089,-2.631458427,2.370319542,0.297794558,-8.06E-05,-0.96069753,0.882026469,0.133705558,6.78E-05,-2.161122858,1.821077408,0.46320988,-0.000448185,-1.211368405,1.016600444,0.266890779,-0.000192889,-2.254721246,2.422771407,0.480865336,0.001917508,-1.30397389,1.207836102,0.272818286,-8.36E-05,-2.722222116,2.006439109,0.414180972,-0.001311054,-1.291452442,1.189542718,0.235914185,0.000372439,-0.418919173,0.438963068,0.084017319,-7.45E-05,-0.097826569,0.17742958,0.018674007,1.88E-05,-0.480867107,0.405437843,0.087620694,-6.80E-05,-0.141365594,0.371717065,0.020873392,3.62E-05,-0.645108611,0.558186717,0.105420174,-9.49E-05,-0.128598512,0.437447384,0.028985962,1.10E-05
419,H,2,0,0.374756424,0.266192408,0.257232871,0.585905663,11.96085247,9.257720268,8.978204733,7.11E-08,10.16480234,2.022942759,0.825516799,0.632202141,11.60177614,6.885417622,6.571995219,0.262193696,11.83346546,5.147101777,4.536869267,1.449929185,11.90371667,7.15319587,6.878648479,0.123377646,10.90931727,3.271293036,2.812856297,0.021186137,10.77454717,2.979061189,2.278309065,0,7.572963032,2.701900095,2.07581457,-0.306115748,0.362416516,0.073322936,-0.000202342,-0.221746883,0.165485901,0.041673953,-4.79E-05,-2.850415521,2.303784157,0.346052108,-0.00011595,-1.25292354,1.309775532,0.160565522,0.00033441,-1.865583048,1.886552258,0.24441519,-6.07E-05,-0.685641497,0.840008697,0.108783578,6.07E-06,-2.161122858,1.821077408,0.433801944,7.15E-06,-1.211368405,1.10915901,0.25254414,-4.25E-05,-2.254721246,2.438130328,0.466568879,0.000224037,-1.199769393,1.19495959,0.262812723,-0.000294133,-2.282891898,2.006439109,0.398928963,-0.000411828,-1.081910349,1.152137881,0.226429709,0.000323733,-0.410932718,0.412825377,0.064117069,5.82E-05,-0.093449026,0.145400392,0.013761619,3.14E-05,-0.395251672,0.405437843,0.061101001,0.000218961,-0.059276615,0.229760343,0.012850634,4.35E-05,-0.537303499,0.534914765,0.079196244,-0.000324736,-0.128598512,0.276464836,0.021181557,1.65E-05
419,M,0,0.118733778,0.560169292,0.374521863,0.365990639,0,12.10784421,8.367747121,7.859584133,0,5.46609113,0.441699177,0.192852362,1.226679892,12.28674404,5.682894583,5.464212147,0,12.79843699,6.480111568,5.881878677,0.20327765,11.86534631,5.979216187,5.685047565,0.033600728,12.51076717,2.967138442,2.422968524,0,7.499446756,2.632038716,2.274407911,0.018139271,12.50553423,2.47721613,1.650625315,-0.541991589,0.452867708,0.103325742,0.000540711,-0.341018972,0.294214488,0.058272617,-6.74E-05,-2.298877986,2.241310746,0.322995845,0.000797761,-0.908086561,0.812120571,0.144284042,-3.70E-06,-0.813250962,1.184472407,0.08654151,-0.000215176,-0.455792532,0.330635156,0.053875312,6.20E-06,-1.499086772,1.543462041,0.33442181,-0.001237552,-0.845196837,0.827440995,0.191939227,0.000263828,-2.684107924,2.65811939,0.43357875,-0.002054904,-1.340203228,1.356759152,0.242217037,-8.90E-05,-2.235038036,1.797838996,0.361411734,0.000802249,-1.105530543,1.439587055,0.214261294,-3.27E-06,-0.403653489,0.641249648,0.069538358,0.000899087,-0.089519362,0.100823945,0.015671179,-1.51E-05,-0.346789497,0.583159076,0.074342994,0.000190131,-0.097019002,0.200763156,0.017644745,-1.64E-05,-0.402346644,0.525576207,0.066983772,0.001126893,-0.086930822,0.146294434,0.018786249,-4.03E-06
419,M,1,0.052912417,1,0.383265743,0.366436109,0.474139749,11.58574793,9.042804285,8.57973327,0,0.763112592,0.216507619,0.146016177,0,11.25414033,5.805835715,5.577552385,0,12.07691,5.973515125,5.553176326,0.20327765,11.86534631,5.812416926,5.546700505,0,10.01126265,3.378041856,2.637296458,0,12.43725514,3.413675342,2.474990406,0.018139271,9.165544061,2.559881538,1.956485143,-0.438904955,0.649241777,0.110187603,-0.00132684,-0.325229214,0.294214488,0.058454853,-3.07E-05,-2.298877986,2.241310746,0.314665458,-0.002011963,-0.825269777,0.929000668,0.134870007,0.000178212,-0.258384101,0.262540584,0.06925905,2.19E-05,-0.18197468,0.161569393,0.048153124,2.67E-05,-1.415517481,1.548021475,0.337170849,6.01E-05,-0.880578237,0.855361299,0.191975443,-6.41E-05,-2.543916956,2.884586873,0.410285898,0.001298147,-1.304327469,1.217339281,0.229138472,-1.82E-05,-2.235038036,1.692173868,0.363868798,-0.001283158,-1.257683086,1.439587055,0.216655118,0.000258956,-0.35128501,0.641249648,0.077607741,0.001360407,-0.125743438,0.119565463,0.01841498,-2.42E-05,-0.436954802,0.8097074,0.091266872,0.000987993,-0.138939182,0.20075794,0.020386291,-4.86E-05,-0.340100489,0.525576207,0.074038041,0.001199424,-0.135058833,0.146294434,0.021271209,-9.53E-06
419,M,2,0.052912417,1,0.341683658,0.323797291,0.235456542,11.4889038,8.926943332,8.516661937,6.47E-05,11.80843124,2.40723035,1.171129072,0,10.12595193,5.83180969,5.628060831,0.67380804,12.07691,5.644115092,5.208525021,0.124389432,9.982988378,5.665365507,5.410165036,0,10.01126265,3.639647077,2.906770627,0.046529162,12.43725514,3.455974138,2.421738183,0.003554728,9.165544061,2.880399956,2.232954539,-0.512751201,0.649241777,0.105646851,-0.000677523,-0.325229214,0.271896082,0.056258811,-0.00014646,-2.934917675,2.391066246,0.315140403,0.000655332,-1.054067908,1.472648379,0.137357393,0.000212665,-1.875603386,2.568323225,0.241185981,0.000931911,-1.076527798,1.033293616,0.108298762,0.000162589,-1.30295723,1.548021475,0.34423531,-0.000903395,-0.880578237,0.855361299,0.202667053,-8.07E-05,-2.215532063,2.884586873,0.409753265,0.000540567,-1.241599036,1.302309793,0.231618892,-4.87E-05,-2.094387209,2.17004106,0.365744196,-0.000191709,-1.407084884,1.380044958,0.217574829,0.000255447,-0.416326253,0.451758122,0.074932432,0.00016627,-0.125743438,0.12344008,0.017687872,-1.37E-05,-0.440617048,0.8097074,0.092218214,-0.000568495,-0.138939182,0.310005282,0.021717575,-1.81E-05,-0.495179557,0.449125668,0.079009176,0.000253698,-0.135058833,0.352878929,0.022193565,-1.01E-05
420,H,0,0.210703651,1,0.690877093,0.680183534,0,10.16548805,8.144451297,7.981073242,0,10.86659043,4.730335172,3.756613371,0.369835884,9.749304296,6.081279401,5.830840274,0,10.11085053,4.098175877,3.832040644,0,10.4955526,5.863694312,5.669093232,0,10.93648621,2.924924613,2.514976606,0.073853198,7.569646092,2.444866428,1.99189595,0,10.93648621,2.788961399,2.185462388,-1.113068779,0.933418746,0.151802337,0.000327386,-0.634495796,0.619903377,0.086889167,-3.66E-05,-1.935472465,1.754452355,0.211164028,-0.000460832,-0.774367053,0.766774684,0.092877324,6.22E-05,-1.984293119,1.71816358,0.26721046,4.52E-05,-1.229261497,0.861424247,0.140256116,-3.65E-05,-1.676716774,1.723083283,0.374719979,-0.000403849,-1.075392992,1.047397536,0.218176992,9.30E-05,-2.102513588,1.9464207,0.335517911,-0.000283913,-1.01917906,1.10131793,0.193958924,-7.27E-05,-2.09324998,2.9344842,0.341190016,0.000608761,-1.522831804,1.241407321,0.198926064,-0.000222571,-0.712086479,1.248975344,0.121011332,-2.01E-05,-0.360945066,0.314326152,0.036009041,6.51E-06,-0.948843682,1.452071509,0.133943491,0.000152353,-0.345794609,0.831604858,0.050961143,-3.74E-05,-0.74024517,1.128521395,0.13699936,-0.000104697,-0.326666929,0.786777609,0.045070021,2.61E-05
420,H,1,0,1,0.730917006,0.725198977,0.807784834,10.39535114,8.334720184,8.199298167,0.000426916,10.62843717,3.503151598,2.565825259,0.028685798,10.39164695,6.013238865,5.682280943,0,10.6783308,3.785249699,3.51113882,0.013743571,10.4955526,6.317229693,6.141847646,0,9.802943319,3.072115276,2.699888256,0.073853198,10.66319754,2.211575913,1.618488689,0,9.037455318,3.095511906,2.687155481,-1.702679171,1.728116963,0.170751442,-0.000510676,-0.699382046,1.155471947,0.098673669,-1.47E-06,-1.907085648,1.916188673,0.209642324,0.000243733,-0.678447517,0.677429492,0.089134392,5.16E-05,-2.266689334,1.761647707,0.280872983,-0.001147775,-1.229261497,1.145405549,0.144110853,-7.56E-05,-1.676716774,2.175829902,0.408236685,-0.000147861,-1.2390257,1.047397536,0.230310026,-3.90E-05,-2.313995357,2.092864655,0.317559622,9.76E-05,-1.245760896,1.165939654,0.183122927,-5.97E-05,-2.138662658,2.436475362,0.341518362,-7.98E-05,-1.378846112,0.957442295,0.192596167,0.000128896,-1.0397823,1.248026786,0.129035461,0.000854333,-0.352330039,0.797027103,0.043041053,-6.82E-05,-0.780108561,1.491367339,0.133492974,0.00049186,-0.37796655,0.482412415,0.043205253,-5.86E-05,-1.343474022,1.221744414,0.133812137,0.000847716,-0.42428579,0.889507905,0.051000684,-4.95E-05
420,H,2,0,0.998753593,0.710560464,0.703466043,0.538623083,10.73128678,8.43204212,8.256508713,0.000426916,10.62843717,3.991722427,3.013625621,0,10.39164695,5.518438175,5.100093644,0.517254538,10.6783308,4.189928378,3.920012512,0.013743571,10.36786714,6.260678968,6.078065838,0.151742342,9.802943319,3.1539593,2.771324484,0,11.15369536,2.682640314,1.953923942,0.071470154,7.113499732,2.956899715,2.586438546,-1.702679171,1.728116963,0.181489992,0.000217175,-0.699382046,1.155471947,0.105580979,-0.000173688,-2.066748554,1.916188673,0.247517639,0.000198543,-0.763392525,0.830425132,0.107170309,0.000118004,-2.266689334,1.801779643,0.273593114,0.000127794,-0.997866083,1.145405549,0.139973923,1.32E-05,-2.427052121,2.175829902,0.429753793,2.10E-05,-1.2390257,1.047635576,0.246007961,-0.000216072,-2.313995357,2.092864655,0.327182754,0.000143584,-1.245760896,1.165939654,0.190051155,5.20E-06,-2.138662658,2.436475362,0.344807327,-0.000150256,-1.378846112,1.156150536,0.197729645,0.000224961,-1.0397823,1.248026786,0.135829293,-0.000641846,-0.352330039,0.797027103,0.045842265,-9.81E-05,-0.780108561,1.491367339,0.146706788,0.00038093,-0.37796655,0.482412415,0.043154291,-0.000127678,-1.343474022,1.221744414,0.146037772,-0.000934451,-0.42428579,0.897799005,0.061231052,-6.86E-05
420,L,0,0,0.905994314,0.594024974,0.56908076,0,10.43103413,8.024412718,7.734386474,0,10.84775004,1.849786676,0.876570155,0,9.324116888,5.615839941,5.349329497,0,10.57496978,4.383607736,4.001592461,0.621841084,10.72065026,5.737344572,5.544258811,0,11.07083206,2.310976877,1.813680826,0.05415658,11.07083206,2.474725722,1.843133476,0.076733819,9.63582905,2.045991578,1.510821321,-1.151022468,0.978527674,0.169673317,0.000581718,-0.487031944,0.718271705,0.09844649,-4.78E-05,-1.773762174,1.878927834,0.162280633,0.000602527,-0.766858073,0.856761062,0.073914324,-1.35E-05,-2.929005017,1.74351754,0.216688773,-0.000219657,-1.671383021,1.500020395,0.115942987,-7.32E-05,-1.321154931,1.350049156,0.319939296,-3.09E-05,-0.756681936,0.640097692,0.190060585,0.000228697,-2.193017948,1.833942637,0.256554796,0.001008021,-0.784038744,1.144621256,0.150039951,-0.000419733,-1.386720978,2.02724966,0.24248241,-0.000749619,-1.055405022,0.65777008,0.144003735,0.000535347,-0.74081345,1.479842517,0.083275388,-0.000325563,-0.399571922,0.410055598,0.02933821,-4.02E-05,-0.599651813,1.145342029,0.076438518,-0.001016454,-0.309833905,0.259453867,0.026158189,-5.26E-05,-0.917124163,1.666114983,0.095626743,0.000520826,-0.433229881,0.481953129,0.038481129,-1.30E-05
420,L,1,0.268879244,1,0.727879925,0.717689498,0.396863141,10.23773732,8.053317299,7.933523772,0,9.896639862,2.239535271,1.163565534,0.956318337,10.88717858,6.202723374,6.014426568,0.613959455,10.30522464,3.62626752,3.354955232,0.568926135,8.88122081,6.037087389,5.894593912,0,6.84939328,2.227382957,1.915898567,0,9.057365054,1.997534501,1.5667258,0,5.693449967,2.232879202,1.86078672,-1.339045709,0.798368707,0.185393849,-0.000687098,-0.51020278,0.587829796,0.104731857,-8.99E-05,-1.880707185,1.611253786,0.168931813,-0.000462819,-0.729328149,0.655617324,0.073592885,4.82E-05,-2.084524008,2.705049595,0.244169023,-0.001470192,-0.935792665,1.334134957,0.123657632,2.35E-05,-1.685057247,1.864183558,0.311680586,0.000553629,-0.906296543,1.044685317,0.187934956,-3.40E-05,-1.92159243,1.84050506,0.252467786,-0.000297809,-0.890085719,1.080053117,0.146102528,0.000185674,-1.208435927,1.884370491,0.238430326,6.07E-05,-0.854780028,0.797424762,0.143354304,-0.000110031,-0.493620542,0.711533101,0.079674901,-0.000205872,-0.176169121,0.449248574,0.031306436,-1.36E-05,-0.594818022,0.742752463,0.087713837,0.000532289,-0.171664581,0.421075623,0.031882172,7.74E-06,-0.51928264,0.861572003,0.089886991,-0.000645958,-0.218399553,0.519150167,0.038912399,-4.66E-05
420,L,2,0.268879244,1,0.700137194,0.687033089,0.011358504,10.23773732,8.069470728,7.86560522,1.08E-09,9.896639862,2.066983341,0.932808279,0.666904192,10.88717858,6.700405458,6.536732884,0.613959455,10.30522464,3.879606186,3.551552415,0.16416853,9.150437371,5.691473986,5.532797479,0.075876251,9.570365736,2.851579337,2.578579811,0,9.057365054,2.590448043,2.153461278,0,10.71530732,2.801125805,2.383525303,-1.339045709,1.381600644,0.202398457,-0.000776442,-0.909551498,0.644549846,0.115373185,-3.76E-05,-2.002477079,1.806770931,0.219530659,-0.000313101,-0.729328149,0.873151421,0.093378943,5.87E-05,-2.084524008,2.705049595,0.227926981,-0.000146893,-0.935792665,1.334134957,0.114287882,-1.26E-05,-1.974502481,1.893945225,0.333489407,-2.79E-05,-1.165882007,1.126525553,0.199438229,-2.03E-05,-2.022139248,1.84050506,0.286661267,-0.000237654,-0.944376292,0.949939494,0.160553258,-5.66E-05,-1.230702309,1.884370491,0.266660116,-0.000255917,-0.856959123,0.797424762,0.157434383,0.000113678,-0.558320083,1.053201726,0.099676111,-0.000287932,-0.228688815,0.449248574,0.035444013,-1.49E-06,-1.472746048,0.742752463,0.11739372,-0.000611469,-0.501626838,0.818064388,0.05027805,1.64E-05,-0.611353845,1.169214066,0.116782915,-0.000187735,-0.259257565,0.519150167,0.044469024,-8.79E-06
420,M,0,0,0.967979493,0.723104087,0.706123692,0.283595789,10.88756012,8.040747385,7.867995529,0,10.29615029,3.055733553,1.977456931,0,9.808611926,6.538256107,6.432046913,0.129305639,8.608107805,3.097196636,2.7733019,0.341485051,11.04530457,6.420879311,6.20505534,0,10.18674885,2.391019491,1.771185068,0.015159544,11.03019802,2.274955512,1.682002472,0.028117159,10.19055394,2.071594485,1.435729047,-0.783809699,0.78565318,0.120039995,0.001881086,-0.349891454,0.551441665,0.064076931,-6.98E-06,-2.199623108,1.858133821,0.20752584,0.000971369,-0.671225941,0.834503757,0.08970444,0.000248216,-2.574661912,2.347658292,0.333457916,0.000227291,-0.996266823,1.213182197,0.180736008,0.000210934,-2.724625345,2.636855644,0.275835953,0.000278553,-1.180461004,1.988030153,0.16332348,-0.000258163,-1.9355875,1.553255666,0.261298249,-0.000961071,-0.943451499,0.843450708,0.149627317,-0.000427116,-2.39210467,3.298893067,0.325008908,0.000873292,-1.520800781,1.315733751,0.193352871,0.000744092,-0.601209024,1.022049391,0.100704543,-0.000937055,-0.232462599,0.460117407,0.031505869,-7.70E-05,-0.745265489,1.329679436,0.116119406,-0.000387393,-0.339638216,0.692996135,0.039694891,-0.000141141,-0.641381866,0.92396089,0.092192636,-0.000959955,-0.214289236,0.474990945,0.032954637,-3.65E-05
420,M,1,0.426616843,0.94796779,0.760547075,0.756794047,0,10.3972456,8.290015978,8.187959298,0.000268145,10.20550226,3.507733679,2.336671768,3.970816282,9.721428297,6.481116622,6.395266204,0,8.45245409,2.763180271,2.523933076,0,9.649463889,6.534512402,6.390373297,0.034390003,8.70919568,1.876180798,1.554855661,0.002644731,9.124559429,1.95985171,1.494193976,0.028117159,6.706701832,1.604983199,1.292392131,-0.473800081,0.606849384,0.106531789,-0.000376206,-0.246111159,0.329755003,0.059641021,-0.000100294,-1.834520005,1.731907078,0.177528379,0.001374896,-0.737611703,0.682574367,0.078429531,0.000412248,-2.830712908,2.609330975,0.386691767,-0.000471412,-1.30847337,1.503119053,0.204170096,0.000234911,-1.110017607,1.439529861,0.237456907,-0.001046437,-0.780724007,0.785600781,0.142278201,0.000114264,-1.741651426,1.823582765,0.23925644,-0.000968588,-1.214464331,1.030679338,0.143801861,-0.000271597,-1.490778495,2.418332452,0.294116839,0.000917866,-1.372491907,1.1460214,0.17705979,0.00012888,-0.484795645,0.876233156,0.081568093,0.000465456,-0.192000277,0.359587035,0.027243837,5.74E-05,-0.503610232,0.841218504,0.090098072,8.96E-06,-0.235629339,0.464503777,0.032400845,6.73E-05,-0.658898448,0.796455377,0.079209148,0.000536448,-0.164009949,0.474990945,0.029810879,3.86E-05
420,M,2,0.377998792,1,0.759859765,0.754317547,0,10.42374162,8.378153837,8.267720344,0.000232727,9.875790268,3.210088527,1.954568689,3.533315919,10.48481206,6.764839619,6.65258639,0,10.80667207,2.801768542,2.597262255,0,9.749150102,6.292161355,6.16420959,0.008815772,8.70919568,2.312531432,1.952139614,0,9.124559429,2.272559652,1.655283499,0,6.706701832,2.000962937,1.684778297,-0.674789559,0.606849384,0.111391603,-0.000418103,-0.339680274,0.329755003,0.059544953,-6.44E-06,-1.834520005,1.731907078,0.196926004,0.000640743,-0.737611703,0.735263696,0.086300547,0.000118244,-2.830712908,2.609330975,0.371043765,-0.000145788,-1.731729879,1.503119053,0.197484732,-0.000343334,-1.186779591,1.585062498,0.255841696,-0.000825661,-0.727852693,0.800979642,0.14891353,-0.000155845,-1.958563527,2.995100031,0.25938668,0.000342169,-1.591594088,1.411880137,0.153082568,-1.73E-05,-2.463936456,2.418332452,0.302080016,-0.000121455,-1.558606937,1.854546202,0.182809957,0.000199359,-0.561751051,0.787168947,0.092773771,-0.000454267,-0.186454211,0.510124159,0.030082064,-4.71E-05,-0.675600106,1.079838269,0.112141874,-0.000297998,-0.281447932,0.87648839,0.04087152,-6.90E-05,-0.658898448,0.655126908,0.085435043,-0.000414251,-0.159871747,0.410922641,0.029528371,-2.23E-05
421,H,0,0,1,0.534284813,0.504189331,0,9.684484086,6.965881626,6.693318216,0,9.789183331,1.485654948,0.647310712,0,9.150342472,5.481729311,5.260308052,0,8.53563455,3.63293725,3.156560709,0,9.413390285,6.008593918,5.731434299,0,8.35723954,3.145618267,2.540689819,0.037065253,8.452381371,3.326295424,2.577132235,0.094844954,8.627794188,2.667600284,2.038855942,-0.845073829,1.035964138,0.140059846,-0.002011585,-0.544525468,0.536394215,0.081420837,-0.000149643,-2.256023228,1.883011883,0.327901497,-0.001722151,-0.800281953,1.205338805,0.147218581,0.000262629,-2.428476373,2.276874858,0.24895376,0.0003267,-0.985034745,0.92751392,0.132665994,-6.13E-05,-1.048584115,1.362246098,0.262428638,9.76E-05,-0.843993321,0.70912366,0.152468594,0.00025063,-1.898057669,2.095171478,0.330456701,0.001237051,-1.250723952,0.990962883,0.177980666,-0.000268782,-2.007302853,1.85151477,0.337499042,-0.001012302,-0.925789186,0.968624765,0.187396883,0.000443562,-0.733029157,1.015474537,0.126762506,0.001275717,-0.188903286,0.528964508,0.034687304,-5.69E-06,-0.732742359,0.822078826,0.107858573,0.000713334,-0.16480357,0.611567366,0.031858517,3.20E-05,-0.797424664,1.087978633,0.134529099,0.001411052,-0.215500658,0.588081844,0.039750365,-2.75E-05
421,H,1,0,0.814826693,0.440711798,0.416162293,0,9.103797902,7.058109791,6.756978832,0,9.789183331,1.401998719,0.585450935,1.333812595,9.498451549,5.87049875,5.65949312,0,8.679111497,3.954800482,3.610778005,0.36441517,9.413390285,5.666323582,5.427096447,0,9.628189923,3.523749178,2.941952984,0,9.435835427,3.547124702,2.797973392,0.092331247,9.712854651,3.078629272,2.392248603,-0.845073829,1.098237435,0.139036446,-7.96E-06,-0.648720167,0.536394215,0.080029602,-0.000134572,-2.418814785,1.714605697,0.318133658,-0.000367988,-0.890129589,1.157763606,0.136947916,0.000272725,-2.227813718,2.276874858,0.229532874,0.000108601,-1.384420133,1.055034777,0.127299612,2.65E-05,-1.048584115,1.362246098,0.264952407,0.000616027,-0.843993321,0.70912366,0.151749992,3.23E-05,-1.775356309,2.095171478,0.297480903,-0.000104781,-1.23817449,0.901312875,0.161791466,-6.51E-05,-1.995390996,2.065456963,0.327633694,4.76E-05,-0.979182058,1.153304739,0.189017291,0.000260715,-0.961793651,1.015474537,0.139182023,0.0007192,-0.206732013,0.528964508,0.038465443,3.96E-06,-0.732742359,0.655992752,0.116660311,0.000230731,-0.160023482,0.611567366,0.034728353,4.36E-05,-0.948065464,1.087978633,0.145304349,0.000799058,-0.231614276,0.572325817,0.043058465,-7.33E-06
421,H,2,0.107907361,0.931636671,0.431545085,0.408740373,0.100331089,9.581816144,6.890017444,6.520455438,3.50E-05,9.172875018,1.491009583,0.671891138,1.484136795,9.498451549,6.10154835,5.925713221,0.747741226,9.206011703,4.053877927,3.707694592,0.181028175,8.981499072,5.500283761,5.253820678,0.04065356,9.628189923,3.359623404,2.65926295,0,9.435835427,3.005493991,2.407404722,0,9.712854651,3.128910638,2.24924005,-1.132971857,1.098237435,0.143386375,0.000482022,-0.681480355,0.536274556,0.081806126,-0.000131795,-2.418814785,2.072835029,0.339105637,-5.47E-05,-0.890129589,1.451924153,0.14784658,4.89E-05,-2.227813718,2.206167729,0.254103041,-8.90E-05,-1.384420133,1.055034777,0.143788597,8.82E-05,-1.239535952,1.475144163,0.270894499,0.000340312,-0.692274037,0.867175324,0.156694758,0.000136475,-1.87694353,1.6815904,0.310481866,-0.000327803,-1.168985896,1.112819923,0.168398411,0.000109679,-1.838039639,2.065456963,0.345116143,-0.000394307,-1.190381995,1.153304739,0.205594698,4.47E-05,-0.961793651,1.265782926,0.154155878,0.001502627,-0.279786893,0.487615236,0.039971407,0.000165107,-0.774656306,1.047718771,0.139542217,0.000898173,-0.140688453,0.511224823,0.03778846,0.000198667,-0.948065464,1.18103777,0.154418828,0.001500826,-0.306084167,0.568940005,0.043731867,0.000129368
421,L,0,0.292082661,1,0.548972717,0.5316441,0.253369323,9.614184992,6.767193988,6.553641235,1.13E-06,9.293655973,1.249540044,0.640708512,0,9.306731074,4.870844643,4.533666008,0,9.553395414,3.433682123,3.00186405,0,8.900690068,6.14194207,5.883138336,0.041375618,9.693253695,2.245192391,1.586338953,0,7.762367561,1.885430033,1.534263615,0.003132194,9.693253695,2.050305564,1.219374075,-0.488639498,0.46262401,0.089072649,-0.000953927,-0.31434922,0.306953461,0.052579528,-8.78E-05,-2.476407993,1.684089017,0.299061699,-0.00218364,-0.848173105,1.120278563,0.137058745,0.000402416,-2.224207494,1.70033629,0.221661761,0.000491389,-1.200072065,1.203739505,0.124208449,-0.00012474,-1.554407594,1.631412896,0.299776872,0.000795677,-0.97359888,0.90251542,0.180818803,-0.000359101,-2.318952237,2.234391872,0.363112912,0.001220188,-1.469093179,1.024371019,0.196257681,-0.000409378,-2.447863533,2.060461496,0.357564044,-0.001072889,-1.028321965,1.452733189,0.192989232,0.000663487,-0.912599383,0.792861344,0.084410857,0.001045017,-0.178593121,0.566452417,0.025069289,-3.21E-05,-0.526431754,0.417848731,0.062633384,0.000441103,-0.105867394,0.246309744,0.018552006,-2.33E-05,-0.949672468,0.942241169,0.090730948,0.001045194,-0.209352092,0.64781042,0.029976377,-4.08E-05
421,L,1,0,0.605358424,0.425898202,0.414675577,0.375214702,8.380438482,6.903930322,6.787633633,1.12E-06,9.351160196,1.296079777,0.644076276,0,8.89123735,4.402134967,4.032886426,0.210672748,9.356359322,3.118514802,2.769591489,0.116230848,9.25066564,6.427931463,6.25111752,0.041375618,6.973758342,1.657107483,1.325559688,0,9.318124625,2.151598128,1.729767442,0.012503445,6.267403199,1.148512389,0.825648095,-0.364198087,0.328192267,0.072382366,-0.00074878,-0.204196627,0.165505639,0.042633531,-2.55E-05,-1.988772458,1.866063439,0.277555598,-2.60E-05,-0.720089525,1.22410678,0.1293327,0.000412147,-1.977213391,1.809108704,0.222960927,-0.000289265,-0.861178952,0.643802797,0.118390835,0.000102236,-1.200361194,1.631412896,0.316770032,-0.000576505,-0.734183278,0.763757126,0.189459774,-2.67E-05,-2.318952237,2.311411917,0.35860896,0.000943503,-1.489119228,1.132489497,0.198314302,-0.000236988,-2.51779625,2.662025637,0.350219449,-0.000448193,-1.095372736,1.452733189,0.194545294,0.000476752,-0.243931697,0.526885554,0.04629653,0.000668701,-0.104345734,0.144167367,0.013444804,5.03E-09,-0.308559786,0.602420236,0.057994049,0.000908568,-0.096973486,0.127096639,0.013540937,6.50E-06,-0.312546544,0.581253044,0.050576819,0.000241318,-0.111182799,0.303331737,0.018565831,-1.18E-05
421,L,2,0,0.605358424,0.392251816,0.369138418,0,8.594763622,7.137077638,6.933801948,0,9.351160196,1.182685,0.527348641,0.030989529,9.164577527,4.639484712,4.345916186,0.122904486,9.496224734,3.906579641,3.423447628,0.009364542,9.25066564,5.753843488,5.465512132,0,6.973758342,1.909627823,1.567563268,0.022675464,9.318124625,2.299257799,1.848839621,0,6.267403199,1.426655936,1.080300924,-0.521488487,0.528541631,0.083553954,-5.10E-05,-0.255214613,0.325309224,0.047958296,-1.16E-05,-2.221728579,1.866063439,0.305843691,0.00153148,-0.813685797,1.22410678,0.137358945,0.000466606,-1.977213391,1.809108704,0.211373007,-0.000226252,-0.861178952,0.643802797,0.111168788,-1.12E-05,-2.023479915,1.357937301,0.324280265,-0.000514946,-0.891985155,0.94120531,0.188450205,8.15E-05,-2.220038285,2.619025216,0.331437754,-0.001071918,-1.489119228,1.132489497,0.18452029,-1.58E-05,-2.51779625,2.662025637,0.323924697,0.001387707,-1.095372736,1.305274338,0.180686911,0.000365303,-0.352238508,0.508380528,0.064603605,-0.000529293,-0.119575871,0.21937062,0.01762615,5.76E-05,-0.308559786,0.602420236,0.068247002,-0.000554309,-0.096973486,0.179539554,0.016290452,3.02E-05,-0.351424337,0.588497276,0.066972041,-0.000425846,-0.126443903,0.193667037,0.020678256,5.53E-05
421,M,0,0.299498887,1,0.572028552,0.559229013,0,9.545796301,6.673329589,6.423443817,7.70E-05,8.777431239,1.128795007,0.561058058,1.466316832,9.406261998,4.867151374,4.642268721,0.147753706,8.930451798,3.420738365,2.926220116,0,8.933911405,5.969287243,5.680991065,0,9.565746702,1.899573718,1.407412432,0,4.613525436,1.430781198,1.140005308,0,9.558277497,1.824614511,1.252527664,-0.756907831,0.628344867,0.121710973,-0.000942496,-0.538193838,0.450446455,0.07342027,7.51E-05,-2.285721112,2.042671195,0.321965056,-0.000491389,-0.797261469,1.272162792,0.1536568,0.000810865,-2.089500581,1.4397316,0.204130976,8.09E-05,-0.91359983,0.689953895,0.111575329,3.93E-05,-1.288916829,1.284533429,0.272622019,-0.001117923,-0.823594814,0.703648318,0.157630379,-8.23E-05,-2.002918221,2.209147868,0.337173406,-0.000713541,-1.468961474,0.977290135,0.18806561,-0.000597981,-2.8492555,2.065069881,0.35220546,0.000916432,-1.19769249,1.488385059,0.198161662,0.000792875,-0.351644995,0.571325018,0.054209911,-0.000212146,-0.10256665,0.339058315,0.0160165,7.91E-06,-0.302636196,0.399156479,0.046687194,-0.000612592,-0.081494229,0.195949009,0.016712899,3.05E-05,-0.491002657,0.620460135,0.057477413,6.16E-05,-0.113335276,0.447965557,0.01836655,-1.31E-05
421,M,1,0.115598194,0.885587788,0.485332721,0.462705591,0,9.545796301,6.870094563,6.710084363,2.09E-05,9.422252925,1.753970112,0.826966693,0.834778195,9.394899198,4.711989592,4.504786847,0.147753706,9.688249634,2.939321841,2.523710223,0.53706092,9.087534349,6.426277951,6.249453734,0,3.810279832,1.176752508,0.919405207,0,6.279940362,1.418161606,1.042721676,0,3.313953276,1.00002392,0.741391515,-0.756907831,0.628344867,0.115612152,-0.00087882,-0.538193838,0.450446455,0.068552686,-1.79E-05,-2.285721112,2.042671195,0.292753924,-0.000251963,-0.797261469,1.272162792,0.138108793,0.000469055,-2.167508645,1.670781481,0.268443118,-2.88E-05,-0.91359983,1.13277749,0.132051181,3.00E-05,-1.288916829,1.284533429,0.275736536,-0.000144314,-0.823594814,0.606535128,0.157119545,-0.000288446,-2.55205035,2.470215622,0.34667178,1.60E-05,-1.747972941,1.38041786,0.195658145,-0.000335422,-2.8492555,2.640905081,0.353599224,-7.40E-05,-1.364962142,1.488385059,0.202296206,0.000448839,-0.351644995,0.53047311,0.038658926,-0.000511498,-0.10256665,0.339058315,0.015146616,1.23E-05,-0.265996391,0.395500601,0.046056752,-0.00039092,-0.080088914,0.288414419,0.016551488,-1.36E-05,-0.491002657,0.620460135,0.040970863,-0.000497034,-0.113335276,0.447965557,0.01746355,1.84E-05
421,M,2,0,0.86291319,0.394636799,0.360575053,0.181089954,9.369058058,6.802803029,6.570664007,5.26E-08,9.422252925,1.615807811,0.714360136,0,9.502256308,4.598634959,4.3483622,0,9.688249634,3.568624521,3.128344284,0.304813585,9.31339906,6.07308516,5.81628189,0.115145591,4.929979212,1.745236513,1.485439635,0.10534538,9.48000469,2.117121498,1.619438176,0.007022064,3.492605599,1.471121782,1.212468068,-0.813939184,0.85095895,0.115037865,-0.000784335,-0.573805183,0.440006207,0.065282241,-0.000140541,-2.219724989,1.548817561,0.299736441,0.00071717,-0.723045185,1.058935733,0.131379132,0.000236055,-2.167508645,1.670781481,0.248193581,-0.000142856,-1.007623859,1.13277749,0.124727047,-4.69E-05,-2.060410479,1.531309889,0.287634505,-0.000485375,-0.968362768,0.933305735,0.168775545,-0.000190483,-2.55205035,2.470215622,0.350162193,0.000329307,-1.747972941,1.38041786,0.195192509,-4.48E-05,-2.545563895,2.640905081,0.353717828,0.000313443,-1.364962142,1.433525217,0.200431403,0.000108209,-0.33519258,0.572552493,0.04842893,0.000370795,-0.157725339,0.34940526,0.017685723,2.24E-05,-0.367854675,0.443585361,0.065043343,4.00E-05,-0.105405511,0.288414419,0.018579679,-1.07E-05,-0.487526228,0.621574156,0.052955545,0.000391335,-0.169295224,0.422724911,0.021700143,3.40E-05
422,H,0,0,0.700729669,0.42850072,0.417721064,0,11.51508938,8.690818513,8.284722365,1.94E-06,11.56246073,1.399067339,0.40906059,0.070665338,11.31944511,6.991553902,6.697912929,0,11.10293268,5.54723433,5.053054003,0,11.67263888,6.653936217,6.275893744,0.000313779,5.940357296,1.94363934,1.545822662,0.0076366,8.602484362,2.442020296,1.868493419,0,5.404789131,1.502249238,1.167884547,-0.668683252,0.810226403,0.143741679,0.000591809,-0.390566336,0.448085383,0.075673861,1.47E-05,-2.70094265,2.083267602,0.369776313,0.002268981,-0.946312116,1.330571169,0.16016324,0.000453038,-2.59470842,2.994848708,0.221200219,-1.39E-05,-1.222417427,1.242658399,0.111989748,1.97E-05,-1.779389122,1.53320307,0.361119405,0.001376564,-0.933809846,0.8819925,0.206617216,0.000242894,-2.132280602,2.025684798,0.389688833,-0.000999739,-1.072200574,1.089174584,0.207781131,-0.000238385,-2.372073858,2.070799917,0.370072811,1.14E-05,-1.110439547,1.064560523,0.201039465,0.000449425,-0.459580701,0.664683837,0.088119483,0.000212331,-0.140146885,0.328840183,0.023357638,-2.66E-05,-0.737197302,0.712673831,0.129598395,-0.000103989,-0.185550491,0.543772902,0.036462528,-3.56E-06,-0.364349869,0.534603607,0.069828904,0.000246263,-0.148881338,0.262939161,0.022364518,-3.33E-05
422,H,1,0.01761987,0.765741801,0.467618525,0.454284999,0.252197624,11.51508938,9.156680417,8.794308496,0,12.38055591,1.927553228,0.685046884,0,10.92639569,7.159393078,6.896579637,1.035841651,11.10293268,5.676100984,5.347876612,0,11.04247267,6.43033392,6.142270322,0.000313779,11.4563404,2.666213501,1.796725084,0,9.761242395,2.73037068,1.956476442,0.010214564,11.23651904,2.280853764,1.385446306,-0.819252228,0.773421622,0.142506672,-0.000448306,-0.484899748,0.40304616,0.074623836,7.45E-05,-2.592998956,2.083267602,0.365185829,-0.002030929,-0.964563143,1.216324172,0.157917263,0.000274201,-2.405237943,3.009972466,0.291977066,0.000113,-1.222417427,1.242658399,0.141274789,6.66E-05,-1.805096715,1.41791905,0.345647856,-0.000864921,-0.933809846,0.89796394,0.201727797,-0.000102762,-2.132280602,2.025684798,0.343173376,0.002240782,-1.085480998,1.03863202,0.188060273,-8.36E-05,-2.372073858,2.113584205,0.329435134,-0.002425824,-1.014689635,1.064560523,0.182474464,0.000133603,-0.474428149,0.467239998,0.079988171,0.000921147,-0.11679426,0.210317158,0.017481875,7.03E-06,-0.993136559,0.572585895,0.116116325,0.001225576,-0.256235419,0.343978134,0.029670268,8.74E-06,-0.444701365,0.465882844,0.069192077,0.000619601,-0.099111613,0.262939161,0.017766506,4.93E-06
422,H,2,0.01761987,1,0.494541481,0.476668574,0.117331674,11.57826612,8.784179253,8.359152668,0,12.38055591,1.991694643,0.780374732,0,11.84777452,6.689995222,6.354599294,1.277261387,10.5521066,5.721099946,5.44507312,0.56067578,10.71268322,6.310032973,6.05992556,0,11.4563404,3.20610343,2.510575391,0,9.761242395,3.051823197,2.290665927,0.015884681,11.23651904,2.82338816,2.086816798,-0.819252228,0.773421622,0.155115329,5.14E-05,-0.484899748,0.447423962,0.080322616,4.97E-05,-2.832511678,2.069582014,0.374311712,-0.000855505,-0.981599313,1.474808404,0.161719892,0.000324154,-2.405237943,3.009972466,0.313889063,-1.13E-05,-1.548950258,1.203408799,0.153423569,-1.18E-05,-2.06847269,1.434883369,0.375668417,-0.000664035,-1.002979893,0.89796394,0.214243493,-0.000173447,-1.966195663,2.058418454,0.324452309,0.000552549,-1.085480998,0.88884769,0.177228619,-6.27E-05,-2.178987301,2.113584205,0.332967161,-0.000364726,-1.014689635,0.963661162,0.183860657,0.00013909,-0.583234821,0.467239998,0.089968238,0.000274857,-0.135177167,0.361727299,0.022001096,2.01E-05,-0.993136559,0.79239844,0.134270072,0.000260479,-0.256235419,0.440118603,0.036457525,2.33E-05,-0.444701365,0.465882844,0.080911701,0.00025933,-0.135933188,0.31550648,0.020895852,2.32E-05
422,L,0,0.357984625,1,0.664354124,0.659991422,0,11.60477006,9.375376485,9.10576205,4.35E-08,10.92912178,1.023823132,0.28244008,1.504341729,11.39549983,7.341768741,7.10811769,0,11.35959765,5.520732274,5.041515769,0,11.38756622,6.584221874,6.264951121,0,10.01631323,3.056567608,2.257802664,0,8.149153444,2.267811343,1.630061305,0,11.97135963,3.215661592,2.245393314,-0.496939491,0.575328747,0.091790801,0.000603471,-0.22503108,0.217947936,0.048539101,3.41E-05,-2.586734411,2.053461508,0.337838994,0.000530701,-0.895858819,1.437756392,0.148349114,0.000410855,-1.986533115,2.631773112,0.178291896,4.45E-05,-0.961287607,1.153631692,0.089688575,-2.19E-06,-2.432766188,1.500172236,0.359478249,-0.000647304,-1.222315615,1.354316486,0.210550055,-5.35E-05,-2.037605314,1.97826912,0.363686514,0.000475686,-1.233485069,1.000097066,0.201705539,-0.000176101,-2.062151879,2.213718602,0.345013567,-7.77E-05,-0.996384592,0.831556756,0.189478547,0.000202729,-0.635066884,0.989899374,0.095922844,-0.002031839,-0.18278347,0.342449707,0.025117056,-2.81E-05,-0.597948777,0.665788088,0.094417676,-0.001398421,-0.12531401,0.383414703,0.026668191,2.03E-06,-0.470199699,1.120246492,0.094615893,-0.002068303,-0.233696693,0.539082806,0.034249162,-5.49E-05
422,L,1,0,1,0.645684643,0.626017901,0.281299648,11.57442884,9.561695866,9.323579536,5.16E-07,12.31997239,0.991466094,0.282723349,0,11.39549983,6.544256313,6.15358836,0,11.61097581,5.71081772,5.31501475,0,11.09142876,6.526809008,6.287222408,0.020256407,11.99343049,3.720960219,2.79028838,0,11.99343049,3.398496939,2.323529116,0.05776162,9.237284289,2.580520729,2.053160906,-0.42630323,0.575328747,0.090859701,-0.001578099,-0.22503108,0.293381291,0.046941154,-3.39E-05,-2.281523988,2.234797527,0.333713488,-0.000533233,-1.007773099,1.437756392,0.148838988,0.000358367,-2.797856062,3.094809362,0.178390303,-5.26E-05,-1.182154736,1.215180325,0.088441399,-8.29E-05,-2.432766188,1.4827569,0.360481704,-0.000846315,-1.222315615,1.238253045,0.208412149,-0.000103209,-2.44888848,2.132147861,0.360294149,-3.76E-05,-1.594130621,1.076573442,0.206313084,-0.000211311,-1.872150051,2.193196856,0.316659288,0.000199299,-1.06906591,1.154800854,0.177039079,0.000267782,-0.635066884,0.713545869,0.090642578,0.001933129,-0.142190779,0.156251144,0.021199385,-5.16E-05,-0.597948777,0.665788088,0.090411678,0.002274711,-0.123159987,0.381244465,0.022186239,-4.50E-05,-0.416779811,0.686030501,0.094727731,-0.000631784,-0.215510089,0.239766879,0.032174282,-1.76E-05
422,L,2,0,0.807612139,0.62426939,0.603194052,0.622927392,11.57442884,9.551315205,9.261049652,0,12.31997239,0.988467767,0.267197303,0,11.36279049,6.196058737,5.805296397,0.449426889,12.17091867,6.073873587,5.712317296,0.30014602,10.85991289,6.152574773,5.897018719,0.020256407,11.99343049,4.119490379,3.369778398,0.01428398,11.99343049,3.671546331,2.73036255,0.05776162,9.237284289,3.086303779,2.536282691,-0.42630323,0.797372529,0.087520934,-5.32E-05,-0.322810844,0.391200486,0.046281011,-3.52E-05,-2.625225755,2.234797527,0.337570709,-0.000339474,-1.007773099,1.250809388,0.15184945,0.000463113,-2.797856062,3.094809362,0.177490205,1.43E-05,-1.182154736,1.215180325,0.087515744,-6.82E-05,-2.513298039,1.547656516,0.363832503,-0.000400541,-1.070274964,1.41803427,0.209770727,7.88E-05,-2.44888848,2.132147861,0.355632776,0.000126605,-1.594130621,1.076573442,0.203642809,1.36E-05,-2.098894813,2.193196856,0.303490843,-0.00028006,-1.06906591,1.154800854,0.169598328,0.000148594,-0.492195021,0.604513123,0.084735384,-0.00024717,-0.113015119,0.25961104,0.020703038,-5.72E-06,-0.357638583,0.504259794,0.082685701,-0.00014925,-0.123159987,0.381244465,0.019711231,-2.20E-05,-0.635498883,0.686030501,0.102111978,-0.000277055,-0.21467992,0.364080222,0.033650856,3.95E-05
422,M,0,0,1,0.340860621,0.324403104,0,11.50419182,8.651377466,8.176766429,0,9.710631756,0.766141818,0.197357528,1.175270274,11.59592849,6.663651149,6.384347948,0.314568069,12.26188011,5.752607637,5.260547347,1.022461401,11.35101499,6.475135564,6.098726654,0,12.86981893,2.660307794,1.772213243,0,12.86524862,1.925551429,1.178009075,0,11.50397119,2.269101372,1.447085029,-0.527238252,0.613821406,0.110101937,0.00034784,-0.366726007,0.313804123,0.055298676,4.54E-05,-2.499529828,1.969415155,0.418767769,-0.000119185,-0.890703008,1.320922003,0.181269095,0.00023593,-1.022365624,2.501421842,0.105401221,1.46E-05,-1.15329789,1.097578281,0.063382907,-2.64E-06,-1.922163608,1.72712242,0.378729385,0.000981935,-0.991439693,0.937118415,0.220649955,-4.92E-05,-2.042523886,2.266491908,0.426159137,-0.001089827,-1.310077736,1.261637352,0.229763334,2.89E-06,-2.547186153,2.31751731,0.389988885,0.00133809,-1.494394416,1.214874084,0.217655462,0.00037217,-0.781190635,0.569698991,0.090228505,-0.000122478,-0.122910865,0.186970557,0.017148044,-5.86E-06,-0.784794557,0.5419431,0.084461798,-0.000155402,-0.141213396,0.316381512,0.019482427,1.43E-05,-0.399164909,0.564273769,0.080742415,-7.72E-05,-0.11794652,0.199150367,0.018886362,-1.46E-05
422,M,1,0,0.666614141,0.363682361,0.353726718,0.451714813,11.50419182,9.320565512,9.023255179,3.54E-06,11.79190412,1.79756132,0.667342787,0,11.59592849,7.05959109,6.751475311,0.314568069,10.92232062,4.948865134,4.610251412,1.171165232,11.66543631,7.048111956,6.817158778,0,5.449659753,1.794570626,1.42045399,0,5.420513849,1.360293305,0.980695891,0,5.536570883,1.491988629,1.143173809,-0.49850512,0.488574743,0.106085824,0.000186387,-0.287536173,0.252735675,0.055661086,-1.90E-05,-2.50927977,2.268228298,0.42941544,-3.39E-05,-0.883007137,1.369385141,0.190525125,0.000623144,-1.882083065,2.947294011,0.246031487,0.001674602,-1.149418488,1.232552037,0.114726909,-9.80E-05,-1.930452451,1.72712242,0.403077993,-0.000213197,-1.147897422,1.304642979,0.233000909,1.81E-05,-1.827593687,2.266491908,0.396831141,0.000279542,-1.065433695,1.261637352,0.216281097,-5.88E-07,-2.547186153,2.089472122,0.39383043,-0.000264182,-1.494394416,1.0504218,0.216820188,0.000202616,-0.348691366,0.479301766,0.063584875,3.28E-05,-0.086911857,0.159707962,0.014186809,-1.11E-05,-0.256509932,0.316557861,0.053120391,-6.03E-05,-0.055324832,0.187005495,0.01272004,1.73E-05,-0.348334122,0.538430063,0.060946626,5.31E-05,-0.110783271,0.199150367,0.016520147,-2.55E-05
422,M,2,0.046481195,0.666614141,0.356629042,0.348338319,0.577481526,11.86588091,9.481899302,9.219208017,6.53E-07,11.79190412,1.84497442,0.70760428,0,10.63693196,6.973764389,6.739647501,0,10.69940007,5.116228933,4.749297662,0,11.66543631,6.860135833,6.605404722,0.066351359,5.449659753,1.678044534,1.350433104,0.008220791,5.420513849,1.304986925,0.948554004,0.019036176,5.536570883,1.362045402,1.053759301,-0.472618248,0.470138748,0.095096344,-0.000208612,-0.276974796,0.252735675,0.050245929,-0.000106448,-2.50927977,2.268228298,0.393424937,-0.000423413,-0.882221466,1.369385141,0.175149301,0.000642271,-1.882083065,2.947294011,0.257243248,-6.04E-05,-1.149418488,1.232552037,0.1211821,-3.54E-05,-1.930452451,1.650023736,0.374390249,-0.000795407,-1.147897422,1.304642979,0.21778271,-0.000120601,-2.145722388,2.199901923,0.366503571,0.00039716,-1.028473901,1.078659125,0.202274021,8.83E-05,-2.189993992,2.674533065,0.368426276,-0.000742916,-1.148074088,0.938952888,0.197985989,-0.000105765,-0.372007183,0.319413656,0.054062461,0.000242821,-0.090848645,0.163769212,0.01342133,3.65E-06,-0.258247254,0.316557861,0.050052838,6.15E-05,-0.067272554,0.187060747,0.013175673,-9.45E-06,-0.361996786,0.380934664,0.049839868,0.000282977,-0.088228572,0.109505117,0.014605009,3.63E-06
423,H,0,0,1,0.565459228,0.540992462,0,10.73473455,7.361650552,6.817695732,0,10.84263133,1.737425714,0.854792037,0.032611166,11.58802347,5.726299779,5.32481064,0,9.630375692,4.335051219,3.748694955,0,10.41782899,6.358009128,6.083763807,0.059364294,11.3988214,3.527055478,2.606548387,0,11.42562239,3.450145372,2.677619759,0.023987186,11.39011052,3.593680779,2.470665781,-1.310747144,0.892394008,0.175063878,-0.000656165,-0.544452198,0.394537257,0.090233003,-0.000164683,-2.389647939,1.809905728,0.353004992,-0.001413765,-0.920604557,1.154458519,0.155264347,4.52E-05,-1.882503554,2.025671955,0.26741776,-0.000292896,-1.0846511,1.146582668,0.139482459,0.000126662,-2.259378416,1.86453681,0.479933493,0.000631125,-1.219821846,1.262972436,0.266233929,-0.00119976,-2.32301694,2.183344569,0.381068504,0.000858243,-1.171865046,1.212165541,0.210823002,0.0002293,-2.219561362,2.321857663,0.401381632,-0.000863104,-1.312108038,1.082888761,0.237114207,0.000243747,-0.951767731,1.009574122,0.154243468,0.001395867,-0.205380972,0.405234127,0.033341499,-4.17E-05,-0.979595013,1.124950305,0.172128532,0.002745831,-0.242827654,0.583329283,0.051492138,-6.31E-05,-1.130330446,1.288239643,0.170101264,0.000923284,-0.24177349,0.785170581,0.042341773,3.79E-05
423,H,1,0,0.910751657,0.533476452,0.514033418,0,10.79257417,7.946438455,7.541405029,0.000228669,10.61444012,1.938276211,1.298456564,0.106251821,10.38706131,5.55856692,5.23681313,0.005344265,9.630375692,4.213056513,3.830012948,0,10.41782899,6.211600006,5.98704246,0.120762955,11.3988214,3.363295388,2.67195297,0,11.93153868,3.833823025,3.095034241,0.023987186,11.39011052,3.323500485,2.5068245,-1.310747144,0.892394008,0.167248079,-0.00078399,-0.544452198,0.422975633,0.083139987,2.01E-05,-2.369123696,1.714172235,0.307023616,0.001971815,-0.920604557,1.151985713,0.140416449,0.000141062,-1.855351094,1.916837029,0.232184081,0.000278811,-0.772196021,1.058111769,0.126302178,-7.10E-05,-2.289947205,1.842888175,0.465215509,-0.000546169,-1.219821846,1.272914659,0.258309934,-0.00058683,-1.976432842,1.869578086,0.32016085,-0.001345267,-1.259032643,0.988208025,0.187698437,0.000111841,-1.747299649,1.732553718,0.359159158,0.000702616,-0.967508176,1.082888761,0.21113814,0.000275137,-0.951767731,1.009574122,0.133830556,-0.000574631,-0.205380972,0.405234127,0.029283433,-0.000231498,-0.979595013,1.124950305,0.159634559,0.000105888,-0.242827654,0.583329283,0.046116528,-0.00014134,-1.130330446,1.288239643,0.150275983,-0.000633917,-0.24177349,0.785170581,0.039069368,-0.000245269
423,H,2,0.005007239,0.807903587,0.506951133,0.496050732,0.200647793,10.79257417,8.135607815,7.767152005,0.002473728,10.61444012,2.36326314,1.7647289,0,10.65683542,5.713084464,5.327862582,0.738858095,10.3929029,4.314111754,4.02165154,0.082509788,9.850220141,6.013038253,5.828652027,0,8.803588726,3.077419045,2.729298336,0.031268169,11.93153868,3.443768215,2.751138055,0,8.882220466,3.075920225,2.677266901,-1.061732679,0.763121282,0.158431387,-0.001745459,-0.439183721,0.422975633,0.083612352,1.81E-05,-2.277955838,2.071551437,0.318189525,0.002795095,-0.868962555,1.151985713,0.146421779,5.20E-05,-1.981434946,1.916837029,0.297325865,0.000187287,-0.838368564,1.058111769,0.151620122,3.24E-05,-2.289947205,2.064316078,0.456139046,-0.000567079,-1.046775504,1.272914659,0.251050596,0.000335594,-1.976432842,1.915752493,0.293688201,-0.001747839,-1.259032643,0.988208025,0.171226814,5.19E-05,-2.108349739,2.325341036,0.341547647,0.000914011,-0.989348624,1.4104013,0.205213873,-5.73E-05,-0.762011795,0.682365559,0.125974319,0.000295269,-0.200610003,0.461503705,0.033593218,-0.000329136,-0.947643161,0.746719666,0.13518186,-0.001112642,-0.218323197,0.600311215,0.040187956,-0.000236205,-0.883251964,0.967120084,0.143115141,0.000842367,-0.233083966,0.761540209,0.042994892,-0.000426115
423,L,0,0.145654439,0.975604379,0.65674444,0.638002519,0,10.91443646,8.360513645,8.05197123,4.79E-07,1.565212125,0.475433384,0.335514756,0,11.0106021,6.23646729,5.922035584,0.474499514,10.6792526,4.534025607,4.198669847,0,10.80168345,6.758666295,6.509904576,0.002922992,11.83985655,2.351178564,1.470391308,0.015896152,11.96022572,2.975465421,2.046456728,0,11.72060424,2.263856363,1.26490093,-1.041049311,0.896150759,0.171264378,0.000389412,-0.589368531,0.640260834,0.090654872,-2.63E-05,-2.702249824,2.282323124,0.299043006,0.003009798,-1.078295149,1.267253432,0.138720962,7.63E-05,-0.430905336,0.449929017,0.139226418,0.000177527,-0.320497173,0.2883025,0.094804229,-9.42E-05,-1.87227224,1.475057773,0.372064558,-0.00132423,-1.033489116,0.881731874,0.208788873,-0.000113904,-2.364663682,2.090622324,0.338197083,-0.001601683,-1.527272806,1.155953618,0.194996935,0.000100962,-2.526054565,2.362438221,0.405581884,0.002138164,-1.315831686,1.344054754,0.24330234,-4.49E-05,-0.63841769,0.70745908,0.102739327,-0.002748289,-0.137092774,0.213231161,0.018496495,-0.000114201,-0.851236363,0.81674387,0.122931447,-0.002661692,-0.178071313,0.559394232,0.030122896,-0.000141707,-0.633196227,0.780457247,0.105187613,-0.002722956,-0.145842216,0.569677205,0.022290925,-0.000111185
423,L,1,0.145654439,1,0.631073288,0.615909059,0.064064237,10.88396627,8.612936017,8.360843634,6.86E-06,1.378782,0.519045098,0.393157124,0.835497392,11.0106021,6.56885249,6.258146856,0.673110076,10.35580369,4.623447602,4.390502939,0.229658753,10.75547682,6.410093417,6.20899277,0,8.022691061,1.986598842,1.45582912,0.023416959,10.07794312,3.33070605,2.68667014,0.023391975,7.834455399,1.757175156,1.077191963,-1.040168841,0.896150759,0.173710832,-0.000623642,-0.589368531,0.640260834,0.094305743,-6.84E-05,-2.594673019,2.282323124,0.281850451,0.00068572,-0.886890374,1.186021081,0.130722837,5.38E-05,-0.438798612,0.440640816,0.141351103,0.000160747,-0.33201611,0.277071147,0.09562826,5.02E-05,-1.87227224,1.854278132,0.355840542,-0.000317876,-1.033489116,0.881731874,0.207315808,0.000325801,-1.765209586,2.005057163,0.295575075,0.000426124,-0.936147414,0.875966248,0.171243888,0.000136069,-2.526054565,1.82894965,0.368789975,-0.0006812,-1.210077795,1.231060876,0.22543158,-9.60E-05,-0.508782538,0.607021693,0.080417897,0.000307876,-0.101611675,0.314991118,0.016108393,-4.83E-05,-0.743524186,0.767412114,0.104791731,0.00024069,-0.144757371,0.464596396,0.02553886,-7.38E-05,-0.497513744,0.780457247,0.08385469,0.000302506,-0.112406103,0.569677205,0.020805235,-4.74E-05
423,L,2,0,1,0.656972274,0.644425575,0.052422686,10.9528604,8.783281834,8.53696309,0,10.64273998,1.812035762,0.95052173,0.835497392,10.68914398,6.446991434,6.11180957,0,10.73255518,4.798449787,4.5831478,0.224917283,11.35072774,6.330082736,6.146507312,0,8.022691061,1.994135659,1.468213141,0,10.93631238,3.457290447,2.690755822,0.036098008,7.834455399,1.733044394,1.092456319,-1.071963076,0.851903721,0.174998306,-4.04E-05,-0.548979002,0.663270348,0.095164136,4.28E-05,-2.594673019,2.158602141,0.301384096,-0.000398478,-0.886890374,1.186021081,0.139154262,4.24E-05,-2.342857216,2.689404186,0.29512896,0.000310812,-1.615532671,1.278114832,0.160502357,0.000121437,-2.05536868,1.87826195,0.376100079,-0.000342096,-0.837190134,1.013571845,0.209560332,-0.000365221,-1.829281005,2.607365122,0.312554618,-0.000579332,-1.198479429,1.39860469,0.179739366,0.000155216,-2.171494109,2.975357941,0.370742125,0.000458549,-1.226662382,1.54214549,0.230565092,5.34E-05,-0.519854461,0.607021693,0.080374705,0.000336293,-0.135541686,0.314991118,0.016121557,-3.37E-05,-0.682996048,0.720533933,0.111867393,0.001205968,-0.14065497,0.593877591,0.028309825,-3.36E-05,-0.521941637,0.622532385,0.08234269,-2.04E-06,-0.134855439,0.331116954,0.01799702,-3.63E-05
423,M,0,0,1,0.471844522,0.449260703,0,10.76634422,7.959804503,7.592744879,0,10.74510008,2.16609833,1.083216387,0,10.95986685,6.782563117,6.479649709,0.466932951,10.11190492,4.487855387,4.203225982,0,10.54738434,5.635540184,5.454337259,0,11.80725743,2.78895185,1.908934184,0.020416082,10.61561568,3.021501482,2.40221423,0.010343084,11.80725743,2.554637477,1.490509862,-0.8497917,0.98390109,0.158133197,-1.36E-05,-0.514808853,0.540839798,0.089625382,-0.000192689,-2.509668825,2.206613467,0.323025231,0.000927098,-0.973800616,1.16452938,0.147009881,-0.000103892,-2.504319709,2.278219535,0.349260133,0.000961072,-1.249437927,1.026505792,0.17428248,2.51E-05,-1.931608522,2.10422699,0.413151418,-0.001572586,-1.109717718,1.26135494,0.234206245,0.000468802,-1.731900367,2.360989335,0.320552679,0.00040531,-1.021763593,1.245830977,0.181195947,0.000147036,-1.648066937,2.156832386,0.333098089,-6.92E-05,-1.149786294,1.358838498,0.204751202,-0.000106291,-0.545298349,0.633738568,0.105759129,-0.000809958,-0.102037147,0.138400883,0.016820265,-0.000119206,-0.561553206,0.685053634,0.10634455,-0.000212413,-0.107176739,0.459826171,0.026411514,-0.000115916,-0.550017691,0.631824197,0.104930845,-0.00084842,-0.107666322,0.167191141,0.017441394,-0.000108018
423,M,1,0.137627362,0.888916353,0.458529248,0.44044451,0.149198681,10.59750177,8.224049243,7.982397,0,10.63127699,1.622719494,0.829553117,0,10.95986685,6.62025025,6.248062481,0.469340041,9.599363269,4.107491563,3.860092062,0.141211352,10.54738434,5.970201268,5.821697519,0.021225976,8.379847301,2.048842021,1.632671214,0.020416082,9.63607037,2.935155939,2.305252725,0,8.127889549,1.690559012,1.195996689,-0.781780705,0.726326062,0.143306381,0.000439958,-0.514808853,0.448852148,0.082152046,-6.95E-05,-2.273491639,2.206613467,0.296268727,0.002559768,-0.838637466,0.934678957,0.133616229,-8.86E-05,-2.397557617,2.278219535,0.296159968,6.16E-05,-1.249437927,0.906830734,0.153518679,4.41E-05,-1.654911016,2.10422699,0.403274759,0.000802576,-0.871116622,1.218650035,0.22081323,-3.37E-05,-1.713609055,1.777109596,0.298140874,-0.001491075,-0.887443743,1.017674299,0.168684336,7.43E-05,-1.718601075,1.658930424,0.323296555,0.000987885,-0.834505275,0.97040743,0.195631085,2.42E-05,-0.41693932,0.624221008,0.080822259,-0.000971797,-0.104808474,0.340077659,0.01728446,1.70E-05,-0.51242832,0.663360225,0.099112725,-0.00035838,-0.107176739,0.428520462,0.024450731,9.74E-06,-0.411219728,0.619973767,0.08098978,-0.001031186,-0.121813967,0.449917493,0.019886125,2.04E-05
423,M,2,0.019017458,0.672843924,0.413806522,0.399086986,0.149198681,10.26608399,8.059158646,7.77298264,1.44E-05,3.051460015,0.67046295,0.483444827,0.616348165,10.63538027,6.208505479,5.893218325,0.621621627,10.01898412,3.962282838,3.682815111,0.141211352,9.95123496,6.187867826,6.010245938,0.004261291,7.126893991,2.157118908,1.878398177,0,9.63607037,2.51968227,1.922577476,0,6.608904772,1.955226289,1.660921063,-0.828217192,0.760532627,0.158122003,-0.000425053,-0.477289969,0.492428522,0.086360458,2.08E-05,-2.207141134,2.180898488,0.28790318,0.000986136,-0.790062714,0.915247933,0.128432659,-3.58E-05,-0.569623359,0.548904133,0.151203822,-0.000745799,-0.332912678,0.316765233,0.101109182,-9.61E-05,-1.704250554,2.244148632,0.40044707,0.000469742,-0.991419944,1.324030848,0.216747997,-0.000243123,-1.713609055,2.178886112,0.301681383,-1.45E-05,-1.027342492,1.017674299,0.170261377,0.000188552,-1.718601075,1.612076429,0.318040473,-0.000153264,-0.834505275,1.010848192,0.188203597,-6.29E-05,-0.41693932,0.624221008,0.090296658,0.000331313,-0.104808474,0.413104193,0.023694781,-9.17E-05,-0.49966338,0.663360225,0.103991152,-0.000146964,-0.098239159,0.459612156,0.028497204,-9.87E-05,-0.471585281,0.619973767,0.092602884,0.00036948,-0.121813967,0.449917493,0.027358331,-8.83E-05
424,H,0,0.138001837,1,0.314343972,0.291425624,0,11.74483442,8.753841072,8.309585858,0,11.0205015,2.143248943,0.92105196,0,11.88141439,7.651491227,7.445959951,0,11.5989334,5.370006117,5.0522464,0,11.20603491,6.560905629,6.35194908,0.093101813,11.60847764,2.557392802,1.837363479,0.008625861,11.02148971,2.613175826,1.639267483,0.039595172,11.64080014,2.137437826,1.407751956,-0.76185027,0.637876905,0.119354018,-0.002211158,-0.409146072,0.439416347,0.067518614,-3.56E-05,-2.47972598,2.425837889,0.359594532,-0.000425232,-0.957788684,1.433638249,0.168754575,7.45E-05,-2.081214832,2.302441189,0.268966226,0.001280522,-1.160002314,0.902033991,0.127304049,0.000244119,-2.781752818,2.535018374,0.425549471,-0.000376727,-1.494252175,1.833645439,0.248776035,-0.000186784,-1.978983494,1.749814915,0.317703596,0.000701003,-1.140525855,1.092533239,0.175425864,-9.49E-05,-2.226507514,1.951798423,0.367184363,-0.000849795,-1.395485899,1.382117682,0.221105083,0.000463471,-0.471109601,0.546291152,0.067316244,-0.000404997,-0.185690802,0.211113342,0.022441164,2.14E-07,-0.348438722,0.423767238,0.066065112,-0.000805918,-0.111850504,0.203718923,0.020703826,1.69E-05,-0.473749092,0.562551192,0.070861141,2.53E-05,-0.185457067,0.305305502,0.026908762,-3.83E-05
424,H,1,0.069771123,0.391668374,0.232977471,0.230268037,0,11.33854081,9.136659015,8.901869819,8.15E-05,11.0205015,2.28135143,1.007005383,2.046458602,11.54722177,7.68539288,7.52275597,2.304672022,11.5989334,4.962861101,4.745567033,1.208312487,11.49850121,7.032846656,6.859727633,0.093101813,3.062043078,1.245762528,1.07771102,0.014587212,3.466563693,1.412965672,1.143333425,0,3.048443704,1.015119837,0.768068535,-0.580533162,0.517742565,0.091825685,8.99E-05,-0.303322962,0.366576755,0.054893222,-3.11E-05,-2.47972598,2.425837889,0.307471341,-0.000462841,-0.975355902,1.478730585,0.157516004,0.0001208,-2.081214832,2.196355031,0.258212654,-7.66E-05,-1.160002314,0.841832794,0.122766985,-2.79E-05,-2.781752818,2.535018374,0.388077299,-0.000629274,-1.494252175,1.833645439,0.231422835,-2.77E-05,-1.978983494,1.639217065,0.268822995,0.000540441,-1.140525855,0.845023383,0.153670898,3.02E-05,-2.226507514,1.956747377,0.319981852,-0.000412541,-1.166862481,1.369477598,0.195635695,7.34E-05,-0.253119374,0.239337808,0.043456544,3.87E-06,-0.065723036,0.12853973,0.015911038,-6.27E-06,-0.28532803,0.419624119,0.053722428,-0.000115505,-0.083706883,0.203718923,0.017956165,-1.36E-05,-0.243177901,0.247711456,0.045515217,2.40E-05,-0.072900529,0.135557687,0.018916994,-3.12E-06
424,H,2,0.034932536,0.34269643,0.218466208,0.215593536,0.179026111,11.29992272,8.981241702,8.733698525,1.78E-05,11.4916897,2.024311019,0.82605906,2.668281767,11.3492118,7.771814432,7.62030115,2.304672022,11.42074937,4.925853658,4.711853942,1.432859304,11.49850121,7.147067604,6.959967861,0.092109152,3.37086284,1.218396716,1.032252308,0.014587212,3.466563693,1.357354421,1.092624662,0,3.405758172,1.002951934,0.746539824,-0.46311795,0.517742565,0.086394546,-3.76E-05,-0.303322962,0.366576755,0.05178478,6.17E-06,-2.375601002,2.677270493,0.297336093,-0.000824908,-1.179374527,1.478730585,0.148258382,0.000111633,-2.200006415,2.22217626,0.206495884,-0.001526519,-0.770440907,1.139148117,0.102528916,-0.000210887,-1.910825662,1.584552243,0.379177132,4.34E-06,-0.98543541,1.124882773,0.223466543,-5.05E-05,-1.84201777,1.819470323,0.281446334,0.000902631,-1.012447799,0.845023383,0.157243757,-4.19E-05,-1.931922886,2.006488354,0.315581274,-0.000632014,-0.861006183,1.21585695,0.184329826,-5.72E-05,-0.251965419,0.282877015,0.047305715,-0.000110029,-0.088831162,0.158789549,0.017050077,-3.57E-05,-0.28532803,0.419624119,0.051661604,-0.000528428,-0.071606326,0.156697651,0.017762825,-3.39E-05,-0.249439107,0.292861721,0.050135574,0.000138145,-0.090673632,0.185745071,0.019624227,-4.50E-05
424,L,0,0.03201159,1,0.263875635,0.23755787,0.255466579,11.18900677,8.966661183,8.716044957,5.50E-06,11.25452862,1.812193337,0.735917145,0,12.76898202,7.044316568,6.792293712,0.140173713,11.65353933,4.288790014,3.891007924,0,10.51636616,6.891109318,6.704784842,0.018753135,12.05674615,2.931764989,2.038772118,0.044570026,13.32997697,2.333289457,1.414021305,0.044653356,11.61402296,2.153538185,1.399216353,-0.751870263,0.686673794,0.116313053,-0.0026639,-0.491921161,0.347758442,0.066864761,-7.91E-06,-2.456755707,2.128487713,0.288876617,6.61E-05,-1.017108295,1.406172174,0.141735572,0.000126621,-2.338746549,1.865077868,0.242098003,0.000147049,-0.798520281,0.903369704,0.108916801,-3.56E-05,-2.322266654,2.48093268,0.426846429,-0.000724108,-1.187045278,1.449155987,0.246377919,-4.29E-05,-2.578224163,2.675769622,0.334591745,-0.000850127,-1.839283346,1.428373054,0.190572992,0.000218493,-2.349095761,2.401927191,0.344033795,0.000819419,-1.214653978,1.422983184,0.205495276,0.000223077,-0.720585423,0.817115358,0.100291992,-0.002606963,-0.152363874,0.468704599,0.034537377,6.66E-06,-0.895567568,0.971542393,0.089392914,-1.33E-05,-0.242379702,0.701391028,0.029242789,-5.80E-05,-0.763102093,0.814423432,0.105524506,-0.002726058,-0.257475758,0.521671102,0.039515429,4.62E-05
424,L,1,0,0.387393239,0.184263545,0.177137178,0,11.38246166,9.368173679,9.203576507,0,11.25452862,1.77925572,0.691855588,0.251942793,11.46964281,7.051088635,6.850652282,0,11.11011,3.985587123,3.675634012,1.27768859,11.34170688,7.171066437,7.032980936,0.018753135,6.404679748,1.87763869,1.597738915,0,5.035332105,1.321705141,0.950334791,0,5.425971511,1.567512138,1.29854477,-0.69343949,0.638443491,0.101081549,-9.38E-05,-0.358469521,0.343724145,0.058361483,-0.000106247,-2.25539142,2.666211379,0.268306227,-0.001775651,-0.919862244,1.406172174,0.133734302,0.000221828,-2.338746549,1.865077868,0.231285218,0.000265197,-0.798520281,0.903369704,0.104206245,3.79E-05,-2.293737944,2.199826995,0.391192257,0.000356814,-1.127075896,1.477863709,0.23376526,-0.000273517,-2.578224163,2.675769622,0.360236252,0.001477449,-1.839283346,1.428373054,0.210750402,0.00016858,-2.349095761,2.187090736,0.323565312,-0.001524315,-1.214653978,1.184550542,0.196582655,0.000275281,-0.490520264,0.625034347,0.077142356,0.000425695,-0.146731841,0.215165397,0.030365108,-5.79E-05,-0.331028593,0.471175532,0.060466828,0.000104544,-0.111373811,0.276452708,0.022516262,-1.71E-05,-0.456516979,0.645497267,0.077897974,0.000398768,-0.149268513,0.375712326,0.033724851,-5.61E-05
424,L,2,0,0.285409341,0.176457825,0.170746315,0,11.38246166,9.316516659,9.070231741,0,0.835377264,0.251069801,0.1797917,1.60587531,10.96319913,7.076957927,6.951060355,0,9.926270087,4.175298925,3.831506963,0.895645237,11.34170688,7.067527659,6.902735894,0,6.404679748,1.672278846,1.413585104,0,4.199450631,1.214130908,0.959005186,0,5.425971511,1.386878357,1.078333186,-0.69343949,0.543486892,0.092295946,-8.25E-05,-0.321570157,0.343724145,0.054042782,-6.75E-05,-2.158470345,2.666211379,0.272341908,-0.000415004,-0.978479878,1.118795634,0.129476358,0.000206331,-0.274032191,0.266510845,0.078105388,-3.24E-05,-0.196264779,0.186270277,0.053823677,-3.51E-06,-1.982838005,2.182779952,0.36468463,-5.96E-05,-0.936082167,1.477863709,0.219441732,-0.000404977,-2.38551192,1.832475823,0.332177643,-0.000391088,-1.33267734,1.088892825,0.192625619,-9.20E-05,-1.688399789,2.187090736,0.291111154,-0.000321967,-1.172516158,0.974143953,0.171019225,0.000290382,-0.490520264,0.625034347,0.071639854,-5.64E-05,-0.146731841,0.212851303,0.027582246,-4.14E-05,-0.331028593,0.471175532,0.05267852,-8.77E-05,-0.111373811,0.276452708,0.021985288,1.93E-05,-0.456516979,0.645497267,0.078627696,-9.10E-06,-0.14523094,0.375712326,0.032711335,-6.19E-05
424,M,0,0.125489692,1,0.552010277,0.539586341,0,11.624197,7.973521165,7.639974458,0,11.26936545,1.377322774,0.539102693,0,10.69308327,6.539107323,6.321239595,0,11.27861573,4.691180217,4.218300004,0.070448159,11.64948991,7.210131486,7.065779064,0,11.53199644,3.426726115,2.725258074,0.031014124,11.65515102,3.904213076,3.130099402,0.04888132,11.53199644,2.967427516,2.137096344,-1.582336091,1.313961591,0.220567079,0.000776626,-0.60854383,0.806964065,0.127520162,-7.02E-05,-2.389097655,2.083664019,0.327341495,-0.001153577,-0.94925396,1.37043144,0.155189022,-0.000133764,-2.674444257,1.856780595,0.20951493,0.000134898,-0.962792239,1.042469425,0.103894154,-9.88E-05,-1.856694021,2.146719237,0.393057537,0.002090434,-1.118180286,1.397576051,0.231212416,-0.000109106,-2.113537781,1.892513769,0.328600712,0.001077135,-1.194449465,1.093015008,0.178368011,-0.000246159,-2.608129127,2.498589698,0.364692387,-0.00170928,-1.204764033,1.382303985,0.212939294,0.000496979,-0.718745893,0.952531473,0.142467708,-0.001077966,-0.21076137,0.251137724,0.045923501,-4.29E-05,-0.732748367,0.815038222,0.143112795,-0.000928179,-0.211392225,0.227596032,0.04114803,-8.17E-05,-0.767385333,1.326645872,0.16003071,-0.00138776,-0.225525031,0.398894776,0.059618497,-1.01E-05
424,M,1,0.213587973,0.819188609,0.512370807,0.507936982,0.377007025,10.45444899,8.270161978,8.015592652,0,11.26936545,1.79806556,0.750421043,1.080917995,11.15729045,7.004714276,6.830667642,0.727263758,11.53262788,4.196513476,3.832643087,0,11.72487644,7.318483306,7.173684162,0.030986836,6.589997316,2.935054695,2.530191594,0.031897517,9.991647682,4.456672876,3.722862319,0,5.979536797,1.814677343,1.354534131,-1.000807389,0.962467192,0.178607656,-0.00028382,-0.546759398,0.65079157,0.106049315,1.50E-05,-2.657022369,2.288710198,0.27592099,0.001648393,-1.042129522,1.685312232,0.138192118,-1.66E-05,-2.674444257,1.856780595,0.245110131,-6.94E-05,-0.962792239,1.042469425,0.114713445,-3.41E-06,-1.945979698,1.960238055,0.380513618,-0.000573677,-0.951590372,1.332041695,0.229059312,-0.000164168,-2.113537781,1.680667835,0.286919236,-0.001631689,-1.152810469,0.880979389,0.16418153,6.85E-05,-2.466242963,3.024650144,0.333328928,0.001321103,-1.318466889,1.651396523,0.195693073,-7.67E-05,-0.571414131,0.639786939,0.099748347,5.15E-05,-0.219615081,0.30250731,0.03652041,-8.41E-05,-0.732748367,0.654890461,0.122809347,0.001265038,-0.211392225,0.401220131,0.039353733,-9.73E-05,-0.563949525,0.716339201,0.112206467,-0.000728176,-0.259530907,0.37155956,0.049504842,-7.59E-05
424,M,2,0,0.681140835,0.475156126,0.47006872,0.502645612,10.20513877,8.370946513,8.197032635,8.90E-05,9.708041319,1.789743298,0.742575035,0.91687677,11.59935799,7.233119639,7.008679895,0.250878585,11.53262788,3.60417296,3.386864573,0,11.72487644,7.528307195,7.357683049,0.030986836,6.934823243,3.017748646,2.614460736,0,9.991647682,4.326473322,3.521156537,0,6.452939641,2.083626792,1.604854725,-1.060727728,1.109831237,0.185447476,0.000280988,-0.702086193,0.817876623,0.110925929,-0.000116404,-2.657022369,2.288710198,0.235774411,-0.001805233,-1.042129522,1.685312232,0.117599663,0.000159812,-2.174819163,1.86056649,0.244267473,-0.000126211,-0.945154809,0.820789959,0.115708256,2.57E-05,-1.967847227,1.960238055,0.406704726,-0.000391529,-0.951590372,1.332041695,0.241007072,-2.96E-05,-1.954477588,1.583761904,0.292339411,0.001195772,-1.20146251,0.892916597,0.174043152,0.000118459,-2.466242963,3.024650144,0.343933523,-0.001099948,-1.318466889,1.651396523,0.203993116,0.000186162,-0.641197308,0.751255998,0.097828643,0.000232705,-0.219615081,0.386740167,0.039617881,7.83E-07,-0.688892959,0.706188655,0.125201181,-0.000759041,-0.200388095,0.581322145,0.045097162,5.97E-05,-0.854559997,0.980112105,0.119648912,0.0011008,-0.259530907,0.793411591,0.053456791,-8.75E-06
425,H,0,0,1,0.245022151,0.228392136,0,9.465776747,7.211667247,6.823916257,0.000140095,9.555290055,0.880234318,0.604006303,0,11.76887415,6.022977894,5.929169833,0,10.55365998,6.982528351,6.930359854,0,9.454708426,2.139514694,2.055623134,0,12.78264275,1.984722865,1.015854048,0.000454117,13.15979836,2.073086402,1.021820602,0.001986473,11.75592228,1.811827188,0.904010773,-1.441221302,1.106097995,0.097209913,0.00044383,-0.48028288,0.428184898,0.040467341,-2.99E-06,-2.359331289,2.128063392,0.269694146,3.79E-05,-0.916847713,1.285817618,0.130495597,9.23E-05,-2.540831879,2.169987533,0.16169216,-9.35E-05,-0.887513811,1.103576318,0.090427049,-7.40E-05,-1.589673579,1.674706215,0.262898638,2.18E-05,-0.997846363,1.086506319,0.15827466,0.000143849,-0.919923273,2.228823366,0.13407812,0.000345114,-0.843836885,1.047225896,0.071266184,5.90E-05,-2.897127231,1.21064715,0.137674207,-0.000268326,-1.386256599,1.195612391,0.078806947,0.000123698,-0.267144573,0.324780024,0.041906064,0.000260584,-0.070316658,0.13011994,0.01018768,-5.56E-05,-0.341196669,0.535063352,0.04772367,-1.67E-05,-0.103598753,0.263822865,0.012442756,-3.93E-05,-0.297264484,0.424158924,0.046650793,0.000413889,-0.079938137,0.118423465,0.011098237,-5.98E-05
425,H,1,0.118161882,0.382770289,0.227132113,0.225625975,0.015798407,9.220563971,7.814875606,7.584093246,0.001383063,9.555290055,0.881007392,0.6095224,3.245046321,9.340507344,6.114503173,6.026890808,5.583163045,9.398222007,6.936671897,6.912003033,0,3.161974773,2.025940777,1.968530298,0,2.594737346,0.581395128,0.444809925,0,2.419300005,0.607859667,0.464183056,0,2.629785532,0.56500563,0.402687951,-0.353291542,0.468603728,0.050640606,0.000109507,-0.229534708,0.230373171,0.027209786,2.38E-05,-2.359331289,2.128063392,0.238033962,0.00019817,-0.916847713,1.285817618,0.111034269,-0.000135723,-2.540831879,2.169987533,0.161687348,-3.10E-05,-0.887513811,1.103576318,0.089678691,9.66E-05,-1.191058815,0.951489077,0.238162107,-2.16E-05,-0.6024419,0.657590199,0.141129862,-3.26E-05,-0.933904919,0.813636264,0.10251669,-5.15E-05,-0.370708627,0.413349675,0.056959322,-1.50E-05,-0.684847329,0.994865811,0.097290526,0.000165417,-0.510277889,0.513000389,0.058406539,5.09E-05,-0.194963746,0.238655086,0.023282672,-8.73E-05,-0.058732324,0.102027242,0.007108127,6.62E-07,-0.183910116,0.28669911,0.02385437,-0.000150018,-0.067191202,0.136391735,0.007242496,5.48E-06,-0.216683686,0.230213359,0.02547,-3.72E-05,-0.057857408,0.118423465,0.008555068,-2.35E-06
425,H,2,0.118161882,0.326124994,0.227566507,0.226066218,0.185493366,9.313743957,7.986060874,7.850048399,9.75E-05,4.695499985,0.810642763,0.599546437,2.473979259,9.340507344,5.906235324,5.749407678,5.497972083,9.279899488,6.814062901,6.793090336,0.51499028,3.232792502,2.013698698,1.957336332,0.033614937,2.594737346,0.679368155,0.5445983,0,2.263983448,0.877557294,0.682113025,0,2.629785532,0.571940836,0.4134979,-0.381759975,0.468603728,0.045666469,-3.13E-05,-0.229534708,0.249893527,0.025893109,-6.80E-05,-2.488226066,1.812326445,0.205111233,0.000541948,-0.987955778,1.439816158,0.101625905,-0.000283484,-0.760272664,0.805412442,0.127369801,-0.000239037,-0.425191739,0.373165308,0.075353644,3.53E-05,-1.188527893,0.951489077,0.247794138,-0.000235961,-0.587432841,0.6105381,0.143437848,-0.000291996,-0.933904919,0.813636264,0.101388344,3.77E-05,-0.557988995,0.413349675,0.05853241,1.19E-05,-0.540454678,0.783901969,0.092841418,7.10E-05,-0.410305986,0.401351531,0.054334678,-5.91E-05,-0.158683552,0.227088844,0.018553665,-1.90E-06,-0.058732324,0.058436272,0.005278554,3.70E-05,-0.161410958,0.28669911,0.022722087,0.000373885,-0.067191202,0.136391735,0.006573799,1.28E-05,-0.156540203,0.213156403,0.020226546,-0.000164772,-0.057857408,0.088177406,0.006443252,3.81E-05
425,L,0,0,1,0.248581286,0.23412272,0,9.439091012,7.784168026,7.483300855,7.13E-06,8.576896899,0.817483678,0.427981526,0,10.51501837,1.48231137,1.422776165,0,9.900031851,7.362947319,7.340017889,0,10.51501837,1.178423526,1.108160425,0,10.42077883,1.696975308,1.149806336,0,9.892645108,2.809967874,2.175714362,0,10.50454549,1.533108189,0.857678926,-2.067073434,2.347014254,0.112540134,-0.000219027,-0.82957474,1.635232924,0.06161574,8.59E-05,-2.298819639,1.899150882,0.282452131,0.00010633,-1.098454002,1.166391,0.140311506,-0.000266336,-2.741033088,2.639539801,0.172358996,0.000123805,-2.176035867,1.434864329,0.104595995,-6.40E-05,-2.712886778,3.09456311,0.136586163,5.93E-06,-1.959189727,1.257072963,0.080177762,-5.47E-05,-2.516105519,2.712804032,0.156656161,0.000169202,-1.050456917,1.7784463,0.091143165,3.34E-05,-3.051374881,3.09434873,0.141996607,-3.81E-05,-2.085289147,1.258902319,0.085697273,-2.38E-05,-0.622955324,0.324281374,0.051429966,-0.000793264,-0.144226225,0.25931813,0.015236441,-3.96E-06,-1.486336901,0.97109987,0.111708134,0.000144018,-0.379053289,0.603312791,0.035037978,3.60E-06,-0.693278774,0.408780059,0.058564809,-0.000843023,-0.171081346,0.409474662,0.018750109,-6.73E-06
425,L,1,0.071527791,0.419620111,0.209631246,0.207174134,0,9.488966262,8.30002316,8.113923436,0.000507494,6.398060631,0.87564067,0.623765996,0.349820419,2.113218368,1.317378853,1.294473528,6.575216112,9.823058085,7.294032011,7.281860527,0.050736953,1.702415849,1.124080801,1.103701741,0,3.201102746,0.814590411,0.646683113,0,4.351476492,1.755206739,1.367635624,0,3.070595018,0.675711592,0.441342475,-0.530384645,0.637546118,0.053775164,0.000207647,-0.365857155,0.286707491,0.030087819,3.41E-05,-2.469191289,1.863664581,0.264107408,-0.000119608,-0.859004876,1.293597234,0.121192333,-0.000206357,-1.518976586,1.139421842,0.151164631,0.000126107,-0.67407334,0.519297555,0.085830821,-1.89E-05,-0.281298791,0.26212552,0.058246774,-6.64E-05,-0.155479035,0.174121672,0.035165241,-4.78E-05,-0.611475081,0.72527053,0.087938614,1.36E-06,-0.40599177,0.284347535,0.050667899,2.79E-05,-0.325601353,0.522555928,0.052775789,-5.93E-05,-0.278126838,0.263849092,0.033168142,1.68E-05,-0.277454173,0.301069511,0.025401174,-9.70E-07,-0.063120866,0.126264111,0.007747529,8.19E-06,-0.252387378,0.316183512,0.039076536,-0.000859391,-0.06131664,0.087567074,0.012783699,7.91E-06,-0.316818792,0.385202585,0.029847216,0.000268947,-0.073262726,0.273628346,0.010426327,5.79E-06
425,L,2,0.071527791,0.380297174,0.213763903,0.211257138,0.182308992,9.714056667,8.032957185,7.784083236,0,9.720342041,0.994012538,0.671710606,0.349820419,2.280860296,1.365550437,1.332039167,6.57237169,9.823058085,7.373216343,7.35744757,0.094181761,1.591076522,1.066336889,1.044061726,0.121099102,3.383432504,1.001083106,0.883704228,0.032002067,5.581827139,1.940362308,1.594688865,0.004492248,3.070595018,0.877273138,0.674418738,-0.530384645,0.516907,0.057175262,0.000151802,-0.222054244,0.278427542,0.031071497,-2.14E-05,-2.469191289,1.664960217,0.270357122,-4.40E-05,-0.859004876,1.293597234,0.122103658,-0.000129803,-2.71551589,2.59033918,0.185956713,0.000107246,-1.9184127,1.229852241,0.108177016,-2.82E-05,-0.281298791,0.3261963,0.061067616,-0.000102987,-0.163029351,0.17667463,0.036589527,-3.26E-05,-0.706382652,0.658333595,0.090478081,-8.96E-05,-0.377576128,0.342951909,0.049596873,0.000124446,-0.362207646,0.323765268,0.053880523,0.000111083,-0.197804279,0.194207562,0.03328056,-3.91E-05,-0.241542672,0.301069511,0.028900515,4.23E-05,-0.063120866,0.126264111,0.008233134,1.00E-05,-0.385962669,0.394896051,0.051579281,0.000195635,-0.107550458,0.11883793,0.015305375,-4.21E-06,-0.226187132,0.385202585,0.030947465,1.37E-05,-0.073262726,0.273628346,0.01050573,1.46E-05
425,M,0,0.138018089,1,0.360074756,0.34354696,0.240104045,9.328112251,7.178423491,6.765435239,0,9.795800396,1.619251305,0.946048638,0,9.723124164,6.492795265,6.352958052,0,9.561218301,3.390153866,2.862746273,0,8.998029782,5.706298342,5.547153601,0,10.12087775,2.160463957,1.703776854,0,10.11742931,1.808889427,1.382766296,0,9.725235476,2.345168155,1.742720679,-0.679372707,0.795364647,0.112420635,-9.49E-05,-0.340634065,0.349313745,0.059613711,-1.86E-05,-2.467142741,2.125687552,0.256023369,0.000657224,-1.051549585,1.065617481,0.120295572,-0.000197662,-2.775740685,1.677269755,0.245438332,0.000361307,-1.31139576,1.094987303,0.127669077,-1.12E-05,-1.642467278,1.742376691,0.32503313,0.000196197,-0.870847773,0.906000711,0.192427773,-0.000166383,-1.864134937,1.691231999,0.24942622,0.000169549,-0.891799582,0.857261988,0.138440614,0.000200156,-1.923957592,2.596232086,0.320604245,0.000152698,-1.131405946,1.355370773,0.205514785,6.50E-06,-0.749316229,0.622555591,0.086365711,-0.000660003,-0.135145163,0.41164722,0.02641874,5.47E-06,-0.640553497,1.037210469,0.084068081,-0.000648154,-0.176159528,0.734379399,0.029264806,1.63E-05,-1.024224834,0.780903043,0.116299914,-0.000431404,-0.196832321,0.615783074,0.038147598,1.47E-07
425,M,1,0,0.436488802,0.314379102,0.305490906,0.317659202,9.70467806,8.103014713,8.049236153,0.00010378,9.795800396,1.723377095,1.132874646,1.627602364,9.706482175,6.331782803,6.197842195,0,6.929559351,2.349258104,2.247248277,0.22582151,9.670699521,6.199735094,6.116786558,0,4.761087311,1.276124904,1.053191033,0.01012412,3.843538208,1.141072911,0.956256715,0,5.544921886,1.374201256,1.004455027,-0.440294525,0.53868691,0.079728764,-1.88E-05,-0.340634065,0.306238893,0.048115732,-2.72E-05,-2.467142741,1.601110056,0.217495832,0.000162357,-1.051549585,1.117246639,0.105447791,-0.000127546,-2.775740685,1.676402754,0.256971056,-0.000601773,-1.31139576,1.094987303,0.129340144,0.000106476,-1.497232309,1.203452452,0.270964482,-0.000651715,-0.812380412,0.794910214,0.161218351,-0.000166996,-1.45794288,1.691231999,0.198472835,0.000147509,-0.891799582,0.85056808,0.116140524,0.000141255,-1.923957592,2.596232086,0.278004243,-3.28E-05,-1.131405946,1.329599055,0.166610639,-2.35E-05,-0.170158683,0.174304768,0.027046673,-0.000294161,-0.061795597,0.063185908,0.009852183,7.33E-07,-0.166947039,0.158206754,0.023768849,-0.000106453,-0.054307387,0.046694708,0.007826486,-1.89E-06,-0.150640895,0.213669587,0.040577151,-0.000454231,-0.075835988,0.088201968,0.017095333,2.19E-06
425,M,2,0,0.430876124,0.276809101,0.269250793,0.579680092,9.70467806,8.309777959,8.267941671,0.000437742,9.792182976,1.2070583,0.905282127,0.977262476,9.236881861,5.414105517,5.244633233,0.729751449,5.913889433,2.34355615,2.267974572,1.401672717,9.670699521,6.320263497,6.239124956,0.018948438,4.761087311,1.464582822,1.290048706,0.014404263,3.843538208,1.280146365,1.136418982,0.013972677,5.544921886,1.59539169,1.316768718,-0.550353436,0.442513155,0.079349813,-0.00043986,-0.30823933,0.261278765,0.046272438,-2.62E-05,-2.012815737,1.66308308,0.200589649,0.000117164,-0.725712439,1.117246639,0.098331948,1.57E-05,-1.875029395,1.676402754,0.183621893,-0.000189275,-0.828645261,0.699282414,0.099803999,-4.36E-05,-1.297468888,1.203452452,0.25605853,-0.000616551,-0.797831334,0.678837006,0.150689235,2.02E-05,-1.120804989,1.199912154,0.183985279,3.37E-05,-0.873858591,0.57822069,0.109987219,-2.18E-05,-1.825254505,1.342842263,0.265513212,0.000160617,-0.828376073,0.933350894,0.157454262,-4.39E-05,-0.170158683,0.169977161,0.022979795,0.000519564,-0.061795597,0.05258175,0.008755582,-6.11E-06,-0.166947039,0.151110222,0.020860259,0.000266587,-0.054307387,0.046694708,0.006761977,1.67E-06,-0.158307641,0.165764216,0.035496196,0.000710018,-0.075835988,0.063676256,0.01577589,-1.15E-05
426,H,0,0,0.988768754,0.837539675,0.828295257,0,10.29170185,7.779791625,7.383884118,5.63E-05,10.59452585,2.566769893,1.819588681,1.308154091,11.37534948,9.384856737,9.366324415,0.776464489,12.30284872,7.517491588,7.426733288,0,11.21073018,1.89252549,1.78522588,0.093438283,8.931684668,3.337166113,2.999678483,0,11.63109293,4.254690435,3.535343345,0.047674775,6.757925049,2.504959649,2.14982559,-2.110840184,3.169766441,0.166113427,-0.000105222,-1.357494206,1.809744371,0.092898744,0.000126613,-1.833501218,2.071065086,0.271739124,-0.000965948,-1.395507823,1.405111895,0.130682437,0.000246928,-1.170673757,1.155415558,0.16316574,-0.000214981,-0.473720524,0.430168101,0.07980309,1.57E-05,-2.365464955,2.337581352,0.15183905,0.000107187,-1.017217186,1.163064891,0.088345139,-5.30E-05,-2.415778482,2.887123151,0.232999601,0.00062786,-1.351428914,1.630776983,0.138463787,-0.000253338,-2.650117874,2.910030189,0.17938843,-0.000394178,-1.54565516,1.136146821,0.106197136,0.000152216,-0.625341838,0.571367163,0.083621768,9.91E-05,-0.144632261,0.296986316,0.02140211,7.62E-05,-0.664699133,0.677407473,0.119739681,-0.000398586,-0.15309723,0.451225858,0.030204492,1.62E-05,-0.519599171,0.705192036,0.085847721,0.000262944,-0.176538564,0.432396466,0.028927429,0.000105578
426,H,1,0,1,0.876943963,0.869440857,0.119337813,10.51923677,8.011419735,7.667035628,0,9.986755003,2.517168764,1.801434544,1.308154091,11.3226959,9.349504975,9.332688189,0.776464489,12.30284872,7.468435718,7.396916851,0,11.21073018,1.824809471,1.725746208,0,8.931684668,3.081254153,2.490756785,0,11.86296406,4.22203745,3.284762103,0,8.858867274,2.163512261,1.473619026,-1.846753903,3.169766441,0.144463449,0.000604561,-1.357494206,1.809744371,0.079617491,0.000155742,-1.833501218,2.071065086,0.257853923,0.001355598,-1.395507823,1.405111895,0.127420827,0.000203357,-2.305015383,1.427829295,0.219194959,0.000578944,-0.742836907,0.875603495,0.100324895,1.92E-05,-2.365464955,2.337581352,0.145032639,4.01E-05,-1.017217186,1.163064891,0.083183319,-3.31E-05,-2.415778482,2.887123151,0.220158532,0.000216787,-1.351428914,1.630776983,0.128580545,-0.00015212,-2.650117874,2.910030189,0.173720215,-0.000146481,-1.54565516,1.136146821,0.101387594,0.000135853,-0.625341838,0.627949427,0.089903862,-0.000160028,-0.13561836,0.296986316,0.019734333,-8.94E-05,-0.722768798,0.798226034,0.116307623,-0.000395556,-0.159328506,0.451225858,0.027038217,-0.000105449,-0.519599171,0.546476828,0.087373808,-3.78E-05,-0.138504542,0.402002693,0.025444065,-5.93E-05
426,H,2,0.55627525,1,0.87956472,0.877156708,0.334844158,10.51923677,8.055659053,7.747911067,0,9.986755003,2.925661621,2.082583012,8.202348468,11.3226959,9.287195912,9.27695643,4.958619144,11.10063374,7.35199993,7.29982785,0.243750685,2.928301966,1.761453652,1.713970861,0,8.86980632,2.75433171,2.077226661,0.002145674,11.86296406,3.303861643,2.465312838,0,8.858867274,2.171255965,1.317346397,-0.411670732,0.40158801,0.065495539,1.86E-05,-0.269994501,0.218957542,0.036298754,7.26E-05,-1.4805055,1.904113771,0.206823917,0.001311059,-0.563028954,0.653349084,0.097690198,0.000235336,-2.305015383,1.508205709,0.238898319,0.001248531,-0.822937365,0.875603495,0.111145676,1.61E-05,-0.470406939,0.406765285,0.068700424,-0.000120649,-0.20492519,0.196411034,0.039786471,-1.31E-05,-1.045029827,0.826838508,0.148742954,-0.000375366,-0.515103927,0.485511259,0.087128275,2.41E-05,-0.337289872,0.550797677,0.078360947,0.000199029,-0.266821317,0.292687131,0.046929707,4.77E-05,-0.523845183,0.627949427,0.082912534,-3.58E-05,-0.113442261,0.119409794,0.016131633,-0.000164841,-0.722768798,0.798226034,0.096998255,0.000409929,-0.168533865,0.535104182,0.024531516,-0.000148063,-0.496525417,0.513777285,0.07967177,-0.000116629,-0.108464109,0.185352709,0.017645426,-0.000145273
426,L,0,0.496649738,0.881626352,0.740313281,0.736806854,0,10.85291291,8.142575692,7.757870628,0,0.94403176,0.22040241,0.156277494,6.408502241,10.78119284,8.27339439,8.246314138,0.244519993,11.09564363,4.554800223,4.040628967,0.133956364,4.918558674,3.085165724,2.944170074,0,9.271308427,3.674468205,2.927605406,0,11.12442324,2.915795199,2.346918068,0.014305538,9.469003188,3.364963452,2.404818137,-0.305592731,0.290114548,0.05888672,-0.000484738,-0.17279234,0.199719846,0.03326732,-1.79E-05,-1.870567007,2.018522809,0.230760349,0.000222376,-0.808771027,0.871444984,0.102363033,0.000184552,-0.413970222,0.223254658,0.063915819,-0.000201221,-0.159574564,0.174414035,0.043992109,0.000140374,-0.437602498,0.562448937,0.11521897,0.000304794,-0.324726326,0.325273774,0.067001256,-7.92E-06,-1.89030765,1.905132634,0.298163125,0.001033277,-0.869868359,0.806055399,0.166114611,-0.000257898,-0.942757941,0.784936826,0.153132161,-0.000473289,-0.538087429,0.43819187,0.090049229,0.000264487,-0.48243598,0.717193798,0.07814658,-0.000831238,-0.196875099,0.233285383,0.017648644,-7.20E-05,-0.489522127,0.683873861,0.075189269,-2.66E-05,-0.146217398,0.189705162,0.017128704,-7.04E-05,-0.606780535,0.72615516,0.079075042,-0.001122104,-0.190506353,0.426340585,0.022445616,-5.66E-05
426,L,1,0.565974891,0.883339867,0.734673113,0.731904919,0,10.35984262,8.295677467,7.963207049,0,10.77227291,1.171318591,0.546538078,6.408502241,10.26177165,8.217052703,8.192658473,0.206276696,10.64253057,4.347596704,3.849178307,0.250805434,4.918558674,3.140689547,3.015069605,0,8.772950379,2.843792979,2.249250707,0.037057434,11.12442324,3.116066917,2.546992768,0.007472693,8.853263541,2.102798379,1.219819997,-0.276462755,0.332817539,0.054967436,-0.000306038,-0.17279234,0.142341196,0.030237357,-4.84E-05,-1.870567007,2.018522809,0.214305099,-0.0007429,-0.808771027,0.871444984,0.095137976,0.000118318,-2.47957131,2.116885892,0.179579485,0.000741459,-0.799330309,0.91623565,0.085280085,-6.92E-05,-0.529933635,0.562448937,0.11658875,0.000163582,-0.285278002,0.325273774,0.067361526,4.06E-05,-1.89030765,1.566868071,0.286653815,-0.000530074,-0.77920296,0.814662432,0.160372969,-0.000288646,-0.858012132,0.784936826,0.151892281,0.000108343,-0.434681674,0.43819187,0.090226813,0.000199562,-0.473032686,0.589482837,0.068695874,0.001040184,-0.132913792,0.189302225,0.015068961,-4.15E-05,-0.489522127,0.683873861,0.069009092,0.001169143,-0.145890835,0.189705162,0.016492162,-3.85E-05,-0.441133766,0.64368482,0.067657221,0.000591024,-0.122286107,0.254128159,0.017773462,-4.26E-05
426,L,2,0,1,0.732483225,0.727313786,0.281068275,10.64507814,8.530407447,8.319330543,0.000215039,10.77227291,1.883526335,1.350871447,0,11.86679284,8.200885736,8.169417562,0.107298961,11.33970776,4.056763727,3.618320695,0.250805434,10.98940133,3.286859325,3.17423018,0.034568756,14.00677997,2.65774356,2.024823878,0.03661543,8.479953009,2.917922583,2.359340952,0,14.13665493,1.967764845,1.042796311,-1.949840123,4.908334052,0.147799344,0.000296207,-2.461456154,1.768507484,0.08734595,-6.82E-05,-1.697036254,1.724799733,0.187973976,-0.002675822,-0.743073834,0.677855184,0.090043224,0.000105257,-2.47957131,2.116885892,0.220359917,-2.81E-05,-0.799330309,0.91623565,0.104906053,-3.99E-06,-2.75899977,2.742266436,0.166154124,-0.000300632,-1.656909723,1.838203502,0.100923177,-0.000114265,-2.540389428,2.280580802,0.294090697,0.000439163,-1.05897003,1.504936035,0.168501655,-0.000313279,-3.28896542,3.365966607,0.1893165,-0.000110764,-2.250976591,1.739389002,0.115184167,0.000277862,-0.462652019,0.809330341,0.068627394,0.001887499,-0.233575226,0.189302225,0.014560235,-4.25E-05,-0.30769815,0.549937409,0.057828334,0.000384738,-0.146634141,0.174518724,0.014219488,-7.37E-05,-0.482449841,0.843782904,0.071559874,0.002262546,-0.231612151,0.254128159,0.017762297,-2.32E-05
426,M,0,0.601749984,1,0.777779384,0.775065625,0,10.49861852,7.800938233,7.445362675,0.000182388,10.78050349,3.040103421,2.12712537,5.513629826,10.73770211,8.367326618,8.315980739,0.757598351,10.31805187,4.60049745,4.28657662,0.329468864,8.44703925,4.914497557,4.711810002,0,7.16233382,2.65754792,2.227994777,0,9.177054284,3.144128808,2.582142384,0,7.954468176,2.499791777,1.776836438,-0.285408148,0.301857806,0.049950886,-0.000456308,-0.186758593,0.132285174,0.027229504,-3.43E-05,-1.589722587,1.876800708,0.214430304,0.000107978,-0.590364755,0.649372539,0.095602376,0.00016322,-1.458781792,1.135629745,0.174187513,0.000236596,-0.737016146,0.518789102,0.081515108,-5.39E-05,-0.978694179,0.964628927,0.187575021,0.000760591,-0.502965235,0.433010595,0.110786781,-0.000146241,-1.40246908,1.654267116,0.254746803,0.000754481,-0.867170848,0.86809248,0.150351786,-0.00019447,-1.0718237,1.120614394,0.22426269,-0.000645415,-0.630622104,0.631561422,0.134782091,0.000244088,-0.438594687,0.587836224,0.071324149,0.000590482,-0.152714351,0.177975437,0.017369198,-3.34E-05,-0.578989576,0.592745699,0.092372124,0.000458314,-0.121972183,0.449701447,0.023230956,-5.95E-05,-0.4721777,0.631126865,0.08530797,0.000661058,-0.175839093,0.400807954,0.024352224,-1.92E-05
426,M,1,0,0.926277672,0.788506555,0.779734271,0.258556815,10.57465144,7.971083739,7.721832807,0,10.78050349,2.872381095,1.843610755,0,12.27174739,8.413542433,8.347129855,0,12.59161805,4.576308486,4.264262066,0.296260353,11.68701005,5.188667842,5.029204639,0,12.69193002,3.029204226,2.272310922,0,12.88630952,3.827927491,2.921973214,0.055186027,12.69415687,2.678799328,1.750351624,-1.666829738,2.035078622,0.146583115,0.000402753,-1.200066921,1.149622484,0.071581194,7.76E-05,-1.473616446,1.793160105,0.217535928,0.001275254,-1.251912558,0.955497827,0.107404281,0.000313289,-1.458781792,1.06844622,0.15556279,0.00045198,-0.737016146,0.419247065,0.072249977,2.10E-05,-2.964498008,2.352300825,0.257741849,3.52E-05,-1.957182401,1.854863115,0.165222883,-8.63E-05,-4.290323887,4.555851585,0.331176714,-0.00028188,-2.17854366,3.410897567,0.210170589,-5.23E-05,-3.246335216,3.640476315,0.295524646,0.000261507,-2.865885233,2.188949168,0.203079438,0.000272917,-0.628490661,0.714203649,0.103390961,-0.000287806,-0.152714351,0.239635175,0.021695122,-0.000135898,-0.790768629,1.054964093,0.12820901,0.001177872,-0.187146725,0.759783124,0.03396784,-0.000184434,-0.759820752,0.823509704,0.112844445,-0.000670798,-0.175839093,0.400443617,0.026174252,-0.000128323
426,M,2,0,0.926277672,0.785715849,0.775983715,0.196416586,10.57465144,8.109463628,7.76738558,0,4.537611558,1.559043391,1.155604896,0,12.27174739,8.469784495,8.403352063,0,12.59161805,4.549972581,4.192207497,0,11.68701005,5.2802576,5.082638877,0.01585504,12.69193002,3.211635311,2.49170438,0.009122514,12.88630952,3.601738834,2.640062359,0.02448604,12.69415687,3.078655004,2.233737622,-1.666829738,2.035078622,0.147513207,-0.000153079,-1.200066921,1.149622484,0.071943436,0.000116494,-1.473616446,1.89799031,0.232971679,-0.002766371,-1.251912558,0.955497827,0.116096935,0.000332116,-1.131684115,1.130816214,0.123854156,-0.001082631,-0.766195533,0.541347806,0.066524392,4.30E-05,-2.964498008,2.352300825,0.258315486,-8.38E-05,-1.957182401,1.854863115,0.165262989,-0.000132653,-4.290323887,4.555851585,0.350617999,0.000835147,-2.17854366,3.410897567,0.221865891,8.13E-05,-3.246335216,3.640476315,0.302537401,-0.000837432,-2.865885233,2.188949168,0.205044286,7.13E-05,-0.628490661,0.714203649,0.105756373,0.001588007,-0.132943097,0.239635175,0.022074088,-0.000155087,-0.790768629,1.054964093,0.140826804,0.000836587,-0.189055122,0.759783124,0.03765651,-0.00013811,-0.759820752,0.823509704,0.118711099,0.001879555,-0.158970204,0.400443617,0.028021506,-0.000161845
427,H,0,0,1,0.724373925,0.713719946,0,7.625907344,3.099345202,3.003595673,0.000326126,9.313290653,1.790969059,0.980372789,0,19.55376955,8.829800707,8.707039483,0.462475586,21.10613045,8.580518886,8.444635931,0,9.903390596,1.422670747,1.082509732,0.000523903,21.0928021,3.741509869,2.58610809,0.005678471,21.11798935,2.608539142,1.518058972,0,11.69746281,4.009913724,2.71951146,-2.175887128,0.881047714,0.113649068,-0.000959533,-0.736576519,0.664713149,0.045904401,9.18E-05,-1.96334603,1.89796389,0.182496294,0.000665242,-1.337588383,0.884299291,0.107106359,7.66E-05,-1.439373189,2.173246979,0.206787194,0.001248211,-0.905376653,0.891652202,0.103028944,9.88E-06,-2.251327102,2.628944326,0.274976348,-0.000423038,-1.626432,1.597644108,0.170135403,0.000108947,-2.849413096,2.34397759,0.282507896,-0.001042499,-1.858350453,1.737363499,0.173102049,0.000167774,-2.615920187,2.823444053,0.292844235,0.000663505,-1.854002785,2.04336984,0.18399663,-7.45E-05,-0.776997953,0.874389818,0.099768696,-0.000258706,-0.280983441,0.212244382,0.022950357,-0.000156668,-0.789020398,0.777097296,0.086593363,0.001144843,-0.220548033,0.437488452,0.021983533,-0.000129255,-0.659005221,0.688754064,0.114037035,-0.001501101,-0.29860642,0.329742112,0.029614503,-0.000106124
427,H,1,0.216912189,0.894523274,0.736242847,0.732897444,1.053211109,10.24639996,3.348594435,3.270427405,0.000326126,9.313290653,1.994332624,1.133935387,1.662298645,10.20473157,8.450345169,8.408950669,0.462475586,10.47709771,8.139488181,8.096302829,0.061198799,9.903390596,1.404366734,1.107736007,0,7.84464224,2.055055181,1.516397599,0,3.651121693,1.233500216,0.944329883,0,10.0584868,2.43666954,1.575842248,-0.829455549,0.492623892,0.065465655,-9.44E-05,-0.190590914,0.248763471,0.029980821,4.25E-05,-2.541844291,2.607922098,0.19555641,3.07E-05,-1.607207263,0.914402189,0.107985241,1.40E-06,-1.439373189,2.173246979,0.207031148,-0.000252184,-0.905376653,0.891652202,0.10239374,1.63E-05,-2.06373023,2.137202177,0.193071739,-0.000365588,-0.922644789,1.049832165,0.108768803,7.85E-05,-2.849413096,1.804378785,0.218238462,-0.000223013,-1.113604726,1.376315114,0.122309738,0.000167795,-2.128726698,2.823444053,0.21552581,0.000223159,-1.34299733,1.252666086,0.122526463,-0.000133722,-0.512837475,0.487123812,0.069961975,0.00045174,-0.088658718,0.26222679,0.016708933,-4.97E-05,-0.301832112,0.298658144,0.051576431,-9.53E-05,-0.059417422,0.223143681,0.014461926,-2.76E-05,-0.659005221,0.597033813,0.09073319,0.000957169,-0.128019003,0.329742112,0.023707129,-6.33E-05
427,H,2,0.216912189,0.938330017,0.772969606,0.769326096,0.9164712,10.24639996,3.482387794,3.406800905,0,8.894000114,1.774062582,0.994857381,1.090362895,10.0325768,8.562683092,8.531402703,0,10.47709771,8.207708808,8.175968025,0.103134617,9.991521489,1.26287287,1.045225868,0,7.84464224,2.049512321,1.636586904,0,3.623189913,1.420045352,1.106698703,0.002775704,10.0584868,2.276893067,1.587752587,-0.829455549,0.492623892,0.061706731,-0.000231969,-0.190590914,0.248763471,0.027568594,4.65E-06,-2.541844291,2.607922098,0.188301433,-0.000572789,-1.607207263,0.914402189,0.101334411,4.90E-05,-1.38671681,1.745733468,0.170837395,-0.001367318,-0.597398616,0.604033805,0.087785142,-3.48E-05,-2.526846631,2.026561535,0.176389764,-9.24E-05,-1.146124644,1.554967133,0.103865542,-1.77E-05,-2.871076063,1.907290343,0.198223482,0.000169374,-1.236120122,1.732315412,0.116119017,6.17E-05,-2.10423421,3.189560638,0.194752924,-5.37E-06,-1.91435065,1.521056263,0.116918748,-3.66E-05,-0.364682107,0.546829827,0.061216537,0.000389491,-0.107762083,0.26222679,0.015571866,2.77E-05,-0.301832112,0.298658144,0.049057756,0.000106803,-0.054022701,0.223143681,0.013579509,2.60E-05,-0.434072533,0.704035084,0.082962151,0.000761664,-0.142075839,0.306788393,0.022728256,3.55E-05
427,L,0,0,1,0.628878579,0.611394884,0,10.52108076,3.767912762,3.612810147,0.00076369,9.662321297,1.634891862,0.856563624,0,10.65693348,8.994292029,8.957881994,0,10.73077997,8.378312248,8.33695361,0.031132099,10.56738465,1.151986755,0.901732557,0,10.88561961,3.923644264,3.18666176,0.010505512,8.014479587,3.20851441,2.521285312,0.058416017,10.93385087,3.902944475,2.994435146,-0.657345491,0.804440729,0.113333794,-0.000529206,-0.301130803,0.304222648,0.05929865,-2.21E-05,-2.256940514,2.569696151,0.221277999,0.000701297,-1.626655859,1.239656615,0.121629598,-7.67E-05,-2.02186545,1.921537385,0.197055867,-4.72E-05,-0.816853966,0.845170661,0.09788733,-4.20E-05,-2.320062525,2.909592214,0.1868144,0.000125744,-1.181200229,1.581349369,0.105075259,7.43E-05,-2.439036434,2.801492324,0.193107815,-8.14E-05,-1.078557882,1.522649863,0.108298196,7.81E-06,-3.103976019,2.613244543,0.191271892,2.72E-05,-1.70430258,1.445834525,0.111370594,-3.53E-05,-0.512400361,0.653643746,0.072469231,-0.0014054,-0.126408619,0.117945902,0.017073883,1.44E-05,-0.661006607,0.708627779,0.109581054,3.18E-05,-0.168673329,0.662833773,0.029428226,-2.13E-06,-0.523127893,0.682681495,0.078562286,-0.001590864,-0.131515921,0.224083252,0.019542673,1.32E-05
427,L,1,0,0.937721766,0.521827353,0.507888874,0.149573925,10.52108076,3.890229506,3.782804906,0,9.485814174,1.389591319,0.754619778,0,10.71389449,8.946999374,8.923093977,0,10.11699541,8.357430504,8.329358702,0.109902825,10.56738465,1.067239173,0.87579195,0,10.88561961,2.294037371,1.862192834,0.032366725,8.014479587,3.008221824,2.54500242,0,10.93385087,2.0587293,1.498201775,-0.657345491,0.804440729,0.110619946,-0.000285947,-0.301130803,0.267106328,0.057305757,6.11E-05,-1.917769115,2.569696151,0.179488147,0.000397673,-1.626655859,1.198935585,0.097372868,-7.95E-05,-1.898754396,1.921537385,0.159135924,-0.00033989,-0.816853966,0.845170661,0.086031065,0.000156951,-2.061043987,2.909592214,0.171046275,-0.000117681,-1.181200229,1.581349369,0.098433879,1.08E-05,-2.046752725,2.801492324,0.176923602,4.60E-05,-1.078557882,1.522649863,0.102075934,2.30E-05,-3.103976019,2.302928072,0.171107179,7.00E-05,-1.70430258,1.445834525,0.102265694,1.87E-05,-0.512400361,0.329359186,0.053448939,-0.00135843,-0.087242016,0.124127385,0.014058439,-5.62E-05,-0.956065889,0.683572786,0.099113787,-0.000799102,-0.286275989,0.566024868,0.029161149,2.63E-05,-0.523127893,0.351290502,0.061420507,-0.001384029,-0.106399307,0.224083252,0.018310368,-6.49E-05
427,L,2,0.168007608,0.782392903,0.508159371,0.49723273,0.233125853,5.467450185,3.673230068,3.558059875,0,7.463610458,0.968383083,0.605705269,4.588818053,10.71389449,9.195435869,9.188013543,4.219971229,10.30780269,8.584230344,8.568156558,0,5.358248821,0.77555683,0.728245234,0.100838821,6.36302939,1.962667561,1.758316685,0,10.08687276,3.166009067,2.770240799,0,5.620978379,1.576261102,1.362824707,-0.542335853,0.540300917,0.104276984,-0.000201637,-0.302691913,0.307262119,0.058455861,-6.36E-06,-0.916223973,0.709909322,0.121516179,-0.00023283,-0.380813981,0.478810106,0.060642107,3.53E-05,-1.966824527,1.224931168,0.138989415,0.001040637,-0.728277948,0.83100558,0.078064955,7.17E-05,-2.061043987,1.738428282,0.093935876,-5.87E-05,-1.053742098,1.364495724,0.059020241,-8.06E-05,-1.949802549,1.86761884,0.113095158,0.000331699,-0.965662269,1.368629847,0.068304867,4.71E-05,-2.04473677,2.08739137,0.086401156,-5.61E-05,-1.481799446,0.873639021,0.056221921,6.46E-06,-0.296868567,0.365542619,0.051852121,0.001320683,-0.080964183,0.163579923,0.015602116,-1.69E-05,-0.956065889,0.642593485,0.088684248,0.001005188,-0.286275989,0.566024868,0.028367384,-6.78E-05,-0.447735829,0.399080258,0.060564393,0.001310114,-0.108619662,0.343711499,0.021816333,-4.66E-06
427,M,0,0.048077746,1,0.583076102,0.553889904,0,10.41264111,3.499844392,3.299295063,0.000137048,9.972251483,1.840084813,1.226136102,0,11.17549519,8.938417018,8.891639929,0,11.23861445,8.686657685,8.625443254,0.254363073,10.99072135,1.467510479,1.185057623,0.626902255,11.46127628,5.517291407,4.502286964,0.04471206,10.11057119,3.781967095,2.808314581,0.193188538,11.59364762,5.370331492,4.190464487,-0.548208843,0.763800862,0.136028101,-0.000924964,-0.358307397,0.291353034,0.072684696,6.57E-06,-2.433785932,2.184972807,0.175472692,-0.000155166,-1.472863822,1.623613296,0.100004034,5.29E-06,-1.755191465,1.856554359,0.203147716,9.30E-05,-0.710777548,0.663004976,0.102333179,2.90E-05,-2.729524856,2.808156918,0.219174985,-2.20E-05,-1.955514464,2.038406015,0.141939207,1.37E-05,-3.247102102,3.344624255,0.243407457,-2.53E-05,-2.325362281,2.429286463,0.159518717,6.89E-05,-3.489305994,3.570788661,0.248628192,0.000107766,-2.681917709,2.21124903,0.164387155,-3.66E-05,-0.52182129,0.455115068,0.068128475,-0.002245788,-0.118024562,0.243048697,0.017071808,-5.43E-05,-0.53255045,0.486700608,0.0981552,-0.00056225,-0.11669993,0.420920329,0.025146385,-3.70E-06,-0.530880082,0.480059128,0.072737617,-0.002255348,-0.122284847,0.261392305,0.018279211,-6.39E-05
427,M,1,0.143912142,1,0.467844431,0.435282255,0.145196888,10.41264111,3.786242888,3.685617708,0.001035583,9.972251483,1.784147966,1.127704947,0,11.17549519,8.672846863,8.635592088,0,11.23861445,8.333993723,8.295071318,0,10.99072135,1.437139982,1.137936005,0.032186762,11.30691444,3.348078032,2.415426119,0,10.12654609,3.233441196,2.203062308,0.037087167,10.61512553,3.104368231,2.173571408,-0.569011252,0.507466782,0.12316585,-0.000420621,-0.356101441,0.291353034,0.069488891,-7.82E-05,-2.433785932,2.184972807,0.172459731,-9.65E-05,-1.472863822,1.623613296,0.098223894,2.46E-05,-1.755191465,1.856554359,0.197582624,-0.000178246,-0.710777548,0.565931931,0.09892135,0.00014451,-2.729524856,2.808156918,0.223635141,1.68E-05,-1.955514464,2.038406015,0.143882169,2.18E-06,-3.247102102,3.344624255,0.250635747,-8.57E-05,-2.325362281,2.429286463,0.16311334,5.97E-05,-3.489305994,3.570788661,0.256226488,3.45E-05,-2.681917709,2.21124903,0.168119608,-2.92E-05,-0.516711693,0.532153809,0.061101887,0.000204387,-0.154757376,0.121588584,0.015336392,-4.91E-05,-0.35333318,0.659668029,0.084242469,-0.000238173,-0.122033856,0.245822644,0.020710842,-3.78E-05,-0.5262446,0.453994656,0.064661952,0.000298929,-0.147590879,0.244802738,0.017351437,-4.75E-05
427,M,2,0.143912142,0.69060877,0.395656833,0.381886518,0.145196888,5.626135525,3.905229445,3.828582236,5.25E-05,9.880748743,1.812954271,0.922529931,6.45950258,10.94411944,8.773017739,8.764101258,4.513542852,10.52269088,8.46950719,8.459658053,0,6.102087271,1.068736943,1.037564646,0.015334148,8.619561261,1.783939902,1.271542852,0,10.12654609,2.170128601,1.518172118,0.014209133,7.957064666,1.577642698,1.094851993,-0.569011252,0.902500044,0.125709982,0.000187076,-0.35812342,0.418715542,0.073079415,-0.000106151,-1.146207958,0.606037845,0.138538239,0.000269596,-0.421284369,0.456531556,0.073737764,-2.30E-05,-1.857388764,2.262021134,0.1864398,-0.000165034,-0.867459415,0.739049629,0.096041314,-5.31E-05,-1.430061319,0.823909194,0.079047768,-9.38E-05,-0.675638931,0.759391112,0.045042971,-4.22E-05,-1.897960673,1.026789497,0.098227594,-1.90E-05,-0.896009897,1.008114176,0.057493197,-1.34E-05,-1.161304258,2.112884153,0.080577158,5.37E-06,-1.141139675,0.891155443,0.047131819,3.18E-05,-0.516711693,0.532153809,0.056040184,-4.10E-05,-0.154757376,0.121588584,0.016261146,-2.09E-05,-0.352244229,0.659668029,0.072988154,0.000359766,-0.122033856,0.245822644,0.019494391,-3.25E-05,-0.5262446,0.453994656,0.058852928,-8.42E-05,-0.147590879,0.244802738,0.019080576,-1.70E-05
428,H,0,0,1,0.545420786,0.52693308,0.198142388,11.23688074,8.945052852,8.704106754,0,8.860584759,3.758443472,3.439279796,1.397638445,11.96967918,7.346149553,7.117648368,0.757113745,11.75446509,6.421699479,6.120931598,0.264155436,10.86075244,6.040769263,5.81075338,0,11.60028919,4.077838317,3.363741974,0.045058805,12.02249119,4.083940393,3.475698893,0,11.60028919,3.510372252,2.521012601,-1.219174818,2.126358219,0.246597033,8.83E-05,-0.95684267,0.845972857,0.142835785,-2.53E-05,-2.176115865,1.955633239,0.245948651,0.000269021,-0.729410668,1.410413557,0.112776631,-1.43E-05,-1.865056664,1.714798576,0.274132542,0.000630951,-0.72839933,1.008009052,0.150930438,0.000102563,-1.592259421,1.705283103,0.412335017,-0.000510245,-0.97750307,0.993240206,0.238109728,-3.40E-05,-2.160674977,2.09106497,0.396878077,-0.000934829,-0.978719108,1.399878876,0.222521789,-9.76E-05,-1.772667873,1.927545358,0.348716161,-0.000184838,-0.969986448,0.99279951,0.212966003,0.0004806,-0.760391249,0.768168884,0.118337644,-0.001484894,-0.309347129,0.315993538,0.039121145,-4.11E-05,-0.867030736,0.70306751,0.10972173,-0.000280095,-0.219694323,0.375330165,0.040190752,-4.44E-05,-0.764971978,0.971606348,0.132776698,-0.001670764,-0.339416998,0.425196122,0.046201778,-1.68E-05
428,H,1,0,0.902952944,0.507080629,0.496896409,0.222011916,11.48280818,9.10979769,8.893446588,0.231564372,11.5355057,4.79958515,4.4263162,0.384842457,11.61124611,6.839467194,6.530668796,0.438857379,11.75446509,5.487186698,5.109117428,1.455949625,10.87311926,6.62227295,6.386733148,0,11.60028919,2.769209453,2.163949836,0.096589621,7.607718767,3.231192406,2.672911594,0,11.60028919,2.228524922,1.427626942,-1.219174818,2.126358219,0.209610042,-0.000293054,-0.823169416,0.845972857,0.121246682,-5.83E-05,-2.176115865,1.955633239,0.250507719,-0.001542903,-0.729410668,1.410413557,0.114348939,-0.000111778,-1.865056664,2.351123247,0.303707154,-0.000405367,-0.72839933,1.008009052,0.16066748,0.000100616,-1.603853795,2.16831841,0.410865443,-4.19E-05,-0.97750307,0.925099351,0.237467155,-5.24E-05,-2.719176311,3.006280641,0.382772397,0.001168604,-1.641267984,1.587964033,0.217031942,0.000148031,-1.980222534,1.927545358,0.363796759,-0.001658774,-0.969986448,1.442062788,0.221947133,-7.92E-05,-0.62384946,0.716784226,0.096932119,0.000744763,-0.197994857,0.259523868,0.033970257,1.28E-05,-0.867030736,0.43455926,0.099292082,2.10E-05,-0.219694323,0.345550483,0.038402692,2.28E-05,-0.694758343,0.971606348,0.108429249,0.001285844,-0.205429758,0.425196122,0.040549572,7.04E-06
428,H,2,0.155907217,0.827597353,0.472659549,0.466098087,0.338886204,11.88917515,9.216159113,9.06657488,0.231564372,11.5355057,4.737934688,4.287005324,0,10.95535395,6.0779141,5.774448056,0,11.72120922,5.213118393,4.808373342,0,11.44457375,6.761303061,6.495870558,0.077486834,6.925284222,2.496272495,2.09376583,0.007233631,8.173950996,3.160333861,2.573309584,0.046696151,6.166783767,1.901157734,1.436921083,-1.191266109,1.443691863,0.194982492,0.000183673,-0.809983044,0.726344245,0.116468579,-9.34E-06,-2.094501198,1.783304745,0.231880139,-0.000198675,-0.704205788,0.92201057,0.108655246,-6.54E-06,-2.141098852,2.351123247,0.295107306,-0.000149332,-0.98220146,1.169870467,0.159012401,7.62E-06,-2.085360164,2.16831841,0.405372651,0.000537237,-1.133469545,1.05905118,0.241068058,-5.37E-05,-2.719176311,3.006280641,0.382527043,0.001173623,-1.641267984,1.587964033,0.219814418,0.000115399,-2.2253822,2.297421382,0.37006261,0.000440033,-1.212125634,1.442062788,0.222747695,-0.000249909,-0.462427023,0.610310364,0.088082024,6.40E-05,-0.174495137,0.334223133,0.033944742,8.17E-06,-0.827246922,0.998726449,0.115184636,-0.00034363,-0.242744132,0.677776541,0.043113451,-2.09E-05,-0.420103136,0.610655549,0.086021325,0.000296715,-0.18600778,0.345134311,0.038588433,8.52E-06
428,L,0,0.096752144,0.907776225,0.607524889,0.587049522,0,11.09380698,8.698527054,8.529599701,0,9.892906512,3.151561631,2.756776657,0.608702035,10.77477511,5.21967979,4.982920498,1.172553034,11.88142583,6.726611941,6.498113322,0.616088608,10.687397,5.745067569,5.566088257,0,12.09394529,3.74896415,3.209820349,0.004289715,9.289306791,3.543050977,3.005148599,0.019447382,12.17621003,2.917133957,2.198867878,-1.269886801,0.926071105,0.20176379,-0.000929395,-0.530328131,0.779081165,0.117906833,-0.000117318,-2.152451764,1.452986218,0.218712316,0.000331428,-0.721472523,0.737941695,0.098686238,8.39E-05,-1.578576638,1.692692599,0.250355949,0.000434426,-0.79307028,0.864831134,0.137633098,-6.27E-05,-1.911081634,1.901803405,0.360510547,0.000447787,-1.190977883,0.828595306,0.214661617,1.58E-05,-2.1790814,2.196424956,0.369209623,0.000134722,-1.086883066,1.34703238,0.212025532,0.000285247,-1.830742612,1.946662983,0.323913027,-0.000499887,-1.398947857,0.912602627,0.193848079,-0.000263228,-0.660814425,1.134082246,0.126669603,0.000577175,-0.466847589,0.618897273,0.044615981,8.47E-06,-0.786090196,0.813178862,0.112716729,0.001315896,-0.368209131,0.620115127,0.04229106,-4.36E-05,-0.834636228,1.179106292,0.129266147,-0.00028205,-0.592791666,0.691600762,0.050842659,4.19E-05
428,L,1,0,1,0.474419007,0.44691659,0.662225968,11.65301913,9.02718624,8.90427853,0,11.15313452,3.240572365,2.676054301,0,11.16219215,5.02945709,4.804380576,0,11.88142583,6.465513561,6.319313835,0,11.29598201,5.922984867,5.799894976,0,10.76534425,2.926982722,2.447348654,0.004289715,11.17579721,2.606292162,1.861919903,0,10.6787002,2.402840167,1.892996101,-1.269886801,0.926071105,0.206706637,-0.001481402,-0.530328131,0.779081165,0.119096059,-9.50E-05,-2.156682175,1.452986218,0.215034354,9.79E-05,-0.84132244,0.834915453,0.100271435,-2.97E-05,-2.409090906,1.698543113,0.264973512,-0.00064294,-1.05812978,1.102016264,0.135202527,3.06E-05,-2.331167102,1.686574851,0.360836154,7.77E-06,-1.045623498,0.882891848,0.216200364,4.97E-05,-2.137642326,2.196424956,0.33100088,-0.000159518,-1.015969671,1.166225577,0.19139411,-5.38E-05,-2.319931081,1.993942445,0.3226625,-0.000572897,-1.311913336,1.575702858,0.194766427,-0.000118689,-0.569248609,1.109929121,0.119204124,-1.45E-05,-0.17007591,0.618897273,0.042952719,1.79E-05,-1.172453652,1.172146311,0.134810159,-0.000100308,-0.368209131,0.912602762,0.048927689,1.88E-06,-0.685070964,1.156852074,0.11013841,9.01E-06,-0.181045197,0.691600762,0.044995819,2.01E-05
428,L,2,0,1,0.409517764,0.39943035,1.157771418,11.65301913,9.11882476,9.035866941,0.099732203,11.15313452,2.500698717,1.91142025,0,11.16219215,4.981845678,4.813518564,0,10.96272705,6.629946893,6.510203528,0,11.29598201,6.061346754,5.985385764,0.03333422,9.552907526,2.355780511,1.932804657,0,11.17579721,2.228432602,1.589341493,0,8.588841993,1.866157968,1.449126306,-1.235749699,1.572950867,0.185467416,4.69E-05,-0.638500624,1.031115034,0.108321699,-1.98E-05,-2.156682175,1.523331308,0.207062469,-0.000573632,-0.841764116,0.879405506,0.099795563,5.61E-06,-2.409090906,1.698543113,0.222546671,-0.000440728,-1.05812978,1.102016264,0.118713365,0.000199711,-2.331167102,1.606531246,0.342352823,0.000262386,-1.045623498,0.882891848,0.206044679,-6.81E-05,-2.61582218,1.884840233,0.303753365,-0.001140846,-1.237320823,1.076660322,0.185268456,-0.000142414,-2.319931081,1.993942445,0.284801334,0.000647508,-1.311913336,1.575702858,0.175351908,0.000234857,-0.499527847,0.631880052,0.085644846,-0.000131567,-0.167953791,0.282296478,0.032823391,2.53E-05,-1.172453652,1.172146311,0.104784576,-0.001688397,-0.289691636,0.912602762,0.038087606,4.84E-05,-0.394847519,0.629720294,0.082817879,0.000797746,-0.195924644,0.319357622,0.037534713,-8.47E-06
428,M,0,0,0.98498517,0.491582736,0.457588811,0,11.65056906,9.172504137,8.993747486,0,10.3925209,2.654868927,2.322607878,0.231718541,12.0262337,7.282245635,7.049853072,0,11.13731069,6.102711452,5.818305021,0,11.69230975,6.745401379,6.45636977,0.086114666,10.47141682,4.573392141,4.099039309,0.246914471,11.30218126,5.963143092,5.256825842,0,11.92393582,3.357375274,2.222797262,-1.621759339,1.785036126,0.277595877,0.000485255,-0.821688662,0.893569532,0.158054478,-3.84E-05,-2.234821501,1.604993723,0.243539616,-0.000546866,-0.808773455,0.951481942,0.112323834,0.000336656,-0.86857615,1.354033278,0.199923769,0.00178036,-0.524905601,0.536408172,0.118754066,-4.94E-05,-1.602966991,1.87161909,0.403520563,0.001461557,-1.035993561,1.176730411,0.235881988,-0.00039304,-2.546242937,2.654350231,0.344826482,-0.000551259,-1.434162092,1.543449214,0.199442655,-3.88E-05,-1.852680785,2.179150568,0.35210888,0.000719997,-1.180813491,1.296893322,0.20770832,-8.73E-05,-0.699197662,0.579510176,0.088208989,4.75E-05,-0.235384821,0.193074947,0.036010857,-6.51E-05,-0.85937241,0.739219105,0.107233978,-0.000165067,-0.182497584,0.359940224,0.039309927,-4.06E-05,-0.814242671,0.680575379,0.121488195,0.000669601,-0.480968646,0.472367438,0.053827103,-8.18E-05
428,M,1,0.118386531,0.988966263,0.56999115,0.539594276,0,11.50404112,8.978185163,8.809780225,0.294205882,12.01290431,3.585930318,3.088894302,0.231718541,11.92231144,6.892586288,6.64913063,0,11.6464016,5.776887971,5.543399172,1.794366146,11.69230975,7.728468537,7.552792276,0.086114666,10.47141682,4.129887042,3.616436903,0.03211742,11.30218126,4.713137429,3.821901189,0.059303439,11.92393582,3.607200854,2.74900788,-1.494954746,1.785036126,0.288352994,0.001491481,-0.821688662,0.614904859,0.16319219,-6.54E-05,-2.234821501,1.68850054,0.261321826,0.000160323,-0.808773455,0.951481942,0.119159876,0.000105576,-1.382729325,1.551163633,0.221001221,2.37E-05,-0.473519696,0.784833738,0.123353428,1.79E-05,-1.602966991,1.87161909,0.388647456,0.00026521,-1.035993561,1.131014395,0.233196732,-0.000247439,-2.361187514,2.654350231,0.371949273,0.00040412,-1.434162092,1.3286399,0.217885444,0.000190938,-1.852680785,1.6141995,0.311746773,0.000876631,-1.180813491,1.296893322,0.18890772,-0.000128814,-0.699197662,0.579510176,0.101004159,-0.001372382,-0.196437294,0.295023267,0.044218263,8.33E-06,-0.85937241,0.871272203,0.124738895,-0.002005982,-0.255312885,0.787258873,0.049621442,3.62E-05,-0.814242671,0.680575379,0.125398722,-0.000150159,-0.246240454,0.275496067,0.056636722,1.69E-05
428,M,2,0.10863412,1,0.59096486,0.567560566,1.064916363,11.50404112,9.018770086,8.863758618,0.166428593,12.01290431,3.859048398,3.221576918,1.397204196,11.92231144,6.867358435,6.672682306,1.379875093,11.6525792,6.034325859,5.863055311,2.734027589,11.90620943,8.034472109,7.904985905,0,10.73006139,3.51203978,2.997965559,0,11.93698545,4.0906558,3.288952323,0.072215224,10.74857739,3.045392808,2.449648541,-1.494954746,1.241629329,0.28482267,0.000252184,-0.765151276,0.688010936,0.166923807,-0.000171079,-1.893957734,1.68850054,0.239643917,-0.001192738,-0.611087032,0.869962939,0.11144909,9.88E-05,-1.561733224,1.551163633,0.232931282,-0.00179905,-0.573558472,0.784833738,0.12370951,6.90E-05,-1.583015345,1.693821634,0.371928578,7.18E-05,-1.089926924,1.010734001,0.22524423,-1.31E-05,-2.361187514,1.989409732,0.366117583,0.001188646,-1.172311645,1.31609912,0.220949104,-0.000569869,-1.625606986,1.507360459,0.282907848,-0.000130606,-0.945615215,0.808180705,0.173985393,-9.21E-05,-0.645687139,0.67300798,0.096080853,0.001401126,-0.196437294,0.295023267,0.041375585,-3.47E-05,-0.749615567,0.871272203,0.104434785,1.14E-05,-0.255312885,0.787258873,0.04528511,2.77E-05,-0.625092369,0.948888336,0.125771393,0.00207107,-0.246240454,0.275496067,0.05516566,-2.26E-05
429,H,0,0.053093253,1,0.302867359,0.27636766,0.162061119,10.38981633,6.922872877,6.227489638,0.00014673,10.20531814,2.475134043,1.552975447,0.935903934,11.2858089,5.971843718,5.627738175,0.327448706,11.55560102,6.676573303,6.264348468,0.198461823,11.15149539,5.095611702,4.719020357,0.051895228,9.47863162,2.770785789,2.392734428,0,6.914627454,2.705198153,2.154279762,0,9.47863162,2.711695177,2.292123871,-0.528302746,0.53173403,0.094640857,-0.0025141,-0.272390138,0.367906499,0.052979929,9.79E-05,-2.099643346,2.075269733,0.321645204,0.002158506,-0.729442857,1.181625568,0.144342525,-4.78E-06,-1.242994095,1.481670121,0.226634117,0.00036251,-0.42706837,0.59607759,0.090756873,9.48E-05,-1.758799323,2.239844666,0.40017511,0.000602241,-1.083850107,1.063634992,0.222746546,-0.000290553,-1.976787745,2.2565254,0.427766678,-0.001467214,-1.137680212,1.258781586,0.238968743,-0.000161007,-1.811443596,2.083630999,0.343236652,0.00116817,-1.120815515,0.951899678,0.196881448,-4.21E-05,-0.948804213,0.764390236,0.107755025,-0.001861421,-0.221072057,0.635954135,0.035150636,-3.22E-05,-0.591428689,0.482415506,0.101395656,-0.000256745,-0.118150908,0.380334705,0.03198942,1.05E-05,-1.087793236,0.784104211,0.118568463,-0.001841947,-0.233681824,0.887473498,0.043359404,-3.67E-05
429,H,1,0.025195828,0.396037437,0.23693357,0.227195237,0,10.98617526,7.025801282,6.466345409,2.15E-06,10.94379593,3.082680253,2.165779144,0.687556515,11.55500141,5.711661608,5.441414078,0.003149889,11.55560102,6.634183252,6.163474859,0,11.15149539,5.258688276,4.84752626,0.038038422,7.209762276,2.692382878,2.343019603,0.079500314,11.27891453,3.195938076,2.484186343,0.012770607,7.174107684,2.583691857,2.184728609,-0.528302746,0.52708233,0.090228721,-0.00015939,-0.272390138,0.367906499,0.051266912,-2.16E-05,-2.099643346,2.259441147,0.337233022,-0.00031357,-0.779679431,1.220244531,0.148141897,0.000125072,-1.242994095,1.534632938,0.289742331,-0.000463572,-0.527112477,0.59607759,0.108496654,8.86E-05,-1.747297334,1.866562138,0.404624956,-0.000979148,-1.019752544,0.870291886,0.226725936,-0.000304982,-2.193476541,2.2565254,0.462801604,0.000771359,-1.284704287,1.555269554,0.25648492,-0.000220265,-2.003913796,2.323512123,0.380369478,-3.31E-05,-1.680185746,0.989771828,0.216546735,5.78E-05,-0.571165442,0.764390236,0.113852253,-0.000448002,-0.125177539,0.526185396,0.033142859,2.51E-05,-0.755075917,0.519166797,0.121254855,-0.000874807,-0.161014956,0.537496105,0.037555843,2.22E-05,-0.634076261,0.815152539,0.123303257,-0.000347804,-0.148601221,0.608554056,0.040244036,2.38E-05
429,H,2,0,0.444216858,0.245636858,0.236179339,0,10.98617526,7.187734067,6.743994409,2.15E-06,10.94379593,3.040579918,2.141052165,0,11.55500141,5.508808855,5.159479333,0.003149889,10.57655823,6.264601104,5.819377762,0,10.48880785,5.592760693,5.27536844,0,8.050750789,2.442651882,1.946291838,0.057309729,11.27891453,2.948444749,2.29717143,0.010941382,8.079800278,2.340343245,1.763232037,-0.501949069,0.542914596,0.0901854,0.000380768,-0.318203483,0.276447103,0.050447452,-2.55E-05,-1.999063376,2.259441147,0.314068085,-0.001728809,-0.779679431,1.220244531,0.136243283,0.000143447,-1.26545361,1.534632938,0.270009566,-0.000419907,-0.527112477,0.405860752,0.100068019,-1.73E-05,-1.568818606,1.866562138,0.412045904,-0.000288388,-1.106221628,0.969209294,0.240511287,0.000156834,-2.193476541,2.363129302,0.445457248,0.001221938,-1.284704287,1.555269554,0.244169787,-0.000134915,-2.003913796,2.323512123,0.365783612,-0.000737553,-1.680185746,1.199021651,0.213941377,0.000250951,-0.680554612,0.642656751,0.106804235,-0.00044908,-0.120654101,0.429755917,0.025439047,-4.72E-06,-0.755075917,0.547577841,0.121585903,0.000358409,-0.161014956,0.537496105,0.036071696,3.82E-05,-0.712469265,0.815152539,0.113569105,-0.000511162,-0.129637315,0.419206373,0.02913335,-1.27E-05
429,L,0,0.17377355,1,0.504185747,0.492676532,0.143849117,11.51126963,7.903051742,7.339760532,0,11.01190252,1.983423718,1.129270201,0.54846248,11.53516262,5.61412371,5.190532836,0.284480941,11.38814692,5.19518254,4.482629391,0.870302942,11.23445802,6.929417069,6.570691331,0.097210626,7.331041408,2.594977282,2.241789955,0,8.672730985,2.95749562,2.427821235,0.082684296,7.200464576,2.354312368,1.91070076,-0.787127192,0.834734203,0.152216604,-0.000319376,-0.599347,0.389252842,0.085468742,-4.40E-05,-2.018074333,2.000312852,0.2983503,7.01E-05,-0.773187305,0.843790458,0.127497743,1.77E-05,-1.145963938,1.637950002,0.192490266,0.000256861,-0.526825004,0.563959643,0.079360554,-9.53E-06,-1.93173651,2.122294049,0.415939561,0.000890547,-0.994353514,1.0293152,0.227701699,-1.66E-05,-2.340338379,2.353182745,0.364124687,-0.001501143,-1.000615173,1.230294058,0.198524232,0.000392016,-2.493224569,1.989638936,0.330602551,0.001101495,-1.173204984,1.143977304,0.192984589,-0.000102576,-0.784190969,0.574653376,0.090308462,-0.000569708,-0.177348292,0.37005574,0.025451466,4.89E-05,-0.389491881,0.566785481,0.076234051,0.000773542,-0.115180004,0.183444797,0.019342902,3.92E-06,-0.826735673,0.671702219,0.099139509,-0.00113526,-0.186834016,0.605997635,0.031568261,5.12E-05
429,L,1,0,0.768303511,0.467579203,0.457911323,0,11.34753187,7.989735978,7.602897222,6.77E-05,11.01190252,2.478942382,1.445844335,0.161918051,11.37264678,5.303441534,4.854141174,0.164891189,11.38814692,5.437189542,4.818365144,0.666119038,11.33668121,6.906315636,6.621796555,0.095321523,11.34562284,3.00959808,2.226999863,0.080667273,8.672730985,3.033098753,2.430533538,0.034232928,11.34562284,2.792578061,1.80657138,-0.679662565,0.793348054,0.155462441,-0.00033831,-0.470426298,0.528458417,0.088634208,-1.13E-05,-2.018074333,2.149293874,0.280282811,0.002367086,-0.774999285,0.964520043,0.127899916,0.000164815,-1.272434767,1.637950002,0.230071836,0.002054004,-0.526825004,0.563959643,0.090052457,-4.63E-05,-2.15300985,2.122294049,0.433200753,0.000565835,-1.467450252,1.102949732,0.241611942,-6.32E-05,-2.231653287,2.455234354,0.414829232,-0.000813005,-1.181133503,1.078712509,0.230727954,0.000136432,-2.257919477,1.989520996,0.340303704,0.000306385,-1.20916813,1.13753093,0.200208374,-0.000151169,-0.883341831,1.097130174,0.126376995,-0.000640613,-0.149547614,0.406375191,0.026474763,5.49E-05,-0.659255858,0.628432748,0.084976612,0.000193825,-0.126958386,0.549478,0.026530774,4.67E-05,-0.86513505,1.208982673,0.133682211,-0.00069213,-0.148108185,0.75768899,0.031320929,5.15E-05
429,L,2,0,0.67731799,0.466433418,0.456433796,0,10.46251196,7.738227236,7.317690922,8.98E-05,11.43060475,2.372113894,1.229714458,0.161918051,11.38097163,5.721749986,5.297365196,0,10.95712158,5.935282558,5.39484661,0,11.33668121,6.428790719,6.12532239,0,11.34562284,3.738802254,2.780719206,0.024855459,11.16093109,3.222463218,2.54924828,0,11.34562284,3.546157369,2.405646393,-0.719745299,0.838011606,0.169383496,-0.000238682,-0.470426298,0.528458417,0.097148102,3.15E-05,-2.005215683,2.149293874,0.302468976,0.000685063,-0.774999285,0.964520043,0.134195436,7.30E-05,-1.272434767,1.081329104,0.19806999,0.000266222,-0.468739228,0.436262727,0.078536995,0.00017417,-2.15300985,2.323259766,0.427733265,-0.000301107,-1.467450252,1.102949732,0.24369476,-0.000200003,-2.231653287,2.455234354,0.448356623,0.001143063,-1.181133503,1.241487147,0.247929114,0.000164263,-2.257919477,1.989520996,0.369643383,-0.000299808,-1.20916813,1.13753093,0.21610761,-0.000118354,-0.883341831,1.097130174,0.15586455,-0.000634035,-0.197582281,0.511256267,0.033979568,3.89E-05,-0.944340518,0.628432748,0.099200195,-0.001326345,-0.162273138,0.646962503,0.031388558,-2.32E-05,-0.86513505,1.208982673,0.165659741,-8.92E-05,-0.244837334,0.75768899,0.041364707,4.60E-05
429,M,0,0,1,0.359968054,0.343963078,0,11.50983651,7.434541351,6.668740893,0,10.80761469,2.640844505,1.552150954,0.158708559,11.04623017,4.786792586,4.536937356,0,11.36516677,6.817651661,6.334708379,0.084704342,10.47822732,5.978676786,5.630921796,0.020948773,9.380480571,4.26586381,3.849453411,0.013457873,12.2809426,3.266661278,2.490284099,0.013179427,8.440022837,4.088182895,3.631584253,-0.690732549,0.66683921,0.137139008,0.000219219,-0.469127742,0.431571024,0.079273543,4.40E-05,-2.092642607,2.151607816,0.307766223,0.001622669,-0.729120049,0.823492216,0.133651185,0.000433081,-1.588608313,1.192209883,0.26920512,0.000214468,-0.480612638,0.461765736,0.098370326,-5.73E-05,-1.800784703,2.010709881,0.339492162,-0.000844571,-1.285526876,0.917412839,0.196145621,-0.000140554,-2.422188867,2.534780362,0.427782701,-0.001199925,-1.228184575,1.583973583,0.228846427,-3.20E-08,-2.263145499,2.49059035,0.369946493,0.000656328,-1.63685518,1.391639545,0.216892756,0.000186779,-1.03031358,0.902605439,0.154941869,-0.001263587,-0.205476974,0.96614348,0.05310203,3.65E-05,-1.051234992,0.786101528,0.111314295,0.000115262,-0.173686953,0.533283066,0.033091273,0.000147779,-1.068894338,0.940650997,0.163498137,-0.001343176,-0.207789441,1.004440722,0.059070528,-1.24E-05
429,M,1,0.041526432,0.619945645,0.33714195,0.329160049,0.013194539,10.7402245,7.805495024,7.312627051,7.99E-05,11.22190852,2.785159341,1.683638048,0.158708559,9.898618327,4.849942907,4.593587426,0,11.34791191,6.068212656,5.495299778,0,11.38816011,6.676593994,6.330775666,0,11.00473662,3.746181178,3.080056621,0,9.640176097,2.944163057,2.142646438,0,11.03353097,3.584844348,2.832072321,-0.597294972,0.838807273,0.128797157,9.51E-05,-0.39015045,0.466874628,0.075848318,-9.61E-05,-2.334421504,1.99325698,0.305415013,0.000796031,-0.815393445,1.066510718,0.138170762,-0.000218258,-1.588608313,1.0041617,0.24738259,-0.000224331,-0.480612638,0.514957784,0.093502845,0.000112147,-1.485386591,1.629872282,0.34497406,0.000610068,-1.027145358,0.785780974,0.20230787,-0.000144107,-2.422188867,2.534780362,0.419813311,0.001257177,-1.228184575,1.583973583,0.231582866,0.000360361,-2.273620556,2.49059035,0.380295667,0.000497653,-1.63685518,1.391639545,0.223500676,-0.000144879,-1.059755323,1.203194965,0.140048726,-0.000273233,-0.248803641,0.931622353,0.04441843,-4.50E-05,-0.57293019,0.725489543,0.117646177,4.78E-05,-0.144591506,0.384914404,0.032578886,-1.28E-05,-1.154738243,1.289492686,0.146993267,-0.000312553,-0.263636536,1.017054206,0.047876606,-6.86E-05
429,M,2,0.098402641,0.74276392,0.395235284,0.387164927,0.018851637,10.7402245,7.901870378,7.525122613,4.64E-05,11.22190852,2.456790121,1.379014537,0,11.30316311,5.852619593,5.435477236,0.830825526,10.5454896,5.247286964,4.763075813,0,11.38816011,7.092108947,6.855693862,0,11.2239959,3.306236485,2.279994979,0,9.551597389,3.068078791,2.381960321,0,11.05765856,3.08971428,1.94241479,-0.554658847,0.838807273,0.12508818,-7.92E-05,-0.390941585,0.466874628,0.07367104,-5.05E-05,-2.334421504,1.99325698,0.306175294,0.000876876,-0.815393445,1.066510718,0.14102394,-0.000235728,-1.291163957,1.112021328,0.220819719,3.02E-05,-0.466296291,0.514957784,0.087260639,1.29E-05,-2.064699167,2.243872769,0.387567006,-0.000165986,-1.027145358,0.93196189,0.212566102,-5.89E-06,-1.790384258,2.293403197,0.384520303,-0.00060531,-1.024086746,1.185447874,0.214362524,9.32E-05,-2.273620556,1.803150556,0.370439978,0.000673221,-1.146445653,0.946465613,0.216901832,-0.000243418,-1.059755323,1.203194965,0.134030072,-0.000639977,-0.248803641,0.931622353,0.033216855,6.53E-05,-0.632025899,0.725489543,0.121126658,-0.000402045,-0.161956914,0.518292726,0.033454835,-0.000132759,-1.154738243,1.289492686,0.138096287,-0.000686091,-0.263636536,1.017054206,0.035424954,0.000115603
430,H,0,0.087155604,1,0.634428133,0.617501999,0,12.34445197,8.905917723,8.503462103,0,11.37638436,1.610075564,0.531729228,0.275368741,12.4589466,6.73958921,6.494988056,0.205823766,12.61885579,7.039476069,6.480693065,0.937386615,11.66797248,6.912846733,6.570817709,0.332035396,12.27282486,3.511507829,3.055953731,0.026945416,11.94815877,3.640311164,3.037528535,0.01158202,12.28752332,2.99805335,2.383904031,-1.02086456,1.242093004,0.18763189,-0.000626574,-0.560609169,0.470061182,0.100743513,0.000102939,-2.799209807,2.449865073,0.371480215,-8.31E-05,-1.00831278,1.242950935,0.164814982,-0.000185308,-1.782571426,2.107409424,0.18852002,0.000257321,-1.149906259,0.858428522,0.091294257,7.02E-05,-2.023096252,2.018795396,0.436205854,-0.000289374,-1.245368879,1.054644876,0.256932718,0.000247628,-2.36218658,3.063961975,0.513117844,-0.000310112,-1.397630771,1.529019216,0.290314202,0.00050343,-2.558124365,2.272120844,0.449048676,-0.001531452,-1.789250941,1.138883283,0.270514477,-0.000148365,-0.830615832,0.91498187,0.106920995,5.76E-05,-0.227539585,0.292195429,0.024483004,2.74E-05,-0.867349273,0.936139348,0.118762939,9.99E-05,-0.258825722,0.366051898,0.029546191,-4.04E-05,-0.834288576,0.887217655,0.115039762,2.70E-05,-0.229785004,0.583261016,0.029701446,4.82E-05
430,H,1,0.080097728,0.860776023,0.528367434,0.512432645,0.073039498,12.11936643,9.336481322,8.932726934,3.40E-05,11.37638436,1.857921605,0.681971307,0.275368741,12.4589466,6.483559567,6.197759104,0.205823766,11.6823599,5.947252596,5.361786433,0.945325851,11.68191119,6.910150444,6.475954858,0.079783558,12.27282486,3.664806023,3.171527808,0.023603677,10.17589131,4.236604432,3.533294626,0.01158202,12.28752332,2.97927318,2.119695392,-0.948382018,1.242093004,0.19968935,-0.000490413,-0.560609169,0.507205582,0.110137075,-0.000128483,-2.799209807,2.449865073,0.311702312,0.000172738,-1.00831278,1.242950935,0.143169087,-0.000297112,-1.884240717,2.107409424,0.248407157,0.001284317,-1.266658377,0.905465305,0.121712698,2.41E-06,-2.023096252,2.168577349,0.462580471,-0.000212138,-1.245368879,1.054644876,0.27423798,-0.000118949,-2.36218658,3.063961975,0.502417891,-0.000326098,-1.397630771,1.529019216,0.290427844,0.000201802,-2.558124365,2.272120844,0.464159416,-2.08E-06,-1.789250941,1.138883283,0.281378861,6.36E-05,-0.890642572,0.91498187,0.122179764,0.000145308,-0.240280796,0.40626051,0.029944858,4.03E-05,-0.867349273,0.714142156,0.120546831,0.00032028,-0.24143725,0.435986146,0.033586195,1.14E-05,-0.895183242,0.887217655,0.133214891,5.83E-05,-0.243926252,0.583261016,0.034855856,4.88E-05
430,H,2,0,0.955868154,0.524989446,0.509866131,0.338722814,12.32729521,9.312848916,8.924443942,4.60E-05,12.4580044,2.485325831,1.2365702,0.890858277,12.15987848,6.52362192,6.213121316,0,11.6823599,5.714830464,5.068369035,0,12.37023379,7.151554255,6.738049253,0,11.30867504,3.42876531,2.825371541,0,12.80379632,4.327187202,3.647529998,0.010014483,11.35305664,2.64128213,1.658864105,-1.076697323,1.16124886,0.202034828,0.000478217,-0.62854409,0.518117364,0.109227889,-1.13E-05,-2.163515718,2.07318973,0.296938846,0.000399161,-0.798654344,0.960216495,0.139267958,-0.000294513,-2.332053643,2.168404828,0.321170725,-0.000121447,-1.266658377,0.93642566,0.155395223,-4.51E-05,-2.297181918,2.168577349,0.478995186,0.001104635,-1.224226448,1.224304734,0.288103254,-3.98E-05,-3.36972396,2.793557513,0.512784842,-0.001318311,-1.453949693,1.92374919,0.301840407,-8.83E-06,-2.206684944,2.431005284,0.448002676,0.001332337,-1.711118201,1.127434986,0.270385464,0.000120503,-0.890642572,1.090419987,0.129191326,-0.000307805,-0.24290299,0.40626051,0.030584264,4.07E-05,-0.737254659,0.80496311,0.131829685,0.000151019,-0.155299437,0.512943205,0.035994502,-2.59E-05,-0.895183242,1.088665386,0.130704885,-0.000615069,-0.245914623,0.429744441,0.031541997,5.56E-05
430,L,0,0.010148823,1,0.365819671,0.334660433,0,12.04935715,9.209814258,8.836372757,0,12.44620165,1.667025516,0.593834801,0.395387494,12.5109317,6.406155823,5.992342475,0,12.21715722,5.439479431,4.848859368,0.682444441,12.23248463,6.89422362,6.62202244,0.072040974,12.3933598,3.179083485,2.408940642,0.056504858,12.98544805,4.104346964,3.335234458,0.029890482,12.40091631,2.856471372,1.890297382,-0.668150356,1.077554514,0.182186408,-0.000773784,-0.473795841,0.451152429,0.099396648,-4.95E-05,-2.454443085,2.261014185,0.323839434,-0.000654163,-0.947478349,1.012191619,0.142808471,-0.000193872,-2.324114429,2.575779159,0.221840441,4.32E-06,-1.162926146,1.121368503,0.110811759,-4.82E-05,-2.134286929,2.361319812,0.498338928,0.000820631,-1.139233405,1.176485644,0.280505422,-0.000448866,-2.291078325,2.617903166,0.467003621,-0.000396872,-1.285446597,1.449807101,0.273047517,0.000135041,-2.388911813,2.427671935,0.434545348,0.000523862,-1.332151086,1.33684915,0.265094602,-0.000186734,-0.94364758,0.887795304,0.141225229,-0.001547924,-0.201865912,0.420970869,0.032800191,1.67E-05,-0.979636058,1.121787532,0.172285832,-0.000624746,-0.248499694,0.651701717,0.047429294,-1.39E-05,-0.999232729,0.956378729,0.154537681,-0.001630307,-0.205577662,0.563491275,0.038645184,1.98E-05
430,L,1,0.010148823,0.527911055,0.289491636,0.273501731,0.551176681,11.49731269,9.557735911,9.294439162,7.65E-07,12.44620165,2.193223653,0.917796176,0,12.46278434,6.402897259,6.010265003,0.459760564,12.053047,4.885882499,4.4572916,0.550943404,11.78546249,7.29918414,7.068857587,0,12.3933598,2.837894269,1.882507523,0,12.36009854,3.272621097,2.466287008,0,12.40091631,2.639271175,1.515726123,-0.921163103,0.809641181,0.161259722,0.000385546,-0.565149307,0.39611296,0.090239553,-7.93E-05,-2.148263303,2.347104577,0.249961858,-2.38E-05,-0.789550403,0.856425355,0.109516526,-5.57E-05,-2.324114429,2.575779159,0.272124341,-0.00015062,-1.162926146,1.121368503,0.131456358,-8.65E-06,-2.013084853,2.023986875,0.467985911,0.002366338,-1.027835318,1.029296817,0.267690533,-0.000284995,-2.291078325,2.392544165,0.389856491,1.76E-05,-1.279046438,1.449807101,0.233327532,1.66E-05,-2.388911813,2.427671935,0.410826606,6.68E-05,-1.332151086,1.309256501,0.249994279,-0.000121399,-0.93964961,1.085140574,0.142576003,0.000154293,-0.201865912,0.420970869,0.029838993,4.46E-05,-0.604887372,0.952510015,0.14232249,9.36E-05,-0.149574922,0.651701717,0.03712687,-3.13E-06,-0.999232729,1.125200713,0.150587589,0.000168167,-0.205577662,0.563491275,0.033543092,5.12E-05
430,L,2,0.069643898,0.481199604,0.233116836,0.221222455,0.551176681,11.34748851,9.790686069,9.641542469,1.34E-05,9.242309456,1.479263707,0.485019613,0,11.32646659,6.079915006,5.759388135,0.469194397,11.50049259,4.681522671,4.407976972,0.550943404,11.00508024,7.204345068,7.00240017,0,11.85507606,2.027119106,1.393163286,0,7.11527097,2.405012488,1.827645987,0,12.12544728,1.884800232,1.150685097,-0.921163103,0.809641181,0.134947001,4.56E-06,-0.565149307,0.376650147,0.075908379,-3.90E-05,-2.148263303,2.347104577,0.189666985,9.96E-05,-0.789550403,0.787193773,0.085146165,-7.50E-05,-2.084943703,2.199566901,0.182425114,-6.34E-05,-0.804339899,1.097606251,0.090615602,4.20E-05,-1.889861902,1.45495729,0.430097943,0.000385761,-1.027835318,0.851465838,0.246980463,2.48E-05,-1.880702253,1.912143583,0.331146857,-0.000293945,-0.909799714,1.235891873,0.196046619,7.73E-05,-2.108251338,1.574368302,0.385392869,0.000148147,-1.178887712,0.935456045,0.230366674,5.57E-05,-0.823841474,1.085140574,0.092474864,0.000241143,-0.153832168,0.19784549,0.01940433,4.20E-05,-0.474319061,0.484453182,0.094692608,-0.0001432,-0.13093731,0.27898167,0.026150056,1.37E-05,-0.854687638,1.125200713,0.099800756,0.000315038,-0.15712067,0.212902359,0.022015198,4.28E-05
430,M,0,0.040754335,0.898768273,0.431378311,0.382203443,0.099218689,12.18178945,9.078838321,8.734459978,0,0.949864109,0.219992041,0.133608281,1.004109195,11.91573537,6.351503895,6.089642977,0,12.11997166,4.722820551,4.145294326,0.962250688,12.62877745,7.430556233,7.095290776,0.097980982,9.753520361,2.675555857,2.154239629,0,12.7031081,2.957344742,2.156329453,0.029493095,9.862115668,2.282197866,1.672252294,-1.306939676,1.320408215,0.237536449,-0.00179588,-0.714761518,0.758760415,0.13489642,9.58E-05,-2.300901461,2.127680586,0.309525214,0.002202021,-0.889747132,0.813595653,0.134095999,-0.000455637,-0.304615334,0.318413788,0.073288336,5.45E-05,-0.224647249,0.201049489,0.051124569,-6.85E-05,-1.742696943,1.908407505,0.459215867,-0.001063814,-0.989540779,1.097429487,0.265964178,0.000211093,-2.858399092,2.932947414,0.456740516,-0.001861399,-1.378432593,1.448380906,0.259705756,4.00E-05,-2.170659691,2.717324345,0.462389545,0.003174889,-1.300749097,1.1336472,0.275044152,-0.000990752,-0.684631874,0.857402773,0.099651194,-0.00032096,-0.157140435,0.446259016,0.025282889,3.11E-06,-0.505422431,0.593345457,0.101939742,-0.000970096,-0.122172467,0.472118344,0.029749031,-1.93E-05,-0.701400236,0.933696302,0.10922246,0.000112994,-0.194830981,0.725838794,0.030892897,-1.17E-05
430,M,1,0.040754335,0.747348294,0.33111912,0.296978509,0.099218689,12.53431167,9.594495165,9.394962334,0,12.81770449,1.791751411,0.6787226,1.02285244,11.91573537,6.719913581,6.461208635,0.189518301,11.39696897,4.379439304,3.997129013,0.887521645,12.62877745,7.5360821,7.265406345,0.097980982,9.753520361,2.246078884,1.867990899,0,7.448244217,2.175561067,1.679524455,0.003250206,9.862115668,2.045899931,1.564537965,-1.306939676,1.320408215,0.223334836,-0.000468779,-0.714761518,0.758760415,0.124198191,-0.000206276,-2.272199329,2.360092895,0.222522886,7.22E-05,-1.041005436,0.87064021,0.105109591,-7.96E-05,-2.55080173,2.376467224,0.252994561,0.000161012,-1.151567772,0.976168875,0.11633525,1.67E-06,-1.646148967,2.008837399,0.427973444,0.000336648,-1.085745635,1.077789059,0.253469725,-6.03E-05,-1.645712927,2.932947414,0.357016957,0.00049959,-1.160494782,1.299645007,0.207341131,0.000363479,-2.170659691,1.729313842,0.415137837,-0.000616346,-1.140918012,1.13067267,0.249192016,-0.00034796,-0.684631874,0.857402773,0.091175472,-0.000225084,-0.157140435,0.446259016,0.022674843,4.59E-05,-0.475457999,0.593345457,0.078595419,0.000370536,-0.109022264,0.472118344,0.022812091,4.95E-07,-0.701400236,0.933696302,0.098721493,-0.000316973,-0.194830981,0.725838794,0.028190634,4.09E-05
430,M,2,0.046128904,0.678446359,0.373888075,0.345432778,0,12.53431167,9.344761261,9.033322745,2.10E-06,12.81770449,2.060619137,0.858960463,0,12.38041837,6.764738437,6.428633128,0.125470581,11.19515011,4.573131929,4.086718066,0.887521645,12.33872237,7.437599722,7.142423974,0,12.25214586,2.838905772,2.104160082,0.03990937,7.448244217,2.56379285,2.048522464,0,12.32987493,2.617416376,1.681183837,-1.355337801,1.271174252,0.243288939,0.00065787,-0.666308999,0.615316411,0.139565889,6.34E-05,-2.048964994,2.360092895,0.26211889,-0.000166252,-1.041005436,1.007290743,0.119013017,-0.000443965,-2.55080173,2.376467224,0.290117334,0.002007346,-1.151567772,1.03185447,0.133466307,-6.55E-05,-2.877743904,2.285713477,0.472124164,0.000295804,-1.180024609,1.378819538,0.275328357,-0.000405787,-2.017352376,2.556354654,0.374176215,0.00094476,-1.33678866,1.696027135,0.220873928,0.000170319,-1.632486876,2.167487961,0.419824409,-0.001194078,-1.140918012,1.052777831,0.255587156,-0.000217945,-0.620591714,0.943366266,0.108006473,5.05E-05,-0.154732585,0.17103767,0.021907131,8.52E-05,-0.49098903,0.495766651,0.088028434,0.000315604,-0.139145766,0.349983103,0.025055867,-7.16E-06,-0.640240671,1.032276969,0.113618384,-4.54E-05,-0.156151747,0.341223751,0.024849343,0.000109642
431,H,0,0.038167,0.951929738,0.556325296,0.531459848,0.480689294,11.07298186,8.111331987,7.767421226,0,11.06481716,2.233365627,0.945840554,1.435011506,11.344005,7.071004561,6.797223435,0.177872488,9.815500308,4.833949816,4.250373767,0.247920705,10.92331937,6.218497121,5.867360221,0,10.8673911,4.442403719,3.894640066,0,7.75757169,3.279942836,2.831455747,0,10.8673911,3.92864261,3.055884158,-1.320517361,1.265231152,0.287133095,-0.000112888,-0.833882043,0.729239065,0.166801672,-0.000434025,-1.884315832,2.031822693,0.290284379,0.000414542,-0.655961596,0.693370729,0.119670329,-0.000201979,-2.43850576,2.95627957,0.297175192,0.00019131,-1.302877813,1.496307461,0.158241918,-0.000223875,-1.117180301,2.052787019,0.307324731,0.000973997,-0.801475717,0.738147252,0.180937597,-0.000245776,-2.091437786,2.269104943,0.405370561,-0.001169983,-1.136424103,1.082053514,0.22254536,0.000188952,-1.864600596,2.534823849,0.440772851,0.001357723,-1.375648345,1.178420114,0.261084007,-0.00017069,-0.557232071,0.945691482,0.127347007,-0.001336938,-0.197989264,0.522066585,0.032289423,0.000116287,-0.569823378,0.782447059,0.108293426,-0.001024555,-0.16015573,0.525502226,0.032676911,9.97E-06,-0.551202057,0.92349609,0.128422462,-0.001146128,-0.203397676,0.628650304,0.032791903,0.000118814
431,H,1,0,0.92306313,0.491593266,0.460944365,0,11.08653383,8.375110322,8.185661224,0.000445301,11.09395054,3.170630554,1.638752606,0,11.344005,7.213879771,6.99858287,0,9.815500308,4.16649337,3.724216074,0.239797516,11.44113395,6.503690228,6.179602998,0,8.625672004,3.355863089,2.970471453,0,11.27635434,3.776660375,3.002033227,0.049391985,7.920962702,2.320095966,1.832353368,-1.320517361,1.218572183,0.256148135,-0.000213693,-0.79102307,0.729239065,0.145891477,-0.000186314,-2.157287291,1.866318221,0.221888656,-0.000445135,-0.804181121,0.775840321,0.095709791,-3.87E-05,-2.43850576,2.95627957,0.399028915,0.000655231,-1.302877813,1.496307461,0.194503749,-4.97E-05,-1.612677425,2.052787019,0.298911324,-0.0002365,-0.801475717,0.860084857,0.173700176,0.000124739,-1.781260477,1.750902712,0.35546052,-0.000666607,-1.072382938,0.826191089,0.198961534,3.03E-05,-2.044799769,2.534823849,0.399099562,0.001077259,-1.199766355,1.178420114,0.240331928,6.47E-05,-0.557232071,0.945691482,0.096794216,0.000350499,-0.197989264,0.37963958,0.025386495,3.38E-05,-0.558037636,0.782447059,0.100882061,0.000557273,-0.156064902,0.525502226,0.026729956,-1.11E-05,-0.551202057,0.92349609,0.094463837,3.02E-05,-0.203397676,0.628650304,0.027584558,4.16E-05
431,H,2,0,1,0.452422953,0.426200767,0,11.52955406,8.163386377,7.954125786,0.0004457,11.70675936,2.797496214,1.348362914,0,10.58826554,6.409448441,6.227766364,0,10.03548046,4.270616264,3.696558276,0.02813126,11.57533425,6.576752476,6.15177999,0.26905853,8.156978183,3.844115861,3.517684143,0.060448773,11.27635434,3.757417901,2.911372932,0.058744809,6.997978887,2.99615306,2.639997326,-1.344559079,1.218572183,0.239469549,4.87E-05,-0.752896528,0.642641408,0.134959083,-0.000157569,-2.157287291,1.800053237,0.226646959,-0.000573753,-0.804181121,0.775840321,0.096608704,-5.07E-05,-2.415554878,2.702500627,0.355858752,0.000219367,-0.970073611,1.072413527,0.170761535,-1.72E-05,-1.959049535,1.266854069,0.299090088,-5.17E-06,-0.846346561,0.860084857,0.170860094,5.08E-05,-1.885525986,2.225320198,0.360373061,0.000224132,-1.007619719,0.920322038,0.195755189,-1.39E-05,-2.598720177,2.704125593,0.425818865,-0.000198485,-1.2784621,1.40496361,0.251897466,0.000105311,-0.548432961,0.911089499,0.094192911,0.000240373,-0.137103475,0.386363884,0.024931074,5.18E-05,-0.743982855,0.766529319,0.10895874,0.00031212,-0.132685353,0.619012987,0.026041266,1.28E-05,-0.682175261,0.964969992,0.104611005,0.000122724,-0.178983832,0.767956167,0.038904176,5.76E-05
431,L,0,0,1,0.523540306,0.502806717,0,11.33001633,8.388041124,8.140384258,0.00012063,11.27981339,1.790697846,0.724077117,0.175099531,10.99401012,5.209293443,4.987142043,0,10.62242247,5.196811316,4.851336629,0.119641196,10.98571986,5.784890772,5.441076792,0,11.08987506,3.614135432,3.156995604,0.071933695,9.955354646,2.993153556,2.490772743,0,11.13536368,3.690844847,3.141848262,-1.002152391,1.366296389,0.202167261,-0.000168965,-0.742469313,0.706337348,0.117295962,-0.000189439,-2.429541134,2.195971412,0.292480618,-6.96E-05,-0.814405537,1.249496919,0.131317992,-0.000113684,-2.436142723,2.454479085,0.262118141,9.52E-05,-0.989413066,1.169058266,0.140365506,-1.67E-05,-1.386716025,1.654880678,0.285753248,0.000485859,-0.931185614,0.657294344,0.171268658,-0.000132885,-2.539917059,2.14129811,0.378640706,0.000259399,-1.198253033,1.102781023,0.211944639,-6.27E-05,-2.558775811,2.782864049,0.414971387,-5.05E-05,-1.497597898,1.561488181,0.242955669,9.23E-05,-0.756398341,1.081963463,0.087834937,-0.000920904,-0.217332954,0.29963445,0.022701797,4.18E-05,-0.67476198,1.134234557,0.09826754,-0.000251961,-0.201590534,0.608220033,0.028750754,2.23E-05,-0.869948071,1.038704764,0.091086647,-0.000999255,-0.215772594,0.291172358,0.024169302,4.36E-05
431,L,1,0.232281565,0.924382419,0.555110182,0.540052781,0.631361005,11.33001633,8.702188059,8.476030313,0,11.27981339,1.787026928,0.712158157,0.707448358,8.970102011,5.885126001,5.760919541,0.810625216,10.52968924,5.008603566,4.640331312,0.146387403,9.968047017,5.884677295,5.633754049,0,9.656425814,2.471783138,2.049629833,0.035015898,11.077005,3.353928543,2.685995692,0.042255866,9.122278654,2.164739713,1.640958046,-0.931220462,1.00395003,0.201971925,-0.000876526,-0.742469313,0.706337348,0.118819623,-0.000166046,-2.429541134,2.171622263,0.278595858,8.59E-06,-0.854195274,1.276238073,0.125219631,-8.51E-05,-2.436142723,2.454479085,0.261683815,-4.26E-05,-0.989413066,1.169058266,0.140138463,-0.000127494,-1.647235673,1.713243633,0.297927131,0.000714601,-0.931185614,0.937684123,0.176250114,-8.11E-05,-2.180031446,2.386913398,0.363824576,-0.000194949,-1.281237124,1.119333417,0.204792316,0.000126795,-2.038256209,2.313173963,0.384506418,0.000352704,-1.241149502,1.561488181,0.227959113,-0.000162365,-0.74309684,1.081963463,0.093506685,0.000123472,-0.205864892,0.29963445,0.022984436,6.46E-05,-0.67476198,1.134234557,0.118892116,-0.000406347,-0.201590534,0.608220033,0.031845772,2.29E-05,-0.869948071,1.038704764,0.097465715,0.000301432,-0.206667553,0.419906543,0.026235331,6.86E-05
431,L,2,0.232281565,0.99707787,0.54359703,0.529191065,0.327170695,11.13893709,8.558538458,8.30164327,0,11.40852311,1.727545515,0.706577645,0,8.98664256,6.126165595,6.006061899,0.764952415,10.98744471,5.206533334,4.789245791,0.11970278,11.34320865,5.762430334,5.479756121,0.144505983,9.656425814,2.885155936,2.444132326,0,11.077005,3.324354374,2.625818992,0.029983126,9.122278654,2.724272488,2.116572353,-0.931220462,0.968191676,0.2069179,0.000786014,-0.556088924,0.589466429,0.122248637,-0.00017487,-2.411891959,2.139879687,0.264200378,-0.000193249,-0.854195274,1.276238073,0.116351452,-0.000184782,-3.20408522,2.136431911,0.260616802,3.03E-05,-1.385490145,1.355655075,0.146275487,-5.08E-06,-1.647235673,1.713243633,0.300761516,9.92E-05,-0.856427085,0.937684123,0.180490877,0.000186423,-2.108545315,2.386913398,0.359986113,6.09E-05,-1.281237124,1.119333417,0.20209353,-8.20E-05,-1.693009146,2.586276589,0.382439054,-0.000267349,-1.311190297,1.245374849,0.226692835,3.25E-05,-0.623250448,0.876521937,0.090805201,0.000686861,-0.131490685,0.437437938,0.024718403,3.52E-05,-0.663064663,0.979520219,0.121233129,-0.000125521,-0.196020016,0.475195492,0.032669293,4.14E-05,-0.803718362,0.822507765,0.097774125,0.000806031,-0.176661965,0.708220351,0.031948861,3.41E-05
431,M,0,0.223273121,0.910476418,0.502658588,0.490306904,0,10.24166479,8.032995121,7.792931276,0,1.27541923,0.369323776,0.24570785,0.165173653,9.655620238,5.451426784,5.325751583,0,10.25918392,4.042551427,3.392750307,0.15575734,10.24365754,6.422916433,6.112735334,0,11.05355934,3.622241515,2.637696049,0.003444243,7.439065764,1.572405294,1.064446779,0,11.07644743,3.53402939,2.526181021,-1.070873797,1.370617033,0.232134965,0.000280545,-0.768741287,0.551774138,0.130653949,-7.58E-05,-2.227926027,2.037865952,0.274742628,0.00025968,-0.853173884,0.890793991,0.114959539,-0.00015303,-0.38419279,0.516836518,0.108432511,8.42E-05,-0.277388859,0.241388254,0.07254946,-0.000161382,-1.162631646,1.461936771,0.260436774,0.000387658,-0.592005775,0.710981608,0.152960171,-0.000184157,-2.188724905,2.346982942,0.384376173,0.000884212,-1.112793636,1.008606358,0.210742804,0.000347441,-3.069121748,2.071554955,0.40544651,-0.001145629,-1.21587677,1.505920219,0.236722075,-3.79E-05,-1.028972016,1.041972197,0.136999617,-0.001463286,-0.250989326,0.298401361,0.030406318,7.04E-05,-0.518959484,0.678186245,0.075525951,-0.000358413,-0.153337993,0.448975251,0.020422267,3.01E-05,-1.032706564,1.026371231,0.133100914,-0.001556957,-0.250668962,0.25053418,0.03092826,6.84E-05
431,M,1,0.223273121,1,0.538069797,0.519843924,0.848586532,11.29369341,8.052395198,7.812001603,0,11.47297936,1.707667515,0.665333233,0,9.655620238,5.777368896,5.655572346,0,10.10220407,4.209485731,3.512363628,0.121958532,11.08029368,6.387977842,5.995981506,0,11.05355934,3.59782744,2.790362227,0,11.43402238,2.187571105,1.423960664,0,11.07644743,3.187108408,2.354334948,-1.108503512,1.370617033,0.256614206,-0.000424533,-0.776170869,0.618821135,0.141981259,-0.000240005,-2.227926027,2.037865952,0.240404136,-0.000230331,-0.853173884,0.890793991,0.103998129,-0.000176989,-1.767326856,1.85519385,0.239009812,0.000629263,-0.839975149,0.84690466,0.11243476,-0.000385247,-1.506042582,2.308162645,0.286357742,-7.55E-05,-1.089029146,1.062993411,0.165626434,3.59E-05,-1.899109011,2.256919677,0.390639518,0.000832423,-1.112793636,1.219260337,0.218522825,-0.000136835,-1.896002884,2.071554955,0.419267259,-0.000669416,-1.256053518,1.172558702,0.246042725,0.000193105,-0.710368351,1.127198814,0.143267401,0.001463403,-0.23166464,0.562756804,0.034340183,7.32E-05,-0.959830386,0.613959961,0.098999093,0.000730332,-0.153639409,0.513445283,0.026304431,5.13E-05,-0.677208823,1.127302196,0.141440282,0.001348787,-0.250040928,0.672065502,0.037672614,5.92E-05
431,M,2,0,1,0.557789421,0.536745568,0.258627852,11.29369341,7.995514125,7.686258965,3.20E-06,11.47297936,1.917068383,0.879377407,0,11.16800249,5.964932624,5.781459286,0.158602172,10.9392207,4.248561439,3.453319209,0.013338785,11.56163873,6.667649878,6.249813802,0.093357522,10.90040116,4.391870422,3.830684173,0,11.43402238,2.562562706,1.956573354,0.065438115,9.458174501,3.949514643,3.331919686,-1.33646232,1.281250087,0.298616373,-0.000262073,-0.970094079,0.685869346,0.174516323,-0.000326782,-2.178404603,1.952111165,0.272088422,-0.00012348,-0.814971243,1.000969141,0.11882588,-0.000259429,-1.767326856,1.85519385,0.275252559,7.16E-05,-0.839975149,0.84690466,0.130606977,-3.61E-05,-1.506042582,2.308162645,0.301071536,0.00096506,-1.089029146,1.062993411,0.173748763,0.000252723,-2.445160563,2.579017083,0.41991165,-0.000688,-1.694300037,1.222107185,0.235266877,-0.000303341,-3.100575692,2.575921698,0.456262695,0.001513981,-1.577402097,1.529474839,0.269266459,0.000325544,-0.722658406,1.127198814,0.139219385,0.000647369,-0.246123225,0.562756804,0.041780376,7.07E-05,-0.959830386,0.71123186,0.10542884,0.000403989,-0.153639409,0.513445283,0.0285944,3.74E-05,-1.130170509,1.341386685,0.151504334,0.000545187,-0.289634476,1.153976304,0.054984545,6.79E-05
432,H,0,0,1,0.522918655,0.498133852,0,11.13581641,7.369318535,6.816292022,0,11.46339517,4.399552954,3.169445986,0,10.75125711,6.544912555,6.353182841,0.395687762,11.36339259,5.265905963,4.706765732,0.632840914,11.55710292,6.827317265,6.470479256,0,6.801366143,3.122062074,2.801610981,0,12.01485444,3.977443027,3.071431466,0,7.024138035,2.769922278,2.342063704,-0.575043891,0.58291147,0.127691446,-0.000776347,-0.368415411,0.337379678,0.064782758,5.82E-05,-2.459220553,2.154106371,0.364256638,-0.001520157,-0.881632892,1.319504866,0.157947544,-0.000242612,-1.914814615,1.640930526,0.25151465,0.000605655,-0.795604201,0.719938431,0.116370674,0.000228001,-1.519874933,1.672780977,0.352057012,0.000525237,-0.927336031,0.854557596,0.205559014,2.04E-05,-2.638448483,2.131375584,0.420211115,0.002317481,-1.264645168,1.589227194,0.224257197,0.000266419,-2.307047525,2.99399714,0.42825814,-0.002075311,-1.656343911,1.309312199,0.255942367,8.94E-05,-0.802810722,0.615243048,0.107765251,0.000618157,-0.217100785,0.299568077,0.029745787,1.82E-05,-0.88970068,0.571420987,0.124890885,-0.00154822,-0.250599981,0.494555112,0.035592556,1.31E-05,-0.779853796,0.921498916,0.129353593,0.001159705,-0.200466309,0.693220037,0.040742853,2.10E-05
432,H,1,0.005635619,0.852004913,0.480929218,0.465709989,0.08172207,11.23258768,7.682091404,7.140342284,0.000894554,8.330842918,3.632429931,2.831406232,2.700164979,10.74817941,6.945130134,6.787305901,0.395687762,11.63490302,5.429748206,4.967262255,0,11.55710292,6.370661188,6.033203106,0,7.497937768,3.030328821,2.586218422,0.009470943,7.957476846,2.890222238,2.313819535,0,7.91792815,2.954093345,2.315414525,-0.636655656,0.583603534,0.13426715,-0.000830302,-0.368415411,0.325274045,0.068102591,3.07E-05,-2.140103582,2.583833035,0.401733442,0.000452886,-1.126068163,1.10546725,0.179957577,-0.000380747,-1.92046571,1.640930526,0.299314688,-0.000929831,-0.795604201,0.719938431,0.1361187,-0.000278038,-1.519874933,1.688387279,0.348690275,0.001271686,-1.00478991,0.854557596,0.204203079,-9.95E-05,-2.638448483,2.235663867,0.434946678,-0.000519007,-1.264645168,1.589227194,0.23628397,0.00053975,-2.111776876,2.99399714,0.438830826,0.00129649,-1.656343911,1.309312199,0.25731084,-3.64E-06,-0.802810722,0.615243048,0.118262337,0.001235848,-0.217100785,0.385706408,0.030200379,-1.23E-05,-0.88970068,0.636313515,0.129946422,0.001196465,-0.250599981,0.464211236,0.038448492,-1.15E-05,-0.749683348,0.921498916,0.137143666,0.001224342,-0.200466309,0.693220037,0.03860727,-2.36E-05
432,H,2,0.005635619,0.761849958,0.419368829,0.408627941,0.08172207,11.23258768,8.009552754,7.532269887,0.000256279,9.703733806,3.320158345,2.381564406,1.54859569,11.11499957,7.045009018,6.875591286,0.453724325,11.63490302,5.411932873,4.999297012,0,11.00347544,6.203324926,5.90845415,0.027710063,11.06180027,3.125569597,2.473979032,0.009470943,8.330424777,2.984859133,2.290564875,0.016314683,11.06127717,3.038450189,2.191861289,-0.636655656,0.583603534,0.121501065,9.30E-05,-0.360739514,0.325274045,0.063899377,4.01E-06,-2.140103582,2.583833035,0.36893677,0.00188667,-1.126068163,1.107217898,0.170004253,-0.000361542,-1.92046571,1.489953706,0.268422976,0.000162873,-0.78104142,0.62239747,0.123736486,-0.000259335,-1.658157241,1.688387279,0.330754774,0.000384268,-1.00478991,0.780432058,0.193996271,-0.000279821,-2.086527699,2.235663867,0.408870466,-0.001864239,-0.992922855,1.134232305,0.22361688,0.00036797,-2.111776876,2.094074382,0.421749409,0.00170443,-1.157137588,1.012181781,0.246608374,-1.28E-05,-0.491214304,0.556180017,0.101317515,-0.001105731,-0.115741191,0.385706408,0.025003492,-2.03E-05,-0.721587271,0.636313515,0.117164647,0.000566301,-0.183750792,0.391804898,0.033077384,-8.72E-05,-0.598206798,0.637044683,0.116815673,-0.001284236,-0.15854644,0.501088454,0.030646474,-1.29E-05
432,L,0,0.033617193,1,0.45020485,0.406330884,0,11.82712769,7.734839139,7.204354447,1.15E-08,12.15414426,3.73237703,2.298448116,0,11.72735295,6.119544659,5.839918289,0,11.13696668,5.982634808,5.498411885,0,12.00895399,6.087586052,5.655501599,0.037597439,10.9872085,3.960727812,3.355787878,0,11.9526584,4.49202663,3.656596486,0.021264409,10.11360872,3.583394785,2.861126178,-0.986193896,1.051414159,0.192148702,-0.000121366,-0.574330779,0.728757596,0.103821639,0.00032524,-2.466938142,1.953505948,0.369005838,-0.000524523,-0.921345623,0.951052909,0.160927873,-9.42E-05,-1.707263141,1.87100693,0.25775631,5.71E-05,-0.860266333,0.746009278,0.12278911,-7.50E-05,-2.383916943,1.656618889,0.416571164,0.000373017,-1.174878213,1.090428102,0.250048628,-0.000129778,-2.070241408,2.736169661,0.397100677,0.000156188,-1.235096604,1.133612369,0.216208844,0.000375176,-3.312601433,2.544364268,0.45868087,-0.000562158,-1.434119889,1.743369717,0.269294194,-0.000280853,-0.760423013,1.255939629,0.150501234,0.001739739,-0.23498736,0.866605018,0.044668561,-3.43E-05,-1.068313041,0.949551605,0.155665023,0.001294146,-0.216488855,0.679883618,0.045880354,-0.000189509,-1.083237214,1.277297276,0.171599599,0.001609353,-0.267881228,1.07901648,0.058347841,1.39E-05
432,L,1,0.188172428,0.944680442,0.556656747,0.534884014,0.128659529,11.63300081,8.248991124,7.799278413,0,10.81583985,3.65662874,2.304310034,0.882961567,11.72735295,6.330713774,6.089383838,0,11.13135943,5.224088105,4.767287647,0.027185939,12.00895399,6.206179082,5.800578167,0,11.91282502,3.987869657,3.166118781,0.010060042,11.9526584,3.920054147,2.970675457,0.021264409,11.66525292,3.742246763,2.780051853,-0.986193896,1.051414159,0.181707703,0.000233916,-0.574330779,0.728757596,0.097503061,3.86E-05,-2.630471243,2.214817754,0.333472866,-6.03E-05,-1.03030015,1.351831019,0.142665167,-0.000124338,-2.614248848,1.99737956,0.268006965,-0.000449581,-1.141846813,1.196975137,0.130341753,-0.000151671,-1.557010879,1.808205075,0.400703103,0.00052112,-1.143212142,1.105278525,0.240516919,-2.37E-05,-2.020281935,2.572345884,0.37699108,-0.000202667,-1.358847415,1.133612369,0.20077051,0.000211665,-2.026149538,2.544364268,0.435545612,0.000320323,-1.351304109,1.174436892,0.255582197,-8.65E-05,-0.760423013,1.255939629,0.150750502,-0.000406031,-0.23498736,0.866605018,0.042110247,-1.16E-05,-1.068313041,0.949551605,0.162986617,4.95E-05,-0.216488855,0.616538843,0.047632758,-9.49E-05,-0.827592629,1.277297276,0.164273242,-0.000456241,-0.248742687,0.854282043,0.049230402,1.34E-05
432,L,2,0,0.944656315,0.54956696,0.527538045,0.09212687,11.68875719,8.262826369,7.75014337,0,9.457810508,2.71789234,1.537063588,1.164910472,11.76511696,6.47233133,6.224513368,0.382394529,11.61207195,5.214829878,4.725702717,0.027185939,11.14447942,5.908500392,5.56744438,0,11.91282502,3.577062307,2.554216388,0.010060042,9.671540344,3.383908572,2.487121808,0,11.66525292,3.385633563,2.206601188,-0.849002372,0.840748533,0.168212491,7.27E-05,-0.42765333,0.387531517,0.088217397,9.93E-05,-2.789415755,2.214817754,0.337370022,0.001240135,-1.03030015,1.351831019,0.146128042,-0.00045326,-2.614248848,1.99737956,0.257184477,-5.26E-05,-1.141846813,1.196975137,0.124906333,-4.27E-05,-2.174067945,2.241975473,0.41534103,0.000223166,-1.143212142,1.116578498,0.246789133,5.58E-05,-2.020281935,2.572345884,0.382949796,-0.000325906,-1.358847415,0.992186059,0.203615919,0.000488216,-2.146366986,2.154025429,0.409896308,0.001426629,-1.112234131,1.437296902,0.241992344,-0.000290004,-0.673711779,0.982072692,0.146542624,-0.000853466,-0.219528896,0.609433032,0.035142071,0.000182012,-0.894107765,1.012604289,0.159180142,0.001167747,-0.166591425,0.562916136,0.045784136,7.89E-05,-0.730514744,1.105197987,0.156820421,-0.001310453,-0.292199188,0.781211932,0.042679552,0.000211577
432,M,0,0,0.852512901,0.445029449,0.425431581,0.189383015,11.70791702,7.713050581,7.153698432,1.19E-05,11.53856084,3.24438155,1.994077353,0,11.34741078,8.807698191,8.795997787,0,11.07460226,8.414298135,8.351705763,0,11.34264089,1.684612207,1.59856184,0.03321931,11.36593416,2.681857893,2.04254277,0.008647326,11.38928579,3.231736036,2.357019149,0.01310493,11.36593416,2.563783983,1.869656907,-0.812362725,0.896482152,0.168074061,0.000752891,-0.436180302,0.455052895,0.087120934,-0.000119088,-2.417596573,2.271019204,0.407816221,0.000636721,-0.940927882,1.364175024,0.177771253,-0.00050767,-2.420517822,1.867898698,0.290718121,0.000202495,-0.951437111,1.134559738,0.141433481,-0.000164996,-3.32501634,2.491726001,0.133830868,0.000238845,-1.405580004,2.003545131,0.079046464,-2.44E-05,-3.144600571,2.533698292,0.211969135,7.21E-05,-1.295380879,1.92439775,0.113946918,9.58E-05,-3.171681331,3.978487781,0.155765383,-0.000108181,-2.444880535,1.962743059,0.097822237,6.65E-05,-0.351187075,0.444144094,0.058205525,-0.000804242,-0.097688905,0.260836919,0.016230194,6.60E-06,-0.411323286,0.26908219,0.06224415,-0.00153798,-0.08761075,0.210464064,0.015542223,-6.79E-05,-0.440443753,0.482089522,0.070934855,-0.000559596,-0.112554253,0.296442026,0.021596802,8.43E-06
432,M,1,0.08635876,1,0.410473537,0.395507296,0,11.47491653,8.094380307,7.710881615,1.04E-06,11.53856084,3.31805792,2.035732408,8.02718087,9.803494606,8.915343637,8.909590732,6.19224268,11.05729927,8.255897912,8.207137542,0.52104271,2.652795202,1.641193431,1.587425818,0,5.389940243,1.266182564,1.088303456,0.0065846,4.493310157,1.489352427,1.122706463,0,5.947391864,1.233186551,1.010551563,-0.622818031,0.808282983,0.132553942,0.000567378,-0.436180302,0.455052895,0.07309015,-8.97E-05,-2.417596573,2.271019204,0.357978539,0.001564601,-0.940927882,0.974889025,0.161764414,-3.49E-05,-2.420517822,1.997140561,0.287079302,9.65E-06,-1.05823399,0.89762035,0.13930742,2.33E-05,-0.278068346,0.328424075,0.067175925,-0.000149427,-0.203012615,0.144071424,0.040668741,-7.00E-06,-0.876277543,0.891779812,0.16766291,-0.000359429,-0.440715164,0.413893418,0.091065544,-5.68E-05,-0.534140693,0.426065589,0.091433445,0.000153737,-0.227344629,0.301439419,0.053693186,8.70E-05,-0.256565147,0.267210318,0.039688425,-0.001125419,-0.052977419,0.13073049,0.011227426,-8.75E-06,-0.231804074,0.253991157,0.045186214,0.000395969,-0.055342845,0.210464064,0.01255441,-1.00E-05,-0.290270737,0.358781906,0.048093415,-0.001280698,-0.076732967,0.245174221,0.01484674,-1.19E-05
432,M,2,0.098071615,1,0.393543127,0.371835943,0,11.47491653,7.943977363,7.6269099,0,9.756641852,3.569472675,2.188632165,8.146442863,9.788275798,8.913071905,8.907635322,6.009605388,11.24819163,8.070441471,8.011698932,0.617859313,2.94744966,1.74833184,1.680257796,0,2.619058186,0.986582299,0.882182293,0,3.203303871,1.106491123,0.895370295,0,2.738734129,0.980035071,0.823145869,-0.603991975,0.752008131,0.13222034,-0.00071355,-0.301164855,0.352087562,0.072919008,-0.000189087,-2.372533826,2.074488199,0.316500885,0.0001029,-0.877078206,0.974889025,0.143645896,-0.000138809,-2.331216525,1.997140561,0.261441937,0.00167324,-1.05823399,0.89762035,0.127968341,0.000268494,-0.287186993,0.263548345,0.063233429,-0.000111804,-0.146760551,0.132998151,0.037682794,1.12E-06,-0.876277543,1.004225651,0.166990898,-0.000269151,-0.489313021,0.434299829,0.09201503,0.000127894,-0.498791098,0.426065589,0.09013871,0.000238655,-0.245909307,0.266806836,0.052960528,-2.05E-05,-0.234218905,0.248562469,0.034629904,8.00E-05,-0.052977419,0.129426306,0.009794905,-2.81E-05,-0.330931232,0.371489763,0.040693301,-9.30E-05,-0.08798254,0.339322266,0.012523139,5.10E-05,-0.262625788,0.255202328,0.040504011,9.79E-05,-0.059980265,0.207676013,0.012350841,-3.79E-05
433,H,0,0.021491106,1,0.570569912,0.548786504,0,10.74769742,8.123424377,7.576017853,2.26E-05,10.39408086,2.101116518,1.274299916,0.513093488,11.05866941,6.122011512,5.888274887,0.336245229,10.26805451,4.697663391,4.299510309,0.21471646,10.1857396,4.97182145,4.71852238,0.009184723,9.501269534,2.448087679,2.055016186,0,10.42348012,3.28773965,2.511043736,0.016662511,9.383837497,2.14128747,1.695723487,-0.639369723,0.565488593,0.112862025,-0.001227795,-0.301903374,0.290162547,0.054703164,5.63E-05,-2.797597097,2.421724692,0.32407137,-0.00043838,-0.8909042,1.262592916,0.145791842,0.000542128,-2.226058561,2.002029304,0.273924172,3.98E-05,-1.113259518,0.979737476,0.145868702,-4.13E-05,-2.162584397,1.826931221,0.448736429,-0.001262764,-0.867200942,1.206899336,0.256685168,-0.000481313,-2.112961694,1.963093253,0.33107384,-0.000942694,-1.123495182,1.225719873,0.188024517,0.000336839,-1.606122942,2.589046757,0.359156043,0.000923301,-1.012731034,1.232688038,0.213425875,0.000429775,-0.579667045,0.568800567,0.080220983,0.000434424,-0.129388684,0.309337764,0.02121424,5.66E-05,-0.800664738,0.867810912,0.135813757,-0.000817235,-0.187186788,0.394010228,0.033859578,-3.03E-05,-0.857356384,0.558242873,0.091610808,0.000723471,-0.144698982,0.360910344,0.028105505,6.55E-05
433,H,1,0.006079177,0.834616335,0.51211312,0.490578572,0,10.77054591,8.274425436,7.802180058,0.000353488,11.08244297,2.803408647,1.707197931,0.447723631,10.99783869,6.076655297,5.86137037,0.051240989,11.59573621,4.50336534,4.083208354,0.21471646,10.56828019,5.346115637,5.068228838,0,10.24090568,3.026001442,2.20079735,0.001495151,11.41644053,3.492879093,2.559317796,0.014075265,10.24323111,2.742533151,1.812940215,-0.639369723,0.657559595,0.118079577,-0.000656754,-0.296222699,0.268284834,0.058520061,-9.23E-05,-2.797597097,2.421724692,0.316600579,-0.00096493,-0.8909042,1.262592916,0.143674927,0.000332192,-2.226058561,2.023948205,0.36281202,-7.39E-05,-1.113259518,1.098704242,0.187159128,1.40E-05,-2.289992963,1.894093175,0.442273294,-0.001571967,-1.157714748,1.186468668,0.262833473,-4.60E-05,-1.885382613,1.799330592,0.327467558,0.000366836,-1.079273573,0.951243266,0.188347765,-6.32E-05,-1.861319773,2.275568044,0.369027443,-0.000503171,-1.130777657,1.100610386,0.216772402,0.000448496,-0.768305157,0.686176169,0.119351214,0.000734006,-0.169708619,0.387348923,0.028450835,4.55E-05,-0.841172408,1.015620523,0.148389914,0.0003261,-0.20377736,0.434779175,0.041359127,-3.22E-05,-0.857356384,0.673481995,0.128718361,0.000803888,-0.172197769,0.394599694,0.032729102,4.97E-05
433,H,2,0.006079177,0.755617231,0.536793059,0.515948732,0.591141602,10.77054591,8.43334846,8.012288978,0,11.08244297,2.26747069,1.309413921,0,10.99783869,6.129109986,5.883074183,0,11.59573621,4.084863171,3.499833471,0.419659481,10.56828019,5.862351762,5.604951561,0,10.24090568,2.884284981,1.939776773,0.008291406,11.41644053,3.17435693,2.239400198,0,10.24323111,2.641505812,1.621474062,-0.845871191,0.657559595,0.110699991,0.00013358,-0.296222699,0.268284834,0.055748041,-0.000183615,-2.2001749,2.405136325,0.314152607,-0.002269377,-0.834017344,1.020043289,0.139535084,0.000263355,-2.124306657,2.023948205,0.310452657,5.45E-05,-0.926865219,1.098704242,0.165939188,1.12E-05,-2.289992963,1.894093175,0.439626511,-0.000198251,-1.157714748,1.186468668,0.260864443,0.000383536,-1.860508631,1.799330592,0.334947907,0.001732904,-1.008809613,0.951243266,0.189291449,-0.000144112,-1.861319773,2.275568044,0.372369653,-0.001368692,-1.130777657,1.100610386,0.221947621,0.000313399,-0.768305157,0.686176169,0.116324171,0.000480619,-0.169708619,0.387348923,0.026149846,2.43E-05,-0.841172408,1.015620523,0.131310441,0.00126119,-0.20377736,0.434779175,0.036491535,9.23E-05,-0.770840685,0.673481995,0.121880197,0.000318652,-0.172197769,0.394599694,0.029279462,1.80E-05
433,L,0,0.309123542,1,0.729357985,0.719269208,0.11915424,10.62293678,7.938236869,7.495305027,1.60E-05,10.89345305,1.894318876,1.064018465,0,10.83482386,5.84452735,5.543278028,1.011944958,10.98943078,4.968397382,4.6330756,1.795343474,9.487816247,5.753066423,5.577911677,0.006502866,4.697250334,1.84154167,1.617922986,0.044467221,10.30379952,3.006692989,2.358613142,0,3.485301607,1.326583582,1.052511169,-0.432347844,0.601688144,0.090694848,-0.000222134,-0.215812481,0.23279075,0.047883137,9.55E-06,-2.47441881,2.255354726,0.32821198,-0.000145583,-0.907545831,1.082346567,0.147463947,0.000318891,-2.779173345,2.38184231,0.277841602,0.000106675,-1.213609632,1.105849296,0.137837768,2.78E-06,-2.601295129,1.859041518,0.432217519,0.000870422,-0.983548092,1.191807964,0.246338521,4.48E-05,-2.048572802,2.207772021,0.334950146,-0.00045693,-1.44055864,0.998230809,0.187893375,-0.000263167,-1.565531394,1.401567397,0.30882725,0.001032987,-0.848638138,1.105920954,0.181541712,0.000407539,-0.258070423,0.247245221,0.041674189,0.000233169,-0.053338872,0.175097151,0.011720467,-3.49E-06,-0.522321049,0.527843901,0.086602922,0.001209113,-0.109494833,0.325639654,0.023239737,-2.20E-05,-0.329503541,0.241970728,0.049131209,-0.0002292,-0.06000406,0.16000679,0.014594755,1.72E-05
433,L,1,0.385390935,0.922681302,0.743496801,0.736859172,0.14125693,10.37262216,8.514441807,8.195071365,8.46E-05,10.89345305,1.684137334,1.010233004,0.319966115,10.5802121,5.387157641,5.130461944,1.011944958,10.5531266,4.80738929,4.616755293,1.795343474,9.691073522,5.659832199,5.47833019,0.006502866,5.816399862,1.875300203,1.531226422,0.021039018,7.440868546,2.729444406,2.248647226,0,5.439302313,1.48489101,1.049888439,-0.447536772,0.601688144,0.088185785,-0.000348536,-0.215894336,0.23279075,0.04742461,8.26E-06,-2.652673866,2.295511675,0.292749943,0.000264109,-0.963954706,1.101219717,0.130891968,0.000307098,-2.655034239,2.38184231,0.229300737,-0.000678923,-0.916435825,1.058880638,0.117432224,2.96E-06,-1.985605699,1.810847109,0.395709476,-0.001575774,-0.962583899,1.016354152,0.229368149,-0.000139548,-2.047295871,1.699896503,0.29742694,0.000140448,-1.217167644,1.083893292,0.174778839,-9.74E-05,-1.712899181,1.522260157,0.285689681,-6.88E-05,-0.898327776,1.105920954,0.168774973,0.000456766,-0.510010588,0.362918483,0.052290689,-0.000604594,-0.11371584,0.26438589,0.013742037,-8.80E-06,-0.611873431,0.527843901,0.094996354,-0.001335508,-0.109494833,0.377924608,0.023528941,1.71E-05,-0.465236485,0.317957429,0.059605496,-0.000147679,-0.116403978,0.287370927,0.016053685,-1.93E-05
433,L,2,0,0.922681302,0.735282018,0.722850652,0,10.45310947,8.197323155,7.832664219,3.86E-05,4.028074739,0.778244262,0.537201923,0.319966115,10.70417753,5.46104411,5.187698616,0,10.61021144,4.74880268,4.501351623,0,10.3727055,5.699491756,5.505264057,0,10.97224874,2.538336011,1.86493382,0,11.27962459,2.991993104,2.230099847,0.016762293,10.95552489,2.196423303,1.479260481,-0.657772824,0.497192845,0.09902475,-0.000452545,-0.26939103,0.219687263,0.051405884,-8.60E-06,-2.652673866,2.710362594,0.305662165,3.56E-05,-1.030765033,1.16642067,0.138878044,0.000380043,-0.811827247,0.893595114,0.132193371,1.06E-05,-0.554640348,0.462258562,0.082628916,1.30E-05,-1.584585955,2.150489775,0.416498425,-0.000704423,-1.028342247,1.056456157,0.24805371,1.60E-05,-2.13185911,1.699896503,0.335328487,0.000287779,-1.127302247,1.083893292,0.190679574,-5.05E-05,-1.712899181,2.727519639,0.314632945,-0.000526149,-1.533496277,1.042419766,0.187456344,0.0002897,-0.885998058,0.732785406,0.086178508,0.000189566,-0.12329764,0.26438589,0.018827118,-4.89E-06,-0.611873431,0.599073187,0.111677746,-6.54E-05,-0.133846831,0.441408476,0.028399778,1.53E-06,-0.939974624,0.713571478,0.091332861,0.000321262,-0.122399801,0.349120762,0.022397278,-2.99E-05
433,M,0,0,1,0.735360827,0.714413623,0,10.41609574,7.765838921,7.188086457,0.00042588,3.56956302,1.20191122,0.998627467,0,9.699283723,5.741951336,5.559392934,0.644404293,10.30922741,4.979941085,4.690049895,0.066725187,10.17071889,5.096844231,4.726430375,0,10.6104275,2.768994631,2.13283697,0.05533812,10.73129208,3.09010684,2.326832271,0.06177795,10.61366616,2.702679674,1.994217084,-0.847235055,0.972409597,0.138377282,0.000425701,-0.423054547,0.367130468,0.074514722,2.51E-05,-2.304445743,1.956349155,0.302631434,0.000369198,-0.743050762,1.123033837,0.1288462,0.00034393,-0.665690532,0.750499573,0.144305375,2.87E-05,-0.467214988,0.393911437,0.088463037,-2.90E-06,-2.281449849,1.787631095,0.311134344,-4.49E-05,-0.88348773,1.121946169,0.174876307,0.00023285,-2.27794952,2.08082084,0.282636721,-0.000194648,-1.444109657,1.037970523,0.169500531,-0.000135606,-1.777365505,1.626768275,0.325384019,0.001205652,-0.92956168,1.183422325,0.201551412,0.000191822,-0.481406339,0.687645405,0.071957702,0.000136259,-0.12259582,0.183083694,0.017639234,6.53E-06,-0.708772262,0.826564152,0.116807382,0.001022563,-0.169593628,0.563892467,0.034559528,-2.89E-05,-0.480203005,0.721968652,0.074419217,-0.000278658,-0.129907299,0.231150991,0.020527013,2.27E-05
433,M,1,0.210707126,0.96081813,0.780156342,0.766455961,0.694128515,10.41609574,8.56639272,8.254779034,2.23E-06,10.66169384,1.61751673,1.097890625,2.071312317,10.62766685,5.663209538,5.505254108,0.644404293,10.30922741,4.498395466,4.242029288,0.066725187,9.254988021,5.450849605,5.209774599,0,6.655496946,2.429779205,2.06744276,0.039087993,9.845931586,3.990070906,3.122788396,0.062790652,5.799039064,1.892584925,1.448476968,-0.910825687,0.972409597,0.134719992,-0.000590793,-0.377238829,0.457010134,0.073875187,-4.16E-05,-2.09624582,1.956349155,0.240245789,-0.000248888,-0.680064135,1.123033837,0.102818777,0.000320767,-1.516392516,1.57128975,0.197180542,-7.40E-07,-0.624161057,0.679668997,0.106944393,1.00E-05,-1.581563933,1.688796947,0.276809296,-0.000512761,-0.738696419,0.666667035,0.162777227,-7.00E-05,-2.194008628,1.535575042,0.258837793,-0.000655443,-1.154860371,0.972261173,0.152467659,-6.54E-05,-1.777365505,1.805779296,0.302013417,0.00046239,-0.900068799,1.088940121,0.182926688,0.000408528,-0.380265792,0.372047883,0.057557907,0.000576143,-0.109530757,0.162434448,0.015716692,-2.69E-05,-0.708772262,1.004843988,0.113854949,0.000230865,-0.197635821,0.577646811,0.035919778,-4.13E-05,-0.365190993,0.420341311,0.057880272,0.000611973,-0.09642472,0.178973074,0.01809041,-2.56E-05
433,M,2,0.224394252,0.937436586,0.766215691,0.752603609,0.694128515,10.39253531,8.454406442,8.119791189,2.23E-06,10.66169384,1.59042437,1.013266018,2.29000909,10.62766685,5.67795945,5.528950672,0.845999749,10.84820886,4.617835022,4.293784051,0.427684647,9.814873101,5.16796179,4.939059487,0.010694259,5.719444821,2.427424536,2.096880726,0,11.04691287,4.027623171,3.278109712,0,5.646474156,1.873690387,1.421011777,-0.910825687,0.589808023,0.127476903,-0.000949718,-0.378091008,0.457010134,0.070875884,1.31E-06,-2.24828178,2.169494203,0.248204056,-0.001993174,-0.733448754,0.863304466,0.10516621,0.00018661,-1.516392516,1.57128975,0.199081272,0.001284077,-0.624161057,0.679668997,0.105912512,0.000165244,-1.581563933,1.688796947,0.269273856,-0.000750228,-0.630295166,0.666667035,0.157433866,-1.34E-05,-2.194008628,1.866211083,0.283133435,0.001058591,-1.154860371,0.972261173,0.161276225,7.08E-05,-1.783457123,1.805779296,0.307731027,-0.001443687,-1.059579292,1.088940121,0.186345121,0.000267138,-0.438765226,0.496469446,0.059059677,-0.000130661,-0.138360496,0.308154019,0.018044503,-1.67E-05,-0.687053653,1.004843988,0.112672454,-0.000193576,-0.197635821,0.577646811,0.034868279,-3.40E-05,-0.680605938,0.55943988,0.063275994,-0.000134398,-0.15690187,0.539074244,0.024048438,-2.23E-05
434,H,0,0.0464158,1,0.26028219,0.233298271,0,11.5351468,8.559147474,8.152685421,0,12.27609551,2.332107747,1.255561416,0,11.71849281,6.009538492,5.707096566,0,11.54209031,5.795310904,5.463352512,0,11.96076106,5.959509605,5.531076527,0.009325393,11.57266849,3.396185734,2.843784236,0,11.57206272,2.40361223,1.726106794,0.011905249,11.37052829,2.847589189,2.20507385,-0.491112448,0.481069889,0.09477295,-0.00033477,-0.247540938,0.202788887,0.049193586,-3.19E-05,-3.060911312,2.379298788,0.451993787,-0.002483171,-1.174305392,1.368253772,0.20600222,-0.00012038,-2.348261889,2.490237518,0.25962704,0.000401716,-1.593063396,1.065289648,0.135624974,-2.21E-05,-1.629817963,1.733157749,0.413248393,0.000136318,-0.842547508,0.998708125,0.239678544,-0.000338295,-2.05947548,2.388714675,0.42291974,0.000393771,-1.371576998,1.175316681,0.229818997,0.000571812,-2.862086831,2.229459416,0.460709026,-0.00071902,-1.264095331,1.310451118,0.259037625,4.51E-05,-0.970495211,0.653969905,0.091416516,5.43E-05,-0.228060908,0.368088625,0.022771373,-3.26E-06,-0.643596572,0.739507506,0.079164,0.000193772,-0.123142386,0.19807588,0.017889574,-1.93E-05,-1.583438017,0.950857444,0.109213566,-0.000242605,-0.3635056,0.445530362,0.030900979,1.36E-05
434,H,1,0.0464158,0.354115522,0.199930427,0.190797978,0,11.79263833,8.822323943,8.466453938,0,7.100565594,1.280381522,0.816524115,0.764018198,10.95726036,6.728005629,6.529482632,0.77281842,11.54209031,5.502359565,5.228890579,0.189436282,11.29985575,6.074800572,5.742195302,0,4.686621194,1.613696741,1.334367208,0,4.756901326,1.324304877,0.927947059,0,3.705661569,1.167548992,0.889374415,-0.478484957,0.561305595,0.086346705,-9.88E-05,-0.317795335,0.300860644,0.050334234,2.57E-05,-2.955678367,2.379298788,0.443702822,-0.001616706,-1.044982228,1.368253772,0.196723788,-0.000102025,-1.524794413,1.723344022,0.181836278,0.000120358,-0.668604903,0.724331266,0.097839147,2.66E-05,-1.509606168,1.733157749,0.351513346,-3.76E-05,-0.842547508,0.904550467,0.206195938,-0.000126321,-2.199878528,2.388714675,0.388510389,0.001649692,-1.219780627,1.175316681,0.209640909,-1.90E-06,-2.862086831,2.229459416,0.440663635,-0.001205097,-1.264095331,1.310451118,0.241926457,0.000266622,-0.203240573,0.255036246,0.035311782,-0.000382589,-0.059725029,0.16811883,0.011679065,1.10E-05,-0.263163904,0.202041359,0.033735899,-0.000373881,-0.053851921,0.130921501,0.009338322,1.04E-05,-0.306669682,0.434288136,0.048672633,-0.000136624,-0.089887518,0.238891256,0.017025532,-9.27E-07
434,H,2,0.072152202,0.338216227,0.19875113,0.192330205,0.13404169,11.79263833,8.811493167,8.513949402,4.61E-06,7.967242427,0.786217656,0.591323002,1.248063465,10.90599685,6.377120872,6.127673463,1.616574626,11.09117591,5.164307972,4.915386662,0.820506895,11.61599062,6.197837294,5.903110694,0,3.425567843,1.547234035,1.276520207,0.00729173,2.454203702,1.027258224,0.820505037,0,3.710372426,1.407434072,1.066198427,-0.478484957,0.561305595,0.089221148,8.15E-05,-0.317795335,0.300860644,0.05322634,4.93E-05,-2.701981569,2.165109218,0.399751407,0.002689441,-0.929338784,1.23651538,0.177410518,-1.12E-06,-1.427434221,2.084708949,0.147895924,-2.61E-05,-0.832906546,0.798492503,0.086534941,1.17E-06,-1.396210598,1.341912816,0.332984702,0.00050577,-0.729992952,0.859475563,0.194952835,0.00012201,-2.227204005,1.937887429,0.3472821,-0.001614203,-1.355932808,1.155715358,0.190498049,9.23E-05,-2.105039831,2.665606912,0.384584915,0.001129563,-1.252628796,1.355197061,0.21483307,5.33E-06,-0.243201371,0.384070194,0.038579232,0.00011948,-0.088961748,0.183931782,0.013667922,8.51E-06,-0.247541507,0.28622763,0.039090555,-0.000304185,-0.067988284,0.221841234,0.013105185,1.25E-05,-0.322739538,0.477237188,0.045203612,0.000545969,-0.109348644,0.351024393,0.018275027,2.40E-06
434,L,0,0,1,0.432881559,0.425363454,0,33.46663343,9.15092126,8.586661858,6.95E-05,12.07996108,1.76522908,0.998581293,0,39.82078529,3.582289708,2.55401596,0,30.90628846,7.703407447,7.460868104,0.08668504,40.15239796,2.615907692,1.326609229,0,36.08770972,5.264914046,3.644087229,0,20.05125655,4.004202664,3.008485805,0.071075372,33.53702649,4.395986618,2.561535947,-4.522057155,6.278808045,0.293639584,-0.000484003,-3.366867749,2.620543807,0.139742154,-0.000623078,-2.749618213,3.411986014,0.496972154,-0.004609083,-1.556411513,1.584954969,0.22741506,-0.000579186,-2.850304978,2.809865803,0.276995587,-0.001122999,-0.955640554,1.130747555,0.147356247,-0.000302763,-5.19066648,2.410265227,0.198012169,-0.002179208,-2.237594599,2.102642202,0.088236293,-0.001119197,-1.843927874,6.063281262,0.393323189,0.000965634,-1.736531854,2.326462717,0.200630156,0.000412288,-7.167529512,3.075430387,0.270082982,-0.001675272,-2.787700229,2.749620403,0.121660349,-0.001002823,-0.890903211,0.757044132,0.112642926,0.001810782,-0.292185011,0.287660119,0.028520926,-1.43E-05,-1.122916389,1.031635234,0.120661279,-0.001473804,-0.31786466,0.795917897,0.037440881,0.000101161,-0.661115925,0.887126501,0.114078776,0.00266397,-0.440885105,0.459470918,0.03599567,-0.00010061
434,L,1,0.250576705,0.554931895,0.383240611,0.379578362,0.28426186,11.980057,9.140631838,8.769607139,0.001039656,12.07996108,1.416796018,0.878431489,1.504261329,2.967912919,2.258708917,2.249772572,4.420413844,11.64797535,7.262133693,7.146733506,0,2.369658339,1.224055811,1.148130649,0.059932955,6.606270988,2.952303797,2.538330352,0,8.047554754,3.099119965,2.50870131,0,6.283641038,1.908030628,1.486391532,-0.338527055,0.357735572,0.069408755,-0.000136747,-0.208485059,0.197505851,0.039909289,2.94E-05,-2.648086646,2.108623397,0.427928384,-0.000527703,-0.933404222,1.326874984,0.191389055,0.000123634,-2.850304978,2.809865803,0.268622791,-0.000322674,-0.955640554,1.130747555,0.141921769,-4.47E-05,-0.154330016,0.242769362,0.040148872,9.29E-07,-0.096387626,0.101644237,0.023552699,-1.06E-05,-1.807316483,1.418022313,0.26266782,-0.000171374,-0.977413244,0.746079038,0.14056223,-2.24E-05,-0.451421315,0.363289518,0.081650875,3.51E-05,-0.229860952,0.223186314,0.045737093,6.65E-05,-0.378730158,0.515425898,0.073967956,0.001479671,-0.114835547,0.179816673,0.01949356,2.85E-05,-0.687011236,0.665765551,0.089547236,0.001754156,-0.133941299,0.416760626,0.02427134,4.92E-05,-0.574865143,0.544494158,0.074633103,0.000470776,-0.14513099,0.343959898,0.02412042,-2.26E-05
434,L,2,0.211814163,0.523656323,0.374303451,0.37039239,0.003588106,12.01778507,8.994371961,8.642961872,0,11.49649064,1.127590651,0.832759134,1.534515326,2.967912919,2.221238965,2.213573343,4.170185379,12.01199745,7.120065946,6.994346131,0,2.339540262,1.297004845,1.215887447,0.124250414,8.051891124,3.20850095,2.697737704,0.008296462,10.1321405,3.523344129,2.777827422,0,6.308436703,1.851286017,1.450200926,-0.393239867,0.357735572,0.068096778,0.000192323,-0.233531882,0.211613847,0.03942903,2.72E-05,-2.648086646,1.904689661,0.417375529,-0.0001792,-0.933404222,1.274506842,0.184690694,0.000251531,-2.133526714,2.67574487,0.214007443,0.000303751,-1.081979494,0.868400298,0.125959791,9.27E-05,-0.145676145,0.242769362,0.04064308,7.20E-05,-0.103803095,0.115273911,0.023998837,-2.87E-05,-1.497224205,1.342532383,0.255144747,-0.000576371,-0.977413244,0.624654903,0.135764494,-0.000195412,-0.398964922,0.366042411,0.077786528,-1.41E-05,-0.199341907,0.191130419,0.043895109,6.53E-05,-0.288488257,0.509474689,0.06361661,-0.000216774,-0.096503913,0.156608253,0.018534126,-3.94E-05,-0.466876566,0.665765551,0.081286572,0.000621985,-0.111849212,0.316598105,0.021693371,-6.35E-05,-0.374054005,0.322709444,0.059891996,-0.000542874,-0.070411823,0.110539581,0.019965304,-1.51E-05
434,M,0,0.128546511,1,0.315034486,0.297487448,0,11.51244113,8.094163453,7.632785302,0,11.82543041,1.342878471,0.790084289,0,10.89373805,5.944472454,5.719611731,0.667225307,11.08298916,5.321069938,4.967100652,0,10.42998902,5.667839999,5.351961454,0.028788396,12.41705722,3.00946393,2.596740022,0.015353547,12.02776268,2.865226255,2.054829392,0,12.40379114,3.258166875,2.70322243,-0.582364393,0.930473309,0.120140789,-0.000451336,-0.317531855,0.341024297,0.064298747,-0.000151937,-2.416959263,2.255955956,0.472581453,0.0015985,-0.846708986,1.438557645,0.203013099,-0.00011425,-2.201712303,2.286341251,0.249777615,0.000885373,-0.788682184,0.95594559,0.131435414,-0.00042942,-1.853889927,2.100954317,0.4203248,-4.36E-05,-0.970546984,1.093839147,0.245540438,-0.000212652,-2.146369503,2.243512529,0.396613447,-0.001123497,-1.294740174,1.087652606,0.208709387,0.000149412,-2.286284173,2.399298755,0.417801828,0.000316546,-1.194520655,1.275118765,0.239032748,0.000430459,-0.958776119,0.970291229,0.099978484,-0.00104655,-0.2361009,0.416101874,0.0283312,-9.92E-05,-1.002527152,0.919848492,0.109015267,0.000432327,-0.243776713,0.460255401,0.031363279,-9.86E-05,-0.858394527,1.338483998,0.140116153,-0.001660244,-0.228140264,0.712591101,0.046911748,-9.27E-05
434,M,1,0.168836922,0.507239091,0.344643488,0.337997987,0.045476877,11.55964282,8.263485023,7.889723762,0.000155251,11.82543041,1.84708362,1.095702555,0.390647167,10.92499789,6.323087312,6.0346165,0,10.31806088,4.988970549,4.629501299,0.648457199,11.28962003,5.835340504,5.505003485,0,6.178139567,2.367215633,2.061170541,0.015353547,5.569664643,1.690526793,1.218691584,0,7.581365049,3.027468111,2.624439097,-0.577678459,0.444294747,0.099941662,0.000392482,-0.234689102,0.305554081,0.055962783,1.91E-05,-2.62797295,2.15390256,0.424296993,0.000204473,-0.892261861,1.186683675,0.183305675,-0.000188204,-2.201712303,2.286341251,0.291293359,-0.000210106,-1.133073017,0.95594559,0.147293321,-8.23E-05,-2.154750081,2.100954317,0.410208626,0.000213759,-1.077800298,1.106745706,0.233087024,-0.000328514,-2.421269674,1.971790708,0.37353544,0.000515649,-1.161800036,0.919602484,0.196862703,0.000175722,-2.356801376,2.733430987,0.39919721,-0.000268865,-1.099038644,1.262283703,0.224804411,2.00E-05,-0.394441043,0.41727399,0.072050543,-0.000340196,-0.115471948,0.290074146,0.020989166,3.68E-05,-0.622858472,0.557215555,0.089889878,5.34E-05,-0.143550796,0.34813568,0.02554627,8.33E-06,-0.631239585,0.621277328,0.094841652,-0.00049909,-0.183846289,0.373410715,0.031680051,4.28E-05
434,M,2,0,0.489415024,0.313167031,0.301044396,0.045476877,11.55964282,8.11522288,7.757697202,7.41E-05,9.469509988,1.496314181,0.831346366,0.390647167,11.37902974,6.324670318,6.064113387,0,11.01752417,4.824921594,4.435582474,0.515100201,11.28962003,6.082853766,5.753077305,0,6.178139567,2.341090254,1.994708537,0,5.208265489,1.684852523,1.224326865,0.002622694,7.581365049,2.98911035,2.490898848,-0.513461846,0.495166056,0.095392347,-0.000461381,-0.271702834,0.278448356,0.054407958,2.06E-05,-2.62797295,2.176148418,0.433340486,0.000893946,-0.892261861,1.177031309,0.18781565,-0.000223524,-2.113022709,1.894309295,0.226757422,-0.000750907,-1.133073017,0.740155883,0.126259855,0.000400868,-2.154750081,1.606498297,0.40782622,0.000244386,-1.077800298,1.106745706,0.232421044,-0.000105495,-2.421269674,1.971790708,0.388621055,-0.000345628,-1.161800036,1.02765951,0.207212009,0.000180278,-2.356801376,2.733430987,0.418021853,0.001007305,-1.259714951,1.262283703,0.234941715,-1.28E-05,-0.390056263,0.307253418,0.061498725,9.29E-05,-0.092158804,0.088666032,0.016739185,4.81E-05,-0.622858472,0.557215555,0.079581092,0.000295525,-0.143550796,0.34813568,0.022877802,0.000115896,-0.458397463,0.448009621,0.07582353,-0.000138073,-0.120454689,0.127058576,0.023459953,-1.29E-05
435,H,0,0.239540985,0.860745757,0.540496025,0.524958669,0.268806467,9.899147577,6.943626098,6.572793682,2.05E-06,9.303171332,1.608148265,0.819225015,0,9.375827807,5.258494914,4.87918682,0.24027857,9.513249742,4.361319107,3.873583085,0,9.836497979,5.7933257,5.513681458,0,8.806557585,3.015129383,2.539428651,0.043508169,6.068604798,2.276630681,1.745566096,0.039750154,9.097307268,2.506687934,1.998551066,-0.782430113,1.011220483,0.155188607,0.000268329,-0.513597959,0.574004984,0.088390566,0.00018535,-1.807522099,1.854993251,0.219727886,0.000831999,-0.674407156,0.615695859,0.093810725,-0.00031878,-1.682279937,2.600291703,0.200305625,0.000738247,-1.227810353,1.15152612,0.09645819,3.23E-05,-1.581281575,1.243229319,0.308063758,-0.00044489,-0.726429213,0.734009685,0.175609205,4.69E-05,-1.713119931,1.540966455,0.247889629,-4.10E-05,-0.730771522,0.936326119,0.132521094,0.00022474,-2.292923951,2.076993643,0.277567688,4.00E-05,-1.062245743,0.945365612,0.162728565,-0.000126433,-0.58981707,0.720265316,0.082133729,-0.001130844,-0.118585116,0.295648991,0.021628976,-7.91E-06,-0.45152005,0.531491672,0.053883975,0.000252137,-0.101545494,0.220749551,0.015096761,8.48E-07,-0.492946439,0.709402437,0.089255799,-0.001417681,-0.123221068,0.489104775,0.026501938,7.09E-06
435,H,1,0.00876049,0.860745757,0.559265719,0.541334856,0,10.18121336,7.552039902,7.187825409,0,9.641893421,1.586654768,0.655561939,0.167369023,10.28667449,5.630404212,5.407521467,0.109156078,8.773610664,3.659975037,3.252541108,0,10.23575655,6.063845833,5.80930627,0,9.713848906,3.557739936,3.042930322,0,6.068604798,2.303257268,1.83327772,0.039750154,9.877254023,3.176445958,2.527728105,-0.744560518,0.757407325,0.165437146,0.000502638,-0.482890452,0.409344392,0.091974297,-1.21E-05,-1.915433764,1.868397791,0.259608226,9.63E-05,-0.678798488,0.70095525,0.109290567,-0.00021385,-1.682279937,2.479604721,0.214169215,0.000926252,-1.206421387,1.15152612,0.102276296,-5.22E-06,-1.745628903,2.102631741,0.313951885,0.000354406,-1.365629577,1.028918371,0.177645839,-0.00021787,-1.884299574,1.902331626,0.273793463,0.000506048,-0.828531939,0.936326119,0.150232878,0.000211117,-2.150260309,2.076993643,0.286261549,-0.000506196,-1.062245743,0.947829109,0.167183957,-6.55E-05,-0.504863255,0.761425587,0.101072235,0.00061937,-0.181899642,0.381315497,0.026325424,4.79E-05,-0.434461022,0.342928315,0.068080628,-7.37E-05,-0.089189353,0.379725553,0.018045762,-2.31E-05,-0.578114976,0.872372105,0.109750015,0.000673185,-0.17570339,0.610138017,0.031305497,6.73E-05
435,H,2,0.00876049,0.924680933,0.552278242,0.533766662,0,10.18121336,7.51662454,7.113853657,0,10.20797496,2.022849075,1.106195865,0.167369023,10.28667449,5.261308838,5.031471769,0.109156078,9.322850231,3.732770157,3.317231109,0.586299562,10.23575655,6.160856878,5.90783789,0.255314377,9.713848906,3.940591931,3.444498317,0,7.172705908,2.590427059,2.119041546,0,9.877254023,3.486937025,2.765149351,-0.750571355,0.757407325,0.169903451,-0.001423016,-0.48627358,0.454307051,0.095967439,-2.67E-05,-1.915433764,1.96554791,0.258659622,-0.002393127,-0.727372259,0.72507827,0.10786397,-0.000243676,-1.958314853,1.759388934,0.221012175,-0.000553344,-0.885669707,0.878759743,0.10582315,-2.49E-05,-1.745628903,2.102631741,0.310856216,0.000350723,-1.365629577,1.028918371,0.175779235,-9.44E-05,-1.884299574,1.902331626,0.272526919,0.000905136,-0.828531939,0.893016282,0.15100649,0.000168366,-2.150260309,1.773306751,0.284783229,-0.001444665,-0.942527813,0.96572602,0.167931299,-5.36E-05,-0.568843057,0.967142451,0.10901453,0.000952861,-0.181899642,0.423706402,0.030808406,4.04E-05,-0.434461022,0.326078891,0.073700685,3.08E-06,-0.089189353,0.379725553,0.019819383,-3.16E-05,-1.209869437,1.05351735,0.131956626,0.00112359,-0.245588487,0.971172492,0.045412456,5.13E-05
435,L,0,0,1,0.444647905,0.420120226,0.21767647,10.47423656,7.553075695,7.202683333,3.25E-05,10.9753714,1.334939465,0.543833423,0,11.25418474,5.787016917,5.388662054,0.46036862,10.79789873,4.47745849,4.022897375,0,9.838894218,5.931285765,5.654352101,0.028072302,10.31993627,4.446717684,3.494683878,0,10.93836116,3.86472938,2.655045808,0.029515508,10.94815615,3.481713184,2.538324024,-0.556246675,0.633475478,0.125253032,-1.30E-05,-0.362902888,0.295430133,0.067976284,-0.000127078,-2.284061523,1.784762459,0.249305735,-0.000104175,-0.812327339,0.889684229,0.107624252,-0.000273001,-2.537864546,1.85283316,0.171967793,-0.000150804,-1.060813474,0.904444026,0.083781762,3.29E-05,-1.6394024,1.754184693,0.374927012,-0.000584328,-0.89328295,0.937192042,0.218301821,-1.09E-05,-2.10625112,1.677664936,0.299430175,0.000164782,-1.387886822,1.155294898,0.164557989,0.000332858,-1.890788901,1.88653659,0.313976989,0.000397028,-1.036016472,0.923332074,0.182575192,-0.000172772,-0.370302576,0.824345523,0.087072883,-0.000664257,-0.149482681,0.201348964,0.019998988,9.12E-05,-0.414428638,0.430584734,0.066666948,-0.000126716,-0.092336083,0.304099771,0.016655837,-8.56E-05,-0.778778819,0.932847716,0.107925861,-0.000792169,-0.190962554,0.58084066,0.027788717,0.000138945
435,L,1,0,0.62071369,0.439697253,0.423135922,0.463894115,10.67069911,8.330614994,8.095677234,1.23E-07,10.9753714,2.382508802,1.363691235,0.145072406,10.79279815,5.333859972,5.018256647,0.225851497,10.79789873,4.047413509,3.746666786,0,10.82348045,6.338249215,6.087629728,0.028072302,10.31993627,4.162294188,3.40998824,0,10.93836116,4.205551899,2.989293962,0,10.31336702,2.588532755,2.072834044,-0.660840314,0.610073403,0.117503163,0.000684254,-0.268289984,0.387233498,0.064530553,-1.15E-05,-2.284061523,1.842164491,0.228419567,-0.000293633,-0.812327339,1.143830297,0.1045766,-0.000142743,-2.537864546,1.85283316,0.200305065,5.85E-07,-1.060813474,0.904444026,0.09280168,-2.82E-06,-1.527270019,1.807538124,0.35247636,0.000601817,-0.759280463,0.937192042,0.213307862,4.35E-05,-2.10625112,1.677664936,0.264111117,0.000188439,-1.387886822,1.155294898,0.145900001,0.000205778,-2.293284119,1.88653659,0.306557592,0.000328365,-1.036016472,1.241506012,0.17765918,-0.000233917,-0.463453849,0.623261157,0.063617015,0.000251217,-0.114021733,0.442711508,0.018829739,1.31E-05,-0.414428638,0.430584734,0.062907716,0.000215695,-0.069008596,0.304099771,0.014307797,1.48E-06,-0.778778819,0.732746256,0.082492519,0.000161349,-0.190962554,0.58084066,0.026800145,1.83E-05
435,L,2,0.092077146,0.62071369,0.475460629,0.462980644,0,10.67069911,8.610741607,8.470910775,1.23E-07,8.779566709,2.005617699,1.020101239,0.011845508,9.07052991,4.884076326,4.659590005,0.225851497,10.11330657,3.855100039,3.624988113,0.38530102,10.82348045,6.476898823,6.268530768,0,6.875089488,2.791072243,2.533935344,0.009051017,8.304085038,2.779636611,2.135068174,0,5.080712096,1.873555845,1.655115569,-0.660840314,0.610073403,0.104864714,0.000219509,-0.268289984,0.387233498,0.059224273,-4.96E-05,-2.201886858,1.842164491,0.204734767,0.000171743,-0.741730214,1.143830297,0.097106176,-9.52E-05,-1.329447254,1.358131819,0.140562255,-2.22E-05,-0.736499373,0.577969391,0.071147742,-1.32E-06,-1.430665712,1.807538124,0.344995825,0.000205839,-1.053949769,0.857832802,0.208434332,-0.000144418,-1.821748328,1.812530732,0.246431658,0.000172637,-0.874588993,0.865293655,0.138084464,-3.03E-05,-2.293284119,1.95634617,0.302312337,-0.000162402,-0.97952615,1.241506012,0.172972327,6.90E-05,-0.463453849,0.623261157,0.046803705,-2.31E-05,-0.114021733,0.442711508,0.015628383,1.70E-05,-0.264463435,0.32473066,0.047738712,0.000565244,-0.037103138,0.139473057,0.010946569,1.09E-05,-0.552995287,0.714401116,0.052302385,-0.000480925,-0.132353624,0.533322602,0.019026549,1.20E-05
435,M,0,0.085917536,1,0.552848105,0.530356244,0,10.4172069,7.479785029,7.161302159,0,8.580070978,2.966373947,1.887909379,0,10.71894514,5.518129442,5.184684489,0,9.998646606,4.78827578,4.504338799,0,10.70920319,6.489358814,6.201786775,0,11.0348688,3.162208338,2.690545652,0.002730601,10.97113696,2.527090541,1.994846468,0.022147386,10.43353245,3.411933753,2.683086582,-0.9802793,0.836682201,0.142734583,0.000702582,-0.352403964,0.475446889,0.077600265,-7.49E-05,-2.477775992,1.765525417,0.231330547,0.000908312,-0.836057071,0.915907412,0.100216454,-0.000126918,-1.791642532,2.074360159,0.237069918,0.000257067,-0.81070388,0.873970096,0.109165467,-7.66E-05,-1.720197101,1.609156678,0.387763285,1.65E-05,-0.927702314,0.951557599,0.228215164,-6.53E-06,-1.852140409,2.12730236,0.254229906,0.000316014,-0.950667842,0.87314112,0.141254494,0.000315851,-2.332897995,2.240377022,0.295732749,-1.56E-05,-1.071856901,1.133651984,0.174559558,-0.000138333,-0.446477291,0.590940884,0.060625531,-0.000651612,-0.122879111,0.204348568,0.014088172,2.46E-05,-0.702533758,0.737930115,0.065896839,-0.0008114,-0.145761071,0.161106154,0.013144642,-1.04E-06,-0.480550853,0.807481267,0.08821822,0.000113448,-0.131718656,0.265566794,0.021504156,9.65E-05
435,M,1,0.031317852,0.910785714,0.561032794,0.535930585,0,10.4172069,7.945290112,7.676713154,1.92E-05,8.580070978,2.844101362,1.699725518,0.880035117,10.30513167,5.738026734,5.493831465,0,9.426641509,4.558722031,4.258072171,0,10.70920319,6.588477289,6.320188587,0.006263018,6.243445623,2.906974794,2.470505288,0.004673594,6.17174222,2.27217685,1.840670962,0.035190816,8.382584809,3.197149242,2.455698212,-0.9802793,0.836682201,0.13607933,-0.001152235,-0.437462429,0.475446889,0.075869795,-1.16E-05,-2.477775992,2.357248829,0.240297707,-0.000706975,-0.836057071,0.915907412,0.104856764,-0.000150545,-1.791642532,1.852276914,0.204177129,-0.0006655,-0.750405991,0.776228989,0.095480654,-0.000240179,-1.720197101,1.579190433,0.367458774,-0.000614053,-0.898798552,0.951557599,0.217133269,-0.000291326,-1.852140409,2.12730236,0.255043474,-0.0007929,-0.950667842,0.87314112,0.142136615,4.80E-05,-2.332897995,2.240377022,0.29707869,0.000911793,-1.071856901,1.133651984,0.175055436,-9.26E-05,-0.35377161,0.559950526,0.056543155,-0.001197908,-0.10563186,0.204348568,0.013757949,4.62E-05,-0.231674939,0.292602132,0.041578346,-0.001444177,-0.063707391,0.161106154,0.010441042,3.29E-05,-0.469441262,0.840428123,0.095238134,-0.0002793,-0.156724184,0.535929677,0.024566078,3.17E-05
435,M,2,0,0.768342348,0.451986645,0.431706676,0.09724012,9.955047695,7.729841206,7.49943559,1.92E-05,5.572365436,0.452871545,0.246621715,0.700769366,10.22172611,6.131880819,5.866516515,0.937503322,10.13116414,4.067981711,3.773392515,1.203413388,10.1356197,7.058375357,6.871900354,0.006263018,6.538070632,2.42890074,1.98027196,0,5.398926747,2.256075968,1.799919312,0,8.382584809,2.331032796,1.614746395,-0.910010971,0.738922624,0.141865038,-0.000637892,-0.561815643,0.566297022,0.080107493,5.36E-05,-2.259691246,2.357248829,0.224588253,-0.000520826,-0.83569921,0.887828335,0.0976936,-0.000153439,-0.31954354,0.595904751,0.084531875,0.001504147,-0.188034464,0.260735129,0.054494249,-2.20E-05,-1.902751845,1.714102595,0.374186347,0.000203304,-0.868069228,1.166074221,0.220368898,-0.000192806,-1.642142377,1.502453984,0.245567903,-0.000433679,-0.766215116,0.841250956,0.137037016,7.25E-05,-1.963798231,2.617755926,0.296543624,0.000266159,-1.165827579,1.461562433,0.179656453,-2.78E-05,-0.35377161,0.502472429,0.060052388,0.000254799,-0.10563186,0.110458074,0.013116156,3.42E-05,-0.249124255,0.200460722,0.040346002,0.000228237,-0.063707391,0.151915373,0.010628978,1.56E-05,-0.414323957,0.840428123,0.093668137,0.000243623,-0.156724184,0.535929677,0.025220222,4.33E-05
437,H,0,0.238298147,1,0.625741555,0.609989523,0,13.26497221,9.40567313,8.873521876,0,13.63911205,1.362792658,0.509617142,0,13.06175277,8.167339531,7.836514006,0,12.50329335,5.706200416,5.221159271,0,13.59625074,7.65984474,7.363823836,0.057130046,13.64510061,3.740617487,2.589258961,0,13.49956292,3.833581184,2.622046212,0.006715818,13.64510061,2.815694044,1.530772745,-1.022346526,1.174794843,0.182688556,-0.00087074,-0.5625978,0.553028355,0.092739649,-0.00019052,-2.360670965,2.43042676,0.347795604,0.001163822,-0.825826704,1.371651716,0.155819049,-0.000324905,-3.433002266,2.238288035,0.274225585,-1.40E-05,-1.255964239,1.416201713,0.138836596,-3.51E-05,-1.789971155,1.886376062,0.417383055,0.000256834,-1.114639668,0.999678643,0.232697065,0.000201314,-2.174225226,2.072740829,0.430320829,-0.001413552,-1.372270237,1.219364236,0.238404251,0.000220436,-2.156330978,2.187224244,0.38663702,0.001413188,-1.093201647,1.389778629,0.219094008,-0.000277886,-0.497293283,0.829321809,0.085307138,-0.001377972,-0.155024134,0.181318927,0.01980922,1.22E-05,-0.607243966,0.726963931,0.122389651,-0.001580744,-0.134513854,0.367602558,0.029353106,-2.22E-05,-0.486299846,0.857078056,0.07661698,-0.000859236,-0.15853763,0.18162502,0.020932945,3.22E-05
437,H,1,0.238298147,1,0.651017272,0.636051286,0.457192695,13.26497221,9.802302411,9.452629414,2.31E-07,13.63911205,1.172432694,0.406627797,1.314036592,12.79324066,7.317021831,7.05564551,0,12.50329335,5.292255455,4.880720007,0,13.59625074,7.81620181,7.555804228,0.057130046,13.64510061,3.702342049,2.821883187,0,12.3940338,3.559745348,2.647789199,0.006715818,13.64510061,2.918786933,1.812495383,-1.022346526,1.014497093,0.172028831,0.000142661,-0.48822741,0.468607948,0.090280097,-5.93E-05,-2.360670965,2.351421563,0.341815251,-0.002031304,-0.825826704,1.371651716,0.150219505,-0.000168576,-3.433002266,2.238288035,0.237156066,1.70E-05,-1.255964239,1.416201713,0.122096288,2.09E-05,-1.828421514,1.605549074,0.388934492,-0.000531542,-0.855977019,1.041989647,0.228348146,1.55E-05,-2.174225226,2.072740829,0.387082379,0.000562832,-1.372270237,1.219364236,0.216191673,-0.000106774,-2.156330978,1.780861573,0.353985957,-0.000597372,-1.093201647,0.946433758,0.195530023,7.03E-05,-0.497293283,0.829321809,0.076299533,-0.002119264,-0.155024134,0.181318927,0.017814698,-6.56E-06,-0.591410472,0.579492668,0.103840723,-0.001350247,-0.11072509,0.193545375,0.022901287,-2.41E-05,-0.486299846,0.857078056,0.074563781,-0.002136436,-0.15853763,0.18162502,0.020320002,2.58E-05
437,H,2,0.350550968,0.902392754,0.718198677,0.7110969,0.490988704,12.79024045,10.05970654,9.849083485,1.88E-06,5.876958945,0.580388639,0.240332202,1.314036592,12.47461997,7.67917776,7.4245265,1.012581973,11.12158118,5.014601884,4.771380728,2.194435148,11.16299727,7.744878726,7.614823977,0,5.802978146,2.292053236,1.986612465,8.27E-05,8.357459005,2.688900122,2.073719257,0,4.003632038,1.519385917,1.224148884,-0.703401806,1.014497093,0.158222787,0.000781125,-0.48822741,0.366649557,0.085304665,7.45E-05,-1.940413537,2.351421563,0.263240726,-0.000319935,-0.767503251,0.923694379,0.115337873,-2.01E-05,-1.447302769,1.430198778,0.132994154,0.000802633,-0.812000225,0.6676602,0.080046098,-0.000135609,-1.828421514,1.872117232,0.372387558,0.000368595,-0.977563593,1.041989647,0.217907039,0.000149734,-1.396396181,1.702995679,0.291780294,0.000355164,-0.802386697,0.718148477,0.168641272,-0.000392359,-1.67941642,1.272659452,0.282987549,-0.000339304,-0.646184349,0.711741069,0.166022089,0.000318452,-0.29557417,0.315616282,0.052176936,0.000196147,-0.07348871,0.109460922,0.014131627,-9.27E-06,-0.419843945,0.436211586,0.073698867,0.000214492,-0.108565078,0.306009188,0.019254348,-4.40E-05,-0.241445917,0.331152015,0.045246761,0.000153099,-0.066616827,0.097277877,0.015243082,2.23E-05
437,L,0,0.023267608,1,0.495265322,0.476135363,0,9.812265526,7.401875777,7.002259743,5.55E-06,11.59970652,1.705458679,0.651210632,0,11.72640712,8.153655824,8.082449517,0,10.44468691,4.758390905,4.449175217,0,11.58923064,4.796390771,4.67453344,0,5.335471748,1.592304109,1.343511654,0,7.760382115,2.896357202,2.443544147,0.002308302,5.327354124,1.135074787,0.76202095,-0.801710882,1.155241596,0.150428229,0.000618841,-0.576783814,0.486253386,0.079903907,5.64E-05,-1.908963881,1.942690292,0.29716842,0.00041241,-0.77642189,0.798305629,0.126259572,-0.000314411,-1.362420042,1.2407869,0.110870663,-4.54E-05,-0.617186785,0.601351676,0.057140522,4.36E-05,-4.14116615,3.843642489,0.260763494,0.000289108,-2.271656297,2.952923315,0.158045509,-0.000333311,-2.535987009,2.759016845,0.36893861,-8.47E-07,-1.707228355,2.021628496,0.212447357,0.000451943,-4.019290756,4.070657307,0.267814681,0.000420262,-3.006304515,1.850306446,0.162549138,-0.000236196,-0.424955755,0.476390633,0.052107868,-0.000266201,-0.096584633,0.365938876,0.016410832,-5.36E-05,-0.705110336,0.729783646,0.111956822,-0.000466093,-0.147663095,0.491850739,0.035207919,-8.08E-05,-0.377764268,0.510445638,0.051987293,-0.000137512,-0.124925266,0.30310632,0.016473292,-3.12E-05
437,L,1,0.089992893,1,0.441676168,0.429171741,0.212835863,10.04066019,8.271879226,8.072824792,5.38E-06,3.010364812,0.205734127,0.112147615,4.844255896,10.61858592,8.283637443,8.203200111,0.3487475,9.821971501,4.633368034,4.477933156,1.229694024,6.745560666,4.670917762,4.60610293,0,3.165872408,1.023278398,0.872466377,0,6.281477411,1.851373438,1.393664112,0.002308302,2.798893374,0.766071528,0.634517634,-0.692769304,0.535507164,0.1062957,0.000176157,-0.373797984,0.348896093,0.058774582,4.25E-05,-1.742638405,1.824310083,0.219188621,8.62E-05,-0.641785481,0.748157269,0.093497605,-8.17E-05,-0.724555421,0.378962662,0.054003354,0.000115847,-0.296985229,0.255346449,0.034221388,-9.47E-06,-1.074455636,1.213241628,0.200648007,0.000881769,-0.614291712,0.527778305,0.111552243,-5.15E-05,-1.775424102,1.267038143,0.268752162,-0.000228688,-0.807215296,1.020503147,0.161406767,7.45E-05,-0.817413507,0.956443534,0.168007715,0.000241592,-0.534264749,0.533738927,0.099910811,5.61E-05,-0.344233948,0.394565318,0.033242531,-0.000198104,-0.08983554,0.365938876,0.010331145,-1.44E-05,-0.55645012,0.609607742,0.067356694,-0.000767704,-0.143202199,0.478401602,0.020093333,-2.47E-05,-0.314278696,0.297361051,0.025578336,9.28E-05,-0.074959637,0.30310632,0.008863494,-5.42E-06
437,L,2,0.104295984,0.751317691,0.452122811,0.440037111,0.310590876,10.33533015,8.248649037,8.0817348,0,3.010364812,0.279604297,0.130396028,4.765327068,10.54353488,8.177058052,8.089093525,0.128009932,9.254345292,4.445327025,4.252269183,1.455895759,7.158217471,4.68107371,4.617553085,0.001232797,3.315167067,0.954050547,0.783434736,0.012539742,5.060073478,1.526460334,1.113322179,0,2.662477112,0.789186914,0.657454762,-0.710045089,0.535507164,0.106296216,-0.000930565,-0.373797984,0.299077924,0.059303045,3.45E-05,-2.097336824,1.792215349,0.211120476,-0.000111823,-0.632145568,0.674511398,0.086844614,-0.000153588,-0.767718827,0.705900275,0.069986061,5.13E-05,-0.430584481,0.326340148,0.040281011,1.11E-05,-0.975980167,1.213241628,0.203922688,0.000107136,-0.614291712,0.527778305,0.114797181,-0.000124454,-2.190789817,1.200996947,0.265249902,0.000633397,-1.014569796,1.190988808,0.155569156,0.000170774,-0.971933855,1.265741013,0.163508799,7.76E-05,-0.818427242,0.511447597,0.098114232,-3.21E-06,-0.157324431,0.320627581,0.027646361,-8.04E-05,-0.05147261,0.05816019,0.006058266,8.17E-06,-0.291508966,0.5285163,0.055631023,-0.000157472,-0.091911813,0.208058171,0.013992002,3.08E-06,-0.128390883,0.229036105,0.021962788,-5.83E-05,-0.040616949,0.048423423,0.005564565,1.22E-05
437,M,0,0,1,0.756171104,0.737224738,0.110004415,12.20963408,9.30689765,8.971447287,0,12.4796013,1.507151443,0.605932015,0,13.82236448,7.586355629,7.260751523,0.376015281,11.52194524,5.279083677,4.921162795,0,12.18387828,6.980096308,6.676164811,0.144385464,12.19826625,2.977211273,2.350143792,0.009915636,13.39664651,4.439733558,3.368743887,0.044469479,12.18710093,2.370537229,1.71832951,-1.480230399,0.82747216,0.199463224,0.001804367,-0.512485767,0.523677621,0.100347722,-2.05E-05,-2.242877012,2.432869661,0.28605573,0.00070405,-0.83588352,0.926849124,0.124744863,-0.000107825,-3.411436303,2.959874462,0.355601072,0.000343937,-1.579566875,1.450691728,0.188263371,-4.84E-05,-1.957596535,2.196369604,0.388638795,0.002479947,-1.563925858,1.299464415,0.232804844,-0.000474607,-1.442330222,1.871301278,0.32286264,-3.22E-05,-0.792130555,0.775747633,0.184340162,0.000298738,-1.794061231,1.608837722,0.354982114,0.000341996,-0.990108739,1.034062775,0.209294377,-0.000443094,-0.44023719,0.796069615,0.078655762,-0.000460936,-0.122813921,0.374901746,0.023437116,8.10E-05,-0.938563652,1.22564157,0.153913237,0.000186986,-0.221572356,0.657231332,0.045396675,0.000118868,-0.893604395,0.903546242,0.077994021,-0.000703657,-0.212004399,0.837154444,0.027765639,5.18E-05
437,M,1,0.041892158,0.940386719,0.7454142,0.724120241,0,12.53020085,9.584280354,9.378032908,0,12.4796013,1.480981933,0.593435401,2.003869339,12.52764205,7.524625142,7.26943606,0.252899311,12.02661866,4.676581531,4.39254865,0.081397322,12.30194371,7.371657452,7.146732626,0.144385464,7.675984705,2.412176099,2.09008972,0.025770206,11.00643851,4.111532419,3.284170326,0.021025128,6.377691841,1.636896719,1.317834282,-1.480230399,0.864182627,0.194387661,-0.001118958,-0.717778212,0.552948557,0.100816222,-3.69E-05,-2.242877012,2.515071343,0.263985391,-0.002199736,-0.873023555,1.052740271,0.118919316,-0.000117921,-3.411436303,2.959874462,0.344046508,-0.000338444,-1.579566875,1.450691728,0.183608752,9.95E-05,-1.87523788,1.729604448,0.370746368,0.000453768,-1.038327502,1.28497792,0.2267759,-2.95E-05,-1.584301731,1.451025,0.323772989,0.002217356,-0.863013029,0.984477909,0.184052348,-2.48E-05,-1.892437928,1.837586827,0.356697352,-0.001315865,-0.990108739,1.190592554,0.211943388,-0.000175149,-0.381794836,0.663832838,0.065768172,0.000143528,-0.130925652,0.288615634,0.02005287,1.54E-05,-0.791513806,1.22564157,0.135005668,0.000378822,-0.25341411,0.657231332,0.043708978,1.15E-05,-0.505503716,0.532229597,0.056885338,-5.77E-05,-0.128909366,0.235237749,0.018497109,1.49E-05
437,M,2,0.041892158,0.932770314,0.662025995,0.638269186,0,12.53020085,9.337149176,9.0080763,7.50E-06,7.719616005,0.556246545,0.311129818,2.337238164,12.3018911,6.890446044,6.709314339,0,12.02661866,4.74689434,4.309334967,0.638483817,12.72498875,7.697642995,7.410117453,0.108131914,7.675984705,2.359122405,2.002966928,0,11.00643851,3.999171884,3.046115442,0.021025128,6.377691841,1.61444809,1.321058167,-1.368586168,1.15209774,0.19463897,-0.001313713,-0.717778212,0.552948557,0.106244455,-0.000130135,-2.033350662,2.515071343,0.280783512,-0.000407516,-0.873023555,1.052740271,0.124024864,-0.000301903,-1.406468784,1.75839489,0.16627788,-0.00031611,-1.047897633,0.595590224,0.111169234,-7.09E-05,-1.614531644,1.329429503,0.355145324,-0.000239797,-0.903128012,0.898992193,0.211715711,-8.10E-05,-2.88266506,2.159407871,0.386189566,0.000702475,-1.216892613,1.524026812,0.217824299,0.0004772,-2.078973233,2.365742473,0.387057645,-0.000670259,-1.472930459,1.356010952,0.2317712,-0.000323687,-0.381794836,0.563954131,0.062381608,-9.88E-05,-0.130925652,0.239931465,0.017026626,2.59E-06,-0.791513806,0.822593356,0.124534268,-0.000610344,-0.25341411,0.58742906,0.040234951,7.89E-05,-0.2799982,0.532229597,0.056709568,1.55E-05,-0.128909366,0.103123077,0.016841029,-1.64E-05
438,H,0,0,0.568169741,0.341003032,0.335307385,0,10.79049248,8.237750585,7.803272391,0.000504722,7.257279142,0.983249626,0.654243101,0.010340828,10.77747749,5.253148968,4.982785555,0,10.94767656,4.207962928,3.677974636,0.561736466,11.01735807,6.531108566,6.205374135,0.036822095,7.679980545,2.428976603,1.867611982,0,11.40968022,2.830620305,1.983483353,0,5.63252985,1.730783786,1.26653382,-0.766740204,0.767687569,0.099064042,-0.000346829,-0.545916197,0.471607074,0.058694587,-6.45E-05,-2.617179639,2.108712343,0.295691521,-0.002122998,-0.874064928,1.330945315,0.133399661,0.000239606,-1.106427999,1.261870367,0.134801063,-0.000211065,-0.525552074,0.439149857,0.079226351,-3.57E-05,-2.730339097,1.651936116,0.338001645,-0.000789587,-1.24763285,1.179383254,0.197503914,-0.000237575,-2.073880303,2.28736588,0.31342039,0.001456357,-1.196344898,0.982887487,0.17122554,3.46E-05,-3.218113295,1.875727582,0.390089589,-0.000452642,-1.480181613,1.719617591,0.237787226,0.000449759,-0.786665745,0.633407706,0.067193166,-0.001138384,-0.504980576,0.333544967,0.024367644,3.67E-05,-0.702607291,0.609262531,0.085433775,-0.001342405,-0.157461079,0.201803309,0.021953516,6.95E-06,-0.797063874,0.625738367,0.058906401,-0.00081872,-0.50829365,0.349706485,0.026302211,3.81E-05
438,H,1,0.138455915,1,0.391310003,0.37708503,0.403364491,10.95569888,8.593031301,8.223068956,0,1.602296529,0.554224114,0.444983233,0,10.24373025,5.228521824,4.986065223,0.67305193,10.94891901,4.350500589,3.862361215,0,11.01735807,6.188979969,5.872738308,0.036822095,6.223336517,1.728836535,1.442082067,0.0293775,9.034228906,2.301807749,1.76570303,0,3.500930384,1.063370679,0.863055726,-0.551895985,0.619470274,0.096886016,0.000932002,-0.336442727,0.285517087,0.05442837,-2.54E-05,-2.601374705,1.959940818,0.246009116,0.000406319,-0.934513145,0.988197913,0.102898343,0.000148833,-0.422977161,0.474941186,0.109104663,0.000207894,-0.343219258,0.316125563,0.071870017,1.52E-05,-1.788393023,1.919102882,0.326129786,-0.00013436,-1.350928593,0.828470186,0.191662173,-0.000259159,-1.90786087,1.592152826,0.274666663,0.000534933,-0.812825233,0.982887487,0.150027992,-8.30E-05,-1.897191745,1.833970182,0.351869564,-3.96E-05,-0.95213957,1.194248232,0.210692706,0.000654152,-0.270572735,0.544337397,0.053987061,-0.000162578,-0.143729453,0.263154116,0.018524332,1.42E-05,-0.404561416,0.666159999,0.071627376,-0.00022553,-0.147031443,0.424029197,0.023978367,1.15E-05,-0.279402397,0.380042734,0.047566908,-8.09E-05,-0.118602266,0.12592271,0.018702639,8.17E-06
438,H,2,0.138455915,1,0.487652108,0.47069481,0.424414096,11.02200185,9.014321793,8.685191285,0,11.91241236,1.84211263,0.774968507,0,10.24373025,5.606709909,5.413346568,0.194223412,10.94891901,4.273400111,3.882738391,0,11.05892919,5.823104512,5.486425748,0,11.91197643,2.662859688,1.891567454,0.0293775,9.681354892,2.773692228,2.048879649,0.048082543,11.91197643,2.074368655,1.24958304,-0.590035627,0.619470274,0.117596396,0.00081882,-0.305209666,0.329455375,0.062621054,-7.13E-05,-2.601374705,1.959940818,0.265062776,0.001958807,-0.934513145,1.013996904,0.115247523,0.00011129,-2.215728203,2.3204984,0.191343524,-6.94E-07,-0.951842087,0.952644821,0.103639878,3.93E-06,-1.788393023,1.919102882,0.328899035,0.000258723,-1.350928593,0.828470186,0.192172387,-0.000123481,-2.037644619,1.929668281,0.29766154,-0.001409832,-0.812825233,1.093008468,0.166854877,-8.92E-05,-1.897191745,1.833970182,0.374988783,3.85E-05,-1.18281532,1.194248232,0.224502101,0.000446906,-0.533879683,0.544337397,0.069064164,0.000699725,-0.143729453,0.263154116,0.021692982,2.71E-05,-0.429969902,0.725379981,0.090908998,0.000734218,-0.147031443,0.424029197,0.028178922,3.12E-05,-0.528925206,0.391778817,0.066681262,0.000582168,-0.136565183,0.128379528,0.022916572,2.07E-05
438,L,0,0,0.773124629,0.437330334,0.417951311,0,10.78305256,8.584298623,8.150616253,0,2.505058091,0.830538019,0.694445148,0,10.68211976,5.056286121,4.612225023,0,10.40130832,4.083614539,3.549167381,0.710368028,10.53550477,6.242629015,5.999606178,0.110361754,10.73551142,4.545443288,3.944888314,0.022017374,11.00668753,3.703350144,2.970517477,0,10.73387754,3.197871216,2.660694975,-0.95355514,1.159995912,0.168522922,-0.000720687,-0.545009031,0.523449579,0.096630984,2.10E-05,-2.63026135,2.249808342,0.308807591,-0.000219495,-1.043746328,1.047498456,0.130214432,0.000276534,-0.462017806,0.509919524,0.156686989,-0.000346173,-0.389602348,0.34725456,0.10411507,-5.69E-05,-2.182471751,2.016384668,0.392754124,-0.000426846,-1.139695577,1.628256297,0.227187786,0.000317757,-2.469743709,1.734324835,0.30640759,-0.000371771,-1.126740912,1.264752069,0.165688817,1.17E-05,-1.597688986,1.527482592,0.348913813,0.000945276,-1.090174056,1.107459405,0.217521296,0.000507108,-1.066224851,1.091092135,0.109060989,-0.001460694,-0.768512425,0.49989033,0.0431047,0.00012764,-0.978600437,0.426077464,0.091961194,-6.21E-05,-0.14637341,0.453239094,0.030004407,2.17E-05,-1.136529862,1.238496516,0.110376451,-0.001452951,-0.846990159,0.598482571,0.04890606,0.000143949
438,L,1,0,1,0.532285559,0.507319371,0.309425637,10.78305256,8.476443248,7.973359098,0,11.10528378,1.589691811,0.837088024,0.396806821,10.68211976,5.242120548,4.851405338,0,10.36970757,4.678845292,4.214697933,0.587614023,10.06993841,5.380677426,5.093828003,0,11.30094846,4.733539521,4.09707647,0,11.00668753,3.729190233,2.838235354,0,11.30094846,3.453630459,2.977091654,-0.95355514,1.186849104,0.187225026,-7.22E-05,-0.563916853,0.562848794,0.106151035,-0.000165837,-2.421003752,2.249808342,0.321599828,-0.000572608,-0.943451574,1.051088328,0.132169924,0.000178851,-1.743272095,2.603033306,0.223241011,-0.000253038,-0.991277632,1.367359765,0.127134208,2.15E-05,-2.182471751,2.231961337,0.3880938,0.000739615,-1.139695577,1.628256297,0.2230762,-0.000172417,-2.469743709,1.997380708,0.322831948,0.000166218,-1.188759414,1.264752069,0.180070889,4.92E-05,-1.941208079,2.384187736,0.360553865,-0.000353975,-1.364885155,1.158708814,0.223713148,0.00023115,-0.745479913,0.92345816,0.126236416,-0.000129573,-0.220333831,0.32832275,0.039751271,1.12E-05,-0.978600437,0.835475389,0.117041804,-0.000398939,-0.14637341,0.453239094,0.035730635,5.37E-05,-0.580163268,0.728413278,0.119073552,0.000121048,-0.291328153,0.412661982,0.044138066,-5.85E-06
438,L,2,0.060936013,1,0.492452873,0.465499213,0.392227796,10.58372936,8.499383801,8.085890027,9.46E-05,11.10528378,1.594775927,0.861558411,0.065230002,10.40418363,5.152760582,4.718676655,1.134227933,10.93356982,4.673891824,4.291270122,0,9.951877828,5.313358066,5.023566689,0,11.30094846,3.972556348,3.573607606,0,9.200976442,2.952553068,2.424564312,0.033132161,11.30094846,3.141118578,2.593682657,-0.899639862,1.186849104,0.16782496,0.000393205,-0.58327014,0.562848794,0.094724688,-9.41E-05,-2.336839017,2.108208505,0.266170786,-0.000181835,-0.867788642,1.051088328,0.109943977,0.000192998,-1.743272095,2.603033306,0.229598013,6.95E-05,-0.991277632,1.367359765,0.131788432,6.28E-06,-1.843409372,2.231961337,0.354556634,-0.001892162,-1.038796662,0.85973984,0.204875899,-6.16E-05,-2.186352512,1.997380708,0.290216409,0.00056579,-1.188759414,1.253097361,0.168016661,5.79E-05,-1.941208079,2.384187736,0.345972517,-0.000892174,-1.436402547,1.158708814,0.214617666,0.000299605,-0.780057929,0.92345816,0.107221429,0.000344987,-0.286878889,0.309400996,0.035793974,3.09E-05,-0.688003737,0.835475389,0.097240981,0.000688644,-0.146118974,0.3752395,0.029429749,4.10E-05,-0.796018841,0.728413278,0.100602282,-0.000139339,-0.292458117,0.377620858,0.039413255,1.40E-05
438,M,0,0,0.913227492,0.580263048,0.554833034,0.301436821,11.09973251,8.865657569,8.483746231,0,9.131347502,1.304165484,0.89664919,0.452992176,11.18182669,5.686457715,5.442473235,0.368912483,10.92159113,4.841004934,4.534198048,0,10.7656427,5.488661819,5.202768277,0.170835814,11.27052672,4.151650385,3.784675776,0.044085167,11.11613778,3.898038884,3.11157263,0,11.27052672,2.866681369,2.38662071,-1.043820761,1.848401471,0.199173582,-0.001045798,-1.042975394,0.743844349,0.115264707,-8.27E-05,-2.526878917,2.141571374,0.259410548,-0.002630768,-0.912927944,0.952195481,0.115810772,0.000242115,-1.651808029,1.835289461,0.227938238,0.000445661,-0.728218876,0.738234231,0.142278153,-5.10E-05,-2.205353162,1.384537104,0.368192115,-6.08E-05,-1.126585775,0.966553496,0.222472973,-0.000364221,-2.075670027,1.573283634,0.273630888,0.000877925,-0.84881659,0.913317734,0.153312068,-8.57E-05,-2.411447473,2.1168498,0.335154037,-0.001011115,-1.243083896,1.365694427,0.204954997,0.000477296,-0.622726671,0.853017262,0.090864683,0.000515117,-0.206823408,0.332418443,0.027201399,1.24E-05,-0.544568089,0.623261034,0.09617886,0.000680039,-0.151858512,0.405018752,0.028995336,2.09E-05,-0.884699204,0.791080702,0.094390754,7.27E-05,-0.231529358,0.43922237,0.030684459,1.76E-05
438,M,1,0,0.982378813,0.614564218,0.587372387,0.323355936,11.1411658,8.719413797,8.194168002,0,11.19548793,1.636668987,1.050393204,0.224086284,11.18182669,5.54991664,5.277061571,0.368912483,11.25978285,5.060747724,4.712049817,0,10.7656427,5.332111805,4.987804082,0,8.608520875,3.459000417,3.02114034,0,9.921687452,3.480186468,2.884855086,0.048401261,5.721162007,2.198602629,1.823628039,-1.035881546,1.848401471,0.209738774,0.000350668,-1.042975394,0.689791017,0.118626548,-8.06E-05,-2.526878917,2.859366548,0.326918638,-0.000640224,-1.339052572,1.402308701,0.142697861,0.000369018,-2.291414414,2.759789558,0.284813152,0.000746929,-1.590524805,0.831225592,0.164177944,-6.42E-05,-2.205353162,1.744644805,0.37895912,-0.000342887,-1.126585775,0.966553496,0.223855322,-0.000207393,-2.566611783,1.902341366,0.317589599,0.000261161,-1.10222288,1.615835464,0.177440121,-5.75E-05,-2.411447473,2.1168498,0.36050603,-0.000743984,-1.354817162,1.365694427,0.210851257,0.000316115,-0.722935544,0.853017262,0.109405949,0.000548632,-0.206823408,0.332418443,0.03224654,7.69E-06,-0.694897997,0.869482239,0.118621846,0.00093913,-0.21631903,0.68318398,0.03801771,6.46E-06,-0.502844887,0.791080702,0.093124661,0.000187266,-0.21968658,0.311627233,0.032449792,1.62E-06
438,M,2,0.072430847,1,0.626179795,0.609003303,0,11.1411658,8.694292807,8.200353782,0.000109207,11.19548793,1.50836828,1.101640074,0,9.946078885,5.221845652,4.961496524,0.967668678,11.25978285,4.971936426,4.683880084,0.039630631,9.656323117,5.370779961,4.994832041,0,8.608520875,3.344566794,2.939518477,0,9.921687452,3.265379502,2.719546792,0.048401261,5.793338128,2.230616377,1.897018994,-1.350512489,1.253495953,0.208210224,0.00056535,-0.94079781,0.795635376,0.120964179,-0.000143387,-2.98999951,2.859366548,0.328794403,0.001948173,-1.339052572,1.402308701,0.142136081,0.000371863,-2.291414414,2.759789558,0.263539622,-0.000220368,-1.590524805,0.831225592,0.154434614,2.54E-05,-1.809175069,1.744644805,0.377154259,0.000273584,-1.002949936,1.175072248,0.224242443,0.000112612,-2.566611783,1.902341366,0.30646427,-0.000870804,-1.10222288,1.615835464,0.174814883,-0.000131352,-1.514631696,1.856314211,0.344956644,0.000479633,-1.354817162,1.212850136,0.201829869,0.000331238,-0.722935544,0.762820701,0.103254872,0.000110744,-0.193797189,0.251891039,0.03068448,3.34E-05,-0.694897997,0.869482239,0.117767758,-0.000205215,-0.21631903,0.68318398,0.036589257,3.57E-05,-0.502844887,0.623735204,0.086455899,0.000361831,-0.145474071,0.311627233,0.031456172,1.19E-05
439,H,0,0.126316023,1,0.551319087,0.529322251,0,9.657668546,6.86016905,6.401831998,0,9.649398431,2.403799373,1.436018523,0.998863723,10.86902044,5.613931345,5.423394704,0.44861338,9.169259722,4.577719582,4.159275422,0,9.922970131,5.225485968,4.89429384,0,9.583799438,3.990352027,3.45471523,0.031661681,11.46626071,3.884098934,2.958711525,0,9.518505824,3.299410241,2.432694272,-0.767979132,0.831262151,0.121820835,0.000318891,-0.445223611,0.339981293,0.064239998,-0.000135706,-1.649627891,1.929206433,0.241663836,0.000300359,-0.578700593,0.632382098,0.098670984,7.48E-05,-2.269416639,1.988222124,0.259999018,0.00014749,-0.813017841,1.001506892,0.128121543,4.87E-05,-1.309988154,1.375554703,0.26611054,0.000257315,-0.85234031,0.774906466,0.150660323,-0.000133022,-1.81312869,1.581940233,0.279604246,-0.000707562,-0.816376864,0.849266449,0.157797441,-0.000152822,-1.820812116,2.081998398,0.323034284,0.001025342,-1.0929339,1.190991237,0.18851527,0.000397222,-0.626860544,0.647891952,0.091226863,0.00030936,-0.174194672,0.554890917,0.023149167,1.42E-05,-0.409151694,0.55371377,0.08062231,0.000768579,-0.111409649,0.290798827,0.01723061,-1.21E-05,-0.608036029,0.806405202,0.100618268,3.15E-05,-0.170431383,0.554171926,0.026516201,1.83E-05
439,H,1,0,0.762069247,0.499573003,0.479916593,0,9.440713707,7.14166752,6.681245569,8.01E-05,9.649398431,2.230343743,1.305405181,0,10.06742586,5.287695857,5.106656039,0,9.169259722,4.28887443,3.95758482,0.235400512,9.922970131,5.480808765,5.159545112,0.0037717,8.438900566,3.629221943,3.23524365,0.012149154,8.997222821,3.721994306,3.066831724,0.053088014,8.463901501,2.928391971,2.222098431,-0.567445204,0.435160494,0.109038685,-0.000345058,-0.276360912,0.309668218,0.058676352,-9.23E-05,-1.649627891,1.929206433,0.241047332,-0.000824821,-0.676581449,0.638358587,0.098779022,0.000129909,-2.269416639,1.90691128,0.244608786,-0.00067322,-0.813017841,1.001506892,0.121622914,8.86E-06,-1.024509646,1.375554703,0.25730333,0.001202701,-0.773000359,0.62156998,0.148111276,-0.000168434,-1.436922732,1.511375388,0.271897378,0.00122389,-0.787275933,0.715672144,0.153261251,-3.91E-05,-1.820812116,1.597676937,0.334673901,-0.002171507,-1.039223088,1.102230305,0.188528465,0.000276072,-0.626860544,0.660579549,0.100237667,0.0009486,-0.174194672,0.554890917,0.025281346,3.19E-05,-0.465373639,0.38192596,0.074139853,-0.000346098,-0.115500862,0.210852707,0.016202708,1.56E-05,-0.6177498,0.806405202,0.117428998,0.001274213,-0.170431383,0.608161177,0.035001233,1.64E-05
439,H,2,0,0.661547331,0.427580429,0.41441745,0.03305652,9.440713707,7.384035921,6.97407457,3.50E-05,7.857618364,1.093401139,0.596138995,0,10.06742586,4.959049308,4.761008369,0,9.042896346,4.299794223,4.005602196,0.235400512,9.748050873,5.559172336,5.243729702,0.129876898,8.915853777,3.510622408,3.12231831,0,9.526292438,3.649918851,2.988661642,0.009155735,8.912096863,2.81239434,2.229160334,-0.519250669,0.497637442,0.096215148,-0.000349174,-0.238093718,0.250755741,0.051252139,-2.22E-05,-1.631655079,1.962142244,0.218334425,-0.001062767,-0.676581449,0.692183773,0.094203075,9.65E-05,-1.44824239,1.90691128,0.160930255,-2.14E-05,-0.771535217,0.812849116,0.090761869,-6.87E-05,-1.328913522,1.346705878,0.25294423,-0.000386166,-0.773000359,0.594013495,0.147088281,-0.000154087,-1.25303321,1.718016824,0.266796883,0.000858734,-0.72326644,0.715672144,0.150809553,-0.000100656,-2.084583659,1.631078708,0.338197042,-0.00080324,-1.039223088,1.102230305,0.192470972,0.000241086,-0.446675113,0.660579549,0.0835904,0.000171723,-0.106833465,0.203811503,0.017942712,-4.92E-06,-0.465373639,0.45848196,0.069386496,-0.000944943,-0.115500862,0.326322259,0.01654473,2.74E-05,-0.6177498,0.793468885,0.100222481,0.000609487,-0.158119686,0.608161177,0.029360867,-1.70E-05
439,L,0,0,1,0.604173443,0.588407791,0,9.742893981,7.333908392,7.095136808,2.96E-07,9.950309883,1.201080096,0.439033992,0,9.901210793,5.512561227,5.234997001,0,9.383881155,4.075394693,3.754038119,0,9.499769812,5.117098356,4.912322103,0.101040354,9.508083867,3.750327865,3.313622346,0,10.3195288,3.745119532,3.13883928,0.028503607,9.508083867,2.909565449,2.364987611,-0.34417611,0.345805189,0.05223473,-0.000723572,-0.146562781,0.153859166,0.02711395,-1.29E-05,-1.677221204,1.814018037,0.189440348,0.000210993,-0.557741498,0.670106429,0.083744655,0.000266685,-1.412903101,2.199125454,0.153839484,9.44E-05,-0.717579521,0.857558366,0.081711746,-1.52E-05,-1.28028172,1.319097533,0.289992337,0.000103535,-0.626895838,0.713661455,0.16588199,-6.25E-05,-1.591751066,1.704850814,0.275003403,-0.001271858,-0.784415278,0.842111915,0.155837626,0.000342625,-1.420765984,1.80235456,0.295684496,0.000819891,-0.968342121,0.749000067,0.177665602,0.000231314,-0.341255702,0.598985423,0.065933287,-2.43E-05,-0.212231664,0.13141531,0.015027345,-1.33E-06,-0.391692743,0.442915593,0.064631657,-0.000316208,-0.093936894,0.243204663,0.014038336,-1.15E-05,-0.421364442,0.912913096,0.080040565,-4.76E-06,-0.216471471,0.414433247,0.019968447,4.98E-06
439,L,1,0.411200356,0.752209844,0.579384131,0.57715009,0.058034854,9.711833629,7.711594061,7.445211031,5.89E-06,9.950309883,1.190630744,0.404297442,0.298967617,9.901210793,5.300417411,5.089732443,0,9.756550315,4.223836344,3.85605928,0,9.499769812,5.293386617,5.070358075,0.183448876,8.623381188,3.31201721,2.854411786,0.041135868,10.3195288,3.148706973,2.263828234,0,8.55096529,2.655449921,2.223598971,-0.34417611,0.293390152,0.04699248,-9.67E-05,-0.146562781,0.147519886,0.026240894,-3.74E-05,-1.677221204,1.814018037,0.188567642,0.000425681,-0.545782307,0.670106429,0.087730496,4.85E-05,-1.412903101,2.199125454,0.149855803,0.000103192,-0.717579521,0.857558366,0.078523469,3.41E-05,-1.000888335,1.190052073,0.275820444,0.0001768,-0.678272232,0.713661455,0.161529634,-0.000309722,-1.310363047,1.704850814,0.268938812,0.000666067,-0.720574469,0.791113201,0.151698956,-3.03E-05,-1.420765984,1.80235456,0.292679567,-0.000741236,-0.968342121,0.749000067,0.175259591,0.000167194,-0.358441622,0.598985423,0.057717206,0.0005937,-0.089724764,0.207602039,0.014290189,6.32E-06,-0.391692743,0.340133632,0.05791627,-2.59E-05,-0.093936894,0.243204663,0.013396239,9.41E-06,-0.531158279,0.912913096,0.074533686,0.000667762,-0.14557579,0.522490452,0.021101635,-6.99E-07
439,L,2,0.411200356,0.743968627,0.569414537,0.567317508,0.202937582,9.582092733,7.521528046,7.173806879,0,9.885670797,1.432111688,0.535138192,0.967339077,9.305887525,5.356024806,5.166258255,0.745971335,10.10465606,4.341215273,3.922355843,0.056709233,9.594187024,5.220328117,4.979183758,0,7.13262642,3.057638598,2.702484872,0.041135868,7.559226743,2.60300972,2.025499972,0,7.126042857,2.598822324,2.112169175,-0.322160901,0.23115982,0.048376325,6.65E-05,-0.184048272,0.12876945,0.026943091,-3.63E-05,-1.611965545,2.017087659,0.223169029,-0.000249638,-0.639408446,0.703808229,0.099533605,-3.47E-06,-1.895686274,1.861974486,0.199695395,2.50E-06,-1.072662032,1.033807234,0.106303421,-4.29E-05,-1.263583359,1.351481926,0.294352074,0.000862048,-0.876490656,0.630576049,0.169797895,-0.000132961,-1.280495718,1.602927382,0.272622287,0.000848901,-0.835759877,0.704034354,0.154427155,1.96E-05,-1.526917799,1.809886611,0.291890202,-0.00066728,-0.807963836,0.8978296,0.17223416,-6.96E-06,-0.415876243,0.595875042,0.073541613,-0.000399183,-0.111909505,0.290543167,0.019458699,-9.73E-06,-0.368372813,0.344974108,0.057327688,0.000231169,-0.072441724,0.300089127,0.013719599,-2.77E-05,-0.671900285,0.905310391,0.092287838,-0.000378497,-0.18178281,0.63418131,0.028679865,-1.37E-05
439,M,0,0.099623416,1,0.464177895,0.442387548,0,9.612066511,6.589521666,6.202943048,0,10.04814787,1.663004848,0.843695829,0.272062479,9.756565346,4.835084692,4.508343963,0.059996994,10.03440835,4.131574292,3.786208049,0,9.603750463,4.973807165,4.758559945,0.045630016,10.55275527,4.536886634,3.670084789,0.013538764,10.57007743,3.98653102,3.190160294,0.008877729,9.911298326,4.312019406,3.150651072,-0.495826104,0.374042652,0.081840908,-0.001153895,-0.208666054,0.268086023,0.04075496,-3.25E-05,-2.423432873,2.156464461,0.278774436,0.00080282,-0.884836885,0.944732879,0.119371856,0.000215559,-2.156170531,1.592122402,0.231751827,0.000681276,-1.008533466,0.735392736,0.110854058,3.88E-05,-1.136436353,1.017541854,0.242149687,-0.000253702,-0.624081862,0.628357461,0.140803824,-2.23E-06,-2.043963768,1.746043807,0.327119003,-0.001016869,-0.847298362,0.892550635,0.182185458,8.46E-05,-1.954708496,1.842680441,0.321398602,0.001258726,-1.031187115,0.963125762,0.192698295,2.09E-05,-0.376069156,0.286191273,0.047974835,2.90E-05,-0.15033808,0.120016157,0.012200289,-5.02E-05,-0.217907449,0.297683953,0.044098371,-7.55E-05,-0.102397774,0.116937991,0.009474829,-7.25E-05,-0.540501132,0.69806155,0.077313018,0.000179379,-0.203109128,0.477718837,0.025110171,-2.88E-05
439,M,1,0.068014572,0.580307282,0.379574337,0.368838445,0,10.09186284,7.024534655,6.639978111,1.86E-05,10.04814787,1.514808474,0.683821387,0,7.93764741,4.101331848,3.876558115,0.059996994,9.26033258,4.179820241,3.843294041,0.100969998,8.431992844,5.206909348,4.997285531,0,5.878303269,2.727774773,2.273581603,0,5.581668894,2.163283557,1.729198672,0.001807799,8.053456525,2.963864632,2.138886689,-0.305431976,0.272062916,0.071078302,-0.000337337,-0.168577361,0.162149195,0.037571804,2.10E-06,-1.656207992,2.156464461,0.246055205,-0.000235286,-0.727456785,0.786053583,0.104072669,2.17E-05,-2.156170531,1.592122402,0.216722754,4.94E-05,-0.726387329,0.735392736,0.098088265,1.59E-05,-1.136436353,1.129468471,0.225392016,-3.51E-05,-0.559333824,0.568462789,0.129315216,-0.000110237,-1.783221407,1.593056857,0.286866036,0.000653614,-0.780861766,1.036174501,0.161552116,-5.93E-05,-1.341587704,1.842680441,0.270226547,-0.000612314,-0.968130527,0.858495009,0.159543748,0.000116951,-0.345387923,0.295568471,0.045099172,0.001008142,-0.09951893,0.159707301,0.011793821,-1.71E-06,-0.166772895,0.162084769,0.033440144,0.000161013,-0.045913979,0.116937991,0.008279079,-1.24E-05,-0.676094276,0.69806155,0.077808218,0.0017812,-0.154484551,0.477718837,0.024748954,1.43E-05
439,M,2,0,0.510030089,0.361070247,0.349203812,0.274567539,10.09186284,7.004834241,6.621749854,2.66E-05,5.858487527,0.716148712,0.264631835,0,7.93764741,4.029155719,3.801413682,0,9.26033258,4.195450165,3.846929221,0.100969998,8.447776564,5.244976968,5.005133733,0,5.878303269,2.765039187,2.383118425,0,3.065252184,1.31344046,1.070400183,0,8.053456525,3.665482608,3.039964904,-0.503890091,0.296572599,0.069615694,-0.000650808,-0.168577361,0.2353399,0.038208389,5.51E-06,-1.645234474,1.802785156,0.241172623,-0.002444445,-0.610636735,0.724712127,0.098749616,6.58E-05,-1.251521606,1.185048933,0.103273259,-0.000602325,-0.431144608,0.617192975,0.058172779,-0.000150439,-0.808314072,1.32183667,0.220441453,0.000257553,-0.699035568,0.527573001,0.129731383,2.46E-05,-1.695915492,1.451590657,0.28676014,0.001372856,-0.75744093,1.036174501,0.159646021,0.000191056,-1.226053311,1.316180463,0.273292822,-0.001100136,-0.850658412,0.813686385,0.159694228,2.53E-05,-0.345387923,0.43901226,0.051341229,0.000407112,-0.082826795,0.265565349,0.014132813,-5.42E-07,-0.110891177,0.154153062,0.027607071,-1.28E-05,-0.035703978,0.111257126,0.007112121,-9.04E-06,-0.676094276,0.811479539,0.082695806,0.000567386,-0.148368943,0.612551819,0.025217957,3.06E-06
440,H,0,0,0.897882227,0.608919592,0.591702931,0.625790031,10.18589425,8.54036151,8.259215519,0,9.199861918,4.272293909,3.789521187,0.46477322,11.06238036,5.576392943,5.246519189,0.39892461,10.89243766,4.485700766,4.109783053,1.028553532,9.687128469,6.162697825,5.9474371,0.031657115,9.781133494,3.153945015,2.447737449,0.035890158,10.76747822,3.048895201,2.278142075,0,9.736173337,2.857145451,2.068958071,-0.788594924,1.029382897,0.168284393,0.000334802,-0.424888061,0.539378399,0.094008038,0.000171679,-1.438167946,2.471833101,0.242990448,0.002017463,-0.79086185,1.156344279,0.102185568,0.00031969,-2.641488234,2.098969396,0.233121698,-0.000159918,-1.197590019,1.09062022,0.120896688,7.96E-05,-1.921222973,1.645778584,0.333905363,-0.000753426,-0.968829617,0.747317522,0.185740453,6.99E-05,-1.959923713,1.68392948,0.275076877,-0.001107685,-0.871457421,0.953769561,0.154027928,-0.000323843,-1.73860944,2.018963734,0.288965015,0.000251301,-0.81789786,0.902120472,0.165492542,0.000600698,-0.746662079,0.691159008,0.106849492,0.000251762,-0.201586111,0.312081941,0.027649087,-5.49E-05,-0.498544419,0.455694085,0.08588592,-0.00043017,-0.112063547,0.321592004,0.023968614,-6.11E-05,-0.740364628,0.682556955,0.112839157,0.000359105,-0.199020186,0.35572269,0.032140672,-2.40E-05
440,H,1,0,1,0.609767897,0.593298685,0.8327874,10.30224302,8.772776699,8.539058684,0.000684823,10.22350131,4.659841679,4.230070982,0.916508056,10.41559754,5.798631789,5.487934623,0.39892461,10.24225107,4.184579279,3.830957581,0,9.542287129,6.309947276,6.117075671,0,9.781133494,2.877752104,2.280828318,0,10.76747822,2.932162267,2.195695367,0,9.736173337,2.578340332,1.894292574,-1.103096298,1.016392117,0.16563821,-0.000575259,-0.586015877,0.632074839,0.093887744,9.24E-05,-1.915023516,2.12305356,0.228477516,0.000135165,-0.683646936,0.809747837,0.0914713,0.0003707,-2.641488234,2.098969396,0.285739026,0.000360885,-1.197590019,1.09062022,0.140409761,3.20E-05,-1.585167488,2.080656846,0.353325598,0.00032203,-1.026332826,1.036067732,0.192491067,-7.74E-05,-2.338217438,1.380645368,0.283648258,-0.000668412,-1.046582649,0.974066192,0.15670792,-0.000187308,-1.871850382,2.14014961,0.294624111,0.000279951,-1.013015644,1.182648323,0.167891206,0.000336492,-0.621512421,0.900687478,0.10882274,0.000583378,-0.188065855,0.27416267,0.026181654,-7.75E-05,-0.50862494,0.41569067,0.084876573,3.02E-05,-0.112063547,0.321592004,0.023663101,2.12E-06,-0.613929344,1.159235618,0.118458688,0.00067363,-0.240465909,0.318239952,0.031091005,-8.25E-05
440,H,2,0.145477586,1,0.576363503,0.557849765,0,10.32983455,8.629606741,8.334228212,0.004454551,10.22350131,4.968904832,4.491246239,0,10.37765607,6.05551173,5.724053973,0,10.71294522,4.50430257,4.133455584,0,10.49595076,6.069636427,5.847559465,0,10.28575872,3.011250371,2.465744215,0,8.032012516,2.551612507,2.044580162,0.074072507,10.30992253,2.839671946,2.147807519,-1.103096298,0.991800704,0.184981791,-0.000694209,-0.630795443,0.693551662,0.1086709,7.82E-05,-2.29270477,2.493624166,0.280070264,-0.000159668,-0.828320463,1.091738281,0.116552945,0.000494014,-2.327584817,2.072551984,0.307644209,0.000357904,-1.121116385,0.999120019,0.148599255,5.16E-05,-1.9464749,2.080656846,0.373464129,-0.000897177,-1.026332826,1.036067732,0.204889483,6.02E-05,-2.338217438,1.550941771,0.31245853,-5.95E-05,-1.144483459,1.183052233,0.174375346,-0.000409718,-1.871850382,2.449666516,0.322411039,0.000448793,-1.354138952,1.182648323,0.180827056,0.000593143,-0.735246838,0.904262626,0.128342637,0.000184486,-0.188065855,0.400786786,0.032213562,-0.000108373,-0.50862494,0.356374942,0.086837326,0.000974912,-0.090010864,0.188929325,0.024177164,-9.75E-06,-0.766251841,1.159235618,0.138585145,-0.000148578,-0.240465909,0.431035262,0.036024178,-0.000113507
440,L,0,0.157349483,1,0.592469573,0.580719905,0,9.888531148,8.469159281,8.247559078,0.000171402,10.20522804,3.936274395,3.175903966,0.183120399,10.16392827,5.963723924,5.69549274,0,10.64430853,4.540970136,4.242340991,0,9.930968489,5.989419048,5.803113163,0.028187855,10.71076166,3.471995079,2.78542807,0.007020566,6.246016827,2.028166879,1.561470337,0.056740362,10.69599994,3.487600126,2.648137503,-0.567621599,0.539858037,0.116241474,-0.00044465,-0.333897845,0.35004358,0.065168959,2.05E-05,-2.15897569,2.059395161,0.232193345,0.000119532,-0.727001448,1.14302981,0.099464914,0.000415157,-2.850063692,1.667633955,0.238556469,-0.000279465,-1.205290184,1.20096264,0.124736965,0.000147413,-2.14084427,1.518047251,0.328807228,-0.002091305,-0.783894142,0.875358523,0.185539759,0.000279847,-1.779011939,1.742654127,0.322261922,-0.000935463,-0.983146171,0.866010424,0.181951099,-5.97E-05,-1.818258892,2.015630342,0.300305682,0.00017237,-0.892233291,0.939423435,0.165749053,0.000659987,-0.525268403,0.907268495,0.10594387,-0.000432928,-0.19732919,0.275515502,0.02728059,-6.30E-05,-0.720452361,0.341775028,0.077109224,-0.000741492,-0.122420274,0.268652623,0.021436576,-4.83E-06,-0.610441356,1.030515072,0.120668943,-0.000200868,-0.209352191,0.474407602,0.033195797,-7.38E-05
440,L,1,0.203189112,0.717344194,0.551598212,0.546105934,0.571277914,9.946215155,8.636700659,8.453050672,0.000171402,5.384595108,3.553746151,3.186065126,0,9.810280458,4.937961845,4.622678481,0,10.40604035,4.311298765,3.929077429,0,9.412060479,6.147794775,5.94105828,0,8.089467575,2.271753874,1.73795886,0,4.177850099,1.343551856,1.099968093,0,8.447562143,2.292231446,1.576083708,-0.659963064,0.490604564,0.111369172,2.89E-05,-0.333897845,0.265113275,0.062286863,2.63E-06,-2.15897569,2.059395161,0.227710472,-0.000193901,-0.727001448,1.14302981,0.098827805,0.000344252,-1.042136825,0.800979962,0.153085188,-0.000939932,-0.427544536,0.437501601,0.088114372,3.14E-05,-1.519708739,1.518047251,0.322875364,-0.000807883,-0.783894142,0.790006633,0.182571844,-0.000134013,-2.067784922,1.742654127,0.342649567,-0.000401261,-0.983771806,0.836536192,0.193880942,-0.000291876,-1.818258892,2.015630342,0.310969516,0.000554281,-0.892233291,0.939423435,0.171631397,0.000546848,-0.539893929,0.825593353,0.100545426,-0.000346591,-0.19732919,0.453389965,0.027986168,-8.21E-05,-0.33331801,0.341775028,0.053915075,-0.000202263,-0.112088066,0.243510529,0.017341701,2.75E-05,-0.610441356,0.887925048,0.112149116,-0.000392513,-0.209352191,0.510839277,0.032054113,-0.000114672
440,L,2,0,0.737007558,0.55620978,0.548333818,0.571277914,10.35386721,8.635524042,8.470842127,0,9.37855104,4.097715324,3.747386004,0,9.810280458,4.567518236,4.277278552,0.406351994,11.14039484,4.375412425,4.026208127,0.594226333,9.340875145,6.012330344,5.806418306,0,8.8352146,2.863623485,2.228646677,0,10.72400792,2.525878952,1.825429976,0,8.806040782,2.561384001,1.810528313,-0.659963064,0.486717123,0.111767154,-0.000348028,-0.282004269,0.269305294,0.059983008,4.51E-05,-1.552915932,2.057149821,0.192683468,0.000458046,-0.657502902,1.017285779,0.081199744,0.000292292,-2.500218291,1.658563031,0.235707978,8.34E-05,-1.159414055,1.095640667,0.122030182,-2.74E-05,-1.519708739,1.248508255,0.331919495,-0.000119492,-0.802657118,0.790006633,0.189948125,-0.000186566,-2.067784922,1.649736601,0.330567117,0.000204087,-0.983771806,0.825572773,0.189120791,-9.57E-05,-1.433537999,1.987600813,0.302940781,0.000158972,-0.87212673,0.81911528,0.171708308,0.000195518,-0.581352523,0.866996106,0.105185433,0.00083499,-0.164890115,0.465402605,0.030736024,-8.28E-05,-0.235006224,0.346583049,0.059584383,0.000760864,-0.088677723,0.208196137,0.017293638,-2.25E-05,-0.680186227,1.166069648,0.12021973,0.000713867,-0.175662483,0.514256168,0.035944956,-9.27E-05
440,M,0,0.056783042,0.932976936,0.510984656,0.48931299,0.570690694,10.14644074,8.699056958,8.464286638,0,10.78917697,4.082313976,3.592819625,0,10.35975031,6.38684533,6.038109971,1.0057947,10.99689359,4.771373685,4.500017785,1.04790195,9.819899531,6.123273968,5.945814437,0.012976212,10.28923809,3.293914716,2.70872493,0,10.90757773,2.343379941,1.689324019,0,9.646066449,2.893609096,2.166118836,-0.943652487,1.20693043,0.201209442,-0.0008343,-0.603209374,0.54267668,0.117099018,7.69E-05,-2.581109356,2.485781741,0.263859221,-9.51E-05,-0.936288889,1.450254874,0.113261931,0.000644325,-1.694050681,1.626231385,0.198041292,0.001118086,-0.651777322,0.702542202,0.092561256,7.62E-06,-1.889201371,1.689060423,0.378831524,-0.001092429,-1.060871102,1.007181521,0.213775472,-8.12E-05,-1.914724176,1.906119076,0.307612876,-0.000253343,-0.987308892,0.930697163,0.172160469,-0.000272344,-1.727616565,1.754974645,0.325022985,0.000484718,-0.910842407,0.979480238,0.185698317,0.000552461,-0.554749397,0.666849218,0.081943412,-0.001342147,-0.130424005,0.175613143,0.021311829,-5.57E-05,-0.220873713,0.342223649,0.052675345,-0.000518368,-0.100063616,0.160152397,0.012465443,-3.77E-05,-0.65265286,0.952975552,0.102528396,-0.001367676,-0.151740136,0.370781814,0.028265079,-5.78E-05
440,M,1,0,0.972219172,0.490955612,0.464411676,0,10.39768846,8.592519614,8.303727221,0.002729709,7.952924984,4.740904872,4.398721687,0,10.33606539,5.94947218,5.567749794,0,10.99689359,4.84612419,4.493380613,0.461834829,10.09484625,6.019869355,5.792019966,0,9.950193387,2.801808852,2.230024945,0,2.968823079,1.460051471,1.220082278,0.010701289,11.11078754,2.824657261,1.94591507,-0.985792087,1.20693043,0.215707466,0.000336507,-0.617210292,0.605401969,0.126576112,0.000190557,-1.859893687,2.40369794,0.276844063,0.002072951,-0.755728077,1.177881947,0.116960949,0.000588521,-1.694050681,1.626231385,0.190896754,0.001112997,-0.651777322,0.702542202,0.089914675,4.71E-05,-1.889201371,1.626206177,0.376056346,-0.000852007,-1.060871102,0.886055856,0.214512119,-7.83E-05,-2.041277262,1.456540952,0.314884579,-0.000794038,-1.062195609,1.118520516,0.17669059,-0.000273113,-1.816721849,2.04367025,0.320571145,9.47E-05,-0.910842407,0.967546075,0.180428291,0.000616079,-0.487857041,0.916434031,0.097880695,0.00089699,-0.160711373,0.459616152,0.024114926,-7.47E-05,-0.155982215,0.1951148,0.039883973,0.000265038,-0.049900703,0.115277778,0.011305612,-5.48E-06,-0.544643915,1.040152707,0.116238776,0.000998475,-0.181455481,0.564273973,0.030406496,-8.94E-05
440,M,2,0,1,0.540423197,0.516275056,0,10.39768846,8.713761942,8.446081963,0.012865633,8.191615026,5.021240824,4.756146459,0.2089127,10.3320079,5.590393541,5.226748925,0,10.69156246,4.630975542,4.289403591,0,10.16603423,6.118021784,5.901751888,0,11.20476567,3.058596548,2.256876596,0.026873071,8.758910677,1.805884011,1.160423326,0.010701289,11.14822883,2.947951189,2.014297853,-0.985792087,0.960956029,0.203438563,0.00041011,-0.617210292,0.605401969,0.117347564,7.53E-05,-1.859893687,2.439291428,0.270467177,1.47E-05,-0.870031237,1.177881947,0.115326586,0.000501674,-1.997616464,1.340665495,0.220241184,-5.15E-05,-0.8811582,0.945140168,0.10771283,2.90E-05,-1.501689955,1.58621888,0.359449424,0.000482566,-0.721289362,0.894914021,0.199270523,9.17E-05,-2.041277262,1.434186664,0.292085947,-0.000269586,-1.062195609,1.118520516,0.16560818,-4.30E-05,-1.816721849,2.04367025,0.297227828,-0.000161892,-0.815603232,0.948542353,0.165352996,0.000323353,-0.487857041,0.916434031,0.100299456,0.00094323,-0.160711373,0.459616152,0.024282467,-0.000104598,-0.169081049,0.233489579,0.04413992,0.000192779,-0.050766969,0.115277778,0.011807967,-1.67E-06,-0.544643915,1.040152707,0.120451565,0.00109945,-0.181455481,0.564273973,0.030377249,-0.000131109
441,H,0,0,1,0.709729413,0.688920436,0,11.40732398,8.988993968,8.636360443,0.000131865,9.641337918,1.294397544,0.591911219,0,11.2590679,6.548374927,6.281388052,0.100785332,10.7346568,4.768928708,4.4199583,0,11.59490433,7.46204797,7.174081927,0.04789241,10.7592159,2.560800748,1.934833717,0.039200974,8.964808699,2.56752724,1.979889221,0,10.7592159,2.562531465,1.912909177,-1.137519377,0.897257681,0.229907243,0.001614893,-0.632944442,0.565184047,0.12971583,-0.000342095,-2.157150147,2.04018435,0.28164635,0.000360924,-0.867349569,1.088925559,0.123147512,-0.000433432,-2.307862216,2.260175423,0.202153802,0.002439345,-1.187677764,0.891544755,0.100259363,0.000162182,-2.019406963,2.082059663,0.387158295,-0.000103066,-1.113296829,1.327598382,0.231922843,-0.000304159,-2.358130874,1.938255872,0.326398079,-0.001817128,-1.020925477,1.212511465,0.184794032,0.000504968,-2.256183796,2.658558516,0.352691941,0.00068748,-1.047571461,1.449122526,0.208678201,-0.000458651,-0.457195075,0.680891004,0.078080368,-0.000799544,-0.133891773,0.213927476,0.020653812,7.40E-05,-0.747107706,1.033990224,0.117960096,-0.001644035,-0.18611367,0.475733433,0.038580412,6.84E-05,-0.427184641,0.661298166,0.078826236,-0.000668932,-0.127433108,0.401574253,0.02289394,7.38E-05
441,H,1,0.382847441,0.94808796,0.664395617,0.653990604,0.543315327,11.05954281,9.147309582,8.85853452,0.000131865,11.64004259,1.791400389,0.755892984,0,9.913691115,5.59140838,5.440231618,0,10.57583758,4.393239707,4.062649555,0,11.59490433,7.835926268,7.544218371,0.04789241,6.156339087,1.749324823,1.46128667,0.039200974,11.20865823,2.430180393,1.765957207,0,5.584375569,1.717202255,1.410221941,-1.137519377,1.071251163,0.244277268,-0.000385509,-0.667823542,0.565184047,0.137556547,-0.000212789,-2.272417474,2.129918502,0.299723017,0.000165299,-0.878669648,1.249080914,0.133783716,-0.000511629,-2.897606973,2.651631164,0.275967484,-3.84E-05,-1.734889674,1.345892955,0.139281696,-4.29E-05,-2.21923644,1.718449442,0.379644518,-0.0005412,-1.000286027,1.073213979,0.228623394,-0.000183009,-1.869446342,2.109794895,0.329910899,-8.17E-05,-1.077465552,0.998323317,0.187504377,0.00021851,-2.256183796,2.658558516,0.378242777,0.000896564,-1.047571461,1.158121192,0.214645122,-0.000253865,-0.481808673,0.642657947,0.071723589,-0.000362541,-0.156626676,0.368540381,0.023652409,8.30E-05,-0.620777425,1.048771414,0.121516722,-0.000558066,-0.183091742,0.455152728,0.037883428,0.000187326,-0.487067506,0.613502314,0.07356329,-0.000328804,-0.168157501,0.401574253,0.026981324,6.35E-05
441,H,2,0.382847441,0.940344415,0.66044687,0.649673792,0.504642747,11.32509771,9.012788752,8.712896424,0,11.64004259,1.746074751,0.742667294,0.172033441,10.71063773,5.525790289,5.352700213,0,10.57583758,4.481630204,4.23190258,0.404561614,11.302328,7.462675616,7.186738144,0,6.156339087,1.779147339,1.548865211,0,11.20865823,2.637504741,1.963301135,0.046396453,5.584375569,1.723136275,1.487131673,-1.095491439,1.071251163,0.232561935,9.87E-05,-0.667823542,0.546650606,0.130550627,-9.31E-05,-2.272417474,2.129918502,0.309039457,0.000515405,-0.878669648,1.249080914,0.139656923,-0.000527132,-2.897606973,2.651631164,0.274211089,-0.002551275,-1.734889674,1.345892955,0.138825525,-0.000191695,-2.21923644,1.68769727,0.366742784,-0.000275341,-1.000286027,1.073213979,0.220107203,0.000278484,-1.869446342,2.109794895,0.3178039,0.000568897,-1.077465552,0.998323317,0.18508309,0.000135613,-2.172207089,2.018740318,0.366315746,-3.89E-05,-1.036837556,0.890695038,0.212138268,-0.000232751,-0.481808673,0.642657947,0.067968325,-0.000510818,-0.156626676,0.368540381,0.024289147,2.45E-05,-0.576486419,1.048771414,0.118555409,-0.000852052,-0.183091742,0.459966079,0.038967025,2.54E-05,-0.487067506,0.613502314,0.068035732,-0.000402499,-0.168157501,0.384548164,0.025666214,2.40E-05
441,L,0,0,1,0.677236352,0.657697846,0,11.75802296,9.405367686,8.970882173,1.24E-05,11.84930139,1.963235565,0.888636231,0,11.79559822,5.934239806,5.644840102,0.121954732,10.86975154,4.830504106,4.492273613,0,11.29628495,7.448095161,7.106576354,0,11.01094825,2.809096544,1.988698311,0.035858301,11.60676638,3.589165654,2.259960388,0.036086935,11.01212047,2.474379666,1.674841856,-1.214262248,1.071267446,0.264996819,0.000787553,-0.681265599,0.634289712,0.15476635,-0.000331209,-2.389769269,1.957977347,0.303837286,0.001726819,-0.841193513,1.0934546,0.132822568,-0.000555271,-2.331345975,2.784397634,0.285837775,0.000240205,-1.276179746,1.022964237,0.138654252,-8.80E-05,-1.67418198,2.133999516,0.359815903,-0.001567061,-1.009386112,0.98905525,0.207584492,-0.00017187,-2.290607253,2.085805441,0.350772738,-0.00105596,-1.130800788,1.09331232,0.206822853,0.000476696,-2.326605361,2.283768966,0.371642106,0.001031935,-1.330692196,1.141242964,0.216623625,-0.000216641,-0.307005201,0.484504481,0.053143119,-0.001659501,-0.119831056,0.290445126,0.018474559,2.24E-05,-0.550494094,0.653807992,0.079406465,-0.002317941,-0.124015184,0.328158695,0.025613274,-1.83E-05,-0.348251154,0.554899623,0.058114075,-0.001330208,-0.137856852,0.301419278,0.020428454,3.39E-05
441,L,1,0.384302922,0.952858171,0.618362941,0.607587694,0.323645263,11.75802296,9.859303073,9.66065492,0.00045152,11.84930139,1.451522045,0.725219605,0,10.13387218,5.01554461,4.781784157,0,10.10226795,4.164856233,3.945544611,0,11.6703718,8.257952776,8.018039343,0.005539977,5.742615958,1.340177437,1.116330418,0,8.161541346,1.530766712,1.06901379,0,5.413061961,1.271460732,1.03336442,-1.214262248,0.862493306,0.229400226,-0.001013112,-0.51162116,0.483390558,0.132374816,-8.80E-05,-2.348853986,1.877537173,0.273204327,-2.53E-05,-0.919532333,0.960534876,0.123690325,-0.000372775,-2.331345975,2.784397634,0.226340419,6.89E-05,-1.276179746,1.022964237,0.116443388,-0.000125304,-1.632438365,1.665718743,0.324057154,-0.00071188,-0.897876509,0.98905525,0.193521706,3.10E-05,-1.292798745,1.532600228,0.2956987,-0.000480946,-0.786608372,0.759055777,0.179859765,0.000231897,-1.968481079,1.762682943,0.354048299,-0.000168467,-0.971555662,1.050019095,0.203924265,-0.000221204,-0.29546225,0.459840409,0.040391564,1.19E-05,-0.085833453,0.271825584,0.015595167,-9.62E-06,-0.281236692,0.653807992,0.057814434,0.000132937,-0.118004177,0.328158695,0.022305403,-3.41E-05,-0.298755164,0.453845329,0.039773139,-8.16E-05,-0.080030978,0.263263381,0.016353348,3.97E-06
441,L,2,0.21412244,0.844792041,0.548795437,0.538284325,1.012524039,11.6687,9.960064855,9.791846402,0,1.520136426,0.580251204,0.502786153,0.036840342,9.649020642,4.619826457,4.426928311,0,10.31180582,4.036918562,3.833906463,0.486275938,11.6703718,8.360985178,8.170279495,0.005539977,5.742615958,1.266957167,1.014050461,0,6.01632854,1.701641128,1.32503895,0,5.413061961,1.149203172,0.880241579,-0.870324301,0.941193974,0.205827489,0.000163351,-0.632953105,0.494749171,0.121756441,-8.85E-05,-2.327560369,2.015328498,0.26412993,0.000112783,-0.919532333,0.960534876,0.120448748,-0.000273496,-0.31027953,0.313726733,0.114349566,2.35E-05,-0.220327247,0.224225488,0.075375532,2.48E-05,-1.632438365,1.660730374,0.303461166,0.000548035,-0.897876509,0.907557353,0.185542057,-7.68E-05,-1.228290235,1.532600228,0.291866303,0.000945958,-0.764874473,0.759055777,0.176929949,0.000231101,-2.466115446,2.001009182,0.367264899,8.80E-05,-0.988978992,1.334440059,0.216245694,-0.000245793,-0.272938547,0.459840409,0.049557905,-6.90E-05,-0.078358902,0.253367865,0.016795777,1.55E-05,-0.446811743,0.507247323,0.068615441,-0.000549254,-0.169869899,0.436099008,0.023031088,1.45E-05,-0.273271814,0.453845329,0.04830553,0.000120425,-0.086893893,0.306553177,0.018548966,1.01E-05
441,M,0,0.09026089,1,0.614135867,0.604244638,0.266756628,11.73623517,9.339020609,9.05051519,8.50E-05,10.82336287,1.418251354,0.569969641,0,11.73072406,6.833084087,6.602993257,2.706987096,10.97145652,6.979354237,6.847983284,0.587439201,10.03072114,6.171774343,5.945926823,0.06274462,11.00404173,2.657916412,1.851476397,0.105043122,11.37928364,3.274131122,2.294693548,0,11.00720341,2.521087498,1.716300821,-1.088014237,1.127685412,0.182810839,0.000383128,-0.401606805,0.739154524,0.106405214,-7.35E-05,-2.358568613,2.032856619,0.262187275,0.001012006,-0.878094902,1.093611044,0.117397572,-0.000318113,-1.717087493,1.852610859,0.178332719,-0.00018291,-0.776790073,1.082457036,0.091547587,8.40E-05,-1.410872741,1.986128767,0.363311598,0.000754472,-0.804603093,1.01016503,0.212526392,0.000293368,-1.456790666,1.952355151,0.281148237,0.000787914,-0.836839847,0.952090908,0.164473252,0.000128936,-1.734984341,1.199289438,0.301922899,0.000489254,-0.760463974,0.768251166,0.176769349,-0.000130141,-0.622159717,0.649016015,0.064113304,-0.001667124,-0.160282961,0.227048877,0.01996767,2.84E-05,-0.843084046,0.794524039,0.096781677,-0.002708658,-0.19212995,0.362087093,0.034083766,-6.51E-06,-0.632170696,0.728417645,0.069354776,-0.001342847,-0.161875999,0.266583918,0.022315425,3.29E-05
441,M,1,0.362735943,1,0.588947005,0.584634966,0.682664045,11.11724615,9.489158542,9.333580157,2.49E-05,10.82336287,1.401543848,0.507426325,1.415656626,11.24242299,6.861536285,6.745532892,2.533862672,10.46198563,6.609049415,6.444115387,0,10.14089861,6.938269452,6.739326766,0,4.187998434,1.721411937,1.540346339,0,8.26785441,1.904718389,1.499374968,0,4.404486156,1.750361185,1.515530184,-0.744187758,0.652616726,0.166907263,0.000124088,-0.401606805,0.369064651,0.1017762,-1.30E-05,-2.248672501,2.032856619,0.251532505,-0.001712768,-0.878094902,1.093611044,0.115154329,-0.000291743,-1.717087493,1.852610859,0.176494036,0.000175285,-0.776790073,1.082457036,0.090485629,5.78E-06,-2.397942799,1.509399181,0.341709163,-0.00070694,-1.103198108,1.106506908,0.20363087,4.05E-05,-1.135303193,1.701650348,0.287174504,-0.000281145,-0.752583991,0.790452405,0.168425587,0.000129348,-1.410660482,1.661240409,0.307169104,-0.000968264,-0.805037836,0.868987404,0.1800248,-0.000322116,-0.333940233,0.49358744,0.044600648,0.00043617,-0.117749848,0.227048877,0.018531389,-3.89E-05,-0.540479976,0.794524039,0.087204962,0.001049148,-0.163680658,0.330713456,0.03194511,-2.76E-05,-0.417671096,0.422555584,0.048191018,0.000159057,-0.13201085,0.266583918,0.02175953,-5.94E-05
441,M,2,0,0.873775122,0.547713774,0.519664897,0,10.95564363,9.361430494,9.205514362,0,11.89644942,1.865111813,0.736750891,0.164270735,11.24242299,6.738915923,6.537391286,0,11.14255562,6.329942718,6.064731974,0,11.46908905,7.11297473,6.90410372,0,7.379280879,2.55186846,2.297120239,0,10.13820128,3.24364766,2.489745354,0.060654057,7.521702286,2.4420711,2.16562935,-1.049750691,1.046086847,0.176138297,-0.001400782,-0.457380594,0.439526135,0.100835783,-9.25E-05,-2.734783918,2.460838595,0.264137642,-0.000147664,-0.993372004,1.550759849,0.125979735,-0.000292822,-2.88692883,2.249736579,0.267931849,0.00018169,-1.044519782,1.064147043,0.119436666,-3.10E-05,-2.397942799,2.491250547,0.382224169,0.000956638,-1.130768223,1.371529131,0.22383309,-0.000197922,-1.533112022,1.794395636,0.340927752,-0.000767638,-1.02464235,1.115444354,0.191610242,0.000104657,-1.586673927,1.661240409,0.319961454,-0.000215807,-0.862023916,0.868987404,0.187262855,-0.000161645,-0.333940233,0.467975671,0.051402592,0.000333213,-0.117749848,0.173109074,0.018941045,-6.44E-06,-0.510288726,0.532413677,0.091589072,-0.000109658,-0.163680658,0.306216307,0.032589564,-3.82E-06,-0.417671096,0.487370807,0.060364574,0.000408963,-0.13201085,0.196395016,0.022622404,-1.39E-05
442,H,0,0,1,0.311769912,0.279136767,0,12.2404993,8.961366005,8.483466143,0.000422269,13.16277717,1.938802915,1.311073609,0.121347064,12.72452943,5.876726064,5.519517761,0,11.39780555,2.776860691,2.410547761,0,11.39780555,3.287026825,3.071396456,0.131872421,10.90909249,2.683638004,1.833989463,0.063764988,13.36538101,4.242523623,2.713359831,0.002622159,10.9168367,2.202234823,1.423421216,-1.115894473,1.084777104,0.152939958,0.000151519,-0.683170212,0.520484437,0.081715707,0.000235005,-2.341949492,2.714078663,0.317684185,-0.001373691,-1.094218177,1.079656738,0.145904131,-0.000629369,-3.473341577,2.591495188,0.303181412,0.000756846,-1.927744815,1.343818504,0.182086029,-0.000223531,-2.08054934,2.700161598,0.419070374,0.000260151,-1.565407572,1.684086731,0.240637224,-0.000169188,-2.616690144,3.448910591,0.242761671,0.000911645,-2.208376499,1.720955975,0.139949703,0.000417068,-4.186393884,3.202428658,0.256796313,-0.000349011,-3.279507028,2.126772615,0.162828533,5.72E-05,-0.678993691,0.47285377,0.075787959,-0.000867751,-0.21975831,0.203547005,0.020062793,-6.60E-06,-0.670364087,1.03261381,0.089582692,-0.002766009,-0.200365282,0.307922028,0.024149059,-2.59E-06,-0.940871333,0.825053023,0.089919798,-0.000194828,-0.326008616,0.458084179,0.027010166,-1.41E-05
442,H,1,0.007156709,0.431069393,0.203466904,0.183184881,0.240231325,12.12174721,8.854139075,8.359208708,0.000422269,7.466183362,1.813421294,1.270142749,0,11.89457906,5.433057088,4.975383892,0,6.319387071,2.770100503,2.41834826,0.001527983,5.310737548,3.322237728,3.146486405,0.068839244,5.570045129,1.607347491,1.279520502,0.001936503,7.267648183,2.061512319,1.630039847,0.002622159,4.903568095,1.441033268,1.074217683,-1.041309058,1.084777104,0.143959864,-0.000637261,-0.683170212,0.50319911,0.076955008,0.000142298,-2.441570139,2.714078663,0.322058975,0.000226245,-1.094218177,1.210522929,0.145886428,-0.000571278,-1.969890373,1.638862335,0.272689638,-4.74E-05,-1.157611298,0.935109498,0.16782582,-8.59E-06,-1.979322335,2.214418872,0.40953496,0.001630198,-1.107754436,1.216610509,0.226908575,-0.000545574,-1.094627379,1.370842278,0.19390246,0.000130756,-0.518973666,0.528610304,0.101751466,0.000188743,-1.078391909,1.073171076,0.206541528,-0.000234527,-0.537717688,0.517135182,0.120958718,-2.75E-05,-0.30446185,0.48614185,0.067813885,-0.000161628,-0.107955561,0.333684593,0.018873222,1.76E-05,-0.575787968,0.505756804,0.076029066,-0.000114406,-0.124156392,0.278499969,0.020062976,9.86E-06,-0.301084347,0.519000671,0.066992039,-0.000165647,-0.109808361,0.389741477,0.020633731,1.99E-05
442,H,2,0.007156709,0.3613096,0.169110844,0.156483663,0.24783413,11.96403767,8.956771686,8.557201114,0,7.383342994,1.454458933,0.906083148,0,11.89457906,5.079455486,4.647322705,0.329757279,6.319387071,2.544206316,2.220315095,0.001527983,5.647660147,3.622460085,3.468759736,0,5.612133709,1.49614083,1.167429203,0,5.23242717,1.611607266,1.208581829,0,5.414094809,1.395289463,1.052586958,-0.654819848,0.783620811,0.136579154,0.000213363,-0.43325444,0.432371523,0.074390124,-2.44E-05,-2.441570139,2.295927573,0.283141202,0.000317496,-0.966860663,1.210522929,0.128914261,-0.000487965,-1.969890373,2.495928828,0.24572101,8.73E-05,-1.397714352,1.292016645,0.154799483,0.00011933,-1.979322335,2.214418872,0.387866144,0.001060426,-1.107754436,1.216610509,0.214709358,-0.000589399,-0.96891373,1.52515411,0.17965081,9.94E-05,-0.541464213,0.700969475,0.095165238,0.000260168,-1.238373758,1.073171076,0.193472949,0.000293775,-0.727443431,0.673186586,0.112940174,-0.000145257,-0.30446185,0.48614185,0.060868575,0.000779172,-0.112632893,0.333684593,0.017259911,2.31E-05,-0.297012903,0.478744189,0.063916482,0.000293852,-0.113915464,0.245880461,0.017516639,4.26E-05,-0.294142347,0.519000671,0.059701494,0.000793109,-0.110952356,0.389741477,0.018400245,1.85E-05
442,L,0,0,1,0.560019446,0.537702079,0,13.1456039,10.11365567,9.73955463,0,12.49044483,0.925423664,0.428889301,0,11.49707387,7.860604267,7.642776211,0,12.80954394,5.709917804,5.187058751,0,12.95930303,6.250141521,5.909214285,0.17144666,13.39255921,4.900143127,4.015183139,0.050606446,13.08936236,4.427327387,3.764120838,0.020862512,13.39076287,4.518078333,3.431558964,-1.228888886,1.143751149,0.271318515,-0.000949921,-0.742771709,0.819782097,0.16028951,-6.47E-05,-2.119808982,2.303825485,0.275648511,0.001020252,-0.771848991,0.885830096,0.116683213,-0.000429859,-3.712516301,3.898410564,0.282421332,0.000481151,-2.389815566,2.588956777,0.179362668,7.81E-05,-2.174382061,2.025514274,0.36818426,0.000739893,-0.913271837,1.343063637,0.213854174,-0.000558292,-2.077676733,2.772088243,0.36095828,0.000489764,-1.335069298,1.396598772,0.207413668,3.33E-05,-2.38014402,2.951493011,0.406232953,-0.000489537,-1.616952881,1.250377742,0.24503218,0.000153677,-1.001344359,2.260963273,0.132302717,-0.001245602,-0.577898122,0.744696207,0.04765861,-1.98E-05,-0.919314773,1.443656275,0.159554282,-0.001300308,-0.34702994,0.57733223,0.056571358,0.000212605,-1.232203034,2.262258628,0.142147895,-0.0012246,-0.58035007,0.759869829,0.052346295,-8.02E-05
442,L,1,0.160889583,0.760954859,0.549580398,0.531284522,0,13.1456039,10.25868037,9.91035371,0,2.026659358,0.583500834,0.359681446,2.027697806,12.80971454,7.953478157,7.771800555,0.510288964,12.80954394,5.729737286,5.270099675,0,11.32948005,6.312855463,5.99423455,0,10.27821602,2.767121911,2.034477476,0,8.036131916,2.884495391,2.269335171,0,9.815872448,2.489213698,1.661519925,-1.168258167,1.17761468,0.239274468,-0.000419194,-0.62722831,0.819782097,0.139622502,-0.000114581,-2.002178006,2.303825485,0.251608646,0.000663585,-0.771848991,0.937988061,0.108682526,-0.000283819,-0.635017317,0.652490179,0.174533657,0.000195956,-0.473127458,0.429351694,0.117269466,-6.22E-05,-1.927316087,2.025514274,0.361690403,9.56E-05,-0.913271837,1.343063637,0.212886087,-0.000370773,-2.075525982,2.772088243,0.321927177,0.000507266,-1.293999317,1.342040217,0.186728284,0.00030722,-2.38014402,2.951493011,0.381406499,-0.000418803,-1.616952881,1.250377742,0.235603327,-0.000287133,-0.509538657,0.731144302,0.078944689,2.85E-05,-0.162768599,0.341040064,0.029544579,2.01E-05,-0.466044878,0.861368807,0.093288638,2.77E-05,-0.19483422,0.209752713,0.037806735,5.52E-06,-0.602270438,0.799098061,0.082523362,2.82E-05,-0.157134418,0.430926229,0.032657226,2.36E-05
442,L,2,0.201810447,0.753653452,0.531194618,0.517056011,0.377836176,12.84262218,10.49606239,10.28978792,1.00E-06,2.839321855,0.621484024,0.394562599,2.151038482,12.80971454,7.78912635,7.643283676,0.510288964,11.76003196,5.347540253,5.1000954,0.421767055,11.06970071,6.483700062,6.225242918,0,7.65832867,2.314692891,1.92250728,0,7.370957477,2.905273951,2.274054116,0,7.206194419,1.9741415,1.491924483,-0.992215226,1.17761468,0.233737426,-5.67E-06,-0.523000046,0.703475225,0.135926166,-8.29E-05,-2.002178006,2.1302133,0.211682853,-2.89E-05,-0.757807609,0.937988061,0.09544106,-0.000192592,-0.9133111,0.813968413,0.182050251,-0.00036767,-0.623382143,0.576771408,0.123166932,-4.06E-05,-1.839513305,1.371794825,0.35057018,-0.000558002,-0.812815114,0.932238319,0.207745914,-0.000166755,-1.834856943,1.85565864,0.286539792,-0.000270746,-0.895561936,0.86529896,0.167718418,8.01E-05,-2.301574249,2.453382664,0.349922162,0.000504093,-1.287521832,0.98423464,0.211563727,-0.000100721,-0.331441147,0.524578503,0.061619634,0.000249172,-0.137718406,0.336550616,0.024749605,4.25E-05,-0.466044878,0.464995348,0.079490672,0.000618986,-0.150192371,0.192751959,0.034986268,3.96E-05,-0.319304768,0.525432783,0.064436668,5.62E-05,-0.138089417,0.343765423,0.026970523,3.47E-05
442,M,0,0.080472614,1,0.447226796,0.398647525,0,13.98531465,10.35785064,9.98752769,0.001411203,13.87782705,1.918021026,1.663017086,0,13.44471763,7.475199079,7.207715157,0,13.92603707,5.810020446,5.09543273,0,14.15817701,7.667627142,7.226689145,0,12.87815379,5.19594141,4.301729206,0.018317812,13.73003943,3.598449767,2.677584052,0,11.30369117,4.443675088,3.511130238,-1.147982914,1.18309808,0.255077542,-0.000773947,-0.790223756,0.635688719,0.146834407,-2.68E-05,-2.572588449,2.137096205,0.28801263,0.000480334,-1.007036322,1.549287628,0.141557062,-0.000198516,-4.466147864,3.187959869,0.297912774,-0.000148289,-2.796750574,1.800807555,0.187737783,7.00E-05,-1.994709347,2.095472405,0.403362649,-0.000661563,-1.184022869,1.126005848,0.244454669,2.91E-05,-2.563112326,2.53523533,0.382573219,0.000699351,-1.40461504,1.381566518,0.226172347,-4.50E-05,-2.551688373,2.567138848,0.410803678,-0.000690681,-1.444739975,1.536104978,0.253865822,-0.000114594,-1.392538033,1.127844664,0.150854421,-0.000731518,-0.612346691,0.786535199,0.062372754,2.96E-06,-0.671357506,1.030726657,0.119006464,-0.000857694,-0.320629982,0.473151877,0.050884787,2.09E-05,-1.708168897,1.160412109,0.161951411,-0.000336226,-0.601846286,1.222721154,0.069400158,-5.85E-05
442,M,1,0.080472614,0.549106356,0.298622721,0.282501932,0.024089086,13.08183472,10.5383602,10.30182775,0.000346408,5.684415887,1.664210935,1.462836761,3.116140344,13.44471763,8.231927538,8.089706595,0.304026869,13.43927148,4.025612919,3.428129117,1.180742723,13.15178149,8.555695743,8.331565576,0,8.335707455,2.10535958,1.772893795,0,6.103018137,1.843265767,1.502009638,0,8.164170271,1.635337832,1.220340797,-1.147982914,1.18309808,0.275414723,-0.000102446,-0.790223756,0.635688719,0.156373331,9.97E-06,-2.572588449,2.299630957,0.23011425,0.000143826,-1.007036322,1.074051583,0.113435328,-4.93E-05,-1.101123,0.862514938,0.248442767,-0.000233078,-0.54790146,0.559445419,0.160199415,-0.000200984,-1.953126413,2.095472405,0.373157982,0.001020785,-1.101686327,1.126005848,0.2254164,0.000126364,-2.563112326,3.114693912,0.359196193,-0.000903813,-1.12148279,1.381566518,0.205833639,-6.77E-05,-2.189710869,2.567138848,0.415455504,0.000525333,-1.456955249,1.536104978,0.25931583,-4.94E-06,-1.219956536,0.953972238,0.09932389,-0.001892863,-0.443672248,0.786535199,0.048545889,-8.14E-05,-0.644349183,1.030726657,0.110646069,-0.000539393,-0.320629982,0.473151877,0.052679949,-2.98E-05,-1.150149147,0.81746149,0.096627984,-0.001817274,-0.40563621,0.703767739,0.048619289,-6.70E-05
442,M,2,0.008982882,0.549106356,0.314803751,0.297892471,0.552214285,13.14979289,10.74782971,10.46559895,0,5.579251416,1.756959495,1.507047498,3.464349071,13.71425204,8.563284942,8.402092045,0.328047403,13.43927148,4.427325234,3.841942717,1.451462125,13.90250452,8.72255053,8.484938381,0.248432478,13.59510657,3.932573856,3.090821379,0,7.182769363,2.727367214,2.207666131,0.042983223,13.59911939,3.386401032,2.293415327,-1.580681336,1.264783667,0.269959049,-0.000114406,-0.79112454,0.895412372,0.158958228,6.99E-05,-2.29992523,2.299630957,0.23280409,-0.002287278,-0.801546898,1.117915602,0.108392916,-0.000136203,-0.97944674,1.009350002,0.26681664,0.0001905,-0.582194189,0.589705811,0.17039875,9.33E-06,-1.261011342,1.577717887,0.363353768,0.000384807,-0.909073996,0.876060316,0.218261088,0.000279099,-2.410721345,3.114693912,0.383592691,0.00175322,-1.428574,1.341317669,0.220786072,-8.53E-05,-3.989335195,1.752606791,0.421716293,-0.00093956,-1.810903026,1.670148568,0.262840757,5.60E-05,-0.505562231,1.454872421,0.114486562,0.001725793,-0.235196648,0.361977293,0.045179383,1.99E-05,-0.428272334,0.879519387,0.099486334,-1.58E-05,-0.279833517,0.17227816,0.045684568,-1.42E-05,-0.505552115,1.665135916,0.116027764,0.002191751,-0.266748466,0.371288411,0.046049929,3.13E-05
443,H,0,0,0.656861981,0.526196161,0.520844084,0.130252642,10.63446434,8.031070973,7.707512915,6.55E-05,10.82317617,1.239853107,0.45230279,0,9.500981295,6.241586821,6.098680835,0,10.89652774,5.546997651,4.92217955,0,11.04344153,6.683411708,6.329018562,0,11.3979027,3.334945199,2.593822643,0.013960618,11.87486332,2.94972047,2.10853345,0.088813061,11.44268252,3.399135937,2.576213768,-0.708837526,0.692258521,0.109135536,-0.000207533,-0.37481743,0.349934686,0.058977535,0.000106558,-2.112716489,2.300080358,0.327236705,-5.01E-05,-0.801416463,1.462195503,0.153338913,0.000893164,-1.265007189,0.581025308,0.119043888,-0.002800185,-0.463387265,0.307641609,0.074353528,-9.83E-06,-2.208136728,1.632524366,0.329225558,9.59E-05,-1.145211538,1.353866312,0.20041066,0.000345632,-1.820583416,2.099141833,0.437123119,-0.000984664,-0.883214146,1.124848231,0.24112752,-0.000264399,-1.929571002,2.19527671,0.406541428,0.000923268,-1.019486417,1.025248779,0.223778754,0.000434917,-0.395953582,0.532941121,0.092860204,-0.000853658,-0.144185469,0.20015862,0.024675751,-0.000153661,-1.113037673,1.033692468,0.166541648,-0.000306542,-0.42603208,0.748346882,0.048818642,-0.000261295,-0.360752918,0.537693635,0.081625661,-0.001057031,-0.160671858,0.110717903,0.025786815,-9.61E-05
443,H,1,0.319157955,0.722919165,0.540591261,0.535901246,0,10.59916071,7.757219731,7.508182955,0,7.889610419,1.382685601,0.700021689,0.985217888,11.26043165,6.772505055,6.609011241,0,11.59747379,5.284256226,4.621840226,0,11.12958197,7.007965201,6.702235614,0,8.687696251,2.71349015,2.069336215,0.013960618,9.417163868,2.771362694,2.026589689,0,9.975407207,2.63998117,1.878377132,-0.515429537,0.692258521,0.10366212,-0.00043029,-0.360984301,0.294709394,0.054241286,0.000163251,-1.921267642,2.487631013,0.298927727,0.000363688,-0.891764823,1.00669014,0.139378198,0.001042038,-1.516328828,1.491793949,0.191262013,0.000251036,-0.981201545,0.634764889,0.103807146,-4.32E-05,-2.355620866,1.604429566,0.356361714,-0.000779591,-1.318951536,1.181022438,0.207583882,0.000431561,-1.92970465,2.180200987,0.45815012,-0.000492575,-0.963648173,1.124848231,0.256539605,-0.000383064,-1.929571002,2.19527671,0.406460747,0.000604347,-1.053523933,1.025248779,0.229957838,0.000352692,-0.627860653,0.512473075,0.089957839,0.001518945,-0.107331278,0.206444695,0.025666469,-0.000244069,-1.035395506,1.719148528,0.151741663,0.001208603,-0.350788061,0.989209466,0.049218635,-0.000356414,-0.588252501,0.438017207,0.080370742,0.001413154,-0.112307834,0.200434492,0.026777424,-0.000167069
443,H,2,0.280217318,1,0.544592709,0.534873606,0,10.59916071,7.348093126,7.092363533,0,8.323258127,2.553093513,1.828998306,0.908362301,11.26043165,6.987770864,6.801116449,0.118446433,11.59747379,5.335229315,4.698767718,1.655415198,11.16207777,7.159717432,6.903399673,0.047345134,8.687696251,3.480440923,2.942092602,0,9.417163868,3.025663378,2.373218979,0,9.975407207,3.580805183,2.842218832,-0.537004216,0.665041219,0.109513434,-2.43E-05,-0.29727216,0.289153242,0.056755159,4.07E-05,-2.224805337,2.487631013,0.30848183,0.000502449,-0.891764823,1.00669014,0.139608533,0.000640152,-1.601476515,1.491793949,0.256544032,0.000402656,-0.981201545,0.769169846,0.139045825,5.03E-07,-2.355620866,1.734148324,0.389511479,-0.000775764,-1.318951536,1.174478806,0.222793118,9.54E-05,-2.358857271,2.180200987,0.439934184,0.001187707,-0.963648173,0.920917309,0.24845634,-0.000168375,-1.573301597,1.871452267,0.371285014,-0.000926681,-1.053523933,0.994087999,0.214661336,0.000191911,-0.627860653,0.512473075,0.086604571,-0.000131124,-0.107331278,0.206444695,0.025934211,-0.000101401,-1.035395506,1.719148528,0.156353631,0.000426549,-0.350788061,0.989209466,0.05245114,-0.00016796,-0.588252501,0.369731212,0.087036895,-0.000384703,-0.112307834,0.200434492,0.027953063,-1.32E-05
443,L,0,0,1,0.685299508,0.676330112,0.528250692,10.69080907,8.201176721,8.00047961,7.88E-05,10.89444703,0.753837579,0.494101087,0,11.73924631,6.317111174,6.206990003,0,11.40394812,5.411404081,4.845493376,0,10.77437466,6.995116868,6.739017824,0.148482754,11.7053321,2.127005945,1.634836433,0.007956443,12.70125838,2.131606732,1.265105932,0.07265823,11.36344327,1.79140191,1.434237325,-1.191939341,1.077562245,0.142860533,-0.000452632,-0.65825013,0.510165609,0.077757842,0.000111421,-1.788443189,2.079525464,0.244332105,-9.93E-05,-0.675840954,0.773101836,0.112005033,0.000384595,-2.517660613,1.368106197,0.161291974,0.000257605,-0.951981203,0.789403982,0.0944417,-0.000158109,-1.733795234,1.604631548,0.286418027,-0.000519048,-0.836031977,0.854624803,0.16929405,5.33E-05,-2.837347514,2.301756731,0.430007693,-0.000883539,-1.06129174,1.376650395,0.242685992,-0.000270393,-2.790489684,2.564085342,0.373473953,0.000714881,-1.335654117,1.065084605,0.208879069,0.000323672,-0.349775241,0.756550237,0.063964694,-0.000650792,-0.132418279,0.146336703,0.015102206,-5.71E-05,-0.6603221,0.846722172,0.087135135,0.000454238,-0.176855393,0.464969668,0.022086508,-0.000100623,-0.807804135,0.776260869,0.067149999,-0.00112345,-0.135667832,0.125413985,0.017680372,-1.13E-05
443,L,1,0.320060589,0.771096205,0.605355906,0.597974217,0.528250692,9.983269663,8.173033272,8.083047154,0,10.89444703,0.714790264,0.370103076,2.0810932,11.73924631,6.617751623,6.544692184,0,10.39476441,5.220056826,4.751629628,1.280000394,10.62729786,6.847847364,6.66140029,0,5.050893152,1.124480216,0.974311642,0.007956443,6.909272387,1.311988576,1.042036849,0,2.395613077,0.814367961,0.626166735,-0.858093012,1.077562245,0.136092052,-0.000413496,-0.65825013,0.438609154,0.077702852,9.25E-06,-1.788443189,1.956569645,0.18879278,0.000184983,-0.610039633,0.754315937,0.090533388,0.000181171,-2.517660613,1.368106197,0.144135248,-0.000179908,-0.951981203,0.789403982,0.080603532,-3.04E-09,-1.18556881,1.503655797,0.247224098,0.000948717,-0.836031977,0.854624803,0.148018459,4.66E-05,-1.86418964,1.784680571,0.36834029,0.000135722,-0.988038177,0.886395614,0.2108246,-0.000122869,-1.472913782,1.745305127,0.317525991,-0.000154618,-0.834781749,0.96677539,0.185246366,8.37E-05,-0.204372857,0.380002106,0.039869468,-3.58E-05,-0.079376582,0.257314101,0.013179984,-3.63E-05,-0.260175164,0.424517177,0.052639351,0.000333459,-0.103590031,0.288218924,0.016587184,-5.13E-05,-0.167707935,0.280631125,0.031585278,-0.000340822,-0.08472446,0.188422403,0.013678843,-1.69E-05
443,L,2,0.365473378,0.948842917,0.631492687,0.621256446,0.635035685,9.812591228,7.845942421,7.695919434,0,7.106715213,0.956182458,0.439329149,1.635293069,10.45467555,6.831177248,6.738630309,0.136386818,10.17180179,4.597935088,4.0550979,1.193665461,10.81125729,7.395378986,7.194491789,0,3.878626547,1.522371171,1.267707114,0,4.491312433,1.376940144,1.1516153,0,3.988086311,1.414834423,0.983627444,-0.725853879,0.793982827,0.139818159,0.000315912,-0.397804854,0.414507807,0.080227603,4.27E-05,-1.98002087,2.215386141,0.224777505,-0.000294328,-0.838570773,1.052681743,0.108123849,0.000243665,-1.619307638,1.582050555,0.148913187,-0.000127138,-0.636204453,0.71836357,0.083994686,6.01E-06,-1.358061693,1.310897863,0.269305101,0.000398503,-0.658652404,0.844299947,0.161330806,-9.46E-05,-1.86418964,2.108093543,0.385333699,-0.000647252,-1.273433638,1.097979871,0.220877845,3.95E-06,-1.747165462,2.023192446,0.340555578,0.000708774,-0.925912952,1.019639283,0.199545574,3.66E-05,-0.214734819,0.380002106,0.042030212,0.000255487,-0.063049648,0.257314101,0.014461446,-4.01E-05,-0.268181743,0.445660827,0.05628551,-6.24E-05,-0.103590031,0.288218924,0.018240646,-3.13E-05,-0.211140896,0.271446885,0.035780372,0.00032786,-0.075576123,0.188422403,0.015585051,-2.96E-05
443,M,0,0,1,0.631669661,0.621002361,0,10.99110827,7.873050364,7.602531604,0.000256949,10.93946012,1.732929481,1.007680852,0,10.08847102,5.77690506,5.601831249,0.200195624,11.50087173,5.660019198,4.878172095,0,10.65774089,6.916814791,6.600854853,0.164311665,11.62745835,2.821968117,2.283617904,0.0159995,11.9742857,2.630907886,1.836079699,0.009645242,8.343750372,1.996601972,1.606602304,-1.020775689,1.166789282,0.172214506,0.001646346,-0.644856201,0.495185175,0.094080966,-4.26E-05,-2.229412451,2.627466234,0.308819913,-6.84E-05,-0.961702673,1.084770912,0.144559874,0.000454799,-2.520674421,2.443521851,0.278750415,0.000152144,-1.108629399,0.998326476,0.154306611,-5.62E-05,-2.145003379,1.941554534,0.33287235,-3.41E-05,-1.295228085,1.118394412,0.193489825,-1.98E-05,-2.540723164,2.697813914,0.524038679,-0.000284338,-1.437031523,1.257966045,0.30059962,-0.000216629,-1.582073047,2.081941831,0.428162506,0.001585775,-1.03701802,1.183856693,0.249909746,-0.000111358,-0.655981086,0.72134911,0.096456852,-0.001187623,-0.16426704,0.42382432,0.027311871,-0.000176112,-0.474578096,0.804785257,0.111517568,-0.000907428,-0.197653722,0.458916918,0.030463922,-0.000216926,-0.598281742,0.664386529,0.082638697,-0.001009393,-0.189828625,0.361402425,0.029777075,-7.30E-05
443,M,1,0.286152049,0.803673313,0.591648407,0.58391112,0.107901482,10.01144127,7.867967361,7.677203989,0,10.93946012,1.533420033,0.856291384,0.839774103,10.08847102,6.324360036,6.211545558,0,11.68674542,4.758524451,3.887136606,1.062344856,10.48455559,7.500548544,7.249438682,0,5.658381372,1.901589969,1.525667794,0,6.656839444,1.650302068,1.147579336,0,4.435801046,1.465582025,1.173714194,-0.805221165,1.013797919,0.161478226,-0.000544862,-0.607981064,0.439157961,0.093621498,1.42E-05,-2.229412451,2.564021453,0.268115036,0.0005971,-0.961702673,1.084770912,0.128213169,0.000307201,-2.520674421,2.443521851,0.266134302,-0.000550732,-1.108629399,0.998326476,0.148866389,-7.24E-05,-1.880435096,1.941554534,0.278302184,-0.0001305,-1.295228085,1.118787605,0.168360873,0.000118101,-2.540723164,2.697813914,0.46233434,0.00030699,-1.351311697,1.257966045,0.271816439,-0.00043559,-1.867276187,2.24458641,0.387997565,-0.000182397,-1.026336767,1.300544212,0.232299033,0.000354481,-0.655981086,0.662467826,0.074205626,-4.49E-05,-0.162938034,0.42382432,0.024354637,-4.31E-05,-0.474578096,0.656849994,0.085460133,0.000168861,-0.144797593,0.458916918,0.02871548,-6.82E-05,-0.598281742,0.473427795,0.060720523,-0.000203907,-0.189828625,0.361402425,0.024012103,-8.20E-06
443,M,2,0.264640424,0.803673313,0.578047741,0.571395408,0.141926903,10.02868965,7.792761282,7.670971669,0,11.55087963,1.89382975,1.045926226,0.519146571,11.38548343,6.387787806,6.257846725,0,11.68674542,4.266732307,3.475160731,0.947544085,11.4442132,7.742001703,7.520630554,0,11.4721256,2.369171658,1.603903119,0,5.563178488,1.519724961,1.182549024,0,11.44902668,2.117271003,1.267621693,-0.955906512,0.978005344,0.157697807,-0.000836512,-0.650247615,0.439157961,0.090891685,-0.000179424,-2.133436429,2.240463264,0.222143122,0.002517743,-0.806722106,0.994919973,0.107705961,0.00025571,-1.635093162,1.831208578,0.237297335,-0.000194604,-0.759577443,0.854982094,0.136976463,7.60E-05,-1.981917993,1.521273949,0.278764667,6.00E-05,-0.823193447,1.118787605,0.163372963,8.01E-05,-2.366704321,2.154795023,0.457290702,-0.001439027,-1.48281475,1.20373477,0.262495802,7.03E-06,-1.867276187,2.24458641,0.379915419,0.000706409,-1.032420286,1.300544212,0.22365684,0.000138555,-0.652061619,0.727414713,0.07041538,-0.000544587,-0.159117433,0.207032856,0.022172325,-1.69E-05,-0.448861549,0.654932464,0.071821004,-0.000337042,-0.152893751,0.366827579,0.024377076,-2.51E-05,-0.730099489,0.742603833,0.064988109,-0.000487205,-0.178348354,0.19739067,0.021380992,-5.87E-06
444,H,0,0,0.79322377,0.683200466,0.674409415,0.248418721,12.47145218,6.896275143,6.487514167,5.45E-05,8.146551154,2.331726626,1.389588318,0,9.046146614,5.398113806,5.372163042,0,11.93724597,5.510862672,5.444642184,0,9.417544979,2.137878639,2.044182863,0.032168894,6.785532729,1.916524028,1.483668375,0,10.47848086,2.589598034,1.945835232,0.016268174,7.057747152,1.772343281,1.27050329,-1.303985845,1.818405403,0.095798587,0.000828841,-0.90515646,0.675782609,0.048494837,-0.000285689,-2.573617787,3.5414721,0.298965292,0.000701268,-2.306605338,1.739587264,0.150743953,0.000173374,-2.086245294,1.230481837,0.198639656,0.000885045,-1.115380225,1.030876826,0.09846253,-0.000122337,-1.901528163,2.267286466,0.129291362,0.0003494,-1.116692907,1.517881587,0.081997087,-0.000144664,-2.276677147,2.122640721,0.172821879,-0.000170059,-1.825879326,1.617078469,0.11146377,-0.000187293,-3.217889978,2.890299697,0.18213171,0.000436872,-2.235431276,1.570311106,0.125102769,0.00024233,-0.316373206,0.330325177,0.061386314,8.46E-06,-0.060363132,0.174935008,0.01145767,-3.12E-05,-0.628058338,0.633040926,0.099944462,-0.000765582,-0.112157756,0.324311993,0.022368374,-0.000148329,-0.338092126,0.349442049,0.063055959,0.000450157,-0.065052958,0.238723462,0.014004384,3.51E-05
444,H,1,0.398369262,1,0.663695653,0.65846228,0.253119832,9.61582177,6.893749993,6.479504151,0.000200453,9.963609786,2.839033464,1.867113928,0,8.042988939,5.410418479,5.382326885,0,8.042988939,5.381094227,5.327497851,0.279572921,9.417544979,2.133919953,2.038730647,0.043585215,8.625459876,2.375517776,1.904107823,0.006095552,9.909018064,2.637181784,2.121315754,0.005483296,8.894263677,2.316818071,1.764689166,-1.690793085,1.475037449,0.074591957,-0.000972191,-0.882687802,0.86305495,0.042086951,2.70E-05,-1.600212379,1.576126774,0.243659409,-0.003411255,-0.632824837,0.580465805,0.107768146,-4.79E-05,-1.428625842,1.230481837,0.215157608,-0.000196377,-0.655170887,0.656620329,0.103220024,-0.000101101,-1.901528163,2.267286466,0.1363104,3.15E-05,-1.116692907,1.517881587,0.084313586,9.53E-05,-1.89396372,2.122640721,0.159239122,0.000957027,-1.096395948,1.456312515,0.093387205,0.000178927,-3.217889978,2.890299697,0.175342734,-0.000661292,-2.235431276,1.802978753,0.116428933,0.000406501,-0.393530503,0.332632712,0.072726108,0.000743556,-0.070570761,0.174935008,0.012584618,8.86E-05,-0.541948707,0.393394408,0.093064121,0.000613626,-0.107270058,0.276744631,0.022225982,5.91E-05,-0.411272497,0.359884582,0.080400771,0.000753603,-0.075793248,0.238723462,0.016371408,0.000103243
444,H,2,0.162203984,1,0.654254002,0.648247809,0,9.61582177,6.778049537,6.303036762,0,9.963609786,2.465169326,1.488131304,3.450268259,8.042988939,5.406355116,5.379750324,3.858867421,8.303867976,5.533919598,5.475805402,0.279572921,5.314752618,2.05145594,1.959925761,0,10.35785454,2.54321625,1.962470729,0.006095552,9.909018064,2.703755992,2.068625095,0,10.35785454,2.500699229,1.836463521,-1.690793085,1.475037449,0.075330098,-0.000419069,-0.882687802,0.86305495,0.040684937,0.000127214,-1.549335816,1.572051681,0.247755304,-0.001935324,-0.570312231,0.54770214,0.105689028,0.000184455,-1.315322944,1.219112303,0.185441516,-0.001470066,-0.532050887,0.563356801,0.090899032,7.89E-05,-1.727783924,1.581775419,0.119788806,-0.000266111,-1.036017547,0.822267068,0.072814436,0.000179336,-1.805778389,1.626560363,0.145132022,0.000168648,-1.096395948,0.83367606,0.08304517,0.000269777,-2.441250285,2.0959495,0.141900783,-0.000196413,-1.56121344,1.802978753,0.094445974,0.000164373,-0.393530503,0.358671344,0.079941235,0.000264937,-0.096033472,0.15971882,0.013907405,5.56E-05,-0.561236568,0.509473731,0.101124915,-3.63E-05,-0.11765523,0.347377782,0.024405529,3.45E-05,-0.411272497,0.404298526,0.085901933,0.000347925,-0.094230535,0.187918144,0.016492974,6.26E-05
444,L,0,0.157831576,1,0.699651182,0.688102555,0.104957989,8.903055538,6.490478033,6.196874169,0.00038606,6.979437357,2.392650704,1.658501654,1.203592586,9.184383682,5.483537243,5.305219798,0.553365999,9.612108176,4.010810937,3.54180213,0.39037316,8.34915978,5.643138371,5.394861889,0.13608026,3.983204902,1.595460494,1.347773083,0.028463045,6.119972273,2.071721802,1.536718127,0.050710769,4.535703838,1.458615555,1.190507336,-0.517857812,0.578986385,0.08048805,-0.000231952,-0.186974391,0.213148889,0.037800122,-0.000148198,-1.866304113,1.776981192,0.237086122,-0.000321492,-0.614945129,0.937414526,0.109286419,0.000167484,-1.800626519,1.312096086,0.197826071,0.000261816,-0.760340489,0.727096086,0.097884898,-2.75E-05,-1.473017426,1.233825445,0.268505785,-0.000564724,-0.819745157,0.840478273,0.158631653,-5.02E-06,-1.286169589,1.608925969,0.266866059,1.66E-05,-0.796208143,0.748150756,0.147084826,3.41E-05,-1.770043596,1.630040503,0.267521224,1.62E-05,-0.786626538,0.821886413,0.152413618,0.000186159,-0.286440595,0.416699351,0.034432732,-0.000704783,-0.082342616,0.12208845,0.008624975,1.56E-06,-0.432322585,0.55500196,0.063333798,3.26E-05,-0.11479874,0.338776202,0.015796329,-4.00E-06,-0.250419512,0.376793783,0.038219912,-0.000877472,-0.070455256,0.134654186,0.011078018,1.61E-05
444,L,1,0,0.9050175,0.678692072,0.66279066,0.104957989,8.924629428,6.8468997,6.542234835,0.000396777,9.832462895,2.7928364,1.91349561,0.01151555,9.397285093,5.362086994,5.192790878,0,9.612108176,4.153703804,3.740336802,0,9.41754985,5.365671337,5.191523433,0,6.331789853,1.692505282,1.270362254,0.028463045,5.523553042,2.061074441,1.493691699,0.013685075,6.829418123,1.596025069,1.122355178,-0.548506609,0.578986385,0.076903335,0.000123664,-0.153221782,0.165567909,0.033946323,-2.46E-06,-1.866304113,1.554140271,0.215350989,-3.02E-05,-0.609955035,0.840986378,0.09902636,-1.14E-06,-1.293312989,1.312096086,0.18272404,0.000684321,-0.749329561,0.535285008,0.087103308,-0.000170759,-1.473017426,1.196263979,0.268261885,0.000362559,-0.819745157,0.794431957,0.157567246,1.50E-05,-1.457385021,1.654712166,0.252353225,0.000335987,-0.655337229,0.748150756,0.13926839,8.28E-06,-1.987201695,1.155976663,0.250211732,-0.00046902,-0.806514616,0.899203509,0.145726167,0.000150896,-0.286440595,0.416699351,0.044471343,0.000208152,-0.082342616,0.216562844,0.010803423,5.19E-06,-0.432322585,0.55500196,0.064398401,0.000637731,-0.11479874,0.450063298,0.019523464,-6.24E-06,-0.250419512,0.376793783,0.043184055,-9.42E-05,-0.070455256,0.186505288,0.010657191,1.75E-05
444,L,2,0,0.887079261,0.689731311,0.671486269,0,9.578999096,7.190593797,6.928044844,0,9.832462895,2.241678958,1.375616468,0,9.397285093,5.466690466,5.288294612,0,9.516150258,3.999199833,3.595604429,0,9.41754985,5.453547712,5.267430716,0,7.441973614,1.994122887,1.480659257,0,5.523553042,2.187478807,1.760745017,0.013685075,8.199791255,1.966998127,1.262047961,-0.548506609,0.392843829,0.075484751,5.41E-05,-0.146718097,0.161649424,0.034183423,-7.43E-06,-1.93700067,1.846721002,0.204967139,-6.85E-05,-0.619114986,1.078769145,0.098078468,9.10E-05,-1.293207694,1.012060701,0.139357159,-0.000415627,-0.474770854,0.525275829,0.069353648,4.92E-05,-1.466227413,1.376972205,0.266184616,0.000892954,-0.692944887,0.839367443,0.155104176,4.91E-05,-1.493674879,1.654712166,0.248714282,0.000129681,-0.609105856,0.631284088,0.138770144,-2.55E-05,-1.987201695,1.749666076,0.264834105,-9.62E-05,-0.806514616,0.935317162,0.154649864,0.000170106,-0.463959744,0.418698987,0.052581984,0.000113713,-0.087667367,0.216562844,0.01153407,3.02E-05,-0.40423009,0.492285255,0.058332059,0.000103734,-0.102957577,0.450063298,0.019801162,8.72E-06,-0.536065168,0.415699673,0.057938783,0.000120747,-0.104224497,0.186505288,0.011650159,3.56E-05
444,M,0,0,0.8531278,0.632555271,0.613837981,0.339595101,9.979796279,6.888030135,6.495821858,0,11.62064868,2.288008273,1.054104157,0,10.12656121,5.952524175,5.726017315,0,10.07652578,3.97041395,3.309600216,0,11.07872457,6.78227576,6.411346224,0.00484459,7.565500439,2.632059697,2.221451891,0.012478854,10.80754964,2.2302316,1.426584558,0,7.701567014,2.422750217,1.990454575,-0.465580224,0.387519143,0.08379386,-0.000101319,-0.194247264,0.168225539,0.036175974,-9.44E-05,-2.03072093,1.844955087,0.218634545,0.000554784,-0.667098509,1.260989813,0.100976776,-0.000169463,-1.658004987,1.948896697,0.186997011,8.07E-05,-1.030018883,1.089554512,0.100799083,-0.000136226,-1.245530578,1.44551884,0.306077517,0.000920604,-0.834986685,0.760571555,0.181023603,9.84E-05,-1.694669343,2.18035135,0.309840207,0.000210026,-1.18140716,0.839245277,0.171075199,8.13E-05,-2.287731331,2.000673723,0.364380777,-0.000905718,-1.181653033,0.995966639,0.209570987,0.00045416,-0.322158645,0.329499003,0.058308455,-0.000919835,-0.078477719,0.085675772,0.010197058,5.66E-05,-0.490344969,0.34552815,0.057665131,0.001013813,-0.165999484,0.245852253,0.014633338,5.83E-06,-0.340212453,0.367288185,0.061473776,-0.001482603,-0.082281874,0.161178352,0.012296561,5.15E-05
444,M,1,0.013701056,0.873115652,0.63677378,0.614205324,0,9.626516229,7.054338341,6.632513961,0,8.694692798,1.875121361,0.864434699,0,10.12656121,5.643277492,5.42436947,0,10.07652578,4.257696904,3.70370772,0.340300981,10.43432402,6.148786228,5.804871934,0.140306052,9.273755038,2.712141743,2.099838435,0.012478854,10.80754964,2.416988145,1.683987328,0,9.273755038,2.460553235,1.768145187,-0.661774232,0.400448156,0.091129186,-0.000862607,-0.216996427,0.213271875,0.039058016,-7.42E-05,-2.172076615,1.844955087,0.255506558,-0.001446394,-0.722088592,1.299212255,0.117991528,-3.43E-05,-1.658004987,1.948896697,0.210223321,-0.00019479,-1.030018883,1.089554512,0.112366106,-3.55E-05,-1.187454167,1.44551884,0.319086791,0.000166422,-0.834325394,0.829625477,0.190705044,-5.02E-05,-1.694669343,2.028483018,0.318594451,0.001750001,-1.18140716,0.773619572,0.178343629,-0.00010614,-2.13060269,1.572157867,0.367941842,-0.000947368,-0.930806461,0.995966639,0.218774861,0.000273904,-0.235405335,0.329499003,0.066591509,1.76E-05,-0.102000215,0.171325176,0.012629937,4.30E-05,-0.490344969,0.300489778,0.0699621,0.000212106,-0.165999484,0.321034772,0.018494305,5.84E-06,-0.238241251,0.367288185,0.067240629,-4.78E-05,-0.104360988,0.137187005,0.013327709,5.01E-05
444,M,2,0.013701056,1,0.666778256,0.642379821,0,9.683881581,7.218629195,6.821665584,2.01E-05,8.667987491,1.736912719,0.83470784,0.759679542,9.531111066,5.129991529,4.937641747,0.401624168,10.05648996,4.408654343,3.93919929,0.439317734,10.50320034,5.971348545,5.668882426,0,9.273755038,2.245071675,1.707367356,0,5.32560487,1.644288538,1.267163922,0.002356666,9.273755038,2.130234256,1.509235353,-0.661774232,0.400448156,0.095389415,-0.001439396,-0.258041886,0.230123242,0.041065951,-6.78E-05,-2.172076615,1.797883666,0.261341691,-0.001615906,-0.722088592,1.299212255,0.118622627,5.98E-05,-1.273195674,1.370714364,0.179902248,-0.001629455,-0.846996092,0.644459353,0.09293071,5.25E-06,-1.31677935,1.340730495,0.31319619,0.000390855,-0.834325394,0.829625477,0.186197374,-0.000195907,-1.753039922,1.77801341,0.321376453,0.000282878,-0.78912434,0.827281003,0.178942504,4.56E-05,-1.573838693,2.344382131,0.366710454,3.80E-05,-1.130787466,1.387183288,0.220405976,0.000271045,-0.237899961,0.320014563,0.05936111,-0.000449163,-0.102000215,0.171325176,0.012149577,3.33E-05,-0.421545485,0.300489778,0.05985717,-0.000797792,-0.085535189,0.321034772,0.016580754,1.09E-05,-0.274415816,0.322924145,0.060588299,-4.28E-05,-0.104360988,0.166846513,0.012960348,3.89E-05
445,H,0,0.07382579,1,0.459866484,0.429047384,0,10.88980182,7.802637291,7.284835585,0.001757683,11.10988377,2.364356317,1.310149204,0.289769359,11.27591573,5.904540329,5.600265047,0.250286318,10.92274185,4.972444476,4.543957204,0,10.55109428,6.083586662,5.808940732,0.146728064,8.560874946,3.380120925,2.974386463,0.035218934,11.86302906,4.044392198,3.264335642,0.02908134,8.450797177,2.701573973,2.228779179,-0.676426745,0.675381,0.133754618,-0.002211626,-0.453238384,0.451020077,0.071950218,6.04E-05,-1.812273036,1.503387593,0.260142753,0.000515015,-0.787599987,0.781706022,0.122235483,-8.99E-05,-2.457516362,2.66201608,0.286740269,-0.000170313,-1.1093669,0.991843869,0.157696118,-0.000105862,-1.975381252,1.594183777,0.416200416,-0.000479198,-1.018816425,1.143106936,0.247853925,0.000128817,-2.400141394,1.818379261,0.370440121,0.001890364,-1.131260952,1.287910796,0.210551688,-0.000157103,-2.975259416,2.166839167,0.375311028,-0.000986412,-1.390278036,1.476426183,0.224497748,0.000389208,-0.503707393,0.65566453,0.095637523,-0.001078611,-0.148780645,0.211735022,0.024283101,6.45E-07,-0.946254153,0.806315399,0.134285601,0.000405553,-0.189528755,0.747430523,0.039128846,-3.54E-06,-0.489618773,0.732906672,0.103348916,-0.001475694,-0.166349632,0.473233138,0.031152656,1.04E-05
445,H,1,0.08205512,0.791352066,0.444564363,0.426034521,0.478033906,10.88980182,8.202096304,7.859091466,6.12E-05,10.24801574,2.266752006,1.374987695,0.289769359,11.27591573,5.689818868,5.359119302,0.250286318,10.04646459,4.770253815,4.456905502,0.940424127,10.55109428,6.304992052,6.059185473,0,10.63255025,2.953453427,2.331910988,0,10.1956279,3.630114245,2.952003767,0.009917714,10.69212094,2.32577771,1.542043183,-0.763035692,0.501025668,0.129262679,-0.000622512,-0.416023615,0.451020077,0.068821974,-5.32E-05,-1.812273036,1.608578244,0.273406426,-0.000145338,-0.787599987,0.758245483,0.123053358,-3.19E-05,-2.031627216,2.077503067,0.255261231,-5.18E-05,-0.970922685,0.827690504,0.144698029,8.62E-05,-1.975381252,1.594183777,0.408143684,0.000528729,-1.142149299,1.143106936,0.240220705,9.52E-05,-1.905326809,1.776531513,0.381924556,0.000734156,-1.298617051,1.287910796,0.222177371,0.000144399,-2.276649466,1.819120568,0.373541877,-0.000931586,-1.348184973,0.946672193,0.220182558,-5.00E-05,-0.507514513,0.699361722,0.110900652,-0.000371872,-0.190517151,0.211735022,0.026548252,1.90E-05,-0.638933567,0.841678951,0.133047308,-0.000700002,-0.17211396,0.699568677,0.037595144,3.29E-06,-0.611558694,0.736741216,0.11853647,-8.70E-05,-0.177714475,0.479450367,0.034590816,2.56E-05
445,H,2,0.035272858,0.791352066,0.422484834,0.402379195,0.478033906,11.12735923,8.132495707,7.773367548,6.12E-05,9.977574207,1.654917242,1.001327267,0.323649619,10.96932748,5.647947415,5.297846368,0,10.04646459,4.880029185,4.543979313,0.051286206,11.31937306,6.270819859,6.031089617,0,10.63255025,3.280176635,2.607009283,0,10.1956279,4.199552295,3.476006222,0,10.69212094,2.482553522,1.50456359,-0.763035692,0.662037162,0.126424349,-0.000517712,-0.378173593,0.329897459,0.069685422,-9.37E-05,-1.76601182,1.709318189,0.246002317,-5.28E-05,-0.751412517,0.712261563,0.112276617,-8.92E-05,-2.031627216,1.38214821,0.223938557,0.000177734,-0.970922685,0.827690504,0.131614182,2.26E-05,-1.811737933,2.258934101,0.400817468,-0.000287955,-1.225830883,1.211363104,0.238042754,-0.000236268,-1.999670894,2.499203263,0.381911725,-0.000402222,-1.508522701,1.262312739,0.225766822,3.99E-05,-2.599281361,2.661779486,0.362399122,0.000159991,-1.354371566,1.192189203,0.220299353,-1.99E-05,-0.507514513,0.699361722,0.100581433,0.00046031,-0.190517151,0.183583025,0.023292864,3.89E-05,-0.858326929,0.841678951,0.126798393,0.000220037,-0.224535745,0.699568677,0.038855546,7.11E-05,-0.611558694,0.736741216,0.107086356,0.000632267,-0.177714475,0.479450367,0.028302976,1.28E-05
445,L,0,0.093789101,1,0.368761749,0.342184015,0,11.59325022,8.619429745,8.258215639,0.000102604,1.172438516,0.411548738,0.351928078,0.367520929,12.03627611,5.012491048,4.713283556,0.353563979,11.87825382,5.995250498,5.751059371,0.539358847,11.94865121,5.626028874,5.355074219,0.239023067,12.27233846,4.271685042,3.730368644,0,12.3537888,3.21011744,2.335650485,0.037582688,11.89289673,4.15804588,3.534972597,-0.56796119,0.552492232,0.113136359,-0.00104229,-0.321166247,0.316502439,0.063911063,-3.40E-05,-1.903126307,1.89058912,0.271683975,0.000319774,-0.82487772,0.825825214,0.124189685,-0.000172994,-0.267934483,0.383112931,0.076913091,0.000131929,-0.212893935,0.181105326,0.050534099,-0.000151942,-2.063551461,2.381517462,0.373582805,-0.000712046,-1.401987621,1.151674216,0.223664557,-0.00046877,-2.298447641,1.969965255,0.438682064,0.000381537,-1.284366925,1.437021092,0.25983423,3.34E-05,-2.451222921,2.276319234,0.418484138,-0.000392295,-1.533250774,1.149728109,0.259373713,0.000183148,-0.510772718,0.683057556,0.098752129,-0.001849477,-0.175767766,0.366628062,0.029999784,5.28E-05,-0.818474997,0.654662695,0.103407433,0.000329305,-0.120831168,0.556523748,0.028463329,2.73E-05,-0.887054445,0.850928177,0.126503801,-0.002667107,-0.232276358,0.533855294,0.042005061,4.44E-05
445,L,1,0.086429598,0.837674041,0.33217084,0.309012449,0.481967316,11.34730869,8.598502767,8.26514623,0,11.41416922,1.004137863,0.527017107,0.191423323,8.510955451,5.01295211,4.743374366,0.353563979,11.16530214,5.978051448,5.745386806,0.383449639,10.54614873,5.568045038,5.327092959,0.13940602,10.12193602,3.169777467,2.706681818,0.010708492,7.76024476,2.467646704,1.865846576,0,11.41071128,3.080036674,2.429057622,-0.552466584,0.461626988,0.103854114,-0.000251122,-0.268192749,0.267491344,0.057448914,-1.72E-06,-1.903126307,1.542617036,0.251928468,-0.000441025,-0.82487772,0.67010358,0.115414691,7.93E-05,-2.344943288,1.915944347,0.151095672,1.53E-05,-1.259044431,1.055520347,0.085631489,-4.30E-05,-1.609195397,1.941879548,0.358457483,0.00012625,-1.280004986,0.952250727,0.217313537,5.19E-05,-2.298447641,1.749007192,0.402958326,-8.84E-05,-1.276628263,1.269258758,0.239427407,0.000186721,-2.451222921,2.423910849,0.402605446,0.00102843,-1.533250774,1.155315369,0.25133455,-0.000266205,-0.457122877,0.799368154,0.10266252,-0.000316945,-0.209401165,0.366628062,0.026333852,8.22E-06,-0.825762468,0.582293142,0.07869767,0.000474506,-0.127301393,0.46930377,0.024874162,1.80E-05,-0.512226988,0.95074083,0.120619663,-0.000600629,-0.245549717,0.513564521,0.033827154,3.82E-06
445,L,2,0,0.837674041,0.319179107,0.288901938,0.434663879,11.34730869,8.167369156,7.793992074,0,11.41416922,1.319993346,0.684949691,0,9.104584243,5.086119329,4.801303377,0,11.16530214,5.564202038,5.301810238,0,10.46001812,6.146179114,5.884767527,0,10.12193602,3.672295594,3.002112218,0.016297277,7.76024476,2.544186884,1.958516517,0,11.41071128,3.698779235,2.755028857,-0.552466584,0.514652601,0.098676315,-0.000519591,-0.268192749,0.22613047,0.053469688,-1.05E-05,-2.302464977,1.542617036,0.263757212,-0.000439245,-0.883677421,0.97211207,0.116211117,-4.82E-05,-2.344943288,1.915944347,0.174371117,3.51E-05,-1.259044431,1.055520347,0.093212272,6.61E-05,-1.609195397,1.941879548,0.357413228,0.000821058,-1.280004986,0.883804943,0.214998102,0.000235639,-2.084669777,1.749007192,0.362726459,-0.000409665,-0.939259227,1.046673019,0.213188363,4.23E-05,-1.94907066,2.423910849,0.404585118,9.19E-06,-1.423461005,1.39293642,0.25228837,-0.000222482,-0.633631969,0.799368154,0.11334148,0.001104722,-0.209401165,0.284116048,0.026560823,-4.90E-05,-0.825762468,0.501647198,0.085800076,-0.000645953,-0.127301393,0.46930377,0.025333384,1.05E-07,-0.62155147,0.95074083,0.128647085,0.001792326,-0.245549717,0.374679042,0.032535083,-4.42E-05
445,M,0,0.108477726,1,0.589821336,0.573789136,0.286946948,11.00633281,7.81878393,7.268890026,0.004330884,4.854219738,1.467746628,1.186198388,1.310502795,11.49085471,6.82930977,6.568096616,0,11.56054665,5.385027361,4.974964601,1.17944278,12.21619643,6.362179491,6.105772869,0.013482396,8.271895152,3.893431689,3.458078311,0.031616894,11.51427916,4.123939601,3.32467022,0,7.25840563,3.479450509,2.86440559,-1.10982126,0.764417716,0.145703732,-0.001274235,-0.705775019,0.58197294,0.08237981,-9.14E-06,-1.715987903,1.827835021,0.243403059,-0.000156882,-0.650710643,0.65387956,0.108726986,-9.10E-05,-1.04899623,1.107259943,0.155076044,-0.000188081,-0.694314841,0.46842041,0.086277028,9.64E-05,-2.240401766,1.80817417,0.382070357,-0.000142775,-1.536135337,1.403533717,0.232011875,9.35E-05,-2.146191149,2.17232612,0.35622965,-0.000201078,-1.288006361,1.124444045,0.207952358,7.77E-05,-1.913105858,2.830949196,0.423122201,-0.00017382,-1.626051956,1.066031147,0.260174882,-1.50E-05,-0.638876729,0.704677699,0.089189418,-0.001239229,-0.189261714,0.335971728,0.025485756,-5.01E-05,-0.77525843,0.849260693,0.139353138,-0.00173636,-0.16348996,0.743975596,0.040615168,-2.73E-05,-0.600328657,0.923698797,0.096143305,-0.000999081,-0.184455555,0.495789884,0.030137705,-4.83E-05
445,M,1,0.154284495,0.9026685,0.475626813,0.454390383,0,11.4010006,8.442981246,8.049906791,0.000203116,5.145618685,1.268325764,0.954611963,0.595947826,10.99656345,6.689283022,6.392305791,0,11.22831966,5.454769215,5.096164928,1.006241458,11.44136572,6.151174331,5.875787873,0.013482396,11.05782811,3.082422979,2.543378079,0.031616894,11.51427916,3.786996499,3.111909363,0,11.06366129,2.574278324,1.89509863,-1.10982126,0.764417716,0.136795719,-0.000500633,-0.705775019,0.58197294,0.07905633,-8.82E-05,-1.732522438,1.827149039,0.273327174,-0.000531618,-0.561748976,0.757225565,0.125672111,-0.000144235,-1.04899623,1.107259943,0.145518252,-0.000246093,-0.694314841,0.46842041,0.080780939,-1.45E-05,-2.240401766,1.80817417,0.41916873,-0.000877777,-1.536135337,1.403533717,0.253164265,-8.16E-05,-2.146191149,2.354599617,0.402790209,0.000479896,-1.353886587,1.189357532,0.242580947,-0.000157575,-1.768914576,1.979726055,0.424329312,0.000108104,-1.626051956,1.066031147,0.261601614,0.000154592,-0.638876729,0.705583175,0.101783296,-0.000145713,-0.189261714,0.335971728,0.026237051,1.39E-06,-0.77525843,0.849260693,0.125795191,-0.000183535,-0.16348996,0.743975596,0.038318162,-1.42E-05,-0.676035501,0.923698797,0.113996388,-0.000180297,-0.184455555,0.495789884,0.03181438,1.74E-05
445,M,2,0,0.627718794,0.34802238,0.332350431,0,11.4010006,8.597309873,8.212093488,0.000203116,11.48722443,1.305930352,0.722647454,0,11.38373385,6.168958837,5.881745251,0.616797903,10.73397187,6.065752429,5.81886777,0,10.99752284,5.632161391,5.317277988,0,11.05782811,3.382584993,2.64478868,0,9.57007498,3.416936957,2.870402618,0.104703338,11.06366129,3.085019531,2.117321812,-0.779379321,0.634506139,0.132958296,-1.06E-05,-0.382538781,0.366726323,0.07421701,-6.48E-05,-1.956612047,1.827149039,0.287640962,-0.000285765,-0.64455921,0.842946088,0.130650865,-0.000137353,-2.38302158,2.4971214,0.168063618,-0.000137766,-1.087724675,1.501054775,0.088791382,-6.19E-05,-1.961154053,1.737895749,0.428030002,0.001669524,-1.154235878,1.129880763,0.25630944,-0.000115197,-2.401365228,2.354599617,0.420144561,0.00048171,-1.353886587,1.271134267,0.251897667,0.000174719,-1.771207221,2.159279324,0.435041078,-0.000212024,-1.642098784,1.062857821,0.265055464,6.16E-05,-0.616814073,0.972782096,0.123136212,-0.000106252,-0.294704882,0.325034032,0.029119592,5.61E-05,-0.841719897,0.611894341,0.114863374,0.000516507,-0.191472531,0.472775138,0.03657071,2.93E-05,-0.676035501,0.954356046,0.133153175,-0.000290761,-0.317291887,0.302360668,0.032420302,6.13E-05
446,H,0,0,0.998145226,0.554033245,0.530921814,0.965358099,11.7419676,8.059024982,7.725682566,0,6.956114286,0.960499932,0.457088629,1.057892268,10.53294592,5.066589212,4.860811474,0,10.81763443,5.644508865,5.245163395,1.535999574,10.55205124,6.51431689,6.316738484,0,9.488766655,3.634222111,3.228366077,0,9.613839658,2.966458886,2.293287364,0,10.12060732,3.160484118,2.51776351,-0.964625664,0.889683722,0.170627695,-0.001163282,-0.451990702,0.65853741,0.095119135,-5.45E-05,-1.964030511,1.626921538,0.300870532,-0.00205638,-0.790844071,1.216059,0.140783785,0.000373039,-1.202291952,1.272295622,0.155592669,9.44E-05,-0.806727925,0.59007027,0.088343394,-6.81E-05,-1.888611844,1.998191428,0.388404035,0.001641413,-1.293602706,1.064657785,0.227855951,-0.000216491,-2.012223945,2.350117276,0.397914704,0.000628195,-1.149718273,1.036583089,0.21818722,-7.22E-05,-2.419179744,1.798795749,0.348508623,-0.001100922,-1.177839528,1.092378976,0.204191008,0.000301892,-0.562982535,0.945164586,0.110794156,0.001393214,-0.272266416,0.276720405,0.032407469,3.95E-05,-0.438972396,0.9627048,0.088982805,0.000252527,-0.265527536,0.262305135,0.02285776,-4.31E-05,-0.959896662,1.292240311,0.16874282,0.00189172,-0.337665247,0.862555829,0.056431619,9.11E-05
446,H,1,0,0.998145226,0.487329467,0.46606517,0.574086921,11.31297863,7.877558188,7.564147967,2.88E-06,10.16410144,1.419361891,0.685343864,0,12.21004653,5.151947014,4.937973021,0,11.53925235,5.599850293,5.231673156,1.450253235,10.18508477,6.41007236,6.226734094,0.132544633,9.488766655,4.028499239,3.624840733,0,9.613839658,3.206257421,2.628656989,0,11.85366003,3.613453028,2.730481361,-0.798203327,0.949042964,0.180352944,0.000691435,-0.588122225,0.575226956,0.098134184,1.90E-05,-2.454671222,1.880707058,0.311835141,0.000927844,-0.980620711,1.13215968,0.14546266,0.00031812,-2.578306102,1.272295622,0.192265567,5.67E-05,-1.062060438,0.940551174,0.10160133,4.59E-05,-2.621751656,2.696447301,0.416548514,0.001073246,-1.760974702,1.235805779,0.244248401,-0.000174787,-2.181848894,2.532246421,0.385076309,-0.001116026,-1.248157486,1.089229928,0.214854349,-0.000100226,-1.976979693,2.245513699,0.357302676,0.000729001,-1.042293833,1.184757215,0.211375069,0.000130473,-0.61159608,0.945164586,0.124093482,-0.000435435,-0.272266416,0.473578392,0.037134118,2.20E-05,-0.618096308,0.9627048,0.094617197,-0.000310061,-0.265527536,0.334349875,0.025963649,-4.26E-05,-0.959896662,1.292240311,0.192437727,-0.000528863,-0.337665247,0.862555829,0.063390328,6.06E-05
446,H,2,0.172688848,1,0.536164256,0.520458439,0,11.31297863,7.66960365,7.29455877,2.88E-06,11.97248364,1.918762675,0.977526436,0,12.21004653,5.055037683,4.805070876,0.238908414,12.50779082,5.514060789,5.104814392,0,11.39575908,6.60419602,6.394416129,0.132544633,11.70943285,4.468505881,3.89033195,0.01562537,11.70509389,3.663857186,2.930661038,0.037865281,11.9955863,3.805082266,2.829327347,-0.885408839,0.949042964,0.177575211,0.000690456,-0.588122225,0.455413133,0.092603775,-8.92E-05,-2.454671222,1.892547848,0.336949872,0.001678261,-0.980620711,1.13215968,0.155204731,0.000524283,-2.578306102,1.638902362,0.230948162,-0.000109476,-1.062060438,0.940551174,0.116049595,-2.82E-05,-2.621751656,2.696447301,0.449073129,-0.000237314,-1.760974702,1.666055469,0.268130253,-0.000338902,-2.181848894,2.532246421,0.419450916,-0.000793619,-1.349587333,1.441564687,0.232417674,-7.35E-05,-2.783739818,2.506382775,0.381213803,0.001394896,-1.389648216,1.528305566,0.222226224,0.000258465,-0.61159608,0.802639096,0.120827774,-0.0012047,-0.200380073,0.473578392,0.035074248,6.74E-05,-0.618096308,0.338759007,0.084746071,0.000255158,-0.13346966,0.334349875,0.023545427,3.77E-05,-1.232903172,1.228776284,0.192091987,-0.001975829,-0.364458151,0.683117798,0.059238557,8.94E-05
446,L,0,0.154119442,1,0.558072958,0.536945764,0.194323158,11.67537598,7.76640389,7.416605839,0,11.88445627,1.326900022,0.566649947,0.017819147,11.02539769,5.830892962,5.622778819,0.469155788,12.12269679,5.48160452,4.975520386,0,11.61362806,7.171762614,6.958728565,0,11.82781807,4.36852726,3.667478476,0.021137061,11.83211517,4.102182062,3.055453861,0,11.76166046,3.624606174,2.951824595,-1.129901172,0.83369763,0.17175226,-0.001336063,-0.54085039,0.573472467,0.090206608,6.65E-05,-2.143962822,2.112031095,0.293530969,-0.000488367,-0.825622915,1.08186529,0.135551707,0.000265129,-2.666971889,2.084718934,0.192913564,3.55E-05,-1.110576363,1.059864671,0.108762058,-8.64E-06,-2.184981236,2.441464244,0.437281824,-0.000145227,-1.386334941,1.304543561,0.264907982,2.89E-05,-2.437053387,2.621732135,0.414890907,-0.00056762,-1.295143789,1.026667605,0.222717071,-0.000225521,-2.209805605,2.542103188,0.375407483,0.000867756,-1.126617893,1.367603413,0.217808951,0.000156629,-0.618842861,0.756138351,0.111918913,0.000641048,-0.196908321,0.333282016,0.028338977,8.04E-06,-0.456670161,0.566345283,0.093950929,0.0011448,-0.149874483,0.317453603,0.022323634,-1.83E-05,-1.397172489,1.440475742,0.183140446,-0.000126518,-0.423035691,0.933996125,0.059011058,3.84E-05
446,L,1,0.154119442,1,0.513061954,0.495662504,0.194323158,11.28978198,8.002063227,7.774866425,0,11.88445627,1.311068638,0.513600158,0.017819147,10.95169017,5.972998326,5.761005467,0.469155788,11.42895771,5.004176809,4.585132503,0.773879623,11.46352161,7.10379508,6.931543799,0,11.82781807,4.019552873,3.361475059,0,11.83211517,3.728491285,2.843744843,0,11.76166046,3.466472395,2.789234617,-1.129901172,1.004570957,0.170345785,-0.000195285,-0.54085039,0.573472467,0.089722527,4.00E-05,-2.143962822,2.112031095,0.270362617,-0.000136393,-0.883490807,1.08186529,0.129933276,0.000207571,-2.666971889,2.084718934,0.186870329,-7.13E-05,-1.110576363,1.059864671,0.104000091,-3.04E-05,-2.092513413,1.961384815,0.421145282,-0.000330773,-1.064547666,1.234190649,0.251021799,6.86E-05,-2.102948654,2.788014957,0.378296809,6.84E-06,-1.868095854,1.37255585,0.211342657,-0.000217625,-1.704225707,2.283361433,0.360893594,-0.000645792,-1.483150854,1.099183971,0.213556195,9.01E-05,-0.702396638,0.816884328,0.103014862,0.000165941,-0.242615067,0.731845679,0.029717843,-1.28E-05,-0.427352973,0.566345283,0.091021707,-4.02E-05,-0.149874483,0.335835589,0.024616554,-4.05E-05,-1.397172489,1.440475742,0.167936111,0.000714773,-0.423035691,1.012192172,0.057289125,3.87E-05
446,L,2,0.215829297,0.860785415,0.520137779,0.504315363,0,11.28978198,7.96776858,7.693594614,6.21E-07,7.887043192,0.964562643,0.425080008,0,12.03186938,6.13512613,5.890450984,0,11.60453754,4.935785804,4.435899815,2.327496126,11.57334656,7.256931177,7.072710211,0.00874474,10.44955083,3.625182499,2.919666817,0,8.874309984,2.987014107,2.228669035,0.069645857,11.66294386,3.809578674,2.799704867,-1.238166738,1.004570957,0.175558419,0.000237908,-0.787588363,0.637214665,0.094953839,-9.81E-05,-1.958736475,1.550867131,0.27798885,-0.000293159,-0.883490807,1.04177448,0.13050076,0.000269608,-2.065227914,1.942721906,0.168756182,2.56E-05,-1.320588751,1.089010318,0.099819498,-2.62E-05,-1.694990693,2.760435989,0.446817514,-0.00111997,-1.306664705,1.309462967,0.26367709,-4.62E-05,-2.102948654,2.891331581,0.392490813,7.84E-05,-1.868095854,1.37255585,0.220129369,-0.000206658,-2.889022462,1.712270353,0.376388514,-0.000864628,-1.483150854,1.472638862,0.224043884,0.0001991,-0.702396638,0.893845056,0.106667839,-0.000330384,-0.242615067,0.731845679,0.033243055,4.18E-05,-0.514376125,0.475497745,0.082869291,-0.000317425,-0.132664357,0.350623748,0.025585108,1.03E-05,-1.276174121,1.33766878,0.179705221,-0.000400081,-0.351066614,1.012192172,0.054900799,8.17E-05
446,M,0,0,1,0.669814546,0.653328891,0,12.00021975,8.002605518,7.535043278,0,7.094660811,1.096141982,0.445971325,0,12.39460356,6.810731303,6.620175091,1.10803642,11.66487352,6.202276171,5.883329399,0.569593686,11.99115701,6.106383692,5.770325206,0,12.44393101,4.558679591,3.940054235,0.034662577,12.38893558,3.418671073,2.783981716,0,12.31856771,3.573739185,2.734558533,-1.736675916,1.19708637,0.289846982,-0.000295111,-0.952070466,0.924072806,0.159836369,-0.000234913,-3.054822849,1.936537409,0.351755321,-0.000785679,-1.276664031,1.344459566,0.162070208,0.000386715,-1.537058471,1.246449668,0.15381257,-1.38E-05,-0.763454864,0.733578753,0.088625882,-2.28E-05,-1.811841157,2.230799108,0.42991595,-0.000405932,-1.169129258,1.079258934,0.255710001,-5.93E-05,-2.436671836,2.7624034,0.500328734,0.001231142,-1.50648699,1.45998438,0.284953896,-0.000181653,-2.690845014,2.579247337,0.430351539,-0.000498613,-1.466926164,1.340507855,0.263602846,-0.000129845,-0.799876327,0.970020141,0.128637396,-0.000463854,-0.277896381,0.456627816,0.037804733,4.25E-05,-0.679072729,0.626595,0.097665119,-0.000396242,-0.178473877,0.53873811,0.030113334,-8.34E-05,-0.958776526,1.232329882,0.149507598,-0.00029146,-0.327268552,0.868186033,0.047881968,0.000171672
446,M,1,0,0.942040466,0.615196083,0.597913012,0.46463046,11.11597868,7.586886556,7.216249618,5.62E-06,12.01107547,1.592003972,0.750372269,1.350093542,12.39460356,7.118024692,6.890530499,0,11.44080951,5.929110974,5.534403768,0.808957834,10.927733,5.879673721,5.546567789,0,12.44393101,4.74293053,4.162821313,0.029981054,12.38893558,3.311329807,2.613384472,0,10.40335899,3.911337936,3.1251739,-1.736675916,1.40677084,0.299868592,0.000282245,-0.952070466,0.924072806,0.164242859,-0.000145489,-2.227693812,1.448805658,0.289084807,0.000297631,-0.877056935,1.183948323,0.133990899,0.000345334,-2.806066167,1.558602789,0.21896534,-6.34E-05,-1.086653638,0.971681667,0.116652406,-2.34E-05,-2.408873331,2.052165266,0.436802603,-0.000504322,-1.268586993,1.220486671,0.256703746,-0.000161819,-2.76778873,2.76048097,0.466388737,0.000440654,-1.407606845,1.353455168,0.266222616,0.000204445,-2.996965376,2.37436931,0.442697975,0.000444616,-1.510015294,1.612149142,0.269717312,-0.000132623,-0.799876327,1.564537249,0.151832214,-2.69E-05,-0.339530154,0.910817964,0.051498525,0.000128187,-0.679072729,0.642244126,0.116403347,0.000167019,-0.166181917,0.53873811,0.034953146,-1.58E-05,-1.010233278,1.60066039,0.180935133,-0.000172886,-0.353760792,1.031712442,0.067204441,0.000164035
446,M,2,0.139270605,0.912869764,0.611007265,0.596948321,0.330706183,11.11597868,7.700607691,7.276536542,2.04E-05,12.01107547,1.249061798,0.506242368,1.350093542,12.15111575,7.225204464,6.990022302,0,11.44080951,6.013702913,5.636795324,0.609409422,10.72572279,5.970005236,5.655368427,0.130127568,8.990189955,4.409846442,3.966823174,0,9.285973571,3.040068383,2.495265974,0.069779135,9.164410473,3.68132639,3.064983109,-1.28848555,1.740153414,0.275195604,0.000284052,-0.835109114,0.942912591,0.156788943,-0.000149461,-2.408096278,1.435063356,0.298800033,-0.001044533,-0.877056935,0.948799525,0.135131982,0.000159972,-2.806066167,1.558602789,0.18372373,0.000197826,-1.086653638,0.971681667,0.097261298,-3.33E-05,-2.408873331,1.889416022,0.424512408,-0.000317606,-1.268586993,1.220486671,0.248974064,2.69E-05,-2.76778873,2.76048097,0.469833448,-0.000369679,-1.407606845,1.489696186,0.268210256,0.000324419,-2.996965376,2.176211918,0.414850785,-0.000321215,-1.510015294,1.612149142,0.258453608,-7.72E-05,-0.948650427,1.564537249,0.149649892,0.001025839,-0.339530154,0.910817964,0.054043103,2.48E-05,-0.849857479,0.642244126,0.110714381,0.000506269,-0.21598079,0.426181054,0.032616068,1.18E-05,-1.010233278,1.60066039,0.182534911,0.001032506,-0.353760792,1.031712442,0.073141268,-5.38E-05
447,H,0,0.086232718,1,0.57007766,0.537238214,0,11.76460518,9.688100456,9.517643187,0.000131841,7.65031015,1.092404404,0.765508858,0,11.17937734,5.384150608,5.100699645,0.934735909,11.47315469,6.278864591,6.007835328,0,11.43822312,7.150088019,6.940845109,0.025830656,8.955402077,3.22783761,2.910593911,0.04458756,11.69969155,3.588640632,3.046566688,0.045983659,7.276845633,2.702013124,2.319662341,-0.554546393,0.668192919,0.112926797,-0.001594692,-0.338891513,0.347463164,0.063899841,-8.37E-05,-2.893115114,2.621512213,0.326875733,0.000504823,-1.026192881,1.839210668,0.154975694,0.000438649,-1.76616504,1.613755629,0.226444152,0.000247448,-1.224856743,0.839539612,0.142915018,-0.000201596,-2.050911939,2.182183083,0.449489599,-0.000474369,-1.439516232,1.372735195,0.266254804,-0.000107403,-2.259720226,1.816326754,0.416129802,-0.000619617,-1.11091314,1.410977922,0.246190366,7.54E-05,-2.359737177,2.348791251,0.376866291,0.000542014,-1.325258414,1.242034075,0.217182423,0.000339033,-0.467852292,0.730611951,0.087452394,0.000851165,-0.148557153,0.331109033,0.027903237,-2.87E-05,-0.535941952,0.727520044,0.099301078,0.000833688,-0.174383116,0.528907599,0.030364844,3.15E-05,-0.574977657,0.986038787,0.130846008,0.000822517,-0.227454018,0.440533224,0.050202167,-0.000107042
447,H,1,0.086232718,0.855975535,0.508079837,0.483390367,1.277776967,11.99744178,9.94435132,9.825873887,5.55E-05,4.75869527,0.661272441,0.469272341,0.610686842,11.17937734,5.593275551,5.228970486,0.403240452,11.02903916,5.848553223,5.394704895,1.123784573,12.12700415,7.994144844,7.801383977,0.025830656,9.426716854,3.569432002,2.960941631,0,11.94526599,4.309776,3.373643475,0,7.172575149,2.242906778,1.850368475,-0.768709139,0.668192919,0.133624807,0.000353743,-0.47284113,0.296196531,0.072547307,-8.38E-05,-2.305173295,2.621512213,0.228022221,-0.000367903,-0.922273561,1.08503333,0.10848024,8.49E-05,-1.281421874,1.217202906,0.179193253,0.000108312,-0.905176811,0.59979811,0.120226833,4.60E-05,-2.050911939,1.956834975,0.448747775,-0.000423072,-1.439516232,1.195861555,0.267172748,-8.03E-05,-2.477403867,1.794468538,0.450573669,6.26E-05,-1.276031074,1.340275256,0.253160298,-2.26E-05,-1.472950215,2.348791251,0.354050112,-0.00033774,-1.216343683,1.242034075,0.200978958,0.000149844,-0.467852292,0.730611951,0.102583166,0.000212539,-0.148557153,0.331109033,0.03316181,3.20E-05,-0.535941952,0.727520044,0.114204546,0.000439251,-0.174383116,0.528907599,0.033628534,1.16E-05,-0.574977657,0.986038787,0.14908771,-0.000113843,-0.29095123,0.440533224,0.061049184,3.53E-05
447,H,2,0.144551348,0.875630716,0.583757718,0.56996368,1.283646669,11.99744178,9.741365668,9.666697771,0,12.27607738,1.093850513,0.629224151,0.150001485,11.14971241,5.450688292,5.156359515,0,12.45165831,5.723870604,5.026407786,1.896495288,12.26720007,8.337913144,8.142936146,0,9.426716854,3.278862475,2.742410283,0,11.94526599,3.864760625,3.00882233,0,6.673920607,2.307092695,1.931862451,-0.768709139,0.59741275,0.144100497,0.000148001,-0.47284113,0.296196531,0.077145211,-2.40E-05,-2.305173295,1.923840725,0.207091642,0.000248108,-0.850550456,0.915223257,0.105781601,0.000149078,-3.282681167,2.120564927,0.264970957,0.000206133,-1.348959384,1.212543554,0.15303179,-2.87E-05,-1.73802918,1.628630975,0.408912389,-0.000263999,-0.920862377,0.970594222,0.246480713,0.000327514,-2.477403867,2.442617759,0.490143882,-0.000234277,-1.418420955,1.076641993,0.273819378,1.92E-05,-1.516813271,1.906281882,0.349708937,-0.000527228,-0.825418229,0.806253594,0.196743955,8.48E-05,-0.358661523,0.58211207,0.101724599,-0.001479526,-0.145307352,0.152889925,0.034185099,1.04E-05,-0.649885732,0.496255036,0.112492302,-0.001540587,-0.16688236,0.353625492,0.033196648,-4.51E-05,-0.561439996,0.772390508,0.143641501,-0.001306637,-0.29095123,0.329013807,0.059922329,6.85E-05
447,L,0,0.416851132,0.891659046,0.573454938,0.568752276,0,11.85378164,9.942135558,9.842052139,0,2.917221359,0.924386674,0.701231436,0,12.67416143,5.930385068,5.744468279,0.949829387,12.71004087,6.962428406,6.513591756,1.364359818,12.26901395,7.677070265,7.514190309,0.000498528,7.175377138,2.211463344,1.866890467,0,4.217180873,1.520292025,1.269391045,0,7.45339604,2.046344833,1.543875513,-0.615952474,0.575805734,0.098537921,-0.001000262,-0.371376892,0.280949838,0.05781966,-6.00E-05,-2.18911612,2.181707565,0.237346801,-6.18E-05,-0.688226838,0.965606943,0.116911404,9.45E-05,-1.141351507,0.822355548,0.205210906,-0.000201269,-0.514775396,0.677952,0.134837586,0.000499758,-2.007892974,2.58701329,0.376894711,0.000958172,-1.301670584,1.473774082,0.220601859,-0.000264109,-2.232909239,2.413732468,0.537302548,6.62E-05,-1.44375896,1.467162758,0.309605503,-0.00021456,-2.005293709,1.499495307,0.364316029,-0.000421629,-1.128207551,0.998522599,0.21600147,2.45E-05,-0.377250924,0.803788603,0.105411159,-0.001044643,-0.276090576,0.295855218,0.039306745,0.000106514,-0.529921168,0.577453104,0.082793938,-0.0006553,-0.153652736,0.386069205,0.031383443,1.71E-05,-0.571190367,0.960233199,0.129351143,-0.001004996,-0.320133051,0.337498421,0.052538666,0.000120857
447,L,1,0.457879148,0.978950102,0.567523696,0.5634468,2.449482716,12.23379436,10.06808829,10.01545935,0.000115516,12.29494021,1.270219067,0.823166261,1.888270048,10.35098863,6.153485423,6.014699661,0,11.84107278,6.615053876,6.124977093,2.079819319,12.26901395,7.895234212,7.755549234,0,10.53102381,2.787807541,2.088705803,0,8.167417256,1.762917017,1.307128439,0,12.26620857,2.659422628,1.72585705,-0.521973296,0.46590064,0.107218972,6.07E-05,-0.313593179,0.275849983,0.061249799,-5.63E-05,-2.18911612,1.713238755,0.198240148,0.000231368,-0.688226838,0.941403478,0.107220557,8.25E-05,-2.190629159,3.489674629,0.284357662,9.39E-05,-1.841043639,1.410435312,0.171902847,0.000147312,-1.784026101,1.651002612,0.352384735,0.000793625,-0.793979865,0.935720265,0.210497067,7.26E-05,-2.361705206,2.413732468,0.545855317,0.002595667,-1.44375896,1.3175737,0.313535626,-4.60E-05,-1.641237089,1.544821413,0.379904925,-0.001352881,-1.128207551,0.998522599,0.232264355,7.69E-05,-0.524015537,0.727597699,0.118340579,0.000169986,-0.213180782,0.260785575,0.042988101,5.03E-06,-0.529939265,0.617031815,0.102753461,0.000293983,-0.12205178,0.416816725,0.037258843,5.45E-06,-0.808127488,0.803584855,0.139498929,-0.000203422,-0.243185477,0.415135888,0.054629678,3.37E-05
447,L,2,0.429615886,1,0.604258385,0.595737912,0.725941757,12.23379436,10.21431852,10.17808262,0.001117684,12.29494021,1.636909934,1.136805551,1.043444054,9.858686496,6.259161565,6.088315794,0,11.84107278,6.842009131,6.394934954,1.149989734,11.93703244,7.896910875,7.751312543,0,10.53102381,3.263002207,2.677545607,0.025660236,8.167417256,2.018536854,1.544698826,0.082490764,12.26620857,3.138439372,2.270489651,-0.569666847,0.618972221,0.126286595,0.001215208,-0.393674757,0.325007408,0.069737185,-4.66E-05,-2.18783084,1.681089215,0.195697518,0.000237189,-0.606975934,0.962577225,0.10739502,0.000101144,-3.25331272,3.489674629,0.367142996,-6.94E-05,-1.891348356,1.410435312,0.212542217,-0.000227735,-1.435459174,1.850156231,0.355951582,-0.000811606,-1.18268127,1.243950269,0.216519879,-8.09E-06,-2.361705206,2.127800078,0.52008803,-0.000269205,-1.409748698,1.3175737,0.301294203,0.000476329,-2.253472001,2.35910818,0.381483165,0.000616461,-1.007124485,1.306284449,0.230656298,-7.46E-05,-0.524015537,0.701235869,0.132077591,0.000573211,-0.213180782,0.260785575,0.046076877,-1.97E-05,-0.529939265,0.617031815,0.110612285,0.000985694,-0.13335231,0.416816725,0.038662533,4.71E-05,-0.808127488,0.803584855,0.158810654,-0.00033372,-0.243185477,0.415135888,0.057721602,-7.85E-05
447,M,0,0.232788436,0.757638368,0.425801296,0.416536413,0,11.84365609,9.772543097,9.642298399,0.003412147,8.701229409,2.016661731,1.721411221,1.396118043,12.7801721,7.35972994,7.162929632,0.668232675,12.04772443,5.266494049,4.82962077,2.117117237,12.11544859,8.106626737,7.867041502,0,8.969478433,2.238698821,1.867600355,0,6.72442476,1.920677756,1.493512959,0,12.14550854,2.635958508,2.046414742,-0.42797217,0.291567841,0.057013178,-0.000653782,-0.21891981,0.149001759,0.032459818,-4.55E-05,-2.52279446,1.626164849,0.213146523,1.40E-05,-0.848914345,1.047622455,0.097944002,0.00012054,-1.486932989,1.436495829,0.330829846,-0.00041315,-0.783281767,0.735319526,0.210163086,-3.60E-05,-2.403280412,2.655423268,0.360360289,0.000377783,-1.484348681,1.151399921,0.208540683,5.25E-05,-1.77682149,2.003310502,0.411372969,-0.000108332,-1.046829455,0.967625155,0.236946666,2.16E-05,-1.756600993,1.665574739,0.310637964,-0.000367016,-0.703607227,0.811004341,0.178431679,3.77E-05,-0.262666499,0.497410639,0.0519428,-0.000717547,-0.098616194,0.123665972,0.017404229,1.47E-05,-0.217211081,0.298923059,0.046327736,-0.000882471,-0.065588226,0.076166371,0.013434197,1.01E-05,-0.670322939,0.926149637,0.105935077,0.00035994,-0.351072012,0.654891277,0.04104482,2.21E-05
447,M,1,0.089044607,0.425658609,0.340361835,0.335936783,2.614108848,12.16706137,10.51866737,10.43619536,0.001139792,8.701229409,1.807727245,1.489742525,0,12.20854314,7.639195475,7.40428554,0.668232675,11.89016626,5.756521583,5.533652782,2.053610351,11.91754037,7.156501483,7.0260139,0,7.281834022,2.645709859,2.132880372,0,7.735964774,2.385674733,1.747357838,0,7.281335836,2.795367063,2.179347235,-0.268528994,0.235902458,0.049816016,-0.000134535,-0.151309333,0.111981755,0.028560961,-3.10E-05,-2.651206319,2.182848045,0.233282118,0.000123993,-0.99715426,1.675092696,0.117591924,0.000406211,-1.486932989,1.436495829,0.329276443,6.56E-05,-0.756869569,0.735319526,0.208392398,-6.23E-05,-2.643909282,1.858821456,0.381974075,-0.001151048,-0.919131787,1.462497612,0.213555978,-3.22E-05,-1.77682149,1.821007132,0.39868374,0.000292602,-1.046829455,1.066524173,0.235347433,0.000202203,-1.329071283,1.665574739,0.297442093,-8.62E-05,-0.782593156,0.867636808,0.173781,-5.89E-05,-0.288981482,0.348328415,0.057771158,0.000595052,-0.098616194,0.123665972,0.019466479,-6.81E-07,-0.351150292,0.298923059,0.060862133,0.000610694,-0.095978695,0.126054839,0.017359254,-3.84E-05,-0.670322939,0.753597634,0.113685353,0.000386661,-0.351072012,0.654891277,0.048343813,8.27E-05
447,M,2,0.066481302,1,0.363818375,0.348839231,0.403507365,12.32850569,10.54312348,10.42562769,0.001139792,12.53578356,2.123809017,1.725076556,0,12.37843104,7.722341583,7.478264206,0,11.89016626,5.998858487,5.659652231,0,11.82308498,7.412026872,7.244538572,0.120964498,9.181600663,3.3783006,2.948021966,0.026414736,9.17160769,2.767627563,2.119391926,0.107861692,10.71642008,4.146177814,3.383312454,-0.368323026,0.556188876,0.072671512,-0.000869639,-0.19743167,0.212571039,0.037940702,-7.46E-06,-2.885176248,2.379926435,0.268666902,5.23E-05,-0.99715426,1.675092696,0.132346249,0.000493717,-3.277816665,3.556333524,0.366343866,0.000435122,-2.306408079,1.554473798,0.224626229,5.82E-05,-2.643909282,2.150324863,0.434447673,-0.000254003,-1.193082112,1.462497612,0.251329212,0.000220944,-2.088986721,1.83064626,0.419545196,-0.000271117,-0.956047783,1.066524173,0.241113652,-0.000383069,-1.356962089,1.663506996,0.329304537,0.000165133,-0.782593156,0.867636808,0.191650359,0.000327798,-0.549767996,0.785251654,0.086409087,0.002183012,-0.130335815,0.380912586,0.028296768,1.86E-05,-0.581076653,0.558146256,0.086869448,0.002207337,-0.129725522,0.444381256,0.027362138,7.99E-06,-1.039122123,1.075544248,0.151870564,0.001211786,-0.26546812,0.693860977,0.056571869,5.26E-05
448,H,0,0,0.999705607,0.65279908,0.634249568,0,10.96291704,8.941901645,8.729197857,2.40E-07,11.31437824,1.252087299,0.437839164,0.077172396,10.86058761,6.221921799,6.011001171,0,11.74990779,5.195138414,4.953845567,1.059338315,10.963414,6.145854955,5.982028139,0,8.165215422,1.565344241,1.400093189,0.138035269,7.794343621,3.634554767,3.195935385,0,8.630512803,1.225001505,0.994823576,-0.931534804,0.853467839,0.114109612,0.000108039,-0.38511147,0.520690829,0.063374513,2.26E-06,-2.597303177,1.611335844,0.196528092,0.000155883,-0.865242987,1.112587259,0.089280658,5.88E-05,-1.919712101,1.918565274,0.19862504,2.48E-05,-0.777003297,0.840635871,0.100100691,1.95E-06,-1.418616505,2.259177191,0.351655679,0.000235435,-0.933341958,0.996829824,0.207475445,-0.000344117,-1.672508233,2.096427304,0.250917606,0.000287104,-0.851040715,1.014410873,0.144145797,4.09E-05,-1.876218846,1.234916691,0.226260461,-0.000229047,-0.84033177,0.654437756,0.135058978,-0.000182493,-0.861149548,1.088499078,0.057980804,0.000208414,-0.262990839,0.745310325,0.020881797,5.98E-06,-0.272357424,0.439578234,0.050310808,-0.000110067,-0.120895246,0.124018108,0.016307909,7.47E-06,-0.945380284,1.125969382,0.061071393,0.0002103,-0.271747948,0.832773666,0.022947855,7.08E-06
448,H,1,0.311303403,0.917771403,0.673100754,0.665154054,0.518701245,11.0066843,8.577051906,8.038442218,2.40E-07,11.31437824,1.152557388,0.401039978,0.546231103,11.73045008,5.999145383,5.770033484,0,11.33512457,5.970518152,5.526526736,0,11.15727281,5.819562631,5.473608221,0.023341031,11.18373126,3.639701463,2.821794018,0.103584099,11.33182484,4.426574208,3.646245134,0.017211737,11.19582239,3.557151916,2.513248591,-0.882285883,0.853467839,0.128543912,-0.001299884,-0.548922916,0.520690829,0.071547739,-6.28E-05,-1.929520473,1.730526084,0.242286148,-0.00250006,-0.641355343,0.874121337,0.101646241,0.000122124,-1.739209955,1.918565274,0.184093911,-9.58E-06,-0.777003297,0.840635871,0.092575584,-2.25E-05,-1.915894087,2.259177191,0.358683023,-0.001455067,-1.145173062,1.004628441,0.207311078,7.49E-05,-2.008196523,1.911335138,0.299132689,0.001121145,-0.938370202,1.174716386,0.169363566,-1.90E-05,-1.731332299,2.009045797,0.267005332,-0.000665129,-1.248013823,0.861299718,0.156410952,0.000160161,-0.525617568,0.772947947,0.087398846,0.002277406,-0.123116369,0.182729973,0.01660611,-6.57E-06,-0.906850117,1.280205763,0.134596073,0.001293195,-0.22432108,0.487173643,0.033130338,-5.47E-05,-0.649888801,0.773327744,0.094424778,0.002408924,-0.121145244,0.252418567,0.018048814,-4.30E-06
448,H,2,0.311303403,1,0.659408261,0.648779585,0.448180029,11.0066843,8.185474498,7.608564782,0,1.098156431,0.294051708,0.20794361,0.226394064,11.73045008,5.320112314,5.105591033,0.155582284,11.33512457,6.051188624,5.567510287,0,11.15727281,5.843714035,5.452737603,0.023341031,11.18373126,4.017379257,3.31336225,0,11.33182484,5.294424624,4.51854457,0.009553325,11.19582239,3.849980944,2.791691743,-0.882285883,0.993874687,0.145753726,-0.000359345,-0.548922916,0.371633972,0.078252886,1.49E-05,-2.137185831,1.730526084,0.251970639,-0.00044233,-0.888707546,0.857197438,0.107309736,9.18E-05,-0.307677609,0.29209105,0.081916946,-5.68E-05,-0.210962701,0.200215519,0.055966884,5.71E-06,-1.915894087,1.711209694,0.357203376,0.000609962,-1.145173062,1.004628441,0.209529759,3.67E-05,-2.008196523,1.911335138,0.325619839,-0.001076027,-0.938370202,1.174716386,0.18275946,-0.000268185,-1.731332299,2.009045797,0.296245123,0.000278954,-1.248013823,0.861299718,0.17164397,0.000271182,-0.525617568,0.772947947,0.09557401,0.000635277,-0.123116369,0.182729973,0.017834592,2.08E-05,-1.187971773,1.280205763,0.154201834,0.002243491,-0.287831632,0.50194293,0.039429419,9.54E-06,-0.649888801,0.773327744,0.103302241,0.000216331,-0.121145244,0.252418567,0.019541043,1.84E-05
448,L,0,0,0.783390224,0.395160144,0.366809704,0,10.93746485,8.24424504,7.811314978,0,8.881644171,1.263284205,0.454911688,0,10.75700479,6.289065373,6.018735452,0.546893852,11.42545652,5.362139819,4.894957791,0.082227164,10.44526243,6.487450013,6.146469497,0,11.23703666,3.886618355,2.81773229,0,8.90883212,2.479384107,1.86164097,0,11.23703666,3.773000562,2.60951036,-0.985231114,0.632137846,0.120723546,-0.001298168,-0.384467826,0.439163736,0.066140791,-4.19E-05,-2.631433917,2.121630605,0.238151965,-0.000283999,-1.007127273,1.025805619,0.105708643,0.000131359,-1.053715622,1.644013235,0.138346228,-0.00021096,-0.504092518,0.499684203,0.069101882,0.000109871,-1.94822409,2.405589707,0.369212353,-0.000250952,-1.173477202,1.41118668,0.217822488,-3.05E-07,-1.300507001,1.886077703,0.276098164,8.93E-05,-0.924545835,0.781256805,0.157390756,0.000133846,-1.865248676,1.489873155,0.283667707,0.000196574,-0.822882274,0.711492741,0.162266665,-8.31E-06,-0.603162111,0.60569895,0.068255063,0.000366608,-0.090614953,0.135107788,0.014021171,-7.92E-06,-0.865607005,0.792039047,0.099180079,0.000563063,-0.197643736,0.229915054,0.025571916,-2.76E-05,-0.601621016,0.554421816,0.070801431,0.000285161,-0.090994019,0.117012223,0.014673091,-4.40E-06
448,L,1,0,0.792124419,0.425696767,0.388169362,0,10.93746485,7.935944233,7.372941731,0,9.745443094,1.283190604,0.479681979,0,10.61928412,5.863411122,5.630481747,0.469173591,11.42545652,5.640951103,5.086712183,0,11.44078003,6.540170707,6.05538219,0.003429069,11.23703666,4.49638325,3.465778502,0.062583972,11.48685887,3.119769792,2.320884689,0.003749918,11.23703666,4.334508951,3.180330733,-0.691297477,0.632137846,0.122390178,0.000608946,-0.360190586,0.333352148,0.067053171,-3.78E-05,-2.472914256,2.121630605,0.242777931,-0.001253723,-1.007127273,0.955153381,0.110592564,-0.000266227,-1.774678554,1.426266677,0.16214038,3.27E-05,-0.640217564,0.74517242,0.081766486,-6.48E-06,-1.94822409,2.405589707,0.384107543,1.26E-05,-1.173477202,1.41118668,0.229863385,-0.000334092,-1.919530445,1.886077703,0.279482525,0.000334351,-0.924545835,1.211973309,0.161681785,0.000397199,-1.865248676,2.116641596,0.289721193,-0.000939883,-1.270122755,0.966401372,0.167742472,-0.000353459,-0.603162111,0.956927216,0.085655008,0.001536557,-0.189472386,0.238646379,0.01827473,1.29E-05,-0.865607005,0.792039047,0.118542902,0.002727204,-0.197643736,0.40084003,0.030065913,-4.49E-05,-0.601621016,0.981681319,0.092294689,0.001031303,-0.196411655,0.373771414,0.020304865,4.15E-05
448,L,2,0.083705412,1,0.526073701,0.487561732,0.091806259,11.14357994,8.232765184,7.887972639,4.54E-06,11.1868839,2.206680383,1.001287542,1.014971976,10.61928412,5.861027518,5.640501269,0,10.99584346,5.094046223,4.569552885,0,11.44078003,6.751879043,6.348254441,0.032651973,10.93957182,3.555023,2.823116506,0.062641499,11.48685887,2.972341298,2.251816511,0.0169371,10.9119088,3.37027433,2.54757086,-0.551134943,0.589260852,0.114506395,0.000607262,-0.347935358,0.339560992,0.064706073,5.08E-05,-2.230515248,1.940823139,0.175203057,-0.000323514,-0.773500328,0.76229195,0.082788308,6.83E-05,-1.774678554,1.540935045,0.212391952,0.00015422,-0.640217564,1.034419859,0.103455772,5.53E-06,-1.592825597,1.972045423,0.370661854,-0.000342329,-1.139432318,0.929599738,0.22522648,-7.89E-05,-1.919530445,1.747477312,0.265546552,0.000264265,-0.833342349,1.211973309,0.154350919,-0.000166517,-1.701727966,2.116641596,0.284481576,-0.000616055,-1.270122755,0.966401372,0.16783838,0.000113695,-0.48743955,0.956927216,0.070087642,-8.51E-05,-0.189472386,0.238646379,0.016528595,3.97E-05,-0.779616272,0.574905083,0.104576907,-0.000764187,-0.170155668,0.40084003,0.026957091,-6.56E-06,-0.472379049,0.981681319,0.075666403,6.69E-05,-0.196411655,0.373771414,0.018282419,3.97E-05
448,M,0,0.27477016,1,0.659318357,0.639524568,0.21680533,11.0992588,8.348843386,8.101955995,1.44E-05,10.39308342,2.350947399,1.11617314,0.441984127,8.754915232,5.286817682,5.070330475,0.329409985,11.0326352,4.411946823,3.891235722,0.354068035,10.77725334,6.664935063,6.40244099,0.054705717,9.243178195,2.516371342,2.075920788,0,10.95179489,2.753475305,1.970462064,0,8.926375221,2.284151348,1.737612557,-0.599309454,0.686561221,0.139674143,-0.000687546,-0.390881274,0.441096171,0.08143396,6.20E-05,-2.322089254,1.955980119,0.215329093,-0.001797837,-0.808832884,1.211486508,0.101105486,0.000115079,-2.187530175,3.031325286,0.269128793,0.000204899,-1.195757705,1.542135683,0.129406097,-1.65E-05,-1.536907593,1.483251007,0.316595693,-0.000534957,-0.894037938,1.059384297,0.189800042,0.000188656,-1.23837982,1.887008647,0.290302358,0.002518711,-0.729623149,0.800843771,0.157408997,-0.000201364,-1.937291337,1.544665475,0.301701426,-0.001434547,-0.892837465,0.78844859,0.171858608,0.000223106,-0.346765114,0.622442666,0.053098738,0.001677958,-0.158619192,0.211716539,0.013724489,3.86E-05,-0.55833236,0.444550207,0.075803207,0.001104945,-0.187862996,0.266297608,0.020799454,4.75E-05,-0.371393021,0.711455054,0.051615174,0.001593722,-0.174533134,0.171032375,0.014095552,3.15E-05
448,M,1,0.253512135,1,0.608000997,0.569771101,0.276356708,11.0992588,8.704090644,8.484446789,0,10.39308342,2.330554111,1.183684984,0,10.15101224,5.362324237,5.131546087,0.071836825,11.64609085,4.457912918,3.969224863,0.686685817,10.54566232,6.74087569,6.483573709,0.038534905,9.722666968,2.637480945,2.071571983,0.019048907,10.95179489,3.719571926,2.855581588,0,9.530211058,2.149817031,1.412486585,-0.514031104,0.63671211,0.125133101,-0.00043779,-0.368238036,0.363348829,0.07216567,2.15E-05,-2.203240623,1.955980119,0.180425786,-0.000229432,-0.777503169,1.211486508,0.088443206,9.11E-05,-2.187530175,3.031325286,0.269048185,-0.000235852,-1.195757705,1.542135683,0.131276004,2.51E-06,-1.32712076,1.21197908,0.312241994,-0.000173649,-0.841882446,0.694219893,0.187203295,-5.45E-05,-1.307502875,1.887008647,0.264772281,0.000231393,-0.719164069,0.800843771,0.147516411,-1.23E-05,-1.937291337,1.544665475,0.290748789,-0.00041561,-0.892837465,0.78844859,0.167662267,4.71E-05,-0.346765114,0.622442666,0.053842719,-9.21E-05,-0.158619192,0.211716539,0.013086649,6.54E-06,-0.55833236,0.444550207,0.088870315,-0.000441191,-0.101569605,0.266297608,0.020069146,-1.02E-05,-0.371393021,0.711455054,0.054365951,-2.22E-06,-0.174533134,0.171032375,0.01434137,6.81E-06
448,M,2,0.088552234,0.933325916,0.49227422,0.467179849,0,11.15963628,8.381717012,7.904132969,0,11.64956423,1.71092937,0.768000805,0,10.91427191,5.272668976,5.024873611,0,11.64609085,4.998863274,4.35626849,0,10.91427191,6.599867131,6.166492426,0,11.54209953,3.758908003,2.850465886,0.019048907,11.5118042,3.842216573,2.977489155,0.044402335,11.43566252,3.429028142,2.205109453,-0.697405083,0.978575927,0.142413799,-0.001066018,-0.399996887,0.395085105,0.078340486,-0.00010862,-1.787465622,1.885473042,0.206544127,0.002193437,-0.555816925,0.655936205,0.089831826,0.000112888,-2.244382031,2.202362979,0.203746156,-0.000146849,-0.866152543,0.841436088,0.104069068,1.58E-05,-1.246606645,1.728606226,0.336380851,-0.000116778,-0.94709098,0.857816556,0.201391817,-0.000129245,-1.597799175,2.491266541,0.292561673,-0.000951609,-1.335318206,1.071301609,0.164601653,-0.000177282,-2.233773819,1.465996811,0.316462196,0.00037544,-1.091007465,0.73156046,0.182017006,0.000246728,-0.552988661,0.735465896,0.092243912,-0.001296486,-0.142551671,0.357943264,0.01998722,2.43E-08,-0.558268005,0.620831281,0.108039794,-0.001020776,-0.151598501,0.415074874,0.026104889,-3.27E-05,-0.554257727,0.881308354,0.095451015,-0.001243332,-0.138693627,0.525889711,0.022273705,-1.72E-06
449,H,0,0,1,0.389576622,0.354794467,0,9.759300535,6.992800621,6.579741137,3.02E-06,10.14703357,2.931510695,2.007582038,0,9.896815793,5.7193867,5.48641905,0,10.08887311,4.025676366,3.569880314,0.158144305,9.938257353,5.626503456,5.284516784,0.033713129,10.56218817,2.65379724,1.689969295,0.035386269,10.62425841,2.284570491,1.324785362,0.038449699,10.48715251,2.834855903,1.838156511,-0.864850228,0.818429488,0.165561245,-0.00031655,-0.467616395,0.406957432,0.093191569,-3.47E-05,-2.004218168,1.826479023,0.257037489,0.000655066,-0.757721878,0.744287242,0.114526584,4.38E-05,-2.120378031,1.763296585,0.231287368,-0.00102365,-0.743945005,0.72804739,0.103555819,3.82E-05,-1.59756678,1.829244942,0.370636469,-0.000935731,-0.857494539,0.855916396,0.217139955,0.000121779,-2.11012021,2.066428697,0.335565545,-0.000453584,-0.982588459,1.178095313,0.189176733,-4.39E-05,-1.753611636,2.136750826,0.385760384,0.000308757,-1.236168045,1.155068159,0.236794408,0.000570582,-0.763400174,1.063303093,0.121089114,-4.16E-05,-0.226578947,0.718087883,0.031755732,-5.32E-05,-0.456260849,0.553855512,0.081678203,4.06E-05,-0.129026394,0.230117002,0.02063551,-4.14E-05,-1.058624694,1.657051086,0.159170099,-0.000124495,-0.40958166,1.328350259,0.049292788,-5.21E-05
449,H,1,0,0.611969195,0.301534978,0.282894625,0.090749116,9.664229172,7.063352603,6.699572855,0.00053078,8.085927765,1.945431725,1.103612704,0,9.690958947,5.471030757,5.28995401,0.601218366,9.158420069,4.129420294,3.822839167,0,9.938257353,5.622619602,5.263289793,0.033713129,6.927728427,1.847026054,1.349797253,0,4.588500371,1.28503883,0.982427983,0,8.41910019,2.201790535,1.508852312,-0.637382996,0.670047383,0.163449142,-0.000150727,-0.385418065,0.3998734,0.095731386,-2.17E-06,-1.901145921,1.826479023,0.238613686,-0.00042147,-0.757721878,0.724516064,0.102979463,4.56E-06,-1.587079775,1.959391108,0.198514743,-0.00068141,-0.782131866,0.742768402,0.095072079,-2.71E-05,-1.361905747,1.761564594,0.345745434,-0.000868384,-0.956423901,0.855916396,0.206908959,8.71E-06,-1.693785951,2.066428697,0.298409898,8.53E-05,-0.962573284,0.930917834,0.171833059,0.000119922,-1.804596693,1.694552744,0.371105158,-4.04E-05,-1.022794966,1.155068159,0.223975086,-3.90E-05,-0.478997971,0.642585223,0.086562872,-0.000179068,-0.154395635,0.283767511,0.020575274,-3.90E-05,-0.450835599,0.546526367,0.069048263,-0.000108163,-0.129026394,0.370998888,0.022506344,-3.15E-05,-0.558022055,0.685689376,0.107584086,-0.00023433,-0.176017434,0.424003096,0.026765013,-3.84E-05
449,H,2,0.030516369,0.697965609,0.336453728,0.320755508,0.009730847,10.13996089,7.100246987,6.765856818,0,9.528444646,2.234758847,1.397158094,0.930047621,9.982480774,5.535846677,5.364494605,0.154841483,9.033435847,3.994462194,3.652007431,0,9.475638684,5.314431656,4.954198279,0,6.927728427,1.843004188,1.347516939,0,3.972355977,1.273513594,0.998171291,0,8.542908048,2.205683816,1.457108099,-0.969024225,0.831214688,0.15589738,0.000243472,-0.565551858,0.396373141,0.089153646,-0.000132341,-1.901145921,1.869704732,0.235110737,0.000453682,-0.711306752,0.880653934,0.103340965,-0.000128897,-2.626668549,1.959391108,0.24895415,-2.60E-06,-1.028980501,1.046117318,0.115844411,-3.48E-05,-1.354688764,1.999240553,0.341772895,0.000170453,-0.96639678,1.031201229,0.205476761,0.00017298,-1.693785951,1.880899273,0.317197028,0.000565087,-0.819981243,0.86797898,0.18319008,0.000157071,-2.051491673,1.499421601,0.365608141,-0.000822793,-1.410948179,1.096773363,0.224782277,4.49E-05,-0.478997971,0.642718326,0.082510366,-0.000157272,-0.172231621,0.190736007,0.018845945,-3.64E-08,-0.410563246,0.513806623,0.061966099,-1.00E-05,-0.087926261,0.370998888,0.021909629,6.51E-06,-0.558022055,0.813927509,0.106025432,-0.000240471,-0.217567904,0.269132384,0.023926702,-1.66E-06
449,L,0,0,1,0.360523477,0.331557319,0,10.48500651,7.793424753,7.547167437,0,7.552157042,1.981155685,1.146210811,0.046536143,10.14127448,5.826106138,5.597983041,0,10.75499568,3.901012061,3.469019135,0.268785114,10.39794483,4.938923915,4.699087642,0.022004316,11.04196433,2.014294475,1.308316504,0.009510735,11.00439128,1.818980797,1.053416681,0.025803402,11.06679757,2.187641127,1.395550478,-0.995427956,0.860069193,0.156727531,-0.000680069,-0.477816509,0.495448502,0.091574741,3.74E-05,-1.87848921,1.816850652,0.236800537,0.000224029,-0.851652143,0.92692117,0.102826331,3.54E-05,-0.965714092,0.988261089,0.137302347,-0.001187483,-0.425858626,0.453420473,0.074969117,-3.96E-06,-2.09919116,1.958737801,0.382172154,0.000262306,-1.167028351,1.064975122,0.223300284,5.70E-06,-2.265142519,2.276634126,0.337428644,-9.95E-05,-1.399291015,1.690282794,0.18750738,-0.00050965,-1.706843435,2.139342906,0.348159284,0.000627691,-1.469120421,1.283134366,0.223831996,-9.60E-05,-0.696073617,0.826708969,0.078786942,-0.000838262,-0.158696972,0.261508537,0.019370208,-4.26E-05,-0.779021005,0.753128738,0.084345544,-0.000518871,-0.164775043,0.388451093,0.019912185,-1.13E-05,-0.751165567,0.981683175,0.097457669,-0.00101904,-0.204057159,0.587805034,0.029740118,-4.33E-05
449,L,1,0,0.697560539,0.308076651,0.292328543,0.218053421,9.997284535,7.739348488,7.498500098,0.000127586,9.997399002,1.673450498,0.85754582,0.046536143,10.57409963,6.388314424,6.174004151,0.011594374,10.2967746,3.846129645,3.527289897,0.412493774,8.773768269,4.635483415,4.412395892,0.022004316,7.022292752,1.653696221,1.249853066,0,4.568495294,1.396740864,1.087096722,0.025803402,8.478344051,1.87473903,1.302391796,-0.890960951,0.93761324,0.160766467,-3.70E-05,-0.398722977,0.519983424,0.096070942,1.85E-05,-1.87848921,2.001482385,0.246795453,0.000130975,-0.721202544,0.831370867,0.103314862,-7.99E-05,-2.620387842,2.22360808,0.212655543,7.92E-05,-1.203143223,0.964957425,0.104511692,-8.48E-05,-2.09919116,2.140315861,0.370741575,0.00099525,-0.822980803,1.064975122,0.215355268,2.47E-05,-1.742388259,2.566339511,0.310794425,0.000251273,-1.261964267,0.955413873,0.176596204,0.000168342,-1.706843435,2.139342906,0.341472239,-4.01E-05,-1.469120421,1.247277462,0.219866994,-2.46E-05,-0.455678638,0.814253566,0.071527519,2.63E-05,-0.18242641,0.339964931,0.018273536,-7.45E-06,-0.412323368,0.508640716,0.057063279,-5.20E-05,-0.125570644,0.334486639,0.017346922,-9.22E-06,-0.516706233,1.002865413,0.087623659,4.93E-05,-0.221030956,0.426357855,0.023433149,-6.94E-06
449,L,2,0.093366609,0.697560539,0.338224619,0.327674258,0.218053421,9.997284535,7.543716802,7.279849821,0.000160563,10.53589293,2.269632564,1.283088779,0,10.57409963,6.48971911,6.27613423,0.011594374,10.2967746,3.736393165,3.312206486,0,8.773768269,4.418197525,4.187890165,0,7.022292752,1.828987288,1.382394457,0,4.568495294,1.459008712,1.195337546,0,8.478344051,2.111185719,1.392045806,-0.867181807,0.93761324,0.162273167,0.000257923,-0.546425536,0.594307602,0.098016148,-2.12E-05,-1.708447213,2.001482385,0.236664033,-0.000218394,-0.721202544,0.831370867,0.100661023,-6.54E-05,-2.620387842,2.22360808,0.268495901,5.44E-05,-1.203143223,0.964957425,0.124897946,-2.06E-05,-1.579657692,2.140315861,0.353295433,0.000112001,-0.81467786,0.961096584,0.209133736,6.49E-05,-1.742388259,2.566339511,0.325555216,-0.000243581,-1.261964267,0.955413873,0.185582721,0.00020125,-1.611768888,1.611345786,0.335420913,-2.77E-05,-1.067006293,1.176134398,0.212181475,-0.000121454,-0.455678638,0.814253566,0.075817659,-3.45E-05,-0.18242641,0.339964931,0.018086162,9.90E-07,-0.412323368,0.508640716,0.060863116,0.000553711,-0.125570644,0.334486639,0.018181002,-4.07E-06,-0.516706233,1.002865413,0.093050151,-0.000542485,-0.221030956,0.426357855,0.02292516,3.54E-06
449,M,0,0,1,0.354054753,0.323117397,0,10.08017407,7.671615449,7.349409557,0.001142333,10.33000634,1.685232591,0.98234467,0,8.523726183,4.208818145,3.96722381,0.306632277,9.581600766,4.789919967,4.56884755,0.241445642,9.481159189,4.928465253,4.55097429,0.075359283,8.882763914,2.171567373,1.86359764,0,10.58047035,1.996498234,1.425375089,0.068132098,6.355292359,2.05326151,1.8154849,-0.741603971,1.036418408,0.204503452,-0.000817527,-0.581848799,0.520814933,0.118595157,1.04E-05,-2.289016415,1.866434141,0.287322255,0.0002999,-0.767947267,0.943551855,0.12300488,3.06E-05,-1.734288466,2.124932446,0.193081848,-0.000260151,-0.955431395,0.790657785,0.095533916,0.000145703,-1.223058669,1.716210216,0.335849821,8.23E-05,-0.865544214,0.897433501,0.199533014,-0.000157524,-2.178681306,2.442964156,0.361829937,-0.000441622,-1.210432803,1.603104435,0.212605276,0.0004487,-1.988440849,1.690337722,0.377831473,0.00019103,-1.253194814,1.146401516,0.230246961,-0.000117914,-0.485812402,0.621419919,0.080831567,-0.00064099,-0.181431404,0.282757432,0.020219926,-2.37E-05,-0.527936518,0.51201746,0.074231884,-0.00111704,-0.158439172,0.219737691,0.017035654,-1.74E-05,-0.538023179,0.619839002,0.086393635,-0.000304838,-0.170743995,0.520701405,0.026989075,-2.79E-05
449,M,1,0,0.773006859,0.317525564,0.291776692,0,10.21344524,7.66356965,7.438845207,0,10.33000634,2.28098277,1.364578345,0.170805758,10.28759938,4.671522138,4.425307786,0,9.53134004,4.470921729,4.23864403,0.358483946,10.08651729,5.220588633,4.821210261,0,10.03761026,2.094406565,1.71673577,0,5.007518584,1.813916608,1.497871369,0,10.06334995,2.030874252,1.454683817,-0.743192924,0.973993827,0.181965589,0.001059853,-0.581848799,0.50165863,0.105398047,-5.37E-05,-2.289016415,1.427923085,0.249142781,-0.002134765,-0.754081401,0.943551855,0.105640828,-3.94E-05,-2.196752693,2.124932446,0.268534503,-8.14E-05,-1.190624961,0.790657785,0.126055325,-8.95E-06,-1.560693249,1.495727901,0.325118913,-0.0009022,-0.747094402,0.811264271,0.190464817,-0.000485808,-1.607736407,2.242280024,0.315568526,0.000721729,-1.241277873,0.962588646,0.182930467,0.000112482,-1.824933355,1.767346504,0.360209873,4.38E-05,-1.124622311,1.057728043,0.218022217,0.000258119,-0.464732252,0.67935139,0.05954454,0.001865551,-0.1665545,0.255490191,0.015255019,-5.17E-05,-0.46093748,0.410220471,0.05429423,0.000201149,-0.130526414,0.275985885,0.017335788,-0.000102615,-0.464723239,0.776911283,0.064307966,0.001978555,-0.181909993,0.208929333,0.016847084,-3.62E-05
449,M,2,0.039665474,0.844494518,0.389129135,0.371701079,0.341478514,10.30383099,7.381968286,7.103461369,0,9.236243844,2.112726089,1.289118394,0.152013169,10.33403066,5.707016125,5.503711168,0,9.997367091,3.907999384,3.533067592,0,10.08651729,5.109891814,4.764218517,0,10.62587872,2.639912097,1.87027864,0.040018507,5.761648477,2.017800237,1.794843947,0,10.40509541,2.558880097,1.46922691,-0.923032111,0.913990344,0.145284704,0.000687083,-0.551240733,0.425923118,0.083505678,1.73E-06,-2.32412089,1.643995239,0.254284954,-0.000862849,-0.847655001,0.981575587,0.108730434,-3.26E-05,-2.196752693,2.021902587,0.232045629,9.06E-05,-1.190624961,0.775422003,0.113281642,1.75E-05,-1.79325146,2.423518094,0.351136103,-0.000692732,-1.02869418,1.104777255,0.200442123,-3.81E-05,-1.858506914,2.242280024,0.33954897,0.000361697,-1.241277873,0.962588646,0.189496751,-5.27E-05,-1.824933355,1.767346504,0.367986468,0.000681449,-1.124622311,1.057728043,0.224180273,0.000207978,-0.564428258,0.725185828,0.083127113,-0.000250234,-0.1665545,0.255490191,0.018064515,-1.75E-05,-0.670588079,0.659796799,0.074739011,0.000135968,-0.130526414,0.488576604,0.023988777,-3.57E-05,-0.516048067,0.776911283,0.085872266,-0.000319885,-0.181909993,0.208929333,0.018753339,-8.05E-06
450,H,0,0.068343873,1,0.61615808,0.599991509,0,11.98801556,10.00946852,9.46924321,0,9.37799543,1.211422792,0.587642736,0,11.95993814,7.25214563,6.967228575,0,11.70210267,5.141064432,4.574522743,0.242616523,11.84391892,5.676239626,5.347490886,0.088831344,12.11740577,4.022804332,3.288177989,0.092595771,11.08876241,3.673819181,2.950527162,0,12.11740577,3.768100355,3.010022687,-1.092883583,1.298656729,0.222411738,9.00E-05,-0.788730395,0.631418641,0.12250203,-6.22E-06,-2.821166855,2.514016291,0.332544301,-0.000338877,-0.963689422,1.219431337,0.13698052,1.20E-05,-2.147911687,2.216725094,0.20568395,0.000102307,-1.413311154,0.879872444,0.116582118,-4.30E-05,-2.150922143,2.199288377,0.410222427,-0.000649289,-1.536440436,0.935339522,0.232268049,-2.77E-05,-2.641877772,2.671440392,0.391263888,0.000211915,-1.154040434,1.381908739,0.224364694,0.000423384,-1.878192531,1.533005118,0.341420287,-8.50E-05,-0.991251475,0.907378507,0.192841367,-0.000137294,-0.926569692,1.131592818,0.152576851,-0.001205876,-0.214122358,0.521420487,0.039102,-1.40E-05,-0.948259587,1.082202017,0.1630701,0.000123484,-0.219632313,0.808787608,0.045732381,-0.000130628,-0.846155047,1.178453614,0.149253779,-0.001517161,-0.236297323,0.774145115,0.045023823,1.81E-05
450,H,1,0.068343873,0.914071655,0.550440487,0.536590642,0.064274297,11.91407292,9.939940073,9.367877761,5.41E-06,11.88938256,1.571143613,0.757160885,1.307257693,11.84476588,7.049189947,6.788786516,0.224256949,11.70210267,5.38447473,4.872334917,0,10.13126807,5.505389414,5.18341086,0.087235641,10.70075171,3.80928349,3.121946181,0.034719508,11.83246056,3.596716028,2.858167181,0.153749302,10.59219995,3.518050479,2.802165357,-1.205840987,1.362985774,0.232323757,0.00026643,-0.788730395,0.631942735,0.1319419,-0.000103016,-2.899928166,2.514016291,0.356411686,-0.000494192,-0.942190282,1.050338896,0.143622411,0.000150349,-2.147911687,2.216725094,0.242755764,-5.30E-05,-1.413311154,0.92502612,0.128167742,7.44E-05,-1.688986843,1.798320892,0.386385325,0.001336634,-1.109222209,0.82714407,0.222460718,0.000101049,-1.958236036,2.328368055,0.377278843,0.000682861,-0.996449902,1.178804232,0.215795809,-4.14E-05,-2.035433255,1.55837659,0.329005712,-0.000651984,-0.915516796,1.101802771,0.188662796,0.000199893,-0.799082177,0.875110311,0.141453242,0.000696291,-0.191126786,0.310124539,0.032083262,-3.39E-05,-0.837465094,1.238687668,0.159636408,0.000601655,-0.211890322,0.621880491,0.040364067,1.42E-06,-0.846155047,0.748940815,0.139454307,0.000617854,-0.236297323,0.632451567,0.038558749,-5.53E-05
450,H,2,0,0.914071655,0.530385049,0.5096689,0.147590919,11.86905272,9.743759394,9.088707332,0.000186841,11.88938256,1.376621134,0.709297398,1.307257693,11.62414259,6.708989916,6.446763747,0.545038629,11.89657127,5.760001292,5.325338086,0,9.850379055,5.456633794,5.165036454,0,10.70075171,3.753586723,2.928709667,0.034441788,11.83246056,3.606404045,2.776406776,0.087460591,10.59219995,3.432150592,2.552985756,-1.205840987,1.362985774,0.223889141,-0.001090086,-0.763148136,0.631942735,0.124553735,-0.000207571,-2.899928166,2.338582223,0.37414856,-0.002281711,-0.942190282,1.049692399,0.150145174,0.000322124,-2.060541194,1.635538296,0.2168715,-9.30E-05,-0.816695364,0.92502612,0.117696238,8.29E-05,-1.893361005,1.660610755,0.402172726,-0.000975489,-1.123640159,0.91368813,0.231865294,-0.000251368,-1.958236036,2.328368055,0.388362994,0.000828857,-0.996449902,1.178804232,0.220829548,1.88E-05,-2.035433255,1.55837659,0.334548085,-0.000470177,-0.915516796,1.101802771,0.193050692,0.000439156,-0.799082177,0.875110311,0.144851739,0.001608825,-0.191126786,0.222475173,0.032560523,-2.46E-05,-0.837465094,1.238687668,0.165888788,0.001492972,-0.200066552,0.684753801,0.04504551,-4.34E-05,-0.732729423,0.804165131,0.145061531,0.001439911,-0.217637826,0.332700289,0.037924304,-1.55E-05
450,L,0,0.102769467,1,0.445696096,0.433287696,0.062581587,11.66921062,9.69865003,9.227975032,0.000318313,2.096146484,0.610974933,0.488978884,0,12.27005056,5.79339652,5.460911889,0,11.56091293,5.292198241,4.864193932,0,11.16886457,6.06070075,5.798136563,0.014101755,12.09330518,2.880452598,2.020582809,0,12.10829963,3.144857527,2.140183934,0,12.09646914,2.611237842,1.647160522,-0.746877029,0.851749504,0.14046445,-0.000827213,-0.43942701,0.380703845,0.076349857,-3.18E-05,-2.348608709,2.160315449,0.291947677,-0.00014344,-0.803720359,0.905859824,0.119093817,0.000255281,-0.476296783,0.611590527,0.148939578,0.000321916,-0.323322292,0.325431802,0.10030563,-4.82E-05,-2.25803179,1.628089248,0.39028568,-0.001498713,-1.171051278,1.140255936,0.229678261,0.000267989,-2.201036922,2.092239741,0.345232742,-0.000208229,-1.260344977,1.001155572,0.19707747,-0.000115736,-1.809727725,2.027705618,0.312949279,0.00029522,-1.237636999,0.929124318,0.178014701,0.000149395,-0.60780924,0.553328776,0.091240131,-0.000583977,-0.122111555,0.338271128,0.019398767,-3.29E-05,-0.626242256,0.653985765,0.100094916,-0.001298652,-0.130562102,0.337104358,0.022522296,-4.17E-05,-0.642739294,0.671168366,0.095910265,6.28E-05,-0.128452017,0.364782512,0.023581561,-3.09E-05
450,L,1,0.15442307,0.538800766,0.412819639,0.409309912,0.059903935,11.66117994,9.798831015,9.432036719,0,8.913057482,0.815773699,0.511668434,0.219037031,11.37573804,5.644545768,5.301804481,0.251461185,11.27997983,5.091085182,4.744988885,0,11.73407145,6.060188566,5.796363723,0.014101755,7.077901783,1.975313753,1.522244764,0,8.55969027,2.023725073,1.505628287,0,6.841783656,1.875470162,1.335064476,-0.492291081,0.6591762,0.12375026,2.19E-06,-0.300095981,0.320873739,0.071398071,-1.21E-05,-2.348608709,2.160315449,0.26328025,-0.00039351,-0.743559801,0.905859824,0.112652605,0.000124058,-1.845236314,2.167280044,0.176429815,0.00214263,-1.080053464,0.842028783,0.108303618,-1.69E-05,-1.76153639,1.532210339,0.369755039,0.000555687,-0.859566211,0.89985019,0.219147996,-0.000229036,-1.745647715,2.108271744,0.330276473,-9.54E-05,-1.260344977,1.250167116,0.19183336,-2.89E-05,-1.7355571,1.622343876,0.297561107,9.64E-05,-0.862475808,1.026116963,0.170178244,0.00023239,-0.54305493,0.522507566,0.072778802,0.00059603,-0.102840223,0.338271128,0.018409527,-8.86E-07,-0.728024098,0.694475548,0.088806028,0.000217635,-0.130562102,0.337104358,0.022927154,-3.46E-05,-0.434872067,0.494955687,0.074669235,0.000654166,-0.098568806,0.364782512,0.02130541,1.01E-05
450,L,2,0,0.54959363,0.38849306,0.379771557,0,11.72158242,9.506180985,9.014890254,0,11.96507612,1.789435281,0.873207856,0.219037031,11.37573804,5.560320205,5.195180985,0.56244104,12.14428881,5.312159593,4.920208974,0.133572494,11.73407145,6.101235245,5.823536291,0,7.972996576,2.518550758,1.900598034,0.014906049,8.836231603,2.298780713,1.5653173,0.014881768,7.684336519,2.470047852,1.824673138,-0.795979258,0.6591762,0.135194601,-0.000560669,-0.297109306,0.320873739,0.075967653,-0.000110002,-2.213329142,2.355265992,0.294780181,-0.002624506,-0.769355376,0.899734373,0.125987797,0.00021028,-2.756677951,2.417076952,0.285462504,-0.000274302,-1.111305914,1.095678572,0.148426293,-8.96E-05,-1.76153639,1.78301622,0.394747199,-0.000467707,-0.919373373,0.89985019,0.232856625,-0.000148067,-1.548715402,2.108271744,0.339600153,0.000574395,-1.097715545,1.250167116,0.194326478,4.48E-05,-2.022197517,1.578974658,0.315116685,-0.000647217,-0.848547029,1.107796559,0.184033396,0.00018028,-0.54305493,0.52389513,0.086031606,0.00127184,-0.086144587,0.208231862,0.019891772,7.51E-06,-0.728024098,0.788896854,0.109476143,0.001673608,-0.112145349,0.442710487,0.027150707,-1.17E-05,-0.417292481,0.533571369,0.08508173,0.000948107,-0.078096983,0.314152052,0.02341278,8.36E-06
450,M,0,0.064643827,1,0.703119827,0.688021725,0,11.99135752,9.612430643,9.303987494,0,11.86171649,1.182400845,0.624822684,0.33749977,11.07383759,5.489207262,5.107168462,0.365895946,12.22027558,4.74370953,4.23012021,0.346651012,11.23926431,6.374283686,6.01247303,0.172832385,11.41621614,4.235702279,3.736102167,0,8.792753354,3.967233157,3.385715683,0.036076247,11.86657599,3.874087325,3.181598174,-1.144712802,1.135180583,0.197753955,-0.001488212,-0.50286404,0.517173163,0.108066994,-2.85E-05,-2.248958964,1.939711459,0.259718688,-0.00192889,-0.640565955,1.000063528,0.109327002,7.48E-05,-3.399084647,3.244386431,0.312712713,-0.000204425,-1.99648103,1.665032056,0.182222839,2.50E-05,-2.079959976,1.77851133,0.409168328,-0.00156,-1.085457511,1.422903759,0.243327972,0.000181942,-1.986115753,2.504242088,0.367354552,0.00085031,-1.394489963,1.289821785,0.214874941,3.71E-05,-2.576101324,1.557140921,0.379444753,-0.000191704,-0.974071271,0.884230082,0.221413322,0.000201562,-0.724231618,0.890362323,0.123108,0.000748854,-0.210226987,0.403597551,0.029444849,1.18E-05,-0.775657212,0.904973933,0.125753061,0.00016171,-0.204136183,0.660810185,0.038530093,-2.11E-05,-0.770077601,0.866043841,0.139278909,0.00096985,-0.188152724,0.565555723,0.037253825,2.60E-05
450,M,1,0.210380708,0.987735241,0.681431251,0.666632512,0.221721644,11.99135752,9.046027478,8.555587908,0.000112594,11.86171649,1.285317489,0.7912511,0,11.07383759,5.300370228,4.883446796,0.157585986,11.06624893,4.900478623,4.370427982,0,11.65467894,6.260938458,5.903493917,0.060697422,11.5334601,4.675830935,3.716035444,0,10.41772383,4.047617081,3.251858871,0,12.20383979,4.47002231,3.261211868,-1.144712802,1.056928906,0.216287305,6.87E-05,-0.554775398,0.517173163,0.118118338,7.99E-05,-2.494784832,2.119651675,0.319951317,0.000168976,-1.007752114,0.979467062,0.137739121,4.97E-05,-3.399084647,3.115028516,0.311522192,6.39E-05,-1.99648103,1.665032056,0.1786457,1.29E-05,-2.079959976,1.77851133,0.459869092,0.000841604,-1.155059068,1.422903759,0.274255118,3.92E-05,-1.954037926,1.673370637,0.367154649,-0.001821818,-1.109101627,1.038653575,0.214017464,0.000208259,-1.776640948,1.557140921,0.404919946,0.001805425,-0.874545999,0.900971558,0.237599434,-2.82E-05,-0.724231618,0.890362323,0.15579898,-0.000687927,-0.210226987,0.403597551,0.033906487,-4.02E-05,-0.754108329,0.904973933,0.150353844,0.000109134,-0.204136183,0.660183203,0.040434632,4.76E-06,-0.864560896,0.816547434,0.170226613,-0.000983773,-0.188152724,0.565555723,0.041824279,-6.71E-05
450,M,2,0,0.967767891,0.676580481,0.658429978,0.221721644,11.71587258,8.912814916,8.37790834,0.000463224,10.71951831,1.270934044,0.838207572,0,11.93185247,5.193557507,4.747834376,0,11.24884377,4.930281229,4.3444855,0,11.80876035,6.417277513,6.063568984,0.045129824,13.00147179,4.523626812,3.28795245,0.014042084,13.01612659,4.13081608,3.099241186,0,12.20383979,4.182251272,2.75345234,-1.452644356,1.336601484,0.233092255,0.000479726,-0.823746204,0.717379599,0.128035071,-1.01E-05,-2.494784832,2.119651675,0.330109487,0.002746466,-1.007752114,0.979467062,0.14255713,0.000157426,-2.037772902,2.456300372,0.276017018,-2.67E-05,-1.345817766,0.941566618,0.157116984,1.56E-05,-1.947581856,2.319871498,0.473178906,0.000839109,-1.316255477,1.253668846,0.281501822,-0.000200875,-1.689890544,1.714567377,0.357095593,-0.001682526,-0.86952242,1.016815649,0.203360129,-6.54E-05,-2.153339886,2.177299273,0.399109319,0.001542236,-1.350864044,0.983830877,0.239468495,0.000482401,-0.730659681,0.958668649,0.165413851,-0.001276719,-0.171765895,0.564463747,0.033204358,-8.93E-05,-0.861889024,1.163601473,0.164477023,-0.000221927,-0.189382485,0.882143129,0.039675938,-3.55E-05,-0.864560896,0.981930198,0.174625207,-0.001891015,-0.174304879,0.665581019,0.040561384,-0.000112816
451,H,0,0,0.93275549,0.652297803,0.640896465,0,10.48783768,7.695456718,7.305237655,0,10.8857412,2.30342777,1.211187233,0,11.1669631,5.733412252,5.533404809,0.43733486,10.6197534,4.993103866,4.58474978,0,10.9377866,6.272738019,5.939233291,0.042050831,10.44944307,2.210153355,1.536627258,0,10.59682646,2.371088066,1.592958368,0,10.43392892,2.141252134,1.383941038,-0.666947671,0.559093392,0.084840468,0.000133661,-0.297664064,0.235839964,0.045919667,-4.69E-06,-2.255761771,1.774335205,0.284401008,0.000333687,-0.803755152,0.849069458,0.125649242,-1.10E-05,-2.656060048,2.814371058,0.250431685,9.52E-05,-1.855410163,1.214771618,0.124615608,-5.44E-05,-1.451733086,1.570624167,0.347552994,-0.000530962,-0.780660622,0.876738162,0.202727072,-5.96E-06,-1.878127517,1.628877283,0.314781247,2.21E-05,-0.866997679,0.863624282,0.17906301,0.000554863,-1.392497889,1.977896997,0.342422808,0.000618007,-0.982233711,1.01830978,0.200906938,-0.000732857,-0.346826009,0.482380942,0.073446944,-2.17E-05,-0.117506187,0.320698531,0.019296162,7.85E-06,-0.35864724,0.524198311,0.06963276,-0.000155496,-0.081396261,0.182451197,0.01837357,-5.21E-05,-0.447336998,0.749922568,0.099078978,0.000179613,-0.161502702,0.495417993,0.027669855,7.22E-05
451,H,1,0.463470336,0.93275549,0.667324727,0.661897425,0.217690011,10.42272538,7.979199822,7.690112994,0,10.8857412,2.563857045,1.39817586,0,11.1669631,5.748467034,5.570024976,0.43733486,9.910752083,4.868063967,4.495007705,0.988666141,10.9377866,6.404503752,6.121098672,0,4.984666284,1.679531262,1.325326364,0.015082812,5.382751343,1.450282651,1.033606734,0.056809842,6.1253809,1.894503925,1.451039005,-0.419009428,0.411076014,0.070296466,-0.000330512,-0.245940732,0.195231935,0.039135858,4.76E-06,-2.255761771,1.780917963,0.262131141,-0.00193853,-0.803755152,0.849069458,0.116555922,-6.54E-05,-2.656060048,1.491766715,0.245649523,-0.000123557,-1.085415561,1.061163028,0.116513833,-6.62E-05,-1.514728253,1.405303875,0.325677473,-0.000624884,-0.766957504,0.690686866,0.191273701,-1.16E-05,-1.364542032,1.62509267,0.299292869,0.001044925,-0.741511488,0.826061451,0.172526253,0.00024137,-1.584021046,1.383561554,0.335510005,-0.000930776,-1.012558687,0.760780421,0.198841961,-0.000130215,-0.255514392,0.482380942,0.061692613,-0.000343803,-0.117506187,0.320698531,0.017261034,0.000102769,-0.262196211,0.353698441,0.044508103,-0.000295223,-0.091447075,0.22748822,0.014996078,-4.41E-05,-0.39251935,0.749922568,0.086228072,-0.000373006,-0.161502702,0.495417993,0.025540668,0.0001678
451,H,2,0.416215718,1,0.604005339,0.598417197,0.217690011,9.969340313,7.857179727,7.585365202,0.000179737,10.16757427,2.202005268,1.163241629,1.250406877,10.09811754,5.748619172,5.612919544,0,9.910752083,5.255211331,4.930198136,0.875808905,10.60202518,6.014651854,5.713539733,0,4.984666284,1.490824967,1.245170773,0.015082812,3.547586562,1.070458909,0.862164769,0.041951139,6.1253809,1.802926848,1.437077585,-0.304830811,0.442348551,0.071008337,-0.00053374,-0.160258618,0.173820521,0.037988102,-2.57E-05,-2.055999955,1.780917963,0.244508068,-0.000225941,-0.678254275,0.78259888,0.104701544,-3.33E-05,-2.19099426,1.911784716,0.214162591,-7.51E-05,-0.901848921,0.964937959,0.104813664,1.09E-05,-1.514728253,1.675313888,0.330446449,0.000477992,-0.778948621,0.71433955,0.195901456,-9.14E-05,-1.984324349,2.007098915,0.319389972,0.000244424,-0.884614984,1.151526665,0.179454013,-0.000126627,-1.621962901,1.803216794,0.357538106,0.000170578,-1.251381339,0.851356391,0.211235173,0.000144582,-0.324364383,0.536953239,0.065072068,-0.000135533,-0.114352092,0.224625638,0.017826761,9.29E-06,-0.262196211,0.414451903,0.045067012,-2.71E-05,-0.091447075,0.22748822,0.01485692,-9.28E-06,-0.429909426,0.665692767,0.090137867,-0.000267198,-0.136595978,0.364294596,0.026548326,2.66E-05
451,L,0,0.05198555,1,0.39074224,0.346302328,0,10.84823511,7.344755085,7.012410861,0,8.610703254,1.520037063,0.6385864,0,10.64158689,5.391191054,5.136573566,0.512106064,10.51756707,5.268734427,4.957196849,0,10.36258194,6.454151705,6.169224162,0.112085585,10.22752433,2.970579253,2.432354286,0,10.9930368,2.395068469,1.754289711,0.085788769,8.020534381,2.451036554,1.917364357,-0.834723643,0.841924635,0.175382895,-0.000639413,-0.429673987,0.435786016,0.091177766,1.71E-05,-2.24343117,1.888486333,0.290106691,-0.00015241,-0.759814317,1.055724605,0.128100605,8.83E-06,-2.323144161,1.263439864,0.180051468,-0.000167602,-1.163295212,0.965026165,0.092599877,6.34E-05,-1.553987366,2.2372656,0.37764424,-0.000426127,-1.012084309,1.108232028,0.224975685,-0.000361213,-1.879423398,2.036259559,0.339975415,-0.00076874,-0.95926421,0.947293281,0.186477943,0.000598744,-1.556882925,1.561073533,0.323788235,0.000773592,-0.798680977,0.792577572,0.186497691,-0.000263041,-0.374852603,0.875469042,0.094536821,0.000150246,-0.185509914,0.275483562,0.025697701,5.10E-05,-0.409883936,0.51116235,0.082480757,-0.000567842,-0.124545567,0.26296377,0.021850743,1.63E-05,-0.517342981,0.902131477,0.100705029,0.000623253,-0.190048312,0.442032261,0.029991497,5.50E-05
451,L,1,0.011479741,0.730483374,0.26337401,0.234723001,0.583759602,10.63881366,7.738553806,7.588556275,0.000486189,8.610703254,1.455941311,0.648731807,0,9.050581231,4.715317865,4.559874094,0.512106064,9.467596514,4.826384431,4.646451363,0.614681654,9.984070663,7.135348969,7.003397802,0,7.081123521,2.086225272,1.862385173,0,4.444478641,1.318357001,1.096681961,0.036938139,6.862094102,1.908861989,1.664644659,-0.815718156,1.132151428,0.155738663,-0.001143998,-0.420806741,0.4258657,0.085909278,-7.15E-05,-1.600757762,1.445222239,0.195305977,0.000197674,-0.546676833,0.685791963,0.090348383,8.14E-05,-2.323144161,1.263439864,0.16134219,-0.000114205,-0.954562852,0.965026165,0.08451441,-1.40E-05,-1.271085713,1.597727949,0.322794572,0.000199346,-0.99914898,1.078774768,0.199321314,-0.000145187,-1.419597514,1.117619522,0.254405722,-4.91E-05,-0.648720833,0.610824306,0.146909293,-0.000159657,-1.544503059,1.175505003,0.264204961,0.000828789,-0.75823751,0.792577572,0.156264521,0.000338718,-0.614122622,0.761612126,0.06544458,9.68E-05,-0.18049985,0.572218603,0.022532604,3.72E-05,-0.348061773,0.491027833,0.048867623,-0.000132933,-0.082104287,0.400519759,0.016093425,2.31E-05,-0.557651245,0.669444283,0.069207068,0.000267272,-0.175401611,0.491649265,0.0248977,4.16E-05
451,L,2,0.011479741,0.60915859,0.201458983,0.168114143,0.523208861,10.07611669,7.742215843,7.575632971,0.000486655,1.221424353,0.366210896,0.294969161,0.527729436,11.05147834,4.937553126,4.706276783,0.614723279,10.64040899,5.193924469,4.990382119,0.412292597,9.984070663,6.801550538,6.60920767,0,7.742483056,2.202791484,1.88771525,0.009929995,4.884812567,1.390870979,1.109352185,0,7.369137122,2.010881312,1.665151004,-0.781198849,1.132151428,0.146990254,-0.000771757,-0.420806741,0.4258657,0.081151573,-5.17E-05,-2.512691623,1.531101884,0.185584593,7.48E-05,-0.885726152,0.993118908,0.08670562,2.64E-06,-0.270575594,0.26506483,0.08260625,2.45E-05,-0.194958132,0.200675625,0.057160704,4.45E-07,-1.495990165,2.006403424,0.344393751,0.000993751,-1.062692031,0.955385417,0.20819333,-1.02E-05,-1.419597514,1.395970325,0.260852212,0.000450288,-0.588758484,0.664905251,0.150856954,-4.26E-05,-1.544503059,1.767530617,0.26685226,-0.000835196,-0.838499447,0.730479404,0.157434097,8.84E-05,-0.614122622,0.761612126,0.072754408,-0.000187485,-0.18049985,0.572218603,0.023090802,2.47E-05,-0.349823297,0.491027833,0.053142579,-6.09E-05,-0.106863948,0.400519759,0.019949201,2.01E-05,-0.557651245,0.714377703,0.074126025,-0.000181144,-0.175401611,0.491649265,0.024805674,2.16E-05
451,M,0,0.314325096,0.804764647,0.559872386,0.552548936,0,10.77669717,7.887779696,7.533113451,0,10.42213201,1.459929049,0.633227084,0.293395776,10.98357279,5.432370218,5.103651232,0.711786305,10.7879387,5.853423368,5.422845858,0,9.488746782,6.035889891,5.689033201,0,6.677868392,2.248315337,2.036243023,0,10.77452516,3.02223093,2.258698743,0,3.103681718,1.492479061,1.36228566,-0.4340008,0.669464796,0.092022933,-0.000549889,-0.253368799,0.292614523,0.049900362,2.98E-07,-1.656889525,1.896381372,0.256058872,0.000399261,-0.61644621,0.925353394,0.11133458,-1.60E-05,-2.959593655,1.507514677,0.159474335,0.000426205,-1.479151311,1.223515174,0.086923479,-3.09E-05,-1.693512886,1.446392186,0.373545448,-0.001001952,-0.839329431,0.97927195,0.214873373,-0.000228096,-1.95857773,2.163961328,0.383586034,-0.00169924,-1.365400589,1.023477325,0.208830283,7.02E-05,-2.087999545,1.899128682,0.316934043,0.001044373,-0.990237551,0.949808436,0.183646439,0.0001329,-0.357547685,0.383605529,0.044253521,4.36E-05,-0.116680133,0.298440801,0.016190777,5.65E-06,-0.410348948,0.321659996,0.049265634,-0.000385543,-0.116298203,0.181509035,0.014853748,-1.84E-05,-0.364141668,0.474539167,0.04944515,0.000156946,-0.118316746,0.33262814,0.019895069,1.80E-05
451,M,1,0,0.784432334,0.483718655,0.464903499,1.01340081,10.62092426,8.55187573,8.404714879,0.000248966,10.42213201,1.481358482,0.711252417,0,10.85401747,5.660687089,5.382017846,0,10.52696346,5.990870271,5.562621998,0.321774011,10.64693632,6.316273476,6.002519337,0,5.893883136,1.607306124,1.326389648,0,6.153398454,1.545862971,1.130226526,0.036267037,5.823022631,1.424443181,1.111927138,-0.510453123,0.669464796,0.088763906,-0.000290813,-0.253368799,0.292614523,0.047616121,-4.06E-05,-1.836522421,1.124451965,0.194426245,-0.000183202,-0.63552764,0.872070566,0.091399971,-4.66E-06,-2.959593655,1.507514677,0.162492216,-8.32E-05,-1.479151311,1.223515174,0.088409286,-5.64E-05,-1.874100966,1.131850577,0.349768279,0.0008453,-0.914962672,0.900348232,0.208443177,-2.83E-05,-1.643539034,1.80261681,0.326845843,-0.000508389,-0.984161466,0.966688155,0.190481549,-0.00014895,-1.454970513,1.481881749,0.261753787,0.000207726,-0.824594757,0.748746204,0.15608724,6.18E-05,-0.357547685,0.463403097,0.048402427,-7.95E-05,-0.116680133,0.298440801,0.016605537,3.71E-06,-0.410348948,0.293242364,0.043903791,-5.60E-05,-0.116298203,0.181509035,0.013369739,-8.55E-06,-0.396510707,0.454127424,0.049755522,-8.18E-05,-0.118316746,0.313531951,0.018273704,4.54E-06
451,M,2,0,1,0.525805696,0.494019749,1.395774846,10.62092426,8.43515816,8.281717025,0.000248966,10.83895806,2.546202768,1.504687244,0,10.05054037,6.151449651,5.900602319,0,10.51021142,6.010498128,5.47731683,0.321774011,10.64693632,6.111423085,5.723701597,0.147100453,8.458816448,2.303553682,1.756116172,0.003975173,10.25622372,3.121232696,2.224669364,0.074201526,6.914448016,1.484131282,1.075779635,-0.510453123,0.444831639,0.090508504,-6.00E-06,-0.209942947,0.228341847,0.048979475,-2.23E-05,-1.836522421,1.579596418,0.207255867,-0.000107393,-0.63552764,0.872070566,0.095759531,3.34E-05,-1.998156675,2.12419702,0.238654712,-0.000107311,-0.993582415,0.881629826,0.123330944,-1.92E-05,-1.874100966,1.409866449,0.374516326,0.000375276,-0.914962672,0.900348232,0.221164396,-0.000234601,-1.938297797,2.088560732,0.365082391,9.45E-05,-1.241607602,0.992469554,0.211024095,-7.11E-05,-1.423437126,1.647071298,0.300050857,-0.000465594,-0.824594757,0.748746204,0.175858788,0.000112983,-0.339330201,0.463403097,0.0570111,0.000124439,-0.091244374,0.247444051,0.016193924,2.25E-05,-0.311140507,0.250137308,0.05248814,0.000799365,-0.083669189,0.075041522,0.014046901,1.08E-05,-0.430721723,0.600587314,0.073391008,-0.000251419,-0.121339682,0.353723963,0.02291842,2.22E-05
452,H,0,0.070092761,1,0.431893305,0.399526244,0,9.853630361,7.668761666,7.385920752,2.20E-07,9.657489397,1.672965186,0.68848249,0,9.896339532,6.11032962,5.93350424,0,9.959783235,4.580689353,4.302599546,0,9.630363286,4.676120243,4.323968259,0.025493814,9.629232085,3.066280162,2.10974018,0,9.588728875,3.025166393,1.83457308,0.021309946,9.806609074,2.614170891,1.924755478,-0.768047063,0.730827781,0.123338427,-0.001657185,-0.439678492,0.421397472,0.070270323,-1.87E-05,-2.013499912,1.636096895,0.241055965,-0.000509525,-0.726668301,0.928781105,0.109202051,0.000224871,-0.96758453,0.827775401,0.132447149,-0.00039091,-0.593000691,0.541015054,0.078042694,3.97E-05,-1.422196376,1.699734957,0.348380642,0.000926772,-0.819938192,0.938306914,0.205954941,3.65E-06,-1.642704232,2.032149233,0.218070529,8.87E-05,-0.76902652,0.683163079,0.121477092,-6.73E-05,-2.147513335,1.816550018,0.299825178,-0.000591755,-0.997294408,1.169207876,0.18091349,0.000201697,-0.401787666,0.355393283,0.048387187,-0.002362589,-0.079366229,0.102838928,0.010131822,-4.38E-06,-0.578930403,0.326474775,0.041471078,-0.00234334,-0.095193989,0.251409382,0.011100282,2.94E-06,-0.732979589,0.570050214,0.080124766,-0.001802378,-0.138959516,0.283561405,0.018199936,-2.46E-05
452,H,1,0.156181946,0.748213408,0.34520992,0.337720944,0.685581898,9.541684448,8.020176548,7.961083874,0,6.10568119,0.545287924,0.236232644,1.325023169,8.848516974,5.834958594,5.689653814,1.824881575,7.772657951,4.192425887,4.121543615,0.471522336,8.27640356,4.424663715,4.232279571,0,2.352292402,1.013424232,0.902809482,0,2.21995099,0.953874876,0.784178108,0.045454122,2.649942418,1.127211807,0.986220914,-0.475353764,0.725761562,0.09799096,-0.000110737,-0.305975504,0.284540036,0.056475204,-2.78E-05,-2.013499912,1.636096895,0.219076034,-6.37E-05,-0.726668301,1.018302503,0.10676163,0.000162149,-1.007042169,0.679612275,0.102075034,2.53E-05,-0.415394621,0.366682135,0.061144869,1.68E-05,-1.251077186,1.270265736,0.334734824,-0.000738507,-0.829110541,0.820748936,0.204967368,-1.72E-05,-0.960329054,1.448827823,0.18729368,0.000370573,-0.595709915,0.614965567,0.108821685,-4.08E-05,-1.915147032,1.524413076,0.291221205,-0.000334322,-0.9442574,0.689987539,0.170452917,-6.03E-05,-0.145042239,0.197423148,0.022220896,-8.61E-05,-0.063799485,0.102110973,0.007262913,2.26E-06,-0.320816264,0.306024933,0.031208441,-3.49E-05,-0.08711725,0.191279702,0.01042206,-3.13E-06,-0.107076387,0.162554481,0.025691435,-0.000149813,-0.072115315,0.109871712,0.011649393,1.07E-05
452,H,2,0.028120233,0.748213408,0.367882609,0.353002528,0.128041401,9.510979263,7.362748622,7.063923866,0,6.10568119,0.691745849,0.324206521,0.681560205,10.33027031,5.763782325,5.574986594,1.342145494,9.191445254,4.609072358,4.400312774,0.032194691,8.761374474,4.389388339,4.083020342,0,4.856341447,1.60491675,1.254189157,0.027639057,3.436605064,1.248592461,0.984454314,0.021487214,8.259648373,2.089720587,1.290093887,-0.731033628,0.76816571,0.123644703,0.000111215,-0.3141389,0.332641655,0.066681491,0.000128331,-2.267948549,1.729813832,0.25282173,-0.002096255,-0.866828576,1.128233964,0.120485559,0.000167437,-1.068742376,0.837866449,0.126621036,0.000199168,-0.545539808,0.515115191,0.072900344,-1.60E-05,-1.767111246,1.505824001,0.367921397,-0.000635472,-0.869553463,0.912768355,0.223787758,-5.95E-05,-1.173745404,1.448827823,0.222653007,0.001136223,-0.627816071,0.614965567,0.121663125,-0.000123943,-1.915147032,1.524413076,0.312934943,-0.000450053,-0.9442574,0.929172303,0.181560586,-0.000233243,-0.441289746,0.502395734,0.0504071,0.000197032,-0.125612379,0.390401203,0.015697699,-5.95E-05,-0.320816264,0.306024933,0.045760908,-0.000322618,-0.08711725,0.224184832,0.014379721,3.38E-05,-0.8971222,0.928521321,0.094448959,0.00064246,-0.237937221,0.858846932,0.030756332,-0.000101973
452,L,0,0,1,0.340908869,0.311270354,0,9.801765169,7.34706036,6.968716655,0,9.705621398,0.708725392,0.358215686,0,9.815112798,6.196395392,6.031811966,0,9.839258912,5.104629418,4.835237598,0,10.18288627,4.850741041,4.555054507,0.036592199,10.12571911,2.528054813,1.651878142,0,10.12571911,2.173259,1.32614431,0.033295015,9.933820683,2.515879943,1.546283823,-0.7528793,0.632325023,0.121747977,-0.000418228,-0.3913656,0.409962941,0.068012931,-6.75E-05,-2.326487023,1.707677652,0.258870405,0.000492006,-0.847694369,0.978052478,0.121893343,0.000181498,-2.386577128,2.118076696,0.17673396,4.32E-05,-0.926310156,0.987139702,0.104540688,-1.00E-05,-1.535518494,1.429210922,0.322306212,-0.000278957,-0.869610272,0.880400699,0.194431051,-0.000124387,-1.683811676,1.863423114,0.305969992,0.000516339,-0.916211887,0.826554726,0.172512176,3.92E-05,-1.732792541,1.645539501,0.318467011,-0.000426664,-1.120278893,0.924155469,0.185967623,5.71E-05,-0.5537812,0.856563707,0.078293427,-0.000217504,-0.138149753,0.286838515,0.01840037,-5.14E-06,-0.756976476,0.608906465,0.091803782,-0.000701485,-0.159091791,0.283359392,0.023584777,-2.80E-06,-0.512502768,0.917085121,0.081727533,8.78E-05,-0.146999163,0.337942314,0.0208636,-8.61E-06
452,L,1,0,0.474445506,0.269890363,0.264138684,0.091780887,9.559176232,7.859500266,7.727184256,1.58E-06,1.440711794,0.334661793,0.222515655,1.619611549,9.47154639,6.447629518,6.295200327,0,9.791933993,4.781459838,4.611022291,0.987569941,10.18288627,5.051845278,4.819505042,0,5.71624385,1.0899218,0.8214597,0,4.475991922,1.074893858,0.779684956,0.06499987,6.276247439,1.094500757,0.797587679,-0.429569996,0.607291893,0.089511557,0.000584153,-0.322219829,0.391230693,0.052433368,6.92E-05,-2.164628327,1.758505759,0.217325376,0.00030694,-0.730177014,0.932030935,0.106011782,0.000177412,-0.48666105,0.451696139,0.11090401,-0.000314925,-0.355652582,0.292887927,0.078557575,-1.92E-06,-1.304787753,1.747442747,0.292334087,0.000803429,-1.015642185,0.792188549,0.178278172,-3.21E-05,-1.455949961,1.863423114,0.251193668,0.00116235,-0.735025048,0.826554726,0.14459884,8.65E-05,-1.726345819,1.259762835,0.296811708,-0.001239079,-0.85989006,0.783706022,0.175578717,-0.00021456,-0.417879527,0.363799596,0.036201138,-0.000644411,-0.100093329,0.187802019,0.010596449,-5.56E-05,-0.216102614,0.294103617,0.037130043,-0.000937754,-0.113811352,0.146779098,0.011060314,-7.31E-05,-0.456486715,0.456439541,0.042458597,-0.000462387,-0.10907734,0.299678868,0.012931491,-4.53E-05
452,L,2,0.102675483,0.474445506,0.295303219,0.29316359,0.091780887,9.373279271,8.085852783,7.956760886,1.60E-09,6.968542004,0.390129578,0.182235621,1.619611549,10.20219884,6.539532762,6.396742194,1.375424495,9.791933993,4.920048056,4.834597993,0.987569941,7.915783597,4.280466554,4.088797872,0,5.71624385,0.884695277,0.597414,0.014952129,3.173474263,0.962892265,0.731021682,0,6.276247439,0.86852385,0.509826452,-0.383993352,0.34692315,0.078420555,0.000277721,-0.207314731,0.261105624,0.046655647,-5.22E-06,-1.82846619,2.072244568,0.2442907,0.000111961,-0.674322812,1.106492996,0.115059571,0.000181871,-1.717355942,1.384539007,0.118279335,2.75E-05,-0.965928899,0.621235001,0.076132511,-5.50E-06,-1.304787753,1.747442747,0.286594684,-0.000102076,-1.015642185,0.792188549,0.17047369,-0.000115315,-0.974696148,1.666145302,0.216453711,0.000313421,-0.562416384,0.652967769,0.125923743,-7.87E-05,-1.629513831,1.17790631,0.265681603,-0.000524083,-0.743348052,0.763341515,0.161146872,-0.000121294,-0.417879527,0.330276135,0.029775023,2.40E-05,-0.100093329,0.065661803,0.008021331,8.12E-06,-0.223779805,0.294103617,0.036364641,-0.000159272,-0.072693194,0.117687896,0.010462488,-1.99E-05,-0.456486715,0.366816733,0.03443129,5.86E-05,-0.10907734,0.061731094,0.009414917,9.13E-06
452,M,0,0.09452895,1,0.491947387,0.465277859,0,10.01373994,7.392310217,7.113417489,1.23E-06,10.66784269,1.486845705,0.528071714,0,10.38940781,5.958439348,5.716641321,0,9.722707356,4.473745499,3.975173226,0,10.13344771,5.909034875,5.646266965,0.033716188,10.46692338,3.250985938,2.561390326,0.037154198,11.14313156,3.669292862,2.935121596,0.004791325,10.47464237,2.725850801,1.829455128,-0.815679774,0.893407502,0.155294552,-0.000171435,-0.415799084,0.550775207,0.082889328,-4.99E-05,-2.329113772,1.710105346,0.260419921,0.001972802,-0.849380203,1.155988223,0.119151622,1.65E-05,-2.043824879,2.800055336,0.197830605,-0.000530041,-1.010294378,1.259371402,0.112201452,0.000290466,-2.003048844,2.227584052,0.33854267,7.29E-05,-1.467588279,1.048887388,0.198127413,-0.000247546,-1.986234677,1.972148457,0.314431154,2.32E-05,-0.783370833,1.067945729,0.169821409,0.000210565,-1.745571053,1.665604129,0.327859436,-0.000576609,-1.114102768,0.908252701,0.194122577,3.04E-06,-0.650519713,0.633058695,0.084440135,-0.001088679,-0.162880245,0.169189928,0.016896168,-2.62E-05,-0.862705926,0.695898222,0.101052551,8.95E-05,-0.204013405,0.274632498,0.021510476,-3.83E-05,-0.551265695,0.801810145,0.086408313,-0.001280233,-0.142978603,0.353456574,0.020587468,-8.38E-06
452,M,1,0.129429964,0.738384276,0.40706735,0.391424502,0,9.692030105,8.127820199,7.976912861,0,10.24265697,1.082307071,0.337870208,0.089436555,9.175670354,5.50385454,5.282158636,0.780121826,9.518096885,4.178652583,3.946368093,0.967486165,8.798788624,5.192805735,4.899265696,0.029621231,7.471268286,1.790477687,1.464798512,0,5.794537996,1.988761624,1.422848443,0.004791325,8.407694927,1.582141293,1.150423052,-0.661947374,0.858959473,0.116756453,-0.000285269,-0.415799084,0.290394678,0.066142055,1.42E-05,-2.329113772,1.787648797,0.21959897,0.000634528,-0.849380203,1.155988223,0.103313763,0.000120732,-2.043824879,1.511574801,0.164160298,-8.54E-05,-1.010294378,0.92591659,0.096774727,-4.39E-05,-1.89189766,1.293719674,0.315215487,-0.000683471,-0.977715686,0.988760546,0.190163556,-0.000126497,-1.818634936,1.777622556,0.252919527,0.000145326,-1.198212575,0.869773633,0.145327814,1.13E-06,-1.745571053,1.665604129,0.299293807,0.000246464,-0.950250958,0.855152669,0.181367162,6.19E-05,-0.481877808,0.696064911,0.055724905,-0.000294206,-0.086140682,0.238250471,0.013511168,1.43E-05,-0.314016688,0.415878353,0.050142486,-0.000699024,-0.081933037,0.123391647,0.013339392,1.09E-05,-0.604835816,0.830165586,0.0669245,0.000122042,-0.111474757,0.353456574,0.018079534,1.00E-05
452,M,2,0,0.602567843,0.324359538,0.319675985,0.344962531,9.893611529,8.021468504,7.754174296,0,6.187274076,0.428184671,0.220427794,0.089436555,8.435567958,4.727471791,4.50848164,1.041025296,9.73789384,4.718780733,4.512396394,0.806134321,9.410387538,4.618062247,4.364267727,0,8.812238373,2.112487283,1.48666518,0,6.094444514,1.568456255,1.080954175,0,9.906866582,2.234556982,1.408311196,-0.680593971,0.602601681,0.109099415,0.000116491,-0.465957275,0.384094764,0.063354323,6.78E-06,-2.189364598,1.81270479,0.258710513,-0.000303718,-0.841938708,1.198574164,0.118781191,0.000179542,-1.930875743,1.836794555,0.127419874,0.000171979,-1.370620537,0.884406623,0.087519055,4.80E-07,-1.89189766,1.485399039,0.304576215,-0.000989035,-0.977715686,0.988760546,0.182787904,-0.000194503,-1.818634936,1.777622556,0.261729443,-0.000692894,-1.198212575,0.869773633,0.151770779,-2.77E-06,-1.3903888,1.559067689,0.310246174,0.001373906,-0.950250958,0.785695918,0.188165095,6.60E-05,-0.481877808,0.791199601,0.075521236,0.00027245,-0.128305477,0.238250471,0.017101185,1.54E-05,-0.394095486,0.392418972,0.047595679,0.000370705,-0.074085273,0.112826074,0.012945857,7.70E-07,-0.604835816,0.934050149,0.08838614,0.000210003,-0.154361398,0.350598239,0.020937199,1.86E-05
453,H,0,0.206752621,1,0.568957956,0.557939243,0.188912995,11.0540889,7.794743612,7.272895142,9.55E-05,10.25658999,0.932756771,0.483593188,0.022882613,10.86756923,5.697247179,5.207941133,0.764830736,10.96749424,5.414988145,4.891134591,0,11.07340856,6.19441141,5.850751114,0,7.880060366,3.014015998,2.626992101,0,11.56886325,3.894096966,3.215388463,0.048324916,7.722963892,2.648936677,2.205946395,-0.717222596,0.693969906,0.128043747,-0.000585891,-0.436214277,0.384110794,0.069377048,-9.74E-05,-2.344656162,1.825454573,0.360761793,1.89E-06,-0.857243204,1.189068549,0.161373314,0.000549453,-1.352437864,1.885139507,0.1700816,-5.81E-05,-0.717565557,0.666875301,0.085690585,7.53E-05,-2.182690006,2.196084385,0.44380127,-0.000903483,-1.170705599,1.267945369,0.252716638,-0.000210957,-1.941213892,2.341287767,0.3788732,0.00011485,-1.233357548,1.139146179,0.209887037,3.80E-06,-1.96780097,2.097416758,0.363119499,-0.000728508,-1.124191054,0.939725247,0.206061056,0.000394786,-0.713986105,0.720443404,0.098140296,0.00015539,-0.190921556,0.490242043,0.02856614,-3.13E-05,-0.809961746,0.961853954,0.132940087,-0.000806141,-0.242017687,0.578123496,0.038996287,0.000146459,-0.687744111,0.764260813,0.104906346,0.000592156,-0.192047396,0.570976802,0.032365978,-7.12E-05
453,H,1,0,0.804001521,0.511646918,0.500198924,0.152968724,10.87492747,8.115353048,7.782843686,6.75E-05,7.187698084,0.964911807,0.525023634,0.022882613,11.15925199,5.769071653,5.27808402,0.399694886,10.24934503,4.721357222,4.254122874,0.692621836,10.53604672,6.571238632,6.295965244,0,11.11949806,2.951827283,2.467598559,0,10.0105936,3.574754341,2.873091239,0,11.12131663,2.643487494,2.143134197,-0.794060986,0.692252756,0.12050172,-0.000423506,-0.436214277,0.336492206,0.068407678,-5.67E-05,-2.321422238,1.825454573,0.356915394,0.000337691,-0.844947657,1.197701153,0.160211666,0.000254363,-1.830481902,1.828645726,0.194531364,0.001771692,-1.157482985,0.780008221,0.098219076,0.000192767,-2.182690006,1.865240039,0.437209861,0.001212216,-1.145849496,1.17889428,0.245413232,2.86E-05,-2.114123502,2.35700557,0.385568793,0.000546877,-1.283176725,1.139146179,0.210071967,-5.64E-05,-2.075776767,2.097416758,0.380678092,-0.000410349,-1.248547364,1.045548347,0.215751235,0.000126687,-0.770332826,0.839492324,0.103481268,-0.000143788,-0.190921556,0.44358855,0.026801855,4.63E-07,-0.80772822,0.961853954,0.107115776,-8.65E-05,-0.242017687,0.578123496,0.033593741,-5.46E-05,-0.764212861,0.882611697,0.105713819,-0.000124125,-0.192047396,0.54051352,0.028793938,7.21E-06
453,H,2,0,0.736520235,0.422183448,0.40400205,0.152968724,10.70963577,8.049529497,7.626873539,0,11.36221079,1.400482389,0.652234485,0,11.38512179,5.647113663,5.240698793,0,11.02181947,5.371654759,4.961336476,0.382466104,10.92896657,6.023116959,5.708111324,0.074473541,11.11949806,3.062121387,2.556066181,0.015749389,10.43927968,3.85442646,3.102822379,0,11.12131663,2.712190593,2.116773843,-0.794060986,0.698857177,0.135075347,-0.000370884,-0.405142561,0.324782055,0.074290726,1.35E-05,-2.339003019,1.898302531,0.377613437,0.000357562,-0.889455117,1.401888282,0.164545566,-6.33E-08,-2.182643213,1.828645726,0.231477962,-0.000105874,-1.157482985,0.837007841,0.109194479,3.72E-05,-2.104437202,2.705118865,0.443964961,0.000216087,-1.281064144,1.17889428,0.2460933,-6.05E-05,-2.114123502,2.629303579,0.390605942,0.000950719,-1.283176725,1.232635781,0.214193919,-0.000188234,-2.075776767,1.974924594,0.381210976,-0.0001045,-1.248547364,1.045548347,0.216448999,0.000245542,-0.770332826,0.839492324,0.109349172,-0.000229718,-0.165877997,0.420104496,0.026089761,-1.65E-05,-0.80772822,0.790445245,0.111194889,-0.000582069,-0.219792859,0.245416078,0.029964981,-0.000225144,-0.764212861,0.882611697,0.11149148,-0.0001472,-0.173898725,0.54051352,0.030210354,2.62E-05
453,L,0,0.012134202,1,0.632755848,0.602881112,0,10.95622734,8.072975091,7.695557463,0,4.579718702,0.476947677,0.307729908,0,10.53071971,5.778384933,5.507178266,0,11.36908405,5.869133117,5.526772996,0,10.41512507,4.966760759,4.635929109,0.052047998,11.23419929,2.857119862,2.14168571,0.030630084,10.84881082,3.525573371,2.865604501,0.062350875,11.24731279,2.533955819,1.619865161,-0.89769267,0.871919292,0.141582845,-0.000994312,-0.512971211,0.383328064,0.077216975,-0.000125669,-2.77595825,2.281125331,0.367354067,0.001379414,-1.014345019,1.196759738,0.165673325,-0.000101982,-0.887119881,1.111436285,0.09833582,-0.000116984,-0.474459425,0.431397244,0.057611823,9.90E-06,-2.312183663,1.589215416,0.341487565,-0.001630261,-0.830244091,0.959490948,0.197872348,-0.000146524,-2.029936164,2.170851788,0.359195012,-0.000449129,-0.932582637,1.107483591,0.207284382,-0.000376712,-2.062741871,1.387085098,0.30033662,0.001283685,-1.037232621,0.95608146,0.17722269,0.000202201,-0.627980738,0.850839178,0.082183225,-0.00013188,-0.207185211,0.34078082,0.020412495,-7.29E-06,-1.221667517,1.566574541,0.111285545,-0.001129633,-0.316233021,1.394043632,0.042844922,3.89E-06,-0.624414402,0.899346264,0.085721045,0.000382235,-0.191457633,0.320046995,0.02196104,-2.04E-05
453,L,1,0.012134202,0.99607324,0.514842819,0.494428492,0,10.95622734,8.470312631,8.212617706,0,11.29786891,1.101464618,0.490115226,0,11.27589462,5.763706195,5.425884718,0.336382308,10.90357298,5.263663375,4.896541541,0,10.41512507,5.35032262,5.068353807,0.052047998,8.559892843,2.572469272,2.162997309,0.068018456,11.69415905,3.223581378,2.58711914,0,8.187762549,2.29029203,1.737440386,-0.89769267,0.823092748,0.153330897,-0.00051844,-0.479338109,0.419746579,0.082108458,-0.000121982,-2.308361786,2.044049524,0.381717518,-3.07E-05,-0.790955398,1.344829231,0.168822235,0.000338803,-1.328251365,1.453452463,0.14667335,-2.32E-06,-0.795466081,0.544551313,0.075034001,9.28E-06,-2.312183663,2.263371701,0.40888274,-0.000402222,-0.952714097,1.342435967,0.230341757,8.10E-05,-1.898908012,2.23416758,0.341970397,-2.57E-05,-0.911183093,1.107483591,0.186351679,-0.000194965,-2.278053418,1.56134845,0.313164482,4.93E-05,-0.927658127,1.014598459,0.181910322,0.000292725,-0.571997257,0.798510162,0.071090788,2.72E-05,-0.207185211,0.413532004,0.020742418,-6.38E-06,-0.881014601,1.110587125,0.093895412,0.000317714,-0.191040798,0.271393024,0.026831332,-2.18E-05,-0.548555708,0.721468592,0.067556823,-6.28E-05,-0.191457633,0.39653352,0.0207976,4.28E-06
453,L,2,0,0.76722553,0.487664766,0.473542456,0.053857193,10.43021172,8.204831375,7.892808294,2.21E-05,11.29786891,1.050670517,0.454074577,0.546689268,11.27589462,5.70264454,5.391220637,0.336382308,11.07766001,4.91408045,4.396235324,0.052734993,10.60577801,5.806852839,5.476542511,0,8.971337401,2.745870321,2.202799632,0.036059147,11.69415905,2.238667186,1.710350091,0,8.987373727,2.66259454,2.073755754,-0.777356799,0.920925414,0.159157312,-0.000118163,-0.466023853,0.419746579,0.087007854,-0.000171768,-2.316332819,2.27071451,0.386770538,-0.000439456,-0.821476973,1.344829231,0.174552527,0.000435212,-1.328251365,1.453452463,0.133015313,4.67E-05,-0.795466081,0.544551313,0.069706776,-5.47E-05,-1.811128151,2.263371701,0.393415427,0.001326405,-0.952714097,1.342435967,0.22489254,4.05E-05,-2.041810796,2.336776871,0.364244399,0.000186143,-0.971217642,0.939901565,0.191494636,-0.000385592,-2.278053418,1.791304642,0.342840493,-0.000583527,-0.940895073,1.014598459,0.194771737,0.000198374,-0.598950073,0.692470005,0.085784837,-0.000212566,-0.160521609,0.413532004,0.023396249,-4.36E-06,-0.383919611,1.110587125,0.086943698,-0.000137157,-0.157582685,0.253077088,0.024246639,-2.66E-05,-0.652370088,0.841335462,0.089770253,-0.000203675,-0.176883507,0.39653352,0.026042649,1.74E-06
453,M,0,0,1,0.329177444,0.311182943,0.097030168,11.17397707,8.453979637,7.990946564,0,7.675638654,0.89104786,0.378323527,0,11.25572148,5.853611075,5.566037601,0.210297585,10.96212568,5.198657366,4.740568337,0.748139201,11.38506972,5.765897435,5.484464512,0.037327759,9.091209615,3.328240082,2.873677888,0.021781188,6.889124782,2.752853251,2.347748544,0,9.060142229,3.0692593,2.541297479,-0.558727172,0.598659188,0.094353485,0.000104597,-0.377661362,0.313044354,0.051673227,-4.59E-05,-2.682703292,2.249978122,0.393735856,0.00047462,-0.94830302,1.638040619,0.175021935,0.00010484,-1.948040399,1.237505556,0.145331446,0.001037283,-0.713426821,0.779801246,0.07735083,-0.000183179,-1.827043173,2.10829052,0.408329837,0.000623399,-0.98067355,0.991215994,0.237805593,0.000224889,-2.396346897,2.134693194,0.399296016,-0.000176819,-1.190730627,1.133312038,0.218229773,-1.70E-05,-2.191123038,2.161495787,0.389927987,8.32E-05,-1.166744323,1.139726042,0.2235202,0.000131243,-0.994811327,0.954164169,0.111199128,0.000930193,-0.167407053,0.735897326,0.034943146,1.63E-05,-0.653754219,1.009923085,0.098512154,-0.00065889,-0.232803415,0.598657795,0.035501273,6.75E-05,-1.123772819,1.130757447,0.119121736,0.001078951,-0.179364933,0.91254004,0.039637795,4.85E-06
453,M,1,0.015376333,0.572138491,0.368737651,0.35215091,0.227135165,11.17397707,8.97638693,8.694370359,1.66E-06,7.675638654,1.037180811,0.470818677,0.330306497,10.19903155,6.124342619,5.901474028,0,10.8549357,4.840608164,4.430459473,0.748139201,11.38506972,5.754028739,5.462065171,0.037327759,9.252323491,3.144888871,2.639072295,0,9.627546406,2.834492745,2.228216496,0,9.060142229,2.839712218,2.310354311,-0.501457825,0.554929175,0.087939557,0.000603139,-0.372586154,0.27321441,0.050264529,-2.13E-05,-2.682703292,2.249978122,0.364170304,0.000120753,-0.94830302,1.638040619,0.165260038,0.000202711,-1.948040399,1.348782809,0.150928319,-5.48E-05,-0.713426821,0.779801246,0.079318645,-6.23E-06,-1.778708438,2.10829052,0.354216641,0.000519387,-0.98067355,0.913133954,0.207333945,-0.000117427,-2.051965323,2.275948412,0.353555898,0.000481291,-1.353251702,1.01319852,0.202160093,-8.44E-05,-2.054154959,1.894520144,0.349576355,-0.000500472,-1.166744323,0.94460901,0.208677845,8.02E-05,-0.586392257,0.654683893,0.077168667,0.000271561,-0.130380666,0.225690441,0.020951914,1.62E-06,-0.564280304,0.657526903,0.088464249,-0.00014512,-0.125624022,0.417611593,0.025556449,3.20E-06,-0.605241747,0.694869293,0.083301469,0.000304244,-0.134700245,0.396877214,0.023530127,1.77E-07
453,M,2,0.114996976,0.639313769,0.414363827,0.404398662,0.225236535,10.92717725,8.646475378,8.253785332,1.66E-06,11.36840247,1.649657789,0.700069105,1.004139003,12.19397223,6.505388681,6.296970623,0,11.38598764,5.370500496,4.843408408,0.646508005,11.30329948,5.750373231,5.38786256,0,10.71511788,4.015327193,3.376336026,0,11.93124826,3.189895234,2.38912767,0.016028241,10.62196442,3.701434445,3.047899739,-0.501457825,0.554929175,0.096214542,0.000380435,-0.372586154,0.27321441,0.053656939,-3.65E-05,-2.412695935,2.031534865,0.353285677,-0.000358847,-0.859749325,1.297645804,0.159341589,0.0002406,-1.331655445,2.165442312,0.178851027,-0.000615018,-1.165818607,0.675854773,0.08836438,-9.04E-05,-2.274554552,1.777019874,0.374266575,-1.11E-05,-1.085095198,1.372247474,0.218450596,-0.000282358,-2.051965323,2.404903622,0.387283661,0.000431595,-1.353251702,1.00960875,0.220511622,-3.65E-06,-2.054154959,1.738563105,0.357982251,-0.000360991,-1.006222554,1.126409376,0.214333943,-5.99E-05,-0.473836708,0.755671096,0.100557408,-0.00061675,-0.124796355,0.231016377,0.025743283,-3.37E-05,-0.690611144,0.784410108,0.112327517,0.000764295,-0.164129447,0.417611593,0.028910638,-4.16E-05,-0.515597991,0.777806369,0.102417418,-0.00073729,-0.132257922,0.317914773,0.027383282,-3.34E-05
454,H,0,0.081350555,1,0.60689851,0.595351306,0.220706919,11.18464253,8.208639938,7.888234746,0,11.30731807,1.823323667,0.775545867,0.880746333,12.2168739,5.666864539,5.248189402,0.801408005,11.28932489,4.867483774,4.323776134,0.250038244,10.7605962,7.250143668,6.922593144,0,9.137091446,3.805960331,3.157630902,0.004310644,11.7322107,5.076094105,4.251805658,0.002556078,8.752864375,3.54266278,2.63206173,-1.256840057,1.33854059,0.172302757,-0.000232637,-0.706147081,0.501130164,0.100944661,1.26E-05,-2.391501091,2.204714977,0.267491246,0.000602823,-0.80046699,0.875195614,0.119601535,0.000121718,-2.513681866,3.036258341,0.30355458,-0.000263007,-1.232148583,1.452183128,0.148106404,0.000203309,-2.092209005,2.08653109,0.372465695,0.000272756,-0.890902241,0.96679844,0.212020823,-2.82E-06,-2.24321482,2.198885875,0.341522527,0.000161528,-1.081819486,1.341741384,0.198912783,-0.000157161,-2.222032672,2.583660068,0.328088911,-0.000321176,-1.152028907,1.019814156,0.186465506,0.000247366,-0.337321864,0.462643875,0.054969464,-0.001274254,-0.085095901,0.148935673,0.016343365,1.61E-05,-0.558286662,1.099630007,0.119666379,-0.00025532,-0.228499065,0.586602653,0.036006701,7.65E-06,-0.439717946,0.448143398,0.060859436,-0.001392837,-0.094346073,0.137468903,0.017760622,1.81E-05
454,H,1,0.081350555,0.928307212,0.575404004,0.56496647,0.220706919,11.18464253,8.11337893,7.797424063,1.68E-07,11.14432767,1.17550387,0.55121923,0,11.10776977,5.319066389,4.949888666,0.320599751,11.28932489,4.140739724,3.44918293,0,10.93801496,7.494452213,7.189121126,0,7.157736044,2.223709516,1.830659805,0,11.7322107,4.357521684,3.426050985,0,6.997110781,1.798839852,1.273341258,-1.256840057,1.33854059,0.16792542,0.000263046,-0.706147081,0.665456041,0.09882972,8.97E-05,-1.700424191,2.046699461,0.263964972,-0.000454088,-0.654182647,0.866758455,0.120272713,0.000100656,-2.283996662,2.379976971,0.220800969,-0.000552819,-1.184803711,1.10754345,0.119072712,0.000165986,-1.909993019,2.08653109,0.358965047,-0.000166548,-0.866303784,0.982704008,0.206297325,-0.000338772,-2.455989938,2.446066221,0.36292848,-0.000104546,-1.356811202,1.341741384,0.206078382,-0.000258622,-2.038079028,2.583660068,0.334575057,-9.91E-05,-1.152028907,1.254313366,0.187450032,0.000307697,-0.335571154,0.462643875,0.053899296,0.000499513,-0.085095901,0.148935673,0.016121863,-1.64E-05,-0.558286662,1.099630007,0.121575942,0.001770186,-0.187652023,0.586602653,0.035542991,1.07E-05,-0.439717946,0.448143398,0.060593217,0.000288709,-0.094346073,0.137468903,0.018224777,-2.23E-05
454,H,2,0,0.944946042,0.574310647,0.562885752,0,10.92982375,8.133252711,7.863682341,1.68E-07,9.812018629,1.607944725,0.684558217,0,10.18837321,5.079884625,4.84135434,0,11.70129284,3.811977883,3.156912225,0,11.0323901,7.586203561,7.308850391,0.00927249,11.51401348,2.889860946,2.122431166,0,10.44005804,3.761301186,2.901039637,0,11.46047272,2.714780234,1.783687926,-1.226246019,0.990277858,0.160070558,0.000597853,-0.62325461,0.665456041,0.091937888,1.30E-05,-1.622645737,2.293701816,0.242053885,-0.000220865,-0.723709592,0.822110327,0.113194875,9.37E-05,-2.616905906,2.31741245,0.288593396,-5.31E-05,-0.954031675,1.162950615,0.138073051,-3.11E-06,-1.51795754,1.830157922,0.331123094,-3.34E-05,-0.866699384,0.982704008,0.195484081,-0.000124743,-2.455989938,2.446066221,0.352855457,3.76E-05,-1.356811202,1.147635575,0.19749586,-5.88E-05,-1.931237335,2.428809956,0.32162144,0.00029949,-1.003977474,1.254313366,0.182277275,0.000100438,-0.305915461,0.701176876,0.055284023,0.000254563,-0.156212308,0.128339642,0.016001669,-3.05E-05,-0.806233392,0.727325897,0.109279398,-0.001040011,-0.180728382,0.268353518,0.030089449,2.52E-05,-0.364386363,0.739908741,0.060832582,0.000435297,-0.163956956,0.102790518,0.017594503,-4.27E-05
454,L,0,0.057489052,1,0.566717744,0.547427648,0,10.66864518,7.785039473,7.343964972,0,1.16649507,0.466200145,0.344682697,0.408576551,12.1315884,5.784664839,5.4427349,0.786679181,11.83099948,5.143831243,4.468906205,0.175124396,11.43032068,7.724668294,7.357637001,0.248310761,12.24455333,3.623120099,2.813988112,0.020476137,10.45823102,3.337521385,2.748054409,0,12.24702917,3.509280522,2.511298352,-0.906206006,1.186516007,0.203646027,-0.000219645,-0.592094003,0.598829592,0.111980004,2.41E-05,-1.584857226,2.339985958,0.328170433,1.72E-05,-0.797265934,1.002105131,0.148231913,0.000474575,-0.404106079,0.377901981,0.11380648,0.000201333,-0.279753812,0.243279722,0.07585849,-8.84E-05,-2.203055662,2.146570857,0.397949696,-0.000719198,-1.058781561,1.022750999,0.22498158,0.000172211,-2.450089212,1.933970039,0.386312908,-0.000667094,-1.17839748,1.157834463,0.220879808,-0.00010766,-1.961021483,2.373902661,0.365524135,-2.61E-05,-1.087932831,1.04181964,0.204489794,0.000348058,-0.566318137,0.481015194,0.092280731,-0.000795589,-0.134405191,0.143907606,0.024591617,-0.000150745,-0.89183363,0.785590202,0.148202438,-0.000135731,-0.165702361,0.666721592,0.043806039,6.22E-05,-0.579660935,0.47215309,0.099452437,-0.000874056,-0.138367503,0.122604642,0.02611162,-0.000174766
454,L,1,0.151648879,0.932961445,0.5541364,0.544449755,0.008784384,11.08980608,8.343574427,8.123514608,0,11.24722103,1.392987961,0.646758038,0,12.1315884,5.526299134,5.229536085,0,11.22336897,4.189894056,3.685663303,0,11.43032068,8.149212131,7.936875025,0,7.318522693,2.409716734,2.085886494,0.033200541,8.145947686,2.965385282,2.479961787,0,7.541018911,2.230966112,1.790787436,-1.118739501,1.369004832,0.173510337,-0.001082665,-0.825242292,0.589216459,0.098392088,3.74E-07,-1.584857226,2.339985958,0.269796839,-0.000130862,-0.797265934,1.002105131,0.126136782,0.000356879,-2.475199656,2.386393543,0.227414967,8.48E-05,-1.033715863,1.010288867,0.112611635,1.00E-05,-2.203055662,2.146570857,0.358339814,0.000686327,-0.985511565,0.936726433,0.200166773,-0.000118351,-1.960336034,2.367073672,0.349384997,-0.000760897,-1.152351086,1.133085015,0.202072687,-0.00014391,-2.029002272,2.330479553,0.32874084,0.000157914,-1.190817291,1.493672665,0.190640726,0.00027123,-0.566318137,0.481015194,0.075067286,-0.000112118,-0.134405191,0.186865646,0.02054389,-6.61E-05,-0.609066423,0.723484903,0.123792159,-0.001043978,-0.130092006,0.394105001,0.037132269,7.29E-05,-0.579660935,0.47215309,0.080695589,0.000264296,-0.138367503,0.196439905,0.0222823,-8.99E-05
454,L,2,0,0.785622608,0.522936817,0.513813746,0.591637248,11.20423584,8.824725892,8.6807021,0.000154761,11.24722103,2.03284528,0.958159259,0,11.47493662,5.83980995,5.652316285,0,10.74999942,4.125752311,3.769864265,0,11.22242958,7.617144444,7.449402914,0,5.832581559,2.306948408,1.923125553,0,11.38125996,3.331162362,2.537441292,0.06389776,5.073915447,2.015140292,1.56939437,-1.118739501,1.369004832,0.143737685,-8.92E-05,-0.825242292,0.589216459,0.084487417,-5.78E-05,-1.375223298,1.846065232,0.203663601,-5.70E-05,-0.659736304,0.912796811,0.104624188,0.000201245,-2.475199656,2.786303357,0.299174307,-7.52E-05,-1.033715863,1.190383931,0.138327941,-1.90E-05,-1.644781494,2.007552887,0.324935402,0.000155669,-0.85997674,1.03874439,0.181499594,-0.000203901,-2.39278938,2.367073672,0.353539438,0.000465604,-1.472630936,1.133085015,0.208038581,-0.000243888,-2.029002272,2.330479553,0.324489543,-0.000651445,-1.190817291,1.493672665,0.191441462,0.00026243,-0.518537121,0.343325463,0.053787935,0.000222643,-0.097262045,0.251952917,0.017151789,-1.51E-05,-0.646290958,0.701684399,0.113789981,3.35E-05,-0.130778897,0.216938505,0.030394991,4.03E-05,-0.628776763,0.579156345,0.064467028,0.00027303,-0.130133507,0.469197603,0.02209649,-3.39E-05
454,M,0,0.183200908,1,0.473796948,0.417236464,0.603195293,11.0914571,8.980968093,8.777837996,0,11.6756785,1.56047024,0.815942391,0.458977489,10.52468726,5.452306876,5.292240656,1.356938185,11.59643731,5.447360955,5.282110387,0.719268302,9.791613965,6.483699622,6.367667539,0,12.55341473,4.887681098,3.588841994,0.029540365,12.56388625,4.483288649,3.012763945,0,11.06775848,3.388266956,2.449607541,-0.656420791,0.545719342,0.081880158,-0.001810418,-0.349605217,0.45081269,0.04952861,-6.39E-05,-1.443861504,2.008792309,0.18305526,0.000350262,-0.605299188,0.841222014,0.087644589,9.32E-05,-2.604311072,2.216816314,0.233662825,7.48E-05,-1.006419783,0.862082485,0.121259956,8.23E-05,-1.548750534,1.874109877,0.335848079,0.000688977,-0.869947007,1.234284117,0.201585055,2.91E-05,-1.456214477,1.372454553,0.278571461,-8.97E-05,-0.815145468,0.954857987,0.170707073,0.000132527,-1.359060274,1.27952185,0.266746865,-0.00016589,-0.730363143,0.657456994,0.159480501,2.98E-05,-0.607841392,0.793918522,0.096984515,-0.002149518,-0.347557819,0.341732281,0.03587891,-2.41E-05,-0.391734078,0.380118701,0.074841985,-0.001525446,-0.132247392,0.191444186,0.027090973,-3.34E-05,-0.735417838,0.822490981,0.104151746,-0.00184311,-0.368866492,0.378577251,0.041634502,-4.68E-06
454,M,1,0.166683377,0.446331818,0.303926277,0.302414759,0.510218768,11.3800364,9.373652162,9.183150419,9.08E-05,10.77524052,1.165250674,0.570256727,0,12.25689012,5.288415403,5.084255221,0.214033546,11.59643731,5.318845886,5.026842835,0,11.63997454,6.388585452,6.22521596,0.049145873,9.007184705,2.669639207,2.152927671,0,7.088683085,2.539816735,1.97360107,0.050034951,8.572202102,1.950453746,1.405970397,-0.542887372,0.412917882,0.068471373,0.000117717,-0.276254729,0.26737971,0.041016425,-8.52E-06,-1.646490617,2.139608129,0.207480426,0.000239172,-0.617391757,0.805119946,0.09473472,0.000175809,-2.442327226,2.665260991,0.228768137,0.00012627,-1.138319164,1.216245108,0.122349708,-0.000120731,-2.400344368,1.858508815,0.313383618,-0.000530823,-1.498768439,1.21311995,0.192260572,2.89E-05,-2.453400666,2.594196548,0.331381598,-0.00052929,-1.321659124,1.271773845,0.19509422,-0.000102088,-2.256333408,2.053983218,0.294785567,0.000308572,-1.22158081,0.905021845,0.170346092,9.92E-05,-0.588513623,0.793918522,0.102301858,0.000294426,-0.347557819,0.341732281,0.036078724,-5.16E-06,-0.580651183,0.604966553,0.097394848,0.000572477,-0.155762138,0.460832717,0.032638131,8.38E-06,-0.727447958,0.822490981,0.107308478,0.000118986,-0.368866492,0.337378149,0.040437133,-1.27E-05
454,M,2,0,0.424636712,0.283697225,0.278510832,0,11.3800364,8.906091081,8.600258404,9.08E-05,10.83244829,1.758897501,0.824249011,0,12.25689012,5.435996096,5.153237338,0.20808775,11.65481767,5.178546528,4.676123201,0,11.63997454,6.939729308,6.694112611,0.100219318,11.7584452,4.197191059,3.612662866,0,9.347429903,3.623368421,3.009082414,0.106198148,11.97702084,3.202177484,2.477138436,-0.553156089,0.469265038,0.083668475,-0.000247921,-0.274816374,0.310597016,0.049607812,-2.11E-05,-1.646490617,2.139608129,0.254631013,2.56E-05,-0.653259111,0.881323718,0.110805738,0.0002794,-2.63075151,2.974993783,0.296503566,6.96E-05,-1.304833608,1.216245108,0.147741113,-1.34E-05,-2.400344368,1.858508815,0.338330245,0.000308561,-1.498768439,1.21311995,0.203032049,3.80E-05,-2.453400666,2.594196548,0.401554322,-0.000241866,-1.321659124,1.382618303,0.229835638,-3.50E-05,-2.256333408,2.626580143,0.339844136,0.000405044,-1.261442992,1.159185089,0.194617815,0.000113701,-0.730397694,0.680361361,0.116193244,0.000814964,-0.208340792,0.227758961,0.037518303,-1.86E-05,-0.694355827,0.604966553,0.114144156,-9.23E-05,-0.155762138,0.460832717,0.03304082,4.81E-05,-0.750013223,0.639516186,0.124271455,0.001141879,-0.294775782,0.284918728,0.044275981,-5.89E-05
455,H,0,0,0.930349575,0.36272979,0.336327424,0.094396499,11.14516401,8.04364099,7.669907876,0.000446912,4.493839889,0.701694931,0.537490736,0.472135572,11.23876561,6.979657609,6.783832758,0.325344944,11.55098604,5.247540951,4.65675699,0.917654692,10.19878498,5.492324699,5.229559118,0,6.69699701,2.50338925,1.912429055,0,10.2444935,3.537912576,2.658899009,0,7.046501763,2.088515995,1.380882088,-1.394834487,1.433776297,0.229514866,-0.000222986,-0.880583758,0.758688315,0.131378119,-0.000228137,-2.544763901,1.910149552,0.319514484,-0.000284239,-0.8961254,1.338493595,0.143051143,0.000136463,-0.68002791,0.762834112,0.10257198,0.00024316,-0.346508172,0.384259011,0.065130495,-0.000145177,-1.26765324,1.211301713,0.318488713,0.000454107,-0.81949077,0.652236506,0.183115067,-6.79E-05,-2.631932422,2.742214924,0.449437453,-0.000899567,-1.516015529,1.494609981,0.253510964,-0.000433992,-2.420160861,1.63477729,0.344919546,0.001035239,-0.962140455,1.305999371,0.205981743,-6.19E-05,-0.354875001,0.444451801,0.053573368,-0.000964204,-0.10505497,0.14499142,0.015520084,8.45E-06,-0.69018736,0.883783688,0.112740985,-0.001371295,-0.22081233,0.491428145,0.035695661,-4.77E-05,-0.339655652,0.372717528,0.056691809,-0.000789171,-0.132300032,0.184521603,0.018425712,3.08E-05
455,H,1,0.012698339,0.696799252,0.422000198,0.399723699,0.094396499,10.89510094,8.160154989,7.901164345,0.000383101,11.27675955,1.428319107,0.770382991,0,11.23876561,6.555443234,6.203164109,0.193089288,11.33098267,4.33039441,3.822734299,1.229627911,10.86368472,6.303487185,6.08238657,0,10.71976267,2.238662351,1.695585842,0,10.68746726,3.260628584,2.566091031,0,10.66790751,1.822435872,1.070152705,-1.14025546,1.433776297,0.206134022,0.000724526,-0.824690329,0.758688315,0.12066747,-0.00021452,-2.544763901,1.910149552,0.288470495,0.000251175,-0.8961254,1.338493595,0.135991906,0.00020182,-1.893291478,1.363747262,0.174298962,-7.08E-05,-0.873575343,0.693824509,0.08797074,4.67E-06,-1.496238148,1.757693025,0.345906789,-0.000368909,-0.794060422,0.792324947,0.195848939,-0.000110012,-2.631932422,2.531551064,0.425201776,-0.000371151,-1.518859213,1.251384987,0.239875048,0.000277757,-2.420160861,1.725361969,0.343783802,-0.000497071,-0.926382605,1.305999371,0.202278894,-0.000161464,-0.350661027,0.566183493,0.053721606,-0.000470452,-0.087475774,0.14499142,0.013421954,1.40E-05,-0.528846117,0.519380517,0.088320766,-0.001148737,-0.127458441,0.491428145,0.030022169,1.20E-05,-0.402212266,0.644265426,0.064274016,0.000169466,-0.108270176,0.137766019,0.01715322,1.21E-05
455,H,2,0.091929974,1,0.516479602,0.501945643,0,10.75108702,8.379144112,8.215265206,0,11.27675955,1.894516549,1.05685417,0,11.214444,5.924348689,5.506057582,0.193089288,10.46580773,4.111071415,3.691708806,1.339293424,10.86368472,6.636974314,6.454166654,0.028827499,10.71976267,2.581725108,2.115760095,0.019245565,10.68746726,3.653297043,3.124284762,0.064901744,10.66790751,2.155302274,1.365750155,-0.997351204,1.113717715,0.169168418,4.62E-05,-0.587722784,0.660871953,0.0995264,-4.25E-05,-2.766341517,1.748109607,0.27493984,-0.000272182,-1.082822977,1.157665108,0.133828703,0.000220416,-1.893291478,1.605985318,0.23639694,-0.000106926,-0.873575343,0.693824509,0.110836874,5.78E-05,-1.496238148,1.757693025,0.370888458,0.000273236,-0.794060422,0.792324947,0.207244755,-9.28E-05,-2.62796901,2.531551064,0.409452497,7.04E-05,-1.518859213,1.251384987,0.238341265,-0.000110843,-1.841788698,1.725361969,0.325688329,-4.20E-05,-0.903466439,0.950076863,0.191670773,2.15E-05,-0.350661027,0.566183493,0.052641374,0.000281263,-0.07348685,0.097516481,0.012232112,1.57E-05,-0.714261944,0.545433185,0.080437817,0.000302484,-0.191841063,0.224913517,0.021453636,-1.40E-05,-0.402212266,0.644265426,0.063292646,0.000257094,-0.098758099,0.120824435,0.016264622,2.88E-05
455,L,0,0,1,0.514616471,0.481631545,0.142161692,11.74293354,8.254429247,7.767078086,2.29E-05,6.166505788,0.728531586,0.49209256,0.086459409,11.65724343,6.499552917,6.254577064,0.45770969,11.94910938,5.248840913,4.842246909,0.436232302,11.24889452,6.084290383,5.768248971,0.024717645,11.84254909,4.621142808,3.878487706,0,12.11036913,3.440353632,2.503008808,0,11.70699492,4.853743961,4.006472943,-1.590819633,1.405630869,0.280709553,0.001063735,-0.800252486,0.707720004,0.152798888,-0.000294972,-2.239986264,1.841580076,0.322920921,0.001929203,-0.749848106,1.131185445,0.13783929,2.16E-05,-1.539255521,1.103948387,0.138522156,6.57E-05,-0.844587485,0.746921248,0.087664992,-8.49E-07,-1.851184651,1.797232624,0.398344462,0.000990256,-1.019604209,1.044188725,0.235509119,0.000210751,-2.730571897,2.598238064,0.390680814,-0.001807403,-1.644623463,1.306811696,0.223711156,0.000140941,-2.380384879,1.804251024,0.371204889,0.001093072,-1.108375846,1.387849036,0.216181026,-0.000132891,-0.457335807,0.651234678,0.091472809,-0.001765168,-0.154480185,0.172027176,0.024170689,-2.04E-05,-0.415977682,0.654798966,0.080883331,-0.001348015,-0.15416521,0.310923969,0.019787003,2.79E-05,-0.824446351,0.90772982,0.141662378,-0.001727858,-0.1897595,0.43621004,0.039060412,-8.06E-05
455,L,1,0.034375458,0.948931046,0.557362338,0.535919007,0.142161692,11.40034209,8.836836037,8.507978537,4.62E-06,10.87264715,1.463011984,0.666058386,0.35416278,10.7986963,5.988228546,5.720436009,0.09344221,9.90695163,4.767581657,4.386240066,0.436232302,11.67843458,6.801049229,6.561693593,0,11.44446653,3.222054227,2.680225216,0,10.7489293,2.290552947,1.712598064,0,11.8674823,3.631229188,2.882473755,-1.368341876,1.405630869,0.258759199,-0.000154376,-0.819761631,0.709517709,0.145320501,-0.000127615,-2.250308464,1.841580076,0.300841158,8.80E-05,-0.809797214,1.131185445,0.13560792,0.00019842,-1.71133476,2.275302637,0.198989285,-0.000290393,-0.950767927,0.787058057,0.104486335,-4.62E-05,-1.544470264,1.529703656,0.379179568,-0.000744569,-0.851843377,0.921148279,0.224083352,3.05E-05,-1.880235017,2.428569429,0.348619175,0.001006328,-1.502793828,1.181137864,0.206766997,-0.000132123,-2.575983269,1.804251024,0.358864727,-0.000632873,-1.247620524,1.432517995,0.211932855,0.000320484,-0.392091412,0.593046927,0.081839664,0.000782267,-0.109143147,0.162078272,0.020363932,-1.45E-05,-0.412394567,0.498590084,0.066253965,0.001081395,-0.078888178,0.279982876,0.016312403,-1.43E-05,-0.428090144,0.826530036,0.109247543,0.000123347,-0.172182518,0.43621004,0.032793216,2.20E-06
455,L,2,0.085360975,0.948931046,0.588956257,0.572824913,0.248689837,11.25622007,9.167668182,8.927009372,0,11.7787525,2.056018013,0.921755035,0,10.7986963,5.469971695,5.198308726,0.09344221,9.372932697,4.875270429,4.580905318,0,11.67843458,6.657554757,6.435854124,0,11.44446653,3.03636752,2.621060669,0.048607989,10.7489293,2.58777429,2.1537568,0.058982824,11.8674823,2.789987123,2.077925728,-1.326154681,1.177019582,0.240187207,-0.000231201,-0.819761631,0.709517709,0.138321268,-8.39E-05,-2.519023414,1.818111041,0.308700575,0.00033186,-1.00598046,1.301161268,0.143861759,0.000158022,-2.102416204,2.32189285,0.266007412,-0.000137759,-0.950767927,0.940289201,0.128541427,-1.15E-05,-1.534026647,1.737258048,0.389606217,-0.001193622,-0.907835086,0.836636356,0.228636887,-0.000388974,-1.954243863,2.428569429,0.338543791,0.000556418,-1.502793828,1.181137864,0.197097627,-0.000254255,-2.575983269,1.979606927,0.35483657,-0.000306931,-1.247620524,1.432517995,0.207559859,0.000151957,-0.392091412,0.528654493,0.069334382,0.00025942,-0.100260896,0.130178551,0.017104279,-3.05E-05,-0.412394567,0.498590084,0.059742987,0.000208948,-0.078888178,0.279982876,0.015356705,-1.95E-06,-0.379770666,0.588926897,0.090865819,0.000242734,-0.164688679,0.240756151,0.029049177,-3.63E-05
455,M,0,0.012354715,1,0.561415058,0.54293678,0,11.32944945,8.408150206,8.074853847,0,9.349556243,1.477867393,0.716502655,1.054296878,11.78107934,5.877348747,5.665035799,0.068783588,11.83554712,5.019331692,4.482192515,0,11.59505003,6.792639579,6.422876999,0.014829094,11.77887324,4.750591188,3.973949379,0.021974958,11.57511374,4.508525642,3.473806942,0,12.16914365,4.035167066,3.276894623,-1.482213403,1.371309192,0.268882048,0.000313624,-0.831839326,0.849951609,0.153882643,-0.000111256,-2.385811913,1.833396304,0.324666568,-0.000457819,-0.799244871,1.331944302,0.149489098,0.000415445,-2.071335678,1.53362975,0.189616724,-2.43E-05,-0.807867626,0.633149548,0.092291645,9.32E-05,-1.540360847,1.573727074,0.385526462,0.000802045,-0.972132832,0.85483652,0.23656549,-0.00011522,-2.915795745,2.457300268,0.442653231,-0.00127287,-1.88983082,1.361320357,0.252638346,0.00026943,-2.404554735,2.301422017,0.396776874,0.001293024,-1.433755507,1.121490067,0.234025003,-6.77E-05,-0.704305086,1.133462952,0.126804676,-0.000868058,-0.266478684,0.263277275,0.037165034,1.50E-05,-0.905858438,0.819246142,0.116473502,-0.001461253,-0.144430223,0.668224094,0.036070345,1.96E-05,-0.941439333,1.069677353,0.155199063,-0.000161972,-0.307923489,0.62173398,0.050068818,3.15E-05
455,M,1,0,1,0.576872326,0.550525058,0,11.50555712,8.530078631,8.138757854,0,9.349556243,1.065772318,0.480559245,0.361498348,11.78107934,5.463404383,5.157940319,0,11.83554712,5.093272542,4.516284599,0.030782645,11.62735138,7.221015311,6.881293399,0,10.86669359,3.884159713,3.139380577,0.01817099,10.11303099,3.753841958,2.935949913,0.058668143,12.16914365,3.339969096,2.418980601,-1.617797579,1.297449889,0.27778936,-0.001422525,-0.831839326,0.832438253,0.157588514,0.000207744,-2.376082149,1.891114497,0.309592155,0.000162112,-0.744325658,1.205917442,0.137035972,0.000320855,-2.071335678,1.53362975,0.153425006,0.000143933,-0.807867626,0.633149548,0.077212952,4.19E-05,-1.540360847,1.775601011,0.395850061,-0.000370349,-0.938307272,1.141723639,0.240909147,-0.000194639,-2.781198201,2.457300268,0.429393099,0.000358682,-1.252701536,1.378059924,0.241590456,7.61E-05,-2.404554735,2.301422017,0.390432828,-7.72E-05,-1.433755507,1.121490067,0.228263986,3.35E-05,-0.704305086,1.133462952,0.127073207,-0.000508568,-0.266478684,0.428172294,0.036937862,-8.11E-05,-0.905858438,0.819246142,0.123668801,0.000178866,-0.166971909,0.668224094,0.037962425,-4.42E-05,-0.678519027,1.06478577,0.135900601,-0.000923702,-0.307923489,0.632088323,0.044283949,-5.97E-05
455,M,2,0,0.963212979,0.6231105,0.606785786,0.372010713,11.50555712,9.194625756,8.969735299,0.000189475,11.46123464,0.869054016,0.367565027,0,11.10523601,5.028235232,4.692622771,0,11.82978876,5.299503473,4.893679093,0.14101835,11.62735138,6.989269701,6.762342626,0,9.72896707,3.696157887,3.279421609,0,10.11303099,4.448050076,3.867554037,0.032021995,8.713489989,2.438700312,1.836913495,-1.617797579,1.297449889,0.237719614,-0.000470296,-0.748038667,0.798132973,0.138713772,0.000147758,-2.881053939,1.891114497,0.280624599,0.000386864,-1.053926139,1.457162842,0.134269596,0.0002571,-1.183271771,2.239213813,0.153067467,-6.94E-05,-0.693033567,0.673365208,0.073464892,7.42E-06,-1.520260693,1.775601011,0.375521983,-0.000110571,-0.938307272,1.141723639,0.228687955,-0.000170478,-2.781198201,2.313540283,0.399010381,0.00046338,-1.590329346,1.438072282,0.229950136,0.000143443,-2.357683884,2.364030298,0.343239061,-0.001300677,-1.52207771,1.13150848,0.205403416,-4.46E-05,-0.465743935,1.00310377,0.093744744,0.000332043,-0.218821331,0.428172294,0.029777546,3.56E-06,-0.588241336,0.789831177,0.103680847,0.000383547,-0.166971909,0.37542065,0.029716697,-2.82E-05,-0.5004192,0.955990279,0.097211845,0.000203304,-0.207391136,0.632088323,0.037511833,2.58E-05
456,H,0,,,,,0,11.61952812,7.213199655,6.681850743,1.15E-05,11.21061489,3.846425912,2.540337129,0,29.5864286,5.123975838,4.897212767,0,18.32563798,8.275401124,8.09330336,0,17.02184133,1.760995051,1.434017041,0,28.27796887,2.488628807,1.271796965,0.008724386,27.21637514,2.43189624,1.200731425,0,28.02431668,2.4659701,1.240073758,,,,,,,,,-2.245807384,2.055402386,0.35021949,3.46E-05,-0.860433794,1.162655893,0.158445213,-0.000362837,-2.166021906,1.166042375,0.19278567,0.001389029,-0.795757526,0.889317768,0.089186074,4.31E-05,-2.270477492,6.931748329,0.175093103,-0.00174738,-3.922426038,0.755817323,0.110585082,-0.002287015,-2.183620245,0.958210706,0.153301154,-0.000522907,-0.427769365,0.783447957,0.084266013,0.00032496,-1.624427241,4.376424633,0.144722669,-0.000251456,-2.54123169,0.597594068,0.09341672,-0.001448487,-0.231106195,0.223866316,0.03282608,-0.000312171,-0.032880225,0.087878215,0.005581126,2.61E-05,-0.238182244,0.320864451,0.044665756,-1.06E-05,-0.059814804,0.164948676,0.010247706,-3.40E-05,-0.240615247,0.219891191,0.033577009,-0.000332486,-0.035090056,0.116546527,0.006194166,3.04E-05
456,H,1,0.159883942,1,0.502255068,0.494511008,0,10.59659463,7.639552952,7.244246555,1.15E-05,11.21061489,3.744549118,2.547227973,4.006968394,5.914072567,5.035905882,5.020453391,6.744169407,10.53814299,8.282148038,8.247227371,0.135173245,2.675326738,1.582832665,1.503109764,0.017274803,2.653634694,0.877047353,0.70715607,0,3.276426625,1.014365283,0.772777283,0.001289336,2.669254333,0.8598137,0.666437457,-0.6132721,0.499794536,0.086792784,-0.000280567,-0.313779762,0.213721704,0.04438187,3.62E-05,-2.305713996,2.055402386,0.345867113,-0.000177636,-0.871067755,1.232660472,0.158931914,0.000211242,-2.166021906,1.153214501,0.181224799,-0.001191346,-0.795757526,0.889317768,0.089160025,-0.000230706,-0.321054089,0.363788671,0.072576002,-0.000203924,-0.184613247,0.161066816,0.040598019,-4.08E-05,-0.757608337,0.737629448,0.13055305,-3.24E-05,-0.462241466,0.339467825,0.069173321,2.74E-05,-0.725209859,0.520569278,0.100456658,0.000153958,-0.348617368,0.357379936,0.057004755,5.12E-06,-0.110271919,0.117498795,0.020952205,-0.000124491,-0.022107148,0.087878215,0.004682616,8.31E-06,-0.440396655,0.479010925,0.046355054,-8.55E-05,-0.0768073,0.416717132,0.014339687,2.78E-05,-0.105151958,0.123327223,0.021454549,-0.000125905,-0.022923732,0.086004131,0.004646175,6.02E-06
456,H,2,0,0.658761358,0.494637632,0.48487533,0.234677598,11.01916306,8.212145898,7.9259629,9.04E-05,5.904549647,2.651929864,2.138956607,4.022072508,5.983665963,5.03043763,5.017178285,6.768378465,10.55938644,8.200651534,8.174259241,0.097770244,2.675326738,1.70857208,1.638805808,0.006998971,3.657075153,0.964229546,0.785385582,0,5.666198839,1.35026506,0.913506809,0.003327846,3.436074016,0.915639049,0.741246502,-0.426402322,0.359771865,0.076448226,0.000135972,-0.220452666,0.199611538,0.040811425,-1.25E-05,-2.44909457,2.143659064,0.326774449,-0.000627168,-0.883080909,1.232660472,0.147880861,0.000301225,-1.165911677,0.949332163,0.151327718,-0.000690267,-0.468376926,0.498433938,0.073792205,-7.52E-06,-0.285320126,0.269062993,0.06654268,-0.000254385,-0.15919689,0.153819539,0.037763771,-4.69E-05,-0.699367885,0.741464775,0.120474251,2.10E-05,-0.462241466,0.328673673,0.06484334,-3.86E-05,-0.59809555,0.437247636,0.093928988,7.36E-06,-0.275670467,0.259907052,0.052951041,8.45E-05,-0.101442745,0.196082452,0.021283426,0.000355558,-0.032274686,0.042178189,0.004264847,9.56E-06,-0.440396655,0.479010925,0.046501342,0.001181628,-0.076901923,0.416717132,0.013711767,1.14E-05,-0.101465024,0.172706196,0.022056454,0.000159538,-0.027843599,0.10572344,0.004723178,1.35E-05
456,L,0,0.09524167,1,0.601900088,0.579499839,0.045281934,8.522791688,6.166976412,5.888047678,8.66E-06,11.26485421,2.068587895,1.051343276,0,10.53161719,5.96649707,5.716970037,0,10.12104335,5.296528496,5.043911129,0,8.132743674,4.847835812,4.665322944,0,9.436839272,1.706147171,1.103403018,0.005621562,9.216634427,1.727018612,1.023094029,0,9.393070292,1.678405515,1.016500832,-0.745635978,0.733471601,0.14275289,2.64E-05,-0.450533787,0.35746459,0.075939807,1.75E-05,-2.170256024,1.572066409,0.275505156,0.000244276,-0.775385866,1.032389747,0.130978242,5.31E-05,-1.926834308,2.263666236,0.252801504,0.000162226,-0.908093061,0.89229989,0.126416649,-9.92E-05,-2.01125584,1.453120682,0.352942327,0.001107355,-0.852266564,1.025602976,0.203528735,-0.000187323,-1.631500955,1.586752751,0.268890298,-0.000787923,-1.055343917,0.868669656,0.145523889,6.66E-05,-1.531592032,1.810559704,0.266893214,0.000802478,-0.781012686,0.723613326,0.149487335,4.12E-06,-0.183735834,0.284912664,0.031485312,-0.000335815,-0.050956541,0.044798219,0.00597648,-1.50E-06,-0.355380546,0.426268909,0.046363395,-0.000210389,-0.075071211,0.306515714,0.010957308,7.16E-06,-0.219821653,0.28519,0.035066289,-0.000415423,-0.067425837,0.089692054,0.007640396,-3.21E-06
456,L,1,0.053511969,0.902959418,0.577245993,0.563290292,0,8.062850076,6.214490748,5.960759963,1.22E-05,11.26485421,1.330623577,0.555742325,1.056778797,9.87649504,6.012405677,5.844081545,2.98200648,10.12104335,5.560116313,5.382751754,1.255976676,7.811021887,4.914897872,4.745607855,0.009492614,2.306752344,0.754705911,0.680285037,0,2.27587689,0.769664142,0.600087796,0.003867065,2.502125716,0.755057969,0.651198947,-0.770764762,1.045512142,0.152166985,-0.000433076,-0.500650474,0.410836965,0.080497928,-8.71E-05,-2.130371073,1.572066409,0.262964289,0.000340048,-0.721406582,1.032389747,0.124999702,8.95E-05,-1.777285162,2.263666236,0.196607014,4.86E-05,-0.882113231,0.89229989,0.097779628,5.07E-05,-2.01125584,1.404813958,0.321522796,-0.001454324,-0.852266564,0.838386943,0.191506741,-0.000144964,-1.631500955,1.586752751,0.238349742,8.09E-05,-1.055343917,0.868669656,0.131364306,-0.000108794,-1.520258285,1.810559704,0.239954434,-7.75E-05,-0.781012686,0.723613326,0.136130665,0.000146829,-0.104678233,0.1518382,0.017898683,-3.24E-05,-0.026173445,0.096223444,0.005373185,1.22E-05,-0.189514585,0.182115276,0.026545911,2.41E-05,-0.067595452,0.173569386,0.00860585,5.03E-06,-0.119338149,0.169733893,0.021347349,-3.82E-05,-0.034645778,0.136977635,0.006457407,1.32E-05
456,L,2,0,0.902959418,0.557760117,0.542839315,0,8.138689807,6.547373884,6.337194031,0,1.088125118,0.228327715,0.135014695,1.763668989,9.6352976,5.987186724,5.834798369,2.989893327,9.835050619,5.627387114,5.499719992,0.822110101,7.811021887,4.638754614,4.494616594,0.020969279,2.487673204,0.827066537,0.76314553,0,2.955793119,0.756700833,0.596940519,0.007988663,2.332674868,0.843296937,0.779101369,-0.925115923,1.045512142,0.15210814,-0.000223047,-0.620821189,0.410836965,0.082836182,-6.05E-05,-2.028294214,1.525080383,0.247782375,-0.000538628,-0.77231534,0.880708014,0.114210604,9.91E-05,-0.386208918,0.342828732,0.079215834,8.91E-05,-0.25909321,0.227756667,0.054984624,1.14E-06,-1.481871844,1.520167184,0.308482656,-0.000425769,-0.81765286,0.816316325,0.182972335,-0.00014315,-1.390963356,1.428015374,0.214137101,0.000504676,-0.768307582,0.527672758,0.118795341,-8.64E-05,-1.298537762,1.268600749,0.210026596,-0.000410246,-0.52150917,0.563623077,0.120834739,3.69E-05,-0.119999084,0.17410541,0.019190128,8.25E-05,-0.026263671,0.096223444,0.00531082,1.78E-06,-0.189514585,0.227689654,0.027767632,0.000100138,-0.067595452,0.173569386,0.008203381,2.23E-06,-0.119338149,0.169733893,0.020542256,7.70E-05,-0.034645778,0.136977635,0.006069863,2.02E-06
456,M,0,0.06322891,1,0.484344612,0.480251018,0,9.05795483,5.937654973,5.276033825,1.90E-06,11.99123447,2.059782751,0.703272738,5.209079862,31.33999049,8.340165478,8.166083446,0.042371604,42.42840901,2.188641621,1.520419786,0,42.37175219,2.000309792,1.406384029,0.123389178,15.14794189,4.512445309,2.977856895,0.007423178,7.817564814,1.816022441,1.168725478,0.085926741,15.14424224,4.412400337,2.851605459,-11.01389441,7.704702079,0.310630152,-0.000109486,-4.28066099,9.800276215,0.233943398,0.001947602,-2.138398739,2.294609799,0.339031577,0.001856719,-0.982141579,0.983966467,0.157263319,0.000105905,-0.819666721,0.815729114,0.085623134,-0.000292784,-0.217952051,0.279061421,0.033264784,8.90E-05,-2.770189279,2.454651065,0.158397294,-0.000395937,-1.146639017,2.26429375,0.101427834,0.000905472,-4.227417338,6.823756318,0.224853537,-0.000788042,-5.167683636,1.464128724,0.136118588,-0.002338142,-5.507879536,8.502478967,0.265617302,-0.000567533,-6.464983657,3.071198718,0.17249527,-0.002461492,-0.256006434,0.264866508,0.042599883,-0.002921507,-0.092474827,0.06726138,0.008956826,7.43E-06,-0.307297787,0.24118544,0.040448812,-0.000786458,-0.053129367,0.111764074,0.007988192,4.91E-05,-0.314669634,0.3400901,0.044667737,-0.002852058,-0.158582429,0.250633324,0.01156234,-3.19E-05
456,M,1,0.329624687,0.845921546,0.513274879,0.50406225,0,8.846089937,6.800888141,6.453767746,0,2.753600049,0.427548758,0.188759292,6.303140612,8.731484884,7.479621583,7.468169775,0.395742752,2.413956679,1.231112958,1.171043957,0.507750288,2.164736312,1.418442476,1.392086513,0.04117852,4.73362018,1.644270975,1.33173967,0.007423178,2.569845496,0.67601794,0.469758347,0,4.666250161,1.627848552,1.320182783,-0.229589892,0.207635891,0.04097513,7.55E-05,-0.095733364,0.110103042,0.020638344,-9.77E-06,-2.161240971,2.294609799,0.33002864,5.76E-05,-0.934782655,1.042380713,0.150692575,0.000201011,-0.475374611,0.340033444,0.052173257,-0.000239219,-0.162885554,0.202238542,0.025612734,-8.91E-06,-0.374039741,0.436275447,0.077137846,-0.000205738,-0.184664123,0.282589813,0.043331965,-9.28E-05,-0.406790166,0.403285926,0.065038015,6.31E-05,-0.230657189,0.2221121,0.035599079,-4.72E-05,-0.297307955,0.348841405,0.057753977,-2.32E-05,-0.185251325,0.159846477,0.03366181,5.71E-05,-0.212540707,0.264866508,0.03423744,-0.000135043,-0.058047701,0.047885544,0.006732294,-2.62E-05,-0.234507024,0.240078706,0.028962866,-8.01E-05,-0.057061264,0.191332523,0.008217528,-1.96E-05,-0.233451564,0.244010269,0.033039169,-0.000125764,-0.052282914,0.043049088,0.006662025,-2.33E-05
456,M,2,0.292369096,0.845921546,0.512152625,0.501399115,0.070333888,9.23669751,6.724566474,6.469098025,0,2.753600049,0.368897068,0.157066082,6.380811463,8.731484884,7.516279017,7.503814455,0.395742752,2.413956679,1.158532443,1.097739379,0.507750288,2.217637995,1.480805895,1.454849201,0,4.73362018,1.480436279,1.082087984,0.005948331,2.242232694,0.622854173,0.474285452,0,4.666250161,1.463497819,1.038579485,-0.229589892,0.200478171,0.040699665,5.31E-05,-0.11099321,0.132107006,0.021431774,-1.78E-05,-2.206922398,1.796370018,0.328942451,0.000300616,-0.774480592,1.169587276,0.148254341,0.000251242,-0.475374611,0.458414492,0.048261535,7.55E-06,-0.174380137,0.18917623,0.024790303,-9.78E-06,-0.38831554,0.411334606,0.076289502,0.000152857,-0.196538653,0.204960891,0.042939927,-8.78E-05,-0.406790166,0.403285926,0.065491059,5.77E-05,-0.230657189,0.2221121,0.035356354,8.38E-07,-0.297307955,0.348841405,0.058016143,2.46E-05,-0.185251325,0.181853703,0.032589954,2.85E-05,-0.155509759,0.18005083,0.026297681,0.000133797,-0.03991049,0.056557246,0.005242624,-1.19E-05,-0.234507024,0.240078706,0.023120066,0.000190851,-0.057061264,0.191332523,0.007093364,-6.12E-06,-0.141964515,0.168432461,0.026815256,9.99E-05,-0.038587756,0.072699367,0.005617937,-1.16E-05
457,H,0,0,1,0.512070495,0.492944098,0.098947134,9.729091835,7.141264812,6.690056905,7.78E-05,10.06334773,3.126790091,2.060742059,0,9.812064028,5.587050583,5.320312808,0.194943875,10.51178791,4.705045284,4.147819986,0,9.377587053,5.345986977,5.127648723,0.062771062,11.20066762,3.911257578,3.317509131,0.031296416,10.84333501,4.266544291,3.573794298,0,11.19676489,3.624301459,2.733968834,-0.601794368,0.490711324,0.113701025,-0.001056978,-0.284308826,0.247403015,0.050261211,-8.84E-05,-2.276695017,2.339407718,0.324660965,-0.00063851,-0.795317062,1.070540071,0.14733222,0.00032373,-2.049865496,1.888279462,0.23831954,0.000837235,-1.215358607,0.834658607,0.11305419,3.77E-05,-1.892816469,1.682297148,0.39177872,-0.000176829,-1.092535516,0.934551704,0.223480731,-0.000400358,-2.02776126,2.590540592,0.369404466,0.000528492,-1.128536707,1.115555651,0.203660284,-4.66E-05,-1.978506652,2.427836902,0.360656955,-0.000185117,-1.244459186,1.441610452,0.222262558,0.000217059,-0.50509739,0.755997658,0.092692236,-0.000673499,-0.10561258,0.327780345,0.021748856,-3.57E-05,-0.555760169,0.592931786,0.129223262,0.000419329,-0.151854595,0.443458607,0.029571331,-3.29E-06,-0.678789958,0.783129929,0.113042589,-0.000869053,-0.139764627,0.628595923,0.033221391,-3.53E-05
457,H,1,0,0.742568458,0.491026587,0.47582019,0.17487883,9.729091835,7.327246696,6.986224348,0.000809154,9.256531564,2.849209459,2.025651834,0.831709707,10.32244449,5.729448625,5.447952136,0.337320511,10.51178791,4.350792554,3.839472082,0,9.228740641,5.466500251,5.259124477,0,7.691177251,2.86558036,2.582122934,0,7.606389284,3.394505159,2.885974491,0,8.103950603,2.599627442,2.127252654,-0.601794368,0.490711324,0.101013366,2.65E-05,-0.284308826,0.244084586,0.044597401,1.96E-06,-1.986070438,2.347054836,0.277054794,-0.000220107,-0.899490202,0.929957618,0.123706242,0.000117562,-2.049865496,1.888279462,0.204829994,-0.001591094,-1.215358607,0.834658607,0.102852812,-3.68E-06,-1.892816469,1.676775163,0.381703789,0.001053465,-1.092535516,0.934551704,0.216243752,-0.000128052,-2.029095269,2.165830315,0.321184083,2.66E-05,-0.87930855,1.397301812,0.1795872,7.54E-05,-1.584859375,2.281805312,0.310756835,-0.000299857,-1.145953648,1.431630295,0.192809435,0.000147332,-0.458173411,0.618047738,0.077831283,-0.000305328,-0.110922096,0.327780345,0.020880678,1.77E-06,-0.555760169,0.592931786,0.107862659,0.000342023,-0.151854595,0.443458607,0.028172069,-3.41E-05,-0.678789958,0.772976339,0.092195545,-0.000447457,-0.139764627,0.628595923,0.029254396,1.68E-05
457,H,2,0.023780314,0.705446148,0.478585011,0.462987932,0,10.21306323,7.116455043,6.749012918,5.90E-05,8.377397719,2.255907728,1.492244626,0.767217941,10.32244449,5.78108219,5.484546811,0,10.04102465,4.537215811,4.045259512,1.297294552,9.99918862,5.324330988,5.11543107,0,6.728376224,2.385527496,2.157444402,0,8.667838874,3.395028819,2.821441109,0.007108021,7.199990955,1.947395905,1.575148116,-0.516443308,0.433659559,0.098587204,0.000418592,-0.310637654,0.298820845,0.047029533,-9.24E-06,-2.112542848,2.347054836,0.287052625,0.000281627,-0.899490202,1.162408408,0.127888908,0.000160854,-1.90451241,1.485855164,0.189265382,0.000614983,-0.768919571,0.741289917,0.093852457,-2.64E-05,-1.314476537,1.787554239,0.370551978,0.000364599,-1.102794548,0.960829132,0.211361112,-0.000354278,-2.356269041,1.768257244,0.333482123,-0.001202175,-1.015510209,1.397301812,0.186674074,0.000368116,-1.584859375,1.931173547,0.310117652,0.001221455,-1.145953648,1.11812027,0.190590872,-2.33E-05,-0.458173411,0.618047738,0.076460379,0.00047902,-0.110922096,0.320023621,0.02055377,1.71E-05,-0.405309402,0.356967645,0.100018878,0.001233814,-0.098280864,0.291158298,0.025028457,-2.84E-05,-0.488354514,0.678420422,0.089206933,-7.86E-05,-0.142684054,0.492273586,0.028102563,3.45E-05
457,L,0,0,1,0.396999865,0.380329902,0,10.12853026,7.306907931,6.858564754,0,10.13591228,2.224369591,1.263306968,0,10.02940329,5.261285272,5.012456495,0,10.0566204,4.165857485,3.613218852,0,9.308115543,5.065264426,4.841912336,0,10.35006421,3.183211348,2.459743422,0.011993037,10.4345744,3.10414933,2.455573274,0.012350462,10.32699874,2.812417412,1.807524786,-0.549340026,0.459400796,0.085477689,-0.000396407,-0.286746361,0.277297877,0.039913456,-8.82E-06,-2.34104273,2.054337938,0.293254441,0.000367347,-0.838014006,1.205891529,0.133848282,0.000104785,-1.741058821,1.343274221,0.185417664,0.000156852,-0.595939088,0.742237346,0.086279453,-4.83E-05,-1.588164234,1.969156957,0.399878165,2.70E-05,-1.319110938,1.163439474,0.228611361,-0.000341051,-2.157119406,2.279951973,0.311423019,0.000338019,-1.375690949,1.023742151,0.17228282,-4.48E-05,-1.743859887,1.705589854,0.297816547,-0.000161144,-0.979892891,1.3000458,0.181065257,0.000524894,-0.494735117,0.631522557,0.088094032,5.28E-05,-0.109936299,0.14797657,0.017370892,3.59E-06,-0.587687268,0.61077146,0.110362228,3.53E-05,-0.099210939,0.421579929,0.025156,1.12E-05,-0.604933551,0.833472899,0.090299457,-0.00023807,-0.147185403,0.259175714,0.018956817,-8.85E-06
457,L,1,0.059780945,0.509873619,0.360804356,0.354025505,0.415611147,10.12853026,7.686750671,7.370415014,8.64E-05,7.847805781,1.903739541,1.049324667,0.000949336,10.02940329,5.465415852,5.138327391,0.720996187,9.978842653,3.662814459,3.238842546,0.802936478,8.462486823,5.33140673,5.184805696,0.042834974,5.633419609,2.089677398,1.838165785,0.011993037,5.230791414,2.476300812,2.05133632,0.013441633,5.965729747,1.689702125,1.292481226,-0.344306403,0.418453312,0.070441224,0.000286828,-0.226500692,0.267675401,0.035870356,9.96E-06,-1.886961988,1.988770596,0.236353508,0.002341587,-0.69222461,0.997637854,0.111049496,0.000106707,-1.343505957,1.342910565,0.146695478,-0.00021833,-0.595939088,0.616312331,0.07195674,9.61E-06,-1.586075398,1.604386203,0.362033575,0.00084879,-0.778955591,0.984398983,0.208156548,-0.000169162,-2.157119406,2.279951973,0.262023369,-0.001787648,-1.375690949,1.000962997,0.148047694,0.000104412,-1.743859887,2.029463371,0.264815061,0.000830045,-1.015499465,1.3000458,0.163757279,0.00014323,-0.494735117,0.363863638,0.052012091,-0.001271029,-0.109936299,0.110805433,0.012521949,-4.93E-06,-0.530383188,0.339649559,0.072588665,9.80E-05,-0.086987223,0.298117285,0.018879498,-1.17E-05,-0.475235232,0.40719704,0.060435051,-0.001448073,-0.106558016,0.200184627,0.015028638,2.71E-06
457,L,2,0.123958458,0.442795827,0.358334651,0.352805729,0.305588902,10.03142425,7.81271113,7.485611827,0.000134135,5.759924623,1.067175913,0.565885896,0.000949336,10.09412339,5.618170786,5.263462287,0.96683372,10.30186839,3.677954157,3.25933934,0.802936478,7.850443923,5.317102681,5.200487545,0.074785279,4.603109793,1.609376751,1.44920123,0,4.997664672,1.604655191,1.259230861,0,4.51424075,1.501728601,1.338377386,-0.413582803,0.339709644,0.064967689,-0.000113894,-0.19774128,0.218838151,0.035863995,-1.44E-05,-2.021905612,1.942946233,0.23763631,-2.51E-05,-0.65392065,1.051498848,0.109046579,0.000176479,-0.765725293,0.83771796,0.087191151,-9.67E-05,-0.244423756,0.309001773,0.052069849,3.74E-05,-1.368614327,1.382871119,0.327468691,0.000256938,-0.773563866,0.776908421,0.189646804,-0.000105357,-1.713678078,1.621043483,0.235483811,-0.000305008,-0.861088127,0.689005328,0.138666115,7.16E-05,-1.134229245,2.029463371,0.25076573,0.000293873,-1.015499465,0.880787134,0.152531814,0.000142591,-0.231068325,0.299140545,0.036973288,-0.000591454,-0.061931313,0.110650976,0.010746681,-1.45E-06,-0.259155819,0.339649559,0.048483249,-0.00123084,-0.046288552,0.163663503,0.01171389,-4.72E-06,-0.321314989,0.325361981,0.045252639,0.000137804,-0.063841964,0.238417161,0.015215664,-4.21E-07
457,M,0,0,1,0.467948858,0.447010272,0.031140065,9.865603614,7.255127756,6.843329227,0,10.0703184,2.534376989,1.349702231,1.047808197,10.27701126,5.926127693,5.717287879,0.179070959,10.092668,4.311148002,3.816806493,0,9.906014072,5.579996188,5.261106065,0.097266517,10.9278302,3.962607238,3.212106268,0,10.79090564,2.967902568,2.257265398,0.035480623,11.02969023,3.664401351,2.61523264,-0.567573445,0.498080346,0.111763268,-0.00078116,-0.290470905,0.241056046,0.052159458,4.17E-05,-2.143721494,1.675022405,0.288194131,0.000444372,-0.838448874,1.221426937,0.130588881,0.000133148,-1.51801607,1.256559987,0.170808971,9.02E-05,-0.657313112,0.522413096,0.080627534,7.71E-05,-1.727424239,1.283819944,0.358401833,-0.000432498,-0.862752302,0.91925592,0.205999102,0.000266126,-2.033815011,1.927210031,0.324092171,-0.000255038,-1.406418571,1.122110109,0.179495327,0.00027848,-1.950012118,1.897769161,0.372632151,0.000780399,-1.235377412,1.024256136,0.221519382,-0.000166114,-0.428384467,0.517130184,0.079274148,-0.001118559,-0.096852966,0.150500804,0.01634788,2.03E-06,-0.452553019,0.544649752,0.09461937,0.000523867,-0.096495671,0.269160257,0.022366275,-5.36E-05,-0.467779159,0.979945762,0.095140565,-0.001597617,-0.123732333,0.449286821,0.02452891,2.02E-05
457,M,1,0.030684481,0.685659887,0.425885246,0.413461398,0.382175689,9.865603614,7.607895289,7.316386601,0.00019552,7.432702079,2.515077714,1.451326847,0,10.27701126,5.948941823,5.69113422,0.179070959,9.891640989,3.870771981,3.452099852,0.008445102,10.22086976,5.868331624,5.605109969,0.195410869,5.446014134,2.441005136,2.197765702,0.012375195,7.252672684,2.527549564,1.947667361,0.007361217,5.328049679,1.822780125,1.564841609,-0.567573445,0.524875608,0.096926393,0.000285199,-0.275482689,0.277433813,0.048864395,-1.45E-05,-2.251920035,1.969964545,0.259993418,-0.000601407,-0.747471851,1.221426937,0.116648357,0.000138149,-1.51801607,1.008464145,0.134909292,8.02E-05,-0.543936642,0.477461945,0.065387413,-1.70E-05,-1.483994681,1.377241601,0.341333921,0.000356171,-0.669778586,0.71730258,0.191952709,-3.93E-05,-2.033815011,1.927210031,0.282087374,0.000177055,-1.406418571,0.996080372,0.162377499,-0.000103422,-1.733154493,1.897769161,0.341080334,-0.00092964,-1.011123893,1.192141982,0.201073065,6.61E-05,-0.3937845,0.459611199,0.056118272,-0.00021571,-0.101747788,0.201329325,0.014426265,-6.59E-07,-0.303775153,0.261052474,0.0623842,-6.15E-06,-0.050703341,0.167549466,0.013566836,-1.06E-05,-0.528247603,0.617193806,0.067662993,-0.000349227,-0.149284531,0.549236135,0.023777232,6.46E-06
457,M,2,0.013625465,0.594929101,0.417715421,0.403285804,0.382175689,10.07449943,7.572203374,7.283029987,0.000181372,6.991709205,2.619209138,1.623002821,0,9.852736775,5.551639167,5.268029185,0,9.499329303,3.931549954,3.535731801,0.008445102,10.22086976,5.773008383,5.496140762,0,6.523147137,2.420453246,2.205559749,0.012375195,6.090674923,2.275273095,1.876184131,0,5.715825243,1.985972562,1.71097168,-0.58283156,0.524875608,0.100479423,-0.00026705,-0.275482689,0.277433813,0.048147065,-1.52E-05,-2.251920035,1.969964545,0.256437995,-0.000690419,-0.747471851,0.974115908,0.113283428,0.00023714,-1.694215434,1.282196615,0.148844188,0.000782129,-0.546629632,0.811554506,0.07123961,0.00011726,-1.600795024,1.386494065,0.364606114,-0.000642461,-0.754094547,0.757079823,0.204918582,-0.000121133,-1.981248662,1.632342645,0.283109136,0.00026235,-0.968549665,0.888511146,0.154423871,-2.68E-05,-1.467504412,2.208627203,0.338082135,-0.001092866,-1.096053525,1.219005294,0.198641364,0.000277366,-0.3937845,0.459611199,0.057705366,-0.000257819,-0.101747788,0.201329325,0.014754034,8.82E-06,-0.312017745,0.343017063,0.069770031,-0.000571593,-0.05157244,0.184301412,0.014467003,2.02E-05,-0.528247603,0.773967956,0.072731666,3.24E-05,-0.150174461,0.599988616,0.025839075,6.10E-06
458,H,0,0.001130803,1,0.413864477,0.369161589,0,9.321775748,7.26383941,6.824161905,5.25E-05,9.208880864,1.633917993,0.695492574,0.840506105,10.92751372,5.577131237,5.383144172,0.379339455,10.8710547,4.467981357,4.016270971,0,9.171927198,5.630504806,5.386431519,0.059715891,14.86730889,3.537706967,2.144026502,0.006121945,14.88109947,3.274830797,1.623689521,0.000366087,9.186887379,3.074385541,2.236999032,-0.881178527,0.547168412,0.099376404,-0.000225712,-0.392072197,0.306032203,0.048999887,-5.97E-05,-2.386493067,1.993147341,0.257189607,0.000552404,-0.905587637,1.026011846,0.114437897,0.00020657,-1.299918454,1.929028312,0.136110978,-4.26E-05,-0.666829405,0.843838986,0.06728303,6.97E-05,-1.519756533,1.580062558,0.298116255,0.000224772,-0.984181271,0.949331602,0.177648608,-5.29E-05,-2.283526376,2.10845337,0.291708052,-0.000640287,-0.975966004,1.194091553,0.166819107,0.000208945,-1.41929666,2.404366822,0.260135689,0.000699801,-1.096607606,1.186108326,0.150485391,0.000227835,-0.537050161,0.58835776,0.070114679,3.88E-05,-0.13054776,0.236899038,0.015435228,-2.98E-05,-0.639475925,0.413553741,0.055573213,-7.48E-05,-0.106131159,0.368102906,0.013170235,-5.25E-05,-0.517553516,0.976730096,0.110362821,0.000235017,-0.221333311,0.511612574,0.030797855,1.64E-05
458,H,1,0.025107023,0.853037614,0.34189929,0.328712652,0,9.314271794,7.79759844,7.588178518,0.00012019,9.208880864,2.759073441,1.56574665,0.840506105,9.10277959,5.352509115,5.21328645,0,9.758813622,3.762116224,3.477689412,1.139366654,9.265317222,5.980437509,5.839029735,0.053979699,5.222110984,1.584364351,1.316934125,0.004170669,2.80245663,0.818611571,0.676989412,0.000366087,9.186887379,2.503915034,1.948660999,-0.575375397,0.482348799,0.07622502,-0.000170134,-0.233955117,0.302227859,0.037470583,-3.57E-05,-2.12513849,1.895427139,0.233709286,-6.30E-05,-0.770170932,1.026011846,0.104704056,0.00021197,-1.299918454,1.929028312,0.180208103,3.24E-05,-0.666829405,0.843838986,0.082306748,-5.52E-06,-1.36419853,1.199583385,0.257185704,0.000390693,-0.751530826,0.731371829,0.152572898,-4.49E-05,-2.283526376,2.10845337,0.261573331,4.81E-05,-0.975966004,1.194091553,0.150434999,-9.42E-05,-1.470768461,2.404366822,0.229064371,-0.000251333,-1.096607606,1.186108326,0.13204182,0.000192844,-0.391742541,0.58835776,0.05309032,0.000340873,-0.13054776,0.167926343,0.012384438,7.73E-06,-0.229411629,0.252203448,0.032303193,1.86E-05,-0.062756017,0.155708091,0.00849334,1.98E-06,-0.574545592,0.976730096,0.090173873,0.000646047,-0.221333311,0.511612574,0.024684701,2.05E-05
458,H,2,0,0.853037614,0.368353714,0.348719109,0.120038611,9.314271794,7.749204559,7.495808446,0.000119828,8.360230968,2.504011598,1.355882647,0,9.511132229,5.171961864,5.028352406,0,9.855795119,4.062110111,3.773932582,0.3500287,9.265317222,5.847511681,5.678964713,0,6.354168625,1.53027905,1.283793533,0,4.445209761,0.895190116,0.682974836,0,8.54512872,2.319700634,1.863794431,-0.645512942,0.544944273,0.084573186,-0.000406947,-0.31620145,0.216669586,0.039662566,-2.69E-05,-2.220381734,1.974332939,0.253377922,8.87E-05,-0.79338454,0.87715697,0.107013254,0.000281544,-1.084448349,1.085971286,0.145587012,-0.000125389,-0.496760612,0.420358693,0.068185837,-4.66E-05,-2.544236287,2.1895182,0.282967413,-0.00051435,-1.522732885,1.853651452,0.168450617,-7.28E-05,-1.906693421,1.636936854,0.275759629,0.000279479,-1.109484218,1.094569319,0.158901886,0.000155827,-1.470768461,1.761906902,0.234812471,-0.000504264,-0.824473585,0.780633464,0.134239231,0.000128775,-0.391742541,0.628914545,0.056544375,0.000318722,-0.125626206,0.279944224,0.014979016,2.09E-06,-0.233879318,0.290083359,0.037278692,-1.48E-05,-0.062756017,0.155708091,0.010289068,5.30E-06,-0.574545592,1.156839647,0.096379121,0.000588717,-0.246802172,0.536908704,0.028650494,4.23E-06
458,L,0,0,0.969721366,0.663037452,0.650723132,0,9.479396748,7.53319216,7.192565893,9.17E-05,9.405759158,1.397506015,0.613913997,1.042184268,9.464364483,5.31363657,5.074664406,0,10.00558278,3.758775848,3.258626199,0,9.490757579,5.563683437,5.299940507,0.017266603,9.354973589,2.611320419,1.994404826,0.038105752,10.23878797,2.691480914,2.00774775,0.018304554,9.354973589,2.469475377,1.795811868,-1.001756151,0.663464713,0.119178064,-0.000680567,-0.448267405,0.330178554,0.057237439,-2.18E-05,-2.372139517,2.02973079,0.294293863,0.0001416,-0.796811785,1.02121104,0.127216233,0.000182876,-0.726642371,1.379195524,0.114436183,-5.74E-05,-0.443031719,0.480997405,0.066724831,-5.42E-06,-1.44511631,1.640545598,0.333180976,0.000225243,-0.986969923,1.069134098,0.19858046,-0.000252738,-2.153953706,2.201254873,0.328704143,-0.00075321,-0.994235197,1.125302827,0.177350378,1.40E-05,-1.919108754,1.614833299,0.287219353,0.001746626,-0.945137941,0.909529785,0.160544694,0.000135748,-0.505336362,0.801127615,0.092761387,-0.000239937,-0.196976544,0.420412249,0.021768247,-6.57E-06,-1.011562737,0.872154073,0.126616537,0.000145725,-0.171884169,0.58865023,0.03489914,-4.18E-05,-0.445115595,0.755621626,0.088857811,-0.000220219,-0.187271881,0.376327218,0.021577455,-2.36E-06
458,L,1,0.272568043,1,0.644301666,0.635766931,0,9.479396748,7.995284506,7.779238619,0.000236826,9.405759158,1.392776106,0.601031415,0.182326484,9.464364483,5.010182921,4.76258636,0.311552497,10.00558278,3.423475361,3.044956773,0.710297327,9.490757579,5.976714931,5.775820257,0,6.216048109,1.824057683,1.461969704,0.020083383,9.987323495,2.797051719,1.954596344,0.035432771,5.96533535,1.570862462,1.192673491,-0.990441699,0.46719332,0.095636889,-0.000207398,-0.397222874,0.330178554,0.049167969,6.79E-05,-2.143826306,2.02973079,0.275395222,-0.000232527,-0.732594141,1.02121104,0.119720005,0.000256603,-0.726642371,1.379195524,0.110567208,-1.50E-05,-0.443031719,0.480997405,0.064492483,6.26E-05,-1.44511631,1.604451557,0.310698052,-0.000444456,-1.088530001,0.878148563,0.181862951,-0.000206706,-2.153953706,1.915699734,0.287525672,0.000400237,-1.033867639,0.906217337,0.156189745,-7.97E-05,-1.543319168,1.722942626,0.273594807,-0.000429182,-0.661122869,0.78952784,0.149810379,0.000340448,-0.418699539,0.625087211,0.06594566,0.000351679,-0.116883302,0.293833954,0.016158552,-3.87E-05,-0.741976959,0.885281604,0.110313879,-0.000104189,-0.194632283,0.558957968,0.031490968,-7.59E-05,-0.378805191,0.600820942,0.063717105,0.000415995,-0.107687546,0.31011681,0.016995038,-3.44E-05
458,L,2,0.239935672,1,0.633402131,0.625837434,0.526928654,9.30492251,7.98865752,7.774502988,3.64E-06,8.631222498,0.899130912,0.416507565,0,9.693738546,4.915579532,4.679680758,0.271160671,9.979477247,3.524367619,3.217303038,0.28156086,9.193838999,5.798887296,5.615098787,0,5.927029105,1.739441213,1.411262212,0,9.987323495,2.674399925,1.868369147,0,5.551976139,1.499422996,1.152267514,-0.623291208,0.474259788,0.091750544,0.000394937,-0.232154105,0.25272904,0.045895205,1.40E-05,-2.143826306,1.904350367,0.281046493,6.18E-05,-0.798404139,0.975854719,0.117169455,0.000292676,-1.513617801,2.308973092,0.151407465,4.52E-05,-0.931102472,1.10619972,0.08387941,1.53E-05,-1.314649934,1.545884667,0.311782896,1.38E-06,-1.088530001,0.844245815,0.186170038,-0.000107757,-2.113061531,2.074989228,0.29340608,0.000735623,-1.390689285,1.010961484,0.165190579,-9.98E-05,-1.543319168,2.146673859,0.268399903,-0.001164876,-0.950873601,0.821845661,0.148747208,0.000307694,-0.469739373,0.666491374,0.0677234,-0.000136461,-0.131744826,0.293833954,0.018418271,-1.74E-05,-0.843168664,0.885281604,0.122175468,8.01E-05,-0.207760834,0.573753218,0.037083174,-1.83E-05,-0.381229964,0.616636595,0.063396549,-0.000148333,-0.113332893,0.31011681,0.018091253,-1.69E-05
458,M,0,0.064715163,1,0.568410208,0.547912177,0,9.79094239,7.775580488,7.392783471,0.000160278,9.926018255,1.839919558,0.913142402,0.389397265,9.801699819,5.329917695,5.082068238,0,10.15580924,3.879334502,3.320756194,0.415818275,9.465443798,5.883041945,5.566535494,0.057298263,10.35330525,3.977723954,2.945573613,0.034399372,9.461012161,2.885547876,2.22236069,0.064068613,10.35268895,3.720382843,2.555538822,-0.760333705,0.64228093,0.136391124,-0.000925874,-0.423305352,0.416132974,0.073528005,-5.82E-05,-2.569309579,1.982349109,0.325336181,-0.000299296,-0.899109994,1.341345889,0.139977541,0.00043391,-1.550814058,1.162725889,0.164649413,-4.42E-05,-0.587319373,0.653346621,0.082643487,1.26E-05,-1.261328169,2.012047809,0.323453702,-0.000434191,-0.748089264,0.845802739,0.188330655,-0.000181711,-1.730769713,1.808147109,0.342338811,-0.000188022,-1.140643548,0.930550593,0.193788612,-9.54E-05,-1.621383192,1.80589134,0.311487039,0.001101016,-0.854921416,1.248441167,0.179618103,0.000228783,-0.763004868,0.92445671,0.10523474,-0.001775778,-0.23882774,0.366590084,0.029212555,-4.02E-05,-0.659679004,0.745941234,0.111621029,0.000370306,-0.205643539,0.545727539,0.033786244,4.09E-06,-0.735947973,0.887482013,0.107566012,-0.001975928,-0.232847728,0.598679511,0.033441444,-3.74E-05
458,M,1,0.03044857,0.902994984,0.476962786,0.45862332,0.239191936,9.587144429,8.096427696,7.81234494,0.000317847,9.926018255,1.737020556,0.828637713,0.334083544,9.801699819,4.711874552,4.449085386,0,9.471242874,3.44110506,3.015372427,0,9.512457088,6.227483924,5.976148208,0.00358429,7.785171522,2.334648188,1.713526678,0,9.461012161,2.450126245,1.886469876,0.020626052,7.410134445,2.010910622,1.321971659,-0.96681563,0.727733245,0.131864559,-0.000375317,-0.380538324,0.412759285,0.069218942,-6.95E-05,-2.187268629,2.005602449,0.284103356,0.000139048,-0.824544303,1.341345889,0.122976642,0.000298669,-1.550814058,1.008546396,0.137470815,-1.73E-05,-0.587319373,0.603493939,0.074106186,1.50E-05,-1.433793532,2.012047809,0.331021101,-0.000544401,-0.819589628,0.91100866,0.189190787,-4.42E-05,-1.730769713,1.808147109,0.286568963,-0.000169872,-0.807182076,0.772654766,0.158915393,-8.63E-05,-1.569197255,1.80589134,0.302342792,0.000785757,-0.790208667,1.248441167,0.164712914,0.000255914,-0.811448884,0.818756913,0.100295003,-0.000436921,-0.219150537,0.513295844,0.027961126,-1.48E-05,-0.644064815,0.728822415,0.103837043,-0.000701585,-0.177920613,0.545727539,0.033556669,-1.21E-06,-0.754031571,0.782129472,0.09906789,-0.000298087,-0.21712463,0.642608639,0.028652117,-1.62E-05
458,M,2,0,0.728218071,0.409186788,0.399315927,0.554246591,9.587144429,8.198771922,7.97054737,0,4.187062519,0.470564209,0.33367103,0,9.222732931,4.385824798,4.066807614,0.417947976,9.521776749,3.352425247,3.053640295,0,9.512457088,6.281861688,6.076228624,0,7.785171522,1.906939683,1.228519214,0,5.235941716,1.63544096,1.225987476,0,7.621248231,1.750134707,1.017180875,-0.96681563,0.744555287,0.118408955,-0.000237524,-0.380538324,0.412759285,0.06168898,-4.07E-06,-2.085819967,2.005602449,0.279075729,0.000266138,-0.695029624,0.861711956,0.11372441,0.000203216,-0.920380307,0.595641909,0.100885204,-0.000172507,-0.357428428,0.327810413,0.061935849,6.73E-06,-1.608034883,1.729656702,0.318382618,-0.000389385,-0.819589628,1.004470838,0.180560464,0.000109528,-1.519130602,1.722280288,0.258949954,-0.000334023,-0.762274294,0.797667878,0.144087436,-2.45E-06,-1.890776349,1.744009745,0.29082895,0.000120851,-0.717102894,0.799258889,0.156859461,0.000303471,-0.811448884,0.818756913,0.093798381,0.000106397,-0.188807225,0.513295844,0.023973194,-2.00E-05,-0.644064815,0.667530274,0.094209045,-0.000346453,-0.177920613,0.435558014,0.030242801,-1.86E-05,-0.754031571,0.782129472,0.091153814,0.000311117,-0.19058273,0.642608639,0.024497047,-2.38E-05
459,H,0,0,1,0.378937427,0.353635093,0,10.91606069,8.025354024,7.641090656,0.000304771,8.766722561,1.540269562,0.967708428,0,11.11447444,5.345247605,4.921309915,0.476075853,10.70596894,3.436962466,3.102754109,0,10.47450937,5.889872769,5.559219749,0,11.41233041,2.572365216,1.545501144,0.008059482,11.86123381,3.367973999,2.162940326,0.005964456,11.42974166,2.454451983,1.289359266,-3.05801138,2.36706336,0.202869504,0.000457708,-1.374322938,1.918969888,0.116053706,-0.000129185,-1.705603873,1.898320497,0.218280287,0.001791659,-0.576965381,0.819729039,0.096746521,4.54E-05,-1.528429319,1.592400639,0.183865044,-0.000114147,-1.054882126,0.691691576,0.098545401,0.000130396,-2.309196639,2.077192922,0.435911786,-0.000574627,-1.299043473,1.435888903,0.248259074,-7.91E-05,-1.425120761,1.374847606,0.247863501,-0.000518494,-0.826024339,0.782526703,0.140481399,3.73E-05,-2.440193885,2.7413548,0.346445173,0.00122757,-1.703782854,1.245991451,0.208294516,0.000422185,-0.598033912,0.548925826,0.064140982,-0.000455962,-0.143935955,0.274210779,0.016852061,-6.74E-05,-0.476519589,1.191536245,0.090189625,-0.001347128,-0.241145708,0.431137925,0.024737712,-0.000107775,-0.702159315,0.59474522,0.074560798,-0.00016906,-0.166773303,0.404498506,0.021443493,-5.62E-05
459,H,1,0.039953032,0.516050348,0.28235124,0.271047002,0.430778762,10.91606069,8.743240892,8.568375534,0,8.540255177,1.606935402,0.930927613,0,10.19353015,5.378759851,4.965553976,0,8.015543558,2.75925905,2.534208425,1.033821887,10.42971709,6.472832567,6.23851942,0.027454822,3.99862626,1.133689195,0.895083365,0.008059482,5.049169541,1.772022348,1.379708004,0,4.31705966,1.060307075,0.74713372,-0.980716092,1.164863898,0.139232463,-0.000403203,-0.667588193,0.403098545,0.077112167,4.14E-05,-1.398613162,2.159617409,0.202019024,6.71E-05,-0.804167836,0.984675572,0.091415094,0.000127196,-1.706226301,2.129122289,0.265327436,-0.000190847,-1.24884302,0.998834619,0.133932298,-3.98E-08,-2.309196639,2.152922764,0.39284746,0.000178297,-1.247232743,1.435888903,0.218447364,-0.000329873,-1.420226827,1.374847606,0.212925556,-0.000545794,-0.715173073,0.773631098,0.120669036,7.59E-05,-1.41193923,1.569773867,0.32056804,0.001554301,-0.922693102,0.73237814,0.186026417,8.03E-05,-0.261981414,0.421954442,0.042864942,-0.000162579,-0.077085984,0.192511107,0.011538466,-3.22E-05,-0.442064651,0.396385979,0.056331508,-7.91E-06,-0.10159928,0.152916883,0.016070058,-8.06E-05,-0.348614164,0.449954016,0.050336295,-0.000189352,-0.086484612,0.265789787,0.014638894,-3.11E-05
459,H,2,0.007205205,0.524416575,0.270416506,0.258853303,0.430778762,10.88927359,8.814787887,8.623906542,0,10.67079747,1.688876271,0.842947048,0.519864613,10.19353015,5.459778308,5.095636503,0,7.927527193,2.740681532,2.489867834,1.033821887,10.42971709,6.388032087,6.164138699,0.043305345,3.407060416,1.143530062,0.957727541,0,4.580931819,1.924667535,1.531805151,0,3.637763881,1.033102036,0.797768149,-0.980716092,1.165008971,0.137529363,-9.35E-05,-0.667588193,0.572856316,0.075204065,-1.22E-05,-1.241627766,2.159617409,0.210582226,0.000486065,-0.804167836,0.984675572,0.094499664,0.000148302,-1.799322583,2.129122289,0.290732443,0.000145146,-1.24884302,0.998834619,0.144089118,-1.54E-06,-1.731122394,2.152922764,0.36657563,-0.000159762,-0.948188659,1.025002771,0.204452207,-0.00012984,-1.138372069,1.193187185,0.21153838,-0.000504678,-0.643486847,0.638046514,0.123200699,4.92E-05,-1.41193923,1.569773867,0.314639247,0.000584615,-0.922693102,0.856878761,0.186383988,-2.14E-05,-0.261981414,0.351060266,0.041770511,3.84E-05,-0.077085984,0.115281763,0.011240197,-2.43E-05,-0.442064651,0.396385979,0.053795967,-0.000449544,-0.10159928,0.250982476,0.015979953,-2.82E-05,-0.294684998,0.399463738,0.04896678,0.000175743,-0.096883398,0.265141589,0.014701916,-1.69E-05
459,L,0,0,1,0.435750604,0.41846372,0,9.702646485,7.772736088,7.521707265,0,6.304457544,0.65541261,0.413664869,0.010839981,11.92258044,6.528267166,6.275854915,0.248887186,10.46135627,3.994527908,3.588358568,0,9.527840082,5.564829669,5.345461699,0.024729757,10.70262673,2.832212211,1.534252026,0,12.93669913,3.034230287,1.440250662,0.017285298,10.5133251,1.54216766,0.811931274,-1.122234831,1.460965133,0.098194221,-0.000205566,-0.998817631,0.967386929,0.062558637,-0.000169236,-2.132229222,2.017364043,0.178834469,0.000298058,-0.793874638,0.737011372,0.083811685,3.57E-05,-0.671321794,0.942040498,0.119229458,-0.000308662,-0.409320162,0.596475247,0.074136712,0.000179081,-2.010710666,2.051535065,0.319754901,-0.000113337,-1.181040292,1.262361554,0.184642171,-6.23E-05,-2.276421615,2.093722982,0.291184337,-0.000480838,-1.413305112,0.979854148,0.174916902,0.000368394,-1.467523604,1.96049863,0.292015447,0.000628266,-0.901867125,0.932230174,0.178266642,-0.000132243,-0.264558798,0.298162445,0.032031421,-0.001231458,-0.067181091,0.111654509,0.007096052,-3.75E-06,-0.117913106,0.17292327,0.023227727,-0.001661884,-0.037202055,0.087099654,0.005562258,-1.52E-05,-0.282517401,0.365033163,0.039038207,-0.000124403,-0.081353329,0.155390987,0.009291607,1.56E-05
459,L,1,0.14426624,0.62067779,0.329246927,0.317274409,0.69286865,10.40122527,8.282939461,8.130787553,0.000419129,9.224955811,0.957835827,0.535867102,0,9.819010737,6.451112447,6.254683537,0.008211614,9.563334041,3.768178965,3.402220367,0.936255273,9.527840082,5.72208863,5.522648279,0,4.156763932,0.885026839,0.670549037,0.018991874,1.910562286,0.618266864,0.517155852,0,4.188775835,0.818185683,0.541791284,-0.407843358,0.491411987,0.079396859,-0.000472635,-0.270094807,0.233964913,0.044551451,-3.09E-05,-2.132229222,2.017364043,0.187475933,0.000358046,-0.793874638,0.737011372,0.087120937,0.000135935,-1.774582177,1.657079509,0.161955652,0.00018858,-0.99848983,0.716257601,0.092859312,-7.54E-05,-1.273895641,2.024623783,0.277086682,-0.000472803,-1.065586775,1.053115212,0.156282584,-0.000306708,-1.942455774,2.016637415,0.301212662,-0.000579212,-1.413305112,0.963420408,0.17532277,-3.27E-05,-1.317030507,1.545631689,0.2928959,0.000891812,-0.724984952,0.854273027,0.168621431,0.00048142,-0.196181174,0.415534181,0.034159936,0.000267754,-0.102138446,0.152981553,0.009717846,-1.65E-05,-0.143461725,0.113900245,0.01727824,4.03E-05,-0.02768524,0.045541351,0.004794968,-1.29E-05,-0.270576635,0.556707752,0.039559258,0.000346259,-0.117531821,0.248633095,0.012168981,-1.61E-05
459,L,2,0.14426624,0.62067779,0.282118475,0.275832146,0.085262032,10.40122527,8.215336507,8.026255219,0.000551578,10.0996924,1.613601344,0.806877554,0,9.869840752,6.69414659,6.535236504,0,11.0001238,3.940323795,3.464705969,1.457723303,10.07882305,5.540130247,5.301538767,0,4.156763932,1.017493747,0.827743295,0.022709456,1.910562286,0.739780612,0.62683844,0,4.188775835,0.91947912,0.683089812,-0.545331538,0.4379592,0.081882387,0.000572316,-0.32266562,0.243958742,0.044935774,5.14E-05,-1.308440602,1.952825127,0.194942558,-0.002124139,-0.679576869,0.585355393,0.093490455,0.000372634,-1.774582177,1.847471496,0.220506713,0.000198131,-0.99848983,0.780525213,0.112339286,6.15E-05,-1.273895641,2.024623783,0.26856873,0.000107423,-1.065586775,1.053115212,0.154486827,-0.000247097,-1.625515861,2.592536121,0.339399947,0.000433269,-1.07224428,1.399867788,0.197503165,6.88E-05,-1.274141248,1.918923015,0.296346194,-0.000486506,-1.081975511,0.871357533,0.169209148,3.69E-05,-0.196181174,0.415534181,0.036372709,0.000272847,-0.102138446,0.152981553,0.010361524,-5.75E-05,-0.143461725,0.114280474,0.017874647,2.62E-05,-0.032914305,0.080413595,0.005497742,-2.37E-05,-0.232123585,0.556707752,0.041542323,0.000314574,-0.117531821,0.248633095,0.012501168,-5.98E-05
459,M,0,0.044514726,1,0.251064176,0.226790799,0,11.36809835,8.524877986,8.265159388,1.95E-05,11.41101684,2.230108339,1.228844314,1.058732236,11.194726,6.159168275,5.90417705,1.125153078,12.03586304,5.251651375,4.84836511,0,11.31097898,7.110911412,6.886355323,0.029805738,10.35332747,2.025729087,1.385691006,0,11.46659476,2.696568243,1.915118563,0.009695499,10.34165424,1.819090104,1.081053031,-0.427413108,0.59436365,0.085192118,-0.000239859,-0.304440544,0.201521277,0.043736771,-7.01E-06,-1.384964644,2.443508913,0.22494389,-0.000130894,-0.950491608,1.157937162,0.113411536,5.22E-05,-2.410243304,2.565198842,0.311914513,0.002114133,-1.364193288,1.035280896,0.158486268,-9.06E-05,-1.904257687,1.85655824,0.407981479,0.000270472,-1.176216476,1.441893725,0.239579724,6.19E-05,-1.629892397,2.065828969,0.308121077,-0.000354431,-1.167370655,1.005318419,0.180323104,-2.63E-06,-1.671715438,2.335801871,0.301891571,0.000702685,-1.171288274,0.947406082,0.1784727,0.000160209,-0.256054263,0.343261827,0.050140792,-0.000111366,-0.093159988,0.110401258,0.0118373,-1.98E-05,-0.599769811,0.470482909,0.070367371,-0.001223066,-0.112620805,0.164423281,0.017923592,1.63E-05,-0.260616153,0.388780197,0.056376574,0.000259323,-0.098876076,0.14430886,0.013581052,-2.75E-05
459,M,1,0.007306083,0.6556417,0.18512262,0.171007967,0.717377229,11.36809835,8.881843067,8.789474286,0.000301652,11.41101684,2.173240956,1.157291857,0.460093032,11.194726,6.024629668,5.752074149,0.467143048,11.66620638,3.988299405,3.71682484,1.860259122,11.31097898,7.906556273,7.783324734,0,3.429661926,0.905161185,0.790628229,0.002943533,2.952350102,1.522713215,1.335345117,0,3.661517932,0.72783639,0.534230483,-0.427413108,0.59436365,0.073973857,-0.000522368,-0.304440544,0.188080905,0.039188334,-2.81E-05,-1.202689762,2.369613604,0.178126382,0.002445206,-0.824610822,1.157937162,0.089095279,6.98E-05,-2.410243304,2.565198842,0.324661315,-7.78E-06,-1.364193288,1.242833234,0.162212419,-1.51E-05,-1.352626539,1.291432445,0.355671958,8.77E-05,-0.740487419,0.775656252,0.209536737,-0.000117901,-1.775420878,2.065828969,0.286686727,-0.001699321,-1.277754838,0.883774236,0.167492102,-1.18E-05,-1.671715438,2.335801871,0.28841404,0.001662559,-1.171288274,0.947406082,0.170989501,0.000122752,-0.165594006,0.288822742,0.025393444,-0.000538414,-0.04899848,0.110401258,0.007683399,-2.47E-06,-0.263248191,0.238141778,0.037605177,0.000497429,-0.07621013,0.09102852,0.012495276,2.72E-05,-0.204067127,0.31060111,0.029883811,-0.00071074,-0.053462149,0.144413524,0.009605143,-8.69E-06
459,M,2,0,0.294082876,0.12175949,0.112552558,2.494846201,10.86381689,8.916844201,8.874724366,1.91E-05,10.99432564,1.394378157,0.718143268,0,10.49909824,5.672939759,5.394710902,0,10.26507954,3.072780746,2.797576178,2.671874159,10.96770316,8.647225146,8.556451369,0,2.323608671,0.857232047,0.797487914,0.002943533,3.058950593,1.577736553,1.378245922,0,2.219082238,0.633072868,0.54655358,-0.350520604,0.308244638,0.059752906,-0.000148316,-0.185871095,0.136268057,0.034146161,2.12E-05,-0.998067194,1.291226897,0.125201504,4.69E-05,-0.463731753,0.474300431,0.065537863,6.67E-05,-2.137383016,2.512850591,0.20156982,-0.002007421,-0.952458862,1.242833234,0.111186292,2.89E-05,-1.352626539,1.187997853,0.31693264,-0.00090836,-0.766962591,0.770438879,0.190349108,-0.00019396,-1.775420878,1.670577779,0.278465697,-0.000323129,-1.277754838,0.758680645,0.163381006,-2.86E-05,-1.162563044,1.259102385,0.268250248,0.000269608,-0.668226333,0.871211052,0.16056709,0.000128778,-0.137771334,0.197390303,0.016173108,-4.42E-05,-0.029505773,0.070243432,0.005038013,-1.32E-06,-0.263248191,0.166537898,0.029989421,0.000301864,-0.07621013,0.09102852,0.010817448,-1.22E-05,-0.130920702,0.284401818,0.018693696,-0.000113206,-0.052270566,0.144413524,0.006506988,-1.32E-06
460,H,0,0.09068522,1,0.352956511,0.322691024,0,12.33878134,9.286347338,9.001486709,0,11.96410363,1.775154073,0.776301528,0,11.21515143,5.82888033,5.472336849,0,11.91225772,4.717003151,4.352617073,0,12.1848143,7.954272758,7.717401804,0.075871426,11.98662952,4.562849747,3.607337952,0,12.42522783,4.594229988,3.504610596,0.007579348,11.49143858,3.362990045,2.412020962,-0.497510488,0.816059477,0.107805019,-0.001873585,-0.36631761,0.356979594,0.058774924,-7.04E-05,-2.655335363,2.339419357,0.307425444,0.00020344,-0.948579697,1.270961214,0.135750878,6.09E-05,-2.10978453,1.900497225,0.261060776,8.34E-05,-1.167548627,0.749671872,0.128759946,3.71E-05,-2.181816566,2.133409558,0.437094545,0.000480293,-1.175155281,1.120571778,0.253709692,-4.87E-05,-2.432855701,2.504719045,0.363768431,6.25E-05,-1.250728062,1.32697207,0.208550652,0.00019442,-2.237426732,2.683176067,0.387597813,-0.000519932,-1.482954025,1.543830644,0.22996913,0.000150513,-0.625007202,0.873198408,0.125436303,-0.002957219,-0.206254074,0.275058134,0.035275621,7.35E-05,-0.829552073,1.02126319,0.150706654,-0.001050302,-0.270451937,0.799737875,0.043874107,6.12E-05,-0.614518391,0.659227362,0.109197125,-0.003262786,-0.170282346,0.319493036,0.038082812,7.34E-05
460,H,1,0.137839556,0.421510913,0.327724068,0.324815435,0,11.05442246,9.515412425,9.433171132,0,11.96410363,1.128425876,0.458077362,0,11.21515143,5.939253886,5.661716838,1.629467289,9.516725643,4.673711411,4.573435109,1.051727899,11.08639459,7.112902449,6.950882014,0.075871426,6.989653417,2.452574788,2.124820385,0,8.910096385,2.312020503,1.919742335,0.007579348,6.356823458,2.075698001,1.628652578,-0.513704366,0.610679622,0.104093895,0.000343699,-0.341562272,0.407075185,0.061029076,-5.89E-06,-2.655335363,2.339419357,0.246254853,0.000370671,-0.948579697,1.321786089,0.115129924,-0.000113319,-2.10978453,1.799620279,0.201996898,0.000145495,-1.167548627,0.749671872,0.109692266,-5.86E-05,-1.94142841,2.133409558,0.371016158,0.000446023,-0.994026006,0.859977507,0.213108246,9.58E-07,-2.024219306,1.895291319,0.268387687,0.000258647,-1.250728062,0.915057369,0.161883704,-0.000152435,-2.297730618,2.683176067,0.331501673,-0.000765716,-1.413623924,1.535431838,0.19961468,0.000212474,-0.454891829,0.772638779,0.07711512,0.000628055,-0.206254074,0.229087049,0.026005423,1.75E-05,-0.533198442,1.02126319,0.097759811,0.000771669,-0.270451937,0.527892096,0.030520216,4.72E-08,-0.398824584,0.491636476,0.071944246,0.000252557,-0.170282346,0.159847694,0.029063792,3.40E-05
460,H,2,0,0.421688879,0.31642283,0.308177267,0.215703607,12.02026352,9.504876343,9.442738575,1.82E-05,10.4798176,1.135106528,0.448861531,0.800400581,12.46783908,6.054420396,5.817961877,0.308901021,10.36988841,4.810981105,4.681970769,1.368404639,11.08891356,6.784940946,6.641335714,0,10.39385405,2.990599184,2.600488212,0.077870222,9.102285895,2.994557398,2.449386637,0,10.29086528,2.336422791,1.87484285,-0.548566178,0.624320887,0.109903946,-0.000762679,-0.341562272,0.407075185,0.064263937,-8.81E-05,-2.501646112,2.247958643,0.208616429,-0.000339148,-0.960468525,1.56485984,0.1048864,-6.67E-05,-2.110698039,1.715148563,0.218005347,0.000121429,-0.924923338,0.755362772,0.110843471,2.64E-05,-1.430245518,1.94981528,0.324090323,0.001329346,-0.692781316,1.044389553,0.187392159,-3.70E-05,-1.704547281,1.501658259,0.274480411,-0.000504116,-0.900928721,0.817046782,0.166768394,-2.24E-05,-2.414740803,1.419244882,0.294472365,0.00046233,-1.040072501,1.283889141,0.174438314,0.000118264,-0.320016392,0.527659629,0.066693488,0.001064764,-0.129513099,0.166620538,0.022950402,-1.57E-05,-0.343506984,0.625936584,0.066770571,0.001369097,-0.143251325,0.19858105,0.023213397,-1.29E-05,-0.337749446,0.588112455,0.075160363,0.000262254,-0.139344344,0.228306729,0.02806495,-2.51E-05
460,L,0,0,0.767735972,0.377058579,0.340465073,0,12.02492531,9.847988762,9.622158613,0,11.78964256,1.670564565,0.713884081,0,11.98255267,6.653762947,6.351416421,1.307702707,11.09280276,4.783866588,4.540274287,0.850336354,11.81862971,7.783789126,7.625080352,0,12.85565063,4.035830085,3.285777176,0,12.84407023,3.788399536,2.945491793,0.005767253,12.37745527,2.576280252,1.893211029,-1.528627685,1.453326496,0.237295765,-0.000217675,-0.741433689,0.896730752,0.133736527,-0.000292077,-3.1502067,2.362427756,0.293137961,0.000227159,-1.234962958,1.67109652,0.132286076,5.91E-05,-2.583142702,2.594637209,0.295625884,1.00E-04,-0.99811782,1.415820243,0.15650082,2.11E-05,-1.970036399,2.038276272,0.390107228,-0.000687131,-1.021326958,1.15625693,0.225676401,-0.000440204,-1.813901041,2.191735741,0.313512756,0.000144818,-0.966118768,1.061535815,0.180608343,0.000434906,-2.411157912,1.848334623,0.346148902,-8.75E-05,-1.314218785,1.162655149,0.20667246,-0.00013488,-0.482910352,0.711449379,0.081315468,-0.002062486,-0.132885949,0.201516536,0.022037582,-0.000147701,-0.523215716,0.517752989,0.078347608,-0.002231818,-0.146309259,0.325895078,0.021320408,-0.000159891,-0.777072538,1.067656653,0.127681293,9.74E-06,-0.216543914,0.265421833,0.040178651,3.69E-05
460,L,1,0.122329089,0.687067973,0.469932572,0.455462189,0.518797427,12.21366203,9.705858827,9.606317107,0,11.41334819,1.213297784,0.538056299,0,11.52298084,6.851502028,6.56717631,0,9.978162828,4.451048203,4.113456481,1.574851944,11.98068976,7.755244366,7.579747054,0,6.580537542,2.336550926,2.001231299,0,5.076702622,2.247391836,1.832534549,0,9.809072623,1.556351014,1.174885743,-1.215855346,1.453326496,0.211261139,0.000131549,-0.782983363,0.710087335,0.12137578,-5.65E-05,-2.795976804,1.851494571,0.265883921,-5.66E-05,-1.082908252,1.271752994,0.128369931,-1.49E-05,-2.568172358,2.594637209,0.25097114,-0.003189766,-0.99811782,1.415820243,0.145688539,3.77E-05,-1.641640119,2.038276272,0.37154897,-0.000191104,-0.945373244,1.012376346,0.211783879,-0.000293029,-1.870923254,2.261550327,0.309764822,-0.000223778,-0.976803015,0.832149872,0.181751326,0.000254656,-1.898212373,2.07970459,0.325734221,-6.60E-05,-0.876946363,0.875615277,0.197320264,-9.54E-05,-0.482910352,0.629525382,0.055540225,-0.000625257,-0.132885949,0.201516536,0.01780558,2.24E-05,-0.403058557,0.37442256,0.042769911,-0.000610031,-0.088462932,0.325895078,0.015410662,2.56E-05,-0.678297735,1.012251815,0.092576032,-6.95E-05,-0.213450696,0.262245812,0.032577987,7.09E-05
460,L,2,0.233594335,1,0.597447551,0.58295055,0.38784351,12.21366203,9.363303039,9.265046542,2.60E-07,12.48195455,1.664444545,0.67185983,1.538213459,12.18776169,7.72705664,7.505132462,0,11.99190513,4.500561169,3.913227518,0,12.08442849,8.105420318,7.834698476,0.056504652,4.8374441,2.638426353,2.451055724,0.022526124,4.834763653,2.471617252,2.226402522,0,6.385640147,1.936967655,1.46624932,-1.153459614,1.037296334,0.188323767,0.000614339,-0.782983363,0.710087335,0.110539175,-0.000209124,-2.795976804,1.80464225,0.286673234,-7.51E-05,-1.082908252,1.271752994,0.138768328,-6.36E-05,-2.709011339,3.184225694,0.255586947,-1.83E-05,-1.248162441,1.315881115,0.141440234,-0.000142961,-1.852443831,1.87278429,0.385826458,0.000573381,-0.941299716,1.19357523,0.223092976,-0.000135383,-2.661439006,2.761088768,0.3979321,-0.000842484,-1.662219779,1.191760327,0.22002159,-2.00E-05,-3.358445547,3.469606844,0.397173074,0.0011598,-1.646834031,1.552253366,0.229181154,6.46E-05,-0.164652987,0.217260779,0.041873472,0.000607948,-0.070439325,0.079361555,0.014267162,1.32E-05,-0.147311819,0.126623704,0.033228767,0.000829307,-0.048414025,0.056962315,0.01199678,3.15E-05,-0.285477076,0.505807461,0.079667598,-0.000427703,-0.128231535,0.141830682,0.030229071,3.04E-06
460,M,0,0,0.918315956,0.620147507,0.607190492,0.242476738,11.71463466,9.499342184,9.285389794,6.75E-06,9.317225792,1.599132983,0.912074646,0.577241874,12.08143041,5.581282922,5.270852543,0,11.19926149,3.580450374,3.04923335,0.451486448,11.5628728,8.389879486,8.222793719,0.472707257,6.173613973,3.018490227,2.830216925,0,5.184510472,2.528203018,2.35102332,0.050363843,12.02125522,4.545294694,3.826914265,-1.462578894,1.70016911,0.230716915,-0.001319888,-0.825045847,0.979876852,0.130954188,-0.000165069,-2.429602052,2.036090931,0.276175094,-0.000168715,-0.905923966,1.347719588,0.120829517,-7.43E-05,-1.830374604,2.59970625,0.302370631,0.000149414,-1.370878891,1.022216478,0.170274689,0.000174394,-2.019417629,2.068961652,0.407303703,0.000233484,-1.118298898,1.12925035,0.23929469,-0.000344888,-2.30996916,2.661744325,0.32892331,-0.000194757,-1.6379498,1.196715454,0.182542587,5.91E-05,-2.287169854,2.173864595,0.344763883,0.000693625,-1.113607793,1.070740123,0.199383105,0.000231733,-0.474064264,0.442262228,0.068130076,-0.000865529,-0.31581904,0.246853625,0.02681002,3.09E-05,-0.570337092,0.51298216,0.067155535,-0.000131424,-0.154261202,0.477708015,0.025190532,0.000109921,-1.181365602,1.289254335,0.17148535,-0.00221526,-0.770891438,0.572989281,0.073106748,-9.48E-05
460,M,1,0,0.882690752,0.592038785,0.584138602,0,11.71463466,9.55437494,9.354130421,0,8.71691332,1.044714316,0.606212166,0,9.694900454,5.171383034,4.928942544,0,11.5376389,3.841959348,3.365568107,0.951167695,11.5628728,7.646478034,7.463147748,0,6.173613973,2.453316494,2.274289178,0.013384575,5.184510472,1.980212799,1.725873925,0,11.39100854,4.016141324,3.348446977,-1.192075535,1.675292722,0.214716866,-0.000732033,-0.783414882,0.751096752,0.121777734,-0.00025069,-2.737432214,2.036090931,0.268567551,-0.000265201,-1.091686239,1.331509756,0.117745182,-0.000184948,-1.401090903,1.888978522,0.230266861,-0.000564926,-0.979673097,0.671840014,0.134393,9.76E-05,-1.909773243,1.785907083,0.375039368,0.000152396,-0.988762831,0.847795436,0.224373647,5.46E-05,-2.276882871,2.615496476,0.320687849,0.00064123,-1.526018384,1.103925448,0.177565735,0.000130679,-2.331397186,1.995052639,0.320828935,-0.000639263,-1.243193941,1.632309584,0.195016611,0.00018165,-0.392773068,0.479748746,0.075150952,0.000505343,-0.10695605,0.150331512,0.025526295,1.80E-05,-0.409296616,0.51298216,0.063315338,0.000366476,-0.144752977,0.31458122,0.021449436,1.75E-05,-0.84036497,1.221948909,0.173738024,0.001130198,-0.31931963,0.727026944,0.071651163,-8.45E-06
460,M,2,0.119766863,1,0.576972593,0.566670204,0,11.60442511,9.372140681,9.164234907,0,12.04381726,1.223191387,0.615007911,0,9.675095813,5.371457795,5.149084294,0.194952907,11.5376389,3.936031701,3.540190923,0,10.96969736,6.661277583,6.543048706,0,12.22704743,2.87216856,2.521120749,0.077580806,12.22720001,2.490357989,2.037189519,0,11.2079358,4.062525459,3.38721252,-1.192075535,1.675292722,0.215659243,-0.000781287,-0.783414882,0.751096752,0.123814052,-0.000341344,-2.737432214,1.842471829,0.256899003,-0.002316553,-1.091686239,1.331509756,0.115478792,-6.06E-06,-3.131475228,2.823066791,0.270536373,-0.000467969,-1.718873857,1.532915974,0.153748254,-6.44E-05,-1.909773243,1.785907083,0.336079148,-0.000221735,-1.058771499,0.847795436,0.201899668,-2.25E-05,-2.070824326,2.615496476,0.308150889,0.002284963,-1.526018384,1.103925448,0.17297233,0.000269569,-2.331397186,1.995052639,0.311340974,-0.001825665,-1.243193941,1.632309584,0.18942725,0.000260924,-0.451751069,0.864595793,0.092047361,0.001223514,-0.172680187,0.210780784,0.026448802,-3.31E-05,-0.413714722,0.777411355,0.076415033,0.000828534,-0.152986875,0.236656367,0.020379351,-6.04E-05,-0.789364432,1.6067499,0.191222385,0.002098961,-0.475048626,0.727026944,0.077094677,6.63E-05
461,H,0,0,1,0.433056878,0.420220204,0,12.27003263,9.297397721,9.015328992,0,12.28176758,2.145767988,1.011948803,0,11.17296639,7.509283042,7.307661598,0,11.6166021,4.817000972,4.498018705,0,12.42006747,6.603004063,6.340118094,0,12.23555468,2.882630739,1.752339544,0,12.24203151,2.862805033,1.519445628,0,12.38183925,3.061485981,2.387646803,-0.732511213,0.816717447,0.129882002,-0.001641159,-0.418857655,0.522231718,0.074402711,-0.000128289,-2.148528913,1.786714939,0.346362682,-0.000776102,-0.850318626,1.186110776,0.157770396,4.55E-05,-2.769335068,2.688313124,0.308517009,0.000125397,-1.294939863,1.408045438,0.166708578,1.85E-06,-2.776032348,2.321698707,0.432661698,0.000353855,-1.243070981,1.789374702,0.25388122,-0.000407957,-2.448978331,2.82778612,0.423360058,0.001331837,-1.613927952,1.319017445,0.238339658,0.000585483,-2.605462333,2.809420672,0.512986964,-0.000416078,-2.384808576,1.590740862,0.325528493,0.000113324,-0.370532178,0.407438296,0.06112279,-0.002457096,-0.219455971,0.254685933,0.029038965,-6.81E-06,-0.288809249,0.430836027,0.048672415,-0.002644974,-0.175710894,0.132604329,0.019167231,4.07E-06,-1.524245345,0.885368576,0.140860732,-0.000889111,-0.602401925,1.009183093,0.076666544,-0.000105794
461,H,1,0.225629264,0.634246242,0.424759604,0.422020285,1.566916652,11.7638602,9.695430692,9.544692565,0.000551201,11.95876417,2.05831068,1.096002423,0.391400305,11.7469822,8.164533575,8.044373509,0.108874678,10.82534088,4.989204257,4.738195528,0.948169067,11.83865912,6.225227047,6.032916068,0,2.889954123,1.079237932,0.941896883,0,2.114773512,0.765758803,0.630411972,0.004503987,6.631830523,2.225776293,1.879606121,-0.829750421,0.573720058,0.112651264,4.23E-05,-0.471995876,0.361453776,0.06618367,-3.76E-05,-2.16579866,1.622918234,0.357885234,0.00064324,-0.811283046,1.218890699,0.164082891,0.000119126,-2.791092514,3.18980758,0.325155001,0.000249455,-1.372243476,1.392343203,0.171202804,-6.75E-06,-3.032885136,2.689044965,0.41642188,-0.000352127,-1.243070981,1.789374702,0.244571801,-0.000230454,-1.474450085,2.118574423,0.350197337,-0.00033538,-1.225826982,0.973922146,0.202470804,-7.21E-05,-2.605462333,2.809420672,0.483003718,-0.000399741,-2.384808576,1.590740862,0.312688949,0.000317768,-0.370532178,0.329639554,0.050572548,-1.61E-05,-0.219455971,0.254685933,0.026639222,-8.65E-06,-0.215131048,0.334890718,0.037033939,0.000212252,-0.175710894,0.132604329,0.018485117,2.85E-06,-0.971189263,0.885368576,0.120400781,-0.000393471,-0.520396331,0.712701443,0.064986082,-2.10E-05
461,H,2,0.225629264,0.634246242,0.435296746,0.431953926,0.939384112,11.7638602,9.477361502,9.252300754,0.000927193,11.95876417,1.645311856,0.892343323,0.208887473,12.01834185,8.093067853,7.962921872,0.108874678,10.6906578,5.189926627,4.920649637,0.19454142,12.01826109,6.051113774,5.806717264,0.007743263,2.776896665,1.206679016,1.090916227,0.02222358,2.478439463,1.098356028,0.931798275,0.004503987,6.514891216,2.030033847,1.770350001,-0.829750421,0.606847183,0.112072897,-6.50E-05,-0.471995876,0.361453776,0.066020207,-8.47E-06,-2.651392016,1.841823878,0.361070602,0.000980079,-0.974990993,1.357387899,0.169578565,-0.00014002,-2.791092514,3.18980758,0.269076267,-5.23E-05,-1.372243476,1.392343203,0.150324459,-3.63E-05,-3.032885136,2.689044965,0.396941421,0.001239579,-1.20045338,1.756992101,0.233156045,-0.000260389,-1.474450085,2.118574423,0.364207958,-0.000630441,-1.225826982,0.973922146,0.209372548,0.000141049,-2.254792793,2.599919952,0.476098035,-0.001015452,-2.001818368,1.508985675,0.298422245,0.000483687,-0.244264091,0.329639554,0.044318017,6.00E-05,-0.148055176,0.148493942,0.022563848,-6.17E-06,-0.288927973,0.23441529,0.036933394,0.000107988,-0.102204033,0.129717373,0.017128039,6.77E-07,-0.496367596,0.801942463,0.109784991,-9.86E-05,-0.355704279,0.34528177,0.058012837,-1.43E-05
461,L,0,0,1,0.643184286,0.620729794,0,12.34545934,9.229434185,8.826892536,0,12.36064518,1.6263383,0.703961946,0.746497468,11.38299753,7.391580846,7.179454691,0,11.73851758,4.91159317,4.546585759,0,12.2240782,6.186224811,5.900062596,0.008548788,14.43469399,2.501634202,1.23981277,0,14.43907583,2.349175427,1.051330729,0,11.94828718,3.184257578,2.114660507,-1.902588198,1.81443732,0.283407123,-0.000872961,-1.259172623,0.902635806,0.160660199,-0.000289652,-2.527649265,2.255035469,0.417858176,0.002040572,-0.997463461,1.431262452,0.20085273,-0.00032847,-3.657309281,2.129582394,0.23436447,0.000251132,-1.986490408,1.522226574,0.125807451,-6.47E-05,-1.77974664,2.10444115,0.394056486,0.000452501,-1.123333664,1.154295017,0.228348681,0.000207914,-3.100877908,2.601878635,0.384789701,-0.001516614,-1.559896397,1.250719478,0.218106813,-8.69E-05,-2.457179206,1.796737824,0.395385295,0.002133673,-1.394895174,1.239321569,0.248175575,-0.000314031,-0.346663452,0.312870626,0.041684117,-0.003263015,-0.249623671,0.139840741,0.018689324,-1.06E-05,-0.225587052,0.339469512,0.032689034,-0.003355912,-0.113865567,0.154929294,0.011902294,-1.62E-06,-1.846914079,1.988616387,0.142525641,-0.001235371,-1.215347082,0.829629354,0.073943986,7.87E-07
461,L,1,0.012912997,0.956766771,0.613631148,0.601839001,0.012393577,12.17778743,9.824401836,9.593784774,0,12.36064518,1.641469498,0.753985074,0,12.12022665,7.735577986,7.557290538,0,11.74875195,4.335677756,3.98512989,2.284796731,12.2240782,7.601607649,7.368534425,0,2.288481548,0.626408417,0.540026027,0,2.091136177,0.498678501,0.431492751,0,6.172728521,1.614957896,1.286887131,-1.588287733,1.543784369,0.255638273,-0.000386925,-1.030911569,0.860523861,0.148991788,-0.000227288,-2.423924757,2.255035469,0.366191705,0.000430101,-0.985957734,1.427825381,0.177829164,-4.00E-06,-3.657309281,2.129582394,0.242561688,0.000132158,-1.986490408,1.522226574,0.131940741,-5.89E-06,-1.993059283,2.687485761,0.404499132,0.000679573,-1.064108941,1.670318186,0.232367655,-0.000266871,-2.536425274,2.601878635,0.344721452,-0.000701617,-1.300652415,1.109813944,0.194497085,7.89E-07,-2.092149889,1.657351271,0.380842739,0.000857636,-1.10902767,1.127145657,0.230727217,7.61E-05,-0.247703088,0.22326126,0.029504142,3.45E-05,-0.09707963,0.09906655,0.014053003,-9.72E-06,-0.13268378,0.173118302,0.021468236,7.71E-05,-0.063311074,0.104818214,0.009294744,-7.15E-06,-0.770796525,0.639822703,0.099331468,-0.000256517,-0.330776859,0.368337836,0.052253786,-1.13E-05
461,L,2,0.234867357,0.98589014,0.664567958,0.656330093,0.012393577,11.82619615,10.19669645,10.00997012,3.00E-05,1.395963299,0.478027593,0.360877337,0,12.12022665,7.693575035,7.518529469,0.2864958,11.74875195,4.245238006,3.996446301,2.284796731,11.67701359,8.248835529,8.114014272,0,1.344188319,0.655726692,0.619852428,0.077007763,1.449557024,0.686910855,0.642760349,0.030025555,3.363658624,1.076107134,0.919011614,-1.588287733,1.543784369,0.265842018,0.000650288,-1.030911569,0.860523861,0.155380427,-0.000331757,-2.376640539,1.900602465,0.35584358,0.000396774,-0.890950373,1.359120752,0.169102834,0.000147674,-0.419452118,0.381697219,0.130561317,-0.000164958,-0.275157182,0.280604233,0.087031,4.06E-05,-1.993059283,2.687485761,0.383707888,-5.88E-05,-1.064108941,1.670318186,0.218298682,-0.000132768,-1.429281793,1.754351644,0.307035808,0.000115444,-0.910232387,0.838834987,0.174902688,7.97E-05,-1.726336847,1.657351271,0.34588966,4.73E-05,-0.987349537,0.980419841,0.208899239,-6.13E-05,-0.106091118,0.117414787,0.017247649,-2.63E-05,-0.089899521,0.065166685,0.009033602,9.61E-06,-0.113036592,0.126851917,0.014114765,0.000127495,-0.036760311,0.086762434,0.006424239,-7.13E-06,-0.587444681,0.440372046,0.074793196,-0.000620043,-0.386720436,0.396103893,0.04600333,6.01E-05
461,M,0,0,1,0.410139589,0.354759165,0,12.25056808,8.69163073,7.760917412,1.61E-05,10.5669956,0.778284211,0.494262578,0,12.30257806,7.40326338,7.178284846,0,11.80590471,6.092879666,5.699699828,0,13.17112711,7.250712783,6.840688815,0.113602548,11.84840455,3.887730674,2.233085749,0.027586131,12.71282222,4.044970497,2.765391601,5.44E-05,11.78905363,3.515111977,1.591807796,-0.990038091,0.863685963,0.152181391,0.00103857,-0.478389383,0.56572891,0.081701024,-0.000148779,-2.162305262,2.607081074,0.363499001,-0.001487086,-1.047922804,1.194098611,0.169593639,-0.000335559,-1.737035658,3.064870269,0.177916257,-0.000387114,-1.606487563,1.449181965,0.114066278,0.000169751,-2.599785255,2.718878714,0.409086178,0.000235504,-1.782052205,1.936679024,0.244157788,-0.000781567,-3.601222691,2.5381289,0.400974524,0.001627722,-1.754629508,2.242338043,0.227907443,0.000337939,-2.504208339,2.523168278,0.382552614,-0.001404684,-1.827075867,1.455419754,0.24222833,1.69E-06,-0.490524999,0.346817446,0.044089857,-0.000264428,-0.111431084,0.112193518,0.009905903,2.13E-05,-0.34990647,0.58003618,0.056173646,-0.00038629,-0.10175008,0.195305561,0.013905519,1.07E-05,-0.500400445,0.381838486,0.047657421,-0.000186823,-0.144464601,0.141586546,0.014235196,2.54E-05
461,M,1,0.066934696,0.588851813,0.357487769,0.349032417,0.781556043,12.30022699,10.14804264,9.914483785,1.61E-05,10.99463293,1.212426375,0.548707065,0.45191002,11.54627671,7.727542569,7.619132077,0.36564461,11.40907233,5.205056578,4.965658112,2.384139087,11.61502532,8.045024329,7.812939219,0,2.414496252,0.794784945,0.639997253,0.093006627,4.352351421,1.32937679,1.063486539,0,1.245273189,0.402984851,0.326758137,-0.706609455,0.733772453,0.132876032,0.000546991,-0.357244269,0.481535153,0.075337635,-0.000161082,-2.818919223,2.230049573,0.384816769,0.002230756,-1.19668859,1.738286214,0.187900268,-8.37E-05,-2.049597582,2.251605395,0.203271442,-6.17E-05,-0.903427219,1.069311251,0.117925418,1.33E-05,-2.567039319,2.718878714,0.335391733,-5.72E-05,-1.332484545,1.936679024,0.197796013,-0.000210303,-2.280220275,1.936669656,0.334704428,0.000607394,-1.292890035,0.868463573,0.188861926,-7.78E-05,-2.615976448,2.157627302,0.338614465,-0.000308092,-1.69489715,1.111381383,0.203310825,3.27E-05,-0.069772809,0.155729094,0.015638785,-5.39E-05,-0.041285656,0.055214451,0.006740758,-1.22E-05,-0.131780156,0.258196374,0.026081318,-6.51E-05,-0.060683831,0.088986795,0.010175586,-2.15E-05,-0.079980973,0.099416748,0.017300147,-6.58E-05,-0.067166644,0.063951275,0.00951133,-7.11E-07
461,M,2,0.132233836,0.588851813,0.371056068,0.364233397,1.25818731,12.30022699,9.872003732,9.636072648,0,12.36481918,1.818597808,0.869729595,2.048119646,10.80114789,7.726580753,7.640522717,0.36564461,10.39893748,5.540955322,5.271666804,2.384139087,11.96359044,7.708284668,7.484182445,0,2.414496252,0.960794488,0.829020684,0.008211181,4.352351421,1.275361572,0.993845854,0,1.747440238,0.775836241,0.622635802,-0.639209818,0.693228252,0.135850202,-0.000385173,-0.382744189,0.405033043,0.077168645,-8.84E-05,-2.818919223,2.230049573,0.388485295,0.00228908,-1.19668859,1.738286214,0.188136659,-2.52E-05,-2.966386314,2.433727932,0.326137096,-0.000101602,-1.726003522,1.343886492,0.170899985,-6.15E-06,-1.964686971,2.050395597,0.320948963,0.000111724,-0.794605732,1.368225314,0.186414936,-0.000102633,-2.280220275,2.188800443,0.357821212,-0.001202429,-1.017567111,0.98864851,0.203975875,-8.34E-05,-2.615976448,2.157627302,0.366573126,0.001567938,-1.69489715,1.111381383,0.222485559,9.20E-06,-0.188168716,0.242957316,0.021945147,6.43E-05,-0.214519676,0.154380034,0.011254763,-1.28E-05,-0.186302797,0.258196374,0.032387933,-0.000337325,-0.086172727,0.096211307,0.013066713,-1.43E-05,-0.45170953,0.554509074,0.028106746,0.000269323,-0.376826159,0.371309002,0.016999408,-7.83E-06
462,H,0,0.213560134,1,0.529809588,0.517747094,0.046261819,10.52368856,7.37723915,7.069632743,0,8.184900636,2.47203053,1.450302537,0.083720758,11.40145116,5.293896704,4.947592759,0.023711249,10.50839543,4.518135867,4.123326428,0.472565101,10.55324846,5.694222223,5.454249596,0,5.923376077,1.554430589,1.179357949,0,5.593576825,1.669445477,1.227929463,0,5.852752931,1.210656924,0.823019912,-0.838479405,0.699387958,0.148903273,0.001034098,-0.478319984,0.417145752,0.084188956,-3.77E-05,-2.45914389,1.836441054,0.401864492,0.000525492,-0.918913273,1.294227049,0.181990048,0.000242933,-1.835546847,1.400459224,0.180816466,-6.74E-05,-0.664679868,0.678153641,0.086403654,-1.82E-05,-3.073012877,2.173867777,0.383198164,-0.000439862,-1.558134448,1.464564088,0.22452934,-9.95E-05,-2.313193842,2.253526785,0.406585773,-0.001077651,-1.559300056,1.182639037,0.223766776,0.000125002,-2.403454738,2.005867462,0.385196582,0.001650134,-1.242768429,1.223922263,0.221327247,-5.72E-06,-0.275254975,0.175061175,0.029918112,-0.001445602,-0.057404482,0.089381464,0.007914091,-1.93E-05,-0.278361822,0.334933575,0.040781799,-0.00026953,-0.11447881,0.191513716,0.011970666,-9.08E-06,-0.26238206,0.174974743,0.028765205,-0.001516043,-0.047538817,0.09726992,0.008691945,-1.69E-05
462,H,1,0.022664071,0.929649639,0.553050045,0.536416791,0.004757767,10.02450745,7.256808475,6.98560288,0,10.16439552,2.682064497,1.482621602,0.091863774,10.39958372,5.333186364,5.020584278,0.023711249,9.560257479,4.478306455,4.074449126,0,10.55324846,5.54385326,5.260638272,0.065244631,7.490278818,2.311743816,1.542799949,0,11.65404003,2.840264345,1.581045148,0,7.297394571,1.559786703,1.030088506,-0.870564605,0.773048872,0.140039611,-0.000679658,-0.478915547,0.44161113,0.078445992,3.96E-05,-2.45914389,1.836441054,0.391341642,0.000840664,-0.918913273,1.294227049,0.177139135,4.72E-05,-1.53103356,1.463829313,0.182976981,0.000136908,-0.565297529,0.554770329,0.079468674,2.04E-05,-1.705938631,1.862102347,0.376316217,-0.000338233,-1.075216916,1.170046607,0.217119258,-8.74E-05,-2.313193842,2.253526785,0.404996648,-0.000144235,-1.559300056,1.182639037,0.226551617,4.24E-05,-2.403454738,2.005867462,0.401916193,0.000473495,-1.242768429,1.223922263,0.232999376,0.000146853,-0.277520821,0.287431201,0.032382825,0.001495078,-0.072319714,0.0650295,0.008152278,-2.13E-05,-0.45158598,0.351934541,0.051558878,0.000307774,-0.094228365,0.291212201,0.013186508,-1.23E-05,-0.28874475,0.315812669,0.029555592,0.00152533,-0.077926871,0.09726992,0.009171337,-2.34E-05
462,H,2,0,0.887377822,0.520726718,0.502573915,0,9.942263869,7.063971471,6.804668304,0.000417319,10.41704326,3.816150977,2.666385495,0,10.39958372,5.403551113,5.076775834,0,10.84146426,4.86116124,4.49218162,0,9.67212293,5.100777367,4.844240701,0.177341739,10.91505835,3.225573264,2.551969823,0.002441158,11.65404003,3.431491761,2.36949824,0.029608024,10.91505835,2.492783925,1.728344214,-0.927276821,0.773048872,0.161968077,-0.001057679,-0.518397954,0.44161113,0.093161082,-6.97E-05,-2.411161251,1.563544355,0.383672942,-0.001113808,-0.904621745,1.17591493,0.172404699,-3.37E-05,-2.142086755,1.719374156,0.253610752,0.00029638,-0.726676043,0.769850693,0.10841117,9.78E-05,-2.015751556,1.870411462,0.384498657,-0.000828445,-0.915438008,1.170046607,0.215402233,-0.000330852,-2.00318093,2.186213717,0.402589561,0.001318239,-1.075692405,1.04951704,0.222364434,0.000154931,-2.076029036,2.239506742,0.402437225,-0.001047867,-1.356097376,1.222526433,0.235946226,0.000143015,-0.277520821,0.494099407,0.051649297,0.00095383,-0.077459884,0.122501881,0.011211064,1.60E-05,-0.45158598,0.351934541,0.061099725,0.001965268,-0.094228365,0.291212201,0.014275073,7.33E-07,-0.410253899,0.490710234,0.055704263,-0.000141469,-0.079110106,0.248730507,0.014511574,5.15E-05
462,L,0,0,0.922855463,0.357978325,0.322473073,0.082863841,11.14349416,7.389196806,7.028552479,0.000493259,2.27455983,0.642586416,0.508085289,0,11.23827916,5.425798189,5.120063232,0.503519939,11.26458152,5.26310726,4.925807667,0.42312508,11.12490317,5.539577641,5.337470257,0.017465506,4.36884232,1.353765777,1.170847457,0,3.069383114,0.787505705,0.596626894,0.11582898,8.322689878,2.392901239,1.985666152,-1.425695049,1.740837905,0.287392613,-0.000940262,-1.050195215,0.78399862,0.166844594,-0.000434172,-2.988113761,1.901579688,0.434343974,0.001250526,-1.167906045,1.306697602,0.194979199,0.000597875,-0.515109643,0.522468269,0.092842051,-1.34E-05,-0.334876005,0.274534084,0.05588062,-1.13E-06,-1.826981251,2.574138747,0.417600836,-0.000481274,-1.372717118,1.26707705,0.232239696,-0.00031454,-1.947057327,2.042545966,0.383030622,0.000349022,-1.050421542,1.021429833,0.208856679,-0.000265093,-2.634332977,1.769487325,0.367840486,0.000170124,-0.936846287,1.191987747,0.218768533,0.000363507,-0.208638626,0.413073986,0.032552407,7.37E-05,-0.090873155,0.166433371,0.010461855,-4.56E-06,-0.198366983,0.112096816,0.025691459,0.00014418,-0.069697764,0.15450306,0.008690096,-9.78E-07,-0.392771864,0.832875989,0.068637284,3.30E-05,-0.171449953,0.386270978,0.021895851,-6.07E-06
462,L,1,0.040502658,0.870643607,0.388869298,0.353967217,0.1784742,10.31631717,7.123937993,6.770180188,7.42E-05,10.14656702,1.399459074,0.695925469,0,10.96381313,5.478434234,5.155128385,0.874831888,10.88883818,5.346619286,4.959102269,0,9.518975859,5.518980345,5.309838328,0,4.751967311,1.925560261,1.646186146,0.014017013,4.337100757,1.596091661,1.196990682,0,8.441914229,2.727991902,2.187832381,-1.425695049,1.815152232,0.287129587,0.000414386,-1.114143042,0.78399862,0.169477754,-0.000389895,-2.714914399,1.901579688,0.419471151,0.000201776,-1.065930053,1.311239034,0.190297722,0.000535139,-1.978404831,1.471687535,0.162384807,-0.000131019,-0.5851132,0.690046663,0.073811354,3.97E-05,-1.819981818,2.574138747,0.412124404,0.001357785,-0.986391145,1.156517057,0.227938093,-0.000273338,-1.710540627,1.960803625,0.377666442,0.000129894,-1.050421542,0.801977095,0.211495029,-0.000227678,-1.95323545,1.783865841,0.358504677,-0.000159317,-1.508428995,1.047712555,0.216684617,0.000322574,-0.23769595,0.277375263,0.032979306,8.08E-05,-0.04352845,0.071336426,0.009006001,-1.02E-05,-0.169650925,0.106045972,0.026831358,6.78E-05,-0.030499239,0.03944925,0.007414227,-2.49E-05,-0.440322091,0.716539511,0.070410086,6.73E-05,-0.115179734,0.169390535,0.020030086,1.70E-05
462,L,2,0.005826711,1,0.516083163,0.47804744,0,10.31631717,6.914146467,6.483780292,0,11.0023827,2.927874754,1.592399409,0.327070084,9.962913138,5.501384904,5.242286898,0.874831888,10.88883818,5.840927394,5.424807914,0,9.560044561,5.480190019,5.242231257,0,10.83786855,3.323871266,2.672834251,0.028707997,10.744576,3.148494027,2.324346548,0,10.99475069,3.751879005,2.978056526,-1.306543364,1.815152232,0.275323765,0.000184934,-1.114143042,0.818248505,0.162393115,-7.31E-05,-2.714914399,1.778233697,0.415624097,-0.000128032,-1.10909853,1.311239034,0.189489156,0.000340561,-1.978404831,1.471687535,0.209562923,0.002002079,-0.675216438,0.690046663,0.091307404,-3.02E-05,-1.819981818,1.769833658,0.410227735,0.001578647,-0.980861924,1.046379515,0.229921788,-0.000358129,-2.432213246,1.960803625,0.423843765,0.000103766,-0.984708358,1.257488282,0.234095892,7.38E-05,-1.95323545,2.141085273,0.382965127,0.000437423,-1.508428995,1.209767535,0.230366486,0.000116045,-0.23769595,0.277375263,0.038355085,0.001778952,-0.053610491,0.071336426,0.009788021,-4.00E-05,-0.166779224,0.251314062,0.037837944,0.002203221,-0.052835083,0.137663192,0.009110845,-2.37E-05,-0.440322091,0.716539511,0.083778069,0.00029308,-0.119436491,0.169390535,0.022966271,-9.89E-05
462,M,0,0,0.915472267,0.610600311,0.589775208,0.012645546,11.34894189,7.638860487,7.11444414,0.000108608,10.83984276,1.876277911,0.848106971,0,10.54632684,5.768591769,5.523354416,0,11.54804913,5.554947702,5.028047551,0.202856814,11.16158503,6.077047015,5.761317312,0,11.33533355,4.091666755,3.267898883,0,11.26101955,3.441066444,2.423403574,0,11.32710452,3.940499366,2.91192926,-1.012575623,0.929805894,0.176699451,-0.001386051,-0.640464603,0.600633494,0.103489481,-0.000104463,-3.082055128,2.076135135,0.466087757,-0.001280513,-1.164589941,1.266913129,0.203010864,0.000518301,-1.434324524,1.797652886,0.174604222,-0.000146047,-0.656923703,0.675381782,0.087993728,0.000114931,-2.340444392,2.031664817,0.434526582,0.001589717,-1.035300628,1.400961302,0.257275955,-0.000491296,-2.409608003,2.448730909,0.466191411,0.000394553,-1.135821122,1.24593554,0.254304454,0.000513336,-2.434480338,2.432221657,0.433531345,0.000259709,-1.440083936,1.537467268,0.250408939,1.16E-06,-0.428148023,0.589194447,0.061049183,-0.000774146,-0.090310185,0.115488553,0.013951227,-1.74E-05,-0.49069842,0.521048196,0.069606084,3.56E-05,-0.133220187,0.274040439,0.019565953,3.87E-05,-0.427768031,0.561457785,0.061498133,-0.000782126,-0.095948103,0.118894086,0.014728026,-1.89E-05
462,M,1,0.254461872,1,0.651441779,0.636537526,0.033068788,11.08483469,8.015855172,7.619315479,0,11.59302919,2.49250878,1.172635285,0.804301719,11.40115926,5.668198975,5.375819254,0,11.54804913,5.235993079,4.779834968,0.202856814,11.41732174,5.987282314,5.701039593,0,6.554842014,2.544083252,2.148733556,0,11.26101955,3.561671934,2.610420131,0,6.018788079,2.054947614,1.641238528,-0.970384476,0.929805894,0.166947401,0.000147593,-0.640464603,0.607768787,0.099383448,-9.17E-05,-2.864388957,2.121309442,0.475619432,0.000753727,-1.084147028,1.37100168,0.213997244,0.000509924,-2.995797256,2.030651131,0.255333505,6.57E-05,-1.052450349,1.179742101,0.116405919,-6.97E-05,-2.340444392,1.982923739,0.426884496,-0.000533132,-1.073754819,1.400961302,0.252287427,-0.000502868,-2.550963461,2.448730909,0.466195216,4.86E-05,-1.352838261,1.21434411,0.260166937,-0.000322051,-2.434480338,2.24209774,0.445512428,-0.000235051,-1.373385522,1.242370957,0.254702598,0.000406984,-0.381327681,0.447885559,0.04493733,-0.000402916,-0.12885751,0.128420595,0.013628952,8.09E-06,-0.49069842,0.564020301,0.066026888,-0.001035001,-0.133220187,0.405639075,0.01979247,-2.28E-05,-0.424349064,0.46864565,0.048154669,-5.91E-05,-0.132325617,0.250217343,0.015208994,1.64E-05
462,M,2,0.304222058,1,0.625660418,0.609673501,0,11.08483469,7.910556445,7.432749579,0,11.59302919,2.436066763,1.236124157,0.308204152,11.50764446,5.73315607,5.395071755,0.163928918,11.47318093,5.427930933,5.052833235,0.994045346,11.41732174,5.770547624,5.552600676,0.046251613,7.28029328,3.210501508,2.938542576,0.026006274,9.2722222,3.870374384,3.130537019,0.024677518,7.473136523,2.805695299,2.472688925,-0.839554214,0.830128873,0.168126384,0.00045022,-0.571801936,0.607768787,0.096982996,6.58E-06,-2.864388957,2.150039488,0.46699766,0.002380116,-1.084147028,1.462879399,0.213577191,0.000534371,-2.995797256,2.030651131,0.275063868,0.000160378,-1.052450349,1.179742101,0.123733253,-3.91E-05,-2.02920253,2.544500908,0.432754937,-0.001202766,-1.230900801,1.234992834,0.250928791,-0.000225798,-2.550963461,2.529184281,0.431406131,-0.001124078,-1.352838261,1.21434411,0.241546813,0.000150141,-2.203786611,2.24209774,0.419846694,-3.00E-06,-1.373385522,1.42877677,0.244837721,0.000150848,-0.381327681,0.365207293,0.046218268,-2.68E-05,-0.12885751,0.264708668,0.01490518,2.59E-05,-0.32203369,0.588306073,0.068395834,2.98E-06,-0.11720374,0.405639075,0.022204946,-3.13E-05,-0.424349064,0.322357045,0.052006265,-2.69E-05,-0.132325617,0.250217343,0.016802472,3.19E-05
463,H,0,0,0.782969278,0.495027683,0.479491349,0,12.32196772,9.09446785,8.780123066,0,8.514540723,1.755051529,0.891042897,0,13.37027511,6.69232092,6.225333629,0.245708154,12.61433525,4.798917365,4.231542462,0.381075652,12.61023816,8.379991512,8.081437937,0,10.05911391,2.721257242,2.198744912,0.00211994,12.83654378,5.206553963,4.031965653,0.012690924,9.468811933,2.025622729,1.523793346,-1.011896812,1.458550037,0.199146015,0.000765992,-0.578958468,0.645524771,0.111254904,0.000129309,-2.73629747,2.374514135,0.277800727,-0.00046611,-1.143828178,1.105382433,0.135261584,0.000238527,-2.011542674,2.218878912,0.285517341,0.000209694,-1.322946894,0.948582627,0.151291767,-6.00E-05,-1.722902546,1.951512116,0.427382326,-0.002362126,-1.164405102,1.177913392,0.240260183,8.14E-05,-1.88564605,2.608813033,0.388096974,0.000983917,-1.293990248,1.118457292,0.224910297,-0.000120515,-2.668722662,2.72808608,0.424338948,-0.000571902,-1.28719108,1.532622206,0.25153884,2.48E-05,-0.421720255,0.501760709,0.062929413,-0.000521708,-0.120769216,0.288623718,0.017850116,5.18E-06,-0.587598568,0.56734073,0.098179907,-0.001662202,-0.13560115,0.349901818,0.024832887,1.31E-05,-0.501115547,0.530590977,0.065583274,1.08E-06,-0.149920729,0.470675849,0.021757321,6.88E-06
463,H,1,0.10473332,1,0.505210212,0.491560235,0,12.32196772,9.269088734,9.065036549,3.62E-07,12.43179639,1.555327033,0.807930834,0,12.39381909,6.446492114,6.158983268,0,11.83967657,4.553240633,4.083277955,0.381075652,12.2515384,8.458800547,8.186595371,0,10.05911391,2.154018626,1.522799037,0.00211994,12.83654378,3.89089798,2.809391576,0,9.468811933,1.709188598,1.072947709,-0.965606014,0.980005388,0.176125737,0.000479251,-0.578958468,0.479630231,0.100821447,0.000140095,-2.73629747,2.374514135,0.252574624,0.000168938,-1.143828178,1.402793751,0.125109446,8.79E-05,-3.685969892,2.60740144,0.306667286,5.72E-05,-2.608606736,2.256170846,0.179745204,-1.74E-05,-1.68882558,1.951512116,0.387613136,-5.12E-06,-0.916777389,0.88432965,0.221289697,0.000443699,-2.146302671,2.608813033,0.371928139,0.000251772,-1.293990248,1.118457292,0.217314125,-4.42E-05,-2.668722662,2.127092802,0.412215596,-0.000852121,-1.28719108,1.568290033,0.246616441,8.37E-05,-0.351814768,0.501760709,0.055450214,0.000856687,-0.093739029,0.128072125,0.011890692,-1.34E-05,-0.587598568,0.742275805,0.098262054,0.00132202,-0.149031497,0.13903928,0.021043169,-1.86E-05,-0.297645768,0.530590977,0.053430542,0.000728488,-0.107423524,0.285136053,0.013823488,-1.27E-05
463,H,2,0.023571617,1,0.504950742,0.488069814,0.065713031,12.18183267,9.328123347,9.087932706,3.62E-07,12.43179639,1.413172089,0.690774319,0.520349947,11.54941823,6.340669779,6.033390464,0,12.49800222,4.508837017,3.938612223,0,12.2515384,8.678017265,8.365497192,0.071638717,12.12055218,2.330963375,1.560328774,0,11.36673186,3.714963928,2.691851487,0,12.12055218,2.017065342,1.13897522,-1.123658688,1.944063634,0.18919719,-0.000992629,-0.94724734,0.941137414,0.107243843,-0.000133212,-2.425186101,2.750673716,0.242924419,0.0001118,-1.320710827,1.402793751,0.12132771,-0.000177063,-3.685969892,2.60740144,0.283677701,-0.00018244,-2.608606736,2.256170846,0.171694027,5.28E-06,-1.455966683,1.655483819,0.384362235,0.000323162,-0.912455084,1.09978652,0.22879218,0.000366821,-2.146302671,2.516823511,0.371716095,0.000775575,-1.251129445,0.996021045,0.214878017,4.64E-05,-2.647715018,2.255064704,0.400204289,-0.001052611,-0.977102546,1.568290033,0.236340516,0.000221444,-0.686930729,0.521046256,0.065779836,0.000477612,-0.132999686,0.143348543,0.013670043,-1.83E-07,-0.79149807,0.742275805,0.092581807,-0.00048953,-0.205393551,0.325221117,0.022911373,-8.31E-05,-0.748181744,0.530935281,0.071429691,0.000729875,-0.14195503,0.183606485,0.016164878,1.75E-05
463,L,0,0,1,0.656281902,0.634466683,0,12.83035432,9.93608711,9.588382452,0,13.45685295,1.328939185,0.479053088,0,12.82375274,7.444534548,7.133891627,0.00109329,13.28184831,5.186083906,4.556701964,0,12.70435445,7.983732446,7.68706129,0,9.80868541,3.087788138,2.522029072,0.000567911,8.055583802,2.614147596,2.02143531,0.060337687,11.44712361,3.381899764,2.6238584,-1.774168072,1.460108831,0.268165587,-0.002670941,-0.733050796,0.840509293,0.15104832,-7.47E-05,-3.332445377,2.241307348,0.323485799,0.000335134,-1.3054768,1.506772795,0.163192594,0.000250387,-3.609867638,3.179180988,0.307662771,0.000225487,-1.601864339,1.559311144,0.165968906,4.00E-05,-2.043813906,1.839875575,0.438373614,-0.002069164,-1.13403827,1.256745492,0.249739783,0.000179388,-2.216220592,2.722915533,0.40033919,-0.00082865,-1.423150763,1.143169901,0.228249793,-8.37E-05,-2.559863067,2.144588576,0.423378844,0.000333126,-1.33600497,1.276895203,0.246455317,0.000152041,-0.553961915,0.777736643,0.090335867,-0.000387544,-0.179025771,0.612213067,0.023280401,-3.50E-06,-0.566260586,0.559537332,0.081210535,-0.000433263,-0.094079806,0.302720601,0.021565033,2.11E-05,-0.670382746,0.92163241,0.111781481,-0.000470597,-0.230515559,0.737817029,0.030627182,-2.70E-05
463,L,1,0.031124641,0.96429613,0.645980475,0.623421871,0.463674765,12.59026693,9.986464905,9.663711786,4.40E-06,13.45685295,1.66193431,0.626978824,0,11.45249359,6.837833676,6.40668428,0,13.28184831,4.714946208,4.059659375,0.316035407,12.70435445,8.303608437,8.008564361,0,13.15863328,2.830782061,1.969772052,0,13.12720777,2.742804795,1.816704361,0,13.13819827,2.906765662,1.844020679,-1.570391053,1.460108831,0.265133058,-0.000803316,-0.673934578,0.747955744,0.144814688,-5.34E-05,-3.332445377,2.241307348,0.304285023,0.001448476,-1.3054768,1.506772795,0.156997539,0.000178802,-3.609867638,3.532866876,0.372698621,7.68E-05,-2.067686234,1.743643578,0.199070457,-1.41E-05,-2.043813906,1.872345148,0.472169667,0.001446131,-1.078852438,1.256745492,0.266614157,0.000196809,-1.673297412,2.722915533,0.392533291,8.78E-05,-1.423150763,1.143169901,0.22958156,-0.00014335,-2.559863067,2.129864739,0.440391588,-0.000235937,-1.33600497,1.276895203,0.264372158,0.000140725,-0.553961915,0.777736643,0.097359813,0.000462562,-0.179025771,0.612213067,0.023363254,-9.38E-06,-0.667579666,0.669915176,0.095159031,0.000899224,-0.09284174,0.302720601,0.021606304,9.66E-06,-0.601375865,0.887056795,0.110383421,0.000265385,-0.230515559,0.737817029,0.030313903,-1.41E-05
463,L,2,0.160648221,0.957221762,0.650068951,0.638976917,0.463674765,12.59026693,10.60245569,10.44653508,1.22E-05,12.29142596,1.092232004,0.405402189,0.698316823,12.02093126,6.548309932,6.080810624,0,11.98506638,4.495632047,4.052879232,0.316035407,12.0485434,7.982066245,7.729242775,0.016694896,13.15863328,2.127983691,1.429342173,0,13.12720777,2.305320233,1.467624579,0,13.13819827,2.042081405,1.271076295,-0.941012343,1.024684925,0.210535714,0.00079248,-0.550798447,0.463282508,0.120819575,2.74E-05,-2.713107199,2.80672893,0.250274773,-0.000254767,-1.020982895,1.71205788,0.127992456,0.000198559,-3.209684524,3.532866876,0.256822683,-0.000126442,-2.067686234,1.743643578,0.148078101,-2.44E-05,-1.769892455,1.872345148,0.450102825,0.001254153,-0.993898259,1.079659891,0.259999164,0.000173762,-1.673297412,2.237460547,0.340242186,0.000548051,-0.950109442,1.038602418,0.199646239,-0.000295984,-2.292575718,2.020668315,0.394582945,-0.000549004,-1.199620036,1.019713857,0.235421557,0.000416561,-0.514050019,0.660480722,0.066929621,0.00049005,-0.110869213,0.096742918,0.014773391,-3.72E-05,-0.667579666,0.669915176,0.068855115,0.000138326,-0.086494725,0.181307127,0.014882074,-5.20E-05,-0.482593531,0.654632146,0.076039675,0.000792258,-0.128132063,0.139674629,0.020365977,-1.78E-05
463,M,0,0.001426305,1,0.455059542,0.443706083,0.436768114,12.4337343,9.165725676,8.982944298,0,12.56455853,1.23204168,0.466671305,0,13.45210417,6.181964205,5.55032417,0.404581381,12.49640217,4.386918831,3.908522319,0,12.42911929,9.119790397,8.940083825,0.006061968,11.70963378,1.316116904,0.696291552,0,11.71648033,1.555025828,0.859623269,0.000247074,11.70681486,1.244505566,0.577303498,-0.958216113,0.754693573,0.164882065,0.000121683,-0.557472339,0.448407412,0.090448575,-1.00E-05,-2.416427238,2.483879951,0.242301727,0.000718703,-0.95294222,1.317123299,0.117790662,-2.28E-05,-2.579597452,3.120656476,0.278068119,-0.000420546,-1.806136795,1.480556611,0.154751292,-3.64E-05,-1.445356785,2.167510578,0.415831618,-0.001097416,-1.023557941,0.92545615,0.250439464,0.000378429,-2.325718964,2.362213096,0.422831395,-0.000461713,-1.507085636,1.295718703,0.250636315,0.00017347,-2.5725482,2.055345896,0.412360163,0.000405431,-1.206962923,1.38098783,0.252476987,-0.000109286,-0.811616443,0.479509713,0.053846807,7.14E-05,-0.114557863,0.174833172,0.009738644,1.51E-05,-0.778986739,0.456593867,0.052575641,-0.000148989,-0.093734495,0.206713851,0.010953645,7.51E-06,-0.823928965,0.515275223,0.058044689,0.000236721,-0.124503462,0.184177349,0.011469161,2.14E-05
463,M,1,0,1,0.476105146,0.465941941,0.233812996,11.4809213,9.357117705,9.181333286,0,13.02725621,1.562393634,0.521508017,0.5718622,12.13517678,6.152292296,5.674065961,0,13.27872969,4.362646862,3.905653901,0.405115041,12.58695522,8.809662778,8.617842903,0.019155781,11.70963378,1.455435081,0.888095381,0,11.71648033,1.647339595,0.953039659,0.015554976,11.70681486,1.403401047,0.786224792,-1.263387782,0.966293746,0.181153609,7.33E-05,-0.635248914,0.448407412,0.097533812,0.000158709,-2.537880272,2.231560016,0.235803126,-0.002249998,-0.927543496,1.282775702,0.119730723,0.000473864,-2.909649689,3.43503748,0.333521398,0.000173175,-1.854393565,1.601004878,0.168581968,-3.24E-05,-2.170837946,2.167510578,0.431039848,0.000968719,-1.53528254,0.946965328,0.251826256,0.000748606,-2.222139613,2.527793625,0.418191328,0.002025682,-1.507085636,1.295718703,0.25417556,-0.000350615,-2.132061345,2.878442583,0.438823615,-0.001816072,-1.206962923,1.191785926,0.27076272,0.000331757,-0.811616443,0.479509713,0.056673164,0.001327569,-0.114557863,0.174833172,0.010616003,-3.68E-05,-0.778986739,0.456593867,0.059639623,0.001039523,-0.093734495,0.174507857,0.011511467,-1.85E-06,-0.823928965,0.515275223,0.060375352,0.001399669,-0.124503462,0.193075588,0.012462116,-4.49E-05
463,M,2,0,0.683221855,0.429563937,0.416352313,0,11.94835651,9.123034519,8.788075731,8.85E-07,13.02725621,1.583817732,0.531525168,0.460936347,11.58506454,5.611754584,5.104693267,0,13.27872969,5.010577329,4.346944134,0.405115041,12.8776289,8.762257831,8.476066144,0,4.736582324,1.407931542,1.095866729,0.006920273,6.593930333,2.04252476,1.36874404,0,5.061938827,1.163579288,0.860307072,-1.435527861,1.025172706,0.18788449,-0.000411085,-0.803358551,0.6292765,0.103556611,7.00E-05,-2.610770576,2.576127958,0.281577239,-0.000519885,-0.972771831,1.282775702,0.13107725,8.69E-05,-2.909649689,3.43503748,0.342162392,0.000337009,-1.854393565,1.601004878,0.171151818,2.06E-05,-2.263802952,2.306168193,0.449318371,0.00062121,-1.53528254,1.127947775,0.252638559,0.000285518,-2.470988757,2.541511824,0.431124911,7.97E-05,-1.186106634,1.536906347,0.24924412,-0.000201221,-2.465112276,2.878442583,0.450608316,8.40E-05,-1.249919135,1.257752776,0.269087296,0.000243627,-0.271195206,0.300486101,0.040007169,0.00058046,-0.037618743,0.13531409,0.008412705,-1.92E-06,-0.259194552,0.262606,0.050512468,0.000788034,-0.053823378,0.185586462,0.011867476,3.78E-06,-0.326448591,0.339848008,0.043846303,0.000459309,-0.043976567,0.193075588,0.010440427,-4.01E-06
464,H,0,0.09374744,1,0.452323809,0.438893774,0,10.4396901,8.454753054,8.135287567,5.23E-06,10.60899431,1.897900532,0.90555809,0,10.56958655,6.349144799,6.122537013,0,10.51227121,4.74986244,4.41094891,0,10.80810122,6.466549344,6.278734035,0,11.12998134,2.033891538,1.271372379,0.047185468,11.84958192,3.408779357,2.256120983,0.012040568,11.13850749,1.860709011,1.030452928,-1.06913657,0.755094105,0.107512549,-0.000878368,-0.483532245,0.726261645,0.059367966,-6.01E-05,-2.328862079,2.723923032,0.279785947,-0.001323185,-1.026335523,1.346365964,0.124366481,0.000207988,-2.540144881,1.531258708,0.206217096,0.00011454,-0.957579617,0.868971847,0.10524874,-6.99E-05,-1.653105849,2.143448591,0.350908991,-0.000466707,-1.03867408,0.89672973,0.200937906,-0.000267666,-2.00817442,1.49741105,0.309376889,0.000174071,-1.022331162,1.242518024,0.178615075,-0.00019328,-1.781189925,2.644345044,0.351047253,-4.34E-05,-1.728743831,1.452631242,0.211640632,0.000455576,-0.670883904,0.545549654,0.069931387,0.000239581,-0.106088888,0.180684684,0.012105336,-2.63E-06,-0.301994033,0.421833254,0.068589359,0.000253215,-0.103513164,0.292970223,0.018676989,-1.02E-05,-0.706242548,0.617371238,0.076759573,0.0002666,-0.14782683,0.464633862,0.016014104,4.26E-06
464,H,1,0.092315528,0.673349861,0.379804303,0.366757078,0.603139239,10.4396901,8.507543982,8.271718398,7.29E-05,10.60899431,2.207332926,1.101223668,1.019664768,10.45748229,6.084604185,5.81274003,1.125503699,9.937861738,4.692077454,4.468504946,2.58517165,10.08337144,6.447554617,6.318584053,0,6.125171241,1.36635912,0.939141133,0.005704091,6.904241443,2.122647349,1.617761722,0,6.150150705,1.284037686,0.820520213,-0.485760724,0.443612589,0.084722087,-0.000290694,-0.312224888,0.277985442,0.048117964,-2.23E-05,-2.328862079,2.268645179,0.207787555,0.001802854,-0.800773992,0.949055242,0.092244417,0.000192471,-2.770264427,1.853797997,0.246577583,0.000259156,-1.308366856,0.976145916,0.121341476,-2.62E-05,-1.29115202,2.143448591,0.322450177,-0.00068925,-1.03867408,0.801610342,0.186232487,4.53E-06,-2.00817442,1.392129333,0.24792593,-0.000337382,-0.892505256,0.932889164,0.145147469,-9.05E-05,-1.579266168,2.283453596,0.292580936,0.001201342,-1.109776717,1.452631242,0.180550615,0.000281604,-0.18785115,0.312630024,0.037064146,-0.000814974,-0.065858175,0.049493762,0.006687668,-5.38E-05,-0.301994033,0.472724671,0.058260749,-0.000988686,-0.091305117,0.292970223,0.015377055,-8.03E-05,-0.188198687,0.308389183,0.037575594,-0.000776837,-0.066105688,0.064986722,0.007250415,-4.97E-05
464,H,2,0.092315528,0.474653679,0.290377311,0.286493706,0.772475323,10.07320668,8.537055774,8.401782269,0,10.2812359,1.623817753,0.724891763,0.83912617,9.908437251,5.638085781,5.360591942,2.242477546,9.567056649,4.538238993,4.44676409,2.858290956,10.28865431,6.580303634,6.470717559,0.028879997,4.4133375,0.996850653,0.761456742,0,6.904241443,1.774600389,1.179083974,0,4.12143536,0.920640932,0.69829635,-0.485760724,0.497498273,0.071451113,0.00059268,-0.313307283,0.277985442,0.041857623,1.62E-05,-2.042872821,1.989961397,0.163585186,0.000711585,-0.606531252,0.805974318,0.072049423,0.000168874,-2.770264427,1.853797997,0.221311931,0.001322618,-1.308366856,0.976145916,0.110652531,-0.00030078,-1.941063621,1.764783807,0.318835637,0.000643335,-0.809047512,1.247274627,0.184957956,-1.11E-05,-1.336572057,1.244097992,0.188529135,0.000301416,-0.653680396,0.573771098,0.1152007,-8.65E-05,-1.172872902,1.248364762,0.246829979,-0.000626564,-0.598734341,0.549373235,0.147158424,0.00016732,-0.140411355,0.312630024,0.028319308,-0.000279862,-0.033581271,0.073819578,0.005480792,-2.32E-06,-0.267537941,0.472724671,0.049231135,-0.000997523,-0.091305117,0.176818985,0.012152698,-2.11E-05,-0.148467924,0.308389183,0.028661871,-0.000116414,-0.034097706,0.131563949,0.00645738,3.08E-06
464,L,0,0.01631334,1,0.219554754,0.173305736,0,10.86051032,7.433168204,7.263124527,0,7.404326221,1.016531561,0.486197987,0.478165444,11.09724149,4.847424562,4.5500742,1.228995414,11.46815582,4.694717344,4.428698387,1.302318734,10.8634913,5.97884689,5.747058111,0,11.11357239,1.527958773,1.062890894,0,11.12454753,2.706822865,2.005116685,0,11.11357239,1.354313113,0.845315937,-0.446892659,0.457892868,0.08764237,-0.001117885,-0.277487007,0.259300144,0.047396573,0.000109308,-1.857216278,1.619249783,0.161355819,-0.002194143,-0.621307295,0.691210258,0.071113269,0.000142084,-1.25024651,1.143176654,0.114411043,0.000134754,-0.511534821,0.480796953,0.068605495,-2.11E-05,-1.414388461,1.842607521,0.336370489,0.00060882,-0.98087097,0.807020332,0.199307621,0.000662413,-1.758619045,2.09376719,0.296962729,0.000830583,-1.081464797,1.06714272,0.170535437,-6.30E-05,-1.96770823,1.55308338,0.3117846,-0.000777003,-0.98427142,0.822192045,0.180835078,-2.64E-05,-0.777029343,0.467446622,0.05673626,-0.001569997,-0.091927192,0.402040215,0.01272443,8.73E-05,-0.377952188,0.475802678,0.070709816,0.001131058,-0.101930063,0.092512474,0.017244641,-1.71E-05,-0.792263302,0.46882744,0.058599217,-0.001623705,-0.092791537,0.44938108,0.014141216,8.70E-05
464,L,1,0,0.226528097,0.107317329,0.095189838,0.152920454,8.88025821,7.525305012,7.378836634,0,10.4894276,1.143676489,0.480865004,0,9.329802904,4.990531757,4.645579614,1.228995414,10.34798246,4.816735014,4.588863355,1.207416756,9.878780051,5.983357908,5.793949935,0,5.726109236,1.662134854,1.236708488,0,5.702531686,2.028147258,1.690883949,0.003278837,5.733254574,1.589639259,1.106737686,-0.362297804,0.436015601,0.074762339,-0.000104223,-0.277487007,0.258553832,0.045734749,2.28E-05,-2.193435171,1.46894393,0.155317025,-0.001867579,-0.750759476,0.799009873,0.068006035,9.04E-05,-2.529483348,2.123712147,0.192555637,-0.000129141,-0.943599233,0.979187761,0.097748231,3.87E-05,-1.518518618,1.572710482,0.337073414,0.000157976,-0.861470665,1.057669046,0.199445955,-0.000232294,-1.758619045,1.765547432,0.266446894,0.001808979,-1.081464797,0.880856925,0.157037714,-1.92E-05,-1.96770823,1.55308338,0.289404021,-0.001109066,-0.69504334,0.822192045,0.172143696,0.00015867,-0.15799161,0.308685263,0.031479129,0.001422305,-0.050281025,0.087088341,0.006770749,-2.25E-05,-0.290722133,0.299456862,0.047482838,0.000448545,-0.065694651,0.067149689,0.013159275,-2.62E-05,-0.155921032,0.369484739,0.032891633,0.001427512,-0.048990207,0.099418416,0.007409453,-2.32E-05
464,L,2,0,0.306493592,0.162906381,0.141096868,0.152920454,9.490681993,7.742009783,7.605268272,8.52E-06,10.93268352,2.029652679,0.872705802,0,10.09867723,5.393386526,5.087893785,0,10.44745796,5.342577953,5.159676796,0,10.41229281,5.242775709,5.034691709,0.010646537,5.726109236,2.524715522,2.124580172,0.040938017,5.271675836,2.078955343,1.749704372,0.009228032,5.733254574,2.485695961,2.037036319,-0.43553551,0.436015601,0.072516489,0.000343836,-0.242088821,0.220374329,0.04306006,-5.60E-05,-2.193435171,1.534868052,0.163236832,0.001703701,-0.750759476,0.799009873,0.073660179,0.000120693,-3.106263213,2.123712147,0.242575779,0.000213114,-1.307943109,1.471987353,0.121535721,2.17E-05,-1.518518618,1.665725585,0.352893455,-0.001236565,-0.861470665,1.057669046,0.20608117,-0.000212416,-1.65986764,1.765547432,0.258802174,-0.000485702,-1.009798405,0.880856925,0.153357256,1.89E-05,-1.393525767,1.622263687,0.278520281,0.00016365,-0.779882598,1.261327269,0.16783133,0.000217429,-0.15799161,0.308685263,0.032280651,-0.00122281,-0.050281025,0.087088341,0.007004765,-2.24E-06,-0.290722133,0.288291016,0.052590373,-0.001291708,-0.072347943,0.067149689,0.015002156,2.08E-05,-0.155921032,0.369484739,0.033806591,-0.001156452,-0.048990207,0.099418416,0.007450463,-5.59E-06
464,M,0,0.188474513,0.517894996,0.365086114,0.357133062,0,10.58060865,8.809582562,8.666711108,6.88E-06,10.59662643,1.334586107,0.565178586,0.975230552,11.77665487,6.630388094,6.339490335,0.071724062,11.18651588,4.019533682,3.642783226,0.368760073,10.17645704,5.986101335,5.743139674,0,5.390187671,2.564768929,1.894538164,0,9.306729349,3.12235874,2.346837006,0,5.437965277,2.40394733,1.481636192,-0.420379635,0.312017477,0.052344718,0.000292216,-0.205708984,0.123328439,0.029424595,-6.62E-06,-2.109004708,1.812229284,0.174764373,-0.000358686,-0.785914191,0.809957415,0.077900128,0.000166935,-1.995544515,2.133274737,0.184802586,6.30E-05,-0.916795385,0.775389447,0.095181178,-4.86E-05,-1.560293607,1.922102059,0.36757537,0.000711886,-0.986879207,0.938611394,0.21592686,-0.000265965,-2.293313689,2.835635034,0.293595305,0.00049831,-1.524654702,1.413792373,0.171600258,3.76E-05,-1.990250459,1.445955873,0.273962063,-0.000876476,-1.080125915,0.967308909,0.166180845,7.81E-05,-0.173814798,0.206900454,0.024481508,0.000446784,-0.039887738,0.043437387,0.006484519,-1.05E-05,-0.51067856,0.450987639,0.04733138,-0.002000227,-0.104038876,0.340419626,0.016671484,-3.04E-05,-0.173396137,0.228131493,0.027967549,0.001117029,-0.041232028,0.088129507,0.008087544,-1.02E-05
464,M,1,0,1,0.438354596,0.381492723,0.00140234,10.83027348,8.581226982,8.38922839,0,10.78394241,1.339834943,0.561390637,0.089161653,10.53439858,5.666072335,5.381926294,0.149711212,11.18651588,4.3313003,3.945432174,0,10.95497834,5.547663854,5.315120617,0,11.00794604,3.508452498,2.759866606,0,8.62392549,2.510298915,1.968404999,0,10.98949729,3.4795523,2.67838651,-0.420379635,0.397883441,0.056515009,-0.001033003,-0.217031348,0.15301695,0.030173864,-2.83E-06,-2.109004708,2.249432672,0.222190839,-1.30E-05,-0.884772643,0.949683229,0.097110276,0.00023988,-2.476088092,1.953052287,0.193084019,-0.00013922,-1.040208967,0.757312346,0.099627218,-2.16E-05,-1.641827522,2.00203057,0.377784304,0.000337397,-0.916457746,0.967307151,0.219392386,0.000131129,-2.293313689,2.835635034,0.327843616,0.000634142,-1.524654702,1.260223907,0.190135107,-0.000210919,-2.136013382,1.642538257,0.301850358,-0.00081269,-1.097867826,1.007760699,0.178262789,0.000386489,-0.266887445,0.384878969,0.049930056,0.000972776,-0.052736012,0.136839365,0.009334804,4.39E-07,-0.359886535,0.450987639,0.061913801,0.000404624,-0.086048308,0.340419626,0.016909945,-3.92E-05,-0.36889478,0.52806942,0.053950616,0.001097054,-0.066185682,0.349891779,0.012213903,4.06E-06
464,M,2,0,1,0.382091322,0.296443362,0.00140234,10.83027348,8.440281107,8.224579243,0,10.79380126,1.849474377,0.802777227,0,10.85564213,5.411823481,4.964900834,0,11.0321808,4.770324069,4.455796226,0,10.95497834,5.113366435,4.869833805,0.18809883,11.00794604,3.103360731,2.460873263,0.078938879,11.41471377,3.466259048,2.760254611,0.137259065,10.98949729,2.940469534,2.224808543,-0.339890144,0.397883441,0.053676568,-0.000504199,-0.217031348,0.15301695,0.028051644,-1.94E-05,-2.029025369,2.249432672,0.230639262,-0.000453672,-0.884772643,0.953530835,0.102642679,0.000289584,-2.953849815,3.059199941,0.264311159,4.77E-05,-2.004583493,1.462240799,0.132892188,-2.88E-05,-1.641827522,2.00203057,0.382110333,-0.000216232,-1.020495993,0.967307151,0.219771764,-0.000104782,-2.021550928,2.463706381,0.33505447,-0.000157638,-1.245554799,1.104413745,0.196973881,-0.000153111,-2.136013382,1.642538257,0.309896038,0.000388675,-1.097867826,1.007760699,0.180726932,0.000378101,-0.266887445,0.384878969,0.053912278,-0.000546228,-0.052736012,0.136839365,0.009437076,1.37E-05,-0.359886535,0.465158674,0.067256769,0.000689672,-0.117185195,0.088443996,0.014967361,2.28E-05,-0.36889478,0.52806942,0.057856003,-0.000724241,-0.066185682,0.349891779,0.012410238,1.28E-05
465,H,0,0.122575514,1,0.412573023,0.397844447,0,11.50529299,9.221733961,8.935275861,4.41E-05,10.25261304,1.483800787,0.812467416,0.410155986,10.92371509,6.075775322,5.782776536,0.450386315,10.50222479,5.44528638,5.073502074,0,10.65798239,6.193217987,5.845880763,0,10.96019573,3.457210682,2.520816897,0,11.49884161,3.910214186,2.841778474,0,8.912629214,2.36096659,1.507884377,-0.632090697,0.678865536,0.121757067,-0.000899276,-0.357770408,0.400204913,0.067618909,-0.000114349,-2.654070727,2.018214585,0.28756489,0.000461109,-0.986493915,1.330782505,0.1269242,-0.000347033,-1.813246077,2.053435897,0.220837466,0.002315746,-0.947210177,0.781946456,0.120722912,-0.00020032,-2.329751482,2.449105811,0.454567088,0.001288226,-1.511179996,1.397755329,0.266561619,-0.000310741,-2.369895078,2.378984226,0.436821388,0.000708258,-1.417985426,1.460949613,0.252390036,0.000305895,-2.960089581,2.354848915,0.383231748,-0.001559727,-1.932285331,1.428246292,0.236081519,5.29E-05,-0.834165791,0.69426605,0.132601112,-0.0002402,-0.151845269,0.291928083,0.027287444,-3.36E-05,-0.801421884,0.724155329,0.122079446,9.42E-05,-0.17076687,0.420186088,0.026994778,-3.79E-05,-0.87009549,0.820428146,0.132686775,-0.00022506,-0.161915937,0.406521597,0.032758893,-2.54E-05
465,H,1,0.122575514,0.550957153,0.376778747,0.367900926,0.214412075,11.4644489,9.269262992,9.126365463,4.41E-05,11.43595707,1.897949242,0.951842449,0.965931453,11.62594917,6.554767021,6.325873163,0,10.50222479,4.921693293,4.465210428,0,11.00744606,6.771268108,6.453525563,0,11.90259966,2.930071996,2.176879032,0.018778756,8.967445915,2.742830821,1.989128199,0,11.90296213,2.384943706,1.506945259,-0.536927767,0.558448684,0.111673553,-0.000410808,-0.371148129,0.332811588,0.062409531,-0.000142366,-2.654070727,1.808761679,0.262502071,-0.000129746,-0.986493915,1.330782505,0.124856829,-0.000283296,-2.691755047,2.053435897,0.263744636,0.000332343,-1.115794585,1.025143772,0.133565613,1.06E-05,-1.806662948,2.357206763,0.423699076,-0.00020937,-1.511179996,1.397755329,0.251665829,-7.40E-05,-2.369895078,2.382963323,0.431309196,-0.000723865,-1.417985426,1.264569102,0.244687731,0.00050677,-2.960089581,2.354848915,0.382598477,0.001008209,-1.932285331,1.369487653,0.231421863,-0.000118561,-0.78044939,0.661515597,0.091369184,0.00019477,-0.132428607,0.291928083,0.020129986,1.14E-06,-0.801421884,0.734145547,0.102143417,0.000207067,-0.177282236,0.500602142,0.028945287,-1.61E-05,-0.716401125,0.687433363,0.08615926,0.000187626,-0.140088125,0.376321204,0.022897811,9.65E-06
465,H,2,0,0.550957153,0.302985468,0.278381745,0.234736162,11.4644489,8.877725363,8.748776221,0,11.54301325,2.360453034,1.27494544,0,11.62594917,6.32132575,6.084489006,0,10.72973183,4.799289551,4.435334048,0.306239324,11.59657615,7.070422362,6.787633757,0.170491538,11.90259966,3.058130221,2.558698589,0.086649712,7.025813619,3.049035662,2.570017428,0.036262077,11.90296213,2.40186046,1.550934255,-0.511298,0.562540962,0.099542513,-0.000281542,-0.371148129,0.309043712,0.055361962,-0.000122274,-2.428373034,1.808761679,0.246879493,-5.02E-05,-0.869819409,1.19178938,0.116209411,-0.000298936,-2.691755047,2.209044132,0.304611517,-0.001947433,-1.115794585,1.025143772,0.147078189,0.000104511,-2.036904445,2.374795801,0.407816205,-0.000808404,-1.432836096,1.4444371,0.239938311,-6.82E-05,-2.300022797,2.382963323,0.399262984,0.000357088,-1.38571119,1.108549657,0.225530219,0.000340779,-2.260301075,2.348947998,0.385472187,0.001649398,-1.288431196,1.369487653,0.230532916,-0.000139484,-0.444905451,0.661515597,0.076838033,-1.52E-05,-0.132428607,0.240280318,0.016868891,2.93E-05,-0.552699851,0.734145547,0.084403429,-7.85E-05,-0.177282236,0.500602142,0.024617669,7.18E-05,-0.439105598,0.595042436,0.073647901,3.16E-05,-0.098218247,0.212377733,0.018673598,1.34E-05
465,L,0,0.155669977,0.940477479,0.545972182,0.53252172,0,11.56172232,8.844251358,8.570140221,2.94E-05,11.32770236,1.886266361,0.949830083,0.949489648,11.40479019,6.30624308,6.062943665,0,11.23198801,4.785626627,4.332933915,2.538215714,11.61888059,7.158051757,6.97091336,0,11.71016297,2.950969865,2.115235437,0,12.23776338,2.700250244,1.886396443,0.012965695,10.79807304,2.600678761,1.801139286,-0.561360918,0.795237042,0.111766695,-0.000767598,-0.356041569,0.38094075,0.060974398,-1.44E-05,-2.40187147,1.950722528,0.29232527,-0.002089848,-0.813793718,1.023947335,0.131064296,-0.000139529,-2.623019682,2.374231779,0.233990484,-0.000600525,-1.110111127,1.20981418,0.121612664,0.000181643,-2.021374916,1.907787451,0.368283552,-0.000340841,-1.134842646,0.974178698,0.219201713,-0.000460867,-2.870716358,2.83110762,0.420033782,0.000699918,-1.724639421,1.291411171,0.239340301,0.000122584,-1.551258832,1.99155131,0.306355995,-0.000710512,-0.964113106,1.110567544,0.187695739,-0.0003052,-0.587231092,1.009673226,0.092401061,0.000562408,-0.205632688,0.15568569,0.017650382,-7.90E-06,-0.584928165,0.695517995,0.084411567,-7.54E-06,-0.128944327,0.279742798,0.017463478,-2.35E-05,-0.584042298,0.96745046,0.096032533,0.000638349,-0.203133945,0.35158622,0.022292063,1.76E-06
465,L,1,0.078350516,1,0.482599424,0.45365351,0,11.56172232,8.954292983,8.757611467,2.94E-05,3.834824155,0.561718446,0.357631631,0.140880609,11.40479019,6.154565194,5.865292311,0.56298202,10.95895221,5.001564946,4.612851974,2.538215714,11.25548173,7.431406185,7.23702806,0.031888945,9.467589173,2.741291676,2.180123117,0,8.583208576,2.263573176,1.774073915,0,8.266668263,2.598664985,1.95177259,-0.618172904,0.686023585,0.112363043,-0.001531735,-0.415914097,0.336716774,0.063557991,-0.000171282,-2.452760034,1.896013544,0.271352742,9.33E-05,-0.855604776,0.994243097,0.114467527,-0.000257842,-0.95649682,0.940764732,0.122249832,-0.000185078,-0.664112754,0.519167423,0.080301822,-4.59E-06,-2.021374916,1.486232447,0.367026581,-0.001425395,-1.032580455,1.030680298,0.216072371,7.44E-05,-2.870716358,2.83110762,0.409572808,0.000329477,-1.724639421,1.393775432,0.235870121,0.000390669,-1.551258832,1.99155131,0.312759373,0.000746137,-0.964113106,1.110567544,0.191637845,-0.000384447,-0.60329748,0.612756159,0.083953359,0.00032837,-0.166950129,0.212983294,0.017171608,1.32E-05,-0.494872973,0.364292477,0.074979261,0.000429865,-0.117950322,0.312135243,0.018133065,1.31E-05,-0.678933871,0.674862677,0.089572079,0.000187286,-0.183616366,0.476911673,0.022456411,6.23E-06
465,L,2,0,1,0.34445062,0.288481711,0.084098682,11.31777997,8.630504941,8.491683117,0,10.16116747,1.461506536,0.577204091,0,11.28200169,6.377372865,6.042475805,0.19469599,10.904019,5.074546406,4.732941686,0,11.25548173,7.648721317,7.469678001,0.021655946,10.89658223,2.697897254,2.092001961,0.045363414,8.583208576,2.461122092,1.964043275,0,11.40640725,2.419145483,1.603073794,-0.642739882,0.686023585,0.120612344,-0.000149428,-0.415914097,0.281938844,0.066725389,-0.000119019,-2.452760034,1.896013544,0.23510672,0.001922586,-0.855604776,0.929172614,0.103416233,-0.000204601,-1.727779851,2.013477841,0.171977019,0.001064401,-0.763150879,0.779678946,0.092849736,0.000231418,-1.949024309,2.314120675,0.391149536,0.000865715,-0.989415088,1.033745653,0.226241911,0.000283694,-1.696260374,2.358681516,0.346639245,-0.001630621,-1.219529874,1.393775432,0.197650986,0.000414049,-1.656173692,1.54289394,0.32180534,0.001696202,-0.770857195,0.745082689,0.191480744,-3.85E-06,-0.611204629,0.812086833,0.086901631,-0.001038184,-0.166950129,0.225462579,0.017456313,-9.63E-06,-0.494872973,0.480899257,0.076879298,0.000176532,-0.117950322,0.312135243,0.018519226,-5.75E-07,-0.678933871,0.835108137,0.091160339,-0.001321179,-0.183616366,0.476911673,0.022795857,-7.26E-06
465,M,0,0,1,0.515518577,0.474362864,0.385534154,11.24802906,9.158861735,8.910220048,0,9.88550208,0.891863981,0.470700799,0,11.83067439,5.632134805,5.397077994,0,11.10996153,4.720065101,4.270362755,0,11.0379099,6.440859542,6.141723237,0.055592909,11.36571373,2.877922739,2.139321405,0.05964312,11.38708907,3.252604402,2.579452628,0,11.31088141,2.606999772,1.541040422,-1.288145864,1.245746615,0.238596988,-0.000415061,-0.865077014,0.695319844,0.136324322,-0.000139592,-2.06603531,1.755332945,0.244207516,-0.000626999,-0.742921236,1.102170491,0.109961974,-0.000140161,-1.564795013,1.99761172,0.160886389,0.001960026,-0.803757752,0.756731266,0.087744651,-0.000206118,-2.166521211,2.189412547,0.38821667,-0.000436661,-1.337394347,1.032830266,0.227255407,-0.000169723,-2.275619552,2.657063333,0.372865179,-0.001121643,-1.345082815,1.402368291,0.217215236,0.00032581,-2.081694779,1.820177473,0.348982737,0.001251978,-1.555763313,1.612624266,0.224451786,-0.000148883,-0.83258227,0.740789867,0.10781012,-0.000619766,-0.177241883,0.192771416,0.022827873,2.78E-06,-0.69257514,0.788666606,0.103307082,-0.000457299,-0.142837274,0.451657305,0.025016469,-1.93E-06,-0.935706489,0.852006084,0.131190954,-0.000762768,-0.221514297,0.408955664,0.033344426,1.21E-05
465,M,1,0.108852679,0.987606934,0.484150161,0.458143225,0,11.30746047,9.416845852,9.280115772,0,11.56952776,2.057436677,1.079907149,0,11.41182536,5.59502772,5.320372503,0.318274829,9.780850833,4.713573836,4.344240807,0,11.63861128,6.972586676,6.694844437,0,8.97802406,2.246906375,1.695374403,0,8.335880355,2.45762312,1.909033145,0.001104482,9.61378941,2.165252893,1.498089178,-1.225734449,1.245746615,0.239154549,-0.000559994,-0.865077014,0.64458764,0.136974424,-0.000104628,-2.189600406,1.743235447,0.212362595,-0.00032579,-0.85525349,0.879141959,0.095450077,-0.000158055,-2.356220348,2.637729883,0.288504506,0.001036115,-1.402207922,0.866335678,0.140003752,6.95E-05,-1.856668236,2.236156008,0.403506715,-7.87E-05,-1.337394347,1.032830266,0.237445553,-3.55E-05,-2.526719758,2.363414004,0.358101473,-0.000453958,-0.970314487,1.591265825,0.213556695,0.000167414,-2.073165386,1.835073984,0.336269027,0.000202644,-1.446318004,1.521599316,0.210450487,-0.000103025,-0.83258227,0.740789867,0.096483824,-0.000178138,-0.141310963,0.212325637,0.02315493,1.71E-05,-0.69257514,0.788666606,0.103718757,-0.000331931,-0.120707565,0.451657305,0.028378888,4.61E-06,-0.900050785,0.69291799,0.108459765,0.000133572,-0.17112601,0.199870676,0.031200083,5.15E-06
465,M,2,0.119362873,0.987606934,0.510887344,0.485708686,0,11.30746047,9.129453628,8.95436892,0.000173113,11.56952776,2.360337558,1.299747636,0.31584637,11.41182536,5.640520307,5.381304837,0.170390223,9.780850833,4.430347889,3.960032872,0.933601917,11.73962935,7.20634951,6.901275485,0,7.918166786,2.707528936,2.294365687,0,6.460614196,2.673606322,2.244180045,0.003250023,10.01711368,2.840600067,2.183510721,-1.140960935,1.377535149,0.251401487,0.000335117,-0.809229204,0.748329981,0.140683124,-0.000173408,-2.189600406,1.743235447,0.236104008,0.000100843,-0.85525349,0.897763819,0.104233431,-0.000213644,-2.356220348,2.637729883,0.295023718,-0.002239332,-1.402207922,0.884010711,0.145668609,0.000198234,-1.782366386,2.236156008,0.403902671,0.000245699,-1.227271805,1.043663428,0.231619153,-0.000204249,-2.526719758,2.363414004,0.364141245,-0.000261818,-1.094871227,1.591265825,0.209191462,0.000229328,-2.073165386,1.835073984,0.357319895,0.000268587,-1.446318004,1.521599316,0.220217002,-0.0001327,-0.717030711,0.815557634,0.105861703,-6.00E-05,-0.200143873,0.456700716,0.028714074,2.31E-05,-0.718114647,0.739361787,0.10963845,0.00024231,-0.148605769,0.503453827,0.036823435,2.63E-05,-0.971694084,0.85982274,0.130530343,-0.00054938,-0.24129739,0.600939563,0.038394083,-8.49E-06
466,H,0,0.176846046,1,0.538714726,0.528280986,0.030585274,12.80723455,10.17830647,9.812390145,0.000150451,10.32459451,1.170411008,0.621463949,0,13.24398364,7.149479569,6.817093873,0,12.76645058,5.614608111,5.085464372,0.256595485,12.66464263,7.375915789,7.117473642,0.416777264,12.71717706,4.771413585,4.041995498,0.111241823,10.89357609,3.751114869,3.132164698,0.183053574,13.0410613,4.23519525,3.181866302,-1.502189622,1.4228083,0.213844338,-0.000938308,-0.685306589,0.680034308,0.12461155,-0.000250614,-2.922127145,2.053687847,0.279525432,-0.000161622,-1.14995111,0.903932963,0.135069371,-4.31E-06,-1.718952325,2.37998114,0.213623908,-3.73E-05,-1.085906426,0.862352039,0.119456431,-3.63E-05,-2.446926991,2.706556202,0.46119767,-0.00075364,-1.473736589,1.64554373,0.274333703,-0.000119442,-2.142406318,2.408676166,0.36950694,-0.001350513,-1.168667676,1.19922276,0.217857628,-0.000134585,-2.081204499,2.052442679,0.369205584,0.001194149,-1.218561251,1.161733105,0.220544879,2.69E-05,-0.852828823,0.846929073,0.114509378,-0.002172974,-0.503754711,0.455640631,0.054091349,3.66E-05,-0.588414221,0.961347645,0.116570783,-0.001000691,-0.326062047,0.370018451,0.047952602,-2.78E-06,-1.032894457,0.844475833,0.13334888,-0.002252332,-0.563299023,0.493927326,0.064192081,3.60E-05
466,H,1,0.176846046,0.838144048,0.491711615,0.484910574,0.030585274,12.43001232,10.0484686,9.798500574,8.66E-08,8.48223577,0.954635597,0.389507537,0,11.75077265,5.736471107,5.339769687,0.447002547,12.76645058,4.628165759,4.04437936,0,12.34585719,8.455634878,8.23501164,0.041134746,5.919917032,2.504354243,2.161776816,0,7.413003815,2.369002679,1.943950562,0,6.268733156,2.024389745,1.616057925,-0.7882053,1.239828768,0.191293954,-9.74E-05,-0.654264608,0.53752941,0.11380868,-5.00E-05,-2.415989748,1.311565658,0.265364678,9.64E-05,-0.972675114,1.193283118,0.131167066,4.87E-05,-1.693525011,1.845651464,0.172933129,-8.79E-05,-1.02758394,0.862352039,0.09938887,-8.67E-06,-2.446926991,2.706556202,0.451038632,-0.000633638,-1.473736589,1.64554373,0.265860915,-0.000373795,-2.52674738,2.230072002,0.354395138,-0.000128125,-1.227689991,1.026064925,0.203876396,0.000248965,-3.843592313,2.311949256,0.392959678,0.000605929,-1.5955438,1.770890846,0.234592891,-0.000235766,-0.56377366,0.670997256,0.082690281,-0.000344821,-0.22611881,0.355203269,0.043003504,4.16E-06,-0.373975224,0.961347645,0.085114925,-0.000416137,-0.303198141,0.322211532,0.038191974,6.38E-06,-0.700368596,0.4680318,0.094268872,-0.000228485,-0.334713927,0.450574119,0.051295994,-5.21E-06
466,H,2,0.113684358,0.78616226,0.459784474,0.454245182,0,12.74663668,10.11530544,9.944020125,8.66E-08,12.78462076,1.632799741,0.569480628,0.229800786,12.62490137,5.372046323,5.028188753,0.165839176,12.52316535,4.254367933,3.853117183,0,12.4073067,8.543935334,8.357435164,0,10.45085479,2.081043768,1.650078478,0,12.81805191,2.23418294,1.624634775,0,6.411479074,1.436983223,1.153384516,-1.1047584,1.09058593,0.211348627,-0.000120338,-0.712316526,0.589641531,0.128861242,-5.07E-05,-2.411204259,1.484145689,0.277363223,0.000403797,-0.972675114,1.193283118,0.138898503,-6.98E-06,-2.207758684,2.61061397,0.24658745,9.74E-06,-0.896640749,0.968304762,0.113816282,3.50E-05,-1.90409747,2.030963241,0.43461305,-0.000827786,-1.238858667,1.043488366,0.251909342,-0.000274584,-2.52674738,2.976772049,0.370762732,0.001005935,-1.493762812,1.469213924,0.215184444,7.66E-05,-3.843592313,2.350900941,0.403353882,-0.000590343,-1.5955438,1.770890846,0.242225192,3.28E-05,-1.703939939,1.72493079,0.129386469,0.000184165,-0.964128954,1.23415677,0.06859669,1.60E-06,-1.904256831,1.766242206,0.13667702,0.000197921,-0.899800786,0.622036117,0.059084165,-2.57E-05,-1.792443781,2.210431611,0.124037075,8.04E-05,-1.378284472,2.000774469,0.081624535,2.85E-05
466,L,0,0.091267547,1,0.443044984,0.414486535,0.218273506,12.81512493,9.191036125,8.943960302,0,12.48087189,1.34560295,0.543162398,1.107818967,11.4974218,6.225405359,5.906613765,0,13.09221933,5.20359161,4.621686323,0,12.61342623,7.650451099,7.31589235,0,13.41953941,3.548982096,2.363241401,0,13.38420526,3.43513725,1.882947737,0,12.68395192,4.282542189,3.565650231,-1.339139527,1.431733934,0.248616714,-0.001111022,-0.86104431,0.615557111,0.143344358,-0.000133561,-2.55926719,1.770177109,0.305669508,0.000103933,-0.988271658,1.465601524,0.146261455,1.80E-06,-2.871723697,2.634190421,0.237096717,5.80E-05,-1.158297809,1.064141387,0.112691161,3.99E-05,-2.068878239,2.444347959,0.42392461,-0.001826747,-1.183085546,1.432669354,0.25574785,-0.000495058,-2.248184779,2.735819258,0.430572015,-0.000370972,-1.475873251,1.167620393,0.249383934,2.68E-05,-2.643741393,1.859355218,0.388607417,0.00077935,-1.278436607,1.066772737,0.228034535,-6.73E-06,-0.724234869,0.638138161,0.073159169,-0.002761654,-0.346827777,0.267848079,0.029639818,-3.87E-06,-0.726290738,0.715704142,0.067695456,-0.003105661,-0.356684816,0.280761186,0.024518655,3.42E-06,-1.335190637,2.1127418,0.160400718,0.000304397,-0.607079969,0.967084068,0.072531229,-2.35E-05
466,L,1,0.091267547,0.738047959,0.377498389,0.361242758,0,12.81512493,9.202184337,9.017611422,8.39E-07,12.48087189,1.274494991,0.49856441,0.773838489,10.90531705,6.138052656,5.894702011,0,13.09221933,4.902908376,4.310620353,0.849569818,12.61342623,7.880355146,7.591043472,0.266396144,5.358928941,2.055670686,1.816878796,0.032557304,5.638308464,1.959011131,1.589792418,0.116676279,9.56673239,3.227327116,2.923834542,-0.881729763,1.289754707,0.213034413,-1.99E-05,-0.676211564,0.675419041,0.124904995,-3.66E-06,-2.903103414,1.770177109,0.262179457,0.000179642,-1.148573245,1.465601524,0.129178967,6.17E-05,-2.871723697,2.634190421,0.226341938,-0.000183046,-1.158297809,1.064141387,0.109869716,9.74E-06,-2.143394489,2.126129672,0.421958537,0.001169309,-1.183085546,1.387108762,0.253701399,-0.000595049,-2.269754431,2.845987648,0.390184614,0.001951524,-1.475873251,1.086544567,0.225261284,1.28E-05,-2.643813737,2.055940526,0.365976205,-0.001810843,-1.278436607,1.066772737,0.217682453,0.00026968,-0.389588775,0.34718797,0.051345776,0.000288018,-0.124973917,0.140018109,0.022648709,4.53E-06,-0.226077978,0.341712402,0.044409522,0.00053254,-0.117667742,0.124387155,0.017153595,9.58E-06,-0.806330446,0.516257359,0.116814038,-0.000427753,-0.289146302,0.314567942,0.05889199,-1.32E-05
466,L,2,0,0.571693087,0.332368408,0.313577323,0,12.28461955,9.184666977,8.970383293,8.39E-07,9.653377769,1.070713746,0.38669423,0.773838489,12.79016462,7.391146678,7.07213605,0.029122034,12.44325384,5.323291871,4.780093716,0.35321881,11.49906826,7.004258311,6.696292538,0.088333412,6.700499403,2.254185506,1.957928101,0.084138248,5.638308464,2.051587293,1.713509959,0.116676279,13.015785,3.660304855,3.198599892,-0.834222245,1.541769692,0.201323484,-0.000206738,-0.736971023,0.675419041,0.117467515,-0.000228503,-2.903103414,1.895140025,0.26070071,-0.001854423,-1.148573245,1.414884425,0.128463175,0.000157385,-1.522261309,2.075348539,0.152322487,1.27E-05,-0.77706875,0.709595407,0.080341884,-1.83E-05,-2.414565842,1.695896292,0.389251555,6.88E-05,-1.089628624,1.355429508,0.226602237,-0.000956652,-2.269754431,2.845987648,0.344459155,0.00225394,-1.467934108,1.01009405,0.196968829,0.000325526,-2.643813737,2.055940526,0.330707834,-0.001412205,-1.224205419,1.036694314,0.194039259,0.000311634,-0.343990847,0.454254908,0.052733721,0.001587298,-0.133415989,0.116001949,0.021986064,-2.76E-05,-0.311371785,0.341712402,0.04554537,0.000995481,-0.106217374,0.228153515,0.016860195,1.34E-06,-0.701515778,0.957554977,0.117277088,0.002854187,-0.317811355,0.283495977,0.057585175,-7.14E-05
466,M,0,0.228959128,1,0.513307736,0.497431431,0.102658753,12.30246159,9.233394763,8.983151341,4.81E-06,12.60755889,1.51658059,0.625979288,0.235179251,12.46691261,7.395285472,7.067888036,0.066985335,12.93660888,4.761115077,4.067070936,0.605515698,12.21880833,8.161334027,7.864923451,0,12.61599299,4.905297735,3.706277529,0,13.0615906,4.309663736,2.94951146,0,12.7108168,4.681679752,3.528553116,-1.246098247,1.310485522,0.231178981,9.91E-05,-0.816460997,0.728853704,0.131049629,-0.000322982,-2.365202131,1.814454413,0.235215486,-0.000455525,-1.060671361,1.020680153,0.110853356,-8.55E-05,-2.065715641,2.943044652,0.255516343,-0.000280742,-1.181699592,1.397217828,0.129841038,5.31E-05,-2.887969118,2.063326889,0.38345176,-0.001583309,-1.298867197,1.467087925,0.22991931,-0.000342709,-2.437460212,2.974775428,0.404069006,-0.001642781,-1.536718428,1.855353502,0.240894156,-0.000168899,-2.498453316,2.436107753,0.378538947,0.001345185,-1.356040918,1.065524072,0.222424875,0.000345663,-1.096732016,0.951667709,0.116690048,-0.002625593,-0.314684715,0.330042568,0.04670261,-0.000100694,-1.149286303,1.057305741,0.112115463,-0.002717116,-0.202403597,0.284519149,0.041330448,-3.98E-06,-0.887375429,0.992791145,0.149442508,-0.001924919,-0.592510816,0.359744194,0.070763273,-0.000221032
466,M,1,0,0.877241288,0.480755228,0.465035828,0.135891392,11.15418195,8.761064749,8.49719709,0,7.93617593,1.013649009,0.416855077,0,11.79156917,6.112659947,5.776316246,0,12.93660888,4.639546001,3.810457393,0,12.53827462,8.568901061,8.271389972,0,11.12738488,3.426389116,2.631472902,0,10.46275403,2.861511073,2.20472139,0.122112666,11.88169902,3.516948833,2.538626985,-2.244317538,2.384195876,0.267986176,-0.000116199,-1.231730971,1.540127265,0.156400392,-0.000173192,-2.69046117,1.945059316,0.260041531,-1.56E-05,-1.125554089,1.544319523,0.124762742,3.29E-05,-1.739454729,2.088082301,0.176148186,-7.42E-05,-0.765995211,0.941252146,0.095631558,8.61E-06,-2.887969118,1.93179903,0.399353073,-0.001849357,-1.382398662,1.512922084,0.240039652,-0.000295147,-1.869896875,2.455291106,0.386491685,-1.38E-05,-1.060688669,1.22949162,0.224014728,9.94E-05,-2.658672646,3.14426439,0.408274668,0.000583678,-1.854121986,1.374168241,0.245024435,0.000128176,-0.617826449,0.951667709,0.109270151,-0.000287808,-0.211547199,0.278982336,0.039654219,-3.93E-05,-0.864335779,1.057305741,0.118647722,-0.00060022,-0.250867953,0.840467193,0.045047801,-4.02E-05,-0.731779215,1.10995431,0.12812412,7.81E-05,-0.310649879,0.283859198,0.054966062,5.72E-07
466,M,2,0,0.756086663,0.435117684,0.423844174,0,12.85587725,9.223586211,9.057959921,0,12.80437806,1.366492873,0.402783646,0,10.57621609,6.010617636,5.771359516,0,12.49207325,4.318117837,3.790357046,0,12.53827462,8.474807802,8.25345947,0.05319954,10.208514,2.940910344,2.511546137,0.021413086,8.021390421,2.809907751,2.370337333,0.101586137,10.39857307,2.750675401,2.124963189,-2.244317538,2.384195876,0.276467606,-0.000556041,-1.231730971,1.540127265,0.164777411,9.41E-05,-2.847640445,2.414208221,0.292816747,1.66E-05,-1.159250039,1.708799685,0.149918522,1.76E-05,-1.722021998,2.809113696,0.168818996,-6.58E-05,-1.071566752,1.297102749,0.088130179,2.62E-05,-2.601121118,1.93179903,0.407676521,-0.00013036,-1.618459154,1.512922084,0.246086542,-0.00058405,-1.899961817,2.455291106,0.385146071,0.000145197,-1.150866643,0.999784447,0.222509033,-4.13E-05,-2.658672646,3.14426439,0.429154307,-0.000653477,-1.854121986,1.374168241,0.252662235,0.000342058,-0.558329874,0.885616848,0.087135331,0.000716791,-0.181987198,0.278982336,0.036220919,1.11E-05,-0.864335779,0.898850265,0.093863383,0.000677492,-0.250867953,0.840467193,0.040142766,4.86E-05,-0.488747467,1.10995431,0.113451844,0.000741317,-0.260360121,0.283859198,0.05487837,-3.60E-05
467,H,0,0.083756669,0.631886525,0.328632531,0.316343604,0.020962672,10.46676606,7.732152169,7.361285648,0,9.749389507,2.737237315,1.805872262,0.386016116,10.34945965,5.863998795,5.653266581,0.922438194,10.74025141,4.685876204,4.250217187,0.078183105,8.576923353,4.645028938,4.429169143,0.008147986,10.73401618,3.971798423,3.231188934,0,9.897735294,3.393720706,2.778852219,0.011420629,10.74144031,3.741397553,2.815180884,-0.479439255,0.484506066,0.088013339,-0.000786256,-0.19648776,0.261686275,0.048954023,-5.90E-05,-1.938796883,1.982139743,0.268240078,-0.000548412,-0.787358395,0.853145011,0.120043738,0.000367478,-1.721715778,1.542012219,0.252059015,0.000637501,-0.691051881,0.680007973,0.119327475,-3.05E-05,-1.636620254,1.684549907,0.343378102,-0.000258436,-0.874691362,0.888419446,0.196451218,-0.000113549,-2.084873185,2.276995826,0.284333362,-0.000331345,-1.09158531,1.081206025,0.157595944,0.000408842,-2.014134342,1.98719549,0.376443972,0.000720181,-1.230380527,1.336944395,0.229292512,-0.000114393,-0.496860952,0.831181129,0.115553415,-0.000870482,-0.205962278,0.365280138,0.028773086,5.92E-06,-0.534125576,0.829480993,0.128984031,-0.001384232,-0.174690675,0.480808305,0.034169757,2.78E-06,-0.549538192,0.809416246,0.121634758,-0.000320333,-0.229590879,0.518193404,0.035141889,1.97E-06
467,H,1,0.083756669,0.59641699,0.321370333,0.308890025,0.020962672,10.46676606,7.945118654,7.687901922,0,10.97236501,2.928047119,1.902883199,0,9.895701206,5.298125613,5.064077132,0,10.5800173,4.294851492,3.92232483,0,10.4843912,4.684560387,4.414439686,0,10.73401618,3.296689677,2.552400801,0,9.897735294,2.718191798,2.099636746,0,10.74144031,3.156486052,2.260959062,-0.37254652,0.512882917,0.083109665,0.000511337,-0.263666042,0.261686275,0.046365448,7.04E-05,-1.938796883,1.955930305,0.228107414,0.002014354,-0.625219939,0.824128962,0.102455894,0.000179798,-1.721715778,1.600773591,0.235982309,0.001669467,-0.691051881,0.680007973,0.114673643,-1.85E-05,-1.936470626,1.676485642,0.356975979,0.00017335,-1.277053347,0.888419446,0.200588937,2.06E-05,-2.084873185,1.784657242,0.248497559,-0.001381514,-0.785399138,1.081206025,0.137770041,8.39E-05,-1.637858404,1.930400991,0.365602292,0.000229186,-1.25323382,1.336944395,0.224277088,-9.38E-05,-0.452662038,0.786469238,0.091896094,-0.001523237,-0.14926756,0.320063549,0.021266279,-6.08E-05,-0.689686021,0.75546762,0.109588946,-0.000260449,-0.180435013,0.525383492,0.028115783,-5.41E-05,-0.477415334,0.767083322,0.094356199,-0.00205128,-0.157823916,0.459309603,0.026066525,-0.000101572
467,H,2,0,1,0.336039073,0.300990862,0.364959419,10.53529415,8.060022476,7.903899761,1.83E-06,10.97236501,2.921004399,1.855919882,0,9.895701206,5.433925208,5.167174314,0,10.5800173,4.001816748,3.692610585,0,10.4843912,4.835834111,4.526253481,0,10.1735264,2.892320851,2.324513631,0.034631635,11.0712692,2.663479337,2.073858568,0,10.61168889,2.673727939,1.989130853,-0.584096552,0.512882917,0.09081365,0.000285677,-0.304582624,0.248303561,0.047334502,-1.71E-05,-1.995331423,1.491389044,0.213111839,0.000189889,-0.7363025,0.739212294,0.096523059,8.75E-05,-1.441889169,1.876841995,0.235499164,0.000156343,-0.607761707,0.670055155,0.114607978,-7.09E-05,-1.936470626,1.676485642,0.373305421,-0.000127979,-1.277053347,0.884081896,0.21194964,8.19E-06,-1.320389034,1.392514011,0.234250018,-8.02E-05,-0.642920453,0.800311234,0.130389437,6.38E-05,-1.637858404,1.858689384,0.377452033,0.000192447,-1.25323382,1.128960196,0.227472779,0.000331114,-0.452662038,0.69903102,0.091965518,0.000203869,-0.144364337,0.320063549,0.023491118,-6.11E-06,-0.689686021,0.856659192,0.109620151,0.000430086,-0.180435013,0.525383492,0.028405332,-4.08E-05,-0.477415334,0.637575343,0.096085167,-8.59E-05,-0.152533021,0.459309603,0.027910141,3.04E-05
467,L,0,0.123469203,0.879591155,0.423145333,0.410264984,0.129136917,10.47855542,8.51149622,8.362167132,1.16E-06,9.644445645,1.624988315,0.675124741,0.756799893,10.75727432,6.296877318,6.077740126,0.231942613,10.48762101,3.44305779,3.13189646,0,9.921974873,6.088435443,5.919153312,0.055078728,6.995232855,2.704800139,2.359830147,0.007501222,6.967023513,2.575575039,1.980405542,0.074682476,8.201891878,2.866920924,2.279475133,-0.642794853,0.535662579,0.100516752,0.000753325,-0.314930729,0.41571519,0.059140018,-1.82E-05,-2.055734762,1.755916293,0.21032338,-0.002361773,-0.703380926,0.70446172,0.091326951,0.00030554,-1.434263152,1.721211787,0.154158034,3.89E-05,-0.608605441,0.51846527,0.070732739,6.38E-05,-1.825560164,2.322870767,0.335706914,0.000369235,-1.264259576,1.500638179,0.198244913,2.02E-05,-1.364061245,2.455100237,0.242495555,0.001161084,-1.067016241,1.064606528,0.139365646,0.00037397,-1.595994,1.456451446,0.35304991,0.000264308,-1.011087981,1.111163006,0.216964637,0.000149917,-0.279260652,0.456648447,0.05027547,0.000904809,-0.079020806,0.145611057,0.01279704,3.04E-05,-0.398301634,0.58847162,0.059393187,0.000370327,-0.089242619,0.336339465,0.016473771,4.00E-05,-0.354151816,0.426249936,0.057889816,0.001234175,-0.0927394,0.281044257,0.016786034,2.67E-05
467,L,1,0.231745732,0.879591155,0.461365056,0.449227128,0.33977954,10.56915919,8.423291267,8.242777848,0,9.644445645,1.78824421,0.738820057,0.513633265,10.02378011,5.779671461,5.514534473,0.231942613,10.7564728,3.458089717,3.124841761,0.953278522,9.462569991,5.912256329,5.786811742,0,6.995232855,2.8149319,2.420133988,0,7.491459152,2.121811297,1.697920837,0,8.201891878,3.136854584,2.564144477,-0.500591431,0.535662579,0.101077761,0.000138752,-0.314930729,0.265388683,0.057724615,-2.33E-06,-1.785006795,1.602030809,0.185522959,-0.000477955,-0.659888743,0.639087308,0.08434069,-1.83E-05,-1.434263152,1.721211787,0.158758115,-0.000874308,-0.608605441,0.54740021,0.073751705,1.70E-05,-1.306866226,1.242730931,0.314511383,-0.000657246,-0.703043821,0.592976754,0.187153338,6.49E-05,-1.741381743,2.455100237,0.256766216,0.000434065,-1.067016241,1.064606528,0.148987716,7.81E-06,-1.573520683,1.621085064,0.335741807,-0.000511707,-1.011087981,1.044679769,0.206294128,0.000426419,-0.216256996,0.555065941,0.060952444,0.000318196,-0.085367319,0.152311834,0.014037386,1.14E-05,-0.309423105,0.630474219,0.070552008,-0.000167436,-0.125236197,0.336339465,0.017724952,-1.71E-05,-0.354151816,0.501265325,0.066822824,0.000404844,-0.0927394,0.281044257,0.017095691,1.69E-05
467,L,2,0,1,0.445176138,0.423771408,0,10.56915919,8.125583234,7.85922433,0,10.61528957,2.029757623,0.815737521,0,9.029915029,5.112720552,4.891008845,0,10.7564728,3.915137747,3.450744247,0.953278522,10.40996217,5.727247942,5.540054822,0,10.88183059,3.187599869,2.313553426,0,10.76881896,3.325654208,2.603177045,0,10.88794869,3.184650875,2.094601618,-0.510429774,0.480772478,0.109080104,-0.000673771,-0.33130996,0.280579695,0.060112347,4.74E-05,-2.187405224,1.602030809,0.221654133,0.002101937,-0.570134558,0.971540938,0.097949517,5.75E-05,-1.406633135,1.725323571,0.168734997,-8.38E-05,-0.564857343,0.741617272,0.077121864,5.92E-05,-1.486112798,1.380806571,0.331281506,0.000135725,-0.791066079,0.668149696,0.194057792,-6.32E-05,-1.741381743,2.319505709,0.300200944,-0.001428463,-1.0908406,1.445303947,0.167572267,6.76E-05,-1.924553171,2.023274695,0.362895421,0.000360929,-1.459718318,1.217408595,0.22142665,7.84E-06,-0.405381665,0.650139083,0.085391484,-0.001392612,-0.098533324,0.152311834,0.016498457,-2.71E-05,-0.480854947,0.630474219,0.097541232,-0.001456633,-0.125236197,0.493166194,0.021571728,-6.01E-05,-0.382298406,0.647844685,0.092297154,-0.001294492,-0.132047785,0.277888997,0.020423647,-1.40E-05
467,M,0,0.012731446,1,0.502078332,0.476953433,0,10.81909406,8.023852036,7.737786017,0,9.595256347,2.600528831,1.491123029,0.128883093,10.71728306,5.912378655,5.678982517,0.227153658,10.91551017,4.077992308,3.623792604,0,10.23207375,5.582970299,5.351864332,0.009702488,10.12057523,3.161803682,2.567943012,0,11.00543689,3.336844245,2.584411465,0.042310908,10.12057523,2.602381055,1.995133678,-0.919455219,0.642926345,0.149563961,-0.000281128,-0.436143471,0.451334361,0.078536261,-0.000109652,-2.034323597,1.952743702,0.252542095,-0.000293828,-0.824985248,0.861369248,0.112082129,-1.11E-05,-1.782005949,1.334184597,0.202259132,-5.69E-05,-0.659908311,0.692667784,0.098992122,4.82E-05,-2.18708528,2.085851028,0.397572664,0.000138283,-1.005035947,1.356781946,0.233516967,-0.000330225,-2.079303595,2.217356774,0.306303603,0.00043927,-0.969537912,1.136029101,0.167045677,3.33E-06,-1.455839181,2.233641033,0.441599382,0.000694251,-1.396834147,1.340367205,0.267398491,0.000241326,-0.348323639,0.871536793,0.096798393,-0.000598119,-0.165288351,0.24581672,0.023040336,5.28E-06,-0.710977229,1.060720906,0.115288017,-0.001817563,-0.190812295,0.677322291,0.031686956,-5.05E-06,-0.474046893,0.821665679,0.094681756,4.87E-05,-0.165094598,0.266538914,0.025611087,1.17E-05
467,M,1,0,0.882896709,0.468684928,0.430066336,0.409656736,10.81909406,7.919428615,7.709996693,4.42E-07,10.60910326,2.606574926,1.403458499,0,10.71728306,5.684113966,5.43091364,0,10.91551017,3.725038309,3.300928676,0,10.75862432,5.787655883,5.508959812,0.009702488,10.12057523,2.628284009,1.977640565,0.00258754,11.00543689,3.038592574,2.299281526,0,10.12057523,2.053297315,1.420155459,-0.72478375,0.642926345,0.142438494,0.000805494,-0.410681508,0.367274271,0.075385241,-0.000127272,-2.034323597,1.952743702,0.243846113,-0.00057733,-0.703261896,0.861369248,0.109717594,7.40E-05,-1.782005949,1.465979725,0.196568136,0.000315941,-0.717257384,0.692667784,0.091823867,0.000141448,-1.592342125,2.085851028,0.387576722,-0.000184604,-1.005035947,1.20901676,0.225421754,-6.15E-05,-2.079303595,2.186420804,0.292001108,8.85E-05,-0.969537912,1.136029101,0.164401284,3.57E-05,-1.708254448,2.233641033,0.435110563,3.66E-05,-1.396834147,1.204947519,0.260479855,0.000240077,-0.586468722,0.73887904,0.088027733,0.000123313,-0.171994761,0.289562119,0.022782872,1.70E-05,-0.710977229,1.060720906,0.108924741,-0.000150838,-0.190812295,0.677322291,0.030090813,-6.33E-05,-0.72344604,0.672762656,0.084625892,0.000165955,-0.191930326,0.415340431,0.026079911,2.99E-05
467,M,2,0,0.853245534,0.446556804,0.415935769,0.320271453,10.54814793,7.84786639,7.712628083,4.42E-07,10.60910326,2.042264001,1.091034831,0,10.62048521,5.802885363,5.505802042,0,10.49255083,3.327403418,3.004255725,0.524634296,10.75862432,5.880885475,5.643083029,0,8.273373934,2.364178548,1.878798997,0.006335382,9.926978139,2.969675292,2.244938987,0,6.241507696,1.743505827,1.333134749,-0.896690203,0.654233457,0.142073913,9.58E-05,-0.410681508,0.367274271,0.077799398,4.16E-05,-2.339849599,1.74903801,0.230477845,9.35E-05,-0.850777962,1.04052662,0.107244207,9.83E-05,-1.274732266,1.465979725,0.169513567,-0.000142737,-0.717257384,0.486909516,0.081872332,2.81E-06,-1.395976426,1.48458336,0.367125216,0.00012991,-0.919187021,0.824206231,0.215871422,0.000184579,-1.533207567,1.48135102,0.260382147,-0.000388123,-0.925865515,0.707882449,0.151657884,-8.75E-05,-1.708254448,2.320454678,0.401933456,4.92E-05,-1.012677762,1.223295325,0.241892858,0.000258204,-0.586468722,0.73887904,0.069919632,1.29E-05,-0.171994761,0.289562119,0.019556373,1.12E-05,-0.753023685,0.753801754,0.091402922,0.000147099,-0.139342205,0.538557924,0.024765955,1.28E-05,-0.72344604,0.631319555,0.068040845,-7.45E-06,-0.191930326,0.415340431,0.023086232,6.84E-06
468,H,0,0.096033525,1,0.548772764,0.526184518,0,11.40029997,7.949991035,7.433543276,0,10.88754509,1.583691094,0.753227715,0,11.51984067,4.944478216,4.535289662,0.18757573,10.83886318,4.73837075,4.298305152,0.346223488,11.95007598,6.941800758,6.6814047,0.073634432,11.28700736,2.962402664,2.403438325,0.08343053,9.98191701,3.628546331,2.976446054,0,11.28700736,2.713143447,1.991728331,-0.997821489,0.887218176,0.192804468,-0.001553593,-0.653062816,0.590210128,0.107435835,-2.42E-05,-2.22166734,1.939548407,0.27237103,-0.00120971,-0.800125739,1.252641521,0.125531866,-0.000469375,-1.668996023,2.216395857,0.201474365,-7.26E-05,-0.809379012,0.940942262,0.111001233,7.76E-05,-1.954354909,1.902316635,0.407220303,-0.000884895,-1.086427247,1.097177994,0.232703628,4.39E-05,-2.269914394,2.158888119,0.361102216,0.001580764,-1.206547672,1.305723229,0.207904747,-8.64E-05,-2.398371652,2.776268457,0.439042128,-0.000274552,-1.859949276,1.274645404,0.272115539,-0.000573753,-0.525868917,0.792594845,0.098467353,-0.000175172,-0.170153001,0.349443893,0.024282964,3.67E-05,-0.522124046,0.873293809,0.116830048,8.02E-05,-0.257107153,0.35161949,0.034198509,4.77E-05,-0.555837287,0.871463966,0.108077552,-0.000188382,-0.195100418,0.335806556,0.028803102,3.78E-05
468,H,1,0,0.76918096,0.397402964,0.378209203,0.013133994,11.40029997,8.573277499,8.139235676,0.000170497,11.44073269,2.514599207,1.431215918,0,11.51984067,4.997809785,4.595744539,0,10.83886318,4.655381263,4.298462635,0,11.559578,6.675339106,6.464664534,0.074056463,11.28700736,2.886590685,2.259770996,0.08343053,9.98191701,3.181314647,2.493859264,0,11.28700736,2.718895354,1.953804875,-0.921257549,0.887218176,0.170694188,-0.000590441,-0.502357207,0.590210128,0.095303261,-0.000107571,-1.97769559,2.234071408,0.292811772,0.000422493,-0.735022272,1.360909232,0.135582339,5.43E-06,-2.345306401,2.242978846,0.239052267,9.90E-05,-1.506124117,0.950713493,0.126685194,0.000124885,-1.863854883,1.51069495,0.381997639,0.001614494,-0.84189991,1.097177994,0.217878887,-6.29E-05,-1.934831552,2.158888119,0.358479657,-0.000460226,-1.216584669,1.202906659,0.209678252,-9.01E-05,-3.131974935,2.680339278,0.408623049,-0.000305253,-1.796966955,1.696042293,0.255859238,-1.06E-05,-0.525868917,0.792594845,0.104408907,-0.000329368,-0.170153001,0.349443893,0.026459026,2.77E-05,-0.837666341,0.873293809,0.126458024,0.000925866,-0.257107153,0.39970796,0.036144279,1.60E-05,-0.555837287,0.871463966,0.109694055,-0.00059844,-0.195100418,0.335806556,0.029255625,3.90E-05
468,H,2,0,0.645477914,0.358554384,0.349402853,0.032284322,11.30665559,9.058560236,8.890039919,0.001255126,11.44073269,2.979431175,1.783688984,0.475614598,10.28610272,4.338828804,3.924169132,0,10.27857226,4.066676112,3.752723431,0,11.559578,6.85045757,6.70739343,0,7.408583483,1.652704733,1.454183884,0,7.21132311,2.228518746,1.744475074,0.033256328,7.571688408,1.49612969,1.238462656,-0.921257549,0.754355649,0.130886068,0.000471737,-0.426202966,0.449615953,0.074829508,-0.000226599,-2.247642792,2.234071408,0.259241105,0.001750175,-0.77505475,1.360909232,0.131129138,0.00049125,-2.345306401,2.242978846,0.283306257,0.000847201,-1.506124117,0.950713493,0.143549346,-9.13E-05,-1.247813035,1.339825457,0.351601449,0.001548378,-0.84189991,0.799763346,0.209768524,5.49E-07,-2.333602545,1.783039086,0.33886799,-0.000400205,-1.406462165,1.214477558,0.204131222,0.000215403,-3.131974935,2.680339278,0.385366807,-5.33E-05,-1.671460996,1.696042293,0.238082516,0.000337569,-0.422324559,0.482654158,0.057081932,0.000363337,-0.111947902,0.286268078,0.018068276,1.71E-05,-0.837666341,0.574138537,0.092970242,0.001462431,-0.234110874,0.39970796,0.027788165,8.35E-06,-0.415299358,0.485248217,0.059126994,-4.87E-05,-0.113890186,0.297939657,0.019710862,6.30E-06
468,L,0,0,1,0.616781142,0.611756267,0,12.43078223,7.897089176,7.554888954,1.28E-06,12.27605168,2.506503651,1.128900923,0,8.732883371,2.685999903,2.650452661,0,15.0508652,6.831896988,6.767910716,0,8.193664692,1.423653413,1.346737137,0.116107405,12.68623685,2.653510836,1.625161901,0,12.77390815,1.785729485,0.854159196,0,11.93683636,2.36424266,1.475357661,-2.438110309,2.781469653,0.178905815,0.001350515,-1.492938781,1.219534261,0.085992125,0.000213674,-2.125656541,1.643336005,0.277071445,0.000325927,-1.419439707,1.381084077,0.141659556,-0.000191304,-2.705131797,1.907915596,0.155961977,-0.000699291,-1.530852553,1.37143815,0.08652257,6.03E-05,-2.222487149,3.137250411,0.148548377,0.000881359,-1.706524119,1.753977942,0.087996531,0.000208692,-2.407812953,2.659406487,0.171351351,0.000336682,-1.552167049,1.152471611,0.104909808,-0.000493516,-2.405236188,3.87321747,0.163618489,0.000481068,-1.910580193,2.169633882,0.110692531,0.000597029,-0.92482449,1.077342529,0.088107697,0.000568204,-0.460281405,0.727350985,0.031917046,-1.27E-05,-0.700335852,0.607558054,0.067533456,-0.000367553,-0.273891692,0.338848667,0.018373057,-0.000148164,-1.035375117,1.768254352,0.106039852,0.000900918,-0.508625072,0.798098162,0.040745616,3.24E-05
468,L,1,0.494776824,0.649380954,0.58587498,0.585466852,0.331640596,9.876259753,8.46270412,8.28498715,1.28E-06,6.493021066,0.786439943,0.395020311,1.640599654,3.373772134,2.671943227,2.659776988,5.396715355,8.576620195,6.658085202,6.640480616,0.117730928,2.014771347,1.391909259,1.367587791,0,6.393978274,1.345944149,0.988692113,0,2.289942683,0.567753709,0.430028508,0,6.831372653,1.39967228,0.980821161,-0.159281943,0.204307897,0.034617276,-0.000146498,-0.106754427,0.110960123,0.019043336,3.07E-05,-2.125656541,1.511916705,0.199962673,0.000386874,-0.810289555,1.13686454,0.0903688,-4.70E-06,-0.805186867,0.801134385,0.098238221,0.000921038,-0.327750297,0.346660794,0.054892364,2.93E-05,-0.398511419,0.314817739,0.063036768,7.27E-05,-0.188712449,0.232487689,0.036951108,-3.25E-05,-0.496181624,0.731902168,0.104317709,0.000150768,-0.363934761,0.415458719,0.061978672,-4.14E-05,-0.385055321,0.309231296,0.069708964,-6.59E-05,-0.236192652,0.187703301,0.043151177,2.91E-05,-0.222062934,0.307096746,0.039534623,0.000322328,-0.047826133,0.054843831,0.010273821,1.69E-05,-0.329413761,0.185288764,0.028710315,0.000331987,-0.086275214,0.12118797,0.008987972,7.62E-07,-0.234819484,0.320803382,0.046136604,0.000244649,-0.0602766,0.159530976,0.013241382,1.72E-05
468,L,2,0.463536402,0.645725352,0.568458618,0.567897827,0.331640596,10.42645697,8.360544141,8.144531573,0.000101103,6.493021066,1.153603972,0.646575631,1.737190354,3.393962175,2.638746146,2.622886897,5.038347049,8.938551583,6.680606195,6.654295241,0.324194345,2.118064815,1.394915627,1.368532003,0,6.474145451,1.784895102,1.257147603,0.002036018,2.96333976,0.772403729,0.576527693,0.010000833,6.923301504,1.833974847,1.22558662,-0.179888613,0.227683264,0.032131862,3.81E-05,-0.097063395,0.101864051,0.017513855,-2.21E-05,-1.975845537,1.565315191,0.203764126,0.000283231,-0.654441167,1.130076704,0.096502474,-0.000130486,-1.19192144,0.866908973,0.121186902,0.000141657,-0.457706411,0.454059924,0.063333929,1.55E-05,-0.324312586,0.314817739,0.063793228,9.23E-05,-0.187861933,0.232487689,0.038282538,-2.07E-05,-0.89893851,0.731902168,0.118829453,-0.00020186,-0.599687994,0.415458719,0.069454732,7.57E-05,-0.385055321,0.400027958,0.072556719,0.000118159,-0.264326152,0.194559757,0.045101629,-3.92E-05,-0.230965241,0.21210258,0.038547355,-0.000614348,-0.058879651,0.049327627,0.009898953,2.11E-05,-0.329413761,0.195321143,0.032170532,-9.17E-06,-0.086275214,0.12118797,0.009325256,-9.28E-07,-0.254869106,0.230539727,0.042056718,-0.000685871,-0.053966609,0.085493886,0.011714939,2.13E-05
468,M,0,0.132038467,1,0.509958234,0.488127606,0,10.85952391,8.298004693,7.982238262,0,10.89696489,1.478471713,0.809424298,1.357632065,10.85223004,6.37289532,6.191705229,0.448314204,10.8282511,4.927445189,4.583399186,0,10.73634272,6.391469067,6.198222814,0,10.40801032,1.453017383,0.966675259,0,10.20776398,1.421763287,0.805712345,0,10.48531192,1.492608236,0.991596974,-0.655028651,0.643275807,0.115725898,-0.001357943,-0.304062048,0.37742477,0.063082803,1.98E-05,-2.136753458,1.920843219,0.24816456,0.000250543,-0.803528558,1.440225513,0.121286338,-7.98E-05,-1.889234666,2.059999039,0.219238131,-8.11E-05,-0.822445692,0.864698435,0.1182617,3.83E-05,-1.645060527,2.235890483,0.338182301,0.000881515,-1.211433925,1.260545778,0.197227643,-0.000137492,-1.619879808,1.732708071,0.334461424,0.000716785,-0.962512969,1.018115325,0.187504432,0.000131453,-1.668210119,1.746262839,0.342385469,8.01E-05,-1.129520684,1.225007023,0.212365772,-4.57E-05,-0.293802892,0.514684733,0.047463366,-0.000162511,-0.104997104,0.080244058,0.010015083,1.39E-05,-0.314724029,0.359212274,0.051454252,0.000427204,-0.076965934,0.121221088,0.012430799,1.06E-05,-0.290822713,0.566559361,0.050967763,-0.000434001,-0.114636651,0.118801023,0.011764392,1.28E-05
468,M,1,0,0.664068668,0.38184994,0.373670812,0.016790637,10.98028376,8.35200509,8.051039246,0.000436522,10.89696489,1.501116954,0.899377558,1.996133759,10.85223004,7.179518012,6.98412205,0.773502042,10.50068272,4.395648943,4.016852734,0,10.73634272,6.98487823,6.827822785,0,10.40801032,1.78118228,1.056128948,0.005002702,10.20776398,1.554321335,0.957878145,0,10.48531192,1.873778844,1.0191525,-0.658036744,0.643275807,0.106730388,-0.000151857,-0.297187868,0.32395667,0.057523231,-1.39E-05,-2.311032405,1.920843219,0.274443474,-0.000330465,-0.900990007,1.440225513,0.130579796,-9.22E-05,-1.889234666,2.059999039,0.211513773,-4.03E-05,-0.822445692,0.864698435,0.114163409,-5.84E-06,-1.407335965,1.55013676,0.33103536,0.000971136,-0.752562389,1.0150078,0.194405537,0.00021658,-2.237051461,1.89799562,0.332499305,0.000306285,-1.014476406,1.018115325,0.18854073,0.000180957,-1.668210119,1.746262839,0.334426336,0.000214762,-0.967233573,1.225007023,0.207142412,-9.25E-05,-0.293802892,0.514684733,0.055279631,0.000103194,-0.104997104,0.089418232,0.01047042,1.77E-05,-0.314724029,0.359212274,0.052771467,0.000209827,-0.076965934,0.121221088,0.01253893,7.62E-06,-0.290822713,0.566559361,0.06095545,5.73E-05,-0.114636651,0.121730516,0.012381588,2.15E-05
468,M,2,0,0.517415081,0.340594424,0.329610622,0.016790637,11.03813796,8.330178955,8.002214063,4.03E-06,11.14612082,1.935524434,1.099898537,0,11.11833543,7.350323311,7.143326122,0,10.81319454,4.51699789,4.086753205,1.195352691,11.11243751,6.865156692,6.694767032,0.007420545,7.057456569,1.674288897,1.056992324,0.005002702,5.990780358,1.34611963,0.987164543,0.001908634,7.846754959,1.79681849,1.015640176,-0.658036744,0.499565683,0.107559864,-0.000118281,-0.324549524,0.32395667,0.059676882,-2.86E-05,-2.396947722,2.084552206,0.285771775,-0.000654425,-0.900990007,1.516071548,0.134194377,-0.000175992,-2.525434976,2.001988048,0.223670163,-8.93E-05,-1.035514437,0.85864299,0.113770883,-3.69E-05,-2.620552281,2.878696078,0.382097355,-0.000967983,-1.441618451,1.900626954,0.228947753,-0.000112095,-2.237051461,1.89799562,0.373408093,0.00055296,-1.444321945,1.164727586,0.210431747,3.42E-05,-1.68380901,2.112699339,0.356051639,-0.000312366,-1.450035822,0.953610446,0.217709618,-6.16E-05,-0.240859574,0.368309202,0.047253544,0.000349518,-0.074922431,0.096585016,0.010113155,8.44E-06,-0.218037395,0.287744184,0.043269813,-1.91E-05,-0.072987331,0.131193713,0.01237894,-4.39E-06,-0.284160177,0.444639276,0.054716647,0.000590964,-0.090615527,0.194508224,0.012684381,1.44E-05
469,H,0,0,1,0.493046622,0.479707299,0,11.02955299,8.292659788,8.158565452,0,11.06843315,2.321318791,1.240146453,0,11.11345351,7.515802411,7.298793288,0,11.0292149,3.549074785,2.893372182,0.460130157,11.10413028,7.213947606,7.015063074,0,11.27540403,2.327527,1.432264152,0.012489294,11.28825403,1.698235741,0.949100742,0,11.0732858,2.50388821,1.526280375,-1.229081341,1.101099733,0.157527264,0.000116405,-0.798640211,0.462984386,0.090952806,-5.06E-05,-2.088521459,2.065745643,0.220604518,-0.000595227,-0.719592989,1.193988607,0.106147771,4.84E-06,-2.239906899,1.880425166,0.222386969,0.000230481,-0.831979141,0.960969447,0.106695628,-7.92E-05,-1.78667984,2.504424534,0.312324432,0.00049985,-1.173006494,1.204509697,0.180894735,-3.90E-05,-1.98488597,2.157904218,0.317750745,0.0001363,-1.008378513,1.208733788,0.176150996,-0.000272143,-1.956575659,1.893744441,0.319607576,0.00013614,-0.981329364,1.026868948,0.187738448,0.000546322,-0.491864825,0.81295784,0.069727667,-0.001545318,-0.167312573,0.193965353,0.020833392,3.90E-05,-0.64774487,0.976615105,0.078864065,-0.001289456,-0.209723276,0.361824606,0.023736272,6.26E-05,-0.568996489,0.723724975,0.073920475,-0.001599841,-0.155263336,0.168837644,0.024447444,2.69E-05
469,H,1,0.313799125,0.837022389,0.56960326,0.565631134,0.600764271,10.67767473,8.512375907,8.466428258,2.82E-05,11.06843315,3.115641014,2.17618546,1.475244485,10.81322215,7.679226018,7.453467707,0,8.619677448,2.722220704,2.429770945,0,11.10413028,7.592442214,7.50221453,0,3.091187065,0.901963274,0.775728829,0,4.416948776,0.804462832,0.5902319,0,3.620702678,0.948553996,0.783204385,-0.673042739,0.642558454,0.141853458,0.000561155,-0.312605588,0.336369291,0.087392877,-1.35E-05,-2.088521459,2.065745643,0.191625813,0.000460302,-0.719592989,1.193988607,0.098294097,-4.01E-05,-2.239906899,1.880425166,0.258490782,-0.00026695,-0.831979141,0.960969447,0.120547545,3.65E-06,-1.78667984,1.432349349,0.309458821,0.000122619,-0.759728264,0.959536588,0.175761047,2.57E-05,-2.169746387,1.769439661,0.269942639,0.00013126,-0.933462436,0.918168964,0.153279365,-0.000213324,-1.598721434,1.899892078,0.296135565,3.10E-06,-0.963502807,0.762357213,0.174062634,0.000239238,-0.324884658,0.302920429,0.037916388,0.000195358,-0.076824252,0.094005887,0.015636887,-6.14E-06,-0.308131321,0.233014367,0.04602578,0.000172283,-0.107146954,0.153669112,0.018463036,-5.27E-06,-0.333708089,0.363392766,0.042598497,0.000209534,-0.087355554,0.141693884,0.019338076,-7.71E-06
469,H,2,0.13987815,0.880389085,0.56385213,0.550790242,0.421709143,10.93774744,8.747990846,8.676238375,2.82E-05,10.42356758,2.876138585,2.127056241,1.475244485,10.70061594,7.008074959,6.718435574,0.083173411,9.51444753,3.135056839,2.823736341,0,10.26746364,7.174132787,7.069692843,0.037119358,5.99469063,2.205230459,1.831034194,0,9.012826328,2.801376963,1.870589331,0.065018597,4.895021322,1.756876945,1.517728359,-0.649303421,0.869967329,0.15448318,-0.000275548,-0.440359234,0.417374949,0.092845054,3.74E-05,-2.010672436,1.837335286,0.201045762,0.000701936,-0.667999386,1.047362311,0.100077932,-0.00021754,-2.46569236,1.60359733,0.256710502,0.001227517,-0.779257101,0.90563719,0.121604062,0.000226812,-1.676017954,1.40771693,0.297460036,-0.001143841,-0.737521271,0.959536588,0.169496332,7.47E-05,-2.169746387,2.043562079,0.294464799,-3.69E-05,-1.091322792,0.918168964,0.164263392,7.02E-05,-2.247862392,1.899892078,0.305676405,0.000148121,-1.05326202,0.975112074,0.179032128,-0.000162374,-0.324884658,0.317156001,0.040564879,0.000773213,-0.076824252,0.094005887,0.015495561,-5.46E-07,-0.308131321,0.339976327,0.05524927,0.00075666,-0.085362255,0.153669112,0.018384911,9.40E-06,-0.333708089,0.529968177,0.051206742,0.000763471,-0.087355554,0.206834434,0.021114243,-4.62E-06
469,L,0,0.097265995,1,0.477742134,0.457056481,0,11.48577003,9.051400565,8.926430319,0,11.42819117,3.034322846,2.091993288,0.465005144,11.38567608,7.690650758,7.419821284,0.007658114,11.45767185,3.665911868,3.029326454,0,11.36033804,7.475102194,7.22987681,0.107518857,11.33872054,2.943366209,2.264755563,0.009484211,11.33088897,3.071235596,2.303178261,0.063102927,11.59624446,2.64774306,1.897011335,-0.880534535,1.266343248,0.224408398,-0.000509184,-0.701947958,0.732635999,0.135440588,2.24E-05,-2.832788847,2.242816146,0.266755632,0.000152964,-1.131827919,1.754481543,0.130939169,4.10E-05,-2.428281774,2.237132472,0.289002326,9.27E-05,-1.065888713,1.05513986,0.141136761,0.00018023,-1.739191865,1.967532976,0.356673572,0.000731846,-0.814668192,1.143351161,0.208602979,-0.000258186,-2.460721515,1.923426822,0.368188753,0.000167279,-1.347043279,1.00448871,0.205191961,-0.000202834,-2.269697401,2.429322461,0.383973076,-0.000737732,-1.272974895,1.400183146,0.225498434,0.000485703,-0.358072135,0.401876321,0.055466992,-0.001607628,-0.190352346,0.095219685,0.018405899,2.96E-05,-0.310685499,0.366940827,0.047714009,-0.00165461,-0.12350193,0.186226193,0.016791411,2.76E-05,-0.447562249,0.664916393,0.103181052,-0.001374517,-0.350020863,0.227293418,0.039810479,3.37E-05
469,L,1,0,0.572795641,0.372372032,0.352048918,0.638676485,11.52074497,9.414942424,9.312962002,0,11.42819117,2.628208641,1.607214094,0,11.38567608,7.40146295,6.975764138,0,10.12266853,4.146060058,3.645362942,1.156259175,11.36033804,7.113571272,6.889556647,0.077514867,4.709043889,1.778722002,1.54526787,0.009484211,3.769482318,1.647674504,1.338511741,0.063102927,8.251817104,2.152532396,1.764798926,-0.880534535,1.266343248,0.238989371,-0.000773761,-0.701947958,0.732635999,0.142140225,-0.000122814,-2.405304069,2.060929335,0.274042656,0.000212714,-0.863452666,1.306043806,0.134914826,6.60E-05,-2.428281774,2.237132472,0.280434329,-0.001607226,-1.065888713,1.05513986,0.139082991,-0.000142476,-2.537023382,2.507947,0.406806502,-0.002014087,-1.169639352,1.758961789,0.238878246,-1.29E-05,-1.821740276,2.217183932,0.383855353,8.00E-05,-1.353036935,0.946510444,0.221850206,-5.50E-05,-1.67485678,1.593129002,0.374573052,0.000363475,-1.046585349,0.908671669,0.223517031,0.000166111,-0.223529338,0.357379805,0.044153104,0.000478953,-0.110709819,0.1316246,0.017497291,1.16E-05,-0.200871037,0.286920658,0.041180356,0.000405238,-0.079079116,0.186226193,0.016592462,2.17E-05,-0.512107971,0.845625107,0.085043005,0.000592076,-0.199575635,0.517917819,0.037136111,3.61E-06
469,L,2,0,0.721562617,0.376154667,0.35436633,0.638676485,11.52074497,9.304776074,9.184650304,2.58E-05,1.325927793,0.406776993,0.283116347,0,11.3395265,6.8121375,6.38185559,0,10.48049681,4.652036085,4.221391635,0.676189582,10.71672457,6.672825757,6.485194907,0,3.900235442,1.794015023,1.57309694,0,3.769482318,1.633479882,1.363888191,0,6.938589276,2.212032913,1.883735571,-0.884560138,0.956484963,0.248112305,-0.000221015,-0.558568674,0.544495351,0.148420014,-0.000227657,-2.405304069,1.946203559,0.298068941,-9.55E-05,-0.843460852,1.228881936,0.142634382,-5.83E-05,-0.439346308,0.443877349,0.126205518,-0.000210151,-0.311819327,0.282774133,0.086512924,-5.57E-05,-2.537023382,2.507947,0.401684579,0.000988323,-1.169639352,1.758961789,0.233349647,3.60E-05,-2.139161084,2.229771407,0.39218709,-0.000255809,-1.353036935,0.999144245,0.225163127,-4.81E-05,-1.844467257,1.766938162,0.360951336,6.87E-05,-1.046585349,1.059404531,0.216495655,-4.54E-05,-0.232941599,0.357379805,0.042238398,-0.000139928,-0.06706237,0.1316246,0.016505017,-1.70E-05,-0.200871037,0.178381092,0.037327406,-0.000203188,-0.066680276,0.079719156,0.01538411,4.31E-06,-0.512107971,0.845625107,0.08136758,-9.73E-05,-0.140561922,0.517917819,0.034159925,-4.35E-05
469,M,0,0.271610603,0.994871173,0.643738803,0.629980694,0.353817249,11.00932562,9.027444814,8.915125123,0,11.14891802,1.809697506,0.784626352,0,11.02259377,5.995910182,5.614013888,0,9.635419845,3.556978892,3.242694653,0.636636643,10.94726631,6.931561971,6.778246301,0,8.718609927,2.210890919,1.881604861,0,5.62221465,1.961499074,1.66406967,0.065904459,10.88865443,1.57989009,1.144145558,-1.389683998,1.052095294,0.191331832,-0.001609112,-0.700705679,0.513395952,0.112381398,0.000235985,-2.094837687,1.677414575,0.224251348,-0.000286385,-0.712078632,1.148476553,0.108147022,-7.85E-05,-2.885273793,1.60108668,0.179412986,8.93E-05,-1.268217263,1.165244618,0.092167916,-2.78E-05,-1.938635731,1.384821594,0.30852868,0.001272995,-0.755615927,1.157912027,0.177682458,-9.67E-05,-1.866753979,2.100144362,0.259844968,-0.000216515,-0.824887132,1.128563136,0.147856402,-0.000169586,-1.529162445,1.505259697,0.258945259,0.000297778,-0.986758844,0.774759764,0.153838521,0.000236548,-0.43300139,1.071443019,0.06623585,-0.000588245,-0.263625655,0.248922391,0.019668821,4.35E-05,-0.232857073,0.301913234,0.040021432,-0.000221593,-0.063200363,0.060477646,0.012838844,1.73E-05,-0.562338308,1.455372269,0.084097122,-0.00086827,-0.347463366,0.285960776,0.028517944,4.06E-05
469,M,1,0.08009162,0.987879273,0.522153344,0.504192283,0,11.06532981,8.809289213,8.70822682,1.92E-05,11.14891802,1.801265284,0.748259285,1.277077966,11.02259377,7.601371978,7.415000981,0,9.635419845,3.025686196,2.686550944,0.044830474,10.94726631,7.106566831,6.959292899,0,5.301823535,1.693336105,1.425666902,0,4.236851827,1.466819411,1.209400945,0.065904459,5.826628253,1.327448268,1.055691199,-1.113735745,0.648975312,0.17406922,-0.000908748,-0.412574925,0.538608412,0.104112109,-6.94E-05,-2.558672686,2.103979065,0.249567566,-4.72E-05,-0.857837486,1.469349675,0.125278007,2.22E-05,-2.885273793,1.60108668,0.175678143,5.56E-05,-1.268217263,1.165244618,0.088869308,2.70E-05,-1.877680627,1.541450613,0.309651242,0.000512053,-0.841488088,1.037641264,0.180121341,0.000152138,-1.866753979,2.100144362,0.284894085,-0.000131055,-1.040434621,1.128563136,0.159751812,-5.03E-05,-1.871562144,1.590596913,0.288537878,6.78E-05,-0.986758844,0.774759764,0.166390292,0.000196657,-0.347719355,0.4256852,0.047389087,0.000396635,-0.082746423,0.170832573,0.016168292,1.96E-05,-0.265408485,0.301913234,0.036876404,0.000267823,-0.063099014,0.060477646,0.012094562,1.31E-05,-0.585331444,0.840720713,0.060836012,0.00038786,-0.20954208,0.486839011,0.026359752,1.31E-05
469,M,2,0,1,0.434865551,0.413075978,0,11.06532981,8.587002825,8.453073112,1.92E-05,9.744505911,2.87687528,1.9032456,0.801637781,10.88139084,7.830796982,7.696410757,0.306015203,10.99408262,3.349681647,2.902172997,0,10.06848601,6.670632324,6.507953853,0.054419843,10.8690153,2.392939498,1.909443775,0.009086389,10.8669921,2.140563822,1.679543339,0,5.996271522,1.617604241,1.271252286,-1.120742841,0.889853373,0.180022472,-0.00087096,-0.556416745,0.540026185,0.106075878,-1.18E-05,-2.558672686,2.103979065,0.254288159,-0.000237136,-0.857837486,1.469349675,0.128929733,5.80E-05,-2.14940919,1.488313441,0.206513621,6.17E-05,-0.806017546,0.65243951,0.097750876,-1.43E-05,-1.877680627,2.048102546,0.325674609,-0.000909551,-0.893539356,1.057435461,0.19098005,-9.49E-05,-1.724021067,1.942121088,0.312484783,0.000323292,-1.044104351,0.886257627,0.176662127,4.71E-05,-2.388722346,1.590596913,0.308317749,-0.000578235,-0.86192151,1.052897561,0.17929547,1.34E-05,-0.498841521,0.665507631,0.068825519,0.000325418,-0.133166263,0.1858153,0.018958576,1.52E-05,-0.356500176,0.50758768,0.058890471,0.000277443,-0.109334823,0.355815526,0.016131326,1.07E-05,-0.585331444,0.840720713,0.07457288,0.000185108,-0.20954208,0.486839011,0.030161373,1.63E-05
470,H,0,0,1,0.570957198,0.550627874,0.112956948,9.527347453,7.963427213,7.621766789,3.33E-05,8.238241673,0.700965892,0.340820609,0.023544364,8.575044106,5.073054136,4.877469909,0,9.823188146,4.356082434,3.950625332,0.322976073,9.186373874,4.555742397,4.225121203,0.027995815,8.529756148,1.370886788,0.739413463,0.007093986,8.475044916,1.530312829,0.959889502,0,8.548499238,1.289911441,0.538375091,-1.068533737,0.675686976,0.139931192,-0.000262322,-0.433090625,0.425341212,0.080506355,-9.24E-05,-2.031180767,1.448843528,0.178663579,-9.21E-05,-0.622756048,0.639975537,0.075951489,1.34E-05,-1.780183696,1.228223414,0.141174362,1.67E-05,-0.936595664,0.568962317,0.075621591,-1.72E-05,-1.383819757,1.212460546,0.2464073,0.000370011,-0.678424066,0.679515517,0.139108387,7.95E-05,-1.529383431,1.695490988,0.236917684,-0.00015527,-0.697791599,0.746672115,0.127389658,7.86E-05,-1.253879456,1.190656161,0.248220653,-0.000129783,-0.65518781,0.7738978,0.139270539,0.000164223,-0.104296269,0.241584292,0.022920142,-0.000122238,-0.028221856,0.08626516,0.003193372,9.58E-06,-0.130800742,0.216032231,0.022077344,-0.000367757,-0.037898031,0.090174946,0.003857508,7.41E-06,-0.113261051,0.253848979,0.024690961,0.000112825,-0.024298314,0.088859031,0.003895729,9.87E-06
470,H,1,0,1,0.616721364,0.599152637,0,9.7175843,7.985113359,7.578702687,0.000209621,10.0793573,1.058826395,0.466267241,0.449180978,8.575044106,4.991457211,4.775892689,0,9.823188146,4.430078275,3.96324885,0.322976073,9.186373874,4.608152399,4.214811489,0.027995815,8.529756148,1.32838941,0.606195002,0.003588036,8.475044916,1.40168847,0.686117801,0,8.548499238,1.288538566,0.522369215,-1.068533737,0.675686976,0.151941282,0.00067113,-0.433090625,0.425341212,0.085503135,-3.25E-05,-2.031180767,1.800950784,0.219665205,0.000321282,-0.627446195,0.65285481,0.084311841,4.35E-06,-1.84630725,1.888324361,0.188255185,-4.09E-05,-0.936595664,0.704880555,0.088392974,-1.39E-05,-1.383819757,1.212460546,0.253370197,-0.000448574,-0.678424066,0.679515517,0.14156283,-0.000329786,-1.40026478,1.450109988,0.251302986,-0.0002391,-0.621331239,0.746672115,0.135184728,5.51E-05,-1.279711661,1.433136387,0.262463886,0.00046236,-0.744633973,0.7738978,0.14730606,0.000231319,-0.104296269,0.241584292,0.023115531,9.67E-05,-0.028221856,0.08626516,0.003270441,9.66E-06,-0.130800742,0.216032231,0.022479622,-2.86E-05,-0.037898031,0.090174946,0.003918726,1.26E-05,-0.113261051,0.253848979,0.024992976,0.000153975,-0.024298314,0.088859031,0.003909498,8.53E-06
470,H,2,0.061641043,0.850080486,0.54475744,0.526997732,0,9.7175843,8.069756013,7.765277382,3.08E-05,10.0793573,1.490528242,0.666952977,0,8.009694116,4.825627732,4.616651933,0.052875038,9.54470582,4.561937532,4.319348887,0.406303569,8.433588077,4.063566896,3.841659761,0,0.845039783,0.36749859,0.319984837,0,1.472701246,0.564315891,0.437892987,0.000163951,0.583764631,0.246837443,0.215324625,-1.0287533,0.625874555,0.150763922,-0.000643834,-0.41124213,0.416411666,0.087856099,1.71E-05,-1.860675846,1.800950784,0.200824706,7.74E-05,-0.627446195,0.65285481,0.07745664,0.000123448,-1.84630725,1.888324361,0.20228443,3.84E-06,-0.631705943,0.704880555,0.091875801,1.22E-06,-1.241307346,1.176649848,0.228580087,0.001484823,-0.601953504,0.612767445,0.131328343,-0.000123123,-1.503688455,1.596906952,0.212958645,-0.000274763,-0.655105387,0.789297575,0.119137959,6.74E-05,-1.340210908,1.433136387,0.2156622,0.00062133,-0.744633973,0.801659392,0.127592049,0.000110513,-0.021386557,0.038906069,0.005277449,0.000124552,-0.008244955,0.011076425,0.001777488,-1.08E-06,-0.031944469,0.039904097,0.007653146,0.000223285,-0.012104433,0.010680764,0.002381803,-2.82E-06,-0.046509866,0.061239238,0.007207021,7.45E-05,-0.012638852,0.021823156,0.002561047,8.01E-07
470,L,0,0.145246474,1,0.664674935,0.654940335,0.323549158,10.03589304,8.580632409,8.304125311,6.17E-06,6.148996327,0.855067966,0.332119769,0.664612695,9.526323097,5.649875882,5.532122091,0,10.27906476,4.531192667,4.139775688,0,10.13891693,5.221478457,4.854771172,0,9.785652531,3.428269582,2.969677002,0,4.815423183,1.997333014,1.676512266,0,9.785652531,3.259910029,2.675752721,-1.298033518,1.248262801,0.200420699,-0.001001451,-0.571376116,0.536179951,0.11483651,-6.26E-05,-1.66162904,1.341673698,0.203692117,-0.000391823,-0.461000892,0.521914401,0.082819783,3.41E-05,-1.246320133,1.309324699,0.128360432,0.000725477,-0.454270232,0.442022404,0.062634841,2.21E-05,-1.771593991,1.004278346,0.261358858,-0.000560718,-0.641037071,0.849318025,0.156558134,-1.76E-07,-1.533874373,1.769907685,0.267878154,-0.000299391,-0.759048391,0.96705548,0.145435925,7.44E-05,-1.584652536,1.943935861,0.318976493,-0.000266371,-1.022056562,1.009187171,0.185712238,8.49E-05,-0.302479272,0.293785225,0.050963499,-0.00260089,-0.160749757,0.111689811,0.019500038,-1.94E-06,-0.243305874,0.30498171,0.053270498,-4.26E-05,-0.103197546,0.089665536,0.01918353,2.61E-05,-0.298631951,0.27212268,0.051797107,-0.00259549,-0.158906588,0.110214369,0.020815236,-1.01E-06
470,L,1,0.013686109,0.818421322,0.570245272,0.545504658,0,10.03589304,8.636583366,8.41048944,0,10.30777314,1.062435157,0.374981068,0,10.21763006,6.102884035,5.894663648,0.729662687,10.27906476,4.490428715,4.240418124,0,9.495187201,5.124482414,4.881089315,0,4.920709008,2.123716492,1.941424407,0.019470677,5.492377106,2.112397609,1.724235728,0,4.927623688,1.768901698,1.494444858,-1.465928794,1.248262801,0.201837886,-0.001211435,-0.67270144,0.643842407,0.118160772,-6.15E-05,-1.69015804,1.341673698,0.17170862,-0.000700244,-0.513463857,0.521914401,0.069473535,7.39E-05,-2.092757172,1.418229908,0.160864384,3.16E-05,-0.604037998,0.622423991,0.07205994,-1.83E-06,-1.561049438,1.286673698,0.275535955,-0.000651959,-0.741326501,0.668131122,0.163652544,-9.13E-06,-1.417614924,1.769907685,0.230259894,0.000438152,-0.759048391,0.96705548,0.128466133,0.000102245,-1.584652536,1.582292399,0.284933365,-0.000588036,-1.022056562,1.009187171,0.164387802,3.96E-05,-0.196466359,0.338175224,0.045857001,-7.67E-05,-0.08151843,0.08462646,0.016982792,3.48E-06,-0.243305874,0.30498171,0.05629808,0.000189984,-0.103197546,0.089665536,0.019671634,2.09E-05,-0.172002565,0.320276556,0.045919878,-0.000179638,-0.079911317,0.086841964,0.018664671,-7.39E-07
470,L,2,0,0.808443007,0.441787644,0.412107002,0,9.986758682,8.447456835,8.295999451,0,10.30777314,0.690080963,0.237187799,0,10.21763006,6.069612236,5.782510199,1.333576756,8.873438933,4.259646182,4.117021517,0.258743881,8.381821251,5.212693215,5.031198346,0.228271122,7.874145331,3.594854705,3.141807449,0.035095419,10.57884678,2.308069679,1.813887764,0.124987717,7.783773334,3.357771163,2.799524187,-1.465928794,1.296633097,0.207212406,5.49E-05,-0.67270144,0.643842407,0.121190955,2.99E-05,-1.69015804,1.204863683,0.146503466,5.54E-05,-0.513463857,0.455295046,0.061359709,7.73E-05,-2.092757172,1.418229908,0.125706081,-0.000451797,-0.604037998,0.622423991,0.064156942,-0.000106255,-1.561049438,1.713396547,0.296070691,0.000181388,-0.773103246,0.668131122,0.175733159,0.000235596,-1.209759515,1.150657359,0.190585579,-2.08E-05,-0.564037459,0.569040296,0.112161463,-8.86E-05,-1.467280876,1.494543298,0.256575416,-4.92E-05,-0.727343322,0.972109209,0.152086926,0.000185787,-0.252207603,0.435303671,0.050293239,0.001583053,-0.076513558,0.107416117,0.018796714,4.10E-05,-0.552726944,0.948890299,0.068797583,0.000103363,-0.118320573,0.207000948,0.01858254,3.76E-05,-0.186127447,0.320276556,0.045635511,0.001580968,-0.07939227,0.101625789,0.019260211,3.68E-05
470,M,0,0,0.903959901,0.454876297,0.423680643,0.545978105,10.25988875,8.384028663,8.16368361,0,6.94705541,1.028352417,0.424500849,1.532297959,9.072975863,5.883241114,5.76874519,0,10.17393833,4.601977785,4.188980759,0.080173743,10.03100554,4.852907046,4.460311586,0.192677396,8.234641589,3.368765373,3.089413608,0,9.874256799,3.582646291,2.99927663,0.030145069,9.496434888,3.354875016,2.859713803,-0.845545088,1.230332164,0.226291061,-0.001440393,-0.529450739,0.496379354,0.134497131,8.62E-05,-2.238350125,1.620886178,0.21167973,-0.000277533,-0.689456898,0.884023474,0.09859947,0.000205565,-1.753635321,1.607778666,0.150377806,0.000808519,-0.639704041,1.117377979,0.082897603,0.000166838,-1.154456008,1.121932626,0.262475234,-4.89E-05,-0.698485665,0.661661544,0.159433048,2.68E-05,-1.445840514,1.655597022,0.238426095,0.00148135,-0.595781205,0.71148851,0.129608923,-0.000118633,-2.252954296,1.524894035,0.271740219,-0.001971174,-0.894539443,0.691962101,0.148428523,0.000244238,-0.358770398,0.428483263,0.077462621,-0.000173504,-0.254777895,0.268189009,0.030996678,-1.14E-05,-0.663636962,0.393220054,0.075957758,0.000382264,-0.198686518,0.345010692,0.028138549,4.86E-06,-0.617495088,0.586758279,0.124052385,-0.000604975,-0.352737024,0.354546034,0.052270948,-1.47E-05
470,M,1,0,1,0.427460855,0.399393533,0.523156358,10.35496712,8.66313754,8.426234198,0,10.09810631,0.931693073,0.396972835,0,9.821081079,5.989819316,5.882159263,1.116168378,10.37669871,4.757509872,4.418289453,0.080173743,8.292533216,4.375033683,4.101703036,0.02134033,10.25029571,3.149205455,2.651055501,0.032967489,10.25029571,3.340730333,2.743440853,0,10.25029571,3.142371011,2.435797475,-0.91797802,1.230332164,0.231509722,0.000566272,-0.54585831,0.496379354,0.138465943,9.23E-05,-1.924107179,1.960695507,0.218578284,0.000251391,-0.771091698,0.764086061,0.098259013,0.000111832,-2.025283654,1.54563758,0.145846568,-6.21E-05,-0.92830435,0.815888461,0.080717845,4.11E-06,-1.208667155,1.121932626,0.261088177,0.000160823,-0.625852749,0.730169882,0.159389708,-0.000138579,-1.241871031,1.203944573,0.240620293,0.000668463,-0.612284453,0.70403,0.134247173,0.000102501,-1.234653858,1.503765237,0.260187731,-0.000384026,-0.869388114,0.636056334,0.149521167,3.88E-05,-0.358770398,0.416280465,0.072984601,-7.52E-05,-0.118366798,0.151990923,0.029435748,-5.18E-06,-0.663636962,0.393220054,0.075299975,0.000320917,-0.198686518,0.345010692,0.028185437,1.11E-05,-0.568953223,0.596021721,0.116262906,-0.000456299,-0.227351096,0.23009279,0.051763388,-1.64E-05
470,M,2,0.096385746,1,0.53868598,0.522454194,0.22477459,10.35496712,8.594611769,8.283167255,8.08E-05,10.50757962,1.243466009,0.530695633,0,10.20361876,6.313381853,6.177145375,0.383837064,10.37669871,5.142212887,4.763574369,0,9.627278728,4.390030192,4.043030964,0,10.25029571,3.582946611,3.020151625,0.032967489,10.25029571,3.83912226,3.141214968,0,10.25029571,3.484343947,2.749309727,-0.91797802,1.106211285,0.210141324,0.000799859,-0.54585831,0.490018569,0.127958172,-0.000185353,-2.166980429,1.960695507,0.248886412,2.15E-05,-0.771091698,0.952711652,0.106645803,5.82E-05,-2.025283654,1.774851038,0.189180571,-0.000712231,-1.08126813,0.815888461,0.098075508,-0.000202806,-1.208667155,1.212195488,0.27866937,-0.000464995,-0.633232436,0.730169882,0.169141575,5.36E-05,-1.241871031,1.763350867,0.274302506,-0.000211892,-0.765956752,0.70403,0.151338541,-0.000132371,-2.002161722,1.503765237,0.286712262,0.000450572,-0.895820365,0.640571231,0.162674231,0.000337563,-0.355695778,0.507532336,0.077484275,-0.000131434,-0.16965725,0.151990923,0.029540818,-1.38E-05,-0.333038538,0.27923111,0.079513846,-0.000193207,-0.107840799,0.135331721,0.02575389,-2.15E-06,-0.568953223,0.934695069,0.116788163,-5.73E-05,-0.287906217,0.23009279,0.052532279,-2.97E-05
471,H,0,0.046308502,1,0.702583039,0.688417575,0.387952538,10.57944769,8.463688678,8.102054702,2.75E-05,8.933817297,1.240722935,0.707168488,0,10.42863838,6.879658577,6.598350016,0,10.67660148,4.634383812,4.30230528,0.509107539,10.03353165,5.844380767,5.612349039,0,10.70189646,3.006226466,2.292953507,0,6.268587379,2.098652828,1.619420695,0,11.25410118,2.957872946,2.002810926,-1.244018364,1.649076721,0.1605626,-0.000479643,-0.685772692,0.639069073,0.081493894,-2.91E-05,-1.487210466,2.00168384,0.246865278,-0.000453172,-0.692707168,0.75256492,0.107413547,0.000261374,-2.148298549,2.189877601,0.240024814,0.000138023,-1.161377865,0.906778673,0.139806117,-2.74E-05,-1.709443384,1.730214355,0.358939435,-0.000159713,-1.025434942,0.749231175,0.209383538,-4.28E-05,-3.252987862,2.528212834,0.359756241,-0.000210082,-1.492361984,1.648730996,0.214784093,0.000211379,-1.590932301,2.192993467,0.287325233,3.64E-05,-1.443228311,1.153250577,0.169146728,4.12E-06,-0.536075192,0.700560058,0.094825123,-0.000360992,-0.182220617,0.20750683,0.020445604,-5.85E-05,-0.456903489,0.597811663,0.076853767,-0.000428634,-0.136840549,0.364931542,0.019943556,-2.18E-05,-0.582915152,0.729860522,0.100650639,-0.000180893,-0.173063894,0.360518894,0.025457104,-7.36E-05
471,H,1,0.038197102,0.939383206,0.631252493,0.608910871,0,10.51688063,8.079009824,7.660790997,0,9.982867664,1.836398788,0.91380267,0,10.27477463,6.263001349,5.964452666,0.04397814,10.67660148,4.813213492,4.404758179,0,10.25310608,6.098859703,5.789701163,0,11.29123657,3.859997813,2.934658297,0,10.59001711,3.14195398,2.142165432,0.005300908,11.31713744,3.361399415,2.494021965,-1.244018364,1.12721187,0.168797557,-0.001012558,-0.595078366,0.435108951,0.08366305,-8.30E-05,-1.481601072,2.00168384,0.249657208,9.03E-05,-0.692707168,0.75256492,0.107051301,0.000106545,-2.410097435,2.635698694,0.289183872,-0.00012841,-1.428934743,1.334335822,0.160283689,-9.14E-06,-1.767941181,1.730214355,0.379233278,-0.000759862,-0.949733547,0.911441521,0.220695338,5.00E-05,-3.252987862,2.528212834,0.371730393,0.000608039,-1.492361984,1.648730996,0.218963749,-0.000156173,-1.554984915,2.192993467,0.292783919,-0.000133414,-1.443228311,1.153250577,0.17202566,6.78E-05,-0.536075192,0.716025538,0.101322185,0.000558882,-0.182220617,0.20750683,0.022100187,-8.95E-05,-0.456903489,0.597811663,0.082312113,0.000836114,-0.136840549,0.364931542,0.01876672,2.65E-05,-0.59323362,0.985096582,0.113381283,0.000189401,-0.179990053,0.360518894,0.028853114,-0.000137056
471,H,2,0,0.812406906,0.571589264,0.544171972,0,10.38700943,7.993313267,7.637030023,0,10.58879805,2.876329346,1.636828525,0.682560874,10.28702192,6.115562346,5.814632273,0.13941628,10.94511732,5.005621101,4.584725717,0,10.25481306,6.295121944,6.021289989,0.023425583,11.29123657,4.161172315,3.549370651,0.020211837,10.59001711,3.250564839,2.547940646,0.005300908,11.31713744,3.763061677,3.094040564,-1.202590176,0.934163018,0.164569255,-0.000856151,-0.524004019,0.413279502,0.082945685,-7.00E-05,-1.054174116,1.986675361,0.220372004,-0.001049592,-0.620486416,0.685382928,0.09493011,0.000110487,-2.410097435,2.635698694,0.398057617,0.000420456,-1.546935365,1.447358046,0.211821912,-0.000114563,-1.779760307,1.696380148,0.379561829,-0.001076994,-0.975074492,1.017717755,0.222294195,5.82E-05,-1.963425888,2.473916001,0.357370339,-0.000435936,-1.314944703,1.146901394,0.204560548,-6.55E-05,-1.554984915,1.503662169,0.283167796,0.000706527,-0.977591806,0.974891872,0.16754773,0.000170626,-0.424131449,0.716025538,0.083707421,0.000890079,-0.138150745,0.212593327,0.019959719,-4.63E-05,-0.465277054,0.561563368,0.070874429,0.000485795,-0.115260739,0.243480985,0.017355498,-1.56E-05,-0.59323362,0.985096582,0.101844369,0.000949692,-0.179990053,0.348020752,0.027267992,-6.91E-05
471,L,0,0,1,0.431046648,0.406797941,0.043643762,10.52514471,7.883605816,7.315388053,0,8.571028596,1.35768414,0.707369102,0.796010031,10.52975979,5.784952772,5.497838765,0.068009376,10.81794803,5.059791852,4.628815931,0,10.54355285,5.869719863,5.533084517,0.091614941,11.10223733,4.590924626,3.783761131,0.014127391,10.76726464,4.186791912,3.244656063,0,11.18285061,4.51544276,3.540305231,-0.826563551,0.77584649,0.127981685,-0.00058341,-0.470502899,0.334021533,0.062755664,-0.000199009,-1.82813991,2.198140703,0.304918767,-0.001419498,-0.739511749,0.977954474,0.125288345,3.88E-05,-1.837121183,1.776638328,0.201501105,5.98E-05,-0.673157476,1.146400188,0.119174635,-3.22E-06,-1.4934505,1.741487192,0.367413123,0.000317948,-0.950409738,1.027895375,0.20421401,0.000225886,-2.089846263,2.139086416,0.370561049,0.000643651,-1.053438104,0.969561193,0.206661542,9.88E-05,-1.550612699,1.891468484,0.305855464,-0.000731217,-0.803955987,0.837189555,0.166052617,0.000112756,-0.69304967,0.817952944,0.135635805,0.000848297,-0.196127625,0.318382624,0.031385553,3.81E-05,-0.961710733,1.07436682,0.187664029,-0.000212022,-0.251401238,0.893949111,0.053279687,-0.00020753,-0.669889214,0.783859954,0.136295218,0.001406637,-0.20300748,0.623140701,0.035480661,7.42E-05
471,L,1,0,0.557893926,0.384617762,0.362593812,0.043643762,10.39133111,7.768576728,7.165507248,0,10.6934502,2.10264601,1.212832384,0,10.52975979,5.763369948,5.455632811,0,10.81794803,5.206848447,4.778104172,0,10.26463479,5.605069647,5.289460824,0.092649081,11.10223733,5.000958542,4.31288335,0.079379794,9.721488192,4.114926359,3.163656236,0,11.18285061,5.049911867,4.225223144,-0.826563551,0.85956308,0.134306543,-0.000553823,-0.470502899,0.334021533,0.067170021,-0.000161834,-1.486132435,2.198140703,0.30308098,6.35E-05,-0.739511749,0.851448695,0.124588487,0.000335113,-2.746857464,2.78490939,0.27894431,0.00014426,-1.172628821,1.146400188,0.147612477,4.30E-05,-1.980078715,1.741487192,0.395828906,-0.000863724,-1.158706528,1.027895375,0.222025063,-0.000114156,-2.089846263,2.383410843,0.379223901,0.000219607,-1.053438104,0.987500016,0.209734229,-7.93E-05,-1.550612699,1.891468484,0.310550736,8.70E-05,-0.779304043,0.711087944,0.166759507,0.00039542,-0.641980008,0.87220985,0.139867003,0.00117713,-0.196127625,0.554480043,0.033266552,-9.00E-05,-0.870153123,1.07436682,0.186931792,0.000443311,-0.249626447,0.640266124,0.051116549,-8.11E-05,-0.669889214,0.900985953,0.141188503,0.001272047,-0.203557659,0.678983084,0.037666399,-9.36E-05
471,L,2,0.065829345,0.557893926,0.411750642,0.403120879,0,10.27975701,8.687429729,8.466625264,0.000106934,10.6934502,1.689261211,0.891429363,0,9.98477866,6.165041359,5.915471591,0,9.929666425,4.79675271,4.560042288,0.47243383,10.26463479,5.869357682,5.712490393,0,10.59949662,3.082288729,2.347543912,0,9.633260608,2.256903834,1.489115018,0.035949198,10.32332563,3.217752093,2.403491876,-0.716838693,0.85956308,0.093988519,-0.000200377,-0.452438986,0.322016795,0.051289198,-3.03E-05,-2.310384368,1.974400278,0.211650052,0.00141467,-0.735254857,0.947548539,0.094856499,0.000372232,-2.746857464,2.78490939,0.244977865,4.31E-05,-1.172628821,1.00388606,0.134076589,-1.00E-05,-1.980078715,1.638359847,0.35127807,0.000473061,-1.158706528,1.013119071,0.205412764,-0.000524957,-2.195321848,2.383410843,0.301602527,-0.000441192,-1.028567575,0.987500016,0.170254022,-0.00042575,-1.209847988,1.577013809,0.259038401,0.000371771,-0.754474554,0.899771751,0.14782537,0.000462791,-0.641980008,0.87220985,0.085442979,-0.000280935,-0.179219211,0.554480043,0.023551958,-0.000142412,-0.870153123,0.793774757,0.106479316,6.64E-06,-0.137559663,0.526714088,0.031975694,0.000135919,-0.655680559,0.900985953,0.085698557,-0.000325543,-0.203557659,0.678983084,0.02632741,-0.000185368
471,M,0,0.124037419,1,0.670470528,0.651944433,0.014262815,10.0987171,7.481895092,6.914095321,0,8.344440204,1.357775655,0.710747769,0.657068274,10.31926367,6.386174605,6.150843426,0,10.12185276,4.63016168,4.232002103,0.382239496,9.098210659,5.341273162,5.092024658,0,9.050372098,3.336255334,2.588153831,0.015897116,8.687520992,3.140204606,2.504444866,0.014557253,9.765828784,3.48954398,2.510298521,-0.992060593,0.981412128,0.1453106,-0.000489753,-0.54058576,0.384312586,0.07184749,-4.59E-05,-1.845653412,2.480111444,0.281293778,-0.001076731,-0.976258883,1.056873561,0.119503894,8.13E-05,-1.891446691,1.413615839,0.18806445,0.000343517,-0.709241056,0.660092756,0.107283481,-8.26E-05,-1.796000822,1.965146517,0.343392795,-0.000857714,-0.931440129,0.95941304,0.195883335,0.000102214,-2.55195191,1.718787566,0.325603139,-0.000438167,-0.984103617,1.105112978,0.181560263,0.000119404,-1.767655859,1.723647979,0.26488849,5.50E-05,-0.945199969,0.909498721,0.153357281,7.36E-06,-0.673109973,0.817149978,0.10566194,0.000562444,-0.169625867,0.535627971,0.028541025,-2.16E-06,-0.70224205,0.711268711,0.121542273,0.000546755,-0.167163001,0.601913044,0.036018964,1.16E-05,-0.822657289,0.954722847,0.118486951,0.00059549,-0.201128906,0.716100451,0.035214151,-1.92E-05
471,M,1,0.180669315,1,0.704962241,0.688707751,0,10.19747597,7.702569211,7.147916611,3.20E-08,8.344440204,1.446464175,0.850963215,0,9.880392391,6.04048138,5.81234846,0.722279472,10.12185276,4.689706097,4.314372713,0.382239496,9.386809209,5.322778775,5.081518598,0,8.104891047,3.139238142,2.531272462,0,8.687520992,2.845516127,2.125383135,0.040257772,8.879498648,3.333904588,2.602654917,-0.992060593,0.981412128,0.138567529,-5.70E-05,-0.54058576,0.384312586,0.068885235,-0.000177018,-1.664559271,2.480111444,0.268184096,-0.000867074,-0.976258883,1.056873561,0.114557078,-6.73E-05,-1.891446691,1.413615839,0.189416422,0.00022008,-0.709241056,0.660092756,0.106998321,0.000106301,-1.796000822,2.054367795,0.335912814,-0.000294062,-0.859146915,1.117547162,0.18882618,0.000319075,-2.55195191,1.718787566,0.310896217,-0.000803942,-0.984103617,1.105112978,0.17870061,-0.000137253,-1.294914582,1.723647979,0.250770734,0.000849946,-0.837236205,0.881113536,0.147473552,0.000278473,-0.673109973,0.627639655,0.092018575,0.000363481,-0.142347034,0.535627971,0.023959868,3.47E-05,-0.70224205,0.711268711,0.112867162,0.000453939,-0.167163001,0.601913044,0.033722812,5.20E-05,-0.822657289,0.755944734,0.102181965,0.000239196,-0.164854057,0.716100451,0.029761404,2.72E-05
471,M,2,0,0.879904644,0.703525591,0.688666671,0,10.19747597,7.913187222,7.573523479,3.20E-08,10.12765843,1.96894906,1.21477332,0,9.866691756,5.884298662,5.661627744,0.164131647,10.10125153,4.184540275,3.787039349,0,9.671524617,5.651650603,5.457708952,0.088977192,10.50433915,3.115372676,2.619325633,0,10.57816774,3.06604896,2.175614081,0,10.4907223,3.229001343,2.669470926,-0.989392422,0.882738584,0.133901199,-0.00018863,-0.57859888,0.449993008,0.068705917,-4.19E-05,-1.81124069,2.160295424,0.235328972,-3.56E-05,-0.780207844,0.809884817,0.102924853,4.24E-05,-2.141648838,2.311365987,0.252156128,-9.33E-05,-1.014900844,0.913050419,0.133944535,-3.48E-06,-1.547156627,2.054367795,0.321588703,-0.000465003,-0.942474838,1.117547162,0.185870391,0.00010929,-1.552404148,1.626351,0.300067375,0.000497352,-0.902291988,0.873899526,0.178248055,-1.18E-05,-1.418505717,1.464977157,0.254065434,-0.000283371,-0.837236205,0.728130946,0.149031332,5.74E-05,-0.49876971,0.724886939,0.08301546,0.000303535,-0.126915851,0.134025037,0.016999568,-1.84E-06,-0.674544993,0.851015959,0.111321317,-0.00044634,-0.202081677,0.646339037,0.029950316,3.37E-06,-0.630940753,0.815956334,0.091132851,0.000653826,-0.135864861,0.153118743,0.019544105,-5.42E-06
472,H,0,0,0.911305618,0.486716444,0.420731524,0.021039363,10.10566059,7.568622219,7.307639974,3.90E-05,5.511067063,1.416024226,0.688774688,0,10.43111229,4.798657528,4.362494869,0.713784046,10.8804026,4.320357711,3.970074674,0,9.993614009,5.49727894,5.209399158,0.063769839,10.74599984,2.69383884,2.178904538,0,7.732655532,2.032974874,1.681097287,0.098698732,10.73263532,2.755763137,2.200110762,-0.841923052,0.954462488,0.158328805,-0.00168301,-0.499718759,0.36892571,0.087657151,6.81E-05,-2.204918843,1.698554349,0.303699134,-0.000557924,-0.737749477,0.944160843,0.13524514,-7.40E-05,-0.534747175,0.813051267,0.069196105,0.00049189,-0.300821436,0.303613497,0.032684843,3.82E-05,-2.272748984,2.874555337,0.428600144,-0.000409695,-1.116872444,1.681024181,0.250021836,-0.000283713,-2.239411467,2.166720129,0.368034196,0.000776524,-1.245107386,0.862252335,0.203376064,0.000124746,-1.807991565,1.919654469,0.354022532,-0.000726813,-0.880730903,0.835452101,0.208232834,1.36E-05,-0.398999338,0.621132168,0.063883803,-6.85E-05,-0.141145208,0.106270562,0.018857389,2.07E-05,-0.284454707,0.501446766,0.069191538,0.000861594,-0.111367664,0.179026701,0.021628922,4.97E-05,-0.435647568,0.616887562,0.067415585,-0.000443432,-0.14255507,0.141130724,0.020562959,6.22E-06
472,H,1,0,0.89913526,0.335263349,0.287089377,0,9.941677107,6.960924264,6.749687219,0.000215265,10.86656444,2.459214065,1.776007713,0.519011551,10.43111229,5.46556517,5.061345874,0,10.8804026,4.022947521,3.52252022,0.046526463,10.91285362,6.006696774,5.707099777,0,10.9682728,2.891558981,2.263389853,0.04053853,11.18858989,2.532251815,2.008250836,0.040900341,10.98790808,2.869698049,2.1194152,-0.841923052,1.127597251,0.189477663,-0.00103393,-0.548081524,0.510304153,0.103295346,4.53E-05,-1.954277441,1.698554349,0.293004477,-0.000968536,-0.737749477,0.998660506,0.135898779,-0.000154098,-0.902357813,1.622955091,0.125828297,0.000547451,-0.445168662,0.480272906,0.054632916,7.63E-05,-1.936187313,1.85806966,0.431115138,0.00161464,-1.026523334,0.990001326,0.253047833,-0.000214364,-2.239411467,2.441847541,0.421416944,-0.001065651,-1.245107386,1.053794538,0.233527503,0.00014399,-2.149337182,2.056962666,0.405281895,0.000852629,-1.140209804,1.034564868,0.23990097,-0.000229827,-0.420638529,0.595173588,0.087668995,0.000792775,-0.157321239,0.235931439,0.024556664,-4.51E-06,-0.949065468,0.73637803,0.119293334,0.001864118,-0.161685015,0.668625124,0.034840329,-3.25E-05,-0.600373524,0.618650556,0.092849333,0.000147583,-0.176315768,0.320352759,0.028166878,1.13E-05
472,H,2,0.053496703,1,0.525148528,0.481831648,0,11.0124369,7.266059555,7.025854616,0.000334621,10.86656444,2.783377039,2.283571367,0.602989776,10.97418884,5.770718045,5.409761223,0,10.64795577,4.65839964,4.236369686,0.046526463,10.91285362,5.338449545,5.024958053,0,10.9682728,3.262635618,2.600301056,0.034945648,11.18858989,3.348098494,2.612962366,0,10.98790808,3.090572716,2.292740267,-0.86197883,1.127597251,0.19375528,0.001398491,-0.548081524,0.510304153,0.108121004,-9.20E-05,-2.087564846,1.54464519,0.272384714,0.00026846,-0.677752709,0.998660506,0.125330753,-6.27E-05,-0.902357813,1.622955091,0.15202096,-0.000416394,-0.497029144,0.480272906,0.063381068,-1.18E-05,-1.974280485,1.775651032,0.419650931,-8.26E-05,-1.059626596,0.990001326,0.247511783,-0.00018472,-2.269281581,2.441847541,0.372874014,0.000204012,-1.182994853,1.293544885,0.213414529,9.18E-06,-2.149337182,2.056962666,0.361006587,-0.000142993,-1.140209804,1.034564868,0.217832313,-0.000103986,-0.58303936,0.765911226,0.109183772,-0.00044355,-0.157321239,0.290642561,0.028553674,-2.37E-05,-0.949065468,0.942109436,0.149887799,-0.000657017,-0.166725442,0.668625124,0.042519327,-4.20E-05,-0.600373524,0.712942494,0.113002702,-0.00034586,-0.176315768,0.320352759,0.031953419,-7.80E-06
472,L,0,0.043903202,1,0.381853001,0.338302006,0,10.47058805,7.71535036,7.550923168,0,6.840371944,1.291768842,0.706558043,0,10.69720954,6.831384995,6.490195995,0.164305852,10.15459123,4.260411666,3.785349835,0,10.86561975,6.014004184,5.778283152,0,8.604314495,3.005310898,2.426752638,0.24450631,8.800291764,3.32183358,2.777616704,0.084612565,8.050228709,2.710890892,2.02060671,-0.705742218,0.756277498,0.145597805,-0.001831412,-0.381057908,0.313139783,0.082639553,3.43E-05,-2.29889374,1.679741648,0.244384535,-0.000439903,-0.755070554,1.010982209,0.114052836,6.87E-05,-0.731906781,1.668309048,0.117947872,-0.000132563,-0.480353336,0.914725428,0.067704331,0.000173276,-2.040074444,1.985254369,0.419556688,-0.000269508,-1.008700557,1.033759615,0.24196239,-0.000155339,-2.269673469,2.174338077,0.373141761,0.000965663,-1.297973046,1.273149621,0.208349549,-0.000122893,-1.87292405,2.108941544,0.361943776,-0.000517392,-1.038134504,0.871095441,0.215075176,-3.51E-05,-0.661124734,0.80495159,0.101773499,-8.31E-05,-0.208817172,0.423679985,0.037001593,6.18E-05,-0.523822492,0.753941032,0.102201665,-1.47E-05,-0.15827115,0.315797421,0.035191078,8.00E-05,-0.68449,0.715521142,0.115115849,-0.000163316,-0.231217575,0.438241946,0.046137656,3.42E-05
472,L,1,0.043903202,0.61950589,0.274628569,0.260070393,0,10.50372335,7.878956316,7.730750811,0.0003231,9.771979553,1.25329495,0.684920518,1.21361516,10.69720954,6.836000138,6.645688372,0,10.15459123,4.366186835,3.851336134,0.578560797,10.06314918,6.058276185,5.813496372,0,10.77357493,3.101037494,2.518044334,0.151629335,10.11728039,3.625223061,3.024491946,0,10.77357493,2.726308468,1.960589839,-0.599491975,0.756277498,0.144413813,-0.000313189,-0.350074986,0.333346067,0.082140219,-0.000109316,-2.034173985,1.679741648,0.250943717,-0.000350582,-0.714965222,1.059599213,0.125379643,-9.79E-05,-2.683437909,1.293411178,0.157015113,-8.15E-05,-1.027647211,1.051551282,0.081149037,2.87E-05,-1.734167244,1.952122357,0.368877482,-0.000503177,-0.807017387,1.130259619,0.221661659,-0.000132155,-2.269673469,2.410991481,0.41390971,-0.000416454,-1.460222253,1.273149621,0.232148501,-0.000279095,-2.139198134,2.108941544,0.387409942,0.00075015,-1.152381592,1.03656021,0.229179906,0.000367142,-0.609282915,0.870119405,0.093879573,0.000793854,-0.190399779,0.423679985,0.035865212,5.64E-06,-0.486639662,0.678065667,0.11772944,0.000107207,-0.225258422,0.357138433,0.037828953,4.07E-05,-0.63414183,0.887133673,0.103218406,0.000965566,-0.204595671,0.438241946,0.044808919,-6.55E-06
472,L,2,0,0.61950589,0.301084841,0.280460705,0.402384772,10.50372335,7.976190665,7.87638978,0.000823898,10.91268963,1.859674237,0.965941251,0.339915609,9.976645169,6.246371709,6.102496147,0,11.20660094,3.898427119,3.447196279,0.20513989,10.05272643,6.335786647,6.123101282,0.076152145,10.77357493,3.72740651,3.319581849,0,10.6754607,4.183320227,3.495346924,0,10.77357493,3.314821726,2.657581974,-0.562079685,0.571914788,0.137494616,-0.000420982,-0.367704703,0.333346067,0.079490713,-9.65E-05,-2.034173985,1.654425001,0.238385527,-0.000680897,-0.714965222,1.059599213,0.120594854,0.000142745,-2.683437909,1.629586057,0.207085706,-0.000165987,-1.028416122,1.051551282,0.100041616,-2.22E-05,-1.734167244,1.372191361,0.339705498,0.000458967,-0.807017387,1.130259619,0.210729975,-4.32E-05,-1.763537927,2.410991481,0.390943932,-0.001486559,-1.460222253,1.148204668,0.220226298,-0.000265786,-2.139198134,1.831645448,0.386317503,0.001158482,-1.228314633,1.114273628,0.231324022,0.000347108,-0.587304802,0.870119405,0.093073439,0.000464768,-0.170425483,0.361385425,0.035221498,-5.51E-07,-0.538484942,0.678065667,0.126408657,0.000703204,-0.225258422,0.357138433,0.039054033,-2.08E-05,-0.629000951,0.887133673,0.100683322,0.000333329,-0.206654137,0.3107696,0.042061577,2.02E-05
472,M,0,0,1,0.359071934,0.325917994,0,10.9917766,7.882300684,7.584594845,0,10.89677367,2.899447635,1.825715746,0,10.68376748,5.54626752,5.15331107,0,10.75609711,5.325261842,4.870680326,0,10.86963453,5.725832437,5.329702526,0.012856543,11.18004057,3.533630473,2.808611282,0.092645463,11.189101,3.040618823,2.362371648,0,11.18127928,3.339556041,2.486477844,-0.579689495,0.688943783,0.130842297,-0.000539099,-0.349867296,0.390602561,0.073800505,7.86E-06,-2.390265744,1.734507574,0.318503991,-0.000204353,-0.872230767,1.236746478,0.142616282,0.000101316,-2.089008203,2.207821773,0.231912165,4.29E-05,-0.886447783,0.907260397,0.117617001,-4.76E-05,-1.712477952,1.608643244,0.418640537,-3.00E-05,-0.950983345,0.833278036,0.247947168,-9.23E-05,-2.050992073,2.657061517,0.411670422,0.000604076,-1.175782558,1.195912078,0.224579324,0.000123968,-2.733997795,1.823519148,0.387432254,-0.000876872,-1.318065204,1.323838483,0.220226959,-5.97E-05,-0.747807194,0.680105176,0.113580953,-0.000199853,-0.146657643,0.341920322,0.029365931,-1.95E-05,-0.478520548,0.832137899,0.114708216,0.000385137,-0.123094549,0.31605024,0.030978554,-2.33E-05,-0.867903485,0.816783961,0.1252905,-0.000589347,-0.170577154,0.643349673,0.038671515,-1.10E-05
472,M,1,0.085584973,1,0.380220267,0.355969642,0.164988834,10.42048104,7.948832955,7.724146397,0,10.43245195,2.401336157,1.448915563,0.011623055,10.68376748,6.655964058,6.275317858,0.328122176,10.59117101,4.856138247,4.462760203,0,10.24057092,5.904856766,5.586616453,0,11.18004057,3.095952627,2.379656313,0,11.189101,2.844694885,2.128367893,0.04340935,11.18127928,2.897941344,2.122053284,-0.508781137,0.692570344,0.114185442,-7.53E-05,-0.399197062,0.310553563,0.063657095,-4.03E-05,-2.390265744,1.734507574,0.260880219,0.000646444,-0.872230767,1.236746478,0.119638655,-0.000196136,-1.543437951,1.521157033,0.182901041,-0.000106358,-0.764104523,0.702342983,0.095715721,3.10E-05,-1.693576575,2.030392646,0.423603266,-0.00018054,-0.908634225,0.951274355,0.25270327,1.66E-05,-2.050992073,1.9866722,0.35465829,-0.001796235,-0.934660501,0.859974873,0.196968873,-6.63E-05,-1.719097815,1.823519148,0.352095786,0.001084783,-0.851046069,1.058514544,0.207007417,-9.42E-05,-0.522143086,0.680105176,0.078294219,-0.000200626,-0.146657643,0.341920322,0.023212851,2.52E-05,-0.435612718,0.832137899,0.090780606,-0.000140966,-0.123094549,0.31605024,0.025339716,4.89E-05,-0.867903485,0.816783961,0.084438775,-0.000192528,-0.170577154,0.643349673,0.028954938,2.16E-05
472,M,2,0.087750712,0.69480035,0.412105593,0.399364219,1.313543172,10.54307882,8.218318335,8.098236724,0.000713193,8.710950876,1.760325837,1.050950951,0.453555947,10.66017203,7.37604451,7.146206624,0.329109825,9.798357286,4.395550859,4.120441605,0.342084342,10.89826297,6.005810762,5.824926499,0,8.214501816,2.465565743,2.000439573,0,6.459173217,2.332084924,1.857301115,0.025183812,8.289648858,2.320122378,1.782676792,-0.508781137,0.692570344,0.10913776,4.61E-05,-0.399197062,0.30389052,0.062453715,-6.65E-05,-2.09387159,1.456829999,0.22674687,-0.000197663,-0.739878724,0.913159591,0.106727666,0.000166781,-1.860468804,2.027182098,0.163469291,7.04E-05,-0.863848129,0.801054175,0.089536358,1.48E-05,-1.938239477,2.030392646,0.393969532,0.000554729,-0.908634225,0.951274355,0.235898727,-1.78E-06,-1.422828372,1.443719307,0.301415383,-0.000931108,-0.750228792,0.65853386,0.174103186,-0.000304506,-1.791375772,1.254891785,0.3132376,0.001045915,-0.84524106,1.058514544,0.191276943,6.95E-05,-0.195481429,0.446928104,0.053279682,-0.000424436,-0.064705111,0.112544037,0.017425067,-2.06E-06,-0.519566124,0.649086738,0.085549213,-0.001051883,-0.116486686,0.496316112,0.026214336,1.60E-05,-0.20390562,0.439987407,0.055043823,3.59E-05,-0.071314376,0.141378736,0.019248766,-3.00E-06
473,H,0,0.062986338,0.979585504,0.625602102,0.607548791,1.00013912,12.75940214,9.189147945,8.807267594,0.000127485,12.5687459,2.004407659,0.975326693,0,12.72571573,6.745893687,6.485630741,0,13.482908,6.420156278,5.932110466,0,12.7380427,7.25375773,6.89560879,0.054194819,12.39668046,3.417913539,2.626060314,0.018067635,11.38134797,3.998327099,3.133916805,0,13.48608688,3.241689623,2.193418354,-1.25306828,1.224176926,0.241131175,-7.47E-05,-0.725275102,0.595822174,0.128054345,2.97E-05,-1.957369002,2.43643958,0.300323686,-0.00067146,-0.842135974,1.008447978,0.129195049,0.000487303,-2.49021927,2.527186252,0.285859199,-0.00011865,-1.074635395,0.957840554,0.129129655,8.92E-05,-2.391680314,1.963433918,0.454977991,-0.000743087,-1.040359332,1.242123706,0.269669743,0.000429799,-2.055298759,2.377661752,0.431881982,0.000108673,-1.194534018,0.987714695,0.247100094,-0.000398473,-1.808670264,1.813643462,0.340103195,-0.000666674,-1.057460293,0.856673292,0.195181956,0.000398162,-0.968402025,1.024303374,0.138280443,0.000700881,-0.213297862,0.385901717,0.032507951,-0.000114906,-0.903585665,0.665293423,0.143995811,0.000280706,-0.212573591,0.345188174,0.034343434,-8.98E-05,-0.99064423,1.199273106,0.161248348,0.000848693,-0.245692422,0.638161898,0.044333568,-0.000108617
473,H,1,0,0.979585504,0.640515212,0.623437903,0,12.75940214,9.396362823,9.009053148,0,12.89665356,1.882116576,0.880071497,0,11.73387324,6.936419541,6.684948904,0,13.65437815,6.413100954,5.909598503,0.665786404,12.7380427,7.319778857,7.006895938,0,13.32730684,3.647647726,2.787529469,0,13.29483528,4.582649214,3.417045024,0,13.48608688,3.318240742,2.247529748,-1.25306828,1.590426907,0.23914778,0.000335738,-0.667012723,0.574297256,0.125977916,2.61E-06,-2.13961967,2.43643958,0.305167091,-0.000658069,-0.887150725,1.054583673,0.140279098,0.000309524,-3.203833546,2.527186252,0.285422472,-0.000661646,-1.146632591,1.158605777,0.125420053,-4.39E-05,-2.554229475,2.388204298,0.477133288,0.000598562,-1.260570737,1.343725505,0.284877983,0.000325143,-2.055298759,2.377661752,0.423918562,0.000855601,-1.345941649,1.246149422,0.245535709,-0.000339881,-1.724463726,1.76483101,0.325164715,-0.000679857,-1.057460293,0.856673292,0.184148871,0.0003281,-0.832625079,0.956022165,0.138977246,0.000403002,-0.189110195,0.306834364,0.030468892,-0.000140712,-0.561777494,0.612076428,0.151179723,-0.000162915,-0.165953705,0.198393618,0.03325288,-0.000109974,-0.909501382,1.175157934,0.166631151,0.000752845,-0.212248623,0.586704666,0.043985886,-0.000140135
473,H,2,0,1,0.666148295,0.652986498,0,12.64359585,9.210949603,8.981808856,0,12.89665356,1.283170539,0.576466561,0.38512716,11.35972905,6.986760778,6.755208258,0.488349367,13.65437815,6.052391624,5.596898732,0.665786404,11.77609998,7.537088946,7.327798319,0,13.32730684,3.102857569,2.425821116,0,13.29483528,4.462825851,3.514564457,0.008347142,13.32730684,2.573316256,1.730523903,-1.096036365,1.590426907,0.227038315,-0.000783704,-0.567848006,0.574297256,0.120565738,-6.76E-05,-2.13961967,2.336681788,0.260402834,-0.000192288,-0.887150725,1.054583673,0.127179539,0.000293674,-3.203833546,2.064053962,0.205180168,-2.19E-05,-1.146632591,1.158605777,0.096498019,1.97E-05,-2.554229475,2.388204298,0.435282822,-1.93E-05,-1.260570737,1.343725505,0.260581061,-5.13E-05,-2.365717749,2.279864915,0.408737224,-0.000511363,-1.345941649,1.246149422,0.231778359,-0.000142701,-1.576422137,1.469592125,0.309278344,0.00019636,-0.90688038,0.671294017,0.177193502,0.000216436,-0.716253475,0.874776439,0.111583314,0.001099277,-0.159026186,0.306834364,0.025776967,-5.33E-05,-0.561777494,0.612076428,0.13443707,0.001335291,-0.165953705,0.187449255,0.031616564,-8.90E-06,-0.857225493,1.148233834,0.13404915,0.000989774,-0.201899928,0.586704666,0.036376234,-7.23E-05
473,L,0,0,1,0.610699272,0.59597155,0.152400956,12.82481723,9.056106189,8.857365212,5.56E-05,12.72266844,1.25976963,0.540170363,0.460126873,12.39905275,6.690826841,6.426745365,0.584495087,13.06546645,4.955093465,4.61367787,0.939100287,12.18345595,7.664853737,7.521469576,0,13.20071002,2.165220169,1.477725849,0.018355341,12.94701726,3.049137006,2.126910842,0,13.189065,1.870090686,1.059771934,-1.191015972,1.428244576,0.244646459,0.000576119,-0.730104748,0.726604033,0.13817746,1.66E-05,-1.811375653,1.849556789,0.255817532,-5.57E-05,-0.623829267,0.981471528,0.121381689,0.000303275,-2.781847054,2.137236253,0.217399906,-4.27E-05,-1.383529897,0.897212262,0.097635997,-0.000274265,-2.785585877,2.474743074,0.399950201,-0.000223755,-1.441841113,1.511071391,0.236882811,0.000633028,-2.208477107,2.058179937,0.379603383,-4.04E-05,-1.084223094,0.850161179,0.218026021,-0.000176124,-1.625085747,1.313856791,0.307610212,-0.000489006,-0.854471269,0.805530725,0.179845227,0.000261999,-0.471688532,0.391106408,0.066428283,-0.000118996,-0.122725002,0.101973515,0.013699958,7.32E-06,-0.406987079,0.572358121,0.082395168,-0.000660264,-0.121169565,0.162472803,0.021341709,6.70E-05,-0.60003063,0.437896548,0.075315184,0.000395252,-0.141559909,0.173229503,0.017687045,-1.09E-05
473,L,1,0,1,0.620602852,0.606396678,0.152400956,12.31150717,8.941698161,8.778417397,0,12.72266844,1.240361188,0.475179316,0.698552308,12.39905275,6.723564652,6.491406578,0.721292346,13.06546645,4.714360393,4.345515531,0.939100287,12.60034285,7.780996669,7.636811402,0.01083568,13.20071002,2.214015345,1.575646127,0,12.94701726,3.533584,2.73588697,0,13.189065,1.65604687,0.818294243,-1.191015972,1.432776622,0.233735804,-0.000120408,-0.624252161,0.648238184,0.132011945,-0.000124466,-1.647579686,1.849556789,0.236813032,0.000236918,-0.548649344,0.702468422,0.113500513,0.000202459,-2.781847054,2.137236253,0.214980133,2.82E-06,-1.383529897,0.897212262,0.095381234,-5.14E-05,-2.785585877,2.474743074,0.37863619,-0.000307126,-1.441841113,1.511071391,0.226964367,9.45E-05,-2.208477107,2.058179937,0.380043815,-0.0002552,-1.05342369,0.850161179,0.219452807,-0.000128072,-1.625085747,1.336890977,0.313562911,0.000346155,-0.854471269,0.777043848,0.185584375,3.81E-05,-0.471688532,0.391106408,0.060394896,0.000276968,-0.081666172,0.101973515,0.012464855,-1.18E-05,-0.465649083,0.572358121,0.091059877,-7.29E-05,-0.121169565,0.226921464,0.022418072,1.81E-05,-0.60003063,0.437896548,0.065409175,0.000543019,-0.10832807,0.163088586,0.01632164,-3.91E-05
473,L,2,0.313419725,0.964397116,0.616354659,0.606201983,0,12.41431696,9.450433245,9.278110981,0,12.69329851,1.302649587,0.455705088,0,12.33605286,6.64776105,6.423461323,0,11.97155865,4.826040573,4.460976592,0,12.60034285,7.875097671,7.703107053,0.01083568,4.385290904,1.543000738,1.398828548,0,8.839076352,2.615378235,2.198574267,0.011469074,4.634725041,1.147275143,0.909148867,-1.39656925,1.497393342,0.235312912,-0.00013376,-0.822716492,0.668544757,0.133571155,-0.000360398,-2.119872073,1.748296957,0.234156458,-0.000908182,-0.707433869,0.802604778,0.10906112,-0.000196111,-2.516430018,3.364361549,0.235422149,9.88E-05,-1.417990188,1.211863081,0.110418899,1.57E-05,-1.947693373,2.565034494,0.378248912,-0.00109403,-1.050646326,1.126786582,0.220140024,5.00E-05,-1.987953865,2.00201652,0.347866245,0.001730281,-0.875606091,0.809767742,0.198451786,-0.000414954,-1.850299936,1.336890977,0.304477928,-0.001154289,-0.72687739,0.715922842,0.175354938,9.30E-05,-0.276800919,0.269960738,0.042315705,-0.000178259,-0.09829066,0.123080724,0.012517717,-8.68E-06,-0.474131607,0.5292427,0.077686916,-0.000293833,-0.13418399,0.431216866,0.024751295,-3.87E-06,-0.33922898,0.369255019,0.051346365,-0.000133959,-0.170257676,0.174442659,0.016281206,-5.68E-06
473,M,0,0,0.919041271,0.591942252,0.571122886,0,12.84721874,9.316476444,8.952942996,0,1.234124198,0.373813164,0.296602695,0,11.8309611,6.421077409,6.106147564,0,13.34028728,6.475587728,6.055400959,0,12.72125256,7.910571098,7.595961654,0,13.2717998,2.67663856,1.959762367,0,13.24178586,3.493113142,2.623568621,0,13.27638227,2.419100468,1.524702229,-1.75584075,1.675071029,0.237286916,-0.001256685,-0.869193954,1.046263816,0.129874073,0.000222811,-2.011953536,2.100566971,0.277505229,0.000514916,-0.781609789,0.784962313,0.124558508,0.000197114,-0.296786454,0.33694392,0.08335265,8.40E-05,-0.21666289,0.212416012,0.055664864,-0.00011013,-2.055370603,2.129143186,0.436239283,0.001387451,-1.14416178,1.103977523,0.258045864,-4.76E-05,-1.936674083,2.677836982,0.400481588,0.000477297,-1.300270761,1.198952357,0.234272548,-0.000577173,-3.220740534,2.013503073,0.319505204,-0.000405718,-1.505072942,1.443832877,0.185328245,0.000671214,-0.667045009,0.888335695,0.101234063,0.000330803,-0.163294037,0.426010875,0.022261313,-3.60E-05,-0.600108755,0.601548341,0.108975781,-0.000246689,-0.13019506,0.217313633,0.025274332,-1.83E-05,-0.745657083,1.004183009,0.117969375,0.000824161,-0.191997283,0.603880483,0.030277857,-6.72E-05
473,M,1,0.140238754,1,0.614615004,0.597482115,0,12.84721874,9.184092497,8.997804042,0,11.4992222,1.510447294,0.623041295,0.049842374,12.16770061,6.495074903,6.215816859,0,12.62146292,6.188174868,5.818053986,1.801883884,12.72125256,8.010033034,7.769979109,0.037175652,8.293217981,1.882686607,1.607958022,0,7.449439972,3.025677258,2.380836804,0,8.511866999,1.446631461,1.077300981,-1.156213579,1.126026087,0.22491164,-0.001490289,-0.699461262,0.641006728,0.125405951,-0.000237937,-1.826128809,2.100566971,0.242671885,-0.001611517,-0.754563867,0.743634203,0.118052856,-7.69E-05,-2.15650346,2.663897808,0.225456782,0.001460624,-0.919215713,1.002077854,0.103661849,-0.000258866,-1.944185475,1.455162329,0.395896339,5.63E-05,-1.051082738,1.293096683,0.237066948,-0.000216079,-2.0992958,2.272973643,0.386617939,0.001772316,-1.318039453,1.395743442,0.229571352,-0.000214353,-1.88999068,2.013503073,0.28950727,-0.001559311,-0.899750182,0.963207371,0.168136636,0.000274339,-0.372901923,0.545613806,0.058175721,0.000467072,-0.118116255,0.264290596,0.016961768,5.35E-06,-0.448667701,0.423865089,0.080993976,0.001416965,-0.13019506,0.189224631,0.022419624,1.56E-05,-0.595839761,0.735173736,0.071133586,-2.21E-05,-0.170330431,0.603880483,0.02492404,-1.26E-05
473,M,2,0.205346723,1,0.651393731,0.638852168,0.265136455,12.09423538,8.645201962,8.533649286,9.02E-05,12.75210792,2.030327782,0.917981333,2.096487666,12.16770061,6.947282607,6.708311389,1.183010348,13.35325209,6.057174942,5.691014516,1.030562676,12.16967857,7.758356826,7.565686922,0.115331713,7.061067588,1.810674759,1.544540109,0.027514394,9.949714843,3.272479774,2.517147233,0.055397892,6.27530532,1.155914764,0.881241079,-1.31305107,1.531881528,0.231902421,0.001554385,-0.963696384,1.046905639,0.134399435,-6.43E-05,-1.549752489,1.872181305,0.225305343,-0.000390631,-0.754563867,0.645094458,0.112979253,0.000138341,-2.235973133,2.663897808,0.293261101,0.000331552,-1.202293546,1.002077854,0.128951504,8.69E-06,-1.944185475,2.258781736,0.412800209,0.000215557,-1.051082738,1.293096683,0.244273584,0.000268814,-2.4565657,2.360675143,0.396445022,0.000860641,-1.376082877,1.395743442,0.234581755,-0.000395148,-1.708565138,1.274636733,0.287219288,-0.001025155,-0.787581905,0.884745838,0.171415281,0.000379135,-0.316079533,0.520077856,0.053268406,0.000217646,-0.118116255,0.124579581,0.015014212,-1.96E-05,-0.496283949,0.794684765,0.098571728,0.000236565,-0.12524288,0.303032665,0.025878727,-2.68E-05,-0.39481154,0.480638987,0.055942003,0.00020035,-0.170330431,0.178697959,0.020430347,-1.92E-05
474,H,0,,,,,,,,,,,,,,,,,,,,,,,,,,,,,,,,,,,,,,,,,,,,,,,,,,,,,,,,,,,,,,,,,,,,,,,,,,,,,,,,,,,,,,,,,,,,,,,,,,,,,,,,,,,,
474,H,1,0.648600718,0.954752374,0.848514002,0.847281149,0,8.780973167,6.660456812,6.395417106,0,7.018734965,1.272386317,0.963927737,0.221424953,7.70585383,4.466348011,4.269087908,0.483962715,7.932831143,3.580228505,3.290600215,2.365339233,10.28871672,6.647362337,6.548712004,0,10.32570737,2.367883944,1.933448409,0.004018354,6.883715348,1.419829096,1.049177192,0.008992697,9.634110821,2.307925268,1.750312543,-0.385844907,0.630869181,0.059521201,-0.000309165,-0.232148297,0.293842002,0.030364829,-1.65E-05,-2.036472309,1.959531058,0.28708999,-5.13E-05,-0.927311267,0.946929558,0.134109017,-5.40E-06,-1.938005667,1.600767216,0.258301673,0.000350958,-1.278262085,0.738054388,0.162125807,0.000125947,-1.36348449,1.279677427,0.286836527,0.000654729,-0.980348672,0.836392254,0.167303254,-0.00017983,-1.767616348,1.443119031,0.287814593,0.000175236,-0.881461086,0.750326727,0.156875278,4.44E-05,-1.418599454,1.606061312,0.290493171,-5.16E-05,-1.050793194,0.89068785,0.174625029,-9.86E-05,-0.846063994,0.597240368,0.05998866,-0.000339618,-0.362151067,0.191911067,0.017767681,-5.31E-06,-0.448288027,0.569868561,0.050143475,-0.000782461,-0.117250733,0.378683223,0.013958948,2.55E-05,-1.050540498,0.83510131,0.080241413,-3.54E-06,-0.45474962,0.655724956,0.025949962,-1.54E-05
474,H,2,0.674030587,0.924219731,0.826050236,0.825045467,0,8.872798578,6.416298301,6.139990313,0.000132564,9.607276235,1.368811518,0.910792201,0.108113318,7.878574905,4.475075775,4.247068257,0.782788553,7.741122494,4.148087724,3.932356091,2.365339233,10.28871672,6.377610112,6.281539324,0,3.76286201,1.254974567,0.958889396,0,2.816082428,0.962356865,0.7624885,0.002618747,3.933483054,1.172747625,0.764950128,-0.385844907,0.372112718,0.05766338,-0.000326863,-0.272214435,0.184118926,0.032448665,-6.11E-05,-2.033083132,1.959531058,0.303400609,0.00010948,-0.927311267,0.920220072,0.138156633,6.78E-05,-2.426325727,2.278446396,0.29477413,0.000128381,-1.687318354,0.937365216,0.179668419,1.26E-05,-1.36348449,1.563063295,0.282081194,-0.000698897,-0.799788905,0.836392254,0.156709184,-0.000123075,-1.767616348,1.443119031,0.282384033,0.000794592,-0.881461086,0.750326727,0.157762292,-2.16E-05,-1.418599454,1.414082898,0.280425105,-0.000562774,-1.050793194,0.741476713,0.168866654,-0.000161144,-0.294914447,0.166018542,0.026678816,-0.000692916,-0.066613461,0.083010628,0.00758889,4.59E-06,-0.249109524,0.196694962,0.027404778,0.000345135,-0.066960278,0.136836822,0.008165417,-4.03E-07,-0.292069854,0.254326511,0.031892815,-0.000987143,-0.064020085,0.140437679,0.009427956,7.92E-06
474,H,3,0.657062334,0.980319511,0.836918208,0.835380159,0.082928994,8.872798578,6.416898697,6.191010284,0.000125528,13.58551286,1.937637591,1.010615131,0.108113318,7.878574905,4.040462007,3.760047628,0.849937342,7.412752022,4.016546172,3.792750056,3.145461641,9.466474998,6.518019583,6.417939631,0.010927046,6.21959623,2.495773541,1.772658685,0,7.412954065,2.547614252,1.864225481,0,4.474775536,1.90888622,1.255421305,-0.485383977,0.372112718,0.055684416,0.00036649,-0.272214435,0.184118926,0.031770896,-6.48E-05,-2.185041823,1.678212466,0.265240053,-0.000306445,-0.857186358,0.824818278,0.114213321,0.000112398,-2.426325727,2.278446396,0.295564605,0.000473795,-1.687318354,0.937365216,0.179631811,-2.92E-05,-1.246595717,1.563063295,0.262001035,-0.001196308,-0.799788905,0.683819659,0.148946801,-0.000205715,-1.442514161,1.336954741,0.23006991,-0.000872112,-0.625813177,0.767613212,0.131373098,5.65E-05,-1.157920377,1.407810057,0.246982359,0.000883663,-0.787932695,0.762042092,0.149089495,7.11E-05,-0.148633523,0.196807684,0.023416488,0.001221733,-0.041704928,0.041742788,0.005892832,4.89E-06,-0.134027336,0.241823773,0.026490897,0.001111324,-0.045389104,0.13908128,0.0069413,6.14E-06,-0.205315676,0.254326511,0.026148855,0.000994543,-0.052625362,0.140437679,0.007851062,1.94E-06
474,L,0,,,,,,,,,,,,,,,,,,,,,,,,,,,,,,,,,,,,,,,,,,,,,,,,,,,,,,,,,,,,,,,,,,,,,,,,,,,,,,,,,,,,,,,,,,,,,,,,,,,,,,,,,,,,
474,L,1,0.090543737,0.954106936,0.553483003,0.529844245,0,10.59806259,7.952485287,7.605228859,3.09E-05,7.412425847,1.692351136,1.128335216,0,8.535500577,4.695366713,4.494353018,3.150966654,12.32986638,7.281354855,7.095916449,0.509864376,7.96221719,4.820513221,4.614046725,0,3.146598718,1.294336669,1.182183258,0.019809768,2.871981115,1.115838401,0.960777474,0,7.083776252,2.330928387,1.877086923,-0.899715535,0.739157818,0.115323952,-0.002227041,-0.46735468,0.427735665,0.061732692,-6.68E-05,-2.943904769,1.622260342,0.340614862,-0.002400378,-1.332848028,1.227873328,0.155364219,6.88E-05,-1.553291289,1.30533916,0.218424933,-0.001178947,-0.824413265,0.83751352,0.127771928,8.67E-05,-1.286896008,1.46371778,0.278551425,4.35E-05,-0.833358466,0.818451817,0.162298397,-3.91E-05,-2.415230911,2.048124662,0.320167329,0.000553422,-1.132296808,0.968243219,0.172511488,0.000128376,-1.763186355,1.799715597,0.285573465,-0.000712915,-1.006594868,1.041052435,0.166631951,-9.71E-06,-0.179328561,0.18929306,0.017124933,-0.000182622,-0.081616207,0.060392417,0.004868346,1.68E-06,-0.078240168,0.178314187,0.015066355,-0.00013121,-0.048480628,0.045237976,0.003523498,-1.10E-06,-0.588322603,0.357223407,0.050014603,-0.000340576,-0.312217188,0.240109209,0.01727629,8.39E-06
474,L,2,0.061193239,0.882678049,0.456753778,0.43585698,0.037418618,10.32171839,7.98614582,7.686552499,0,6.391785286,1.421783547,0.951292331,0,8.781465043,4.993115624,4.794206428,4.230122862,12.22886499,7.218341137,7.023814189,0.352141052,7.796050395,4.897086813,4.68612434,0,3.146598718,0.996671633,0.849007072,0.070828812,2.871981115,0.88964288,0.71458179,0.121446723,7.083776252,1.782791552,1.501147756,-0.695368872,0.64482686,0.111323864,-0.00070845,-0.350276275,0.395353185,0.059315401,-0.000103323,-2.943904769,1.6791433,0.31705337,0.000121171,-1.332848028,1.227873328,0.14773677,0.000111908,-1.415876586,1.550688225,0.204302892,0.000701596,-0.874599096,0.79603023,0.126559478,8.41E-05,-1.677138304,1.46371778,0.294553664,0.00014034,-0.962990502,1.094253275,0.17033475,-0.000182768,-1.762044192,1.407912829,0.293168385,0.000242462,-0.797622686,0.960116486,0.157241352,-7.73E-05,-1.763186355,1.497355769,0.27905328,-0.000537681,-1.006594868,0.879352564,0.161336045,0.000246238,-0.179328561,0.18929306,0.016328228,-9.86E-06,-0.081616207,0.060392417,0.004860102,-2.21E-06,-0.102764677,0.178314187,0.013946415,-1.16E-05,-0.048480628,0.045237976,0.003566886,-3.57E-06,-0.588322603,0.357223407,0.047873723,-3.41E-05,-0.312217188,0.298908812,0.017446784,2.31E-06
474,M,0,0.241356533,1,0.529377656,0.518159556,0.015687275,9.718987687,7.162430333,6.752728594,0.000433479,12.9782615,2.914580456,1.567259394,0,10.84256969,6.231887789,6.026036658,0,11.55205301,5.542538605,5.086132965,0.692945819,9.40406544,4.908183841,4.668821137,0,9.27107316,2.638362734,1.894377684,0.003592453,11.25178138,3.803215249,2.490733379,0,9.27107316,1.771207735,1.261320765,-0.39067027,0.279614922,0.060151546,-0.000542022,-0.231652869,0.194026711,0.028667726,9.73E-05,-2.424437451,1.704802014,0.334231385,0.001570007,-0.898744957,1.159298883,0.145465104,0.000410507,-2.696693101,2.221726332,0.319505532,0.000135692,-1.847630091,1.490977444,0.1896068,0.000128285,-2.459358948,1.844732541,0.412895416,0.000198571,-1.142668877,1.492398765,0.240431434,-4.14E-05,-2.382000301,2.105641697,0.382217439,-0.000278136,-1.201472948,1.43959267,0.208446274,-0.000228704,-1.686738211,2.151149442,0.358836369,0.000470991,-1.416257115,1.081455956,0.217514641,0.000637979,-0.306592654,0.382305612,0.055647164,-0.001117901,-0.069602434,0.112710341,0.011868569,1.69E-05,-0.493639069,0.626073504,0.080637039,-0.001644403,-0.111563565,0.272143189,0.018688282,3.68E-06,-0.326274769,0.349667364,0.052812454,-0.000688201,-0.079505905,0.123615335,0.012641908,2.78E-05
474,M,1,0.230981656,1,0.486018289,0.475948301,0.015687275,9.728790945,7.64087501,7.324889026,0,4.051987759,0.955910596,0.686540786,0,10.84256969,6.240972125,6.01399498,0.351286428,11.84936087,5.214593258,4.844510495,0,7.858434282,5.035099703,4.855421695,0.021642989,6.868199179,1.451211437,1.052138126,0,11.25178138,1.786185029,1.132642705,0.002751113,4.338155491,1.183373409,0.873752816,-0.39067027,0.290987107,0.052557715,-0.001246404,-0.225020754,0.130228938,0.025744031,-3.74E-06,-2.424437451,1.834194141,0.312526482,0.000345776,-0.796935767,1.033903493,0.135303755,3.70E-05,-0.887475361,0.991398805,0.205461328,0.00016986,-0.49136645,0.491418716,0.132163205,6.98E-05,-2.231463984,1.844732541,0.356290794,-0.000596465,-1.014064338,1.138033505,0.204052243,-0.00016959,-2.382000301,2.400811967,0.343393747,0.000303371,-1.080370721,1.43959267,0.184549164,0.00011876,-2.190982018,2.151149442,0.331161292,-0.000887225,-1.416257115,1.647304846,0.201810923,-3.74E-05,-0.231603634,0.294930618,0.039953533,-0.001079569,-0.069293096,0.065524248,0.009190639,-8.34E-06,-0.493639069,0.400363545,0.055367324,-0.001507583,-0.088798779,0.145451397,0.012198605,-8.21E-06,-0.230889556,0.234574011,0.037995743,-0.000747079,-0.06066701,0.111787793,0.01044776,-5.84E-06
474,M,2,0.230981656,0.629797156,0.453227422,0.449287688,0.04688825,10.45092447,7.262581378,6.952592239,0,6.560146507,1.022175393,0.718463191,1.134555403,11.5417141,6.605601024,6.291442888,1.382356755,11.84936087,5.525991504,5.122367843,0,8.288229232,5.142575167,4.917969129,0.021642989,5.650721958,1.952261738,1.654560784,0,5.992746361,1.943062199,1.559472241,0.002751113,5.938787733,1.784812728,1.454375815,-0.374626668,0.310459798,0.056189801,-0.000193856,-0.225020754,0.153815527,0.028951578,-3.05E-05,-2.169626999,1.834194141,0.300128808,-0.00042439,-0.788873486,0.834559511,0.13159646,-3.05E-05,-1.930858375,1.86013907,0.232429944,-0.000541145,-1.300910844,0.940146416,0.149013561,-2.11E-05,-2.001397207,1.633284481,0.37270775,0.000371884,-1.060558177,1.289062865,0.214645736,-3.67E-05,-2.348364959,2.400811967,0.360074741,-0.000289776,-1.019339771,1.21030614,0.191531187,-1.03E-05,-2.190982018,1.93193981,0.336370792,0.000421191,-1.268321212,1.647304846,0.203297377,0.000157062,-0.25830202,0.206702638,0.038258673,0.000215554,-0.065098153,0.06163521,0.008600473,1.21E-06,-0.193197555,0.222601944,0.041697341,0.000211315,-0.04815709,0.143594665,0.010205887,8.22E-06,-0.301921737,0.222750086,0.04185881,0.00026505,-0.069736938,0.111787793,0.010254759,2.25E-06
475,H,0,0.201797153,1,0.525487738,0.519329514,0.215786312,12.14824861,9.836634141,9.596659326,0.0057865,11.61119944,5.637038143,4.495001082,0,12.08316094,4.956124737,4.771031315,0.145840552,11.61245361,3.223383366,2.938205948,0.946639816,10.99377501,3.960193153,3.867959278,0,10.91939148,4.813247647,4.253832151,0.056887967,9.701610975,3.450617221,2.63098574,0,9.483320078,3.979509232,3.349475751,-1.501139536,1.478475771,0.157936796,0.000639763,-0.849378147,0.756920865,0.088538749,8.26E-05,-3.116657412,2.302985805,0.32950621,0.000549466,-1.160273056,1.510756597,0.156702174,-0.000249163,-2.338571978,2.553897529,0.247015766,-0.002271841,-0.845436222,1.050054748,0.123779552,-0.000153583,-1.880548533,2.447916125,0.288747382,0.000501869,-1.339626638,1.20109272,0.168269719,0.000221561,-2.824277011,1.694543488,0.268531972,6.30E-05,-1.331260724,1.036651803,0.149072083,0.000135286,-2.952890163,2.308227233,0.212757706,0.000118126,-1.76945267,1.672666057,0.131549714,0.000197701,-0.931309466,0.685902183,0.107868865,-0.000838237,-0.663080575,0.726786397,0.048615848,2.97E-05,-1.060339056,0.651205821,0.093187614,-0.001849443,-0.396360186,0.493253983,0.035636505,3.27E-05,-1.33251083,1.322758831,0.12861281,-0.000204364,-0.980800624,0.917195153,0.065351003,2.07E-05
475,H,1,0.228749844,1,0.482019423,0.47039082,0,12.14824861,9.948838727,9.807805631,0,11.54922912,4.636677462,3.473779923,0,12.08316094,4.675505269,4.524595301,0.145840552,8.15938797,2.587127321,2.313394044,1.204406833,6.897546329,4.18625496,4.099388333,0,9.313476859,4.156717606,3.599019307,0,8.921166623,2.509761334,1.897389202,0.023700981,8.995688191,3.723104506,3.006509055,-1.212520045,1.478475771,0.133214556,-0.001226479,-0.849378147,0.648582354,0.074857336,-4.06E-07,-3.238849346,2.158703794,0.30020436,6.39E-05,-1.181545141,1.538068819,0.147684031,-0.000159691,-2.064306231,1.722989616,0.225241932,-0.00049767,-0.71377212,0.74214267,0.110256639,-0.000416446,-1.880548533,2.447916125,0.285555885,5.58E-05,-1.339626638,1.20109272,0.166252656,-8.39E-05,-2.149876105,2.464440312,0.23859958,-8.75E-05,-1.506527998,1.024734763,0.135388498,0.0001242,-1.829057423,1.491892583,0.193778406,-0.000226861,-1.134339687,1.138173591,0.119624424,0.000220536,-0.52138097,0.457805343,0.090339153,-0.001205702,-0.202796523,0.180744524,0.036420653,-4.30E-05,-0.373183787,0.475568601,0.078511682,-0.000228813,-0.131661136,0.152119113,0.028218651,-1.90E-05,-0.572231645,0.654656699,0.101867721,-0.001223907,-0.310275736,0.247112233,0.043289252,-5.33E-05
475,H,2,0,0.673522683,0.353196697,0.340679543,0,12.09644104,9.430461577,9.148293859,0,11.69402405,4.126986096,3.08230477,0.907533857,10.71294374,4.585658885,4.400365792,0.092857149,11.37238766,2.518198816,2.168454099,0,11.37238766,4.315780725,4.208521537,0.002123228,12.00478032,5.324322122,4.484513245,0,12.38234505,4.895658951,3.713149941,0.023700981,11.62987969,3.519996856,2.652807082,-1.31979284,1.069979656,0.13496789,-0.000833233,-0.783392244,0.600554866,0.077902888,9.24E-05,-3.238849346,2.318986368,0.318820181,-0.000156319,-1.181545141,1.538068819,0.152379193,-0.000206508,-2.064306231,1.722989616,0.226375972,0.002088935,-0.71377212,0.74214267,0.110559769,-3.49E-05,-2.14480815,2.755136073,0.297406297,-5.42E-05,-1.50602521,1.257080828,0.166641105,3.73E-05,-2.149876105,2.464440312,0.255579915,-0.000874277,-1.506527998,1.024734763,0.139001939,0.00020328,-3.111044299,3.54112271,0.227182618,-8.48E-06,-2.182699038,1.643378171,0.14055518,0.000270632,-0.870926665,0.834201396,0.11898008,0.000676439,-0.231943086,0.248506195,0.042302875,4.00E-05,-0.417722052,0.475568601,0.091230702,0.002818021,-0.131661136,0.24975912,0.031791695,2.38E-05,-0.86404316,0.874382468,0.134019946,-0.001813524,-0.310275736,0.247436002,0.05233153,7.33E-06
475,L,0,0.069054268,1,0.405422093,0.389332896,0,11.86667399,8.490898505,8.263401229,0.00047532,13.22368137,3.465300164,2.286196779,2.182011494,11.77684517,6.397368283,6.218654712,0,11.94975225,4.260384205,3.917220413,0,11.89273758,5.557986069,5.321807853,0.129968766,13.26802434,3.036967622,2.512196348,0.047479082,13.47350562,3.415220215,2.720774944,0.227008446,13.23419212,2.727517827,2.095700137,-0.849849641,1.00321955,0.120472636,-0.000347139,-0.495698673,0.408535225,0.06509192,2.42E-06,-2.773774693,2.170635095,0.26923528,0.000493513,-1.110482421,1.34938937,0.128274871,-0.000179966,-2.409653817,1.908693825,0.1961335,7.24E-05,-0.881475683,1.227736101,0.10406914,2.55E-06,-2.015003861,1.884295323,0.314674345,0.000788741,-1.117757203,1.131417115,0.181761318,9.71E-05,-2.154259249,2.892818736,0.275159345,-0.000717882,-1.670698795,1.183686212,0.152825963,7.66E-05,-4.077688841,3.495865386,0.330632891,0.000724994,-2.694169221,1.956815453,0.198534976,0.000461767,-0.816974779,0.589244602,0.068153205,-0.000779787,-0.226534475,0.437085139,0.022918609,5.41E-05,-0.569073304,0.605305143,0.070522701,-0.001476727,-0.115020624,0.489186121,0.022332358,3.87E-05,-1.330386003,0.995718882,0.117486475,1.23E-05,-0.369280925,0.678894467,0.042435898,7.25E-05
475,L,1,0.069054268,0.594252176,0.348005942,0.342381203,0.393772134,11.86667399,9.045199748,8.900081631,6.03E-05,9.341991416,1.861891248,1.110840592,0,11.77684517,6.541539549,6.40396373,0,11.94975225,4.476969632,4.20134105,0.057926794,11.89273758,5.185030384,4.964714714,0.227954268,6.304843252,2.222357771,1.912963732,0,5.607349621,1.98628989,1.579776678,0.079624118,7.665917021,2.593031293,2.123187166,-0.874346089,0.987245529,0.11248022,-3.03E-05,-0.612121061,0.396077167,0.062741285,6.12E-05,-2.787718545,2.228105304,0.275782142,0.000629803,-1.093201347,1.439663851,0.135989354,-0.000205193,-2.409653817,1.908693825,0.179645842,0.000135038,-0.881475683,1.227736101,0.094348409,2.88E-05,-2.911614759,2.744366187,0.307889142,-0.000125404,-1.352586192,1.955941368,0.182356715,3.81E-05,-2.154259249,2.892818736,0.282081056,0.000663968,-1.670698795,1.183686212,0.158664291,-1.43E-05,-4.077688841,3.495865386,0.309834434,-0.000335673,-2.694169221,1.956815453,0.187479438,0.000183202,-0.579633176,0.589244602,0.056059973,0.000264458,-0.143794107,0.437085139,0.022814562,-1.60E-05,-0.569073304,0.409137302,0.054035863,0.000107,-0.115020624,0.489186121,0.018992818,9.00E-06,-0.706539081,0.995718882,0.083397646,0.000360223,-0.194045768,0.678894467,0.036535676,-2.41E-05
475,L,2,0,0.67298794,0.347503494,0.330938702,0.24948513,11.30900969,9.234519437,9.169213835,6.03E-05,11.07786438,1.290210276,0.770386301,0,12.03441941,6.245230969,6.0725504,0.782711565,10.62771299,4.413272703,4.18923802,1.252019498,10.9681763,4.963579283,4.786325811,0,7.081449449,2.27622219,1.850426422,0,9.293413111,2.431723333,1.759614717,0,6.934202868,2.265138996,1.897688847,-1.124425195,1.111033172,0.116375403,-0.000227366,-0.710915158,0.483298685,0.064659343,6.91E-05,-2.787718545,2.284065189,0.242999141,5.42E-05,-1.093201347,1.439663851,0.123658458,-0.000209213,-1.167887427,1.947135696,0.148093927,3.08E-05,-0.532861328,0.688100198,0.08139288,2.54E-05,-2.911614759,2.744366187,0.316361631,-0.000846157,-1.352586192,1.955941368,0.18680625,-0.000170792,-2.825948177,1.905026287,0.263514768,0.000766405,-1.41517324,1.326984442,0.151154593,0.000122231,-2.001236784,1.556507359,0.274172549,-0.000860511,-1.429891705,1.322810118,0.16556928,6.81E-05,-0.177538156,0.35307315,0.04353803,5.54E-05,-0.103987801,0.090223501,0.016969134,-9.22E-06,-0.164309538,0.376925208,0.048748291,0.000597186,-0.078386937,0.080431851,0.013725053,-2.39E-06,-0.231891142,0.392268252,0.059448215,-0.00042496,-0.147316841,0.167736403,0.026297308,-6.34E-06
475,M,0,0.244304665,1,0.586921846,0.581282222,0,11.84720745,8.727885396,8.437239207,0.002519506,13.36778188,2.248143811,1.113271764,0,12.16589387,6.982469678,6.757447562,0.264242231,12.18272809,3.138551076,2.781433187,0,12.18272809,4.018658937,3.87889853,0,12.80887176,3.207344396,2.386577698,0.033863381,12.83934542,2.566066901,1.824879519,0.008226638,12.71770832,3.01225423,2.04957676,-1.135248082,1.14102883,0.117023078,-0.001009414,-0.608388512,0.476448324,0.066890033,8.46E-05,-2.495170594,2.36524919,0.309519619,0.002166698,-0.971025044,1.277385522,0.141810878,-0.000407808,-1.39760605,1.362339208,0.148363285,-0.003471068,-0.646494882,0.529243616,0.073361701,-7.78E-06,-2.830341192,1.895191181,0.37366685,-0.000264937,-1.164992713,1.49019928,0.21564303,9.88E-06,-2.665268132,2.665917055,0.298957742,-0.000142421,-1.49703812,1.112148263,0.166481913,0.000196641,-3.699609514,2.904743608,0.262014833,7.90E-05,-2.35686473,1.521813947,0.162050712,0.000363531,-0.642956478,0.651934442,0.075154184,0.00071365,-0.458788607,0.272908549,0.027403177,7.70E-06,-0.372080199,0.317785343,0.064176746,0.00069684,-0.216061037,0.143766122,0.01813628,-7.18E-06,-0.907074568,0.934653934,0.100169113,0.000446633,-0.645702838,0.385761926,0.041065386,8.88E-06
475,M,1,0,0.803907695,0.503472509,0.476868648,0.238228196,11.54084815,9.152617772,8.933100779,0.000608541,7.455201028,1.26402779,0.788427392,0,12.27355206,6.782387207,6.559865743,0.451047739,8.723049634,3.229968576,2.983978931,0.166350856,6.74659211,3.837253307,3.710936504,0,6.940748594,2.815872554,2.423260203,0,4.528397954,1.89363413,1.542303757,0,8.602983959,3.206633653,2.551865906,-1.135248082,0.951366648,0.102842264,-0.001250883,-0.608388512,0.476448324,0.05878096,5.27E-05,-2.496232773,2.129598563,0.294799989,0.000213458,-0.98116009,1.373828043,0.139598094,1.06E-05,-1.414568756,1.665774638,0.115732373,0.00014907,-0.577000891,0.610391689,0.062950083,-3.53E-06,-2.830341192,1.747239943,0.34648398,-0.000126615,-1.164992713,1.49019928,0.201690642,-0.000256738,-1.682828722,1.603984294,0.244096631,0.000366889,-0.859783734,0.713173316,0.137689369,-3.88E-05,-1.373375435,1.39835673,0.213240375,-0.000147663,-1.009406729,0.716360208,0.127720774,0.000232666,-0.326556456,0.382676844,0.066462473,0.00106331,-0.112101447,0.181542555,0.023218107,-1.31E-05,-0.227074422,0.263130828,0.051209213,0.000164676,-0.065217061,0.091239988,0.015831519,1.19E-05,-0.964497264,0.604778143,0.096558199,0.001495392,-0.233746219,0.600344777,0.037965894,-1.47E-05
475,M,2,0,0.89934684,0.486945059,0.437133273,0.6329568,12.10656893,9.457997065,9.355406949,0,8.212253258,2.038469606,1.10377318,0.580250703,12.27355206,7.019995516,6.732852646,0,7.118650879,3.123226788,2.951833765,1.079584523,6.74659211,3.957211551,3.84304149,0.184827362,6.847595362,3.208433936,2.943499421,0,4.481786932,2.058176329,1.721648193,0,8.602983959,3.716517521,3.225453,-1.344375052,1.1723882,0.106575031,0.001051135,-0.885426669,0.553676962,0.059812432,-1.21E-05,-2.557480776,2.631834594,0.289191537,0.000299742,-1.022629642,1.7078872,0.152580229,-0.000180519,-1.952824774,1.665774638,0.161813595,-5.45E-05,-0.83169858,0.74257421,0.081203997,1.58E-05,-2.204382524,2.106579741,0.324551769,0.00033108,-0.836850313,1.499998174,0.185298038,-5.28E-05,-2.009842027,1.908272551,0.224788249,5.15E-05,-1.354685304,0.893036901,0.13248568,5.07E-05,-1.260817798,1.408073977,0.20291399,0.000345989,-0.828502039,0.76478324,0.121000188,0.000109392,-0.326556456,0.419736467,0.060111908,-0.000330581,-0.108041861,0.181542555,0.022280793,4.02E-05,-0.227074422,0.23633601,0.046100171,-0.000399261,-0.080651672,0.086170909,0.014288889,1.30E-05,-0.964497264,0.604778143,0.091952133,-9.99E-05,-0.233746219,0.600344777,0.036102631,6.11E-05
476,H,0,0.069308434,1,0.611197248,0.597571122,0.308246235,10.81879471,8.350518333,8.022001764,0,8.896403083,0.860495413,0.274310612,0.339214168,10.18360499,5.852948242,5.583174725,0.167032804,10.21053376,3.739755105,3.210803207,0,10.77114961,5.680229797,5.43533127,0.009359854,10.64944863,2.299230683,1.59493624,0.040323181,11.25115607,2.281136301,1.548634678,0,10.48674255,2.104873452,1.392654836,-1.249254843,0.731373283,0.155363329,3.54E-05,-0.47718472,0.632674515,0.086230443,-1.96E-05,-2.451720496,2.189166114,0.234759159,-9.77E-05,-0.908386236,1.071756341,0.111588829,-1.21E-05,-1.834381191,1.826944271,0.142637433,2.57E-05,-1.066435522,0.792353929,0.073605874,-3.96E-05,-1.74051363,1.912737907,0.397421791,0.000954772,-0.769635185,1.246777627,0.229001795,5.76E-05,-2.121393519,1.866159096,0.302290989,-0.00089344,-1.279320974,0.916052602,0.173999138,0.000162139,-1.913853425,1.919891862,0.327519197,0.000824585,-0.913568689,1.293443227,0.195773821,-2.20E-05,-0.771316751,0.758059385,0.094623566,-0.000461825,-0.136705648,0.302896663,0.020348284,2.54E-06,-0.809256748,0.853021478,0.10512673,-0.000159869,-0.156952743,0.462853765,0.027245097,-2.29E-05,-0.679401857,0.723039763,0.096276323,-0.000576411,-0.17078612,0.394266869,0.025261356,1.53E-05
476,H,1,0.03827199,0.90882229,0.581981607,0.561599589,0,11.06084247,8.226799567,7.803985782,2.30E-06,11.00031314,1.384372379,0.462320896,0,10.18360499,5.593635557,5.367198014,0,10.87176125,4.352145617,3.768381972,0,10.77114961,5.802748826,5.504184471,0,7.847406469,2.349800564,1.744074649,0,7.547663436,2.392099017,1.735592854,0,7.963837772,2.092670947,1.545378531,-1.249254843,0.845128246,0.16804134,-0.000970077,-0.425054698,0.632674515,0.091332886,-2.35E-05,-2.451720496,2.189166114,0.237295491,-0.002220156,-0.908386236,1.071756341,0.115786276,-7.54E-05,-2.143771966,1.697211109,0.20894857,4.39E-05,-1.013910875,0.735090662,0.094114898,1.07E-05,-1.652132492,1.799759727,0.387676211,0.000618187,-0.909521096,0.915756722,0.223802012,-6.93E-05,-1.661817618,1.866159096,0.323348196,0.001548285,-1.035467609,0.916052602,0.185165832,-9.44E-05,-1.488765893,1.485034582,0.3383433,-0.000609316,-0.875189301,0.878070208,0.19985282,0.000331186,-0.771316751,0.719568219,0.091476322,0.001348755,-0.136705648,0.302896663,0.020963783,-5.73E-06,-0.809256748,0.639243899,0.101172622,0.001464514,-0.156952743,0.425810969,0.026329554,-2.04E-05,-0.679401857,0.723039763,0.087858078,0.000999761,-0.141923866,0.394266869,0.023741618,1.28E-05
476,H,2,0,0.853140491,0.535488652,0.518492599,0,11.06084247,8.368687368,7.995828726,3.33E-07,11.00031314,1.627507252,0.621922747,0,11.19313589,5.832503276,5.567907532,0,10.87176125,4.347769833,3.784774562,0.466408123,10.67115547,6.091357729,5.715402809,0,9.745535858,2.78183723,2.198904906,0,10.36448488,2.847750681,2.10420168,0.021057379,7.887581562,2.44114841,1.94451441,-0.854834162,0.870826866,0.175631021,-7.57E-05,-0.500983231,0.528134338,0.093713768,6.80E-05,-2.366164293,1.751218203,0.239365871,0.000138845,-0.906116877,1.013474058,0.11490251,-6.60E-05,-2.143771966,1.697211109,0.239725896,-3.83E-05,-1.013910875,0.758933765,0.10960024,2.38E-05,-1.676800981,1.799759727,0.419350164,0.000388818,-1.065778655,1.179813964,0.244807588,-3.94E-05,-1.417958155,1.688851333,0.333660429,0.000194933,-0.855570161,0.871302651,0.188401789,1.42E-05,-1.488765893,1.485034582,0.345128537,-2.66E-05,-0.875189301,0.878070208,0.200321197,0.000366733,-0.480534866,0.744520617,0.104549727,0.000377351,-0.140759957,0.228108431,0.021118273,-1.65E-05,-0.656656799,0.800518999,0.115683997,8.57E-05,-0.140947638,0.425810969,0.025201877,2.60E-06,-0.556971419,0.547730079,0.091221887,0.000466456,-0.129439326,0.269807756,0.023047694,-2.19E-05
476,L,0,0,1,0.642896799,0.632624291,0,10.78147563,7.770957793,7.416537329,0,10.75906087,1.316689881,0.51784316,0,10.434414,5.184413072,4.876442075,0.074887374,10.22423596,3.832199333,3.141653607,0,9.136319744,5.142539269,4.916798801,0,10.64234002,3.151649358,2.403306942,0,8.636735225,1.817751743,1.303542502,0.037261956,10.33007179,3.416882963,2.468212004,-0.811918336,0.92651405,0.133385352,-0.000109874,-0.390030176,0.404778234,0.064213348,7.05E-05,-2.425846823,1.798553539,0.252119688,-0.000677297,-0.790818163,1.252921082,0.114691886,-2.69E-05,-2.962447206,1.414418056,0.18848664,-4.18E-05,-1.178311605,1.281588918,0.090703755,3.38E-06,-1.641108302,1.585721799,0.355586689,0.000446899,-0.966432243,1.025833775,0.203227033,4.83E-05,-2.094174781,2.169546046,0.317217789,-0.00034632,-1.442350967,0.979772899,0.178232643,-0.000202996,-2.202964181,1.966594574,0.325106664,0.000414926,-1.0296139,1.147655757,0.191922449,0.000405384,-0.742519511,0.741069177,0.100744967,-0.00125303,-0.193472619,0.341638862,0.022095589,9.36E-06,-0.69079568,0.692297759,0.096555743,-0.000327409,-0.179541071,0.38567676,0.024282689,-1.28E-05,-0.56845634,0.85145074,0.111831503,-0.001458852,-0.150571355,0.418195584,0.02634159,1.07E-05
476,L,1,0,1,0.650403372,0.643527461,0.303483882,10.43622991,7.9408617,7.717890667,2.70E-10,8.376827341,1.456411154,0.585674236,0.343445015,9.574999058,5.583209727,5.343752032,0.074887374,10.01492613,3.271831069,2.776245594,0.260266098,10.13938775,5.726333907,5.486705471,0,10.64234002,2.391395666,1.769150489,0,8.636735225,1.947953035,1.486096978,0,9.559924996,2.222752551,1.46681945,-0.686035472,0.92651405,0.116171842,0.00023381,-0.389768052,0.307527929,0.059856172,1.13E-05,-2.425846823,2.036984557,0.203125158,-0.000276367,-0.80480371,1.252921082,0.097270841,3.71E-05,-2.071632784,1.414418056,0.211904528,-3.97E-06,-0.773257869,0.881365979,0.097527051,2.02E-05,-1.393214657,1.57886046,0.347552272,0.00020539,-0.846372656,0.974171961,0.204359869,-5.77E-06,-2.094174781,2.013405514,0.28173857,-0.000509643,-1.442350967,0.958581191,0.165225159,-9.83E-05,-1.887296929,1.966594574,0.320119444,0.000255905,-0.897330019,0.976577553,0.19081813,0.000381065,-0.742519511,0.600178112,0.080379505,1.62E-05,-0.193472619,0.173926814,0.017723136,1.70E-06,-0.69079568,0.692297759,0.084955528,1.31E-05,-0.179541071,0.328272994,0.020100113,-1.41E-05,-0.56845634,0.725388836,0.08207453,2.67E-05,-0.149192696,0.230455481,0.021352261,5.27E-06
476,L,2,0.14391349,0.908202252,0.662740597,0.653839627,0.422882707,10.13282075,7.866616962,7.654374144,2.70E-10,9.313128383,1.640857443,0.744977318,0.700365168,10.06022072,5.7950021,5.544623828,0,9.611700247,3.415753015,2.969278575,0.362839506,10.44621247,5.893813126,5.556498853,0.058875311,10.63592421,2.530631699,1.984906934,0.036755591,10.95041565,2.284388845,1.580190328,0,6.843378865,2.123464016,1.707357817,-0.964454765,0.671409181,0.131226285,0.000149547,-0.421586833,0.346307285,0.075194372,-5.29E-05,-2.558051567,2.036984557,0.209403902,0.000205295,-0.944860463,1.050198652,0.101076364,5.78E-06,-2.370677973,1.724658612,0.24925318,3.93E-05,-1.043935251,1.102558859,0.121145357,5.63E-06,-1.566239144,1.57886046,0.387181083,0.000151672,-0.846372656,0.974171961,0.226617823,-1.30E-05,-1.647625508,2.41853644,0.29808059,0.000615018,-1.053292718,1.042538952,0.166918044,2.26E-05,-1.887296929,1.660532464,0.318578821,-0.000113213,-1.058643531,0.943257773,0.188368242,0.00021945,-0.612209566,0.575830672,0.085927148,0.000363066,-0.119514718,0.265409653,0.019680842,-1.32E-06,-0.561549005,0.76025144,0.08843178,0.000120297,-0.109811224,0.288322742,0.018250132,-5.50E-06,-0.751129233,0.550709727,0.090023165,0.000369168,-0.17576267,0.44899244,0.02792967,9.17E-06
476,M,0,0,0.76605282,0.552686652,0.544749213,0,10.20222677,8.258184401,8.064289715,4.54E-08,9.903372575,0.962363863,0.36741453,0.205601064,10.64483062,5.977073364,5.73704598,0,10.08934557,3.85207764,3.460832804,0.431889154,10.50236115,5.507257243,5.163464391,0.029536549,11.19917529,2.134503065,1.460155037,0,11.31503825,2.039932096,1.260609299,0,9.27456868,1.940063109,1.318581181,-0.660234917,0.743273896,0.129565386,0.000242517,-0.449559515,0.409731488,0.071587255,0.00015419,-2.165512695,1.676485504,0.216632445,0.000839929,-0.913229067,0.93736802,0.103297384,1.97E-05,-2.19012074,1.348690558,0.172276532,1.51E-05,-0.979603187,0.726954231,0.087942062,-9.44E-08,-1.392228658,1.742362374,0.368312149,0.000803598,-0.842974214,0.984957817,0.213770263,-0.00017117,-1.610402511,1.661616252,0.286261655,0.000135805,-0.798634052,0.906667645,0.165627737,-6.64E-05,-1.304867096,1.346489453,0.305265542,-7.72E-05,-0.848485372,0.795957429,0.179933351,0.000337021,-0.785626871,0.871129488,0.08565106,-0.000457175,-0.164731566,0.186545735,0.016039394,-2.41E-05,-0.861592323,1.075055734,0.093199051,2.08E-06,-0.179685987,0.56809577,0.021389627,-4.36E-05,-0.651248164,0.730665154,0.078682706,-0.00079336,-0.131792563,0.200620466,0.017055976,-5.56E-06
476,M,1,0,0.806579799,0.569427737,0.557952327,0.130911866,11.03649686,7.992724924,7.745879691,0,9.903372575,1.271664894,0.494854341,0.744426647,10.64483062,6.100156796,5.831313745,0,9.934921128,3.83889813,3.369869276,0.146029414,10.50236115,5.745674185,5.381227977,0.018947744,11.32124822,2.750712368,1.734339632,0.000744339,11.31503825,2.613274538,1.589140144,0,11.06736247,2.485312803,1.462202077,-0.736041419,0.928515743,0.133279631,0.000249386,-0.411617864,0.370255516,0.073230302,-1.91E-05,-2.586788958,1.688482212,0.224090998,7.04E-06,-1.002061699,0.938793626,0.103158691,8.12E-06,-2.19012074,1.481969532,0.216566909,2.44E-06,-0.979603187,0.726954231,0.105867334,6.54E-06,-1.547148558,1.709316741,0.369872737,0.000314015,-0.906518887,0.906191837,0.214554598,2.14E-05,-1.520663168,1.661616252,0.267750137,8.09E-05,-0.753269422,0.906667645,0.154553476,2.78E-05,-1.304867096,1.346489453,0.304225851,-0.000339505,-0.848485372,0.795957429,0.180849219,0.000195304,-0.785626871,0.984458651,0.112919638,0.00052231,-0.170183712,0.327612608,0.022524598,-7.12E-05,-0.861592323,1.075055734,0.123143205,0.000390662,-0.202777925,0.766736863,0.030182892,-5.70E-05,-0.967537375,1.184936051,0.112403967,0.000541306,-0.180368849,0.840902311,0.02924325,-7.02E-05
476,M,2,0.039542066,1,0.635293119,0.622346401,0.038132854,11.03649686,8.062295696,7.85285587,0,11.07700746,1.558889056,0.623846919,0,10.51783063,6.075210563,5.829899005,0.881670163,10.79726518,3.698145325,3.3218644,0,9.71632769,5.803318962,5.518570977,0,11.32124822,2.51858507,1.748748468,0.025976734,10.12516875,2.333923453,1.481587569,0.009562336,11.06736247,2.342252443,1.60770182,-0.736041419,0.928515743,0.13638816,-0.000747073,-0.411617864,0.370255516,0.073441245,3.93E-06,-2.586788958,1.688482212,0.190623461,0.000159749,-1.002061699,0.938793626,0.089446289,3.29E-05,-2.420417564,2.013263429,0.2546108,4.45E-05,-1.32321492,0.861841952,0.120950528,-4.18E-06,-1.935678802,1.919652769,0.385095298,-0.000311678,-0.9478062,0.966735152,0.223285659,-2.64E-05,-1.87224859,1.623649046,0.249952206,-0.000395587,-0.795820769,0.680352847,0.144011562,5.55E-05,-1.216537905,1.201594338,0.30279038,0.00076454,-0.789216443,0.75911939,0.178033896,0.000191396,-0.6756049,0.984458651,0.097834295,0.000641933,-0.170183712,0.327612608,0.021266781,-3.64E-05,-0.861142432,0.788975028,0.109741111,0.000159061,-0.202777925,0.766736863,0.028656041,-4.16E-05,-0.967537375,1.184936051,0.100914192,0.000961579,-0.180368849,0.840902311,0.02890013,-3.08E-05
477,H,0,0,1,0.362202218,0.354904174,0.05734063,11.3158805,7.477466336,6.711558896,0,12.63319146,1.800777802,0.631101665,0.002607291,15.49216913,1.140208715,0.982957543,0,21.16635434,9.08141655,8.972783695,0,11.38639268,1.32209887,1.18348777,0.043244729,31.42575669,2.807169959,1.989700861,0.007021531,13.33217028,2.799817032,1.899424001,0.060565907,31.61236866,2.377656212,1.523608897,-2.361579377,3.544546501,0.133687559,-6.16E-05,-2.783434942,0.906442656,0.075467831,-0.000638898,-3.179193679,2.762616248,0.326388352,0.000136854,-1.48455485,2.026186837,0.157982936,0.000452823,-2.954964858,2.767169242,0.241502046,-0.000389437,-1.244341076,1.276443907,0.114871947,0.000172164,-2.929040637,5.717530555,0.182225061,0.002529442,-1.474664375,1.188856564,0.069162453,0.000719804,-5.418330424,3.0239504,0.211446476,-0.002203441,-2.391889733,1.600572299,0.106980861,-0.00096666,-3.640289845,5.601052411,0.177495287,0.002358764,-2.075477282,2.877683633,0.09538702,0.001023705,-0.337025588,0.316163056,0.064481807,-0.000599277,-0.123886917,0.254324201,0.014564054,-3.87E-05,-1.378597681,0.507388099,0.104483197,-0.001527588,-0.114966165,0.301055954,0.021723607,7.47E-05,-0.357394002,0.459488955,0.065601363,-0.000542332,-0.158577544,0.298556345,0.017129046,-6.51E-05
477,H,1,0.197626885,0.448395978,0.362100247,0.360033449,0.05734063,10.81664451,8.741191164,8.508251997,9.38E-06,11.88467287,2.342412609,0.91773486,0.303791633,1.688930548,1.008300689,0.980917079,6.190135631,10.56771786,8.319429091,8.292941121,0.520239686,2.343719243,1.427979468,1.386947104,0.026336751,5.668843644,1.063820162,0.761774976,0,4.811516479,0.93441488,0.597828932,0.000227575,5.277371616,0.96225663,0.646502479,-0.165164104,0.194582699,0.035704194,-8.63E-05,-0.127654742,0.120112784,0.01868598,-1.98E-05,-2.856114285,2.562296687,0.283084601,-0.00024248,-1.056219941,1.256257879,0.128564887,0.000255121,-2.954964858,2.289486004,0.258125641,0.000402189,-1.244341076,1.276443907,0.119038877,-0.000227169,-0.220827955,0.281544955,0.048498635,-3.23E-05,-0.138376763,0.12885534,0.02912378,-1.86E-05,-0.765199258,0.67419647,0.113162195,0.000387922,-0.343531307,0.372540345,0.062429241,-3.33E-05,-0.38152243,0.566881234,0.059735902,-0.000115892,-0.280310995,0.277471186,0.034461204,5.53E-05,-0.283110816,0.308980942,0.029507418,-0.000130312,-0.044517188,0.091809232,0.005874832,1.63E-05,-0.231936334,0.276812427,0.032724687,0.000109692,-0.045416247,0.151646608,0.008064504,3.01E-07,-0.312845975,0.375490065,0.031327951,-0.000177439,-0.068375951,0.298556345,0.008674688,2.07E-05
477,H,2,0.208367707,0.42558253,0.362935396,0.360766254,0,11.07365311,8.549336907,8.284255689,9.38E-06,11.88467287,2.28435338,0.840192844,0.176530312,1.601787791,0.990884551,0.960639677,6.95199858,10.57275668,8.406658156,8.381975889,0.482407997,2.237397556,1.480156919,1.443212828,0.015792165,3.022631853,0.887674361,0.690777905,0,3.133921495,0.74146578,0.50448432,0.000227575,2.59876058,0.823176212,0.576313732,-0.178129861,0.170342404,0.033160073,-0.000155553,-0.10020482,0.096891513,0.017452825,-1.43E-05,-2.408172141,2.218373417,0.278013989,-0.000854728,-0.891162154,1.016100266,0.126916096,0.00030579,-2.320102645,1.889590737,0.231426911,0.0001703,-0.866081496,0.90608907,0.101154909,-4.87E-05,-0.236215933,0.281544955,0.048026666,-2.31E-05,-0.130756812,0.169850302,0.028824546,-3.42E-05,-0.655218355,0.67419647,0.106736253,-2.04E-05,-0.343531307,0.369050199,0.061113728,-3.41E-05,-0.347530144,0.335933401,0.056827237,1.70E-05,-0.203061876,0.22185461,0.033183887,3.97E-05,-0.144836881,0.198544692,0.020051722,1.97E-05,-0.028917904,0.051812485,0.004232559,1.52E-06,-0.17887859,0.221821666,0.023422412,-3.69E-05,-0.045416247,0.166527276,0.006740326,2.10E-06,-0.147541028,0.177402663,0.020651287,4.68E-05,-0.032808289,0.05492618,0.004539699,9.13E-07
477,L,0,0,1,0.546919349,0.529058091,0,10.89736418,7.631841361,6.982197351,3.37E-06,9.111611546,1.510261405,0.492461796,0,12.02794327,7.212720529,7.101496218,0,12.83450706,6.067084397,5.365052343,0,12.76424202,4.638258133,4.311401411,0,10.64316037,3.264677377,2.37330892,0.007865965,13.44851126,3.238682246,1.98180079,0,10.59610524,2.988462435,2.08755945,-0.426226086,0.632435909,0.088380759,0.000950603,-0.265732614,0.251056059,0.041802951,-0.000135965,-2.608245771,2.198624315,0.347855645,0.000134431,-0.941655832,1.306259419,0.156711831,6.85E-05,-1.593977691,1.925257632,0.168828138,0.000150487,-0.642350562,0.900973359,0.079619504,-1.71E-05,-3.490155384,3.319084184,0.273220415,-0.000909374,-1.970581581,2.787393443,0.171815676,0.000248462,-3.948759848,4.194774371,0.455310395,0.002546993,-1.901763199,2.946958452,0.255664843,-0.001519435,-4.324231221,4.317393362,0.330644797,-0.00202776,-3.702269012,2.030428381,0.195855085,0.001449575,-0.652702274,0.593098922,0.089071124,-2.53E-05,-0.169255069,0.322762881,0.018678886,4.90E-05,-0.671636811,0.82181753,0.085068482,-0.000710964,-0.173445937,0.393626852,0.020631114,1.71E-05,-0.743253188,0.595275658,0.094743017,0.000170388,-0.193554404,0.43525716,0.022287787,4.58E-05
477,L,1,0.34474375,0.681437812,0.4977901,0.493537783,0.152125483,10.89736418,8.163652932,7.762589786,2.82E-09,9.111611546,1.337031557,0.404467151,4.309467447,11.99976671,7.227387636,7.113156317,0.382531614,12.09459821,5.336400383,4.869572433,0.572614903,8.063511121,4.849080175,4.664644825,0,6.997872206,1.820304073,1.275896809,0,5.506276886,1.209950062,0.857725292,0,7.28993993,1.819381824,1.209987647,-0.338266971,0.336707617,0.060973532,5.18E-05,-0.225319441,0.200514462,0.032218292,-4.70E-05,-2.608245771,2.126938754,0.318477784,-0.000422036,-0.941655832,1.306259419,0.137447051,0.000564817,-1.593977691,1.60442939,0.151346395,-1.71E-06,-0.528554161,0.900973359,0.071862962,6.33E-06,-0.983578052,1.191082412,0.221261051,4.82E-05,-0.561833529,0.500177609,0.130314346,-0.000217323,-2.522797127,2.606862868,0.361638994,0.000506577,-1.811390011,1.247621771,0.197606972,-0.000118711,-1.66459961,1.505934512,0.251643007,-0.000214494,-0.862810659,1.064041142,0.143090858,0.000254791,-0.280692813,0.443672166,0.047850144,0.000273565,-0.07480878,0.141720805,0.009816674,1.88E-05,-0.261011801,0.306202954,0.044604817,0.00010287,-0.057844679,0.211802095,0.01132696,1.60E-05,-0.271256225,0.506318227,0.050183236,0.000279487,-0.073654369,0.257142002,0.011918282,2.04E-05
477,L,2,0.34474375,0.686190686,0.52717494,0.523538499,0.152125483,11.16349679,8.452394172,8.170349346,0,9.020017126,0.997387071,0.249369255,4.561992369,11.99976671,7.607265524,7.491639393,0.632698954,12.09459821,5.11579646,4.706350979,0.192313715,7.855766384,4.835877463,4.674062988,0.091683285,6.035179079,1.557139331,1.366041706,0,5.10592038,1.187652135,0.875017777,0.023393635,6.237032233,1.537669667,1.315268833,-0.369069453,0.439576743,0.058322418,0.000421887,-0.266550733,0.223913762,0.031996969,-4.67E-05,-2.581025087,2.063106627,0.295306394,-0.000168326,-0.892095994,0.956730774,0.122810237,0.000347997,-1.892819956,1.711802066,0.118031677,0.000294859,-0.719440857,0.826855181,0.060767389,-0.000126094,-0.983578052,0.835107845,0.220793625,8.96E-05,-0.543190006,0.48800217,0.128930879,-0.000236876,-2.813003582,2.606862868,0.361296068,0.001048967,-1.477024219,1.247621771,0.196701752,-0.000266577,-1.764185072,1.789456271,0.246522231,-0.000313206,-0.862810659,1.064041142,0.14444154,0.000312357,-0.294981423,0.414905776,0.036291201,5.14E-05,-0.066560021,0.123645607,0.00837896,5.54E-06,-0.214701012,0.329365212,0.036643703,0.000525327,-0.059520908,0.211802095,0.009344676,1.55E-06,-0.333491259,0.447537237,0.041691376,-9.91E-05,-0.068809617,0.221823827,0.010720219,2.47E-06
477,M,0,0,0.592580227,0.299933488,0.283694881,0.013276263,12.23165007,8.805568341,8.225302282,8.90E-06,12.47383031,3.022602689,1.568180898,0,10.23824928,5.383926765,5.091417749,0.024894913,12.05120279,5.870186431,5.371307741,0,12.28036743,6.469769469,6.063226874,0,11.98481009,3.24552534,2.441595725,0,11.55589791,3.208769305,2.084985754,0,11.87557974,3.150287005,2.253513239,-0.386370512,0.308851256,0.067898534,-0.001270241,-0.255286156,0.181049504,0.034396896,-4.40E-05,-2.865955404,2.429648828,0.375947528,0.002325002,-0.991600512,1.138813089,0.166520917,0.000473542,-2.668693686,3.33560703,0.37620259,0.000167837,-1.559489325,1.621794224,0.178311117,-2.91E-06,-1.959705511,1.841072505,0.37518235,-0.00022534,-1.072865032,1.087024056,0.220193411,-0.000147312,-2.240782739,2.855889491,0.407620666,-2.28E-05,-1.066245756,1.17396368,0.224331436,-0.000273445,-3.383249761,2.328538457,0.382458687,0.001369602,-1.429633364,1.25974781,0.216310233,0.000253857,-0.358563097,0.482374424,0.068366035,0.000399386,-0.086534889,0.230714227,0.014918937,-1.89E-05,-0.261582895,0.498472168,0.063106931,-0.000104079,-0.112212533,0.187422691,0.013678574,-4.71E-06,-0.448537996,0.541274274,0.087725375,0.000527973,-0.096284337,0.3880308,0.020493443,-2.01E-05
477,M,1,0.068971481,0.706093116,0.313420486,0.293213566,0,12.23165007,9.019013661,8.591659535,3.23E-06,12.47383031,2.755346885,1.303924641,0,10.88307908,5.230926505,4.880726911,0.447017049,12.06388702,5.522680474,5.016408769,0.422498981,11.33599132,6.847555309,6.534609696,0,8.022328392,2.621713083,2.128980028,0,5.067122635,1.66226236,1.209191935,7.62E-06,9.16574512,2.966786907,2.227443469,-0.379574781,0.460638621,0.068040588,6.63E-06,-0.198972147,0.174781162,0.033709313,-3.23E-05,-2.970257141,2.519213435,0.391905048,-0.000427578,-1.063228007,1.368590431,0.176221367,0.000648945,-2.668693686,3.119797778,0.331599301,0.000215323,-1.559489325,1.202459858,0.157111905,-2.37E-06,-1.787333539,1.841072505,0.36732288,-0.000600033,-1.072865032,1.039623839,0.218419332,8.19E-05,-2.189448294,2.14547035,0.388862298,0.000668719,-1.257049838,1.072587508,0.212048775,-0.000324626,-2.26961892,2.060909341,0.375832315,-0.000371793,-1.159995517,1.209863481,0.209535262,0.000426762,-0.664991976,0.482374424,0.062727584,0.00018681,-0.144504265,0.220065269,0.01469603,5.16E-05,-0.241871861,0.498472168,0.060346314,0.000438396,-0.112212533,0.227980475,0.014156463,-1.25E-05,-0.976252027,0.729166611,0.086091283,6.89E-05,-0.20120985,0.685793335,0.024117437,8.63E-05
477,M,2,0.068971481,0.852253399,0.298757209,0.279410948,0,11.88132982,8.79985999,8.353080344,0,12.5531564,1.213411016,0.352080099,0.058819983,10.91952051,5.570502499,5.204382489,0,12.23385006,5.980383984,5.509390305,0.59288937,11.25498261,6.64569007,6.343221237,0.046681945,8.022328392,2.467642092,2.088348808,0.016424169,11.72821952,1.781057917,1.312370657,0.006103387,9.16574512,2.72215798,2.110840012,-0.379574781,0.825259256,0.075833811,0.002352242,-0.232297269,0.174781162,0.035025862,2.00E-05,-2.970257141,2.642363241,0.400585842,-0.001130854,-1.063228007,1.368590431,0.174134774,0.00048489,-2.65899246,2.846250351,0.212294244,-4.59E-06,-1.561726683,1.383244007,0.113786653,3.92E-05,-1.440646683,1.496811107,0.332130686,0.001498045,-0.825464298,0.820088561,0.197749974,-0.000313916,-2.026547197,2.026249055,0.393108606,0.000741982,-1.257049838,0.97758763,0.211318456,-0.000522802,-2.26961892,2.060909341,0.385494266,-0.001354024,-1.159995517,1.209863481,0.214903277,0.000685268,-0.664991976,0.429018845,0.057998518,0.001383957,-0.144504265,0.220065269,0.014236697,4.55E-05,-0.241871861,0.552608337,0.060817365,0.003152534,-0.110501266,0.227980475,0.013471627,3.73E-05,-0.976252027,0.729166611,0.081903156,-0.000261815,-0.20120985,0.685793335,0.024362895,6.03E-05