participant,condition,window_index,head_rotation_rad_min,head_rotation_rad_max,head_rotation_rad_rms,head_rotation_rad_mean,blink_aperture_min,blink_aperture_max,blink_aperture_rms,blink_aperture_mean,mouth_aperture_min,mouth_aperture_max,mouth_aperture_rms,mouth_aperture_mean,pupil_dx_min,pupil_dx_max,pupil_dx_rms,pupil_dx_mean,pupil_dy_min,pupil_dy_max,pupil_dy_rms,pupil_dy_mean,pupil_metric_min,pupil_metric_max,pupil_metric_rms,pupil_metric_mean,center_face_magnitude_min,center_face_magnitude_max,center_face_magnitude_rms,center_face_magnitude_mean,center_face_x_min,center_face_x_max,center_face_x_rms,center_face_x_mean,center_face_y_min,center_face_y_max,center_face_y_rms,center_face_y_mean
402,H,0,-0.704225994,0.305025108,0.109474235,-0.021289319,0.017121033,0.24142987,0.182497737,0.178613722,1.71e-09,0.24857821,0.033750456,0.011968296,-0.052490574,0.035025131,0.008349936,-0.003402529,-0.079212484,0.015015496,0.028341792,-0.025782958,0.015285001,0.108093933,0.050038373,0.048937201,0.021529779,0.766159266,0.191543632,0.155122081,0.002590329,0.48917991,0.118955117,0.090313908,0.005754762,0.760294639,0.150128755,0.110417686
402,H,1,-0.832915953,0.305025108,0.189114566,-0.052312907,0.061113585,0.235216321,0.176392475,0.172989404,5.03e-07,0.24857821,0.041749953,0.017844018,-0.052490574,0.035025131,0.007886821,-0.002667065,-0.077137532,0.016016069,0.028623632,-0.025980078,0.015285001,0.102334912,0.049361242,0.04839384,0.021529779,0.381566456,0.166692203,0.1457646,0.002590329,0.356743714,0.117092476,0.095290185,0.009041917,0.316837548,0.118640813,0.096482672
402,H,2,-0.832915953,0.429543531,0.205961329,-0.092843577,0.061113585,0.26009963,0.181140333,0.177954593,2.72e-06,0.244679148,0.035279479,0.014655267,-0.026368625,0.021935238,0.006915808,-0.003530378,-0.094269182,0.016016069,0.029887883,-0.027447213,0.016368817,0.118937721,0.050928855,0.050109787,0.008787942,0.424068672,0.154565591,0.130250658,0.002847316,0.351579504,0.116446447,0.095416111,0.008313887,0.27448342,0.101640281,0.076931536
402,L,0,-0.497086155,0.383412225,0.099933528,-0.028633067,0.012882901,0.269642395,0.188159276,0.184300659,8.74e-09,0.028784099,0.005253926,0.003396231,-0.066839651,0.04702973,0.008714514,-0.005209024,-0.111707184,0.013561504,0.028311404,-0.025404843,0.016823994,0.156322435,0.050790956,0.049516718,0.015137653,1.17411641,0.197504196,0.117269324,0.003486113,0.353887428,0.081986289,0.055462791,0.00954769,1.123250104,0.179683488,0.094842887
402,L,1,-0.497086155,0.185005161,0.099273822,-0.051573201,0.053056002,0.243507424,0.18410879,0.181792202,8.74e-09,0.195609876,0.020920131,0.006707479,-0.025921582,0.04702973,0.009744802,-0.007161958,-0.111707184,0.010301062,0.029543279,-0.027353941,0.021034492,0.141436387,0.052449863,0.051538487,0.010631245,0.369304569,0.118208632,0.098408758,0.002955913,0.289144619,0.07546472,0.054992162,0.008508975,0.291267866,0.090985475,0.073017011
402,L,2,-0.316889712,0.28651401,0.122940302,-0.074641766,0.059643291,0.227725583,0.183432174,0.181842739,1e-08,0.195609876,0.027179397,0.009571404,-0.025921582,0.021396155,0.010399078,-0.007355123,-0.060000434,0.010301062,0.02964802,-0.027736354,0.021034492,0.085121474,0.053810298,0.052893871,0.010631245,0.492906303,0.133675483,0.113838111,0.002955913,0.413341149,0.092982167,0.071746442,0.007657135,0.291267866,0.096038801,0.077904911
402,M,0,-0.473915008,0.313403728,0.100706746,-0.04656576,0.022054499,0.280840501,0.191377367,0.188488011,7.92e-08,0.236030252,0.027567384,0.009944235,-0.053608078,0.024911489,0.007146017,-0.002054284,-0.061420755,0.017247371,0.028062561,-0.026140293,0.020248669,0.091221565,0.050033598,0.049377013,0.019161669,0.769433543,0.165353274,0.134470316,0.005981742,0.386075284,0.111818989,0.090696895,0.009000061,0.759502751,0.121812228,0.083339341
402,M,1,-0.277687951,0.41971879,0.128995067,-0.03504856,0.042997876,0.232787549,0.185008892,0.183124131,7.92e-08,0.236030252,0.041574401,0.016465551,-0.049718205,0.022826809,0.007814574,-0.004241253,-0.058401039,0.016140824,0.030095151,-0.027917161,0.023745668,0.103028163,0.051672149,0.050774612,0.012409142,0.474654061,0.168466735,0.140037959,0.005739214,0.451049816,0.125036626,0.092433448,0.010034534,0.354930512,0.112902094,0.095375621
402,M,2,-0.402681173,0.41971879,0.164861789,-0.095869121,0.02704045,0.246992993,0.179151272,0.175393178,5.79e-07,0.228170038,0.032495593,0.011292665,-0.049718205,0.017180247,0.007786559,-0.004509706,-0.062335251,0.033519219,0.031426522,-0.028645471,0.020200322,0.103028163,0.052932093,0.051824985,0.012409142,0.84932651,0.245776569,0.199979868,0.005739214,0.451049816,0.146649085,0.117688905,0.010034534,0.785606904,0.197231254,0.142731305
404,H,0,-0.126812414,0.146571067,0.037633457,0.004443006,0.005540293,0.222871712,0.161224627,0.153656425,8.76e-08,0.203660512,0.039116578,0.019091689,-0.021106049,0.013273346,0.004996197,-0.001500427,-0.039682466,0.012697638,0.020561458,-0.017310133,0.025344319,0.062922816,0.041708308,0.04137736,0.010079973,0.335354454,0.133313403,0.112994499,0.00297804,0.3123441,0.087573758,0.068126881,0.006448281,0.302872401,0.100515174,0.078260465
404,H,1,-0.126812414,0.115675529,0.038126569,-0.003557154,0.010483046,0.215367845,0.161925636,0.156664566,2.62e-08,0.203660512,0.033639889,0.014804369,-0.016468325,0.013273346,0.004288626,-0.00091496,-0.04004908,0.012686003,0.021519835,-0.018570963,0.0283521,0.057338731,0.041944392,0.041621647,0.010079973,0.401879351,0.106219194,0.08292895,0.003656283,0.280814149,0.067155768,0.050650565,0.006448281,0.313713545,0.08229593,0.058586638
404,H,2,-0.092277581,0.10302146,0.026859835,-0.01076775,0.015815038,0.21932996,0.166639216,0.162585045,9.04e-09,0.02047435,0.007208792,0.005012411,-0.018135151,0.011247846,0.004248189,-0.001191549,-0.04004908,0.014013973,0.022776283,-0.020149184,0.02312811,0.057493694,0.042918804,0.042560716,0.010461687,0.401879351,0.095708447,0.073189843,0.003656283,0.280814149,0.061592087,0.043226634,0.006691189,0.313713545,0.073256546,0.052979252
404,L,0,-0.15510546,0.10359036,0.051688083,-0.038943367,0.01199705,0.222981973,0.176296679,0.171594351,7.02e-08,0.159304067,0.0173949,0.006855921,-0.020105656,0.011032431,0.005432594,-0.00277764,-0.037933004,0.023791813,0.019195537,-0.016765216,0.023558205,0.058782223,0.042852419,0.04252075,0.007923775,0.434533928,0.119955563,0.095773442,0.003832853,0.414757107,0.08775499,0.065017571,0.005211199,0.387376806,0.081782632,0.057758182
404,L,1,-0.108871324,0.091485751,0.049485713,-0.038304101,0.028135893,0.222981973,0.173576413,0.168837267,7.02e-08,0.159304067,0.01734219,0.006590854,-0.018480734,0.011032431,0.005219636,-0.002306779,-0.040170402,0.016987225,0.020288899,-0.017643195,0.026240902,0.057714373,0.043163613,0.042829639,0.010129737,0.343548557,0.100710916,0.086361123,0.003715502,0.171847613,0.06332253,0.05237321,0.004832294,0.327428861,0.078313127,0.058734485
404,L,2,-0.108871324,0.085281398,0.05458494,-0.044084381,0.027478696,0.218869842,0.167466675,0.163223955,4.62e-07,0.148554407,0.021762838,0.008676548,-0.017543647,0.012008672,0.005072366,-0.002427823,-0.040170402,0.016987225,0.020193042,-0.017482548,0.026880692,0.057316401,0.042618495,0.042248348,0.009232403,0.29475145,0.091866121,0.0783769,0.003715502,0.149252501,0.054128415,0.0431045,0.004832294,0.274628369,0.074225999,0.05959818
404,M,0,-0.072637773,0.344310147,0.070691793,0.0258759,0.005725546,0.217148247,0.158383384,0.152061186,7.02e-08,0.183113283,0.030192565,0.013028912,-0.017569184,0.013406075,0.005108676,0.000150846,-0.045444346,0.022573074,0.021704331,-0.018071863,0.023367239,0.060656266,0.043010645,0.042637436,0.012088711,0.408498321,0.139181786,0.107641371,0.002678689,0.337211623,0.099881781,0.072410582,0.005385697,0.380660922,0.096928836,0.064981116
404,M,1,-0.094801307,0.102915253,0.036756682,-0.00776383,0.005725546,0.217148247,0.15878651,0.15466577,3.35e-07,0.183113283,0.029122057,0.012277784,-0.017569184,0.012837902,0.005134298,0.000462935,-0.041325016,0.022573074,0.024345884,-0.021260506,0.027506484,0.057001792,0.044661688,0.04435943,0.009323019,0.314133075,0.099117352,0.079683649,0.00283681,0.219593008,0.070598115,0.054127917,0.005385697,0.287720998,0.069571227,0.049803073
404,M,2,-0.094801307,0.077618281,0.036547943,-0.022063174,0.015715937,0.220226701,0.160069454,0.156447607,2.73e-08,0.208907452,0.024036099,0.009833877,-0.018630004,0.011147348,0.005016538,1.72e-05,-0.042522771,0.01877068,0.025488712,-0.022897961,0.02949485,0.057785844,0.044836719,0.044543953,0.009323019,0.314133075,0.107824884,0.09109317,0.00283681,0.251595437,0.076430032,0.056451655,0.005686699,0.284131326,0.076056924,0.061820574
407,H,0,-0.088676427,0.119589543,0.076312653,0.064896979,0.011780292,0.2023333,0.156816778,0.149457006,1.08e-06,0.13907537,0.022815497,0.015905495,-0.016994164,0.008655933,0.00509441,-0.003234744,-0.039528077,0.022412613,0.020048233,-0.015792698,0.029434951,0.064494731,0.048878016,0.048456921,0.00909372,0.328039927,0.118322412,0.10297417,0.002281085,0.271744515,0.088659137,0.073333927,0.005780376,0.194574067,0.078356561,0.060762806
407,H,1,-0.071498409,0.13154881,0.086376177,0.077296056,0.012479175,0.2023333,0.164185968,0.158522403,5.73e-06,0.116384685,0.01721669,0.014063076,-0.015571363,0.00830705,0.004915227,-0.002981177,-0.038646179,0.022982549,0.020786849,-0.01750561,0.03155423,0.062236807,0.048547616,0.048133868,0.009592528,0.253063665,0.102633771,0.088090133,0.001754663,0.228385071,0.086554418,0.07011404,0.008069458,0.170646189,0.055154545,0.043115432
407,H,2,-0.042161992,0.145921723,0.086061076,0.077021933,0.008080916,0.203089181,0.162451682,0.155731272,2.88e-05,0.136444851,0.028173586,0.019574395,-0.016708549,0.008350885,0.005259883,-0.002655771,-0.041501097,0.022982549,0.019947258,-0.016592277,0.03155423,0.06345042,0.047578313,0.047161993,0.009592528,0.333124424,0.109418472,0.090480326,0.001754663,0.228385071,0.07881171,0.06105313,0.006081046,0.332881235,0.075902018,0.055931212
407,L,0,-0.110077927,0.157839188,0.059853324,0.037774511,0.005166308,0.20216927,0.145111308,0.13430121,8.42e-07,0.132521225,0.017202058,0.010718584,-0.018960493,0.011876219,0.006067638,-0.002354238,-0.037562092,0.023938537,0.016725478,-0.009763813,0.029707808,0.060805373,0.043964437,0.043662258,0.012797976,0.416815654,0.164457323,0.145365096,0.002258551,0.399164626,0.119165996,0.095417545,0.006279613,0.291309453,0.113338769,0.096616734
407,L,1,-0.110077927,0.157839188,0.074530091,0.056518378,0.005166308,0.198431434,0.160644243,0.152884813,5.9e-09,0.132521225,0.013957685,0.008988178,-0.018960493,0.010799376,0.006365519,-0.002521541,-0.037562092,0.023750345,0.018613651,-0.014789136,0.029591719,0.055055885,0.044314047,0.044058793,0.011705722,0.416815654,0.140959295,0.119628275,0.002258551,0.399164626,0.114240611,0.090622175,0.00686177,0.291309453,0.082574848,0.06338337
407,L,2,-0.096317759,0.122717535,0.06525775,0.052535087,0.009795285,0.19992641,0.165697898,0.159343954,5.9e-09,0.030937957,0.007908391,0.005907685,-0.017081775,0.010799376,0.006068396,-0.002757784,-0.036588164,0.023476446,0.017057904,-0.013924852,0.029591719,0.055177983,0.043446963,0.043195394,0.010096913,0.32839036,0.10979356,0.097273641,0.002605816,0.231595179,0.093633523,0.080754271,0.006062218,0.252396961,0.057335759,0.039258581
407,M,0,-0.061298766,0.121620599,0.072669327,0.062979596,0.011686313,0.207129356,0.157293319,0.14958454,1.97e-08,0.133967322,0.009175341,0.005351394,-0.017821633,0.008103342,0.005637243,-0.003554743,-0.033713087,0.023282577,0.016784993,-0.01245498,0.027058251,0.060231819,0.047164766,0.046740054,0.00861596,0.250054297,0.104325496,0.089893007,0.00194808,0.213112432,0.079507059,0.066056468,0.005743135,0.232357243,0.067545812,0.05025781
407,M,1,-0.078656832,0.121620599,0.076835728,0.067735902,0.011347271,0.205326331,0.158523166,0.15191205,1.97e-08,0.133967322,0.01261194,0.006701157,-0.018946451,0.007453358,0.005827951,-0.004004405,-0.034328419,0.023282577,0.018467468,-0.01479066,0.02910659,0.060231819,0.047732853,0.047343275,0.00861596,0.243717791,0.089075009,0.078034135,0.00194808,0.213112432,0.073380283,0.060193383,0.00487954,0.158106037,0.050494468,0.039667157
407,M,2,-0.085161152,0.151131743,0.075858053,0.06368262,0.010974568,0.205326331,0.156819786,0.149147718,1.23e-07,0.137120389,0.015030643,0.009076503,-0.018946451,0.006604269,0.006150524,-0.00445025,-0.038453429,0.023192127,0.018312459,-0.014277734,0.030530345,0.058847665,0.046857849,0.046477931,0.007312627,0.240542436,0.10167669,0.089075601,0.002163511,0.192413242,0.082437133,0.069148681,0.00487954,0.175848009,0.059516959,0.047174956
408,H,0,-0.111101023,0.133345791,0.039395768,0.013838473,0.010912059,0.219966687,0.165746146,0.158905473,5.65e-08,0.247312597,0.048281361,0.020079128,-0.014736685,0.013128195,0.004317264,0.000183435,-0.051778822,0.016069692,0.026761268,-0.023565286,0.025186977,0.066963398,0.046927223,0.04630137,0.009696332,0.543197483,0.169217779,0.135185528,0.002066967,0.331252736,0.110390284,0.083141356,0.006569447,0.52034819,0.128252259,0.093215323
408,H,1,-0.081841205,0.133345791,0.039808669,0.023443047,0.011345279,0.221905045,0.165016878,0.158409621,5.65e-08,0.313905526,0.055344999,0.021076448,-0.013688249,0.013128195,0.004052802,9.07e-05,-0.051371143,0.01765631,0.026683787,-0.02359806,0.025014536,0.06656243,0.047699855,0.047111601,0.009696332,0.543197483,0.167044779,0.132043688,0.001406783,0.315223089,0.106721172,0.079558043,0.006569447,0.443143764,0.128508947,0.097691084
408,H,2,-0.096091901,0.457950364,0.058389701,0.025978732,0.011708264,0.221905045,0.15944177,0.152310206,1.2e-07,0.326593402,0.054155489,0.019599859,-0.015479078,0.013761914,0.00444341,-0.00059158,-0.051371143,0.01765631,0.026225062,-0.022627645,0.025014536,0.067430674,0.047848215,0.047175772,0.011634281,0.60436885,0.210792351,0.175704287,0.001406783,0.437118891,0.149997192,0.119992261,0.007238409,0.459082584,0.148102187,0.114171906
408,L,0,-0.04782107,0.107484176,0.048326128,0.043829737,0.00385316,0.218406456,0.167404619,0.163747261,7.3e-07,0.285847751,0.05685612,0.021896693,-0.014869357,0.009543119,0.004882945,-0.002777606,-0.048477647,0.011289136,0.028229084,-0.02625866,0.02733437,0.065716917,0.049217004,0.048718712,0.010057512,0.398173624,0.09793067,0.077791302,0.001994057,0.231511138,0.070580493,0.056660479,0.005339478,0.324084139,0.067888218,0.04559232
408,L,1,-0.038160891,0.10425059,0.045788988,0.042282677,0.00385316,0.207556528,0.169670022,0.167231543,3.1e-07,0.279045196,0.042481613,0.015615178,-0.011479675,0.012412444,0.004354903,-0.000179774,-0.051301311,0.014638845,0.030803005,-0.029115227,0.028774995,0.065716917,0.051445505,0.051034156,0.010057512,0.345885979,0.075110482,0.062506136,0.001994057,0.192934454,0.050771477,0.0413901,0.005339478,0.291807599,0.05535198,0.040509122
408,L,2,-0.038160891,0.121092011,0.045275601,0.039849501,0.010255767,0.207556528,0.168986051,0.165393101,3.1e-07,0.118700584,0.020472064,0.007995615,-0.010888709,0.012412444,0.004184952,0.001097708,-0.051301311,0.022717492,0.029162238,-0.02688206,0.028581052,0.064685334,0.050640206,0.050248909,0.007364016,0.347901806,0.089968891,0.072947478,0.001999644,0.192934454,0.04797047,0.037502262,0.006409159,0.309293608,0.076113306,0.057598609
408,M,0,-0.232094911,0.043355053,0.062647579,-0.036444646,0.009383559,0.225111145,0.170403575,0.165815587,1.96e-09,0.332438883,0.044278197,0.013565403,-0.016233783,0.0135743,0.004229442,-7.05e-05,-0.051522994,0.013200658,0.024444626,-0.021727143,0.025871746,0.066583549,0.047713395,0.047253883,0.012150227,0.504526633,0.14316289,0.111306864,0.002762758,0.389983962,0.107496868,0.080614784,0.007233244,0.45699764,0.094551766,0.060620058
408,M,1,-0.241907095,0.120760208,0.060602111,-0.020424148,0.009383559,0.219313226,0.173435567,0.168907083,2.35e-09,0.253729866,0.039959549,0.01268893,-0.01476118,0.01365039,0.004232878,0.000554717,-0.047422463,0.015349988,0.02296326,-0.020218418,0.024848785,0.063893678,0.047218007,0.046815026,0.009050207,0.369827883,0.133849084,0.111136636,0.002719552,0.358274528,0.106528936,0.079336057,0.006848063,0.328463249,0.081038034,0.060893941
408,M,2,-0.241907095,0.14502421,0.054147065,-0.005758689,0.011513355,0.223731815,0.169984344,0.164846908,9.21e-08,0.259712787,0.052490231,0.020265101,-0.013177901,0.015394719,0.004757745,0.000982011,-0.046617103,0.015349988,0.025180927,-0.022329593,0.024848785,0.06694352,0.048518252,0.048078436,0.009050207,0.414598114,0.142790674,0.121033875,0.00261902,0.358274528,0.109021633,0.081177272,0.006102865,0.327428596,0.092214207,0.074061783
409,H,0,-0.11175037,0.020747161,0.058326324,-0.051033873,0.0062721,0.217305915,0.169896182,0.16368799,3.23e-07,0.273793525,0.056057185,0.029324938,-0.016320581,0.009968017,0.004555695,-0.000344429,-0.043497734,0.017494938,0.023509131,-0.019421496,0.017794953,0.063402115,0.044887263,0.044263934,0.015439276,0.358525719,0.164647929,0.151132051,0.002601376,0.268080809,0.103756858,0.086688936,0.008293337,0.283183735,0.127841522,0.109546655
409,H,1,-0.109289833,0.012845557,0.047180554,-0.038829017,0.008391408,0.217485571,0.172642208,0.16346133,2.76e-05,0.273793525,0.058440755,0.040138943,-0.016320581,0.011865643,0.004626083,0.000686453,-0.042324102,0.021753184,0.019232663,-0.014939076,0.017794953,0.063402115,0.043431181,0.04285493,0.015439276,0.358525719,0.149710576,0.133666605,0.002502086,0.268080809,0.105133252,0.089423891,0.0064688,0.283183735,0.106584501,0.081230446
409,H,2,-0.11593308,0.012845557,0.053011529,-0.044981302,0.008391408,0.217485571,0.174756663,0.167838976,9.83e-06,0.210969197,0.061201808,0.047175271,-0.014256643,0.014163942,0.004707846,0.001130056,-0.044323367,0.021753184,0.022189324,-0.018374632,0.017904924,0.063139299,0.045214184,0.044594725,0.009413946,0.456417848,0.145261379,0.123302414,0.001540318,0.288346456,0.114880282,0.093690126,0.0064688,0.365592337,0.088901006,0.063413106
409,L,0,-0.195348575,-0.005889718,0.095480159,-0.091852803,0.008559759,0.211290766,0.171824356,0.166110217,6.79e-07,0.221733641,0.047668505,0.023767028,-0.016551726,0.011797561,0.004569696,-0.000881243,-0.042946282,0.016576583,0.023392816,-0.020594313,0.019701784,0.060367804,0.044898606,0.044455733,0.010026497,0.340168954,0.137431363,0.111611388,0.001325565,0.315269245,0.095734274,0.072646794,0.005061963,0.292085024,0.098601868,0.070594805
409,L,1,-0.166799012,-0.005889718,0.091720331,-0.088423693,0.017256072,0.207866734,0.174644614,0.169268192,6.41e-11,0.221733641,0.047367351,0.023477625,-0.018391034,0.009630028,0.004833905,-0.002549867,-0.042946282,0.01585624,0.023862846,-0.020971262,0.019701784,0.060367804,0.045325079,0.044811526,0.012325248,0.473335805,0.133114946,0.103562396,0.002125813,0.315269245,0.090584658,0.063209495,0.005061963,0.414476736,0.097539779,0.070997921
409,L,2,-0.166799012,-0.017473508,0.10044957,-0.097452083,0.015602748,0.211613527,0.173041137,0.164887042,6.41e-11,0.01791666,0.004780401,0.003058439,-0.018391034,0.008474952,0.005914296,-0.0035493,-0.038459279,0.01585624,0.022380862,-0.018869559,0.018929155,0.06023812,0.044680573,0.04404025,0.012325248,0.473335805,0.121477956,0.103688547,0.002862961,0.228595319,0.079820699,0.064550349,0.006640212,0.414476736,0.091572647,0.071382518
409,M,0,-0.13652834,0.001065661,0.063768357,-0.058995019,0.013299864,0.214737558,0.169996083,0.162405947,0.0,0.018099903,0.004328442,0.002453318,-0.014748823,0.013310489,0.005311808,0.002236019,-0.045433438,0.02099831,0.023286066,-0.019245313,0.020767038,0.061304424,0.044996933,0.044478123,0.010003865,0.313579788,0.117947092,0.105450061,0.00256314,0.183200489,0.089488864,0.078695976,0.003978739,0.313061175,0.076832674,0.05231145
409,M,1,-0.13652834,0.001291414,0.073958797,-0.068789834,0.01408143,0.210216566,0.170844859,0.164167205,4.67e-10,0.21903868,0.037822977,0.014126377,-0.016798655,0.013310489,0.006171999,2.53e-05,-0.044610384,0.020603051,0.023443192,-0.019930835,0.021158347,0.062756743,0.045250297,0.044690351,0.013097222,0.392744326,0.156347132,0.136962125,0.00256314,0.356152705,0.121207861,0.10144095,0.004981276,0.267909555,0.098757684,0.07737782
409,M,2,-0.165758983,0.001291414,0.086605356,-0.082055316,0.013704473,0.210216566,0.170166511,0.164127176,1.69e-07,0.21903868,0.037798678,0.014033878,-0.01914971,0.012178427,0.0068844,-0.00308966,-0.043864767,0.019275877,0.023237415,-0.020049937,0.021655266,0.062756743,0.044909483,0.04435999,0.013999698,0.392744326,0.160046466,0.139841272,0.002736522,0.356152705,0.121517665,0.099802711,0.009239236,0.314009799,0.104155309,0.087345238
410,H,0,-0.5436318,0.324576237,0.190948385,0.169521577,0.015032205,0.252066917,0.13173238,0.125868055,8.96e-07,0.067391684,0.010251895,0.00769998,-0.102097777,0.027618037,0.010155559,-0.006245694,-0.176131269,0.038323297,0.027424508,-0.021901366,0.013868081,0.234150085,0.043430269,0.041447958,0.012681225,0.668485222,0.203058515,0.155323159,0.003315062,0.385839358,0.112440319,0.074203351,0.007489555,0.608929609,0.169085585,0.123912627
410,H,1,-0.5436318,0.284731787,0.198284429,0.17988581,0.008051561,0.252066917,0.139790325,0.136722654,1.86e-07,0.045270812,0.008934231,0.006668027,-0.102097777,0.027618037,0.009935746,-0.006456002,-0.176131269,0.038323297,0.028677546,-0.024341281,0.013868081,0.234150085,0.044405262,0.042788865,0.012681225,0.668485222,0.162467644,0.122431774,0.004684851,0.351611989,0.090569436,0.063213348,0.007489555,0.608929609,0.134881106,0.096035194
410,H,2,-0.614293594,0.269522819,0.188887297,0.180992759,0.008051561,0.195777061,0.139574709,0.136318581,1.86e-07,0.08095619,0.009235758,0.00628917,-0.076171627,0.01197457,0.007914459,-0.005010286,-0.127206346,0.048699363,0.027404893,-0.023471669,0.014558083,0.172596132,0.042506497,0.041139631,0.012120752,0.56242277,0.146960203,0.118757366,0.003784521,0.320205527,0.088080283,0.067807822,0.009203185,0.462773329,0.117639981,0.088527097
410,L,0,-0.240921332,0.400845752,0.147182586,0.136768058,0.014219599,0.236901041,0.140894033,0.136726962,1.57e-06,0.111380196,0.01386586,0.010006377,-0.063041468,0.046849235,0.007670234,-0.004735814,-0.106792297,0.069290604,0.02434348,-0.021443366,0.015107735,0.158179303,0.041612683,0.040840627,0.008451415,0.816311258,0.162817889,0.101828566,0.003110266,0.544566659,0.106835513,0.063396038,0.005907085,0.657977604,0.122865122,0.072827167
410,L,1,-0.318731251,0.234324234,0.158390901,0.152159672,0.016982738,0.250091859,0.146371193,0.143344871,6.22e-06,0.111380196,0.012831038,0.008475368,-0.047847641,0.009216224,0.006308258,-0.00416896,-0.059829369,0.0329362,0.024720078,-0.021901424,0.01539217,0.094558655,0.041359779,0.040722338,0.009143178,0.492021439,0.110298257,0.086309019,0.003252577,0.258921478,0.06522748,0.050602606,0.005907085,0.419722005,0.08894426,0.063540473
410,L,2,-0.318731251,0.235454389,0.169977639,0.165727084,0.016982738,0.250091859,0.148984753,0.145451543,6.22e-06,0.019651133,0.008379424,0.006613098,-0.035666614,0.009216224,0.0066073,-0.004670833,-0.052145951,0.01400923,0.0250797,-0.022232744,0.01539217,0.071425599,0.041542545,0.040909258,0.010788342,0.315005392,0.098420434,0.084661278,0.002303812,0.180910114,0.056702974,0.044560165,0.007794283,0.283357719,0.08044473,0.064561427
410,M,0,-0.296466131,0.296032194,0.14127179,0.132185807,0.007898287,0.252126577,0.131345834,0.124435632,2.67e-07,0.0902789,0.012169345,0.008829183,-0.068347692,0.012974678,0.006902694,-0.004878328,-0.10056307,0.02609219,0.025390644,-0.021420199,0.016733877,0.149257125,0.042618038,0.041846129,0.012747034,0.461545686,0.162027172,0.130728271,0.003370894,0.297959787,0.080750273,0.062503221,0.006752427,0.448529912,0.140471342,0.104831644
410,M,1,-0.296466131,0.242742027,0.159900839,0.154411254,0.01736955,0.273669174,0.138971068,0.136251042,3.46e-06,0.0902789,0.012615889,0.00975371,-0.068347692,0.012974678,0.007232892,-0.00511578,-0.10056307,0.02609219,0.031956541,-0.029224574,0.016733877,0.149257125,0.046387119,0.045551992,0.012747034,0.45713182,0.121718487,0.09742101,0.003370894,0.198307925,0.051168769,0.038911468,0.006752427,0.448529912,0.110440695,0.082475186
410,M,2,-0.315038192,0.249053026,0.171381398,0.168329205,0.023020275,0.273669174,0.136396722,0.134915231,3.46e-06,0.019237528,0.009375298,0.007818787,-0.048368456,0.010475537,0.007347481,-0.005420483,-0.058720908,0.017677255,0.03749364,-0.035855715,0.020105919,0.096247933,0.049724996,0.049143521,0.012571693,0.292038837,0.088085304,0.079172258,0.00289081,0.164585817,0.037835216,0.029967143,0.006786692,0.241503959,0.079545693,0.06960804
411,H,0,-0.139162828,0.077277602,0.067663281,-0.062609637,0.012120162,0.179510398,0.151679168,0.147795711,7.62e-07,0.153238483,0.01741549,0.007837621,-0.015492817,0.007612344,0.006193585,-0.003706795,-0.033519928,0.021805314,0.017543551,-0.015117067,0.020204379,0.048116875,0.0367963,0.036553725,0.019855639,0.472116492,0.1486581,0.128152029,0.002417621,0.245845114,0.07694981,0.061339081,0.005103568,0.403094117,0.127192599,0.105202329
411,H,1,-0.121815761,0.083876875,0.071694665,-0.065711929,0.012120162,0.179510398,0.148439677,0.143485949,4.08e-07,0.153238483,0.023559493,0.010247421,-0.016025969,0.008690015,0.006198456,-0.003469332,-0.032404603,0.019992295,0.017762681,-0.01465595,0.020204379,0.048116875,0.03729532,0.037052427,0.01580713,0.456175844,0.160862201,0.136357035,0.002417621,0.276577839,0.076012999,0.061375931,0.01000698,0.403094117,0.141769784,0.115208253
411,H,2,-0.176658271,0.083876875,0.086390257,-0.079970178,0.015425147,0.180436547,0.142828447,0.137745624,2.85e-07,0.191808792,0.021038852,0.008438237,-0.016025969,0.009426047,0.005613388,-0.002590095,-0.036943772,0.022223664,0.018992667,-0.015283716,0.024292581,0.048356933,0.038123069,0.037918791,0.013211463,0.447677574,0.174643377,0.142174948,0.003316908,0.378089284,0.097984736,0.073716671,0.00888822,0.38978928,0.144565904,0.10985087
411,L,0,-0.206372737,0.081018345,0.09097928,-0.085305753,0.007816893,0.181641653,0.14838581,0.145822434,3.19e-10,0.13211729,0.018305482,0.00679259,-0.016258516,0.010324841,0.005969433,-0.003127064,-0.037515034,0.026518451,0.019086944,-0.017309705,0.022944617,0.04887976,0.037166433,0.036959559,0.007227998,0.582988639,0.142645082,0.102555619,0.002565806,0.279980403,0.066661428,0.046171738,0.006652895,0.542522898,0.12611056,0.084426122
411,L,1,-0.170697578,0.081018345,0.090084245,-0.087028797,0.013249169,0.179027005,0.147040979,0.145505318,3.19e-10,0.153946483,0.012208414,0.005757692,-0.016258516,0.010324841,0.006382514,-0.003396861,-0.034975367,0.025287193,0.020120088,-0.018804049,0.025093724,0.053484464,0.038443695,0.038232192,0.012681008,0.573686231,0.115620061,0.088863018,0.002565806,0.33555717,0.06027892,0.043700006,0.005761486,0.535568258,0.098663318,0.071593506
411,L,2,-0.170697578,0.07585251,0.094702068,-0.091175563,0.004990189,0.172317556,0.141480754,0.138726081,3.33e-09,0.153946483,0.016828893,0.008388852,-0.01553748,0.010043157,0.006002247,-0.002348635,-0.034837166,0.026323523,0.020682836,-0.018331734,0.025093724,0.053484464,0.038717622,0.038545335,0.011222782,0.573686231,0.138667993,0.100728897,0.00317034,0.33555717,0.06877609,0.048748821,0.005761486,0.489308136,0.120410389,0.081876588
411,M,0,-0.151871044,0.089126075,0.080979483,-0.07352096,0.016164004,0.182477727,0.144271527,0.13968641,6.61e-07,0.122884001,0.013931616,0.007116472,-0.016856476,0.009891488,0.006572838,-0.003534726,-0.035481931,0.022199374,0.019230798,-0.016365692,0.027153089,0.049112998,0.038365467,0.038148172,0.014123177,0.520524277,0.174482992,0.148705146,0.002271586,0.28326372,0.09157001,0.077567333,0.009984906,0.486090588,0.14852356,0.116004674
411,M,1,-0.188076916,0.10205966,0.09188934,-0.084022715,0.014661319,0.181357506,0.140464216,0.136018548,1.43e-06,0.122884001,0.01450592,0.007053419,-0.016856476,0.00838753,0.006239511,-0.00359803,-0.040122313,0.022199374,0.020352388,-0.017237148,0.023544215,0.050423316,0.038977836,0.03877976,0.011810266,0.597841787,0.191500729,0.154437152,0.002271586,0.28326372,0.086886462,0.067668444,0.007132172,0.561681661,0.170655418,0.12954607
411,M,2,-0.188076916,0.108462353,0.081040457,-0.067620559,0.014661319,0.182758999,0.141344248,0.136660248,1.68e-06,0.155317365,0.024859496,0.010980372,-0.016431707,0.010530284,0.005420353,-0.002421523,-0.040122313,0.021221057,0.021382609,-0.018062997,0.023544215,0.050423316,0.038645618,0.038449682,0.011810266,0.597841787,0.20132068,0.157726505,0.002628812,0.299740594,0.088527164,0.068142369,0.007132172,0.561681661,0.18081194,0.134251194
412,H,0,-0.238840259,0.100667133,0.071638679,-0.012746811,0.008029713,0.199751219,0.133478559,0.126341877,1.48e-07,0.354046104,0.049088922,0.015167544,-0.018653635,0.009540619,0.005878066,-0.003329866,-0.050781459,0.012838787,0.028878618,-0.025321327,0.019619967,0.065294778,0.046101203,0.045379834,0.013085112,0.760056593,0.22679386,0.188518565,0.004055193,0.501089504,0.147404984,0.12159536,0.009757869,0.695476535,0.172357842,0.126987011
412,H,1,-0.220405595,0.100667133,0.055130575,-0.013158389,0.007433011,0.188408579,0.137882195,0.131612457,4e-07,0.18702653,0.023415585,0.009214634,-0.015794696,0.009639967,0.005279778,-0.002280257,-0.049868062,0.012838787,0.03096342,-0.027934145,0.018197129,0.06530393,0.047960137,0.047306236,0.013085112,0.660401133,0.222636441,0.190523932,0.004055193,0.501089504,0.134479876,0.100150232,0.009757869,0.557431834,0.177432094,0.149265019
412,H,2,-0.220225338,0.091286332,0.06225547,-0.019744261,0.006188522,0.191241818,0.13430383,0.125625945,2.33e-06,0.174996613,0.029761962,0.01413253,-0.015918884,0.009639967,0.004641375,-0.001343875,-0.049675761,0.014674157,0.030302801,-0.026430947,0.018197129,0.06530393,0.047208294,0.046421979,0.017779746,0.70040434,0.241752751,0.204765677,0.003606055,0.429023698,0.135986218,0.103534079,0.010254532,0.626315158,0.199880317,0.167341679
412,L,0,,,,,0.002024153,0.206110929,0.120075424,0.108754485,1.62e-07,0.041635406,0.007374356,0.005105323,-0.120537835,0.010081468,0.015666596,-0.007561955,-0.137387053,0.037748313,0.022424467,-0.014628315,0.001162172,0.184811076,0.045303105,0.042662735,0.014971237,3.23396759,0.751938176,0.542438712,0.003387878,2.807684039,0.458898845,0.276651014,0.013758331,3.06086369,0.595670102,0.402312477
412,L,1,-0.290241522,0.074563163,0.061528506,-0.024654442,0.009373902,0.200901177,0.139909536,0.132722487,2.25e-07,0.205135523,0.020001316,0.006581901,-0.019289599,0.01120949,0.007415816,-0.005351593,-0.050140228,0.019900961,0.022227515,-0.016399875,0.024894228,0.065207765,0.043706745,0.043012601,0.014971237,0.608147458,0.250001223,0.210529396,0.003387878,0.402523167,0.133113638,0.10513074,0.013758331,0.550521686,0.211616093,0.172179826
412,L,2,-0.21589402,0.074563163,0.047927507,-0.020555496,0.009373902,0.190606251,0.144739519,0.139983534,3.38e-07,0.209749452,0.028903007,0.010518328,-0.019289539,0.011810202,0.007362937,-0.004898273,-0.050140228,0.00979368,0.022495825,-0.018445828,0.023315904,0.064359207,0.044906554,0.044355464,0.019494153,0.608147458,0.266046532,0.239020347,0.00399545,0.48619985,0.157755526,0.126126232,0.006508559,0.490326865,0.214228736,0.189248814
412,L,3,-0.246120272,0.077171953,0.05488783,-0.028966096,0.009790651,0.193125969,0.144417896,0.139690462,3.38e-07,0.209749452,0.027167848,0.011668422,-0.024114322,0.011810202,0.007520349,-0.004933693,-0.054016012,0.01261251,0.025290711,-0.020681785,0.023315904,0.067241655,0.046857774,0.046203204,0.020200988,0.626701973,0.313177238,0.295893563,0.003446309,0.48619985,0.155699647,0.11922,0.006508559,0.621753605,0.271730753,0.251945008
412,M,0,-0.46024425,0.152217026,0.121944375,-0.063412717,0.009190918,0.185301864,0.138896155,0.133061554,1.51e-09,0.150512451,0.012005079,0.005414183,-0.019803322,0.010877266,0.005538317,-0.003196509,-0.0601724,0.018765858,0.028945305,-0.025675836,0.021282311,0.07351745,0.047717874,0.047019823,0.018182981,1.214510668,0.356205787,0.242218048,0.003203564,0.957168959,0.223272624,0.151339602,0.01138273,1.066859098,0.277546208,0.163137534
412,M,1,-0.218185928,0.087045925,0.060815441,-0.039403532,0.009867523,0.199415662,0.143981958,0.140481432,1.51e-09,0.150512451,0.020451911,0.009174518,-0.021149008,0.009131122,0.005313185,-0.002616102,-0.050184013,0.014103635,0.032504263,-0.030521197,0.022507202,0.065170487,0.049978924,0.049468991,0.021859914,0.646914138,0.178663237,0.147265727,0.003203564,0.409105456,0.117640337,0.094762931,0.009560539,0.522529573,0.134466738,0.099267962
412,M,2,-0.224899845,0.077684118,0.073955182,-0.050374497,0.012293111,0.199415662,0.143295808,0.140584454,2.06e-06,0.176850246,0.028371125,0.014711878,-0.021149008,0.010779522,0.006244362,-0.003184846,-0.050228672,0.008956689,0.033151449,-0.031349479,0.022507202,0.065170487,0.050743013,0.050292181,0.024591686,0.665393632,0.186441126,0.160836633,0.004191802,0.461251536,0.144486407,0.113631243,0.009417945,0.510967778,0.117830266,0.093500568
413,H,0,-0.429981657,0.281612537,0.239823551,-0.219625015,0.001226663,0.217419624,0.151156838,0.142381651,9.37e-06,0.354952986,0.072270399,0.046666705,-0.020003129,0.007693113,0.007546222,-0.00597143,-0.052971591,0.029464816,0.023730421,-0.017893407,0.016349255,0.06491528,0.044971908,0.044243283,0.03185659,1.351270987,0.368528918,0.31398452,0.00469432,0.524896518,0.225379013,0.191606185,0.008300564,1.30120823,0.29157823,0.187796838
413,H,1,-0.429981657,-0.045252889,0.188238141,-0.180270819,0.002784135,0.22006947,0.153740638,0.143718909,2.89e-05,0.354952986,0.07701656,0.050749408,-0.020003129,0.007693113,0.007743383,-0.006519072,-0.051068198,0.02440959,0.020580975,-0.014973608,0.019141383,0.064758823,0.043790785,0.043046401,0.015552463,0.88731033,0.311698139,0.269214523,0.004114237,0.419619569,0.176374826,0.144497839,0.008300564,0.887052852,0.256997374,0.18952899
413,H,2,-0.356260278,-0.039572554,0.178933547,-0.172998056,0.005786459,0.22006947,0.157509752,0.147400883,1.75e-06,0.301745553,0.058669,0.036417066,-0.020894049,0.010246385,0.007473152,-0.005939039,-0.047270541,0.02440959,0.019007831,-0.013543175,0.018648804,0.064758823,0.04271306,0.042059339,0.015552463,0.884668218,0.312186072,0.279746871,0.004114237,0.458308702,0.165891405,0.136921054,0.008038203,0.853023277,0.264462068,0.225433951
413,L,0,-0.593581998,0.427518018,0.207606078,-0.159066331,0.002605577,0.249747102,0.136264405,0.125741758,0.000106949,0.294109031,0.078433318,0.058204149,-0.055123393,0.03533705,0.009102089,-0.005297093,-0.12810291,0.027223159,0.021608214,-0.013375718,0.014495571,0.175407389,0.043454897,0.042272839,0.026156338,3.031686684,0.968735799,0.662695085,0.005503573,1.464003973,0.450436972,0.347804979,0.011314114,2.755771455,0.857645372,0.50803444
413,L,1,-0.487579028,-0.060857585,0.255799345,-0.242092265,0.002605577,0.210756845,0.144164957,0.135661751,5.08e-05,0.294109031,0.075347139,0.052159096,-0.020366137,0.004946662,0.007964495,-0.006756344,-0.043326401,0.026183855,0.022954032,-0.017073642,0.016621282,0.061204483,0.043997555,0.043323392,0.025408725,1.100907946,0.370538938,0.317978938,0.007883511,0.587636459,0.275133892,0.239377006,0.011314114,1.004303521,0.248194372,0.17941925
413,L,2,-0.487579028,-0.040040423,0.228190956,-0.205207567,0.004321424,0.208891869,0.155975305,0.15064591,5.08e-05,0.082265168,0.033506818,0.028401807,-0.020366137,0.007013307,0.007565499,-0.006208375,-0.043268059,0.026183855,0.021282872,-0.017866973,0.020930962,0.061204483,0.043902055,0.04335053,0.025408725,1.100907946,0.430177941,0.381483184,0.007883511,0.510131232,0.235696249,0.198356085,0.016973383,1.004303521,0.359861556,0.297669528
413,M,0,-0.363873134,0.642433443,0.182569887,-0.126256127,0.003712958,0.223038863,0.148958934,0.136789971,6.28e-06,0.29285063,0.046058528,0.027405218,-0.033735616,0.027739306,0.008538647,-0.006832881,-0.075837574,0.023519463,0.019516266,-0.013122315,0.017774501,0.111531121,0.043105589,0.042223516,0.025462989,2.451725758,0.614784273,0.389823399,0.004965266,2.195001036,0.453009582,0.236684567,0.007857678,1.62285798,0.41562245,0.261809485
413,M,1,-0.342773392,0.047487809,0.21436864,-0.204708602,0.010478741,0.214112766,0.15604927,0.148339017,5.17e-06,0.29285063,0.050892523,0.031292492,-0.026339936,0.006498035,0.010784994,-0.009119122,-0.04955255,0.022844776,0.017666239,-0.01206904,0.016966236,0.06359384,0.043474555,0.042836702,0.025462989,0.740573572,0.246701591,0.20922578,0.005130884,0.363052095,0.096076889,0.075297806,0.011963359,0.689980184,0.227224353,0.184817227
413,M,2,-0.35956091,-0.006531937,0.240387115,-0.230212317,0.001571111,0.218407574,0.152707586,0.144952365,5.17e-06,0.397411464,0.05669663,0.031227993,-0.026339936,0.005929541,0.010547736,-0.008902696,-0.043267278,0.024380432,0.018244457,-0.012949488,0.016966236,0.060616601,0.044092352,0.043484985,0.02121092,0.784815186,0.267254942,0.23191715,0.005502777,0.565834889,0.153203026,0.112098749,0.00958281,0.75791796,0.218984102,0.172225474
414,H,0,-0.096526726,0.082710261,0.035364675,-0.023075207,0.001967059,0.210697455,0.172531677,0.163324445,1.31e-06,0.142754778,0.015158941,0.010515221,-0.023856152,0.009203104,0.006590705,-0.004062657,-0.038649064,0.025713361,0.017084619,-0.013376175,0.028444032,0.061378985,0.042443881,0.042127187,0.010840576,0.191226139,0.075034111,0.066293781,0.001683088,0.105317982,0.042477066,0.036236671,0.005543636,0.190966008,0.061853187,0.049329016
414,H,1,-0.106012612,0.062078613,0.048760896,-0.041686082,0.001967059,0.210697455,0.178958664,0.172855223,1.31e-06,0.146611508,0.024458649,0.014168477,-0.018985385,0.009203104,0.006186853,-0.003567313,-0.035683615,0.023221525,0.01676823,-0.014570002,0.028936258,0.060087392,0.043823153,0.04356617,0.010840576,0.124551589,0.063427472,0.057751958,0.002035319,0.105317982,0.043675459,0.036845336,0.005543636,0.121194821,0.045994549,0.038463609
414,H,2,-0.10742668,0.053359817,0.052020374,-0.046190047,0.004954638,0.215085295,0.180887628,0.175854647,2.4e-08,0.173559403,0.024289887,0.012379338,-0.020768961,0.007562389,0.007405525,-0.004742958,-0.042584674,0.015426577,0.016184662,-0.014338348,0.028936258,0.061282419,0.045555182,0.045249248,0.013113542,0.138845863,0.060752649,0.056699554,0.002035319,0.097848946,0.038781601,0.033050238,0.006604365,0.120355456,0.046764001,0.040616169
414,L,0,-0.048037114,0.10433499,0.020086142,0.009444054,0.010885733,0.211632931,0.173040741,0.164716505,1.26e-07,0.031994806,0.011196708,0.009294749,-0.020460583,0.010078306,0.006720289,-0.003029983,-0.039070798,0.023206885,0.016040711,-0.012881097,0.023828567,0.057987859,0.040566292,0.040254677,0.009712475,0.201272222,0.093645013,0.08177002,0.00380951,0.07642471,0.033905176,0.028612834,0.005993964,0.186602251,0.087291623,0.074077237
414,L,1,-0.033680106,0.105521585,0.024489365,0.016115907,0.017432603,0.211632931,0.182093904,0.178803165,3.19e-06,0.155894007,0.01656876,0.011357042,-0.020460583,0.01048278,0.007430368,-0.002779245,-0.039070798,0.019717899,0.017619497,-0.015822648,0.028460887,0.056970645,0.042067501,0.041762552,0.009712475,0.149131376,0.074266054,0.066676168,0.004464255,0.084453376,0.032921808,0.027914,0.005852772,0.145608822,0.066570274,0.057424238
414,L,2,-0.019464521,0.112511593,0.02886465,0.019311493,0.010528371,0.211387473,0.18021208,0.176152271,3.11e-06,0.180533835,0.019679823,0.012341676,-0.019627001,0.013535835,0.008155295,-0.004062037,-0.038048086,0.021099584,0.017131378,-0.014685274,0.029024308,0.056970645,0.042824696,0.042539368,0.010758994,0.196143705,0.093377402,0.083313673,0.002519942,0.140860591,0.042058387,0.034443019,0.005459928,0.175973714,0.083369246,0.071363522
414,M,0,-0.095043465,0.104240655,0.029787495,-0.005936428,0.005873931,0.210228516,0.16948934,0.160963473,1.25e-06,0.339299414,0.02591897,0.013741636,-0.019204465,0.010596475,0.00611951,-0.002851633,-0.03909926,0.019050702,0.016914783,-0.014022176,0.028339627,0.059252015,0.042828915,0.042538481,0.011374782,0.225641142,0.109025958,0.098301918,0.00286474,0.16040108,0.055584928,0.047718424,0.008349805,0.218893202,0.093792192,0.080513859
414,M,1,-0.104445587,0.104240655,0.046774059,-0.03470682,0.005143656,0.209517999,0.168476241,0.159929822,1.25e-06,0.339299414,0.025202565,0.014036295,-0.018942584,0.008968124,0.005682823,-0.002313044,-0.03909926,0.019058433,0.017691567,-0.01495902,0.028339627,0.056014304,0.042733494,0.042460332,0.011041467,0.214698449,0.095475769,0.081208428,0.002139643,0.16040108,0.046724948,0.036752161,0.005436559,0.198170088,0.083261045,0.067632496
414,M,2,-0.104445587,0.036203838,0.05519156,-0.050368704,0.005143656,0.205064684,0.175098883,0.169748455,5.37e-07,0.184773213,0.018244461,0.010991088,-0.018942584,0.008587554,0.006473858,-0.002822159,-0.035234818,0.021076671,0.017289803,-0.015140172,0.029646616,0.057351955,0.043061925,0.042825349,0.011041467,0.200697556,0.060290068,0.053868674,0.002139643,0.114380875,0.031309156,0.025494058,0.005436559,0.164913687,0.051523093,0.044451009
415,H,0,-0.1459176,0.240975741,0.0663278,-0.029140362,0.003853098,0.222184696,0.170473653,0.161864256,5.28e-11,0.164188617,0.029914083,0.012106477,-0.021130838,0.010372405,0.006312924,-0.001958163,-0.043777682,0.015462474,0.024024444,-0.020733824,0.020018458,0.064883898,0.046220317,0.045600737,0.008667462,0.376224092,0.094506399,0.076620471,0.001563636,0.267160147,0.063650618,0.044925257,0.006518181,0.267022629,0.069857413,0.055294364
415,H,1,-0.109336033,0.089535576,0.055174074,-0.038829756,0.008412776,0.222184696,0.175065785,0.168396886,6.42e-14,0.175545936,0.044309705,0.021792765,-0.017472578,0.013349373,0.006604847,-0.001205422,-0.046171543,0.018062742,0.024364202,-0.021230511,0.023297723,0.064883898,0.046708057,0.046126104,0.008406442,0.155422854,0.06350255,0.055465679,0.001148983,0.101499926,0.033739926,0.026284542,0.006518181,0.155062345,0.053797688,0.043731371
415,H,2,-0.124808405,0.061086526,0.064034261,-0.053979021,0.006746582,0.22178877,0.175601993,0.167071556,6.42e-14,0.175545936,0.046560093,0.025001149,-0.01647548,0.013349373,0.005882573,8.08e-05,-0.046171543,0.018062742,0.02309718,-0.019733517,0.023297723,0.063656328,0.044361528,0.043734462,0.008406442,0.165241216,0.075497458,0.067215286,0.001148983,0.138898983,0.048854552,0.039378828,0.006492735,0.155266151,0.057559525,0.046867087
415,L,0,-0.122177667,0.134856473,0.074345914,-0.056882433,0.008308749,0.207474836,0.161051789,0.154028369,1.66e-07,0.019154805,0.006913299,0.004892429,-0.015557293,0.011834751,0.00455928,0.000208419,-0.044492405,0.019735471,0.027279111,-0.024121189,0.022149205,0.061150936,0.046531009,0.046037144,0.00751657,0.251280611,0.094782249,0.080217154,0.002542679,0.249267489,0.069459054,0.048537801,0.006182625,0.169467172,0.064491198,0.056008719
415,L,1,-0.229162274,-0.010227212,0.083178711,-0.077523872,0.009902903,0.219794599,0.165970755,0.159523599,1.66e-07,0.180881737,0.042766187,0.019414344,-0.015437354,0.011834751,0.004784373,-0.000502036,-0.045123284,0.019735471,0.027069674,-0.024548012,0.022149205,0.064265826,0.047493865,0.046973198,0.00751657,0.190753033,0.065982091,0.057332562,0.002542679,0.123082812,0.039877671,0.032581259,0.005748989,0.181454746,0.052568124,0.041943852
415,L,2,-0.229162274,-0.010227212,0.093967397,-0.08855163,0.009902903,0.219794599,0.174069363,0.169523525,4.28e-07,0.180881737,0.042965236,0.020736017,-0.015437354,0.011035193,0.004835131,-0.000619106,-0.045123284,0.013026089,0.026618984,-0.024822325,0.022873928,0.064265826,0.048180904,0.047748325,0.008754432,0.195476083,0.072722298,0.064894905,0.001902056,0.123082812,0.049749025,0.043699328,0.003994485,0.181454746,0.053043068,0.040891004
415,M,0,-0.137360237,0.020258695,0.057036173,-0.046037853,0.00457839,0.216010304,0.17054273,0.164518936,1.61e-08,0.185600622,0.011160163,0.004586431,-0.014098296,0.01253275,0.00516901,0.001117156,-0.04454184,0.017552245,0.025310023,-0.022415878,0.022877368,0.06582523,0.045291205,0.044727878,0.009299765,0.266742184,0.097879206,0.074725643,0.001928442,0.238844818,0.069998302,0.044843809,0.004597397,0.261692518,0.068414741,0.048556266
415,M,1,-0.137360237,-0.008891507,0.077877963,-0.073999434,0.00457839,0.21516005,0.173080964,0.16844269,3.49e-09,0.2503783,0.04546546,0.02073186,-0.014049852,0.01253275,0.005515448,0.001104342,-0.042907624,0.016779963,0.027077623,-0.025266441,0.022596513,0.063089108,0.047264463,0.046860504,0.009548198,0.266742184,0.072211975,0.054946382,0.001715264,0.119928347,0.032028281,0.026103205,0.004597397,0.261692518,0.064720618,0.04370685
415,M,2,-0.126610632,-0.016300886,0.075197368,-0.072508119,0.011849338,0.20659622,0.165578642,0.159285989,3.49e-09,0.2503783,0.052741478,0.027901647,-0.014686351,0.012488921,0.00503035,0.000456205,-0.043866153,0.018228986,0.027780488,-0.024956914,0.022596513,0.0642523,0.047374455,0.046839715,0.009548198,0.214286525,0.065640764,0.057452748,0.001715264,0.120188344,0.045874074,0.037846867,0.00502492,0.198100194,0.046949752,0.036536211
416,H,0,-0.161698584,0.000143059,0.069612875,-0.063696021,0.021309411,0.21869144,0.165247674,0.159331701,2.24e-08,0.113838161,0.015098044,0.006872678,-0.019136198,0.010562985,0.008292613,-0.005913433,-0.050417343,0.017309633,0.031186498,-0.02766355,0.030537659,0.069834109,0.056312589,0.055819158,0.009196478,0.337610657,0.097358872,0.077425578,0.00225434,0.216137572,0.050662384,0.038628642,0.004904396,0.322949154,0.083138876,0.062179513
416,H,1,-0.161698584,-0.002126559,0.082281198,-0.078267853,0.025936141,0.216261268,0.169091716,0.164470901,6.37e-07,0.123900901,0.015199441,0.006686294,-0.018660092,0.011645042,0.007733762,-0.004708719,-0.047526833,0.017309633,0.031714949,-0.028899011,0.025355396,0.069834109,0.05533358,0.054903945,0.009196478,0.320221853,0.069827285,0.055880907,0.002231339,0.263681082,0.044100418,0.031200244,0.004904396,0.228319831,0.054138736,0.042274879
416,H,2,-0.137361085,-0.002126559,0.075623112,-0.070176664,0.029487275,0.219299356,0.177392564,0.17339125,1.56e-07,0.123900901,0.019926018,0.008448,-0.017078032,0.013242341,0.00672009,-0.002938226,-0.04223775,0.017004775,0.028346187,-0.025920588,0.025355396,0.065597622,0.05108402,0.050748558,0.010180688,0.320221853,0.083909129,0.068997807,0.002231339,0.263681082,0.049613853,0.037229668,0.006279144,0.2333151,0.067669842,0.053291015
416,L,0,-0.646112776,0.076412552,0.063599505,-0.049227141,0.042213903,0.319516419,0.183091198,0.178546717,6.8e-08,0.11364032,0.019168836,0.008378391,-0.104741196,0.010755771,0.008061036,-0.005400452,-0.053251794,0.0169611,0.024081244,-0.022107433,0.031646263,0.216355301,0.052747134,0.052183898,0.005480476,2.786986067,0.200730871,0.088667806,0.001415524,2.257438287,0.142915431,0.03921448,0.004504976,1.635573773,0.140954114,0.071963886
416,L,1,-0.129901164,-0.012417002,0.062758573,-0.057822743,0.042213903,0.216906007,0.183703059,0.179557397,7.4e-10,0.11364032,0.013266578,0.0046726,-0.017158,0.00837312,0.007243608,-0.004750281,-0.042770522,0.0169611,0.022893925,-0.021419611,0.031636775,0.064003731,0.050345826,0.050077274,0.005480476,0.194270966,0.052954216,0.04522229,0.001415524,0.145989671,0.032571385,0.024316082,0.004504976,0.128172634,0.041752292,0.034061974
416,L,2,-0.129901164,-0.013951126,0.065516814,-0.061378801,0.029376763,0.213106916,0.185368416,0.18215956,7.4e-10,0.103320332,0.012337945,0.005237442,-0.018597307,0.008533127,0.006773775,-0.00333315,-0.045391976,0.015363487,0.023247428,-0.022017932,0.031636775,0.064003731,0.048215874,0.047971059,0.006178704,0.227899874,0.070870839,0.061520545,0.001876143,0.145989671,0.034504689,0.02578015,0.004815785,0.218512113,0.061903975,0.051979284
416,M,0,-0.130322833,0.050080717,0.067625698,-0.061903984,0.012238392,0.221055386,0.1626408,0.155910438,1.1e-09,0.107772128,0.013570132,0.006077007,-0.02103707,0.011907074,0.006618156,-0.002939674,-0.051444024,0.022451102,0.030658434,-0.026523673,0.021359978,0.075163892,0.05438059,0.053788665,0.009290245,0.258441938,0.117837825,0.097203664,0.001834553,0.254375218,0.044456857,0.02936197,0.006298614,0.250048343,0.109129927,0.085646299
416,M,1,-0.156514847,-0.013958466,0.078942372,-0.075067198,0.01817106,0.21386325,0.16611545,0.159773234,2.25e-07,0.119415583,0.019151563,0.009358687,-0.02053836,0.011907074,0.007585802,-0.003086756,-0.045924984,0.018983278,0.030585238,-0.02676436,0.032619308,0.070757368,0.055462057,0.054944923,0.008280243,0.236335748,0.072772457,0.059165869,0.001834553,0.106765607,0.030896655,0.024865885,0.004924269,0.213447813,0.06588799,0.050188111
416,M,2,-0.156514847,-0.013958466,0.078727583,-0.075857554,0.01817106,0.209106392,0.166638406,0.162363889,2.25e-07,0.119415583,0.014570745,0.006825107,-0.02053836,0.011114643,0.008831372,-0.005557146,-0.046299411,0.018983278,0.032736147,-0.030104365,0.032619308,0.070757368,0.057552339,0.057153551,0.0081289,0.236335748,0.061637713,0.051892873,0.002067717,0.112219905,0.032440972,0.02646541,0.004924269,0.213447813,0.052409836,0.04007388
417,H,0,-0.065074227,1.251145988,0.266869981,0.172033061,0.011176581,0.833530434,0.16419528,0.154460178,5.04e-09,0.258068379,0.037313151,0.015940524,-0.149876965,0.043717678,0.009514901,-0.000666454,-0.170875096,0.059936128,0.023777148,-0.020224141,0.016066137,0.25671254,0.044711795,0.042728431,0.014258394,8.097918103,0.854701558,0.405038038,0.004562567,7.849415644,0.719966157,0.274734171,0.008585103,2.114055086,0.460612077,0.2518341
417,H,1,-0.033238518,0.161452695,0.112087788,0.105651755,0.018183216,0.202512133,0.16158799,0.156634484,5.04e-09,0.1927391,0.033996852,0.014929914,-0.013187072,0.009143761,0.004405695,-0.00209175,-0.040062082,0.014510808,0.022989653,-0.021104289,0.020887734,0.059120999,0.043288468,0.042765837,0.014258394,0.768352924,0.216626965,0.179936225,0.004562567,0.356610746,0.119336088,0.101541835,0.008585103,0.745093698,0.180793086,0.135737794
417,H,2,-0.095683108,0.181938308,0.113442587,0.104131325,0.017525115,0.202512133,0.156061665,0.15035223,1.69e-06,0.1927391,0.049872195,0.026518692,-0.020742995,0.009143761,0.004690461,-0.002442809,-0.040945781,0.014510808,0.023268359,-0.021026789,0.022128087,0.062335451,0.043533985,0.04296794,0.014458404,0.904254092,0.266468168,0.218614185,0.004643356,0.500263154,0.131703268,0.107643213,0.010375457,0.754805086,0.231645276,0.179216828
417,L,0,-0.249297639,0.718543782,0.136281007,0.113124678,0.001154977,0.227658677,0.156418306,0.15024317,4.11e-08,0.186844562,0.032840736,0.014714607,-0.01865484,0.012522794,0.004820281,-0.002502044,-0.046182766,0.017409651,0.019680752,-0.017503744,0.020437636,0.058579352,0.042569442,0.042031023,0.010748173,1.622587904,0.304922648,0.218541659,0.002893522,1.473653451,0.224028081,0.158136814,0.008073132,0.767783542,0.206855602,0.131694356
417,L,1,-0.077573099,0.211989295,0.117407309,0.112411121,0.012996696,0.208482385,0.166728677,0.16268884,7.55e-10,0.153112426,0.026967935,0.010921232,-0.018081807,0.009914256,0.004114955,-0.002050977,-0.040090764,0.015080503,0.020274866,-0.018356526,0.017736701,0.057339301,0.043552278,0.043129202,0.010748173,0.851012364,0.208379039,0.133400432,0.002893522,0.444420237,0.116596025,0.080297914,0.007873995,0.735247459,0.172705503,0.092212745
417,L,2,-0.09688338,0.207930384,0.114486025,0.110378195,0.014074653,0.20444264,0.165864447,0.162055337,7.55e-10,0.171470572,0.027457173,0.01092988,-0.018081807,0.012860865,0.003823758,-0.00172308,-0.041957899,0.015080503,0.019417596,-0.017478022,0.017736701,0.057493446,0.043434408,0.043003933,0.009849656,0.818850944,0.191153893,0.132372206,0.003732751,0.415773449,0.099893206,0.073418828,0.007873995,0.781875752,0.162975944,0.099998759
417,M,0,-0.070308067,0.444483746,0.123820587,0.114001036,0.004709131,0.209941229,0.158210299,0.152370512,2.27e-08,0.214942879,0.040703858,0.019674552,-0.016767102,0.015438611,0.005325096,-0.001284643,-0.056912182,0.014261209,0.019558985,-0.017084295,0.013329502,0.06940422,0.042053338,0.041525897,0.011693159,0.976220832,0.296808532,0.231659432,0.003515443,0.872761711,0.169240029,0.135695366,0.008097332,0.9548388,0.243830099,0.16430678
417,M,1,-0.038190725,0.153919637,0.112749717,0.10745468,0.00817073,0.209941229,0.163778578,0.158920577,2.27e-08,0.209827049,0.035124536,0.015789146,-0.016767102,0.008757638,0.004396188,-0.002683869,-0.039358352,0.014261209,0.019257902,-0.017251389,0.020946958,0.055767156,0.042178582,0.041687523,0.011693159,0.936322754,0.244844475,0.172836535,0.003428859,0.374100416,0.121416646,0.099956654,0.006766665,0.931905005,0.212618944,0.120514423
417,M,2,-0.024111735,0.163189153,0.111278248,0.107022758,0.014028934,0.210072929,0.16409448,0.160161942,5.83e-07,0.260626007,0.044614614,0.022845569,-0.013170547,0.013342685,0.004078732,-0.002444656,-0.039924046,0.012306372,0.018943734,-0.017284914,0.020946958,0.057523089,0.043188068,0.042671948,0.008816862,0.842707594,0.220358146,0.154927014,0.003428859,0.374100416,0.123578179,0.098606588,0.006766665,0.756726639,0.182444912,0.100706851
418,H,0,-0.193233293,0.09844411,0.057673391,-0.042401989,0.002551026,0.216111452,0.146881567,0.130629728,5.33e-09,0.200081819,0.038828671,0.019532209,-0.018864974,0.010024478,0.006680544,-0.003292977,-0.042457343,0.017781733,0.019087634,-0.014730353,0.018654726,0.061979687,0.041811143,0.041266891,0.016476457,0.713849943,0.265130278,0.219453739,0.001601646,0.710736814,0.24216535,0.17806876,0.007009832,0.321286441,0.107935201,0.090514129
418,H,1,-0.128208255,0.041642889,0.041398698,-0.026168238,0.002788913,0.225075248,0.175227757,0.16421472,8.39e-07,0.232452856,0.047229721,0.025659997,-0.017115551,0.011782062,0.005558699,-0.001564319,-0.045260308,0.017781733,0.018897515,-0.015283097,0.020951292,0.065734441,0.042707506,0.04219823,0.015494313,0.345433607,0.121283762,0.105796986,0.002260759,0.252832497,0.08702205,0.065903511,0.007009832,0.258765276,0.084480256,0.074665338
418,H,2,-0.113333591,0.052001626,0.025937934,-0.010784135,0.002788913,0.225075248,0.180921986,0.171707326,2.5e-09,0.232452856,0.036636347,0.017319069,-0.017952373,0.011782062,0.006121633,-0.001904194,-0.045260308,0.014230234,0.018717209,-0.015599664,0.022728196,0.065734441,0.04361842,0.043146508,0.009504979,0.412579986,0.11636975,0.095915995,0.003895984,0.333290428,0.083300149,0.057668245,0.007365974,0.254056337,0.081258871,0.068318132
418,L,0,-0.196267936,0.103582378,0.068584527,-0.053038387,0.00409035,0.221956169,0.14321425,0.125103104,8.98e-07,0.141573409,0.021713543,0.011011383,-0.021176003,0.013390603,0.008115321,-0.005488475,-0.044708458,0.017281199,0.018832642,-0.014034166,0.018809811,0.063637675,0.042049481,0.041245528,0.011551914,0.645772711,0.257984793,0.205899457,0.003120016,0.519241621,0.149429817,0.112627031,0.006850761,0.629736881,0.210301885,0.154901628
418,L,1,-0.180332274,0.033166636,0.081574397,-0.068916805,0.006309409,0.221956169,0.165675151,0.157320823,1.51e-07,0.141573409,0.020759814,0.009105526,-0.020998159,0.010914806,0.008239331,-0.004912242,-0.043548776,0.017446106,0.022381373,-0.018918189,0.018545197,0.063637675,0.04503651,0.044574568,0.011551914,0.393451855,0.117160206,0.100291585,0.002556267,0.310941249,0.083152967,0.06343775,0.007335173,0.289791028,0.082535434,0.065762797
418,L,2,-0.180332274,0.029658047,0.096863598,-0.090140994,0.006849491,0.213825386,0.170172803,0.164675641,1.51e-07,0.175370998,0.02515431,0.009844443,-0.021234939,0.010914806,0.008534077,-0.004346323,-0.050410929,0.019379442,0.024218313,-0.021765798,0.018545197,0.069960069,0.045821669,0.045414938,0.01174056,0.40497622,0.149738502,0.126080989,0.002556267,0.386469688,0.103687327,0.079624773,0.007335173,0.289791028,0.108030353,0.090244029
418,M,0,-0.423947781,0.227294516,0.085239008,-0.043450628,0.000589124,0.208638613,0.162351295,0.155656326,2.78e-06,0.263059507,0.047728623,0.023340485,-0.01984488,0.011847477,0.008007608,-0.004906853,-0.042058513,0.013907552,0.019784196,-0.017135178,0.017698494,0.060738535,0.043542352,0.043039479,0.009516863,0.933445849,0.287980863,0.198412867,0.002071816,0.834068962,0.221441729,0.13728731,0.007951461,0.92471038,0.184110124,0.117102846
418,M,1,-0.126441099,0.0153111,0.058954607,-0.053889255,0.00895747,0.215436827,0.175715599,0.172606606,2.65e-06,0.204987685,0.042095662,0.020961897,-0.019155664,0.012162236,0.008177465,-0.004025183,-0.049612099,0.011906073,0.020156909,-0.018258755,0.022890887,0.066377086,0.044560387,0.044229548,0.009516863,0.444241896,0.110225727,0.087255017,0.002071816,0.402862778,0.073743271,0.049293472,0.006281346,0.282757035,0.081924605,0.063145346
418,M,2,-0.13189527,0.0153111,0.057892346,-0.051916646,0.003684228,0.215436827,0.175664934,0.169877762,2.02e-06,0.204987685,0.023875915,0.00987586,-0.020225181,0.012162236,0.007134889,-0.002564729,-0.049612099,0.013552677,0.020010405,-0.017598452,0.022890887,0.066377086,0.044190454,0.043809193,0.015743735,0.444241896,0.132878743,0.114337081,0.002385663,0.402862778,0.10009813,0.080461078,0.003824292,0.282757035,0.087390644,0.071046976
419,H,0,-0.360895131,0.311853425,0.215112157,-0.200464038,0.004614897,0.201139024,0.142726916,0.134122822,1.74e-08,0.245592937,0.06377555,0.035465328,-0.015847768,0.009914469,0.00510416,-0.002787223,-0.044827162,0.015782952,0.023558439,-0.019685148,0.013236319,0.058160443,0.039894854,0.039012665,0.02365474,0.961152037,0.296390921,0.246622508,0.00404727,0.815883135,0.19153946,0.149782906,0.010367256,0.639568079,0.226186236,0.179567608
419,H,1,-0.380877291,-0.097349643,0.2266938,-0.219554349,0.011338287,0.205892124,0.149973278,0.142438564,1.79e-06,0.245592937,0.066265145,0.04013941,-0.014178515,0.009316337,0.00472034,-0.002369307,-0.04558232,0.01571689,0.025042165,-0.02120608,0.013236319,0.060717811,0.040558755,0.039639355,0.02365474,0.694729843,0.237633436,0.19945794,0.004888646,0.581912095,0.159276166,0.11754952,0.006520292,0.639568079,0.176354056,0.139162082
419,H,2,-0.380877291,-0.121272005,0.208161778,-0.20268418,0.014619378,0.205892124,0.160259037,0.155691478,1.94e-09,0.214542768,0.042697115,0.017423719,-0.014642057,0.00837174,0.004892137,-0.002361445,-0.04558232,0.013315786,0.026668506,-0.023570101,0.018660031,0.061115407,0.041896995,0.041138084,0.018700343,0.694729843,0.214734636,0.187492732,0.004836814,0.581912095,0.162775929,0.126031241,0.006520292,0.385060191,0.14005342,0.110265386
419,M,0,-0.304054745,-0.105438737,0.196094457,-0.192805946,0.007227849,0.210119185,0.147021803,0.138927609,1.21e-07,0.121298842,0.009801856,0.004279733,-0.014294059,0.014798358,0.005340187,-0.003355188,-0.047848542,0.019439692,0.022260646,-0.016784484,0.017995989,0.064837843,0.040913038,0.040229401,0.011703907,0.50451204,0.126020739,0.106367772,0.002986167,0.203704643,0.073097307,0.063923279,0.007277392,0.502268465,0.102654812,0.071983692
419,M,1,-0.333669888,0.092455217,0.199125835,-0.192605515,0.015012591,0.201227389,0.158347311,0.150929589,1.21e-07,0.016934449,0.004804629,0.003240384,-0.018223375,0.012031204,0.005132247,-0.002847317,-0.047848542,0.018089475,0.021651431,-0.018042195,0.017995989,0.064837843,0.040084916,0.03947023,0.010565001,0.40585091,0.141756243,0.114698328,0.002986167,0.33580387,0.093549795,0.069253044,0.007277392,0.369686326,0.10650478,0.084028637
419,M,2,-0.333669888,0.092455217,0.217404413,-0.211790088,0.011110751,0.199773083,0.156431225,0.149863881,1.56e-06,0.262042506,0.053419211,0.025988793,-0.018223375,0.008867316,0.004848645,-0.00269364,-0.043166151,0.018089475,0.023122676,-0.019903176,0.018200351,0.057505364,0.039479505,0.038896343,0.010565001,0.40585091,0.15220471,0.125316533,0.004322772,0.33580387,0.094607867,0.067825383,0.006496691,0.369686326,0.119229296,0.094977371
420,H,0,-0.219816304,-0.010390447,0.100520597,-0.095248103,0.011939886,0.21127277,0.171562109,0.168584618,7.95e-07,0.22870076,0.099555996,0.079063055,-0.018959936,0.006503214,0.006338991,-0.00437655,-0.048311233,0.006734382,0.028910305,-0.027775499,0.022201442,0.066149,0.046373039,0.045945211,0.010229024,0.355859616,0.101401761,0.089765949,0.003279163,0.175756607,0.057541669,0.047402563,0.007406277,0.311573209,0.083494152,0.068215855
420,H,1,-0.2757228,-0.010390447,0.086750985,-0.083304049,0.028027168,0.215766428,0.175310252,0.172843513,9.76e-06,0.223688537,0.073728449,0.054001542,-0.019551227,0.008262934,0.007065504,-0.004732815,-0.048311233,0.010160557,0.03045941,-0.029465378,0.022482003,0.066149,0.048295792,0.047900673,0.010229024,0.320248106,0.106211227,0.095579606,0.003279163,0.246940584,0.052047319,0.03880981,0.007406277,0.258787295,0.092584563,0.082138324
420,H,2,-0.2757228,-0.010721159,0.092950514,-0.0890705,0.022980206,0.222712933,0.177164598,0.173966756,9.76e-06,0.223688537,0.084011004,0.063426018,-0.019585054,0.008262934,0.008425751,-0.006294457,-0.045817946,0.010160557,0.028330842,-0.027180776,0.022482003,0.065407308,0.0480333,0.047630876,0.015147787,0.320248106,0.108791065,0.09783416,0.001566432,0.25823123,0.062874802,0.046525783,0.009391555,0.205529381,0.088782065,0.079340249
420,L,0,-0.205923425,-0.027443854,0.099635622,-0.093815337,0.02097719,0.217995327,0.172310934,0.167515363,5.58e-13,0.198678491,0.033879175,0.01605454,-0.019424323,0.005639113,0.007127455,-0.00559339,-0.050008667,0.014568429,0.027746952,-0.025528991,0.023147234,0.071564685,0.047091614,0.046569431,0.011715077,0.348936742,0.079951415,0.067033016,0.004088671,0.232928979,0.053661041,0.041285795,0.009276847,0.260077877,0.059268216,0.046951032
420,L,1,-0.152954602,-0.00892487,0.068826229,-0.064539631,0.029023107,0.215074371,0.173423453,0.171456561,5.58e-13,0.181258738,0.041017491,0.021310912,-0.017072361,0.008727819,0.005604546,-0.003990131,-0.04737344,0.012284011,0.030929783,-0.029861269,0.023098845,0.06252003,0.048803765,0.048420625,0.011715077,0.220677535,0.078298269,0.070240047,0.003051615,0.191160669,0.043906649,0.035573981,0.007408365,0.156698003,0.0648292,0.056179915
420,L,2,-0.152954602,-0.00892487,0.075411047,-0.070578899,0.021363446,0.215074371,0.173530656,0.170169727,2.04e-11,0.181258738,0.037857171,0.017084551,-0.017676809,0.008727819,0.004625809,-0.002598083,-0.04737344,0.012284011,0.030136323,-0.028662399,0.020686779,0.063489153,0.047104643,0.046677129,0.014512815,0.30301606,0.097681635,0.090386442,0.003051615,0.191160669,0.056337191,0.047751718,0.007408365,0.288132374,0.079798639,0.0698719
420,M,0,-0.347589285,-0.006559139,0.113033257,-0.098813906,0.018316977,0.231550239,0.173781599,0.170567422,2.31e-08,0.155036692,0.046012431,0.029776039,-0.038885667,0.004086241,0.011110846,-0.009984834,-0.046434303,0.01691929,0.029257067,-0.027545875,0.021878655,0.073740406,0.05063754,0.050046115,0.014011889,0.430367894,0.108644445,0.086508956,0.003175842,0.307909849,0.064982024,0.049261738,0.005506728,0.417209501,0.087068662,0.062615881
420,M,1,-0.197287336,-0.013609489,0.085215653,-0.080962165,0.01274572,0.221523946,0.178921276,0.177029152,4.06e-06,0.153671738,0.052818528,0.035185,-0.020072649,0.004084869,0.01111868,-0.010246197,-0.048183506,0.012143149,0.030513567,-0.029486296,0.021289972,0.066204985,0.051365624,0.050978641,0.015294932,0.371143541,0.088834955,0.077695126,0.002850711,0.255220754,0.056339314,0.044075335,0.005506728,0.276442983,0.068684284,0.056819996
420,M,2,-0.214416027,0.004722048,0.087968985,-0.081834664,0.01274572,0.222118787,0.180697824,0.178649961,3.53e-06,0.148707024,0.048336666,0.029431394,-0.022275055,0.00666457,0.010496262,-0.009208096,-0.048183506,0.029740612,0.029950104,-0.02902654,0.021289972,0.066455915,0.050280694,0.049943048,0.014510762,0.371143541,0.106850493,0.093974971,0.002760607,0.255220754,0.064900588,0.048534615,0.004417015,0.276442983,0.084881927,0.072727091
421,H,0,-0.36299889,-0.101683519,0.235815793,-0.231246467,0.010635641,0.229712643,0.167678593,0.16189501,5.28e-09,0.116476847,0.017677105,0.007702048,-0.017817946,0.0128311,0.005214148,-0.000692621,-0.044384687,0.013210436,0.026565533,-0.023558622,0.021836536,0.061744144,0.046780804,0.046171099,0.009825656,0.265864332,0.104364712,0.087529782,0.003381867,0.170575335,0.068199886,0.053908802,0.007061274,0.248862041,0.078998535,0.062162704
421,H,1,-0.36299889,-0.15007215,0.257058644,-0.254249285,0.010635641,0.216540052,0.169730037,0.163332325,5.28e-09,0.116476847,0.016681719,0.006966008,-0.013367666,0.013850265,0.005268593,0.000662433,-0.044265073,0.01535699,0.023176829,-0.020385887,0.024266614,0.061326622,0.045377993,0.04486827,0.009825656,0.30486867,0.116185058,0.099825246,0.002674049,0.190189516,0.072624703,0.058295614,0.007100267,0.279642816,0.090689692,0.072173981
421,H,2,-0.334801037,-0.119547907,0.25872997,-0.256188747,0.012373444,0.227370973,0.165811006,0.157964792,4.21e-07,0.109143687,0.017740817,0.007994519,-0.013764011,0.013850265,0.005167763,0.001577968,-0.040129922,0.020406896,0.022692566,-0.019670222,0.022364642,0.059406381,0.044636773,0.044111504,0.010997299,0.30486867,0.110773802,0.091150789,0.002674049,0.190189516,0.061897942,0.050532548,0.004421787,0.279642816,0.091866643,0.068117695
421,L,0,-0.287595183,-0.043412481,0.210327727,-0.204962994,0.012807236,0.231414349,0.164628836,0.159863009,1.44e-08,0.117462829,0.015792978,0.008097936,-0.0161448,0.007704889,0.006744348,-0.005076342,-0.044823181,0.015427623,0.027237203,-0.025088644,0.023533569,0.061465288,0.048844879,0.048281114,0.013156454,0.347072179,0.086201063,0.066350822,0.004093166,0.179304895,0.045886528,0.038656831,0.003160349,0.339205979,0.07297294,0.04535442
421,L,1,-0.388343575,-0.179536631,0.247586166,-0.245309075,0.015680075,0.202452842,0.167840761,0.165247626,1.42e-08,0.118189627,0.016381196,0.008140502,-0.016466484,0.006378827,0.007648906,-0.006185336,-0.042074033,0.015098864,0.027657719,-0.026086337,0.024049227,0.062282146,0.050013477,0.049615048,0.013198867,0.252561185,0.066722282,0.057195623,0.004093166,0.214196993,0.051792431,0.043021146,0.003520095,0.220291403,0.042064319,0.03166833
421,L,2,-0.388343575,-0.179536631,0.264996772,-0.261016257,0.006996355,0.207526872,0.173235503,0.168684371,9.02e-11,0.118189627,0.014947995,0.006665177,-0.016466484,0.00654181,0.006851042,-0.005429033,-0.044863983,0.016887687,0.025191939,-0.021982112,0.022909918,0.062282146,0.046929577,0.046285508,0.011506992,0.252561185,0.0756598,0.065608722,0.004527662,0.214196993,0.055133674,0.045721721,0.003111594,0.220291403,0.05181393,0.040507899
421,M,0,-0.208223547,-0.022827389,0.143072323,-0.139482803,0.003022067,0.227696735,0.159925305,0.15415344,1.08e-06,0.122693286,0.015778599,0.007842621,-0.015579492,0.008848332,0.007057558,-0.005372278,-0.044312942,0.012930998,0.028477952,-0.026197463,0.024072183,0.061503544,0.048342905,0.04771392,0.006257696,0.492225174,0.101239349,0.077738756,0.002420307,0.114604628,0.036743178,0.030124021,0.005194902,0.480262012,0.094336337,0.067432269
421,M,1,-0.256895107,-0.053107975,0.169520277,-0.165028903,0.003022067,0.227696735,0.164585215,0.160888143,2.93e-07,0.131706776,0.024517464,0.011559563,-0.017149085,0.009087468,0.007189347,-0.005706211,-0.044390064,0.017418025,0.030194065,-0.028603404,0.026214717,0.062518057,0.050478244,0.050072704,0.006257696,0.199648968,0.064753557,0.052914506,0.002420307,0.155041237,0.036276354,0.027746621,0.005194902,0.169778003,0.053638132,0.042001104
421,M,2,-0.287489578,-0.059109084,0.196693953,-0.192058995,0.00733646,0.223552428,0.162974009,0.157610138,1.43e-09,0.131706776,0.022586195,0.009985518,-0.019845898,0.010245888,0.007813871,-0.006244468,-0.044439372,0.017418025,0.027040915,-0.02470904,0.024487091,0.063084751,0.048793255,0.048223728,0.011996314,0.256698322,0.094017757,0.081680707,0.005014172,0.232832345,0.053325376,0.041768836,0.005534993,0.178862061,0.077432182,0.065423105
422,H,0,-0.132387075,0.108383632,0.034656761,0.011141878,0.006550996,0.245916619,0.186883993,0.178737208,7.21e-08,0.21304658,0.025778819,0.007537268,-0.016735772,0.014031865,0.0056292,0.001148635,-0.065804275,0.016015529,0.033540493,-0.028995885,0.019020962,0.079190271,0.052420253,0.05113834,0.013579202,0.288680317,0.100921197,0.084933071,0.003008336,0.236424188,0.068456091,0.053521663,0.006775064,0.254548022,0.074154242,0.060226798
422,H,1,-0.126332888,0.1307218,0.044868369,0.023705246,0.011577117,0.245916619,0.196618734,0.189329895,3.54e-08,0.228120566,0.035516549,0.012622511,-0.016630626,0.012909448,0.005469305,0.001715715,-0.058500269,0.015971217,0.030147454,-0.026640528,0.019020962,0.076058732,0.051373713,0.050402416,0.013579202,0.542593724,0.132602665,0.096500686,0.002947003,0.267662034,0.076131525,0.055904338,0.007234533,0.520420398,0.108570059,0.070167432
422,H,2,-0.126332888,0.211212915,0.055091442,0.031396242,0.008908965,0.247068858,0.188791743,0.180257315,3.54e-08,0.228120566,0.036698401,0.014378994,-0.016630626,0.015243873,0.005679693,0.000296161,-0.056104114,0.011138902,0.028757873,-0.025714699,0.021631894,0.074128327,0.050750689,0.049917867,0.013881025,0.542593724,0.15882701,0.12944096,0.002947003,0.267662034,0.08494101,0.064965219,0.007470806,0.520420398,0.134205231,0.102232804
422,L,0,-0.135043969,0.174051198,0.038032308,0.010355729,0.005131764,0.246838555,0.200227486,0.194761182,9.45e-10,0.237282706,0.022228275,0.006132071,-0.012601886,0.013967276,0.005360005,0.002197365,-0.060399047,0.010015082,0.032378947,-0.029140111,0.021652502,0.076693982,0.052716138,0.051778121,0.011148675,0.336876958,0.107825333,0.084505211,0.003140215,0.271169721,0.076832954,0.056718895,0.003880893,0.275141371,0.075650509,0.05481259
422,L,1,-0.307393919,0.174051198,0.07637485,-0.006000657,0.010923248,0.246227217,0.204135855,0.199306024,1.12e-08,0.267479533,0.02152577,0.006138221,-0.016251662,0.013967276,0.00585692,-0.000333268,-0.060399047,0.01258832,0.030427417,-0.027432106,0.021652502,0.075461436,0.052614933,0.051915626,0.011730353,0.400974754,0.129495907,0.101816128,0.003140215,0.397378547,0.113880162,0.079513935,0.005251247,0.213178037,0.061648184,0.050464459
422,L,2,-0.307393919,0.081427002,0.079276964,-0.016989088,0.018119129,0.246227217,0.203925923,0.198038196,9.65e-14,0.267479533,0.021460673,0.005801134,-0.017319723,0.013491784,0.005800161,-0.001363557,-0.057598092,0.015246145,0.02845097,-0.025266597,0.02242307,0.074180546,0.050841732,0.050112113,0.011730353,0.400974754,0.143182012,0.12071713,0.003758524,0.397378547,0.123047559,0.092906493,0.005251247,0.213178037,0.073214662,0.06143264
422,M,0,-0.146475641,0.34135445,0.052385549,0.011777955,0.001329086,0.240521969,0.181149706,0.171359578,1.2e-10,0.205514419,0.016214516,0.004176847,-0.014351493,0.014596584,0.005333821,5.29e-05,-0.057368616,0.023526941,0.028692532,-0.023951121,0.023767193,0.073052566,0.049165666,0.048075179,0.009318831,0.808733088,0.171536497,0.119420428,0.001498745,0.79954743,0.120368913,0.074576237,0.006555762,0.603882542,0.122213316,0.081862473
422,M,1,-0.146475641,0.178718796,0.048785466,0.026082896,0.010763818,0.240521969,0.195080817,0.188945273,7.5e-08,0.249562169,0.03804333,0.014123547,-0.016808266,0.014596584,0.005788232,0.001232061,-0.057697848,0.017057523,0.030553719,-0.027918846,0.025033297,0.074744168,0.052068883,0.051360666,0.009318831,0.347457026,0.118926415,0.097499012,0.001498745,0.33767915,0.08545749,0.062323055,0.006555762,0.294480927,0.082707373,0.06601129
422,M,2,-0.123800716,0.178718796,0.044056912,0.023454273,0.013362432,0.248071484,0.198454536,0.193032231,1.39e-08,0.249562169,0.039046774,0.014975636,-0.016808266,0.011904166,0.004976352,0.001036101,-0.061630639,0.013550156,0.03046937,-0.027513068,0.019323641,0.074744168,0.051280607,0.050510648,0.013622276,0.347457026,0.111869019,0.093244736,0.002031767,0.33767915,0.082042818,0.060343968,0.007694828,0.294480927,0.076050335,0.061431932
423,H,0,-0.252906515,0.119262724,0.080054177,-0.051565762,0.004003381,0.243615577,0.16785055,0.156010731,1.83e-13,0.18825715,0.030166369,0.014841481,-0.019158257,0.010894287,0.007332557,-0.004597959,-0.045495104,0.019489216,0.024126024,-0.019735806,0.023746983,0.062906632,0.046576255,0.046049577,0.021238168,1.089949857,0.344183184,0.261338342,0.002518824,0.446427432,0.135986217,0.10651173,0.007558294,0.995580483,0.316180033,0.220248534
423,H,1,-0.252906515,0.086047236,0.081335405,-0.061599089,0.004003381,0.244746483,0.181022756,0.172193591,3.97e-06,0.184295138,0.033653672,0.022544687,-0.018513807,0.008796141,0.007043068,-0.004976169,-0.045438624,0.018971731,0.022459231,-0.019522949,0.023746983,0.062683093,0.046259082,0.045831263,0.027091721,1.089949857,0.32969257,0.267613166,0.002518824,0.466209057,0.150977799,0.122742188,0.007558294,0.995580483,0.293091957,0.223431484
423,H,2,-0.251042975,0.047770348,0.078600899,-0.068291692,0.008469585,0.244746483,0.18528097,0.17724568,4.3e-05,0.184295138,0.041032584,0.030640425,-0.01879435,0.009369486,0.007308422,-0.004794338,-0.039653999,0.026226916,0.020874121,-0.018394113,0.023753347,0.062035117,0.045631509,0.045281804,0.015900178,0.846355408,0.304221622,0.273065602,0.003715511,0.466209057,0.135812425,0.109394195,0.005522182,0.777920048,0.272223769,0.238260024
423,L,0,-0.196548239,0.051739596,0.067808708,-0.049257381,0.001942158,0.240860197,0.184908067,0.178236496,4.51e-08,0.023717727,0.007204278,0.0050841,-0.022620836,0.012128475,0.007360427,-0.003950492,-0.044450058,0.018806991,0.023771983,-0.021253027,0.023895968,0.061248813,0.046507592,0.046084724,0.014367587,1.30544936,0.265540867,0.174706668,0.002393163,0.458200588,0.114778864,0.079892335,0.009236016,1.222395293,0.239453053,0.139936784
423,L,1,-0.196548239,0.05903779,0.069379006,-0.055866861,0.003466775,0.240189717,0.190454422,0.185001415,1.42e-07,0.020892747,0.007865129,0.005957556,-0.020036552,0.012128475,0.006977992,-0.002953008,-0.043797314,0.018213958,0.022091427,-0.020166229,0.026237823,0.061082936,0.045433839,0.045101263,0.014365831,0.889201938,0.227379458,0.173163891,0.002693129,0.38632625,0.12854118,0.104317788,0.011555321,0.820070891,0.187559545,0.120545131
423,L,2,-0.240122223,0.05903779,0.06084413,-0.04733586,0.003144578,0.241744485,0.194173498,0.188842272,3.85e-08,0.161269665,0.02745783,0.014403311,-0.020265271,0.01118512,0.007269271,-0.003271598,-0.049774017,0.021772497,0.020665557,-0.018622768,0.023663292,0.06379302,0.045043577,0.044733694,0.014365831,0.889201938,0.228159676,0.174419799,0.001794691,0.419055267,0.133307836,0.104461915,0.01301695,0.820070891,0.185164409,0.122066216
423,M,0,-0.209677713,0.141492168,0.072526254,-0.051910885,0.007674768,0.245701877,0.18348138,0.17574526,2.95e-07,0.149998493,0.030238197,0.015121656,-0.020543017,0.009415245,0.006645207,-0.003352665,-0.046582906,0.024824824,0.022078104,-0.01943268,0.023889685,0.065932398,0.045615768,0.045261336,0.016002009,1.199235301,0.290382264,0.206926608,0.002876672,0.481794478,0.138122265,0.110528053,0.009231427,1.166741069,0.255429245,0.154332512
423,M,1,-0.161347128,0.102482937,0.070927147,-0.055006867,0.011085879,0.242135285,0.189345844,0.184243253,2.95e-07,0.148409557,0.022652801,0.011580592,-0.020543017,0.009415245,0.007195282,-0.003722516,-0.04498247,0.019737058,0.023122063,-0.021126139,0.024265958,0.065932398,0.046760613,0.046455861,0.017797017,0.855739564,0.217837565,0.179049546,0.002876672,0.437490591,0.134184224,0.106119635,0.007747023,0.805734925,0.171603609,0.12533776
423,M,2,-0.202999354,0.026604808,0.07943584,-0.069530383,0.011085879,0.234423007,0.185629633,0.17959031,4.88e-07,0.042597699,0.009359661,0.006749029,-0.019586864,0.009379937,0.007302763,-0.004677666,-0.04304598,0.019737058,0.024267332,-0.022178651,0.024265958,0.063428697,0.047529952,0.047152177,0.015535173,0.730056228,0.22971775,0.203600641,0.001942497,0.437490591,0.115359772,0.088820884,0.007747023,0.656545028,0.198651372,0.170906437
424,H,0,-0.139413804,0.210184378,0.090784911,-0.077190148,0.006192087,0.222832663,0.167245811,0.159370279,8.94e-11,0.193394175,0.03761098,0.016163156,-0.019912666,0.010918091,0.004564806,4.21e-05,-0.049627032,0.028890001,0.019680405,-0.015676604,0.022474759,0.065805476,0.046557601,0.046101349,0.012496898,0.641417965,0.145075373,0.107721879,0.002180667,0.341559997,0.081785669,0.05246922,0.007405329,0.638764056,0.11982474,0.081827783
424,H,1,-0.167085943,-0.036534977,0.103000761,-0.101993659,0.006192087,0.215257624,0.174475197,0.170302207,1.43e-06,0.193394175,0.040034483,0.017671517,-0.013544038,0.010222514,0.004101119,0.000220232,-0.034294777,0.028890001,0.020256057,-0.017815554,0.02547176,0.067042607,0.048609187,0.048202297,0.012496898,0.175031009,0.074527279,0.066242859,0.002350879,0.108826501,0.045142751,0.037185101,0.005154237,0.171416128,0.05929964,0.047021254
424,H,2,-0.181215331,-0.056396391,0.108891021,-0.107945156,0.009393965,0.214587776,0.171586661,0.167191906,3.12e-07,0.20166286,0.035523788,0.014496165,-0.012300757,0.010058313,0.004016806,0.000495084,-0.034294777,0.027139333,0.020318322,-0.017979323,0.025811797,0.067042607,0.049025625,0.048586753,0.012327346,0.191636645,0.072925544,0.063750544,0.002375502,0.108826501,0.043420787,0.035619563,0.005154237,0.190677612,0.058589848,0.045842788
424,L,0,-0.194381106,0.223037574,0.116772969,-0.105744862,0.012205107,0.221051217,0.17826855,0.173690147,3.5e-07,0.235632498,0.037941375,0.015407882,-0.015910347,0.012728356,0.004644807,0.000526767,-0.044196386,0.026859901,0.024187021,-0.021568424,0.022759261,0.065636235,0.050219473,0.049805405,0.008494387,0.37836461,0.095631567,0.070481931,0.003158039,0.372360158,0.066019124,0.041231794,0.005931148,0.3610711,0.069187223,0.047538139
424,L,1,-0.208185234,-0.041132433,0.133604128,-0.131799642,0.007199906,0.224539848,0.18594992,0.182936323,2.3e-07,0.235632498,0.037251766,0.014485378,-0.015700753,0.011936318,0.004207655,0.000827289,-0.045444466,0.023241914,0.024443725,-0.022482931,0.027333991,0.068849201,0.051294678,0.05097064,0.008494387,0.204387751,0.064448748,0.056899162,0.001941784,0.141787513,0.038129663,0.028339849,0.00444785,0.171240879,0.05195931,0.044404398
424,L,2,-0.208185234,-0.085110216,0.135918896,-0.134555528,0.007199906,0.224539848,0.184890081,0.18038351,2.3e-07,0.017490255,0.005256729,0.003764469,-0.012174922,0.01069965,0.003450169,0.001087251,-0.045444466,0.017990267,0.023780609,-0.021468242,0.025938963,0.068849201,0.050787404,0.050409943,0.007872271,0.204387751,0.058140068,0.051254182,0.001941784,0.118636521,0.035276559,0.028579152,0.00444785,0.171240879,0.046215061,0.037642765
424,M,0,-0.185784959,-0.011522594,0.105843785,-0.103268537,0.00487289,0.243154382,0.168108325,0.16148002,4.6e-07,0.218781278,0.026739201,0.010466474,-0.01563715,0.010075452,0.004037059,-0.00035588,-0.042617803,0.027317635,0.02096334,-0.016900268,0.023047727,0.064838518,0.048515302,0.048251324,0.009865757,0.300174896,0.094307399,0.078458102,0.00239943,0.176796054,0.060132847,0.048888571,0.006289493,0.272599118,0.072649337,0.054752603
424,M,1,-0.168229746,-0.04755261,0.110391895,-0.109575258,0.012653087,0.219075533,0.174235228,0.169171768,4.6e-07,0.218781278,0.034907416,0.014568959,-0.013111043,0.011301519,0.003853029,0.000876647,-0.039222427,0.027193024,0.021830539,-0.019224409,0.023252615,0.065381951,0.048883175,0.048615413,0.010539568,0.176010164,0.082552164,0.073538067,0.00239943,0.151810804,0.068482395,0.057779036,0.00514627,0.143985655,0.046097953,0.036601851
424,M,2,-0.210791102,-0.075061184,0.117933554,-0.11712121,0.015250424,0.214071253,0.176360294,0.172902438,2.19e-06,0.188470094,0.034745849,0.014416639,-0.013275761,0.012182598,0.004505726,0.00126155,-0.040720876,0.027193024,0.023305155,-0.022068875,0.023252615,0.065381951,0.049649704,0.049332946,0.010539568,0.18448998,0.084682315,0.075685632,0.001923715,0.151810804,0.06649031,0.054758283,0.00514627,0.154976374,0.052441711,0.042419987
425,H,0,-0.231479513,0.572276866,0.085914149,-0.047907877,0.00637311,0.201444038,0.154539454,0.146895085,5.9e-06,0.203028959,0.018704738,0.012836467,-0.029039182,0.010628934,0.007134061,-0.006088481,-0.119634849,0.025546741,0.01917125,-0.015511429,0.017112253,0.128784725,0.042731348,0.042195538,0.013203262,2.046701291,0.322319592,0.174498302,0.004437753,1.177444671,0.186887127,0.095384595,0.005930345,1.692069791,0.262608303,0.135219403
425,H,1,-0.136506147,0.076174548,0.05434769,-0.050131197,0.00637311,0.196256439,0.167101367,0.1625207,3.22e-05,0.203028959,0.018721165,0.012953651,-0.016815927,0.007834771,0.006856779,-0.005498429,-0.034608374,0.024154774,0.0173806,-0.014963161,0.018499261,0.054719966,0.041426199,0.04104927,0.013203262,0.42520809,0.102704945,0.083766622,0.00431453,0.219887224,0.05753574,0.045716811,0.005649517,0.382545814,0.085076109,0.063346303
425,H,2,-0.136506147,0.030645531,0.054013477,-0.049777348,0.009924873,0.198093986,0.170687233,0.167986165,4.87e-06,0.099770504,0.017226221,0.012741679,-0.018955003,0.007834771,0.00840559,-0.006524551,-0.035777213,0.022026327,0.018224424,-0.016477032,0.023417639,0.055535781,0.041235559,0.040871029,0.018558068,0.42520809,0.118609229,0.099571686,0.00431453,0.205903944,0.081562806,0.065104217,0.005649517,0.382545814,0.086114214,0.064880548
425,L,0,-0.220001243,0.451630635,0.084182437,-0.062756961,0.002979539,0.189027012,0.156299391,0.150491787,1.94e-07,0.164856527,0.015712877,0.008226285,-0.026636032,0.121878203,0.008133655,-0.005745199,-0.174016458,0.029959193,0.021818124,-0.018563029,0.019724895,0.242427252,0.043735396,0.042914614,0.009725103,0.905871631,0.152637381,0.108525977,0.001950538,0.278381439,0.080040641,0.062744355,0.004635427,0.876989391,0.129967942,0.075903827
425,L,1,-0.171960898,0.061829,0.083664507,-0.08085649,0.002979539,0.189967544,0.166502605,0.162903544,9.81e-06,0.122977129,0.016830722,0.011989457,-0.020483143,0.004269819,0.008238931,-0.007491182,-0.030817396,0.029709124,0.020961058,-0.019193536,0.020315421,0.055480388,0.042990373,0.042759402,0.009725103,0.284618475,0.077908349,0.06525996,0.001950538,0.123542575,0.050568569,0.040159592,0.004635427,0.259458372,0.059266607,0.041338327
425,L,2,-0.171960898,0.035418462,0.081132198,-0.078114214,0.006689526,0.194406155,0.16121873,0.156408887,5.45e-08,0.186834674,0.019105945,0.012911,-0.020483143,0.006333999,0.008144477,-0.006974977,-0.033144067,0.029709124,0.020300199,-0.017831078,0.021448949,0.052723076,0.041766098,0.04151764,0.020121334,0.300356094,0.094695303,0.085635265,0.002851207,0.157910357,0.055824756,0.046505136,0.005048159,0.259458372,0.076490503,0.060684155
425,M,0,-0.122487643,0.234593067,0.058227283,-0.037346186,0.008312995,0.186496154,0.144135447,0.136233937,2.65e-06,0.171943019,0.028423393,0.016608133,-0.021447085,0.007970217,0.004508055,-0.002199951,-0.037816864,0.032262274,0.021872031,-0.01737122,0.017321222,0.051811389,0.039210845,0.038880675,0.013940481,0.606179055,0.137577173,0.113552579,0.004623433,0.553751778,0.101789489,0.079738509,0.005452068,0.372022283,0.092554733,0.071187384
425,M,1,-0.179662389,0.001155478,0.06136992,-0.053111115,0.009706714,0.19383431,0.162435825,0.161404388,4.47e-06,0.171943019,0.03025125,0.019887386,-0.015706814,0.007970217,0.004605893,-0.002632454,-0.037816864,0.013164349,0.02237739,-0.021799136,0.018333842,0.054197101,0.041185138,0.041007675,0.013940481,0.292137269,0.086434155,0.075494499,0.005294909,0.21324759,0.065897742,0.056594362,0.005452068,0.214427343,0.055931661,0.043352984
425,M,2,-0.179662389,-0.001169604,0.073137701,-0.068123779,0.014868033,0.19383431,0.166478698,0.165676611,1.03e-05,0.171879551,0.021188824,0.015892565,-0.017485732,0.006673111,0.006625403,-0.005363143,-0.03235373,0.006061943,0.021892597,-0.02147086,0.022865578,0.054197101,0.041557728,0.041386234,0.015093289,0.292137269,0.098035988,0.089278816,0.005547847,0.21324759,0.073644545,0.066346119,0.005912152,0.214427343,0.064711173,0.055099344
426,H,0,-0.668212652,0.013926787,0.129213536,-0.096781911,0.012601946,0.200663511,0.153948776,0.147345005,5.42e-06,0.337036585,0.081656437,0.057888069,-0.116410247,0.008045064,0.008272868,-0.004465894,-0.101139859,0.021392646,0.022584773,-0.019603981,0.014512589,0.184775438,0.041592293,0.040493157,0.017663033,0.652634578,0.248953862,0.225795465,0.00363695,0.452758006,0.167112239,0.139985355,0.009022166,0.491108488,0.184530553,0.159871288
426,H,1,-0.668212652,0.021675086,0.104472379,-0.068396066,0.0148605,0.204435476,0.15816402,0.152397242,3.24e-06,0.317702111,0.08007853,0.057310513,-0.116410247,0.009666436,0.007785377,-0.003508824,-0.101139859,0.021392646,0.021288202,-0.018793593,0.014512589,0.184775438,0.040455228,0.039440359,0.010942768,0.652634578,0.229643206,0.189263317,0.00363695,0.46117869,0.165642025,0.130289678,0.005733681,0.64026077,0.159055718,0.111384769
426,H,2,-0.284445178,0.021675086,0.077405091,-0.063072995,0.018400464,0.204435476,0.158880875,0.153712204,3.24e-06,0.317702111,0.093073482,0.066254372,-0.014257458,0.013965191,0.005170827,-0.002500464,-0.043137409,0.016073793,0.020387439,-0.018468009,0.016793805,0.057432542,0.039536679,0.03907816,0.010942768,0.645701348,0.205524967,0.159525457,0.003954897,0.46117869,0.130095203,0.09866776,0.005733681,0.64026077,0.159109239,0.100113126
426,L,0,-0.309170141,-0.023962101,0.141666977,-0.131250917,0.010755324,0.202190347,0.153615917,0.147355048,4.61e-07,0.022626126,0.005282731,0.003745987,-0.020007743,0.008117621,0.006808948,-0.005269254,-0.042924455,0.020944081,0.023447174,-0.020028015,0.018265323,0.056710126,0.04135287,0.040703122,0.01245594,0.625663639,0.253344476,0.206355762,0.003617637,0.514234622,0.136777286,0.111317353,0.007408318,0.593189247,0.213249613,0.155514712
426,L,1,-0.257810941,-0.022692652,0.142903811,-0.134882492,0.010755324,0.19313463,0.156303779,0.150866873,4.61e-07,0.258179706,0.028073233,0.013099363,-0.018086566,0.006356286,0.006600794,-0.004970549,-0.042811768,0.019915497,0.023857798,-0.020730397,0.019012281,0.056710126,0.04170034,0.041109607,0.01245594,0.592933421,0.198244361,0.1614304,0.005290847,0.514234622,0.145953237,0.120459517,0.006910723,0.554951689,0.134158412,0.082065827
426,L,2,-0.677110669,0.063734437,0.152526152,-0.13828381,0.015789271,0.19830788,0.160682204,0.157226363,5.62e-06,0.258179706,0.045142847,0.032376836,-0.073051913,0.014180024,0.007880895,-0.005653745,-0.043193588,0.016943303,0.024836793,-0.022471375,0.019012281,0.107060866,0.043081833,0.042534992,0.015000604,0.942353156,0.185720728,0.146709795,0.005290847,0.393419017,0.13684609,0.111876692,0.006500421,0.884263108,0.12556009,0.071153054
426,M,0,-0.259644125,0.091675608,0.121142168,-0.106752217,0.012327742,0.200330764,0.15148699,0.145648655,9.93e-06,0.429710393,0.121179514,0.084789302,-0.016450019,0.008842867,0.004844352,-0.002158217,-0.041230767,0.019335473,0.021141736,-0.018443109,0.01791344,0.059150926,0.04032373,0.039709426,0.01337088,0.504752381,0.193663499,0.166171075,0.003562758,0.350699897,0.121629332,0.100942829,0.006013236,0.471411135,0.150704534,0.110123335
426,M,1,-0.790483133,0.026640811,0.145737698,-0.10263373,0.016756609,0.201879443,0.154748872,0.15067396,2.75e-06,0.429710393,0.114493996,0.073488508,-0.046332659,0.008842867,0.005800625,-0.002219488,-0.055784908,0.027314317,0.021169906,-0.018820105,0.01791344,0.078615987,0.041917656,0.041421729,0.01337088,0.885662021,0.218179881,0.169274947,0.003562758,0.491133665,0.147328717,0.113805593,0.009358924,0.749638194,0.160924546,0.108605926
426,M,2,-0.790483133,0.026640811,0.151827006,-0.105942316,0.0157779,0.201880178,0.15711313,0.151499296,2.75e-06,0.180870583,0.062145013,0.046064801,-0.046332659,0.009821788,0.005665516,-0.00197257,-0.055784908,0.027314317,0.021959967,-0.01931709,0.01566749,0.078615987,0.04232533,0.041706278,0.014269184,0.885662021,0.23098231,0.184314607,0.003670654,0.491133665,0.138681138,0.103150956,0.007501394,0.749638194,0.184716999,0.136873132
427,H,0,-0.880258574,0.174017968,0.182654541,-0.127800378,0.023825029,0.283839721,0.127824751,0.125221464,8.49e-06,0.211764679,0.040723283,0.022292643,-0.171009616,0.016660248,0.020743502,-0.009602901,-0.302267504,0.031073585,0.034013397,-0.018314138,0.01106979,0.33605782,0.055288596,0.046377883,0.015270333,1.829515553,0.33092907,0.236198401,0.003446498,1.667601563,0.207282499,0.122560178,0.006892241,0.75248401,0.257969019,0.178456694
427,H,1,-0.651573142,0.062816329,0.130524917,-0.107581991,0.05691974,0.374482414,0.135823456,0.133565176,8.49e-06,0.211764679,0.045347321,0.025784274,-0.144751765,0.015193961,0.019213737,-0.008705368,-0.302267504,0.020306313,0.032564174,-0.018656091,0.013394077,0.33605782,0.054689205,0.046791699,0.015270333,0.684017778,0.186766774,0.144576083,0.003048859,0.290708439,0.099378683,0.077322315,0.006892241,0.641225777,0.158131923,0.106104319
427,H,2,-0.651573142,0.109000751,0.105029805,-0.069176118,0.053029624,0.374482414,0.140505191,0.13830185,1.13e-06,0.202230946,0.040338865,0.022621951,-0.159745962,0.015193961,0.015764363,-0.006703194,-0.28022585,0.020147769,0.027581695,-0.016831395,0.014504645,0.337515245,0.050433408,0.044774291,0.01528413,0.684017778,0.187184562,0.154840553,0.003048859,0.287965539,0.114095474,0.090098768,0.007054883,0.641225777,0.148392328,0.106871566
427,L,0,-0.360407563,0.108548977,0.100990497,-0.073689933,0.023204598,0.347861676,0.139264202,0.135448455,1.61e-05,0.191249483,0.032360322,0.016955211,-0.183037336,0.01434895,0.015777025,-0.007205393,-0.288075727,0.037877514,0.029341043,-0.017991285,0.018184451,0.368800314,0.052002791,0.046151114,0.014442688,0.669313828,0.247769386,0.205926971,0.003154937,0.223471878,0.090587793,0.072295284,0.008159789,0.640651189,0.230615525,0.178825848
427,L,1,-0.360407563,0.079343192,0.134523445,-0.122229754,0.028848884,0.347861676,0.143298098,0.140573807,1.06e-06,0.18775584,0.027505055,0.014937411,-0.183037336,0.016749319,0.01398122,-0.007352692,-0.288075727,0.024864776,0.026681413,-0.017425379,0.020074676,0.368800314,0.049600625,0.045240262,0.014442688,0.669313828,0.149811814,0.126398298,0.003705882,0.223471878,0.085266248,0.072939975,0.005022811,0.640651189,0.123179732,0.091860999
427,L,2,-0.281619296,0.006500706,0.136391576,-0.127227022,0.032516075,0.191892308,0.136963045,0.134112637,1.06e-06,0.147729969,0.019168091,0.01198993,-0.093190899,0.016749319,0.007209534,-0.00524569,-0.151658076,0.024765669,0.020131676,-0.014547603,0.017100581,0.195096772,0.041524343,0.040588743,0.020526478,0.39597027,0.131300558,0.120405467,0.002805312,0.280571194,0.089736855,0.079188722,0.005022811,0.33118209,0.095849535,0.08407279
427,M,0,-0.277087908,0.116889594,0.1013581,-0.06774454,0.033876146,0.287535455,0.118034654,0.114614335,2.88e-06,0.201427486,0.037167555,0.024766577,-0.174151181,0.024014753,0.017058395,-0.007792439,-0.313661052,0.047688197,0.03060226,-0.015277751,0.015744717,0.355002771,0.052796667,0.04516858,0.055205881,0.779386414,0.37939363,0.313784126,0.004704549,0.312924359,0.118173082,0.089140666,0.019104206,0.77402465,0.36051997,0.283766152
427,M,1,-0.237424379,0.116889594,0.136701805,-0.116833366,0.037607672,0.287535455,0.124793821,0.123011942,2.1e-05,0.201427486,0.036037693,0.022778383,-0.174151181,0.024014753,0.016812096,-0.007444535,-0.313661052,0.047688197,0.03156673,-0.017254802,0.008631464,0.355002771,0.051545717,0.043452539,0.014932371,0.768750107,0.23299828,0.174178575,0.00300897,0.313596095,0.101155552,0.070505518,0.009037214,0.709147213,0.209894623,0.150192795
427,M,2,-0.237424379,-0.011159922,0.145383271,-0.138932564,0.037607672,0.171099642,0.128057932,0.126703071,1.17e-06,0.199579243,0.036619533,0.018634098,-0.072813169,0.012488501,0.008036521,-0.006096447,-0.178806659,0.018722597,0.018089618,-0.013769939,0.008631464,0.201089342,0.041135574,0.040334873,0.014064336,0.590011199,0.12883344,0.097955436,0.00300897,0.313596095,0.068671872,0.049540812,0.00745253,0.533630286,0.109005638,0.078897718
428,H,0,-0.062331772,0.107036724,0.035959317,0.026914091,0.020554264,0.198900045,0.161776618,0.158299538,0.00427157,0.139888429,0.061468973,0.056933393,-0.014276939,0.009180222,0.00423112,-0.001364785,-0.036783496,0.021086453,0.013308915,-0.008769449,0.02772866,0.060928281,0.045066724,0.04476593,0.010558972,0.326355832,0.120074409,0.102306473,0.003883885,0.199172039,0.069281167,0.059802647,0.004843235,0.317020195,0.098071319,0.072735807
428,H,1,-0.062331772,0.09060001,0.027743711,0.021826826,0.020554264,0.203007831,0.164334529,0.161191047,0.007704512,0.180712987,0.077389234,0.071993821,-0.015676418,0.008640497,0.005108439,-0.002488209,-0.037727481,0.021086453,0.017210379,-0.01365922,0.030438562,0.060792654,0.046638711,0.046306594,0.010558972,0.326355832,0.083948913,0.06952852,0.004715783,0.127219321,0.055275186,0.046684313,0.004843235,0.317020195,0.063182859,0.043255692
428,H,2,-0.035926001,0.077837147,0.021274485,0.01661056,0.022255698,0.209958194,0.166186821,0.164005331,0.007704512,0.180712987,0.076380109,0.069864415,-0.017380688,0.007252022,0.005887106,-0.004168848,-0.040604322,0.020728818,0.018478237,-0.015258847,0.025823726,0.062303022,0.047036828,0.046664356,0.012706102,0.199143283,0.077067162,0.067623468,0.003261224,0.136335171,0.054077212,0.045062439,0.006119884,0.170764184,0.054909039,0.043508585
428,L,0,-0.0825225,0.084620006,0.037174064,0.018522012,0.019530716,0.203816223,0.163612778,0.161155917,0.012259264,0.181860537,0.065125178,0.059625444,-0.013740809,0.010822481,0.005085077,-0.003338758,-0.037288943,0.023065165,0.012083266,-0.007161525,0.028912882,0.062959988,0.045632477,0.04538583,0.00746047,0.30931587,0.09996393,0.087489712,0.002608505,0.173337549,0.06732869,0.0578152,0.005643161,0.296950747,0.073889342,0.057884689
428,L,1,-0.102461977,0.103626239,0.034401856,-0.010357734,0.030455691,0.212608964,0.169072867,0.167271681,0.012259264,0.20288108,0.066057459,0.058179446,-0.015526398,0.012928245,0.005234183,-0.003703536,-0.041794392,0.023065165,0.011102366,-0.007953117,0.026276313,0.063208187,0.046210625,0.046031498,0.00746047,0.275879921,0.079283126,0.068431464,0.002608505,0.207826449,0.049766092,0.036791902,0.005197095,0.260882896,0.061718313,0.050533858
428,L,2,-0.102461977,0.103626239,0.027429309,-0.020144089,0.039070268,0.212608964,0.170673983,0.169456577,0.013969729,0.20288108,0.052851813,0.045067792,-0.015526398,0.012928245,0.004875689,-0.003682844,-0.041794392,0.018321172,0.009899047,-0.006879644,0.026276313,0.063208187,0.046764756,0.04665338,0.008202352,0.245304576,0.064952685,0.055596174,0.002592356,0.207826449,0.042823608,0.031782753,0.005197095,0.210877844,0.048836357,0.039905138
428,M,0,-0.041462993,0.096539547,0.03385718,0.022648041,0.022505812,0.200894791,0.162862658,0.160504977,0.000310935,0.162893151,0.041808028,0.036648983,-0.01659932,0.008914697,0.004378448,-0.001762829,-0.04161922,0.021199025,0.013971093,-0.009279386,0.018931348,0.059382111,0.041488113,0.040907458,0.013651681,0.22666688,0.1044643,0.09581476,0.005365626,0.155059859,0.082519289,0.07318848,0.006285314,0.218626887,0.064057451,0.045752928
428,M,1,-0.024876305,0.097097323,0.042748577,0.034137516,0.022505812,0.19896282,0.159906254,0.157690572,0.004919984,0.18825478,0.056369769,0.048637354,-0.01659932,0.008856104,0.004798573,-0.002651717,-0.04161922,0.023976099,0.014216822,-0.010853344,0.02479688,0.059382111,0.045133036,0.044760518,0.013651681,0.22666688,0.095158999,0.085914969,0.002454583,0.155059859,0.065454272,0.053758702,0.007190844,0.218626887,0.069072233,0.055129467
428,M,2,-0.026242678,0.098643218,0.044502716,0.038055767,0.039356826,0.19896282,0.160550862,0.158509401,0.002921479,0.18825478,0.060634194,0.050713,-0.014087728,0.008856104,0.004440014,-0.002592879,-0.034377148,0.024506513,0.012144682,-0.009021587,0.027931513,0.060136746,0.04626925,0.045989085,0.011833644,0.231767332,0.08227591,0.073218712,0.002026285,0.163661753,0.057012722,0.046541208,0.007493128,0.197534218,0.059320104,0.04979382
429,H,0,-0.093336401,0.410489954,0.070667355,0.025462553,0.010219218,0.204665874,0.137950113,0.125388831,6.04e-06,0.398613443,0.096677331,0.060658528,-0.018958187,0.010786151,0.007779715,-0.005166566,-0.053498862,0.022283829,0.020736374,-0.013257527,0.019090729,0.073685846,0.042697478,0.041576137,0.019179883,0.871799359,0.263973008,0.231635622,0.002832314,0.185322186,0.073663957,0.059692087,0.009534118,0.866494922,0.25348643,0.21687755
429,H,1,-0.108179951,0.089135969,0.035778211,-0.000700914,0.006834157,0.215812087,0.139933201,0.129830312,3.93e-07,0.427457899,0.120407713,0.08459424,-0.018958187,0.011798302,0.007427133,-0.005398086,-0.053802278,0.022283829,0.021289782,-0.013132588,0.017724407,0.073685846,0.04319648,0.041964249,0.017977673,0.668332767,0.256842256,0.226914263,0.004899844,0.300494789,0.086532586,0.068357574,0.010490733,0.65912747,0.2418265,0.207013357
429,H,2,-0.121586046,0.114771083,0.036148154,0.004079312,0.006834157,0.215812087,0.143042595,0.135012415,3.93e-07,0.427457899,0.118763299,0.083628416,-0.020709822,0.011798302,0.008199789,-0.005919053,-0.053802278,0.019972413,0.021575646,-0.014716227,0.017724407,0.070071188,0.044844929,0.043867013,0.014002029,0.744594163,0.233029067,0.190731239,0.004269736,0.300494789,0.079975276,0.063381869,0.009697344,0.741185817,0.218875538,0.168694293
429,L,0,-0.09765395,0.124493728,0.031165088,-0.011910439,0.008615181,0.21116748,0.146416292,0.13680396,4.48e-06,0.415433656,0.074828125,0.042606729,-0.020637284,0.012522389,0.009190697,-0.006551658,-0.048747581,0.023116053,0.028217185,-0.022505429,0.019814501,0.067079588,0.046744729,0.045664272,0.017987727,0.467399646,0.171691041,0.151307304,0.00363216,0.227570253,0.079415144,0.066364439,0.012444282,0.454689975,0.152220395,0.125960141
429,L,1,-0.144376481,0.062197445,0.033146951,-0.021257768,0.005965931,0.208171514,0.148017174,0.14141165,7.1e-06,0.415433656,0.093521836,0.054549578,-0.021027148,0.011929284,0.009669789,-0.007272474,-0.049364128,0.023116053,0.025709969,-0.019656453,0.01866198,0.067079588,0.046561043,0.045689611,0.017773208,0.716221263,0.195866828,0.150231477,0.005613646,0.227570253,0.081260048,0.066387066,0.009361174,0.711976699,0.178215091,0.119396739
429,L,2,-0.144376481,0.037734149,0.033705591,-0.021655031,0.005965931,0.192259275,0.143473455,0.136300188,7.8e-06,0.431229334,0.089491381,0.046395954,-0.021027148,0.012072699,0.008680377,-0.005829015,-0.050306425,0.019111284,0.022436834,-0.015645631,0.01584377,0.066950768,0.044251739,0.043356421,0.0117528,0.716221263,0.241115972,0.184541864,0.004147658,0.291822236,0.086103866,0.069434463,0.007367562,0.711976699,0.225217753,0.156577132
429,M,0,-0.109862571,0.193235781,0.032656966,-0.005607929,0.00806295,0.217905836,0.142698284,0.129508669,1.07e-07,0.40230698,0.098303892,0.057777984,-0.02276801,0.012021762,0.009814579,-0.00843368,-0.054797741,0.021688601,0.021100809,-0.012443068,0.017215743,0.062490061,0.041951652,0.041014023,0.015062775,0.486273029,0.226784156,0.207128832,0.003640002,0.263536875,0.071706313,0.056032044,0.011056661,0.435622396,0.215149386,0.19321818
429,M,1,-0.097275977,0.078041932,0.024300062,-0.010094702,0.008307212,0.203656735,0.149702816,0.141192686,3.09e-06,0.417728815,0.103675925,0.06267251,-0.02276801,0.009147448,0.0095445,-0.008068072,-0.054797741,0.021688601,0.02474729,-0.017695407,0.016447304,0.066313978,0.044935415,0.043961173,0.013737135,0.566231527,0.199591106,0.168362332,0.00328796,0.207319309,0.064749627,0.048648491,0.010095238,0.566067449,0.188796439,0.152832266
429,M,2,-0.080036892,0.115267949,0.025221591,0.007486481,0.00839739,0.203656735,0.151536402,0.145022001,1.84e-06,0.417728815,0.091452576,0.051333085,-0.02291331,0.013712235,0.008771129,-0.005194413,-0.048143684,0.016042446,0.026830219,-0.022324572,0.016447304,0.066313978,0.046860212,0.046170027,0.013737135,0.577552882,0.175733501,0.128080527,0.00328796,0.205458495,0.067510734,0.053693503,0.010095238,0.567508916,0.162248465,0.107920601
430,H,0,-0.162001971,0.088819707,0.043183783,-0.016279027,0.007566763,0.200431396,0.146379178,0.14041462,2.39e-12,0.199225213,0.028195922,0.009311734,-0.015781078,0.009028252,0.004950256,-0.003284547,-0.039149516,0.021339658,0.01572597,-0.008259743,0.027320086,0.058502978,0.04443301,0.043985692,0.026220984,0.700928353,0.205024507,0.180253236,0.003798409,0.35345639,0.109343558,0.092166745,0.006080193,0.69844346,0.173433085,0.139892148
430,H,1,-0.163941259,0.050565222,0.057363339,-0.045148867,0.008660481,0.196775928,0.153087235,0.14708272,5.96e-07,0.199225213,0.032536245,0.0119428,-0.015781078,0.009028252,0.00546815,-0.003830427,-0.039149516,0.018743653,0.018701843,-0.013594893,0.027263369,0.058502978,0.044173876,0.043611232,0.012274473,0.700928353,0.213622853,0.186752033,0.003743159,0.301553277,0.126815308,0.106689261,0.006080193,0.69844346,0.171908699,0.124966947
430,H,2,-0.185949661,0.076693627,0.057307731,-0.045854066,0.012965009,0.200083551,0.152756925,0.146984867,8.06e-07,0.218166731,0.043523456,0.021655032,-0.01527546,0.008364994,0.005617676,-0.003866941,-0.040833594,0.018743653,0.020097091,-0.015201257,0.024863596,0.060357074,0.044999533,0.044460741,0.007600238,0.646377943,0.200018125,0.16722464,0.003161421,0.378594663,0.129507119,0.110051225,0.006001421,0.64568126,0.152430824,0.098995736
430,L,0,-0.162991126,0.150651994,0.076232542,-0.060166746,0.008541405,0.195756523,0.151607938,0.146135739,1.38e-09,0.217195172,0.029090795,0.010362846,-0.01595725,0.010437949,0.006493078,-0.004080935,-0.039148846,0.020791651,0.020161124,-0.016089685,0.026910794,0.061216838,0.045581007,0.045224363,0.011828111,0.671103754,0.176158217,0.136759695,0.003065697,0.282253156,0.090118901,0.073853533,0.006432258,0.647752813,0.151361491,0.102880404
430,L,1,-0.162991126,0.001066427,0.085037004,-0.079545422,0.017378435,0.187327197,0.157106318,0.153234467,1.47e-08,0.217195172,0.038273331,0.016016205,-0.01699165,0.010437949,0.00633173,-0.004002441,-0.037687733,0.020147146,0.020539111,-0.017932577,0.026139287,0.060676028,0.046804455,0.046485082,0.00783764,0.671103754,0.157152827,0.108567008,0.001818449,0.268685952,0.072050619,0.055090753,0.004827584,0.647752813,0.139662877,0.083451012
430,L,2,-0.144139584,-0.01373451,0.098892923,-0.096110574,0.017378435,0.185295741,0.160868289,0.158669215,2.36e-07,0.161284949,0.025814216,0.008463942,-0.01699165,0.008030528,0.006340806,-0.004644578,-0.037111455,0.018154772,0.020014389,-0.018361347,0.026139287,0.058019418,0.046686499,0.046408446,0.00783764,0.64215927,0.114007661,0.082412909,0.001818449,0.155495618,0.05334428,0.041312464,0.004827584,0.633387816,0.100757801,0.064549077
430,M,0,-0.136053135,0.053818137,0.074957461,-0.060493318,0.012000594,0.198048569,0.149857923,0.144948842,5.03e-11,0.018231062,0.004222381,0.002564389,-0.014423809,0.00752603,0.006038955,-0.004759481,-0.040439399,0.023718856,0.022255717,-0.018759679,0.027738149,0.06245779,0.046531573,0.046067713,0.016403938,0.59936126,0.170087137,0.140549495,0.002106357,0.42376329,0.099682487,0.07364242,0.007465276,0.582918877,0.137815224,0.103602218
430,M,1,-0.136053135,0.020310168,0.085714489,-0.079352879,0.012000594,0.203347973,0.157977007,0.155121125,5.03e-11,0.246014522,0.034389689,0.013026952,-0.015457835,0.00752603,0.005596475,-0.004054877,-0.039530337,0.01963032,0.021881982,-0.019701219,0.027183602,0.06245779,0.047052984,0.046669757,0.016403938,0.59936126,0.14447447,0.123312445,0.002106357,0.24931679,0.073828042,0.057824682,0.006011588,0.582918877,0.124186524,0.097322622
430,M,2,-0.134863788,0.005062749,0.075580865,-0.068630357,0.011069251,0.203347973,0.154017017,0.149570286,4.04e-08,0.246014522,0.039550158,0.016486318,-0.017050137,0.008267684,0.00601089,-0.004112256,-0.039704368,0.019279999,0.022072737,-0.019209949,0.027183602,0.061256451,0.046707804,0.046296475,0.010617946,0.750110469,0.179314751,0.137563936,0.003415532,0.24931679,0.086767477,0.070071464,0.00575709,0.727287892,0.156924137,0.104145611
431,H,0,-0.293391591,-0.138481804,0.211608738,-0.209763876,0.011615554,0.189688658,0.139751502,0.134121177,2.78e-09,0.13382264,0.027011281,0.011439403,-0.016907321,0.012896362,0.0057696,-0.000745114,-0.047409498,0.016992861,0.0253889,-0.020492987,0.024298602,0.060823055,0.044549336,0.044004525,0.008036575,0.435875864,0.18206521,0.161449108,0.003892825,0.205790301,0.088723557,0.077553259,0.005093176,0.433733075,0.158983871,0.125649673
431,H,1,-0.299862026,-0.143375548,0.223602482,-0.221718334,0.003704051,0.189907172,0.14425554,0.141152436,5.39e-06,0.134174991,0.038346965,0.019819779,-0.021067625,0.012896362,0.005151776,-0.00019091,-0.048113256,0.016992861,0.026886727,-0.024005344,0.024437805,0.062839923,0.045619994,0.045107058,0.008036575,0.347787542,0.139354118,0.125047402,0.003892825,0.29731325,0.101395685,0.082001574,0.007030821,0.317614726,0.095595424,0.077370122
431,H,2,-0.299862026,-0.130332474,0.229058385,-0.227608401,0.003704051,0.197342874,0.140686433,0.137260912,5.39e-06,0.141586564,0.033834119,0.016307681,-0.021067625,0.010477135,0.005173946,-0.002474199,-0.048113256,0.018872639,0.027859768,-0.024136283,0.024120706,0.063589514,0.045676246,0.044989413,0.018637227,0.329115372,0.15882388,0.146604074,0.005420566,0.29731325,0.100820633,0.07963813,0.007333174,0.281045814,0.122720108,0.109241613
431,L,0,-0.324074282,-0.141781564,0.233932618,-0.232416279,0.004659956,0.191116778,0.142540516,0.138591072,1.33e-06,0.123962699,0.019679382,0.007957457,-0.01711214,0.011826945,0.005761591,-0.004231534,-0.046696873,0.015097394,0.02176426,-0.019029139,0.025235313,0.060065908,0.043134209,0.042685502,0.008792077,0.414653956,0.139995748,0.124329469,0.004490518,0.174679963,0.05429448,0.046158121,0.00486277,0.381543282,0.129038439,0.111186177
431,L,1,-0.281731044,-0.155566098,0.226837701,-0.225626593,0.014879142,0.191116778,0.147757294,0.144146536,7.46e-09,0.123962699,0.019639039,0.00782647,-0.015847994,0.006301057,0.003907615,-0.002332117,-0.042176767,0.01455121,0.023163861,-0.020544021,0.025381521,0.057066218,0.043798885,0.043466813,0.008792077,0.36205499,0.097901794,0.083851096,0.003870562,0.194055435,0.060423565,0.049544121,0.006352688,0.313394952,0.077030864,0.060448012
431,L,2,-0.281731044,-0.142314247,0.228732006,-0.227606604,0.009865713,0.187999281,0.145385081,0.141284131,7.46e-09,0.12537719,0.018985352,0.007765142,-0.017937018,0.006301057,0.003561565,-0.0017213,-0.042134051,0.016882868,0.022941899,-0.019775602,0.025289996,0.061472627,0.043394907,0.043023726,0.014166562,0.36205499,0.113185472,0.098307311,0.003329716,0.194055435,0.059883204,0.048512531,0.006119479,0.313394952,0.096046619,0.076544989
431,M,0,-0.263800574,-0.153590221,0.221687609,-0.220974983,0.001718876,0.178023248,0.139945268,0.135863889,2.93e-11,0.02002245,0.005797911,0.003857299,-0.018563244,0.01017998,0.004518543,-0.002842943,-0.046380873,0.014774181,0.029444568,-0.026401419,0.024990639,0.059793434,0.046352752,0.045854909,0.006759011,0.368184605,0.123457602,0.093008192,0.0030499,0.227752762,0.049550024,0.03508961,0.004682736,0.348444867,0.113077738,0.083082364
431,M,1,-0.263800574,-0.13923286,0.217381656,-0.216237978,0.016283969,0.196109323,0.140292747,0.136205098,2.93e-11,0.180111099,0.026808195,0.010444881,-0.018720509,0.01017998,0.004098064,-0.001986717,-0.046380873,0.012477904,0.029466798,-0.026042103,0.024887428,0.063192233,0.046270858,0.045643355,0.006759011,0.368184605,0.12299744,0.098051866,0.002921823,0.348667104,0.068080412,0.045981245,0.004682736,0.348444867,0.102437433,0.077781954
431,M,2,-0.299608041,-0.13923286,0.214910118,-0.213527374,0.006243324,0.196109323,0.139305026,0.134047365,5.03e-08,0.180111099,0.030095521,0.0138051,-0.018720509,0.014950131,0.004735313,-0.001670719,-0.045767788,0.019159349,0.030382759,-0.026545401,0.024887428,0.0650569,0.047277203,0.046591243,0.009856345,0.36340182,0.149618619,0.132105424,0.002921823,0.348667104,0.079739741,0.062095031,0.006723112,0.298483249,0.126598992,0.108146185
432,H,0,-0.296829408,0.154541844,0.101675279,-0.071986108,0.004289959,0.201702629,0.134699683,0.125226534,2.06e-07,0.306022273,0.117448798,0.084610428,-0.022505078,0.007284609,0.006892141,-0.005302576,-0.043783162,0.020936709,0.0229894,-0.0183934,0.020834363,0.058571798,0.041760824,0.041095075,0.013932704,0.611503248,0.286701832,0.259921195,0.005390641,0.483908955,0.16253274,0.127647337,0.006912049,0.591060016,0.23618012,0.201604386
432,H,1,-0.294285652,0.087741117,0.102168977,-0.086621307,0.005792291,0.203364516,0.140246369,0.130952723,2.41e-05,0.222396948,0.096970011,0.075586258,-0.01504764,0.008233405,0.005762612,-0.003978412,-0.043783162,0.021797221,0.021088499,-0.016709807,0.019136258,0.058571798,0.040149045,0.039533956,0.013932704,0.672131577,0.278016054,0.240962235,0.005788893,0.322157846,0.119389489,0.097469799,0.006912049,0.665401722,0.251075837,0.199364408
432,H,2,-0.294285652,0.047047761,0.120177518,-0.112386503,0.005792291,0.203364516,0.146087775,0.137886224,7.05e-06,0.259047086,0.088633724,0.063577466,-0.018591596,0.009187271,0.005696069,-0.003670183,-0.043113477,0.021797221,0.0204559,-0.016414024,0.019136258,0.056324178,0.039596202,0.039062485,0.016334109,0.984605267,0.285490029,0.231074845,0.005788893,0.336927892,0.12296504,0.096531441,0.008144178,0.92668888,0.257651228,0.189070043
432,L,0,-0.195629218,0.076904316,0.105746952,-0.090518718,0.008643797,0.205404346,0.136806125,0.128547325,2.11e-10,0.223011076,0.068483753,0.042173219,-0.019361589,0.008197667,0.007389842,-0.006024837,-0.046135708,0.019411198,0.020508486,-0.015101062,0.024105112,0.062935289,0.0426474,0.042006021,0.014305502,0.526776155,0.195986717,0.169513547,0.004585278,0.251833694,0.09665795,0.080214129,0.007323208,0.473287847,0.170493502,0.138398508
432,L,1,-0.152042469,0.061303423,0.069532902,-0.054264929,0.010656668,0.202054993,0.145420962,0.138389289,6.54e-14,0.198455114,0.067093881,0.042280777,-0.018221997,0.008197667,0.006713707,-0.005315806,-0.046135708,0.019493695,0.022951326,-0.019136299,0.023692011,0.062935289,0.042955435,0.042338254,0.012507133,0.569721504,0.196599564,0.160568209,0.004785428,0.251833694,0.084585144,0.066008654,0.007323208,0.544785383,0.177473215,0.134618505
432,L,2,-0.205109739,0.061296619,0.071140018,-0.056336596,0.009889987,0.202973153,0.145571398,0.13755782,6.54e-14,0.173537227,0.049869417,0.028202907,-0.01661095,0.008075414,0.006479411,-0.00496336,-0.045470918,0.022158374,0.023296173,-0.019303974,0.023692011,0.059550471,0.042041271,0.04153972,0.012507133,0.569721504,0.176449829,0.131930537,0.004785428,0.204548265,0.073411574,0.056006116,0.006435328,0.544785383,0.160453367,0.10813898
432,M,0,-0.250139128,0.033178807,0.117096533,-0.108754292,0.007780169,0.206060815,0.136924405,0.12762374,2.27e-07,0.220140816,0.061898604,0.038044417,-0.129016401,0.032397106,0.008616194,-0.006265873,-0.127946938,0.025179741,0.021843984,-0.017066732,0.015017866,0.195227313,0.041546456,0.040680939,0.017322193,1.787487482,0.428256296,0.331289617,0.004999046,0.748598079,0.214390874,0.158413273,0.01036877,1.623914073,0.370729023,0.274432378
432,M,1,-0.221439286,0.082193596,0.124184229,-0.118699111,0.004523378,0.201990097,0.143620799,0.137231221,1.99e-08,0.220140816,0.063304253,0.038839141,-0.016922142,0.008060692,0.00673252,-0.00530236,-0.044148082,0.019019465,0.023115838,-0.019674921,0.023517713,0.057218548,0.041116644,0.040579901,0.011999517,0.85387228,0.208441973,0.182289585,0.004857156,0.297998514,0.100690749,0.077774231,0.008552682,0.853744092,0.18250871,0.152378426
432,M,2,-0.217546721,0.082193596,0.133618411,-0.126565876,0.004523378,0.201990097,0.141065222,0.135785967,1.81e-11,0.186144107,0.068100922,0.041756271,-0.01591882,0.004829486,0.006681836,-0.005308577,-0.047918136,0.022838711,0.025776932,-0.022304178,0.024933446,0.061905861,0.042741116,0.042052426,0.011999517,0.421582742,0.165211433,0.150089596,0.004348561,0.213789674,0.075920165,0.06291737,0.008552682,0.398115209,0.14673427,0.125742637
433,H,0,-0.302137625,0.16376208,0.090202247,-0.051075246,0.010099687,0.214540237,0.163886962,0.154088416,6.55e-07,0.140689728,0.028439934,0.01724867,-0.012997691,0.009902815,0.003840697,-0.001185301,-0.037415942,0.02509801,0.017138017,-0.01214624,0.020366138,0.057449646,0.037769899,0.037346073,0.016419251,0.895969246,0.240340586,0.206241794,0.003223315,0.385166974,0.12300136,0.095276743,0.010040879,0.883060747,0.20648066,0.166645169
433,H,1,-0.309475742,0.085017572,0.105370382,-0.078789924,0.010099687,0.214964215,0.166813124,0.158341065,5.13e-06,0.150007085,0.037945829,0.023108171,-0.013008016,0.009260068,0.003678029,-0.001153645,-0.039391959,0.03314323,0.018004925,-0.013304207,0.020366138,0.058735719,0.039015018,0.038521683,0.015562037,0.964207463,0.292100564,0.219655737,0.003223315,0.421785899,0.130398909,0.097024902,0.009946944,0.962998152,0.261378775,0.1775179
433,H,2,-0.309475742,0.047403546,0.097082194,-0.066710371,0.020233018,0.214964215,0.16986056,0.162302754,3.33e-07,0.150007085,0.030691613,0.017723952,-0.013639612,0.009260068,0.003900003,-0.001038356,-0.039391959,0.03314323,0.021593833,-0.016932341,0.021471731,0.058735719,0.040901586,0.040425608,0.015562037,0.964207463,0.278133708,0.195380674,0.003488339,0.421785899,0.118638378,0.085285036,0.008975707,0.962998152,0.251561712,0.159626525
433,L,0,-0.258325866,0.075335867,0.083894076,-0.060244267,0.009507699,0.219715975,0.165712973,0.157236817,7.84e-07,0.180669812,0.0314178,0.01764738,-0.012181646,0.011203558,0.004045698,-0.000378135,-0.035539895,0.027282486,0.016989671,-0.012799209,0.021577295,0.053154901,0.037719957,0.03726353,0.015290458,0.387782923,0.159546514,0.143465958,0.003671236,0.387134153,0.113940702,0.090130292,0.00754867,0.285108294,0.111680825,0.091308826
433,L,1,-0.221492203,0.037994472,0.070497146,-0.051749119,0.0102013,0.214839156,0.177368887,0.171240275,1.92e-06,0.180669812,0.027931931,0.01675534,-0.011584801,0.010684664,0.003789758,-0.001244687,-0.035214192,0.024764466,0.015194515,-0.012800202,0.021577295,0.054205548,0.037272561,0.036808616,0.015290458,0.476981866,0.161356301,0.136552487,0.002680031,0.280214685,0.103654964,0.086014936,0.00754867,0.440611029,0.123658823,0.091081748
433,L,2,-0.4076184,0.037994472,0.087475075,-0.058514593,0.006895425,0.21655853,0.170988506,0.163996585,1.14e-06,0.066806638,0.012907626,0.008910061,-0.011584801,0.010977773,0.003888513,-0.001151236,-0.041622209,0.024689011,0.016565641,-0.013638427,0.013365241,0.056897259,0.037461999,0.036956604,0.015312985,0.885550967,0.212732284,0.163059405,0.001980739,0.423668427,0.113321585,0.08532651,0.008833356,0.879903997,0.180036783,0.125289706
433,M,0,-0.26922311,0.015381933,0.082476259,-0.06589739,0.005572934,0.213104417,0.159842769,0.14871914,1.59e-05,0.071226874,0.023986505,0.019931873,-0.019532538,0.012176193,0.004621811,-0.001060198,-0.034182887,0.022666169,0.0142682,-0.010544363,0.021809093,0.055180317,0.0379134,0.037398446,0.013715506,0.508040745,0.139954652,0.113207389,0.00474303,0.239936199,0.070762052,0.054781424,0.009618457,0.460512385,0.120747822,0.092201113
433,M,1,-0.209254799,0.004230575,0.065773027,-0.051085878,0.019286985,0.213104417,0.176009946,0.169992365,7.57e-06,0.212727802,0.032277465,0.021912342,-0.011914591,0.014957138,0.004327017,-0.001195263,-0.034182887,0.022022141,0.015699078,-0.013119308,0.021809093,0.052133338,0.039346012,0.038997363,0.013715506,0.324225392,0.125209603,0.110134951,0.004339859,0.22044835,0.090680483,0.072304313,0.009785914,0.254989965,0.086339415,0.068865498
433,M,2,-0.205359374,-0.00242393,0.068576492,-0.055028327,0.019286985,0.212730727,0.173803194,0.167343503,7.57e-06,0.212727802,0.031736647,0.020223987,-0.011322998,0.014957138,0.004261696,-0.001276288,-0.033154398,0.025270525,0.016412221,-0.013134694,0.023328344,0.0545283,0.03858286,0.03825869,0.014327325,0.280685599,0.125345094,0.111622582,0.003586307,0.246944036,0.091629534,0.075754691,0.007152841,0.248482842,0.085530235,0.067750338
434,H,0,-0.143093223,0.39846289,0.075244209,-0.036959601,0.009655271,0.236730449,0.177653578,0.170094978,5.89e-08,0.231202667,0.043921927,0.023646752,-0.012672318,0.017760001,0.005248843,0.001958704,-0.056397538,0.018323024,0.024660885,-0.021361534,0.025545794,0.0702237,0.047923959,0.047276079,0.010325434,0.70622135,0.212675435,0.180945173,0.002460867,0.705751767,0.147877155,0.107396819,0.007479671,0.595413817,0.152850213,0.121060412
434,H,1,-0.143093223,0.031654498,0.069882976,-0.061096215,0.009655271,0.241627758,0.182916205,0.176293113,5.89e-08,0.133729,0.024114182,0.015378116,-0.01077903,0.015711621,0.005851322,0.00406358,-0.051266863,0.017782518,0.025423158,-0.023000716,0.027783705,0.067768936,0.048596999,0.048099277,0.009724049,0.291984461,0.105378622,0.090103802,0.002460867,0.291625036,0.08225659,0.058893899,0.006860588,0.198603655,0.065867347,0.052945765
434,H,2,-0.128477098,0.022625027,0.066611407,-0.060226038,0.012277691,0.241627758,0.182776769,0.177242868,1.45e-07,0.150051612,0.014807323,0.011136777,-0.009602342,0.015584954,0.005475014,0.00299681,-0.045268157,0.013951733,0.026967566,-0.025073098,0.030670552,0.068301817,0.049149117,0.048712105,0.009724049,0.215935626,0.101368442,0.086636997,0.002986585,0.151636267,0.064442052,0.052367875,0.006860588,0.198989051,0.078248213,0.06211368
434,L,0,-0.326780281,0.291995967,0.080699153,-0.063575479,0.008963015,0.660942249,0.181614025,0.171183399,1.19e-06,0.149207156,0.021803634,0.012334422,-0.055362704,0.72282459,0.045662548,0.005032027,-0.267239188,0.014721573,0.030258492,-0.023304001,0.028361822,0.798157514,0.068266641,0.051090785,0.015245416,1.268953329,0.190331705,0.138380627,0.004445476,0.568195836,0.114353196,0.087585077,0.008784228,1.146390065,0.152149613,0.092388597
434,L,1,-0.171729368,0.016598395,0.097551977,-0.091906206,0.014233912,0.234998722,0.181027111,0.174366935,1.32e-05,0.149207156,0.017499904,0.01085037,-0.015631211,0.01652238,0.004316041,-0.000211035,-0.044764559,0.013176124,0.025581764,-0.023349087,0.026642545,0.06801869,0.047686138,0.047109231,0.017585446,0.237210325,0.112724388,0.100699579,0.004445476,0.226507208,0.089138974,0.073651171,0.006426034,0.216897834,0.069000224,0.056169704
434,L,2,-0.195714708,-0.002754186,0.103145672,-0.097590268,0.008761803,0.235696938,0.178258233,0.17195516,3.41e-07,0.142000363,0.013927794,0.010286242,-0.015080658,0.01652238,0.004144714,-0.000904336,-0.046353839,0.017122806,0.026687845,-0.024417363,0.026642545,0.067630017,0.048877576,0.048243508,0.019083617,0.28622972,0.121072034,0.106028253,0.004599916,0.284119248,0.100763049,0.081071052,0.006426034,0.217725264,0.067121124,0.05494247
434,M,0,-0.135995846,0.267368362,0.075122695,-0.057799214,0.00339723,0.242748109,0.171473036,0.162077517,3.34e-08,0.161866456,0.018381333,0.010814703,-0.013663638,0.01264402,0.003887763,0.000619732,-0.051061251,0.015759224,0.024052997,-0.020555849,0.024400635,0.065326296,0.045724167,0.045150771,0.015515313,0.490787893,0.127937898,0.11392575,0.002608664,0.349331052,0.08424335,0.061476206,0.009985211,0.34473261,0.096286882,0.082894593
434,M,1,-0.117346876,0.039287212,0.049966844,-0.039048356,0.004359652,0.243700314,0.175025672,0.167409182,2.16e-06,0.161866456,0.02528289,0.014998004,-0.011868713,0.013196226,0.004719703,0.00140464,-0.052787662,0.015617615,0.02575757,-0.022653688,0.026733308,0.067680661,0.046304239,0.045687046,0.014412554,0.250781501,0.103485083,0.093397592,0.002608664,0.162865881,0.050372847,0.037350881,0.009985211,0.214041438,0.09039767,0.080749564
434,M,2,-0.195495363,0.031037098,0.068908366,-0.056152833,0.004359652,0.243700314,0.17194403,0.164660728,1.05e-06,0.12961863,0.020481559,0.011379498,-0.012010683,0.014359125,0.004537765,0.001492175,-0.052787662,0.020878333,0.026953151,-0.023863932,0.026429167,0.067680661,0.047246774,0.046620834,0.014412554,0.250781501,0.102240743,0.090835551,0.002195005,0.152443845,0.050217532,0.037510572,0.010144992,0.214041438,0.089058233,0.077142413
435,H,0,-0.157150394,-0.014158938,0.096127812,-0.091451784,0.01127513,0.201782765,0.143079846,0.136060868,5.56e-08,0.230319862,0.039813144,0.020281668,-0.022590571,0.008886581,0.008676034,-0.005836223,-0.047727419,0.022731345,0.026233669,-0.021493732,0.02229857,0.066450128,0.047821329,0.047189049,0.011002146,0.386141317,0.137936132,0.119296217,0.004769131,0.224322473,0.085411658,0.066786626,0.007447914,0.38159006,0.108310781,0.088476742
435,H,1,-0.210272393,-0.014158938,0.093454881,-0.087682246,0.005952672,0.207274314,0.155070481,0.148144405,4.86e-09,0.23870565,0.039281026,0.01622984,-0.020072122,0.011994719,0.006333201,-0.003863977,-0.048402033,0.017575324,0.028650684,-0.025583487,0.02229857,0.067479976,0.048822568,0.048213048,0.011002146,0.424507855,0.161064975,0.140623966,0.003140646,0.224322473,0.086450834,0.069945149,0.007447914,0.413649775,0.135897681,0.110267205
435,H,2,-0.210272393,0.000557923,0.095194201,-0.089424324,0.005952672,0.207274314,0.154299351,0.146640907,4.86e-09,0.252720207,0.050079948,0.027386244,-0.020072122,0.011994719,0.007007208,-0.004944693,-0.048402033,0.022634352,0.028032115,-0.024755754,0.024832768,0.067479976,0.049099372,0.048485414,0.021675403,0.424507855,0.17749055,0.15765942,0.003140646,0.26450652,0.096951798,0.080332486,0.005800815,0.413649775,0.148671598,0.120033884
435,L,0,-0.213272948,0.134989706,0.084001964,-0.066960763,0.00903492,0.213501716,0.155023209,0.148255158,8.39e-07,0.274468533,0.033383741,0.013600036,-0.016404962,0.010399363,0.005893403,-0.003129056,-0.048012248,0.0240273,0.028054778,-0.024263964,0.023710403,0.066938665,0.050064582,0.049474331,0.015170396,0.459522816,0.203527525,0.165235361,0.00335352,0.406896955,0.144904094,0.101335699,0.011446311,0.436204712,0.142920457,0.108914877
435,L,1,-0.213272948,0.002898449,0.077957322,-0.065910508,0.013778472,0.217108239,0.170449517,0.165895034,3.02e-08,0.274468533,0.059581018,0.034102772,-0.015562838,0.010399363,0.005573561,-0.003526951,-0.049112217,0.023128381,0.026987037,-0.0246015,0.023710403,0.070401908,0.051047815,0.050484633,0.015170396,0.459522816,0.191376299,0.161143183,0.00335352,0.406896955,0.157507043,0.113565686,0.009569197,0.410209933,0.108703353,0.090514744
435,L,2,-0.181205916,0.002898449,0.064249708,-0.05203408,0.00442622,0.217108239,0.176012488,0.173297981,3.02e-08,0.219556566,0.050155846,0.025510385,-0.015224277,0.006422681,0.005406938,-0.004149133,-0.049112217,0.021832684,0.026459894,-0.02468112,0.026210079,0.070401908,0.051336916,0.050854107,0.013308225,0.310930342,0.133020817,0.123023945,0.003684918,0.309625165,0.105045192,0.081997431,0.009569197,0.206764546,0.081609101,0.074132771
435,M,0,-0.181656943,0.059709567,0.076376585,-0.064301427,0.0108026,0.213811487,0.156386281,0.150609594,9.85e-08,0.20459206,0.070733307,0.045017333,-0.017854264,0.008466862,0.006741781,-0.004895852,-0.056929106,0.01995212,0.026299439,-0.023084124,0.021225612,0.067373548,0.048841711,0.048149121,0.013344208,0.664666729,0.197806693,0.171865506,0.003620011,0.536960961,0.125592384,0.100437448,0.007043232,0.458472971,0.15282029,0.122509694
435,M,1,-0.196074171,0.036152238,0.076599511,-0.062829503,0.0108026,0.213811487,0.165493412,0.160602984,5.55e-07,0.20459206,0.067817711,0.040530085,-0.015285785,0.008018288,0.005751277,-0.004074744,-0.056929106,0.01624648,0.027687451,-0.024748589,0.021225612,0.067373548,0.049207215,0.048569511,0.013492268,0.381255931,0.182736672,0.158838701,0.003624397,0.30351526,0.113269541,0.092930112,0.007774865,0.369539054,0.14339701,0.112628601
435,M,2,-0.204343754,-0.001460406,0.097019067,-0.090350173,0.012730817,0.204995832,0.161307655,0.157120448,5.55e-07,0.13287326,0.010798783,0.005880795,-0.015932535,0.007705266,0.005335426,-0.003109985,-0.050471017,0.022006445,0.030530972,-0.02825981,0.02648234,0.06431156,0.051281166,0.050828435,0.013492268,0.3988733,0.154124438,0.12988209,0.003377177,0.265916459,0.112445479,0.090939222,0.006142085,0.369539054,0.105405677,0.076148356
437,H,0,-0.079399536,0.185126539,0.069397217,0.049682546,0.006646029,0.22617783,0.162094572,0.153719105,2.15e-10,0.206883657,0.020671399,0.007730082,-0.0215851,0.014611679,0.006219365,0.000325773,-0.053679718,0.022500676,0.026317012,-0.022663071,0.019445533,0.075224777,0.050035085,0.049274504,0.010541978,0.788176262,0.219233115,0.155521516,0.001913781,0.509569846,0.145489348,0.100530277,0.006438746,0.784369315,0.164000026,0.093368413
437,H,1,-0.079399536,0.185126539,0.075978543,0.058733352,0.014320014,0.22617783,0.168733159,0.16321982,3.72e-09,0.206883657,0.017783941,0.006167898,-0.017530884,0.01224221,0.005409274,-0.001612485,-0.053679718,0.022500676,0.027011411,-0.024278351,0.019445533,0.075224777,0.050619765,0.049939194,0.010541978,0.788176262,0.217502386,0.168781625,0.001913781,0.468176722,0.135297428,0.101485609,0.006438746,0.784369315,0.170299424,0.109395294
437,H,2,-0.040416044,0.151229206,0.091730435,0.084795415,0.015096176,0.218148554,0.173008798,0.169678379,2.87e-08,0.089144129,0.008803573,0.003645458,-0.017530884,0.012395529,0.005226,-0.000417517,-0.045307118,0.013249182,0.025926003,-0.02434886,0.027066999,0.06458314,0.050325298,0.049979769,0.007178372,0.33908886,0.137471213,0.120918852,0.001870734,0.316174509,0.102582703,0.079880262,0.006081685,0.234163429,0.091515702,0.075778439
437,L,0,-0.101899975,0.24973752,0.078399516,0.061138831,0.008891395,0.212694739,0.16221686,0.154385522,2.06e-07,0.399195995,0.058692202,0.022410984,-0.045877207,0.012090117,0.005622404,-0.002442784,-0.044185498,0.020068649,0.020154727,-0.017512882,0.017286123,0.092432456,0.046866426,0.046343574,0.022045444,0.732386727,0.230565365,0.200403081,0.003016022,0.444865013,0.16749513,0.142170509,0.011526078,0.718157916,0.158448,0.112432449
437,L,1,-0.077877928,0.24973752,0.058032653,0.044231262,0.013212552,0.217325153,0.180373229,0.176439739,1.99e-07,0.103599664,0.007080207,0.003859498,-0.016624141,0.011269661,0.005797208,-0.000887715,-0.040891474,0.013995366,0.017817644,-0.016368982,0.022855009,0.059416644,0.045822338,0.0455476,0.022045444,0.442987696,0.154641725,0.137265011,0.003016022,0.360765418,0.107675546,0.082335846,0.011526078,0.382450896,0.110995675,0.095278
437,L,2,-0.072728612,0.160208366,0.060952848,0.048142949,0.014450703,0.223217791,0.179860161,0.176554875,1.39e-08,0.103599664,0.009622397,0.004487504,-0.017500309,0.011226791,0.005896987,-0.001120589,-0.042041713,0.013895597,0.018967636,-0.01736926,0.023861457,0.061578106,0.045764973,0.045496526,0.021069482,0.462990672,0.144688187,0.125250234,0.003593748,0.291146786,0.089094642,0.066352425,0.011156289,0.364537281,0.11400358,0.09822852
437,M,0,-0.118427578,0.15293558,0.093523703,0.081628055,0.00811251,0.219807314,0.168934032,0.163309583,8.3e-09,0.116955314,0.014124602,0.005678632,-0.021018205,0.01552586,0.005916106,-7.29e-05,-0.045363219,0.014620008,0.023967379,-0.021816943,0.026743557,0.067679929,0.05013201,0.04969637,0.013719964,0.602326782,0.150765533,0.121413488,0.002221449,0.314745749,0.105152359,0.080618207,0.006043012,0.543993084,0.108042711,0.080187253
437,M,1,-0.10705959,0.136758732,0.091648939,0.078071977,0.005759171,0.225366657,0.173782035,0.170306759,8.3e-09,0.116955314,0.013879349,0.005561518,-0.01423238,0.014185958,0.005077016,0.000257147,-0.045254004,0.017542007,0.025354638,-0.023844357,0.026743557,0.067698496,0.051168852,0.050805441,0.013719964,0.381460806,0.123500254,0.108602186,0.002579561,0.258802165,0.097524621,0.078612671,0.004952305,0.286565474,0.07577111,0.062373161
437,M,2,-0.10705959,0.13469192,0.072629601,0.054775164,0.005759171,0.225366657,0.169369382,0.16382818,7.84e-08,0.072346074,0.00521299,0.002915829,-0.012451029,0.013788831,0.004298925,-0.001178184,-0.047545991,0.017542007,0.026448369,-0.024165567,0.027961938,0.069642888,0.052084357,0.051604764,0.01172853,0.381460806,0.120788348,0.104329055,0.001967842,0.258802165,0.094827371,0.073052342,0.004952305,0.286565474,0.074817075,0.062506121
438,H,0,-0.233642344,-0.013747642,0.106611942,-0.103870707,0.003484279,0.200260825,0.153488643,0.145749977,1.06e-05,0.130850879,0.017729067,0.011797547,-0.016678554,0.012109868,0.005655608,-0.003601014,-0.036664731,0.02849539,0.019459315,-0.015345608,0.028245049,0.057415462,0.04421479,0.043854039,0.009612085,0.300594504,0.098861406,0.079282298,0.003453879,0.277906319,0.070568647,0.051204104,0.003811667,0.219952762,0.069236144,0.052363147
438,H,1,-0.180056734,0.153380558,0.096585892,-0.087701801,0.010945689,0.203233492,0.160031724,0.153433147,1.53e-06,0.028891056,0.009993912,0.008024586,-0.016678554,0.009968252,0.005538739,-0.003727106,-0.033145262,0.02849539,0.018764025,-0.014551441,0.027845661,0.057415462,0.043448479,0.043113393,0.009612085,0.245091944,0.07285937,0.063165129,0.004166213,0.220809779,0.058117385,0.045997204,0.003811667,0.138253107,0.043941523,0.036894005
438,H,2,-0.180056734,0.153380558,0.071299482,-0.051472673,0.011423907,0.204544836,0.16775553,0.161882935,1.53e-06,0.21478343,0.033214095,0.013974259,-0.016619157,0.009968252,0.004661883,-0.002718714,-0.037208881,0.027828818,0.018105383,-0.014675279,0.027845661,0.058181421,0.042526482,0.042179731,0.008304645,0.461861963,0.107428845,0.080314516,0.004166213,0.236325384,0.069371636,0.05282791,0.005581168,0.461551491,0.082027634,0.051766467
438,L,0,-0.189110166,-0.006746692,0.095482242,-0.09052444,0.004321856,0.20432128,0.163308509,0.15547505,1.89e-06,0.030182781,0.010007913,0.008368585,-0.015141875,0.011189934,0.006410359,-0.003914632,-0.036822805,0.024482542,0.01987196,-0.015967219,0.028805239,0.05723736,0.044481755,0.044201781,0.011818938,0.215018457,0.095480459,0.085148951,0.00323857,0.206301601,0.070713361,0.057692415,0.00556421,0.205305386,0.06415714,0.055005639
438,L,1,-0.189110166,0.046768329,0.079162047,-0.069444437,0.009978482,0.20432128,0.161343377,0.152260672,1.89e-06,0.133798274,0.01915362,0.010087178,-0.015141875,0.011189934,0.006065028,-0.003590785,-0.036822805,0.024358025,0.017387563,-0.012694835,0.029406728,0.05598652,0.042234118,0.041942871,0.010047034,0.226153734,0.099194741,0.088226733,0.002838547,0.206301601,0.071113152,0.055296137,0.00556421,0.216044242,0.069155739,0.060988525
438,L,2,-0.174736671,0.046768329,0.087900577,-0.079308912,0.011892322,0.200726825,0.161858323,0.154397618,3.15e-06,0.133798274,0.019214908,0.010382019,-0.0154897,0.010355075,0.006548096,-0.004095154,-0.032601481,0.026894046,0.016654018,-0.012670005,0.027911129,0.056102436,0.042330074,0.042034996,0.010047034,0.226153734,0.085082945,0.078340258,0.002838547,0.172993876,0.056956077,0.04768273,0.006255374,0.216044242,0.063206905,0.053918095
438,M,0,-0.215199682,-0.02282463,0.104633168,-0.098321867,0.009140439,0.206012706,0.16504582,0.158250015,5.63e-07,0.098930357,0.014129832,0.009714945,-0.013860341,0.011439317,0.004458884,-0.002141785,-0.038917474,0.025216146,0.017644177,-0.014356395,0.024368793,0.060113473,0.042316717,0.041933833,0.018289893,0.352307417,0.136945888,0.126960753,0.003856956,0.280605628,0.09963861,0.080517482,0.008080149,0.350553634,0.093948517,0.080631499
438,M,1,-0.215199682,-0.008257625,0.099078638,-0.091467321,0.009583567,0.206685136,0.162350406,0.153012608,5.63e-07,0.121293442,0.017732181,0.011380626,-0.014909448,0.011439317,0.004890472,-0.002690074,-0.038917474,0.026338063,0.017632662,-0.013681109,0.024368793,0.060113473,0.041896049,0.041450159,0.013422545,0.272510641,0.115810192,0.104134408,0.002824101,0.250839859,0.089303284,0.074878138,0.009835136,0.181746662,0.073735501,0.063617779
438,M,2,-0.199941832,-0.004545651,0.092167967,-0.086910681,0.003904349,0.206685136,0.161933219,0.153155968,1.76e-06,0.121293442,0.016342216,0.011935844,-0.015937708,0.00845304,0.005268823,-0.003572201,-0.036176007,0.026338063,0.017362472,-0.014204012,0.025312363,0.056719903,0.042167883,0.041674656,0.013422545,0.272510641,0.112526661,0.101788771,0.002824101,0.250839859,0.083962088,0.070768947,0.009835136,0.184129611,0.074917403,0.065913571
439,H,0,-0.277448488,0.089956285,0.125945139,-0.107974839,0.010188686,0.236202572,0.16914665,0.159222149,3.83e-09,0.203141732,0.050605433,0.030231452,-0.024473972,0.012559113,0.009073834,-0.006789995,-0.049709429,0.021589704,0.025203339,-0.020956028,0.019630198,0.069088944,0.045171288,0.044351252,0.026622706,0.962761884,0.414283852,0.365035566,0.006709896,0.715534054,0.244392469,0.188245612,0.007719463,0.955209995,0.334519702,0.250249245
439,H,1,-0.330567363,-0.010099224,0.141356251,-0.128751087,0.010188686,0.229457686,0.175515256,0.165489104,1.69e-06,0.203141732,0.046953798,0.027481745,-0.028705734,0.013242418,0.009674611,-0.007560473,-0.05361965,0.020316822,0.025108859,-0.021508299,0.020333434,0.068744976,0.046176894,0.045270597,0.02713455,0.850429407,0.378877284,0.343053273,0.005666812,0.562351651,0.234572612,0.194839353,0.013634406,0.850074097,0.297529303,0.229129415
439,H,2,-0.330567363,-0.052371066,0.162444112,-0.156295025,0.011134612,0.229457686,0.181257657,0.172307714,7.4e-07,0.165420697,0.023018577,0.012550082,-0.028705734,0.013242418,0.010939714,-0.009118953,-0.05361965,0.020316822,0.024610886,-0.021281696,0.020333434,0.067777292,0.046653246,0.045743924,0.039302247,0.897453431,0.367279678,0.332093371,0.004861014,0.594892172,0.230081986,0.190015174,0.008716671,0.894930222,0.286280704,0.229855426
439,L,0,-0.601687926,0.188294985,0.174537176,-0.136855827,0.009357979,0.22460898,0.171035101,0.166052642,2.12e-08,0.181861915,0.021952157,0.008024244,-0.025805783,0.008687867,0.010089522,-0.008020946,-0.049995168,0.01965311,0.026883545,-0.023949095,0.021493558,0.066899586,0.046435295,0.045889312,0.020277547,0.840000702,0.337018519,0.300153681,0.003031314,0.590119849,0.215621977,0.181651552,0.011066155,0.831884496,0.259014759,0.213322521
439,L,1,-0.276846672,-0.007455004,0.151179628,-0.145749218,0.010411585,0.22460898,0.179447351,0.173859856,1.24e-07,0.181861915,0.021761174,0.007389364,-0.025805783,0.008687867,0.010364049,-0.008756622,-0.049489616,0.022861648,0.027012245,-0.023605015,0.021493558,0.066899586,0.047425758,0.046837655,0.027268695,0.76416841,0.298613068,0.260178212,0.005592656,0.590119849,0.181359732,0.131917817,0.008503219,0.749204926,0.237230714,0.201138335
439,L,2,-0.276846672,-0.013965424,0.158287856,-0.15351679,0.01356548,0.221309138,0.175130696,0.167861348,1.57e-08,0.180680507,0.026174724,0.009780742,-0.023175575,0.006726655,0.009921303,-0.00846865,-0.048459276,0.024169559,0.027079372,-0.023069973,0.023066556,0.068852145,0.047014684,0.046382017,0.011036787,0.633182115,0.276654649,0.246916019,0.005592656,0.432987584,0.150501641,0.118362825,0.008503219,0.625786788,0.232135846,0.191476684
439,M,0,-0.27700082,0.27977361,0.108556282,-0.065042504,0.01290094,0.228997055,0.160792431,0.152833762,9.41e-09,0.223297465,0.036956542,0.018749249,-0.024330129,0.022646511,0.009040267,-0.003168857,-0.047140329,0.022449004,0.024728874,-0.021648143,0.019476574,0.070167151,0.045115449,0.044432315,0.035483542,1.66835566,0.728045316,0.598755407,0.005111187,1.426082884,0.539271865,0.432773687,0.012245154,1.116465194,0.489117407,0.362417563
439,M,1,-0.296547081,0.020244233,0.123644593,-0.110523763,0.01290094,0.240593551,0.170765137,0.162799407,4.22e-07,0.223297465,0.033663211,0.0151964,-0.0255101,0.01382285,0.009305761,-0.006445974,-0.047140329,0.015513738,0.024764274,-0.021721301,0.020035089,0.065915138,0.046620282,0.045921698,0.03026658,0.94414927,0.448579955,0.382339096,0.003360025,0.754836101,0.293960546,0.236206075,0.011472655,0.910352773,0.338837976,0.24966687
439,M,2,-0.338605899,-0.023213743,0.135165733,-0.122665417,0.019451954,0.240593551,0.170447169,0.162511735,6.01e-07,0.130191699,0.015914796,0.005880856,-0.0255101,0.01382285,0.00962633,-0.007035139,-0.05077067,0.015252238,0.025368749,-0.022152727,0.020035089,0.065915138,0.046941531,0.046134499,0.03026658,0.94414927,0.455246796,0.399606756,0.003360025,0.416096776,0.179670509,0.147583318,0.01113436,0.910352773,0.418291948,0.35028145
440,H,0,-0.043718144,0.15552337,0.093211507,0.087581691,0.017742238,0.231300736,0.194393599,0.188241348,2.99e-05,0.218077132,0.101285061,0.089846278,-0.020409664,0.015090382,0.007557745,-0.00399261,-0.050386172,0.020153121,0.027268227,-0.024712418,0.025354137,0.066743847,0.049286983,0.048691529,0.01376691,0.443814243,0.148889296,0.120243221,0.003106889,0.252726404,0.072625254,0.055250275,0.004744158,0.435703542,0.129975363,0.096361218
440,H,1,-0.043718144,0.178183469,0.09331843,0.087935791,0.022335326,0.233926746,0.199601269,0.194482309,4.58e-05,0.242338465,0.110470885,0.100287678,-0.018801422,0.013951099,0.007122818,-0.003039558,-0.050386172,0.015437206,0.028563808,-0.026398056,0.020386074,0.066191287,0.049989788,0.049443507,0.012303672,0.443814243,0.136877439,0.112832387,0.002265081,0.252726404,0.069903673,0.053322361,0.004744158,0.435703542,0.117681391,0.088612649
440,H,2,-0.011436433,0.178183469,0.086285098,0.080069618,0.003775849,0.234528548,0.19638049,0.189912698,0.000135351,0.242338465,0.117796014,0.106477928,-0.022173268,0.01342538,0.007160866,-0.002278983,-0.05370808,0.01829546,0.027065555,-0.02445692,0.020386074,0.071376888,0.048781488,0.048162706,0.012303672,0.466278282,0.143089649,0.121015165,0.002265081,0.189188487,0.061169311,0.049815371,0.00803172,0.461172041,0.129355955,0.099840516
440,L,0,-0.087526603,0.195241748,0.067285057,0.054543868,0.019424734,0.233565112,0.201846102,0.197520807,7.8e-06,0.23404632,0.090276014,0.072838757,-0.019013551,0.013557697,0.005898373,-0.001253581,-0.050923108,0.0162983,0.026283961,-0.024268964,0.02204513,0.069810952,0.050164731,0.04964678,0.009723796,0.494720158,0.164438226,0.13484565,0.003372691,0.189070053,0.062806536,0.049618304,0.008598561,0.45776393,0.151971278,0.117964579
440,L,1,-0.072144192,0.1003909,0.050217028,0.042928453,0.031815178,0.234684245,0.205673506,0.202088846,7.8e-06,0.123491994,0.081503651,0.07307181,-0.019903887,0.011079002,0.007455429,-0.004898461,-0.050923108,0.014305776,0.028851576,-0.026613474,0.02204513,0.067758839,0.051037877,0.05045128,0.008538435,0.376064625,0.10979251,0.087375486,0.003240977,0.127495046,0.042623477,0.035910651,0.006283766,0.363089553,0.101181196,0.072768956
440,L,2,-0.140328391,0.106989338,0.05373275,0.043676064,0.031815178,0.243689854,0.205651896,0.202439198,3.89e-06,0.215087844,0.093978869,0.085944902,-0.020783373,0.011079002,0.007915811,-0.005996789,-0.050336583,0.016226837,0.028018695,-0.025864262,0.024021091,0.067758839,0.050311157,0.049728494,0.008538435,0.409596592,0.136698335,0.109616383,0.003240977,0.322229359,0.077458314,0.057478265,0.006283766,0.378223091,0.112635005,0.082647008
440,M,0,0.007987568,0.17800705,0.096254813,0.091917071,0.018481937,0.227124048,0.195329907,0.190377969,2.27e-05,0.298158193,0.112825953,0.099302741,-0.019503859,0.013126256,0.006583327,-0.000894537,-0.04330212,0.014443791,0.024513545,-0.022904876,0.027263365,0.065728802,0.048934661,0.048522935,0.010867446,0.502370525,0.166032059,0.139816395,0.004080519,0.476848744,0.104434763,0.077162271,0.005682096,0.421628429,0.129073719,0.099134521
440,M,1,-0.003030797,0.18562174,0.092404902,0.087085139,0.006050966,0.232521378,0.192964824,0.186872582,9.88e-05,0.21978424,0.131025706,0.121572009,-0.019503859,0.013126256,0.006937341,-0.002379808,-0.048772145,0.014443791,0.025082874,-0.022946234,0.024664668,0.066805899,0.048345378,0.047823947,0.01050214,0.486270387,0.142345684,0.116950352,0.004190814,0.132679185,0.066610167,0.056825622,0.006211572,0.484673297,0.125798964,0.089650846
440,M,2,-0.003030797,0.191012421,0.101974022,0.097148877,0.006050966,0.232521378,0.195598268,0.189947114,0.000378643,0.22637984,0.138772506,0.131448488,-0.01917544,0.012048011,0.006985605,-0.003336302,-0.048772145,0.012522068,0.025807538,-0.023879959,0.022984873,0.066884086,0.048693011,0.048193903,0.01050214,0.546270356,0.153984816,0.118170304,0.00503541,0.383535826,0.080839579,0.054216297,0.006211572,0.486315695,0.13105833,0.092560852
441,H,0,-0.22944962,-0.0129646,0.08839392,-0.080308666,0.011921152,0.164816721,0.132166434,0.12786415,3.58e-06,0.215111178,0.02887995,0.013206933,-0.013002522,0.013420379,0.004629544,0.001354024,-0.036549585,0.022286304,0.016829752,-0.01350353,0.019506038,0.062025937,0.046667462,0.046047322,0.01146238,0.429793144,0.107429741,0.085139747,0.002615474,0.115306003,0.034092559,0.027127867,0.003461741,0.420247111,0.101876625,0.077563818
441,H,1,-0.146568884,-0.024202779,0.091455522,-0.087870451,0.019272634,0.160246219,0.134456387,0.130925794,3.58e-06,0.259704832,0.039968698,0.01686558,-0.013002522,0.009917922,0.003185455,-0.000763656,-0.037447857,0.021813791,0.018260692,-0.015696473,0.019506038,0.062025937,0.048149357,0.047517303,0.01146238,0.249794459,0.076551614,0.066689982,0.002615474,0.143798046,0.032279007,0.024440262,0.003461741,0.219683265,0.069413365,0.058106871
441,H,2,-0.146568884,-0.02587914,0.092454252,-0.088804976,0.018859849,0.16407376,0.132698089,0.129039756,6.46e-07,0.259704832,0.038957428,0.016570501,-0.01342408,0.012123371,0.003472209,-0.001032638,-0.037447857,0.021813791,0.017113436,-0.014957035,0.021983716,0.061100076,0.046928779,0.046344527,0.009587519,0.249794459,0.078051724,0.070157142,0.002154724,0.143798046,0.034940592,0.026943847,0.005257668,0.219683265,0.069794173,0.061102786
441,L,0,-0.2070533,-0.031266931,0.09574478,-0.091438984,0.007415205,0.15843731,0.127958234,0.122702422,3.58e-06,0.250822199,0.041558079,0.01881341,-0.01458914,0.014503468,0.004566138,-0.000601477,-0.033018191,0.02047528,0.014962761,-0.012039235,0.020218827,0.061236498,0.046911473,0.046219496,0.006887214,0.42658921,0.112156899,0.082832271,0.002118116,0.179030964,0.055868504,0.036105181,0.004727578,0.425950515,0.097251634,0.067608736
441,L,1,-0.139498085,-0.039553822,0.102263347,-0.100247666,0.011694503,0.15843731,0.13396241,0.131554934,1.28e-05,0.250822199,0.030726596,0.015354318,-0.01458914,0.01084671,0.004681223,-0.002798799,-0.033347148,0.016557074,0.016148218,-0.014754785,0.020218827,0.062080438,0.049937617,0.049441272,0.007197643,0.225635716,0.057080272,0.049582306,0.001532474,0.12640099,0.024511623,0.017899017,0.003307632,0.210963312,0.051549373,0.042989877
441,L,2,-0.169413494,-0.058550374,0.113989683,-0.112430253,0.020497864,0.157276936,0.135257989,0.133219309,3.36e-06,0.032180489,0.012285265,0.010645975,-0.014509425,0.009826465,0.004919034,-0.003654982,-0.033347148,0.01712342,0.016444381,-0.015226413,0.02315979,0.062080438,0.050323504,0.049928386,0.007197643,0.225635716,0.054061039,0.045668808,0.001532474,0.093563852,0.027237703,0.02181141,0.003307632,0.210963312,0.046698003,0.037104663
441,M,0,-0.233867918,-0.063294423,0.13902952,-0.137497427,0.010161594,0.16253227,0.130610707,0.126975972,3.15e-06,0.25632096,0.033587616,0.013499231,-0.01591002,0.011537887,0.004093832,-0.000449252,-0.033361285,0.022011629,0.011756795,-0.007660186,0.021149727,0.061879725,0.045204384,0.044641808,0.010570829,0.341292131,0.086669878,0.064717636,0.003215327,0.130508274,0.038410802,0.027934676,0.003667168,0.331704753,0.077693488,0.054834273
441,M,1,-0.182779621,-0.063294423,0.141802872,-0.141174185,0.015980685,0.154344694,0.132733562,0.130772027,1.78e-06,0.25632096,0.033191903,0.012018082,-0.011729497,0.010415773,0.003013062,-0.000222976,-0.036226843,0.017270542,0.014336378,-0.010584136,0.01899659,0.062523773,0.048593436,0.048075514,0.008153155,0.135588701,0.060057324,0.055355981,0.002036041,0.095314261,0.023136725,0.018964319,0.003667168,0.135062173,0.055421784,0.048870997
441,M,2,-0.250791578,-0.086961228,0.156749901,-0.153355888,0.006628718,0.15223761,0.131015181,0.129047785,1.18e-06,0.281733891,0.044170193,0.017448961,-0.014869233,0.010667807,0.003896539,-0.000646618,-0.050168781,0.020616372,0.017392691,-0.012798863,0.01899659,0.06714845,0.049229068,0.048680813,0.008153155,0.231518184,0.085139871,0.078234331,0.002036041,0.116534513,0.038204021,0.030143527,0.005294406,0.227742263,0.076087124,0.068245367
442,H,0,-0.121888433,0.295268034,0.058183231,-0.005444725,0.005733581,0.226244477,0.166942294,0.158628954,5.49e-06,0.170703543,0.025143677,0.017002875,-0.019000614,0.014635111,0.007409269,-0.004683108,-0.051952427,0.087304274,0.02799132,-0.022278043,0.028258302,0.103733983,0.05067448,0.050030881,0.026758791,1.276488596,0.319624361,0.224591294,0.006023328,0.577448378,0.184370439,0.119910993,0.008110334,1.275489314,0.261088631,0.173362272
442,H,1,-0.118902966,0.057934952,0.058586247,-0.045471675,0.009950922,0.224113008,0.164952596,0.156349354,5.49e-06,0.096826376,0.023517646,0.016472057,-0.020309093,0.014413861,0.008812152,-0.006107286,-0.050490955,0.025952183,0.027303775,-0.021812753,0.028581289,0.06495371,0.050847524,0.050317197,0.019958333,0.658279592,0.195898289,0.160159555,0.003591044,0.315434577,0.091204072,0.073385557,0.008110334,0.577782874,0.173372307,0.132731829
442,H,2,-0.118902966,0.028834203,0.062611303,-0.056610261,0.01022582,0.221102302,0.166815791,0.159865204,1.24e-08,0.095752048,0.018862385,0.011750693,-0.020309093,0.014413861,0.009147775,-0.006900067,-0.046506402,0.025952183,0.028216965,-0.023761581,0.028581289,0.066767046,0.052753594,0.052252022,0.011554373,0.662565774,0.182756516,0.147061889,0.003318126,0.22799709,0.071742288,0.055268771,0.007844714,0.636691526,0.168086252,0.13015782
442,L,0,-0.116237738,0.041144816,0.040077097,-0.031612812,0.00844921,0.230507302,0.17908447,0.173074493,4.43e-08,0.12272737,0.009092953,0.004214181,-0.018809054,0.01362899,0.005796966,0.002227922,-0.052600542,0.028078314,0.025711054,-0.020753264,0.030970214,0.07369357,0.052186638,0.051771401,0.009572455,0.30602389,0.114591085,0.095732884,0.002313629,0.133070082,0.045949126,0.039557739,0.004758011,0.305597,0.10497521,0.081540419
442,L,1,-0.090916524,0.003523281,0.039421695,-0.032622823,0.00844921,0.230507302,0.181497446,0.175895103,4.43e-08,0.019913386,0.00573333,0.003534166,-0.01402425,0.01798525,0.005668753,0.002741249,-0.048533332,0.028078314,0.024361343,-0.019884504,0.031796827,0.0684863,0.052210784,0.051824422,0.00583703,0.236038595,0.066313745,0.051299544,0.001806297,0.082416594,0.030360111,0.024554374,0.004351206,0.22501031,0.058955716,0.041702822
442,L,2,-0.084476294,0.002374167,0.039780264,-0.034862142,0.014868549,0.225161585,0.185612806,0.182291018,5.4e-08,0.027898362,0.006106542,0.003876897,-0.013668455,0.01798525,0.005025032,0.002364856,-0.048533332,0.021257386,0.023208893,-0.020940202,0.033215097,0.067364206,0.052880583,0.052558057,0.00583703,0.177256587,0.056694201,0.048789421,0.001806297,0.075735474,0.030561603,0.024601565,0.004351206,0.166331615,0.047751658,0.037888239
442,M,0,-0.111511715,0.086623531,0.061260389,-0.042952947,0.012142171,0.223457612,0.168230514,0.163051638,1.63e-05,0.130797363,0.018079332,0.015676388,-0.020050666,0.011841355,0.005848909,-0.0034563,-0.053001501,0.025991295,0.028067734,-0.023309494,0.029739756,0.073538553,0.052473336,0.051888474,0.006737338,0.205148725,0.08571151,0.073022354,0.002533741,0.163827844,0.044097231,0.033833843,0.006242746,0.180392628,0.0734976,0.060344373
442,M,1,-0.111511715,-0.010532817,0.071106703,-0.067979429,0.012405687,0.209728423,0.171036112,0.167720619,6.17e-06,0.053576851,0.01568727,0.013789731,-0.012943677,0.011841355,0.003856982,-0.001262611,-0.049380659,0.023952228,0.034468469,-0.03236452,0.033498849,0.070341639,0.055391466,0.055065123,0.006737338,0.135358928,0.03828256,0.034047278,0.002311383,0.074084801,0.023618121,0.019991577,0.006242746,0.132062131,0.030128702,0.025026048
442,M,2,-0.126915971,-0.010532817,0.06828178,-0.064663151,0.020241291,0.210771809,0.174168118,0.170205945,2.93e-06,0.052585747,0.016561341,0.014206407,-0.012340659,0.011921716,0.003984513,-0.000552367,-0.049256058,0.023952228,0.032503056,-0.03010691,0.033593674,0.072490125,0.055920225,0.055566909,0.010493756,0.215984672,0.06600838,0.054347532,0.002311383,0.08685653,0.033999374,0.02829542,0.006831882,0.215601141,0.056578696,0.041561042
443,H,0,-0.299593999,0.044905571,0.047328447,-0.026430735,0.009168795,0.202361344,0.154345235,0.148681951,1.34e-06,0.198203005,0.022705257,0.00828308,-0.026128029,0.006930334,0.006175788,-0.00406338,-0.057934738,0.008861853,0.030602733,-0.026551573,0.011222958,0.068017081,0.04459153,0.043193775,0.013862696,0.501701646,0.153746834,0.124742703,0.003631344,0.306406701,0.077697644,0.057095932,0.009951058,0.436246671,0.132669383,0.103263556
443,H,1,-0.132207574,0.079550096,0.041619961,-0.018533815,0.006951631,0.202176875,0.149430209,0.145078024,1.4e-07,0.144481163,0.025320944,0.012819513,-0.022979641,0.011895718,0.005665993,-0.002736703,-0.057934738,0.013762991,0.032930344,-0.029118436,0.011222958,0.068666228,0.046483957,0.04526471,0.013862696,0.385875379,0.127157877,0.102461335,0.003733678,0.243771514,0.073222458,0.055043651,0.006514184,0.381315986,0.103959594,0.077142201
443,H,2,-0.152630484,0.224868643,0.057004899,-0.019072774,0.006951631,0.202176875,0.141931709,0.137469258,1.4e-07,0.152422465,0.046754443,0.033494259,-0.023383453,0.011895718,0.005802294,-0.002364752,-0.056154723,0.013762991,0.032902298,-0.029198109,0.019223935,0.068666228,0.047445179,0.046417675,0.016078476,0.385875379,0.161003774,0.139935273,0.003366712,0.243771514,0.0798886,0.063917723,0.006514184,0.381315986,0.139785646,0.113388507
443,L,0,-0.256487932,0.073887242,0.049244389,-0.033045254,0.011932543,0.215505145,0.165593793,0.161608975,1.32e-06,0.182428947,0.012623109,0.008273788,-0.024690962,0.014216154,0.004699868,-0.00248735,-0.055539765,0.00684781,0.030958733,-0.028071564,0.011619148,0.064589482,0.045317235,0.044345485,0.018462157,0.745144106,0.140931312,0.111930387,0.004286399,0.573041818,0.097863379,0.060567726,0.010084483,0.617582204,0.101412,0.083345955
443,L,1,-0.15074786,-0.001736889,0.066652147,-0.058932096,0.011932543,0.201321788,0.165045155,0.163258939,1.47e-10,0.182428947,0.011969257,0.006197425,-0.015712934,0.014216154,0.003564017,-0.001275844,-0.055490166,-0.001485877,0.030748927,-0.02839686,0.01762666,0.063885114,0.044622411,0.043914279,0.009184749,0.327657535,0.078788778,0.070411043,0.004286399,0.313676284,0.061913395,0.050569326,0.006180467,0.134985939,0.048727847,0.039869115
443,L,2,-0.135744601,0.056986211,0.063444548,-0.051240226,0.014098461,0.197916222,0.158486122,0.155509104,1.47e-10,0.11900288,0.016011401,0.007356624,-0.018676905,0.011492649,0.003982987,-0.000789818,-0.054719694,-0.001336392,0.034798838,-0.032761757,0.017530588,0.064986811,0.047454786,0.046679148,0.009184749,0.252941287,0.10350703,0.088901501,0.004241734,0.205367072,0.064994686,0.055500697,0.006180467,0.220706868,0.080556788,0.059134095
443,M,0,-0.237117001,0.081624224,0.053781975,-0.039177948,0.004047233,0.212544937,0.15327657,0.148290527,4.52e-06,0.133403576,0.021133169,0.012289648,-0.022752965,0.011141717,0.006033723,-0.003412614,-0.054117705,0.004913893,0.033245805,-0.029889226,0.016218833,0.065592167,0.047179048,0.046180958,0.013998636,0.478576616,0.120444484,0.099915752,0.001988192,0.390258749,0.08645503,0.06107547,0.005390705,0.338145311,0.083859416,0.069226804
443,M,1,-0.145908546,0.019046815,0.059372779,-0.051000455,0.005963244,0.193988042,0.153215351,0.149698952,1.38e-06,0.133403576,0.018700201,0.010443513,-0.021737778,0.011141717,0.004378464,-0.001292039,-0.055712894,0.004913893,0.037781963,-0.035089362,0.020929236,0.064521376,0.050058131,0.049240557,0.007395721,0.23735485,0.083126995,0.069197112,0.001461883,0.217711721,0.054616914,0.038722176,0.005112184,0.182037944,0.062666499,0.051943156
443,M,2,-0.152765188,0.019046815,0.061649993,-0.054989729,0.006932688,0.194389309,0.151819595,0.149575129,1.38e-06,0.140859589,0.02309524,0.012756029,-0.022872217,0.016021652,0.00461198,-0.001104017,-0.055712894,0.002916617,0.039358116,-0.037232375,0.01915608,0.06947518,0.051250164,0.05051508,0.007395721,0.472201957,0.101145914,0.072355503,0.001461883,0.182215062,0.050493163,0.039855265,0.005112184,0.461982272,0.087640951,0.055682487
444,H,0,-0.986432512,0.120922749,0.158994908,-0.04494432,0.011179628,0.284573068,0.158671836,0.149903697,6.46e-06,0.195148611,0.05585759,0.03329164,-0.062352571,0.022227409,0.005666589,-0.00190384,-0.129030828,0.07082548,0.028101344,-0.022894992,0.015190507,0.158233815,0.044995733,0.04392928,0.022293091,1.14249032,0.331532867,0.263322929,0.00533367,0.687594985,0.172279574,0.131532938,0.013357286,1.106919344,0.283255698,0.208341943
444,H,1,-0.430301551,0.409586244,0.134170228,-0.067206819,0.011179628,0.219429421,0.158549483,0.149647087,9.36e-06,0.238674848,0.068009984,0.044730271,-0.062352571,0.041524989,0.005543735,-0.000888903,-0.129030828,0.055144388,0.02873016,-0.02345121,0.015661338,0.158233815,0.044786876,0.043678358,0.023371445,1.448477048,0.407948419,0.332940053,0.005393262,0.649704985,0.175525361,0.142883383,0.011803948,1.392728832,0.368256378,0.285014837
444,H,2,-0.759992708,0.409586244,0.147928773,-0.081466412,0.005763898,0.219429421,0.155986888,0.145793327,5.15e-06,0.238674848,0.059054144,0.035652141,-0.026942153,0.041524989,0.005520726,-0.001694297,-0.058966421,0.055144388,0.027981272,-0.022007075,0.015661338,0.092648433,0.043647872,0.042594765,0.017520831,1.738476027,0.435427186,0.342836113,0.005393262,0.649704985,0.179702849,0.13951346,0.010911833,1.621540557,0.39661533,0.296301085
444,L,0,-0.292099691,0.166684303,0.069040745,-0.003226551,0.006426762,0.201502617,0.147897545,0.141566696,1.05e-05,0.176441717,0.060486983,0.04192782,-0.016245858,0.013134693,0.005146459,-0.001259648,-0.052115553,0.024342883,0.032500067,-0.028625967,0.018085915,0.063370837,0.047452733,0.046517354,0.02893998,0.498241394,0.205154627,0.176863008,0.004106916,0.376803731,0.128494858,0.0963508,0.012186642,0.487086815,0.159929649,0.132749973
444,L,1,-0.37808083,0.114941148,0.081363691,-0.017015588,0.006426762,0.202001036,0.155773395,0.149185151,1.07e-05,0.248566569,0.070603719,0.04837409,-0.019146943,0.014173724,0.004992638,-0.001408158,-0.056047047,0.024342883,0.030240594,-0.026210885,0.014564534,0.069023568,0.045809392,0.045152933,0.012493893,0.782003426,0.215547646,0.167288729,0.004106916,0.34012798,0.127763345,0.09368963,0.008005325,0.728833239,0.173601024,0.125456026
444,L,2,-0.37808083,0.105169021,0.086724632,-0.012278524,0.003717231,0.216546635,0.163426449,0.157733043,6.99e-07,0.248566569,0.05667034,0.034776436,-0.019146943,0.014173724,0.004979022,-0.00097814,-0.05676404,0.023310304,0.031032203,-0.027170329,0.014564534,0.069023568,0.046247373,0.045520141,0.012493893,0.917083214,0.252014502,0.192799855,0.002422828,0.34012798,0.135666936,0.110014293,0.008005325,0.873713949,0.212381241,0.140201255
444,M,0,-0.47774173,0.090389917,0.122889131,-0.068962666,0.010332148,0.21844737,0.15139568,0.143066353,2.02e-07,0.284371534,0.05599042,0.025795396,-0.018987502,0.015027857,0.005171893,-0.000667367,-0.055582794,0.023970575,0.034510203,-0.029587528,0.015323676,0.070364686,0.04819035,0.046971102,0.018548214,1.299415238,0.461507582,0.394736826,0.005488967,0.973533797,0.202698178,0.132168655,0.011853326,1.298086195,0.414611501,0.344486832
444,M,1,-0.468617653,0.103700621,0.131311344,-0.068718038,0.002678658,0.21037416,0.154923719,0.145959565,2.02e-07,0.212769835,0.045886573,0.021153952,-0.018987502,0.015027857,0.005054107,-0.001277737,-0.055582794,0.023021447,0.030715348,-0.025495459,0.015608719,0.066204792,0.044888597,0.04377427,0.040388194,1.589110353,0.473509699,0.373734995,0.005488967,0.973533797,0.219636565,0.155166501,0.011853326,1.560869006,0.41948923,0.30707283
444,M,2,-0.468617653,0.188197942,0.129076686,-0.049955523,0.002678658,0.211877841,0.158480724,0.150046851,6.99e-07,0.212116314,0.042504444,0.0204265,-0.016052097,0.012839935,0.005417036,-0.002952549,-0.05303206,0.022814945,0.028390424,-0.023787801,0.017035222,0.066676241,0.044081919,0.04315602,0.017349047,1.589110353,0.394162436,0.307156909,0.004063421,0.481900627,0.150654342,0.117789889,0.012170832,1.560869006,0.36423522,0.263791859
445,H,0,-0.269147898,0.064568509,0.153237031,-0.141155483,0.019295319,0.203272807,0.149977361,0.142355065,2.48e-05,0.141843632,0.030187336,0.016729181,-0.016532084,0.009059042,0.006077449,-0.004199025,-0.041355585,0.024664207,0.019151401,-0.01486067,0.021141471,0.058787768,0.042146689,0.04164212,0.021971376,0.427730484,0.176439111,0.158477731,0.003966661,0.328855679,0.11349919,0.092653844,0.00971873,0.40898426,0.135087726,0.114025575
445,H,1,-0.26618273,-0.01061091,0.149421957,-0.142241069,0.026942405,0.203503218,0.157076789,0.151970073,3.17e-06,0.130840083,0.028941327,0.017556971,-0.016532084,0.009059042,0.006519629,-0.004680407,-0.041355585,0.019342172,0.018330707,-0.015180923,0.024252449,0.058787768,0.042915664,0.042443746,0.014836295,0.527429812,0.154511848,0.127385162,0.0029797,0.282919183,0.102125598,0.084065573,0.008685993,0.515185195,0.115949443,0.081403427
445,H,2,-0.283039179,-0.01061091,0.157743651,-0.150764487,0.026942405,0.207084141,0.155687839,0.150337101,3.17e-06,0.127387311,0.021129941,0.012786377,-0.015719876,0.008798036,0.006523344,-0.004658162,-0.041881266,0.019342172,0.017735723,-0.014255209,0.020743949,0.061594649,0.042594756,0.042144196,0.014836295,0.527429812,0.170201936,0.140525738,0.0029797,0.282919183,0.117766866,0.098420528,0.008203888,0.515185195,0.122880691,0.079545937
445,L,0,-0.273881132,0.117533379,0.176857073,-0.166593332,0.020859748,0.206618176,0.157736113,0.152678413,7.33e-06,0.03374703,0.011848098,0.010132877,-0.015862098,0.01300585,0.006364274,-0.004672608,-0.041451838,0.019742244,0.015023982,-0.011637516,0.025586375,0.062335592,0.041132136,0.040752693,0.023565309,0.512656533,0.185682326,0.165265471,0.004139351,0.378336056,0.100209101,0.074773309,0.009487134,0.435651302,0.156320383,0.135043925
445,L,1,-0.27705988,0.047420853,0.188421209,-0.180920937,0.02692291,0.202204203,0.157192084,0.152492371,4.3e-06,0.328501804,0.02890119,0.015171835,-0.015512236,0.004878218,0.005996146,-0.004346827,-0.041451838,0.019804252,0.014334155,-0.011009356,0.024870486,0.056792974,0.040616718,0.040303345,0.019675122,0.424376818,0.140498728,0.123545829,0.004340785,0.238903118,0.077768383,0.060492303,0.00800273,0.417841322,0.117012697,0.095206924
445,L,2,-0.314390924,0.047420853,0.198458053,-0.189607156,0.025943905,0.202204203,0.149964797,0.14472386,4.3e-06,0.328501804,0.0379914,0.019717059,-0.015512236,0.007081692,0.005906792,-0.004044372,-0.042771006,0.019804252,0.016053868,-0.013081627,0.023570652,0.056639989,0.042176414,0.041815236,0.0135101,0.424376818,0.160273958,0.135393399,0.004449092,0.238903118,0.080113974,0.063258798,0.00800273,0.417841322,0.138814599,0.106836935
445,M,0,-0.250158161,0.062915556,0.099131839,-0.08675588,0.017517552,0.202500596,0.146797061,0.138167844,0.000140953,0.134474613,0.040671002,0.03287668,-0.016200256,0.007658163,0.005871013,-0.003771731,-0.045707163,0.020285985,0.021057669,-0.017434658,0.027068484,0.06233743,0.042778196,0.042422734,0.01514006,0.379101508,0.184645955,0.166937971,0.00331498,0.278296545,0.100842449,0.082194354,0.006632857,0.317659321,0.154676854,0.129373752
445,M,1,-0.234072309,0.028735889,0.137823673,-0.128684851,0.01301847,0.209156504,0.157740648,0.151527835,2.6e-05,0.142545042,0.035146177,0.026462017,-0.017791854,0.006800872,0.006239103,-0.00406039,-0.045707163,0.018885876,0.01984272,-0.016434946,0.026554883,0.058925615,0.041936267,0.041568626,0.01514006,0.501351546,0.147979931,0.126523083,0.00331498,0.278296545,0.092800612,0.077082757,0.006632857,0.480890839,0.115265374,0.087744579
445,M,2,-0.288252021,-0.067817533,0.175332098,-0.171541325,0.01301847,0.209156504,0.160358619,0.154247889,2.6e-05,0.318196311,0.036183518,0.020036905,-0.019104497,0.007864284,0.006815956,-0.005161869,-0.041696482,0.016989871,0.015576986,-0.012028743,0.024054201,0.056946293,0.04014784,0.039745366,0.014468714,0.501351546,0.160532269,0.130912829,0.002538519,0.231679217,0.083975535,0.071285578,0.011023687,0.480890839,0.13681637,0.097242785
446,H,0,-0.236446111,0.102361106,0.077788588,-0.056231712,0.022360279,0.205552442,0.142744284,0.137322447,8.61e-09,0.140497326,0.019399867,0.009232135,-0.011925783,0.011559029,0.004337291,-0.002270447,-0.045795144,0.021451708,0.019550209,-0.014746114,0.025399205,0.063573718,0.04573538,0.045199091,0.011351064,0.444840396,0.176071618,0.158761814,0.002051168,0.432841246,0.134506064,0.104817654,0.007533734,0.351964601,0.113619248,0.093167917
446,H,1,-0.236446111,0.102361106,0.091969222,-0.078246443,0.015823876,0.198133288,0.139634864,0.134551182,6.72e-08,0.205291199,0.028667811,0.013842359,-0.014409052,0.016492564,0.004292185,-0.002005317,-0.045795144,0.025853629,0.019046122,-0.014627133,0.024120456,0.062413344,0.04522147,0.044730535,0.017538296,0.444840396,0.194143397,0.176799863,0.002051168,0.432841246,0.145338498,0.119832184,0.007533734,0.410947281,0.128718217,0.100376027
446,H,2,-0.177829162,0.102990685,0.07406819,-0.059783366,0.006299026,0.198133288,0.136039939,0.129960976,6.72e-08,0.24181631,0.038754544,0.019743767,-0.014409052,0.016492564,0.004679067,-0.002331873,-0.044117995,0.028255555,0.019966556,-0.015357688,0.019215512,0.066665214,0.046000413,0.045439762,0.017538296,0.545497228,0.213902751,0.188896157,0.002714027,0.526406811,0.165798272,0.133358168,0.008667546,0.4158216,0.135149251,0.103730327
446,L,0,-0.183831509,0.096232598,0.076120221,-0.057080857,0.015370943,0.207194272,0.141083106,0.135674542,7.56e-10,0.204719152,0.022856902,0.009760994,-0.016220761,0.009504375,0.004295579,-0.002508241,-0.045058392,0.024646138,0.023002411,-0.018236434,0.019485764,0.065772641,0.047451408,0.046930037,0.015405125,0.530255764,0.203320575,0.175070407,0.004138531,0.486892989,0.170136108,0.128175063,0.005673021,0.351721042,0.111323676,0.092533608
446,L,1,-0.183831509,0.096232598,0.083243484,-0.070749406,0.015370943,0.200517992,0.14514001,0.141629039,7.56e-10,0.204719152,0.022584194,0.008847169,-0.016220761,0.009809336,0.004144776,-0.00209938,-0.045058392,0.016843322,0.023663341,-0.020350239,0.023177577,0.065175044,0.047121869,0.046702041,0.015405125,0.530255764,0.188045619,0.161656867,0.003231912,0.486892989,0.154913901,0.119501956,0.005673021,0.351721042,0.106596613,0.087716078
446,L,2,-0.163399883,0.050139792,0.07990746,-0.067884515,0.011884239,0.200517992,0.144454623,0.140211036,1.14e-08,0.135860553,0.016615354,0.00732234,-0.014721648,0.011655053,0.004248353,-0.001734869,-0.048108264,0.021797711,0.024773921,-0.021045969,0.028362079,0.065379911,0.047635446,0.047188294,0.015397193,0.470259446,0.170389381,0.142358524,0.003231912,0.366024644,0.124544049,0.09434903,0.007778596,0.348732678,0.116281216,0.0879971
446,M,0,-0.151098681,0.04383869,0.037316377,-0.023740465,0.01661342,0.214037818,0.147745058,0.141004634,1.77e-08,0.144056853,0.022257131,0.00905545,-0.017023868,0.010327453,0.004513214,-0.002593309,-0.040461815,0.023877568,0.016756069,-0.011982641,0.02579689,0.065205322,0.043969136,0.043396618,0.009618931,0.345025161,0.131280612,0.115849818,0.003546132,0.312908593,0.087785216,0.072368992,0.005131161,0.328091231,0.097613292,0.076745862
446,M,1,-0.151098681,0.032540211,0.044608909,-0.03454309,0.025887036,0.199512855,0.141157644,0.135874751,1.32e-07,0.243884477,0.032325592,0.0152363,-0.015372392,0.010327453,0.004641222,-0.002052878,-0.046782699,0.02093278,0.01900677,-0.014297034,0.025939003,0.061109918,0.043274286,0.042722492,0.009618931,0.345025161,0.136401337,0.121895425,0.003427275,0.312908593,0.085046161,0.068111413,0.005131161,0.277814031,0.106641807,0.08701162
446,M,2,-0.123949635,0.026853751,0.043030226,-0.034731145,0.023819445,0.199512855,0.142943799,0.136879274,4.32e-07,0.243884477,0.025362163,0.010279251,-0.015372392,0.009977002,0.004632243,-0.001838144,-0.046782699,0.02093278,0.018475367,-0.013734438,0.025939003,0.060980076,0.043659426,0.043129854,0.013361899,0.25165752,0.127649582,0.116629787,0.002705838,0.235189519,0.078338603,0.065156806,0.00701653,0.24528988,0.10078432,0.085438717
447,H,0,-0.446258829,-0.085449831,0.27854552,-0.268175367,0.016999166,0.202369497,0.168948547,0.166519281,1.8e-06,0.088483751,0.01263494,0.008854148,-0.024879641,0.009930988,0.009150139,-0.007703523,-0.047555803,0.007726607,0.022210201,-0.01993818,0.01546598,0.070717712,0.049104068,0.048379976,0.01587773,0.448933074,0.1697884,0.155700361,0.00615201,0.447381414,0.139560095,0.1196579,0.009547839,0.250022543,0.096700985,0.085043363
447,H,1,-0.446258829,-0.142319149,0.295957335,-0.28943766,0.035853837,0.20572735,0.173101361,0.171401247,9.14e-07,0.055039341,0.007648471,0.005427877,-0.020718962,0.009943357,0.009269662,-0.007315316,-0.05126097,0.006863391,0.026370297,-0.023261232,0.020151167,0.074343096,0.05334203,0.052635941,0.01587773,0.471495962,0.185317111,0.158127599,0.004293291,0.456594408,0.16657614,0.132040527,0.008118114,0.246127878,0.081208505,0.069461443
447,H,2,-0.423231208,-0.134558129,0.260068442,-0.25525343,0.036749869,0.20572735,0.170080622,0.169013402,2.77e-07,0.14198537,0.012651633,0.007277882,-0.022638433,0.009943357,0.009265797,-0.007727826,-0.053778886,0.01423728,0.029790007,-0.025779369,0.024488855,0.074943228,0.055178386,0.054459511,0.014933808,0.471495962,0.171442187,0.14766275,0.004293291,0.456594408,0.149734091,0.118263657,0.008118114,0.22971484,0.083499256,0.072240355
447,L,0,-0.306205114,-0.117681544,0.247608334,-0.245892417,0.011936345,0.201969301,0.171133387,0.169637733,8e-08,0.030774563,0.009751642,0.007397542,-0.020588804,0.012712999,0.006378942,-0.005051462,-0.04855645,0.014820881,0.022195836,-0.017559735,0.028135359,0.07377139,0.053648152,0.053229582,0.00922416,0.20126928,0.067210232,0.059219378,0.002714063,0.117272981,0.043599108,0.037208715,0.004955612,0.177081961,0.051150104,0.040645277
447,L,1,-0.289914846,-0.08302243,0.249460199,-0.247998968,0.051114626,0.208251237,0.173208003,0.172419315,1.3e-06,0.12970241,0.013399903,0.008683862,-0.015289777,0.006716366,0.005516652,-0.004310462,-0.055066283,0.011882001,0.024081409,-0.019685049,0.030756347,0.07377139,0.054616016,0.054248613,0.009259129,0.291228743,0.081792595,0.065150049,0.002714063,0.224612506,0.049942783,0.038231431,0.004955612,0.288320621,0.064774587,0.044844167
447,L,2,-0.301136839,-0.07466452,0.238580087,-0.235177708,0.023911216,0.208251237,0.175643617,0.175099494,1.19e-05,0.12970241,0.017268219,0.01199252,-0.01863889,0.005982158,0.005778058,-0.00422733,-0.055066283,0.011882001,0.022884829,-0.018477579,0.02776758,0.072133527,0.054730731,0.054347252,0.009259129,0.291228743,0.095128547,0.080966346,0.003420112,0.224612506,0.056953434,0.044699705,0.006912506,0.288320621,0.076195452,0.057451144
447,M,0,-0.361228523,0.002426661,0.241790085,-0.233914218,0.00420728,0.197465321,0.16356458,0.161493247,3.19e-05,0.070255256,0.016285593,0.013902466,-0.023332876,0.010308593,0.007086983,-0.004957054,-0.051166439,0.015594461,0.029340394,-0.026795296,0.024752762,0.073909881,0.053683535,0.05279982,0.009787986,0.444826224,0.116945069,0.100445884,0.003251958,0.311563232,0.090573915,0.071684294,0.005143417,0.327109078,0.073976449,0.059434399
447,M,1,-0.46082497,-0.22759368,0.292228262,-0.289759653,0.046842996,0.202784063,0.175782039,0.174468425,1.36e-05,0.070255256,0.014598593,0.012032055,-0.028093071,0.009088261,0.0071331,-0.004258337,-0.051166439,0.011411794,0.024432938,-0.022783824,0.024505375,0.072986926,0.049102395,0.048636044,0.009787986,0.362817895,0.136389768,0.113322618,0.003251958,0.357759104,0.111734294,0.083323895,0.005143417,0.198277437,0.078215194,0.062964971
447,M,2,-0.47645851,0.170352878,0.289800976,-0.280819875,0.01105495,0.205514763,0.176193967,0.174322473,1.36e-05,0.101214291,0.017150508,0.013932094,-0.028093071,0.010489282,0.007291688,-0.004212682,-0.05488415,0.011411794,0.025062666,-0.022420375,0.014317477,0.07283289,0.05041367,0.049814847,0.015880449,0.455139849,0.172551785,0.152912604,0.004505789,0.423629826,0.129350001,0.100397761,0.008117147,0.289461937,0.114204623,0.094908666
448,H,0,-0.238806404,0.075456992,0.062559289,-0.039426285,0.002368907,0.233206592,0.19060889,0.186189549,5.89e-09,0.226564397,0.025072381,0.008767497,-0.016171745,0.011145301,0.004227328,-0.001348836,-0.057428412,0.013145712,0.027020269,-0.025130211,0.02519634,0.070261258,0.047358641,0.046898773,0.02347656,0.609896069,0.133712668,0.123926888,0.006202806,0.203229721,0.095851482,0.08487466,0.010133524,0.609626452,0.093228596,0.078909029
448,H,1,-0.14094633,0.049700488,0.043973608,-0.029711276,0.013315317,0.23418349,0.182859157,0.171673118,5.89e-09,0.226564397,0.023079348,0.008030613,-0.015185571,0.011781291,0.004636613,-0.002131282,-0.057971305,0.014278057,0.0264177,-0.022005436,0.01943011,0.071749088,0.045654809,0.044693625,0.026026347,0.823074307,0.279193991,0.225755347,0.005378185,0.294250736,0.116104876,0.096489118,0.011298435,0.786534627,0.25390735,0.184335598
448,H,2,-0.14094633,0.075549536,0.050883659,-0.034858688,0.011855252,0.23418349,0.17462915,0.162651366,1.12e-09,0.021989999,0.00588823,0.004163961,-0.016127932,0.011781291,0.005444107,-0.003988961,-0.057971305,0.014278057,0.027371904,-0.022422103,0.01943011,0.071749088,0.045921996,0.044815582,0.026026347,0.823074307,0.307421022,0.261157502,0.002700605,0.294250736,0.138539011,0.118962916,0.010906894,0.786534627,0.274435105,0.203766308
448,L,0,-0.175161821,0.071409695,0.07553276,-0.059708727,0.007227059,0.233675225,0.177572628,0.168940413,8.42e-09,0.182259963,0.02592382,0.009335237,-0.017410839,0.007732509,0.005769085,-0.003903671,-0.056853542,0.014793571,0.031662462,-0.028089464,0.021592374,0.069694461,0.050680126,0.049757898,0.011135099,0.717396933,0.252387568,0.188099066,0.003454518,0.229859082,0.065605557,0.050706088,0.007947017,0.717340535,0.243711706,0.172615237
448,L,1,-0.175161821,0.074158777,0.076375585,-0.05298579,0.007227059,0.233675225,0.171135901,0.159930122,8.42e-09,0.199985955,0.026332319,0.009843548,-0.017410839,0.006205317,0.006248298,-0.005013492,-0.058577302,0.014793571,0.032047919,-0.027542393,0.021015776,0.074685436,0.050898998,0.049596008,0.011272802,0.717396933,0.291285161,0.228972381,0.004956022,0.295419804,0.081880942,0.062419512,0.008226331,0.717340535,0.279539901,0.208750838
448,L,2,-0.148815602,0.139587468,0.065865577,-0.021702112,0.008816112,0.23816036,0.177537281,0.170662444,1.02e-07,0.229565719,0.045283226,0.0205474,-0.015298357,0.006381039,0.006300665,-0.005113315,-0.062564062,0.011086137,0.034930318,-0.031449163,0.021015776,0.074782126,0.0522065,0.051099332,0.01318651,0.698772786,0.232438089,0.188647106,0.005120996,0.295419804,0.078196935,0.060687557,0.009046285,0.696867559,0.218889709,0.168854829
448,M,0,-0.114225807,0.10202405,0.048121553,-0.005462924,0.012348881,0.23243408,0.176504054,0.171732898,2.63e-07,0.188154141,0.042561045,0.02020696,-0.016313346,0.00514568,0.005825266,-0.004364607,-0.058236578,0.013443779,0.0366475,-0.033627204,0.024799785,0.072676949,0.0530586,0.052360486,0.017911932,0.5922623,0.169019614,0.14381828,0.003794907,0.310651771,0.079914093,0.059016818,0.008401393,0.565842233,0.148934105,0.116727819
448,M,1,-0.120564549,0.10202405,0.068505898,-0.026262092,0.013601495,0.23243408,0.183749925,0.179503656,2.64e-09,0.188154141,0.04219185,0.02142918,-0.017330858,0.008947189,0.005886787,-0.004290886,-0.060269183,0.018806106,0.036237198,-0.033374959,0.027436983,0.072008749,0.053525085,0.052843673,0.016514052,0.621955841,0.176141178,0.14361428,0.004361164,0.310651771,0.107162612,0.083828722,0.008401393,0.603377776,0.139792307,0.096472079
448,M,2,-0.16975248,0.082143096,0.073300569,-0.056852868,0.007940229,0.233529842,0.17699548,0.167781733,2.64e-09,0.210901199,0.030974297,0.013903723,-0.017330858,0.011285312,0.006174197,-0.004586628,-0.060269183,0.018806106,0.035118404,-0.030753519,0.022272268,0.072271965,0.052539064,0.051413699,0.014395804,0.735583045,0.24579063,0.19229771,0.004361164,0.326342069,0.110623481,0.087248385,0.011034225,0.72229442,0.219489132,0.145960523
449,H,0,-0.11158594,0.125911937,0.046977923,-0.027323007,0.015581283,0.207615689,0.152598079,0.145279241,1.1e-07,0.288496557,0.083347594,0.05707882,-0.016726247,0.010171686,0.004709313,-0.001820086,-0.033260664,0.027222447,0.01644352,-0.012154931,0.031976448,0.063861975,0.04968662,0.04932267,0.015043722,0.697347204,0.180388553,0.122316945,0.003625877,0.494793973,0.107138061,0.063452572,0.008974862,0.526894551,0.14512569,0.098064485
449,H,1,-0.11158594,0.033755445,0.050850313,-0.044399067,0.017112047,0.206458139,0.154219181,0.147755074,1.51e-05,0.229895994,0.055311776,0.031377514,-0.016117937,0.009100614,0.004468704,-0.002455664,-0.030706121,0.020646365,0.014338605,-0.010865203,0.031976448,0.063861975,0.049864208,0.049481846,0.015043722,0.462045589,0.129410932,0.100384024,0.002055169,0.214872376,0.061162367,0.047591151,0.007087721,0.42445551,0.114045404,0.081798267
449,H,2,-0.104338367,0.05417941,0.042843934,-0.035407188,0.015911068,0.216110287,0.155161403,0.1492147,2.51e-08,0.270909075,0.063537814,0.039723483,-0.013963461,0.009648164,0.004342757,-0.002418784,-0.033583996,0.021033025,0.015658888,-0.012227924,0.032336402,0.062813596,0.049174971,0.048800489,0.013294666,0.462045589,0.129246025,0.100363055,0.002055169,0.186300482,0.060680558,0.048341026,0.007087721,0.430629422,0.114115752,0.079303213
449,L,0,-0.097902932,0.096384177,0.043335984,-0.033485619,0.018182156,0.206821047,0.157921656,0.154006543,9.39e-07,0.176054732,0.04618469,0.026721084,-0.016386039,0.008071477,0.004878795,-0.002912814,-0.032980801,0.022285378,0.017495899,-0.014711951,0.032934166,0.064686476,0.047025212,0.046774852,0.010880916,0.627093753,0.119113594,0.082802316,0.002632803,0.402106346,0.067438891,0.040561197,0.006979287,0.483363953,0.098183726,0.066015537
449,L,1,-0.097902932,0.037624088,0.045240678,-0.041107265,0.022412549,0.19815565,0.156969225,0.153120906,3.91e-06,0.233057483,0.039011488,0.019991807,-0.016386039,0.009077297,0.004223874,-0.001510156,-0.033284931,0.022673702,0.016608992,-0.01438249,0.032100263,0.059430222,0.046061736,0.045836375,0.010880916,0.401837357,0.099925393,0.079530997,0.002275549,0.168228155,0.052543898,0.04178337,0.006979287,0.371590873,0.084995429,0.061995261
449,L,2,-0.079763004,0.037624088,0.037915364,-0.034240048,0.022412549,0.19815565,0.153454848,0.149249166,4.68e-06,0.245610708,0.052909568,0.029911948,-0.016551573,0.009077297,0.004171495,-0.001322919,-0.033284931,0.022673702,0.018258903,-0.015657442,0.031441271,0.059430222,0.045448399,0.045229382,0.009790215,0.401837357,0.109710051,0.086971521,0.002275549,0.168228155,0.054899791,0.045723314,0.005921934,0.371590873,0.094985832,0.065882694
449,M,0,-0.114832782,0.110271823,0.05323327,-0.042097568,0.018135911,0.205861029,0.160192971,0.15486863,3.05e-05,0.263192865,0.042937741,0.02502989,-0.015407191,0.00655989,0.006199599,-0.00499268,-0.0314204,0.021787584,0.01052086,-0.006694157,0.033068412,0.060938911,0.04656307,0.046195487,0.026938239,0.559071423,0.150496178,0.134561448,0.00392833,0.41215779,0.079858617,0.058887746,0.010118649,0.38409596,0.127560578,0.114106704
449,M,1,-0.114832782,0.059174622,0.056665291,-0.049152505,0.018135911,0.208246567,0.16021916,0.156503893,1.33e-06,0.263192865,0.058116491,0.034768571,-0.014726999,0.011431761,0.005430151,-0.003762766,-0.031742593,0.022174875,0.011669844,-0.0084923,0.032521524,0.062316193,0.047360434,0.04697051,0.021969959,0.628952703,0.145064464,0.125647503,0.00392833,0.197113453,0.073222825,0.061677772,0.006140628,0.604572153,0.125228258,0.09264547
449,M,2,-0.105903901,0.075266823,0.040532937,-0.031161157,0.024222549,0.209788696,0.154802293,0.150208901,1.33e-06,0.235325593,0.053829604,0.032845972,-0.014949795,0.011797644,0.004056835,-0.000891841,-0.031742593,0.02499475,0.015527467,-0.012373682,0.031279111,0.062316193,0.047040145,0.046713823,0.021969959,0.664625738,0.175691731,0.134871425,0.005414532,0.226269018,0.081317291,0.073124856,0.006140628,0.624923757,0.155740433,0.093494492
450,H,0,-0.171381153,0.033255879,0.062692183,-0.054605455,0.007544843,0.219906497,0.184480267,0.175310795,5.13e-07,0.131635887,0.017004534,0.008249037,-0.020298767,0.007961818,0.006127168,-0.003930604,-0.039012168,0.018863014,0.020249354,-0.016605239,0.022279033,0.068155735,0.04319793,0.042547413,0.012177119,0.392669329,0.134987238,0.113316743,0.004603528,0.227083235,0.076531181,0.062408809,0.005392594,0.349233487,0.11119592,0.090673106
450,H,1,-0.171381153,0.014381832,0.073640313,-0.068531371,0.008711501,0.218637743,0.183241415,0.173537191,5.98e-07,0.166887267,0.022053798,0.010628501,-0.017107657,0.007823841,0.006252258,-0.004412987,-0.038137195,0.018863014,0.018977855,-0.015227235,0.021385726,0.06143712,0.042582621,0.041955122,0.012031706,0.348139771,0.128280244,0.108086154,0.003492829,0.242038621,0.074952289,0.060548625,0.009565255,0.306123208,0.104105597,0.084788371
450,H,2,-0.186392793,0.014381832,0.081126488,-0.074444696,0.010437472,0.217793601,0.179688736,0.168587102,3.14e-06,0.166887267,0.019323377,0.009956659,-0.017107657,0.0070332,0.006777265,-0.005211442,-0.036672155,0.020125257,0.016860117,-0.012933023,0.021385726,0.060394037,0.042433683,0.041872143,0.009240393,0.348139771,0.126175637,0.101969284,0.003492134,0.242038621,0.075081517,0.05889348,0.007676902,0.306123208,0.101405411,0.077712625
450,L,0,-0.12519367,0.156463408,0.039171307,-0.021437951,0.013461772,0.220541387,0.184830568,0.176988979,7.15e-06,0.027514582,0.008021316,0.006420729,-0.018054667,0.009022862,0.007256577,-0.00583443,-0.041352665,0.018578184,0.019447037,-0.01625953,0.021112477,0.06344865,0.043648307,0.043154052,0.01104094,0.572685656,0.141251387,0.104038119,0.002278624,0.317043311,0.083331271,0.057928525,0.007163379,0.514163015,0.114051978,0.076093368
450,L,1,-0.108978659,0.011684531,0.033515937,-0.028965017,0.013220291,0.220513328,0.186793947,0.180677966,2.95e-06,0.116985342,0.010708757,0.006718535,-0.017622778,0.007586361,0.007610945,-0.006258772,-0.040266405,0.017057509,0.019499069,-0.017022054,0.021112477,0.0655518,0.043721274,0.043218519,0.010883133,0.339691087,0.099892257,0.080896966,0.002278624,0.224872072,0.054349003,0.041444752,0.007163379,0.29393584,0.083813179,0.063037654
450,L,2,-0.157454886,0.015072609,0.046069606,-0.038237647,0.012358109,0.221450903,0.18144408,0.173273127,2.95e-06,0.157042585,0.023487494,0.011463692,-0.017622778,0.007586361,0.007937505,-0.006583145,-0.038192528,0.020658933,0.019260545,-0.016293235,0.0218941,0.0655518,0.043940064,0.043415802,0.010159384,0.381364644,0.125006224,0.098537078,0.002677353,0.232073025,0.061362573,0.043006288,0.007748463,0.329461781,0.108909094,0.083587995
450,M,0,-0.178368702,0.032110435,0.050145807,-0.038092681,0.012498357,0.214507024,0.173987619,0.169169272,1.6e-07,0.117422038,0.011704945,0.006185425,-0.015746667,0.009464612,0.006608649,-0.004700105,-0.038622645,0.023894228,0.021607522,-0.018351479,0.02489939,0.060933066,0.044483783,0.043947315,0.015254665,0.405851702,0.155194205,0.138864549,0.002604396,0.217880024,0.09933392,0.085470931,0.007208726,0.356048525,0.119239313,0.099867803
450,M,1,-0.145574165,0.02935055,0.05339559,-0.042905803,0.016298415,0.214507024,0.164196506,0.15657481,1.27e-06,0.117422038,0.012723755,0.007832939,-0.0166218,0.009464612,0.007106042,-0.005254264,-0.039859507,0.018366975,0.021220435,-0.017672737,0.024088789,0.062364634,0.044150147,0.043630018,0.011383763,0.40979531,0.169727238,0.138185885,0.002604396,0.257683676,0.101182042,0.082200081,0.006192146,0.36589834,0.136270062,0.102224606
450,M,2,-0.192915222,0.024857384,0.056830309,-0.044751583,0.016298415,0.209664601,0.161891744,0.153593866,4.74e-06,0.106115153,0.012581377,0.008297772,-0.017280561,0.011296712,0.007449416,-0.005590891,-0.040819104,0.016591878,0.021663621,-0.017861811,0.024088789,0.062914389,0.044709051,0.044191368,0.010810329,0.461116789,0.16387716,0.123344811,0.002950551,0.321379254,0.10309165,0.078468265,0.006192146,0.36589834,0.127388522,0.087275175
451,H,0,-0.473205442,0.135165431,0.09653268,-0.055193705,0.009914422,0.194852288,0.1455035,0.139110381,2.69e-07,0.289735641,0.061308277,0.032237281,-0.019327746,0.014236023,0.004997216,-0.002248898,-0.053052611,0.02184497,0.027067615,-0.02284484,0.02012396,0.068307971,0.046778722,0.045879684,0.016407797,0.770880433,0.169842056,0.124833036,0.002499669,0.510935982,0.115466259,0.078938646,0.008423025,0.588037232,0.124554675,0.085270353
451,H,1,-0.170916303,0.135165431,0.06921589,-0.041496254,0.014356151,0.194157267,0.150713395,0.145975544,2.69e-07,0.289735641,0.06823988,0.037214181,-0.019327746,0.014236023,0.004863564,-0.00229544,-0.053052611,0.016022864,0.027517473,-0.023958646,0.024047198,0.068307971,0.047595824,0.046848846,0.013339325,0.374973879,0.132734949,0.109618599,0.003271304,0.260870369,0.07141677,0.052119098,0.011447289,0.348909566,0.111884815,0.089069163
451,H,2,-0.201737171,0.179024301,0.098644914,-0.082899947,0.014356151,0.185852898,0.148588872,0.144137719,5.05e-06,0.270620875,0.058608812,0.030961161,-0.015409792,0.011057501,0.004321692,-0.002178029,-0.055387251,0.016022864,0.024657649,-0.020845369,0.023800226,0.067092882,0.045826652,0.045051997,0.013339325,0.374973879,0.119631269,0.103814117,0.003271304,0.172801938,0.053421657,0.043894218,0.010846562,0.348909566,0.107040961,0.088298736
451,L,0,-0.121356474,0.170902923,0.063645255,-0.03062279,0.01858851,0.192775093,0.135901245,0.131278696,3.42e-07,0.213758135,0.037734547,0.015853029,-0.018445542,0.011104998,0.006151861,-0.004136699,-0.052386271,0.018184343,0.025119707,-0.021800702,0.019179423,0.067873828,0.048991066,0.048169981,0.017249024,0.463882941,0.141523381,0.119810199,0.001688846,0.368167198,0.081078205,0.060163002,0.013452051,0.364106998,0.115996518,0.094321471
451,L,1,-0.13384384,0.087814773,0.074726575,-0.065021112,0.028333522,0.189684422,0.142651498,0.14055614,1.24e-05,0.213758135,0.0361434,0.016104886,-0.018445542,0.006863891,0.0066758,-0.005782058,-0.051769107,0.011117152,0.025688659,-0.024036156,0.021600167,0.066086365,0.052474193,0.052084221,0.012389672,0.324970694,0.103339816,0.094626019,0.001688846,0.1498472,0.045357555,0.038244376,0.011076868,0.312897307,0.092853701,0.083151262
451,L,2,-0.13384384,0.050412064,0.092146554,-0.085555678,0.027323964,0.180509249,0.142652257,0.140322693,1.24e-05,0.030321785,0.009091333,0.007322847,-0.016703446,0.012085114,0.006759234,-0.005347266,-0.052553001,0.016779023,0.02382436,-0.021597796,0.020562548,0.066086365,0.050788708,0.050224348,0.012389672,0.354361833,0.108077582,0.095729206,0.00202279,0.164493114,0.047715519,0.038664405,0.009560484,0.335492788,0.096974187,0.083160544
451,M,0,-0.140298552,0.092519852,0.050757317,-0.027210417,0.0096644,0.187274846,0.139298041,0.133860401,9.69e-07,0.267634086,0.037490377,0.016261786,-0.016747198,0.010661482,0.006410449,-0.004308214,-0.056812507,0.009742052,0.028653934,-0.024661086,0.019022273,0.067758422,0.04895455,0.047879932,0.013084374,0.404769786,0.143828858,0.132492213,0.001914926,0.385462802,0.109041931,0.082337733,0.008868075,0.186801592,0.093790179,0.08703415
451,M,1,-0.289513001,0.082867823,0.093584066,-0.068816912,0.02633513,0.184530595,0.150369407,0.148099878,7.32e-06,0.267634086,0.038040712,0.018265409,-0.016859449,0.010661482,0.005681533,-0.003351844,-0.059459454,0.009742052,0.027333885,-0.022921472,0.019551531,0.072685362,0.050238305,0.049221814,0.013084374,0.358389169,0.105162361,0.090664499,0.001914926,0.220950031,0.056433896,0.042140999,0.011038712,0.342544326,0.088737464,0.072556912
451,M,2,-0.289513001,0.185200761,0.101634283,-0.054995027,0.032600481,0.184530595,0.148342612,0.145973995,7.32e-06,0.278337877,0.065385272,0.038640256,-0.016859449,0.009177087,0.004834542,-0.001827759,-0.059459454,0.009788895,0.028168031,-0.022872301,0.019551531,0.072685362,0.048850888,0.047611387,0.021485621,0.508826653,0.145041459,0.115748921,0.002048833,0.366994123,0.112452388,0.08108097,0.01296757,0.405095398,0.091605051,0.070393367
452,H,0,-0.183244727,0.055244041,0.107344679,-0.098756531,0.007281518,0.20261008,0.158988088,0.153642943,4.95e-08,0.19114526,0.03311207,0.013626789,-0.017209065,0.004543832,0.004830746,-0.003574059,-0.051667641,0.026331711,0.022888868,-0.019430802,0.022505657,0.06058263,0.040560927,0.039943504,0.014642226,0.807916675,0.26211266,0.186888544,0.00374059,0.713099887,0.226097283,0.139493327,0.006492806,0.487863132,0.13260115,0.100009052
452,H,1,-0.161165854,-0.009330437,0.116065774,-0.114607434,0.020939622,0.19637715,0.166199216,0.165084807,4.49e-08,0.120846334,0.010792595,0.004675664,-0.014305216,0.002931134,0.005105185,-0.004215254,-0.039004002,0.006985816,0.022057283,-0.021206074,0.024836302,0.056376038,0.040050234,0.039705708,0.012522646,0.20729202,0.095155929,0.087208121,0.00374059,0.168017946,0.073715961,0.061794561,0.007529988,0.135824318,0.060171487,0.053842422
452,H,2,-0.194009216,-0.009330437,0.113830738,-0.110688241,0.010026947,0.195649958,0.152983649,0.147356837,4.49e-08,0.120846334,0.013691355,0.006416881,-0.015745536,0.005686081,0.005611218,-0.004587455,-0.04458384,0.019692766,0.022196601,-0.019351669,0.022857199,0.05864105,0.039802064,0.03925748,0.012522646,0.414131645,0.142805212,0.116338689,0.005808924,0.25805136,0.095418809,0.076639917,0.006412821,0.41193358,0.106247727,0.068837335
452,L,0,-0.222288132,0.086346174,0.133313871,-0.126219422,0.007930612,0.205555928,0.155635309,0.148407994,2.54e-10,0.122170863,0.00892118,0.00450909,-0.022374873,0.005277054,0.00608945,-0.004492703,-0.049934705,0.018109609,0.020051356,-0.016707411,0.019774796,0.062955584,0.039609941,0.038966792,0.012590004,0.748637526,0.191162062,0.130672318,0.002505792,0.384985869,0.083620374,0.052568012,0.00590283,0.673449633,0.171902784,0.107896163
452,L,1,-0.222288132,-0.075857972,0.141801315,-0.140765872,0.009902489,0.200428082,0.166289045,0.163753381,2.02e-08,0.018135161,0.004212602,0.002800947,-0.01795745,0.005204152,0.005583351,-0.003891202,-0.049934705,0.016752292,0.020455638,-0.01859763,0.023948597,0.062955584,0.040738458,0.040229403,0.010364245,0.427122309,0.0874916,0.070199463,0.002505792,0.171583565,0.042440209,0.031944735,0.00797842,0.426881814,0.07650888,0.05743737
452,L,2,-0.190598955,-0.075857972,0.132261973,-0.13180779,0.009902489,0.196822745,0.170817962,0.168343983,2.77e-10,0.087717494,0.004910811,0.002293917,-0.01795745,0.007296008,0.005198291,-0.003495276,-0.040872484,0.016752292,0.017971318,-0.016861215,0.023862481,0.053372078,0.037463562,0.037063741,0.010364245,0.427122309,0.071830806,0.053816943,0.003057171,0.122361331,0.038285374,0.030095346,0.003618148,0.426881814,0.060777421,0.038016632
452,M,0,-0.182034114,0.058554483,0.093694131,-0.083524106,0.004547992,0.204635774,0.152205376,0.146808459,1.37e-08,0.118671471,0.016540005,0.005874388,-0.01972156,0.010572177,0.005349153,-0.002492245,-0.047297697,0.01632392,0.025236455,-0.021452565,0.020717533,0.060492665,0.043114454,0.042539738,0.014124855,0.636701249,0.203689479,0.164881485,0.005061589,0.429511922,0.143136469,0.1157923,0.007094337,0.545909071,0.144918443,0.100909131
452,M,1,-0.172760724,-0.010958242,0.107336899,-0.103147346,0.004547992,0.198149891,0.166934771,0.16400861,0.0,0.11394161,0.012039826,0.003758544,-0.01847491,0.007065366,0.005527267,-0.003507716,-0.043430771,0.015030799,0.023063385,-0.021101804,0.023123894,0.055436379,0.039921062,0.039271276,0.013375705,0.457911532,0.116830317,0.099321534,0.003695877,0.225052208,0.078639701,0.058004029,0.007094337,0.439261451,0.086400928,0.06589558
452,M,2,-0.207150972,-0.047045409,0.123079489,-0.122211319,0.011722568,0.202164156,0.164706446,0.159520722,0.0,0.068828622,0.004763222,0.002452088,-0.01847491,0.005471615,0.006829016,-0.005541969,-0.03970407,0.018283879,0.019222373,-0.016930168,0.023199541,0.057546946,0.037443102,0.036932268,0.011885124,0.537972875,0.134663921,0.100529502,0.003695877,0.23651388,0.06247141,0.044919034,0.006688785,0.516437008,0.119296666,0.079109869
453,H,0,-0.119938322,0.165791737,0.040670482,0.006560141,0.007281293,0.21370474,0.151583818,0.141908458,2.23e-06,0.229002713,0.020826048,0.010797453,-0.014376291,0.011692228,0.005866341,-0.001922377,-0.044740532,0.016956529,0.024680622,-0.020581648,0.019649274,0.062209163,0.042923432,0.042187058,0.012510283,0.411489929,0.163572703,0.145461731,0.002479404,0.238323493,0.081440113,0.068023921,0.010640853,0.402003971,0.141857454,0.120551021
453,H,1,-0.19441123,0.095192503,0.041299538,-0.014238093,0.006504941,0.210328645,0.157775213,0.151605089,1.6e-06,0.160482446,0.021543988,0.011722486,-0.014376291,0.012247299,0.005857402,-0.00176542,-0.046848102,0.011553648,0.027198861,-0.02440535,0.021772113,0.061122342,0.044551235,0.043943343,0.012510283,0.575139343,0.160019458,0.137405468,0.002479404,0.206507603,0.074876683,0.06105015,0.008055585,0.574973624,0.141420329,0.117355707
453,H,2,-0.19441123,0.070885544,0.065871305,-0.048888493,0.006504941,0.207262767,0.15650774,0.148665641,9.25e-08,0.253688313,0.031269124,0.01456277,-0.014964741,0.012868823,0.005427925,-0.001956005,-0.050371013,0.014915511,0.023859897,-0.020550756,0.020470315,0.062326294,0.042450841,0.041779856,0.016288749,0.575139343,0.165653894,0.141969505,0.002789517,0.215267255,0.080592082,0.065749279,0.008055585,0.574973624,0.144727775,0.11606797
453,L,0,-0.224528852,0.072662396,0.07437677,-0.046807534,0.004720398,0.208063081,0.154314929,0.147525253,2.71e-08,0.124180923,0.012932644,0.008344246,-0.01786203,0.010224477,0.005665818,-0.003074932,-0.048254806,0.014394298,0.021376863,-0.018426306,0.020560088,0.062520778,0.039960011,0.039313413,0.012430512,0.499157205,0.132091073,0.103295873,0.003343539,0.201253662,0.06677344,0.055196181,0.007575893,0.49694905,0.113970871,0.075616241
453,L,1,-0.224528852,0.071481063,0.090413496,-0.079434607,0.004720398,0.208063081,0.161746809,0.15710666,2.71e-08,0.306346239,0.029866664,0.013289697,-0.01786203,0.012857046,0.00618914,-0.003232702,-0.046241256,0.011873073,0.024172751,-0.021759241,0.020995011,0.062520778,0.04155605,0.040985025,0.012430512,0.382878587,0.12055085,0.10418869,0.004023964,0.216778174,0.061216283,0.050091593,0.004840993,0.36314678,0.103851212,0.080745421
453,L,2,-0.228179326,0.002634124,0.092607464,-0.085717998,0.005760301,0.198219398,0.156779877,0.151165045,6.27e-07,0.306346239,0.028489361,0.01231244,-0.016494392,0.012857046,0.006032809,-0.003306535,-0.046241256,0.012298645,0.027275563,-0.024486043,0.021183919,0.063247615,0.043302371,0.04260772,0.009972975,0.400830355,0.127719209,0.105910371,0.003377841,0.216778174,0.043100429,0.034047909,0.004840993,0.398135929,0.120227074,0.095458931
453,M,0,-0.247616744,0.21690245,0.114494822,-0.103066294,0.005482098,0.200794601,0.152621251,0.144659727,3.6e-09,0.170627014,0.019807713,0.008410015,-0.016033585,0.0098378,0.005050897,-0.002975096,-0.04283622,0.01264652,0.022845779,-0.02017603,0.022489581,0.059584399,0.039580269,0.0390869,0.015587202,0.334384567,0.129746341,0.115453563,0.00193268,0.137219702,0.055532019,0.04776604,0.00948422,0.3320678,0.117261707,0.099945593
453,M,1,-0.240474142,0.018152567,0.098194349,-0.084035887,0.007699555,0.200794601,0.161934397,0.15707676,4.04e-08,0.170627014,0.023056202,0.010466153,-0.014612605,0.00764109,0.004286516,-0.002259457,-0.045967156,0.01076323,0.024032806,-0.021884441,0.022489581,0.060133924,0.039569907,0.039057728,0.015587202,0.340590778,0.123005086,0.107221793,0.001544275,0.191200331,0.057040485,0.045415338,0.00948422,0.3320678,0.108979972,0.091741779
453,M,2,-0.194198442,0.049356773,0.073024016,-0.059765803,0.00775177,0.196481132,0.156089824,0.149332083,4.04e-08,0.252715982,0.03667137,0.015562317,-0.013536129,0.011016729,0.00394877,-0.001482344,-0.045967156,0.014550362,0.023292452,-0.020080815,0.022517332,0.060133924,0.039568594,0.038940804,0.014143597,0.392091612,0.153743851,0.133304807,0.001544275,0.236593251,0.063994973,0.048595928,0.01008229,0.388027624,0.139792042,0.11808491
454,H,0,-0.246374646,-0.035194963,0.131045533,-0.128215846,0.01090241,0.204483381,0.151774566,0.146405498,1.07e-08,0.173848773,0.028033404,0.011923942,-0.017931656,0.015086951,0.007877816,-0.004528766,-0.045256269,0.011702544,0.02803599,-0.025557509,0.013900099,0.062091475,0.04529972,0.044232154,0.010888043,0.481097968,0.205247705,0.173650272,0.003542354,0.209089876,0.091840366,0.077946041,0.005829432,0.448395914,0.183553718,0.13890948
454,H,1,-0.246374646,-0.051675744,0.137507216,-0.13520073,0.01090241,0.204483381,0.149926259,0.144625949,1.28e-08,0.171342814,0.018073247,0.008474945,-0.020139774,0.012316078,0.007539608,-0.004917836,-0.047239531,0.011702544,0.031519996,-0.029165361,0.012405791,0.062368404,0.046177801,0.045162723,0.010888043,0.37964405,0.123648546,0.105193589,0.003446154,0.209089876,0.079016332,0.063398633,0.005551589,0.359777987,0.095107214,0.070091419
454,H,2,-0.26507556,-0.0478508,0.138186055,-0.135679047,0.006850269,0.199897339,0.150238378,0.145714035,1.28e-08,0.15085871,0.024721976,0.010525017,-0.020139774,0.009819522,0.006801218,-0.005003582,-0.047545737,0.014365365,0.03222355,-0.030198118,0.012405791,0.06278428,0.046508355,0.04557317,0.01124827,0.603038541,0.156781911,0.120047734,0.003446154,0.186208817,0.068497329,0.054163525,0.005551589,0.585149502,0.141027244,0.095815337
454,L,0,-0.234621631,-0.011527835,0.123622564,-0.118652409,0.007115999,0.199919232,0.147585205,0.140042049,5.3e-07,0.019551974,0.007814291,0.005777703,-0.020451761,0.016182115,0.007429282,-0.004217163,-0.043552167,0.012648508,0.027120989,-0.024251311,0.010994883,0.061659119,0.044433543,0.043172546,0.021378473,0.5503421,0.168061445,0.134596085,0.002694846,0.188576218,0.061311172,0.051186259,0.006168284,0.53653403,0.156478718,0.114957163
454,L,1,-0.212333855,-0.027395964,0.121829327,-0.119357281,0.007290503,0.207683171,0.157799556,0.154022936,5.3e-07,0.18851303,0.023347849,0.010840719,-0.021187599,0.016182115,0.00726974,-0.004518201,-0.045930701,0.00918184,0.029088578,-0.027464922,0.010087967,0.061659119,0.046384691,0.045639721,0.010837949,0.333476411,0.115390748,0.102358624,0.002855511,0.147329821,0.054676807,0.046368996,0.006168284,0.332913704,0.101614327,0.083674497
454,L,2,-0.248229379,-0.062271294,0.128684635,-0.126608872,0.017866599,0.209738437,0.166557841,0.164076085,3.13e-06,0.18851303,0.034072377,0.016060053,-0.02161337,0.014498898,0.005608805,-0.003048007,-0.045930701,0.00690497,0.028097419,-0.026822082,0.010087967,0.060573246,0.043967188,0.043376274,0.010837949,0.267163251,0.11047707,0.095148517,0.002160118,0.20501109,0.061031995,0.047383712,0.008964679,0.225668284,0.092088428,0.074069496
454,M,0,-0.179899771,0.136588269,0.12460393,-0.089217184,0.021080525,0.203566554,0.166747586,0.163466684,1.74e-06,0.178676916,0.023881097,0.012488268,-0.017055702,0.010860493,0.004447696,-0.002512225,-0.042485872,0.010010727,0.023227567,-0.022183282,0.017659368,0.057400198,0.042232059,0.041889085,0.010097965,0.241658637,0.097773467,0.076232128,0.002226742,0.200583423,0.072141797,0.049443495,0.005669842,0.207344982,0.065994029,0.050304593
454,M,1,-0.186299877,-0.077943504,0.134221122,-0.133707557,0.019659536,0.20850603,0.173413547,0.170305083,3.07e-06,0.164897276,0.017832892,0.008728452,-0.016721524,0.016128707,0.004777803,-0.002696212,-0.047569703,0.010010727,0.024141205,-0.022401424,0.014503356,0.0648428,0.041413405,0.040945303,0.010990184,0.176043114,0.057495677,0.049603856,0.001746569,0.113905344,0.041546155,0.032970778,0.006521423,0.161778831,0.039745061,0.031182436
454,M,2,-0.250885276,-0.086349784,0.144492577,-0.142969697,0.010455023,0.20850603,0.16508385,0.160105263,3.07e-06,0.165772753,0.026917546,0.012615341,-0.016721524,0.016128707,0.005301221,-0.002458988,-0.047569703,0.012811011,0.02676883,-0.024155698,0.014503356,0.0648428,0.043686637,0.042967145,0.011785424,0.226545143,0.085938274,0.076407975,0.001746569,0.149525227,0.058765087,0.049339211,0.007809101,0.223758467,0.062706073,0.050659361
455,H,0,-0.118349951,0.083635585,0.054081941,-0.045330866,0.006931334,0.23286898,0.169247503,0.161841643,1.52e-05,0.099980087,0.015614726,0.011962913,-0.020882444,0.008847303,0.005826475,-0.003617677,-0.040045123,0.015122574,0.021676358,-0.018324697,0.027083829,0.061957489,0.043690386,0.043235394,0.00830658,0.372082193,0.142512074,0.112292042,0.002317719,0.284894533,0.099301998,0.075618633,0.004390688,0.339138591,0.102219393,0.070054513
455,H,1,-0.115593051,0.032930142,0.043119628,-0.031567081,0.006931334,0.227751437,0.171607254,0.166473055,1.37e-05,0.250879797,0.031778696,0.017143971,-0.020891067,0.008847303,0.007356851,-0.004774744,-0.039678834,0.013748063,0.02372868,-0.02163453,0.028125384,0.063725508,0.046445087,0.046040899,0.00830658,0.58993562,0.127905159,0.100353968,0.002317719,0.296864289,0.091683847,0.073014388,0.004390688,0.51083133,0.089184089,0.05521023
455,H,2,-0.098391297,0.09875719,0.028027832,-0.009373968,0.004932038,0.224733687,0.176095567,0.172840669,5.26e-06,0.250879797,0.042150286,0.023517047,-0.020891067,0.008865108,0.008668089,-0.006438471,-0.039678834,0.011348732,0.023552767,-0.021818837,0.02780375,0.063725508,0.04755749,0.047202361,0.010031886,0.58993562,0.146953077,0.123069213,0.002831882,0.296864289,0.102644941,0.088380001,0.007398957,0.51083133,0.10516284,0.069197899
455,L,0,-0.134727238,0.0514968,0.05628352,-0.045035867,0.008949995,0.241239028,0.171028144,0.161615203,4.83e-07,0.113685856,0.01343126,0.009072286,-0.019183482,0.007246962,0.006871223,-0.005461838,-0.040407255,0.02577969,0.019047113,-0.015225275,0.026249503,0.063614704,0.044678825,0.044151359,0.01362607,0.432522339,0.174310538,0.149862965,0.002557049,0.431618658,0.123726753,0.091210481,0.006697682,0.289350986,0.122783771,0.10343111
455,L,1,-0.128325702,0.041986533,0.045087155,-0.034926237,0.009159725,0.234464941,0.182879146,0.176512455,1.46e-07,0.200448347,0.026972138,0.012279523,-0.018891259,0.005246124,0.008002953,-0.006856423,-0.04322563,0.01337389,0.021087016,-0.018250547,0.025497062,0.065054674,0.047587074,0.047165878,0.01248815,0.418427931,0.124800653,0.107481876,0.002557049,0.383392533,0.083079519,0.063230955,0.006697682,0.293553915,0.093128924,0.07633939
455,L,2,-0.118830973,0.041986533,0.037906818,-0.02805347,0.011195887,0.231646877,0.189575714,0.184910907,6.06e-08,0.217153317,0.037904806,0.01699355,-0.019696816,0.005068922,0.008936624,-0.008060947,-0.04322563,0.010360566,0.019622956,-0.017127761,0.023895798,0.065054674,0.047125569,0.046725967,0.01248815,0.418427931,0.118587784,0.105387464,0.004290071,0.383392533,0.093818752,0.078860086,0.0083408,0.293553915,0.07253347,0.056908825
455,M,0,-0.118009411,0.042199717,0.039462003,-0.031941983,0.007566282,0.230567869,0.17287519,0.166594091,7.38e-08,0.247096498,0.039058119,0.018936293,-0.018028961,0.00539404,0.00878336,-0.008062339,-0.044534327,0.014192187,0.025108423,-0.022415503,0.025622823,0.067637489,0.049586313,0.048920786,0.015256891,0.263689328,0.112977609,0.098706677,0.003799524,0.190166622,0.075394034,0.05945295,0.006779647,0.243935732,0.084140833,0.070567287
455,M,1,-0.12001351,0.042199717,0.041530356,-0.030711064,0.007566282,0.23435009,0.175257199,0.167881041,7.38e-08,0.247096498,0.028166988,0.01270062,-0.019668293,0.00539404,0.010101829,-0.009268452,-0.045756954,0.014192187,0.02528828,-0.022406281,0.025925771,0.06785604,0.051306462,0.050687518,0.014937581,0.245100938,0.094444176,0.081132741,0.003672675,0.166539329,0.063273921,0.050785505,0.00791972,0.243935732,0.070115,0.053901582
455,M,2,-0.12001351,0.036232376,0.03153113,-0.02158483,0.015084299,0.23435009,0.188567071,0.184310929,5.08e-06,0.302905368,0.022967981,0.009714333,-0.020740636,0.004418385,0.011177791,-0.010420104,-0.045756954,0.012153588,0.023120146,-0.020743595,0.025925771,0.06785604,0.050805136,0.050392851,0.014937581,0.220622315,0.091554755,0.084171764,0.003462511,0.166539329,0.074777407,0.065838029,0.007476356,0.176538019,0.052826249,0.042615129
456,H,0,,,,,0.000228786,0.217264987,0.134928752,0.125013023,3.7e-07,0.361194967,0.123928053,0.08184716,-0.074405289,0.214598523,0.01167209,-0.002751443,-0.165042835,0.019482459,0.028030285,-0.022812918,0.002254178,0.326209214,0.045909036,0.041903699,0.01388957,8.686686385,0.768869024,0.402561931,0.003858541,2.455114624,0.220269588,0.110906454,0.011187432,8.332522579,0.736641625,0.378304665
456,H,1,-0.298561355,0.205296955,0.111152661,-0.097869288,0.000228786,0.198140946,0.14289721,0.135524852,3.7e-07,0.361194967,0.120645683,0.082069176,-0.017826383,0.008484211,0.005811039,-0.003577784,-0.04998369,0.016354567,0.028962055,-0.02590924,0.022282198,0.062270429,0.044416318,0.043689611,0.019997063,0.825501097,0.279649056,0.230375208,0.003083626,0.29764136,0.093543109,0.072541203,0.011478072,0.801394185,0.263539904,0.208778793
456,H,2,-0.394451502,0.000639606,0.119090331,-0.103648271,0.004590974,0.206035882,0.153597602,0.148259698,2.91e-06,0.190238773,0.085442568,0.068915075,-0.015795388,0.006761071,0.006060004,-0.004288248,-0.052139697,0.01466638,0.030907887,-0.028612818,0.019878794,0.062270429,0.046710868,0.04603782,0.015914499,1.131455257,0.306495934,0.254427541,0.003083626,0.512092469,0.12348165,0.085220294,0.012080189,1.028341346,0.280521014,0.231041915
456,L,0,-0.221190507,0.030603205,0.097561993,-0.086421743,0.003437997,0.197679349,0.14372222,0.13741676,1.45e-07,0.188849857,0.03467888,0.017625264,-0.016044099,0.009620897,0.005200726,-0.002922357,-0.057222163,0.018182569,0.030428338,-0.027487142,0.012326181,0.065774578,0.044887108,0.044047587,0.010662005,1.704141756,0.312633287,0.208383489,0.003290387,0.732351864,0.138278048,0.083660449,0.007445599,1.553004949,0.280390359,0.17453531
456,L,1,-0.232803858,0.003596868,0.097475959,-0.09093285,0.002443092,0.187405235,0.144943644,0.13921171,2.05e-07,0.188849857,0.022307264,0.009316752,-0.016044099,0.00732912,0.005207494,-0.003615313,-0.052655373,0.015128163,0.03122556,-0.028556463,0.022726867,0.0657841,0.046106289,0.045336474,0.012517279,0.424798018,0.145346613,0.132971109,0.002782375,0.183077573,0.063145765,0.050307189,0.008236468,0.419334111,0.13091314,0.114799087
456,L,2,-0.247696207,0.003596868,0.102995843,-0.096624345,0.002443092,0.18926395,0.152614296,0.147863679,4.54e-14,0.018241894,0.003827804,0.002263456,-0.01429479,0.006421352,0.005125856,-0.00370975,-0.052189971,0.010460833,0.029742403,-0.027777531,0.02008764,0.0657841,0.044384864,0.04374422,0.014678401,0.457266873,0.158592254,0.147891228,0.002782375,0.236812758,0.062154321,0.050067908,0.008941255,0.39141957,0.145905255,0.13588381
456,M,0,-0.499091045,0.459386561,0.096831733,-0.072405854,0.001208834,0.205665343,0.134954205,0.120232259,2.51e-07,0.850987029,0.146177497,0.049909572,-0.089890912,0.017473109,0.007776513,-0.004592433,-0.087162869,1.101988767,0.044446077,-0.016996645,0.004145509,1.160627061,0.056726297,0.041331145,0.041404662,3.038674881,0.910808882,0.610082898,0.004668632,1.05432154,0.247119384,0.161230906,0.024076803,3.000041582,0.876644072,0.570873
456,M,1,-0.226522443,0.301737858,0.11009017,-0.048042877,0.001208834,0.200635852,0.154440826,0.146677585,1.16e-07,0.195415984,0.030342079,0.013395874,-0.019379302,0.009193972,0.006334058,-0.003969208,-0.046889485,0.014797978,0.025370264,-0.022578493,0.016967192,0.061507572,0.041312768,0.040657629,0.02487917,0.958807033,0.340463776,0.281303431,0.004668632,0.349411492,0.093547279,0.06689098,0.008031243,0.928693904,0.327359877,0.268064837
456,M,2,-0.264641307,0.301737858,0.118269008,-0.05076772,0.002773819,0.2094644,0.152742843,0.147029675,1.16e-07,0.195415984,0.02617972,0.011146689,-0.017474639,0.008837049,0.006440522,-0.004066318,-0.046889485,0.014797978,0.027778188,-0.025313612,0.016967192,0.062952679,0.043020984,0.04237265,0.017236381,0.958807033,0.306692423,0.231774365,0.004546812,0.305446352,0.086642904,0.0675204,0.008031243,0.928693904,0.294199336,0.212561144
457,H,0,-0.302698212,0.232814192,0.083736067,-0.038720533,0.00808522,0.199339003,0.147580281,0.139016597,2.76e-06,0.268873171,0.083542033,0.055059604,-0.015876963,0.010045142,0.005048055,-0.002226353,-0.038590456,0.027009729,0.019252377,-0.013313506,0.019305255,0.05481919,0.039330976,0.038903801,0.020980964,0.900171265,0.322288466,0.277742501,0.005392084,0.430823143,0.171359416,0.144774564,0.00720608,0.833736806,0.272957516,0.208981844
457,H,1,-0.302698212,0.094956408,0.08068288,-0.047890598,0.009777981,0.199339003,0.151407427,0.144924808,2.23e-05,0.2473167,0.076125674,0.054122067,-0.014463225,0.011456708,0.005163207,-0.001960685,-0.038590456,0.027009729,0.020149738,-0.01546656,0.019305255,0.055203518,0.039924536,0.03950791,0.016455611,0.62297706,0.240706584,0.21986501,0.004217099,0.303461847,0.137124826,0.117744805,0.00720608,0.605325826,0.197829325,0.164264111
457,H,2,-0.289963558,0.07507695,0.084914188,-0.054762432,0.006193658,0.208805886,0.147204697,0.140228822,2.29e-06,0.223828018,0.060273808,0.039870496,-0.014749287,0.011456708,0.005309376,-0.001895489,-0.040158199,0.025039916,0.019246142,-0.014235274,0.023808782,0.0571803,0.039394551,0.038982838,0.016455611,0.546225887,0.202947258,0.1864297,0.004217099,0.345273734,0.13707333,0.115215447,0.00788714,0.538258372,0.149661257,0.12355478
457,L,0,-0.278885622,0.354668755,0.081483909,-0.037925948,0.008067127,0.199483482,0.145794054,0.137838321,7.63e-06,0.292419617,0.064174958,0.036451784,-0.015470536,0.010937918,0.005070114,-0.002848977,-0.038308182,0.025766887,0.020983254,-0.016386939,0.022083142,0.057167208,0.041243687,0.040832606,0.018004396,0.816787732,0.260007581,0.208081993,0.003687903,0.504379527,0.151603807,0.121068207,0.007391556,0.766420649,0.211235007,0.139605423
457,L,1,-0.241011142,0.044147041,0.070179996,-0.054591214,0.016102928,0.199483482,0.153181623,0.147532174,8.8e-06,0.226409684,0.054924941,0.030278573,-0.016159822,0.010937918,0.005583807,-0.002556561,-0.035564596,0.025279417,0.021993169,-0.018938457,0.024951998,0.055728837,0.042601431,0.042297789,0.021889375,0.452952668,0.177581187,0.160190071,0.003687903,0.254456821,0.121545331,0.101658944,0.007761592,0.445567374,0.12946741,0.101729615
457,L,2,-0.200351198,0.001649613,0.068142344,-0.055364008,0.014003359,0.197697457,0.155630054,0.149784507,1.02e-05,0.166175698,0.030790614,0.016331789,-0.016159822,0.010649375,0.005772445,-0.002372089,-0.034639892,0.027367042,0.022205483,-0.01917124,0.024951998,0.053451982,0.042790274,0.042554058,0.024555506,0.373702277,0.141073335,0.130359082,0.003165982,0.243219762,0.079569352,0.063638921,0.006749767,0.338876728,0.116492077,0.105167021
457,M,0,-0.25516372,0.223534021,0.078012443,-0.041180912,0.00160694,0.199404823,0.146842689,0.138616629,6.39e-06,0.33061708,0.083207617,0.044317575,-0.014297572,0.010005312,0.004611108,-0.002165923,-0.038216223,0.028745533,0.019400856,-0.014246749,0.020552844,0.055245053,0.040174942,0.039682148,0.0162284,0.776131781,0.285514311,0.234680869,0.003016069,0.553361617,0.153665971,0.118129031,0.008850622,0.717483764,0.240634974,0.174816003
457,M,1,-0.240475128,0.073060119,0.075273292,-0.057240683,0.008685546,0.199404823,0.153969745,0.148144914,1.29e-05,0.244023661,0.08257441,0.047654023,-0.017472583,0.010005312,0.005218723,-0.00247274,-0.038216223,0.027431228,0.020788371,-0.017230723,0.021844253,0.056551404,0.041599347,0.041171055,0.024138497,0.391513441,0.179880144,0.163760589,0.003768386,0.372968881,0.131263671,0.102385097,0.006756866,0.349795574,0.12299071,0.107241021
457,M,2,-0.24864124,0.029627497,0.081071341,-0.062111716,0.008685546,0.203615782,0.153258963,0.147482003,1.27e-05,0.22954642,0.085993364,0.053290236,-0.017472583,0.008872295,0.00590924,-0.00373068,-0.04148785,0.022860646,0.020429079,-0.016999272,0.021844253,0.056551404,0.041406895,0.040969465,0.009905057,0.4670282,0.17861188,0.164386204,0.003768386,0.313827591,0.118581851,0.098765296,0.006505201,0.374796042,0.133568515,0.116706505
458,H,0,-0.220454785,0.256322894,0.09990406,-0.044787276,0.001373887,0.212041538,0.165455294,0.155613217,1.63e-06,0.257596372,0.045704981,0.01945489,-0.017667008,0.011689793,0.005221858,-0.002388992,-0.037288566,0.018795699,0.019556061,-0.016596494,0.014992902,0.06004377,0.041663458,0.040886904,0.019423764,1.764659775,0.423818845,0.2642813,0.004851414,1.668204603,0.368124791,0.185627383,0.005288684,0.620122404,0.210015598,0.155255822
458,H,1,-0.209010517,0.186175185,0.07824844,-0.064094259,0.001373887,0.211891256,0.17755219,0.172852696,3.52e-06,0.257596372,0.07717851,0.043798143,-0.017667008,0.010713934,0.004877948,-0.002359684,-0.040463246,0.019249018,0.020664688,-0.018755126,0.018503381,0.060937416,0.043411994,0.042894279,0.018260412,0.624938955,0.196287763,0.166813303,0.004683997,0.317251201,0.094915562,0.07979531,0.005288684,0.620122404,0.171813626,0.13579425
458,H,2,-0.220994537,0.186175185,0.078631321,-0.054544828,0.004053471,0.211891256,0.176457507,0.170772077,3.51e-06,0.233857445,0.070043767,0.037927705,-0.022478376,0.01241171,0.005272412,-0.003135418,-0.040463246,0.019249018,0.019386772,-0.017158294,0.015108896,0.060937416,0.042742084,0.042133784,0.01237966,0.7592336,0.190123333,0.163002805,0.004351744,0.50090954,0.103233267,0.08049122,0.005459718,0.577780261,0.159655173,0.13014911
458,L,0,-0.318762696,0.059784574,0.08158935,-0.064741826,0.001803698,0.213516499,0.169987725,0.162461551,4.44e-06,0.211155324,0.031374126,0.013784364,-0.012749745,0.01131552,0.004692759,-0.001311628,-0.037329437,0.019908434,0.021600715,-0.018728908,0.018191323,0.061286077,0.043016384,0.042339132,0.012463874,0.849050537,0.242476328,0.189580798,0.003659669,0.336580629,0.089658611,0.067957705,0.007546919,0.842797652,0.225291151,0.166544568
458,L,1,-0.212361113,0.071604356,0.081525446,-0.070580234,0.001803698,0.213516499,0.180336183,0.17556028,7.67e-06,0.211155324,0.031267921,0.013495145,-0.015174685,0.01131552,0.004898891,-0.002112918,-0.036357369,0.020183577,0.021710964,-0.019781719,0.021904241,0.061286077,0.044968663,0.044435945,0.010620968,0.568324508,0.172302305,0.1417868,0.00309905,0.328296579,0.092981058,0.066209993,0.008987449,0.539927833,0.145060702,0.112536364
458,L,2,-0.225099716,0.071604356,0.083638211,-0.074456382,0.013575432,0.209648578,0.18018311,0.175449292,2.42e-06,0.193767596,0.020185997,0.009352701,-0.01562902,0.011919172,0.004862731,-0.002302981,-0.036357369,0.020183577,0.020373639,-0.018644666,0.019614882,0.059887615,0.044121014,0.043640606,0.010620968,0.542409709,0.16479249,0.137209011,0.002401242,0.328296579,0.088973954,0.063390239,0.00604174,0.502831001,0.138709049,0.108903166
458,M,0,-0.186977527,0.089737406,0.062774046,-0.044018052,0.002202547,0.218234347,0.173460259,0.165114795,3.96e-06,0.227025266,0.042082241,0.020885417,-0.016907483,0.011885885,0.005608351,-0.003007225,-0.039162403,0.025158811,0.022094381,-0.018386483,0.019060337,0.060906451,0.044129372,0.043314871,0.014488629,0.662899143,0.258819191,0.196394359,0.004633095,0.312062963,0.096939498,0.076096778,0.009444566,0.662559559,0.239979389,0.167593175
458,M,1,-0.197115698,0.06103734,0.080393043,-0.070435202,0.007226397,0.213486788,0.180535617,0.174336029,7.56e-06,0.227025266,0.039728759,0.018952644,-0.017624821,0.011885885,0.006593436,-0.004573109,-0.039162403,0.020621529,0.022118317,-0.019531753,0.01773616,0.061133433,0.045553967,0.044855204,0.011004053,0.500807832,0.155074106,0.11865036,0.003499518,0.312062963,0.082678324,0.065063762,0.006560456,0.475600859,0.131195553,0.089206038
458,M,2,-0.206124263,0.009327551,0.091866241,-0.087981986,0.014138122,0.213486788,0.1827939,0.177812895,2.78e-07,0.095765541,0.010762808,0.00763191,-0.018236352,0.009640607,0.007531439,-0.005606245,-0.03619734,0.021260487,0.020810528,-0.018965374,0.01773616,0.061133433,0.045754396,0.045181792,0.010859177,0.500807832,0.127241258,0.088048653,0.003499518,0.174513524,0.056031328,0.043488229,0.005226697,0.489047256,0.114240221,0.069822867
459,H,0,-0.194157904,0.182299538,0.079696155,-0.061029341,0.012153007,0.230799805,0.172097215,0.164978239,8.89e-06,0.176331413,0.030981727,0.01946656,-0.018547121,0.012296582,0.007268228,-0.004592483,-0.041178068,0.044240022,0.022365318,-0.019309519,0.025960961,0.06935213,0.048823534,0.04820927,0.016210144,1.263472396,0.291406741,0.18543488,0.00215023,0.489963169,0.139789161,0.090860134,0.011000803,1.175233318,0.255689029,0.141552193
459,H,1,-0.179117287,0.00011309,0.09681273,-0.092120243,0.020463714,0.230799805,0.186703117,0.183444381,2.57e-06,0.171776318,0.032322464,0.018726735,-0.017585855,0.010211598,0.006992996,-0.004215633,-0.042873402,0.019287158,0.024813484,-0.023373074,0.029435687,0.068544154,0.051266359,0.050789398,0.019751009,0.454182386,0.137336357,0.11420511,0.00215023,0.209601519,0.074356749,0.05861585,0.010172849,0.450596499,0.115465791,0.086170531
459,H,2,-0.191445451,0.003262619,0.101095427,-0.096710651,0.020463714,0.230373163,0.188111762,0.184549432,2.57e-06,0.214628779,0.033970368,0.016957143,-0.016541713,0.010211598,0.006549401,-0.003837481,-0.042873402,0.01845584,0.025259997,-0.023698133,0.029435687,0.068269561,0.050896343,0.050447944,0.020792621,0.38965112,0.139084582,0.12102804,0.00179485,0.190442092,0.080669908,0.064870624,0.010172849,0.381417835,0.113299986,0.091319793
459,L,0,-0.330895411,0.245850343,0.113713759,-0.089548237,0.019553837,0.213797421,0.1744721,0.17001283,8.04e-08,0.121180527,0.012597994,0.007951297,-0.025374182,0.013408361,0.00751186,-0.004024979,-0.04364054,0.022922917,0.024572635,-0.022007101,0.022439559,0.06959237,0.049201001,0.048622701,0.015691268,1.525595539,0.406904863,0.228873474,0.003675281,1.492459048,0.350909654,0.169412411,0.009343799,1.384852041,0.205995102,0.113610749
459,L,1,-0.24769047,0.027077869,0.15637058,-0.147908742,0.033086937,0.227821685,0.18484786,0.182133072,8.14e-06,0.177316569,0.018410983,0.010300193,-0.02826469,0.009697424,0.006920486,-0.003854809,-0.045604195,0.017231981,0.025174277,-0.022856798,0.026800428,0.06959237,0.049898936,0.049342263,0.012453008,0.599478393,0.134520483,0.106863139,0.005880746,0.223674435,0.074272296,0.063213561,0.00705391,0.556403751,0.112157864,0.078144844
459,L,2,-0.24769047,0.027077869,0.175172822,-0.171810392,0.02070516,0.227821685,0.183409571,0.180037949,1.07e-05,0.19413022,0.031015704,0.015509391,-0.02826469,0.009697424,0.006011586,-0.00284073,-0.045604195,0.02702858,0.025580695,-0.02246343,0.029424884,0.071955804,0.048870972,0.048219498,0.012453008,0.599478393,0.153828996,0.129057761,0.006271319,0.223674435,0.088284941,0.075830884,0.00705391,0.556403751,0.125972733,0.096666436
459,M,0,-0.211674033,0.437153974,0.114344617,-0.087898372,0.01202598,0.235393703,0.179097711,0.174372829,6.55e-07,0.201057419,0.039293695,0.021651989,-0.018379998,0.009635163,0.006855022,-0.004963292,-0.04444362,0.02083391,0.02432677,-0.021346024,0.016167371,0.070599538,0.051021494,0.050418296,0.013725443,1.159638682,0.232312325,0.164264164,0.004302268,0.5270293,0.125938181,0.091434485,0.008132469,1.091240486,0.195214218,0.120577912
459,M,1,-0.236940786,0.203315404,0.134677368,-0.125778039,0.026107799,0.235393703,0.1862117,0.184527086,5.6e-06,0.201057419,0.038291709,0.020391263,-0.01902884,0.009330908,0.006997617,-0.005090128,-0.047463316,0.019180602,0.028992253,-0.027711525,0.027958555,0.070599538,0.054605483,0.054256929,0.010365544,0.392005076,0.109592114,0.09801054,0.004258628,0.138679198,0.073001403,0.06494004,0.007097426,0.391695358,0.08173877,0.063124152
459,M,2,-0.241902025,-0.042203284,0.168451552,-0.165472535,0.061443193,0.225444638,0.186932692,0.186164819,6.18e-07,0.193715503,0.024568481,0.012653655,-0.020130045,0.007901792,0.007594173,-0.005978114,-0.051343605,0.009946048,0.034146995,-0.033277413,0.032115424,0.06893489,0.05799284,0.057723411,0.010365544,0.269122714,0.104750755,0.098738453,0.004253116,0.143495072,0.075487066,0.066882803,0.007097426,0.240440004,0.072625227,0.06439287
460,H,0,-0.161350497,0.248940268,0.085874081,-0.056667453,0.010132043,0.218187439,0.166371191,0.161876676,4.75e-07,0.162349148,0.024088424,0.010534609,-0.017206259,0.009262929,0.006480547,-0.004427271,-0.044644677,0.01845488,0.023569999,-0.021626258,0.017987803,0.062122953,0.046241428,0.045703557,0.010583822,0.263482179,0.104088038,0.085546569,0.001848911,0.204535188,0.076354493,0.059006802,0.005065411,0.23399101,0.070741155,0.053068265
460,H,1,-0.140074049,-0.012079056,0.059075322,-0.0557089,0.010132043,0.196438963,0.170450525,0.16915003,4.75e-07,0.162349148,0.015312533,0.006216419,-0.01717478,0.009262929,0.0058187,-0.003982341,-0.035598845,0.005190707,0.021071191,-0.020499836,0.021112369,0.057852034,0.043237178,0.042887818,0.010583822,0.157460366,0.060015695,0.054100336,0.001848911,0.147202155,0.039259278,0.033158711,0.005065411,0.131727238,0.045393752,0.03743533
460,H,2,-0.202268459,-0.011998757,0.07102681,-0.063216187,0.013728869,0.21283503,0.17032746,0.16934367,7.17e-07,0.142207925,0.015403184,0.006091365,-0.015221088,0.011881141,0.00538553,-0.003664939,-0.043610121,0.009394771,0.020867792,-0.020077375,0.022415816,0.058526952,0.04210957,0.041802665,0.0089728,0.229798012,0.071458476,0.06421952,0.003103293,0.150313097,0.05036988,0.041802913,0.004894043,0.210451778,0.050687167,0.04236448
460,L,0,-0.137656046,0.018027531,0.076077595,-0.068615617,0.002944437,0.206422228,0.169534372,0.165774822,3.69e-08,0.126060671,0.017862511,0.007633236,-0.01815257,0.010085442,0.005771883,-0.00340665,-0.041818379,0.015591419,0.025363484,-0.023779687,0.019857889,0.061916064,0.046004074,0.045601567,0.008308773,0.357546253,0.116455028,0.097533766,0.002033115,0.353665214,0.10528907,0.082658462,0.005336336,0.225440113,0.049759275,0.038839708
460,L,1,-0.112849822,0.001669456,0.05101359,-0.045296191,0.011633837,0.209685853,0.167156116,0.165500029,3.69e-08,0.122037148,0.012973191,0.005753199,-0.01815257,0.009087101,0.005408629,-0.002848015,-0.049701524,0.007858558,0.027878941,-0.026133132,0.021947014,0.062312802,0.045823947,0.045389405,0.008308773,0.187125924,0.070720013,0.06267341,0.002033115,0.141037082,0.063189442,0.052195049,0.005166793,0.179799416,0.031755545,0.026047902
460,L,2,-0.090287155,0.065126659,0.032889645,-0.019443756,0.009413232,0.209685853,0.161370039,0.159735983,4.06e-08,0.133463211,0.017797072,0.007183893,-0.014680132,0.01057966,0.004398937,-0.000693215,-0.049701524,0.020198495,0.030280606,-0.027528083,0.016940314,0.062779778,0.047125241,0.046450443,0.009965135,0.139716385,0.079461443,0.074913949,0.002631228,0.134390094,0.069497513,0.062983879,0.005166793,0.118772426,0.038525531,0.031256074
460,M,0,-0.208372928,-0.041513828,0.10068758,-0.098045694,0.008479136,0.195733762,0.159526863,0.156138675,6.94e-08,0.095743592,0.016432653,0.009372458,-0.013372958,0.011468206,0.005091289,-0.003159603,-0.040635432,0.018055799,0.0269052,-0.025064797,0.024226218,0.060939742,0.050331575,0.050012033,0.018517553,0.146559125,0.075161493,0.071382258,0.002511981,0.118344558,0.058740786,0.054941006,0.004587824,0.119055157,0.046891046,0.040602709
460,M,1,-0.208372928,-0.04798697,0.103723772,-0.10223425,0.004629626,0.195700668,0.160427547,0.157254011,3.6e-11,0.089574795,0.01073546,0.006229422,-0.014500241,0.006517213,0.005159712,-0.003888056,-0.040635432,0.019627316,0.02530019,-0.02336263,0.025125036,0.060939742,0.047709807,0.047375334,0.007948334,0.146559125,0.062418002,0.058916451,0.002695002,0.118344558,0.046360818,0.040966275,0.004066202,0.112752203,0.041793319,0.036023408
460,M,2,-0.186611147,-0.02667174,0.107237587,-0.105408279,0.004629626,0.19395976,0.157460266,0.154169159,3.6e-11,0.123761981,0.012569486,0.006319807,-0.014500241,0.006517213,0.004778688,-0.00344684,-0.039562332,0.019627316,0.024294268,-0.022562939,0.022729273,0.059191518,0.044475009,0.044274324,0.007948334,0.282155991,0.071466999,0.064468388,0.004104264,0.275738088,0.057642865,0.04793048,0.004066202,0.111314803,0.042247272,0.03640491
461,H,0,-0.29676591,0.137978994,0.122816249,-0.114077317,0.029263185,0.193087744,0.15277176,0.149745173,8.16e-07,0.177117461,0.030944725,0.01459423,-0.019804273,0.010251698,0.004770614,-0.000567284,-0.041254254,0.022100265,0.019991053,-0.017746576,0.030921199,0.066771198,0.049261236,0.048977111,0.012392024,0.499735827,0.122743502,0.082146951,0.001830911,0.456784225,0.107385018,0.058321619,0.006343593,0.226230426,0.059451032,0.048755079
461,H,1,-0.198674737,-0.021030588,0.115213325,-0.113294742,0.050201036,0.186159094,0.158425479,0.15680659,8.77e-06,0.172459396,0.029683544,0.015806376,-0.019419813,0.011814594,0.004108905,0.001444171,-0.040438345,0.015953884,0.018394889,-0.016502258,0.033655332,0.064668864,0.048317865,0.048122334,0.012392024,0.127488363,0.054104494,0.049872278,0.001830911,0.080436412,0.030004913,0.025285921,0.006436253,0.124103876,0.045022233,0.039741842
461,H,2,-0.198674737,-0.021030588,0.111461793,-0.108976142,0.041866318,0.186159094,0.155395634,0.152978615,1.42e-05,0.172459396,0.023727654,0.012869389,-0.020325247,0.012424709,0.004150872,0.001178403,-0.040438345,0.015953884,0.017856199,-0.015617698,0.031373485,0.065747815,0.047786179,0.047538494,0.012715487,0.123296102,0.05949324,0.055833321,0.002694221,0.093968225,0.042407657,0.036489379,0.006436253,0.122188924,0.041725726,0.037815359
461,L,0,-0.250498219,-0.017498643,0.112910906,-0.10586844,0.02791975,0.191666122,0.149459627,0.145147767,3.32e-08,0.220225353,0.028975919,0.012542278,-0.019941419,0.009002544,0.005658669,-0.002887404,-0.041960446,0.0239495,0.019485816,-0.016630135,0.027064701,0.069557631,0.048799093,0.048393589,0.015958867,1.108436212,0.197071963,0.108834414,0.004473404,1.090134949,0.178594465,0.083485958,0.004957139,0.304791671,0.08331492,0.058022449
461,L,1,-0.247489496,-0.027571967,0.113743534,-0.110269987,0.027847559,0.189403471,0.157618405,0.155110951,3.32e-08,0.220225353,0.029245507,0.013433523,-0.022305497,0.011080772,0.004913821,-0.001722608,-0.041960446,0.024687715,0.021632641,-0.019480462,0.035495646,0.069557631,0.053579726,0.053197419,0.015167129,0.188287177,0.060820964,0.055882284,0.004473404,0.161674942,0.041403918,0.036892036,0.004957139,0.159929865,0.044552276,0.037211495
461,L,2,-0.195774225,-0.020786234,0.100555167,-0.097573586,0.027847559,0.184174493,0.162646861,0.160612313,5.68e-07,0.024871425,0.008516876,0.006429659,-0.022305497,0.011080772,0.004910346,-0.001837673,-0.039666026,0.024687715,0.020981011,-0.019433407,0.035495646,0.067719649,0.055964866,0.055724458,0.015167129,0.1165927,0.064003746,0.061918764,0.010294872,0.113367656,0.05582294,0.052766592,0.005695235,0.089351515,0.031309406,0.027976379
461,M,0,-0.24145532,0.199073001,0.124399636,-0.085173861,0.010294289,0.186960214,0.134827997,0.122477824,2.47e-07,0.160351456,0.011810266,0.007500311,-0.02463192,0.012357721,0.006515265,-0.003648862,-0.049737211,0.026874861,0.018179522,-0.01171667,0.023048846,0.073362798,0.049680213,0.048855844,0.023225151,1.118899037,0.37024,0.220798131,0.00565838,0.686392196,0.219841238,0.15258298,0.006474916,0.995651647,0.297905166,0.13997889
461,M,1,-0.211968691,0.01795058,0.094074571,-0.087696656,0.021999181,0.187675529,0.156630081,0.153511924,2.47e-07,0.166840743,0.018398261,0.008326493,-0.02463192,0.010037195,0.004830593,-0.002553856,-0.044803027,0.024247857,0.019166935,-0.016666419,0.033214796,0.066837871,0.053063841,0.05260106,0.01230651,0.238417329,0.08445539,0.072093531,0.009327096,0.237919667,0.074794908,0.061366401,0.006474916,0.111011266,0.039222885,0.03386972
461,M,2,-0.183202571,0.01795058,0.086801995,-0.081000194,0.029385346,0.187675529,0.152665559,0.149518061,3.43e-09,0.187632968,0.027596758,0.013197927,-0.02002398,0.00771802,0.004392645,-0.002491992,-0.044803027,0.015780196,0.018060959,-0.014826266,0.033099863,0.067139679,0.051860802,0.051431379,0.01230651,0.238417329,0.100562635,0.089756196,0.004752083,0.237919667,0.071820856,0.05763282,0.006498094,0.153150329,0.070388978,0.058705061
462,H,0,-0.126304285,0.108300266,0.048878639,-0.035561625,0.002559364,0.21092243,0.148344244,0.142297997,3.36e-06,0.241626862,0.072977906,0.042817267,-0.016509522,0.01153873,0.006468933,-0.004398506,-0.044455924,0.014088391,0.024365508,-0.021847602,0.023625135,0.060705525,0.042794664,0.042366925,0.01009959,0.497959385,0.135803513,0.107124158,0.003397596,0.288029272,0.087392981,0.065821212,0.006771406,0.486409591,0.103947396,0.074212292
462,H,1,-0.183250896,0.0873139,0.050121427,-0.029992228,0.001802137,0.201065151,0.145960021,0.140628774,3.36e-06,0.300062889,0.079178133,0.043771351,-0.01616186,0.009412418,0.006224191,-0.004233932,-0.044455924,0.010617076,0.024710894,-0.022195376,0.021447476,0.060705525,0.042170754,0.041671411,0.015227891,0.628011634,0.19733338,0.137097648,0.003397596,0.596005462,0.146297284,0.08377367,0.006771406,0.604889293,0.132429481,0.091197524
462,H,2,-0.190011863,0.074703704,0.057097336,-0.040087969,0.001727538,0.199406091,0.142131927,0.137036218,1.58e-05,0.307520929,0.112657589,0.078716822,-0.016840201,0.009412418,0.006269644,-0.004154592,-0.044740373,0.018552094,0.022614834,-0.019909621,0.021447476,0.057657228,0.040622513,0.040197154,0.024585614,0.909580358,0.273818345,0.220326746,0.003640396,0.596005462,0.176807054,0.123861733,0.009198969,0.901528616,0.209083122,0.148469321
462,L,0,-0.121425054,0.032456965,0.072448699,-0.067654112,0.003407883,0.220130799,0.146468565,0.139495016,1.77e-05,0.0706757,0.019967816,0.015789198,-0.018258532,0.010670001,0.007071032,-0.005312478,-0.046026109,0.01439368,0.022391681,-0.019892703,0.022237441,0.062807401,0.040877213,0.040509749,0.013038226,0.324780581,0.107512985,0.09583444,0.003449279,0.19685715,0.052351348,0.041140961,0.009040053,0.317570949,0.093906221,0.079346002
462,L,1,-0.114671417,0.023750872,0.067933411,-0.062402604,0.005296897,0.203910193,0.141259424,0.134417863,4.65e-06,0.315268287,0.043484038,0.021625597,-0.018258532,0.010166627,0.00701885,-0.005067478,-0.043155667,0.016022946,0.022412505,-0.01930139,0.020384138,0.056351272,0.0406339,0.040241691,0.011882749,0.35163468,0.148152565,0.129764527,0.0045112,0.276623216,0.10316963,0.07890974,0.004648523,0.321965053,0.106325961,0.086907643
462,L,2,-0.120453476,0.045320471,0.052832726,-0.041712782,0.001778016,0.203910193,0.137124949,0.128803404,2.39e-06,0.341859483,0.090973833,0.049480106,-0.01735151,0.008265401,0.006467045,-0.004811475,-0.043155667,0.016022946,0.020618485,-0.016498772,0.020384138,0.056723956,0.04040497,0.039953024,0.011882749,0.787581576,0.247565952,0.203241294,0.005291525,0.679955198,0.200836477,0.149880999,0.004648523,0.417950459,0.144753618,0.116606923
462,M,0,-0.195471337,0.045770884,0.057795714,-0.040055726,0.000655112,0.216047532,0.145530769,0.135595854,3.31e-06,0.220466133,0.038160978,0.017250215,-0.016968523,0.007405667,0.005938772,-0.004521871,-0.043442796,0.016741236,0.0216047,-0.017748479,0.021998045,0.058790427,0.041462721,0.040954357,0.014879761,0.577397691,0.215285525,0.177261237,0.003888042,0.28691417,0.089249146,0.064738539,0.004893739,0.557619918,0.195914388,0.146937929
462,M,1,-0.128416387,0.068045353,0.045849094,-0.027733075,0.001053679,0.211030328,0.152702366,0.145189312,1.07e-06,0.235784746,0.050694149,0.023850603,-0.015335388,0.009095565,0.006433757,-0.004895477,-0.043852719,0.016741236,0.022122793,-0.019124396,0.021998045,0.0607233,0.041237837,0.04077704,0.014879761,0.341014571,0.1392565,0.121738432,0.003888042,0.28691417,0.092393424,0.069447322,0.004893739,0.29853335,0.104191306,0.084918828
462,M,2,-0.115303747,0.068045353,0.050826102,-0.034812194,0.000430582,0.211030328,0.150697174,0.141644843,1.07e-06,0.235784746,0.049546252,0.025141867,-0.016789519,0.00947511,0.00667221,-0.004866874,-0.043940569,0.015843259,0.020554611,-0.017721889,0.025442904,0.0607233,0.040638657,0.040288047,0.017773121,0.376566461,0.173293396,0.160950938,0.004528777,0.236936572,0.100435141,0.082532002,0.006152372,0.369637116,0.141221046,0.125508757
463,H,0,-0.257981,-0.040324662,0.12929467,-0.124687991,0.012224686,0.17428316,0.131876669,0.128101391,1.17e-09,0.151408875,0.031209009,0.015844872,-0.028505534,0.012441749,0.011671158,-0.00890318,-0.053606561,0.009699774,0.035298676,-0.033348271,0.022220613,0.06557588,0.050554643,0.049943208,0.013185038,0.9875473,0.274522856,0.226371489,0.002391226,0.490387019,0.199810717,0.155686289,0.007390955,0.864141983,0.188251098,0.144277211
463,H,1,-0.228866357,0.02000735,0.125591091,-0.121332981,0.012224686,0.17428316,0.134169984,0.131716329,7.52e-09,0.221067038,0.027657431,0.014366941,-0.028505534,0.010587676,0.010598355,-0.008747969,-0.054015237,0.005227493,0.034900026,-0.033406452,0.022220613,0.064120682,0.050601402,0.050042596,0.013185038,0.9875473,0.218192364,0.16072843,0.002391226,0.490387019,0.149646517,0.109174939,0.006242167,0.864141983,0.158788627,0.103344124
463,H,2,-0.251428365,0.02000735,0.127489228,-0.122303277,0.013506494,0.172462703,0.134953216,0.132054569,7.52e-09,0.221067038,0.025129576,0.012283619,-0.026699734,0.008234704,0.011101876,-0.00921868,-0.054015237,0.011398165,0.036111743,-0.034315592,0.019768247,0.064379228,0.051396222,0.050739223,0.020071243,1.186439252,0.234821365,0.164403161,0.002349006,0.434374073,0.14296313,0.104713305,0.006242167,1.104072302,0.186286384,0.109345587
463,L,0,-0.254553401,-0.063008677,0.136852684,-0.133024655,0.011664255,0.165336377,0.130210831,0.126403407,1.17e-09,0.153979033,0.015206287,0.00548153,-0.026353134,0.008823136,0.008460486,-0.006222862,-0.055925077,0.0107509,0.035478147,-0.033198033,0.023212227,0.06768218,0.050455386,0.049881104,0.012436799,0.57475161,0.187232991,0.15691061,0.002197333,0.300247521,0.098402748,0.076958985,0.011476269,0.524754066,0.159289335,0.12695421
463,L,1,-0.24859164,-0.069847565,0.13897308,-0.13514023,0.016809475,0.162349171,0.130869706,0.127335657,5.15e-08,0.153979033,0.019016559,0.007174159,-0.026353134,0.004943926,0.010379883,-0.008181766,-0.055925077,0.0107509,0.037885707,-0.03593343,0.023403619,0.06768218,0.05167749,0.051096648,0.012436799,0.766905305,0.171156646,0.125280499,0.002154296,0.487881713,0.102938754,0.069389552,0.008847956,0.601064319,0.136741399,0.09182289
463,L,2,-0.223782082,-0.071202623,0.134130727,-0.132160744,0.016809475,0.162349171,0.138416975,0.136699592,1.41e-07,0.140643722,0.012497783,0.004638785,-0.023449196,0.00698197,0.011056723,-0.008910618,-0.055896611,0.005108194,0.037020568,-0.035687213,0.023403619,0.065568176,0.050478695,0.049976673,0.013395541,0.766905305,0.130614747,0.094238547,0.002154296,0.487881713,0.086694881,0.056463754,0.008847956,0.601064319,0.097694472,0.065954163
463,M,0,-0.253663754,0.05890392,0.119483601,-0.115223935,0.016142487,0.176281274,0.132940039,0.130687183,7.04e-11,0.142072345,0.013931174,0.005276834,-0.027234894,0.011405204,0.01341995,-0.0107271,-0.052200779,0.004083062,0.036993952,-0.035789157,0.020908831,0.062899779,0.051737615,0.051353089,0.011897694,2.163233472,0.247803594,0.138807189,0.003028543,1.053825236,0.141147497,0.080088051,0.007804523,1.889236922,0.203676227,0.100445784
463,M,1,-0.254110207,0.05890392,0.112512715,-0.108263797,0.013106178,0.164137092,0.135524732,0.133350303,7.04e-11,0.147304248,0.017666592,0.005896894,-0.025750953,0.008830398,0.012604517,-0.01039309,-0.051599085,0.007034104,0.036991559,-0.035847037,0.021804617,0.064666458,0.05065528,0.050250652,0.014434671,2.163233472,0.274281467,0.174093099,0.003028543,1.053825236,0.149502077,0.088471656,0.009942964,1.889236922,0.229955327,0.134046595
463,M,2,-0.254110207,-0.040252115,0.128132665,-0.123786052,0.01060226,0.170114936,0.132224334,0.12810056,1.01e-08,0.147304248,0.017908842,0.006010162,-0.026073116,0.006861416,0.013931378,-0.012061617,-0.052340592,0.007691972,0.035733368,-0.033833959,0.021804617,0.065457022,0.050370985,0.049781909,0.011025149,0.881395876,0.267362543,0.212319493,0.003600551,0.594495068,0.185232843,0.125771467,0.007834732,0.821212015,0.192799179,0.145967893
464,H,0,-0.176845897,0.196939037,0.056795109,-0.034489886,0.005740467,0.217846863,0.177227039,0.170982015,1.67e-07,0.209268643,0.037437222,0.017862725,-0.016124893,0.012972289,0.004538313,0.001016626,-0.055136471,0.024246811,0.021070792,-0.017816407,0.017344349,0.061530286,0.041289891,0.040857823,0.011838389,1.436863018,0.268107665,0.174699771,0.004228023,0.410938537,0.119183997,0.080314791,0.007279889,1.423974876,0.240160145,0.136939683
464,H,1,-0.17743649,0.062211803,0.076053631,-0.064242751,0.01807142,0.217692432,0.178321575,0.173705828,1.5e-06,0.209268643,0.043540957,0.021722342,-0.012565722,0.011941531,0.004714064,0.000318624,-0.039012098,0.018708563,0.019428562,-0.01706865,0.026357213,0.055814182,0.041198727,0.040896571,0.011838389,0.796048857,0.183287006,0.132091442,0.002929036,0.240411933,0.075103654,0.0583154,0.005665835,0.788783786,0.167193204,0.110170688
464,H,2,-0.17743649,-0.019740671,0.099285688,-0.097347473,0.021605006,0.210140998,0.178971577,0.176325827,6.63e-08,0.202803417,0.032030778,0.014298976,-0.012565722,0.011210119,0.004647008,-0.000817864,-0.031794292,0.015315206,0.017998572,-0.017057128,0.02773818,0.056507384,0.041709655,0.041451971,0.015493023,0.576918316,0.136887356,0.109312768,0.002556224,0.240411933,0.06287531,0.043202591,0.005665835,0.530493163,0.121592943,0.094592135
464,L,0,-0.103731116,0.326954987,0.068612242,-0.034995363,0.011009471,0.251221405,0.17530082,0.171780209,4.49e-07,0.143507284,0.01970211,0.009423695,-0.010420354,0.014616807,0.004043304,-0.000955591,-0.037496753,0.020629475,0.021542751,-0.019627206,0.026899792,0.059847366,0.042499854,0.04210959,0.010083195,1.028569004,0.147300932,0.107524977,0.003194844,0.292084481,0.072718396,0.055284518,0.005385046,1.027764089,0.128099958,0.08323027
464,L,1,-0.110873562,-0.011693094,0.072518753,-0.069196733,0.01458923,0.207274952,0.177277583,0.174240535,4.49e-07,0.203301098,0.022166335,0.009320329,-0.011440589,0.010373218,0.004353819,-0.000614397,-0.037496753,0.014649148,0.020066422,-0.018236633,0.026777529,0.056551919,0.04239086,0.042065962,0.010083195,0.53519066,0.159953687,0.12335499,0.003194844,0.151379713,0.055356377,0.047092138,0.006080364,0.533029613,0.150069496,0.107224476
464,L,2,-0.110873562,0.023318083,0.060675438,-0.049097325,0.01458923,0.220948289,0.182150137,0.179307202,6.28e-07,0.211892056,0.039337871,0.016914787,-0.011440589,0.012128087,0.004260371,0.000379761,-0.045552481,0.015227984,0.016966298,-0.015083254,0.021752201,0.058446692,0.039737976,0.039419453,0.010844307,0.53519066,0.239966497,0.204770774,0.004277714,0.140175598,0.05670858,0.048633047,0.00619296,0.533029613,0.233169587,0.192826595
464,M,0,-0.125131059,0.098193367,0.052500376,-0.010792165,0.018435523,0.215845623,0.182468418,0.18007022,1.26e-07,0.19148545,0.024116527,0.010213014,-0.010188167,0.014825553,0.00505823,0.002214581,-0.041664683,0.015167192,0.025035481,-0.023545999,0.026583562,0.06115529,0.045434903,0.045040912,0.010273139,0.436655312,0.210642039,0.16023723,0.004186115,0.25299456,0.08665693,0.066934707,0.007791882,0.430992637,0.191991263,0.12317329
464,M,1,-0.252903814,0.425027394,0.14648538,0.005722009,0.017309672,0.219442843,0.177727374,0.174477725,1.5e-09,0.194870328,0.024211375,0.010144564,-0.011497874,0.012529439,0.004102516,0.000257778,-0.042616247,0.017448327,0.02302584,-0.02103515,0.02229999,0.062762242,0.043328675,0.042936124,0.010273139,0.880141377,0.285490929,0.228416586,0.004186115,0.234485938,0.07033533,0.056737272,0.007791882,0.862378161,0.276691185,0.216096401
464,M,2,-0.252903814,0.425027394,0.171483158,-0.051935607,0.017309672,0.219442843,0.174593797,0.170951857,1.5e-09,0.195048481,0.033420772,0.01450652,-0.012015331,0.013598295,0.005010655,-0.000398968,-0.042616247,0.017448327,0.019321899,-0.017307009,0.02229999,0.062762242,0.041063474,0.04069212,0.025024737,0.880141377,0.253355211,0.204516756,0.00614231,0.308923415,0.095831323,0.077771025,0.018311486,0.862378161,0.234531918,0.18061321
465,H,0,-0.301543885,0.082665551,0.187223585,-0.181008246,0.003759812,0.19787367,0.159246059,0.154534779,7.81e-07,0.168734823,0.024420027,0.013371427,-0.013045687,0.010593886,0.00428298,-0.001166361,-0.038053404,0.022746988,0.015764753,-0.010304984,0.022196933,0.058579862,0.042430677,0.041798691,0.012916288,0.581233264,0.188734344,0.143474377,0.003444258,0.407582541,0.13994082,0.103329245,0.004001715,0.472346514,0.126638144,0.083228802
465,H,1,-0.301543885,-0.113962765,0.197358071,-0.19412001,0.007387726,0.197172827,0.160140874,0.157790878,7.81e-07,0.188209985,0.03123597,0.015665224,-0.012067664,0.011792672,0.003818576,-8.02e-05,-0.041434361,0.021647979,0.018909985,-0.014255022,0.022196933,0.060010718,0.044679911,0.044084743,0.012916288,0.630440474,0.161703121,0.125751765,0.004158171,0.318621089,0.098942799,0.073392638,0.004001715,0.629583306,0.127899264,0.083215541
465,H,2,-0.355217643,-0.113962765,0.239124171,-0.233318955,0.007797076,0.197172827,0.1535415,0.151421634,5.49e-08,0.189971887,0.038847736,0.020982767,-0.013624231,0.011792672,0.003858608,-0.000598933,-0.041434361,0.025843293,0.018102625,-0.014372457,0.022409183,0.061672848,0.045726535,0.04520228,0.021520998,0.630440474,0.169483383,0.145535523,0.006469396,0.250463723,0.110112843,0.093803897,0.005803878,0.629583306,0.12884013,0.085521198
465,L,0,-0.314070334,-0.008843804,0.173931856,-0.16750554,0.005679632,0.194973833,0.150348853,0.146040606,5.9e-07,0.210942208,0.03512569,0.017687587,-0.013435921,0.013800846,0.004487189,3.51e-05,-0.041300549,0.022502589,0.020701942,-0.01691701,0.023404017,0.06114876,0.042516963,0.041973499,0.016714932,0.699409526,0.184335804,0.14002018,0.003989085,0.527237596,0.118245476,0.084653491,0.007633203,0.573832779,0.14141321,0.101510749
465,L,1,-0.344141339,0.014305633,0.208264414,-0.198178883,0.005679632,0.194973833,0.152232543,0.1491401,5.9e-07,0.071411359,0.010460235,0.006659788,-0.015633843,0.013800846,0.004864009,-0.000568832,-0.038863145,0.023115769,0.019286523,-0.015550198,0.023404017,0.059845175,0.043712577,0.043142488,0.018351819,0.568457308,0.173418844,0.143899014,0.003989085,0.370792119,0.099942235,0.079877779,0.006956596,0.440796068,0.141723835,0.109457393
465,L,2,-0.374613341,0.014305633,0.272435493,-0.26241733,0.006992328,0.191076473,0.146965229,0.144784283,4.51e-08,0.189219235,0.027215895,0.010748622,-0.016292533,0.013879889,0.005354064,-8.76e-05,-0.041172793,0.023115769,0.018282206,-0.014800673,0.014606484,0.059845175,0.044594679,0.04407743,0.017753674,0.651550584,0.170609662,0.138740817,0.006002539,0.370792119,0.108445134,0.087989197,0.006956596,0.605582849,0.131709186,0.09114636
465,M,0,-0.274794493,-0.091038706,0.191258244,-0.187627572,0.01010778,0.19871282,0.162301691,0.15808177,1.11e-07,0.18080157,0.016311855,0.008609018,-0.011767341,0.014523448,0.003707109,0.000400309,-0.038673413,0.031219104,0.017779241,-0.012617869,0.022592531,0.058956395,0.04307695,0.042573393,0.0148657,0.489382805,0.130129097,0.102058932,0.004456009,0.336777752,0.097558089,0.078363668,0.006034241,0.363534813,0.086116207,0.054793367
465,M,1,-0.254792184,-0.093316004,0.192766436,-0.190608024,0.003514279,0.199603672,0.16685844,0.164538302,1.11e-07,0.211601654,0.037629664,0.019751134,-0.011767341,0.01343108,0.003934355,8.57e-05,-0.03795299,0.021723317,0.017102468,-0.012628109,0.022763876,0.061188068,0.045112268,0.044644589,0.012289926,0.389251204,0.103990282,0.083564885,0.002689075,0.247267346,0.074234902,0.058725573,0.006078962,0.30996595,0.072822785,0.053508883
465,M,2,-0.252860875,-0.093316004,0.187812116,-0.185542711,0.003514279,0.199603672,0.16186588,0.158897995,3.27e-06,0.211601654,0.04316959,0.023771919,-0.011256543,0.01343108,0.003820115,0.000198248,-0.039229853,0.021723317,0.019726504,-0.015109882,0.025836722,0.06137741,0.045893598,0.045364394,0.012289926,0.344953591,0.124374815,0.108741869,0.002689075,0.192265779,0.080746936,0.068564569,0.006219692,0.322811122,0.094599298,0.075185597
466,H,0,-0.072320854,0.06670504,0.022037919,-0.012965546,0.013761858,0.205580457,0.165621859,0.160550166,2.28e-06,0.15661486,0.017754088,0.009427052,-0.021241873,0.006121034,0.00820293,-0.006878232,-0.046297211,0.024071599,0.022883995,-0.018879015,0.024463526,0.06720137,0.048910364,0.048465567,0.013763241,0.191074436,0.075608023,0.066161773,0.003505613,0.131032786,0.046208014,0.039226791,0.007787476,0.176793495,0.059844737,0.047229789
466,H,1,-0.072320854,0.039368516,0.024518821,-0.020290555,0.013761858,0.200143185,0.163752301,0.160288267,1.34e-09,0.128667927,0.014480968,0.005908481,-0.021241873,0.003293348,0.010849624,-0.009919011,-0.044304834,0.024071599,0.027418999,-0.02445508,0.023130245,0.066465267,0.05263704,0.052220057,0.008503209,0.093242016,0.043083524,0.03903516,0.002193244,0.089874266,0.029827989,0.025161303,0.005372269,0.087785305,0.031088279,0.026641606
466,H,2,-0.082988494,0.030589095,0.028162638,-0.02546976,0.012747371,0.204617659,0.16483982,0.162462793,1.34e-09,0.193931257,0.024768111,0.008638512,-0.020959386,0.005497539,0.01128358,-0.010550965,-0.045560197,0.02209656,0.027384556,-0.025453508,0.023130245,0.066699297,0.052971896,0.052610832,0.007989861,0.158478734,0.036544599,0.031651215,0.002193244,0.153800905,0.028041284,0.021380964,0.005372269,0.089587475,0.02343489,0.020557605
466,L,0,-0.115101,0.076827156,0.057323737,-0.046835776,0.013551938,0.203985211,0.14897223,0.145527205,1.5e-10,0.194106028,0.020927195,0.008447414,-0.019855211,0.003223962,0.010140722,-0.009156286,-0.047169208,0.019080539,0.026334436,-0.02337992,0.024852157,0.069614763,0.051244789,0.050636896,0.015214229,0.464162293,0.129417392,0.094464979,0.002068856,0.426810164,0.110150573,0.061826509,0.004815924,0.194182687,0.067939037,0.057951485
466,L,1,-0.115101,0.021501772,0.062522699,-0.058081088,0.010431939,0.203985211,0.149161456,0.146583846,1.32e-08,0.194106028,0.019821304,0.007753814,-0.020082849,0.002394984,0.009844695,-0.009065929,-0.047169208,0.019080539,0.027481273,-0.024770906,0.026451853,0.069614763,0.052052934,0.051512472,0.024864193,0.19408228,0.082643501,0.076163134,0.003159635,0.1809213,0.063846664,0.05251617,0.006378213,0.147614908,0.052474297,0.048336549
466,L,2,-0.134377094,-0.013633084,0.072011283,-0.06814823,0.010431939,0.195868831,0.148832223,0.145838921,1.32e-08,0.150132045,0.016652041,0.006013978,-0.020082849,0.006777109,0.007962807,-0.006260112,-0.046248314,0.017152442,0.025182716,-0.022154316,0.025480522,0.065446274,0.048742258,0.048188111,0.018318144,0.239664369,0.089011143,0.080819251,0.004723374,0.1809213,0.066827422,0.056434355,0.006378213,0.199332611,0.058796932,0.052428177
466,M,0,-0.115533918,0.044100401,0.065435869,-0.059950103,0.010826049,0.19708266,0.149900625,0.146313665,6.8e-08,0.178096592,0.021423484,0.008842693,-0.022066943,0.008687865,0.00759961,-0.005326142,-0.042929611,0.021099103,0.026467012,-0.023419445,0.027635142,0.064285857,0.051210725,0.05075044,0.007463176,0.217517062,0.087441295,0.069160158,0.002245483,0.181165624,0.060575484,0.042630437,0.002890295,0.167982453,0.063060216,0.048780851
466,M,1,-0.162937027,0.018684753,0.071277352,-0.066657205,0.011437665,0.17946777,0.142671396,0.138903307,3.91e-11,0.112107815,0.014318984,0.005888568,-0.022066943,0.006646681,0.009969075,-0.008626122,-0.044401286,0.021099103,0.028130264,-0.024840969,0.026218381,0.065425921,0.052592118,0.052121092,0.007463176,0.19277831,0.062989613,0.051296358,0.002245483,0.145599708,0.040946521,0.032437611,0.004577503,0.157278405,0.047865162,0.035937163
466,M,2,-0.162937027,-0.006398789,0.077896895,-0.075185419,0.008912865,0.205650589,0.149861961,0.14748387,3.91e-11,0.180876894,0.019303318,0.005689793,-0.021881304,0.003738573,0.009584677,-0.008649008,-0.044401286,0.018676796,0.027012671,-0.024963776,0.026218381,0.065425921,0.052423298,0.05207491,0.00835662,0.177649015,0.05550639,0.049304442,0.002561397,0.112168287,0.040397744,0.034706394,0.004248572,0.138071577,0.038065491,0.030568406
467,H,0,-0.172025438,0.063748954,0.081532735,-0.071979723,0.00926745,0.198748113,0.148818384,0.142483747,5.35e-09,0.230578124,0.064737086,0.042709821,-0.013523887,0.012330055,0.004004367,-0.00030973,-0.03763435,0.02981747,0.019951649,-0.014655468,0.0279422,0.052026409,0.040165477,0.039967539,0.010949319,0.485125361,0.184382191,0.15352253,0.00424851,0.271441639,0.095094747,0.079239655,0.005715287,0.447188982,0.15796766,0.121140359
467,H,1,-0.172025438,0.048491971,0.084310575,-0.07518583,0.00926745,0.198748113,0.15281262,0.148409528,5.35e-09,0.25950213,0.069249837,0.04500418,-0.014623955,0.010570811,0.004378873,-0.001809453,-0.044541785,0.029805758,0.020710073,-0.016873804,0.026393197,0.057275023,0.04014586,0.039894373,0.010784836,0.485125361,0.15413916,0.123509395,0.00424851,0.271441639,0.076677811,0.060910679,0.005309474,0.447188982,0.133713851,0.098336087
467,H,2,-0.208052809,0.222090504,0.101520209,-0.078583603,0.015607489,0.200241014,0.155024242,0.152352225,4.86e-08,0.25950213,0.069083273,0.043893473,-0.014623955,0.010570811,0.004578022,-0.001574075,-0.044541785,0.029805758,0.021298977,-0.018550418,0.026393197,0.057275023,0.040573631,0.040280269,0.010784836,0.460303131,0.136601977,0.11345869,0.005203456,0.303086371,0.075235096,0.060223814,0.005309474,0.441826902,0.114016579,0.087164926
467,L,0,-0.173290264,0.061601683,0.090138457,-0.084196145,0.011411051,0.19748465,0.161945062,0.1594042,5.69e-08,0.24983022,0.042093788,0.017488491,-0.011876354,0.013995881,0.004616103,0.001724122,-0.033895276,0.027363785,0.018847251,-0.016799181,0.02372786,0.051351083,0.04058497,0.040391745,0.019349091,0.366627286,0.150312002,0.13491992,0.00400802,0.19439648,0.073420034,0.057989736,0.01025911,0.366175143,0.131160957,0.106719369
467,L,1,-0.139653779,0.061601683,0.079145211,-0.072092418,0.014788387,0.199163515,0.16035961,0.157288613,2.71e-08,0.24983022,0.046322777,0.019138458,-0.012599488,0.012163681,0.004492572,0.000206368,-0.033895276,0.028397186,0.01915924,-0.01697787,0.026590528,0.050438706,0.040245212,0.040104043,0.01688553,0.366627286,0.155654073,0.138004145,0.003885086,0.208701137,0.061140168,0.050279293,0.006720172,0.366175143,0.14314353,0.119224354
467,L,2,-0.211646407,0.099007115,0.090526332,-0.080000327,0.008725994,0.199163515,0.1548248,0.150301835,2.71e-08,0.274979008,0.052578952,0.021130932,-0.01385804,0.009679488,0.004074237,-0.001285568,-0.034981502,0.028397186,0.018348879,-0.014719727,0.026590528,0.052291912,0.039391216,0.039184681,0.01688553,0.561697369,0.172037753,0.132514845,0.003885086,0.298304065,0.093947367,0.075000864,0.006720172,0.484106511,0.144121063,0.098579612
467,M,0,-0.204941082,0.065145234,0.08897317,-0.077944222,0.013844834,0.206340901,0.156199608,0.15158466,2.24e-09,0.233760002,0.063354183,0.036326798,-0.013832172,0.012090638,0.004008438,-0.00036135,-0.034365697,0.031292787,0.017817022,-0.013598774,0.025542651,0.052501133,0.039635803,0.039412944,0.011143726,0.469512228,0.152287068,0.127189201,0.003505417,0.296977698,0.091685522,0.072374158,0.004561213,0.46740374,0.121594064,0.094312175
467,M,1,-0.208424014,0.033109374,0.104100817,-0.09077109,0.021223762,0.206340901,0.154440877,0.151069584,1.3e-08,0.258459379,0.063501479,0.034191111,-0.014167566,0.012090638,0.004189975,-0.000944894,-0.036347668,0.031292787,0.018811346,-0.015542783,0.025542651,0.054121084,0.04007667,0.039799745,0.011143726,0.469512228,0.127476732,0.100362913,0.003505417,0.296977698,0.083669527,0.064765766,0.002601572,0.46740374,0.096175504,0.067894672
467,M,2,-0.208424014,0.024997725,0.104559451,-0.094636779,0.019597313,0.20129053,0.153326017,0.151153345,1.3e-08,0.258459379,0.049753714,0.026579834,-0.014167566,0.011846569,0.004536329,-0.00079935,-0.036347668,0.028835847,0.019537982,-0.017473657,0.026699155,0.054121084,0.040459136,0.040227579,0.010722517,0.386246815,0.115953094,0.095901345,0.00361568,0.268130173,0.081830458,0.063325737,0.002601572,0.289401246,0.082151665,0.063904049
468,H,0,-0.193451755,0.031716168,0.094632256,-0.086305961,0.02186198,0.197968972,0.143847705,0.137116125,2.74e-06,0.183523942,0.026696098,0.012699176,-0.016139902,0.011597779,0.007282094,-0.005467755,-0.039325269,0.026801837,0.018303529,-0.013657099,0.023619044,0.05807842,0.042517744,0.04214726,0.012457804,0.561090823,0.152227064,0.12647344,0.003180112,0.20053446,0.073610699,0.060875567,0.00610233,0.541470045,0.133246178,0.100598608
468,H,1,-0.21737263,-0.025778269,0.126859245,-0.123164954,0.02186198,0.197968972,0.153563444,0.147830332,5.53e-06,0.192848469,0.042387792,0.024127374,-0.016139902,0.011597779,0.007081516,-0.005208636,-0.038892883,0.026801837,0.017236372,-0.013387397,0.02256907,0.056189761,0.041653989,0.041365551,0.012457804,0.561090823,0.148230701,0.119380866,0.003180112,0.20053446,0.064628033,0.051241148,0.00610233,0.541470045,0.133399993,0.098757738
468,H,2,-0.21737263,-0.056591312,0.131873335,-0.130340293,0.022855402,0.196649626,0.161681788,0.159447316,2.38e-05,0.192848469,0.050223112,0.030068691,-0.015358885,0.008592459,0.008243758,-0.00687924,-0.038892883,0.023276431,0.019231189,-0.016757889,0.02256907,0.056189761,0.04231436,0.042121138,0.008794812,0.371367369,0.088718473,0.079968661,0.001509631,0.145308039,0.045631614,0.036300012,0.007654013,0.365276051,0.07608366,0.064831608
468,L,0,-0.779372299,0.376798473,0.115961833,-0.072077583,0.013730199,0.228777933,0.148294328,0.143012923,8.62e-07,0.372934859,0.076145406,0.034295691,-0.053226301,0.092236856,0.006326694,-0.0017981,-0.090541673,0.087130889,0.017399597,-0.012177424,0.021191921,0.143851638,0.043110972,0.04249132,0.020578074,1.052436105,0.22462418,0.144368056,0.003755626,0.929978575,0.13131365,0.065683652,0.006808327,0.904921783,0.182243649,0.117893167
468,L,1,-0.207325796,-0.02857702,0.105544663,-0.102472637,0.018891877,0.182054837,0.158115116,0.155335819,8.62e-07,0.197252199,0.023891657,0.012001138,-0.016813574,0.009913617,0.003941691,-0.001276065,-0.033664379,0.023490096,0.015592227,-0.013115319,0.0226569,0.052967356,0.042812601,0.042613879,0.010987906,0.534872758,0.118641284,0.092075603,0.003755626,0.16961485,0.04404417,0.034908461,0.006808327,0.520401853,0.110162904,0.080633389
468,L,2,-0.243445059,-0.03280352,0.126206598,-0.12278543,0.018891877,0.191811966,0.156243834,0.152864066,3.88e-06,0.197252199,0.035045772,0.019643128,-0.014555161,0.010336024,0.004502635,-0.001602302,-0.038370049,0.028906781,0.015959874,-0.012228133,0.025094801,0.053792221,0.042728186,0.042513258,0.010987906,0.541414445,0.154199878,0.114028585,0.003858523,0.21841226,0.058796272,0.045506102,0.007636614,0.527296165,0.142550345,0.099005499
468,M,0,-0.203916829,0.109552727,0.09227166,-0.075313083,0.016776991,0.191462265,0.149779429,0.145278203,6.01e-07,0.175653955,0.023832522,0.01304811,-0.016661064,0.009199689,0.00538304,-0.003469162,-0.04036032,0.026173488,0.018124855,-0.013984883,0.016959265,0.05671932,0.041935672,0.041550124,0.013499901,1.1000779,0.161008497,0.114457496,0.003157287,0.5460647,0.077474468,0.046042187,0.007938885,0.96084865,0.141143342,0.098208394
468,M,1,-0.25160332,-0.011770905,0.120054994,-0.116649846,0.016717928,0.192987243,0.150462959,0.146148127,7.64e-06,0.175653955,0.02419758,0.014498101,-0.014955139,0.009267581,0.004662214,-0.001030182,-0.037016858,0.025787404,0.020584774,-0.016996599,0.016959265,0.05671932,0.043903263,0.043562736,0.013499901,1.1000779,0.194169919,0.123626047,0.003404448,0.5460647,0.084651608,0.054097713,0.007938885,0.96084865,0.174745708,0.100605928
468,M,2,-0.25160332,-0.064735734,0.136135879,-0.13256245,0.016717928,0.193690852,0.149879718,0.145183653,6.74e-07,0.179670203,0.031199977,0.017730387,-0.019395082,0.010582833,0.00463853,-0.000381312,-0.041962768,0.027898638,0.020405228,-0.016101867,0.022063625,0.058711059,0.043249737,0.042881354,0.013861185,0.750019556,0.183428682,0.123575356,0.003404448,0.321820682,0.073918108,0.055623099,0.008030743,0.720897376,0.167875534,0.100202155
469,H,0,-0.099597007,0.11708364,0.025062207,0.004346281,0.007135055,0.22394489,0.170176426,0.167657355,4.89e-07,0.194122884,0.040712433,0.021750647,-0.016709834,0.01540562,0.00667344,0.004098122,-0.048893809,0.02459053,0.033238489,-0.030385895,0.027962476,0.068624097,0.053301932,0.052911753,0.003956056,0.396813465,0.083609985,0.053882473,0.001232568,0.236664206,0.036000205,0.020764489,0.002621498,0.328996499,0.075462671,0.047653005
469,H,1,-0.031602809,0.081769546,0.027185903,0.022964314,0.019027508,0.217085965,0.174528053,0.17366539,9.76e-07,0.194122884,0.054643639,0.038167254,-0.012647176,0.014394698,0.007135823,0.004645429,-0.048893809,0.008075935,0.034160033,-0.033200339,0.025305273,0.068624097,0.054854518,0.054671847,0.003956056,0.111794283,0.034895096,0.030988716,0.000930325,0.093181792,0.01750111,0.01326578,0.002621498,0.109461323,0.030189052,0.025737894
469,H,2,-0.069288119,0.09116627,0.032765446,0.019748579,0.015349483,0.222262223,0.17910099,0.177750641,9.76e-07,0.182812978,0.050443172,0.037305604,-0.012647176,0.014083709,0.006390506,0.00258134,-0.048112528,0.013501047,0.031612292,-0.030328521,0.025305273,0.065563263,0.053065885,0.052856784,0.005256855,0.212714473,0.080122048,0.06773267,0.000930325,0.189126423,0.059123132,0.03999608,0.004570514,0.146896776,0.054074003,0.047372939
469,L,0,-0.068761815,0.067379009,0.025497006,-0.014502007,0.007996181,0.216109659,0.171929698,0.169777361,4.7e-10,0.179465366,0.047650223,0.032852123,-0.014575631,0.013808853,0.006300084,0.0034586,-0.047810811,0.022105102,0.032090463,-0.029578243,0.026600266,0.065759199,0.051780462,0.051365614,0.008424178,0.314180798,0.084488027,0.067188544,0.001365597,0.265618552,0.072564573,0.054918448,0.003898832,0.183012809,0.043273658,0.03239363
469,L,1,-0.083430446,0.002952552,0.035429417,-0.030338141,0.019508782,0.216824287,0.178499373,0.176741237,4.7e-10,0.179465366,0.041272711,0.025239276,-0.016235857,0.013808853,0.006840744,0.002383567,-0.047485159,0.0154678,0.028175362,-0.02560712,0.02963,0.06544469,0.050430434,0.050067835,0.007537613,0.13387111,0.053279737,0.047574485,0.001365597,0.089133737,0.039400808,0.032397084,0.003898832,0.131133179,0.035865119,0.030328271
469,L,2,-0.083430446,0.025388019,0.035515121,-0.029988653,0.019508782,0.216824287,0.17651008,0.174438614,4.06e-07,0.020822028,0.006387921,0.004445987,-0.016235857,0.013711683,0.006216088,0.000816767,-0.047485159,0.018062548,0.025064635,-0.022208211,0.028583725,0.063062038,0.049017641,0.048725249,0.005543006,0.111822441,0.053745495,0.048346222,0.001149871,0.089133737,0.03909775,0.032992338,0.002891535,0.110725683,0.036877421,0.032182378
469,M,0,-0.031620661,0.094111149,0.038350384,0.030678491,0.01749049,0.227612,0.188487747,0.186412344,2.49e-08,0.226753537,0.036806745,0.015958236,-0.015627305,0.012732814,0.005540097,-0.001261975,-0.051292558,0.016247447,0.031018736,-0.029307182,0.027627863,0.07302353,0.055508479,0.055148932,0.00700395,0.238607475,0.06479656,0.056985965,0.001657474,0.152190329,0.053933331,0.046219241,0.004627957,0.23416776,0.035913645,0.027491215
469,M,1,-0.064914372,0.092895676,0.02519389,0.0088114,0.011221533,0.228615232,0.184166717,0.182305171,4.16e-07,0.226753537,0.036635245,0.01521858,-0.011775374,0.012732814,0.00551061,0.003396349,-0.051292558,0.016247447,0.034395217,-0.033018643,0.025819594,0.07302353,0.056197577,0.055846601,0.00700395,0.147869634,0.050978833,0.044835725,0.001657474,0.115078531,0.04064659,0.034040811,0.004627957,0.126815617,0.030768427,0.025601819
469,M,2,-0.07883752,0.095002746,0.024652751,-0.007028282,0.011221533,0.228615232,0.179710525,0.177249498,4.16e-07,0.198189744,0.058511665,0.038709398,-0.013000755,0.01247478,0.005602005,0.004177172,-0.04954654,0.026038873,0.033408425,-0.031291339,0.025819594,0.069674662,0.054139633,0.053758313,0.008357145,0.295772872,0.069248027,0.057670998,0.001932827,0.292546297,0.058611669,0.046620232,0.003214626,0.130414659,0.036877657,0.030162597
470,H,0,-0.136580314,0.057432243,0.041754152,-0.029751592,0.008766369,0.238495198,0.200056239,0.191968803,7.37e-07,0.17322349,0.014739053,0.007166386,-0.017342403,0.017405479,0.005481245,0.001160508,-0.06344137,0.029946266,0.031279662,-0.026245825,0.027374539,0.078866405,0.051546758,0.050553457,0.016811067,2.157222828,0.350503614,0.19602793,0.003591117,1.19948927,0.217786411,0.138214813,0.009128389,1.803987229,0.274630412,0.121897245
470,H,1,-0.136580314,0.057432243,0.034894999,-0.020337178,0.005968788,0.243241165,0.200526566,0.190899295,4.44e-06,0.211936173,0.022263695,0.009804121,-0.015442729,0.017405479,0.00563089,0.000830253,-0.06354331,0.029946266,0.031844563,-0.025929253,0.027374539,0.078866405,0.051619977,0.050413651,0.016811067,2.157222828,0.338968551,0.162437234,0.003135143,1.19948927,0.199243393,0.099531382,0.00885247,1.803987229,0.274229373,0.11850653
470,H,2,-0.124621177,0.028345975,0.043536522,-0.034336136,0.005968788,0.243241165,0.202736407,0.195524065,6.84e-07,0.211936173,0.031340983,0.014023891,-0.017375682,0.012974812,0.005316707,2.27e-05,-0.06354331,0.026351074,0.027133132,-0.023319007,0.02767839,0.076177956,0.049097587,0.048454333,0.009805244,0.222956316,0.101279656,0.090451376,0.002639352,0.21074607,0.081789119,0.064496188,0.00885247,0.131599248,0.059733648,0.054086788
470,L,0,-0.093129043,0.028186515,0.026285184,-0.020787961,0.014950073,0.241433427,0.207190184,0.200978881,1.46e-07,0.144659322,0.020116056,0.007813344,-0.014241716,0.009963031,0.003441077,-0.001346057,-0.058816969,0.024415251,0.028988883,-0.024899476,0.027100644,0.069830078,0.047992078,0.047301888,0.009475604,0.279103595,0.102792378,0.091288407,0.002771985,0.089704918,0.038431215,0.033059804,0.004970446,0.278751355,0.095337898,0.079818835
470,L,1,-0.111801465,0.00241497,0.04330389,-0.036320216,0.007604329,0.241433427,0.208580627,0.203501977,5.79e-10,0.242497376,0.02499451,0.008821685,-0.016434903,0.011560072,0.004379947,-0.000446465,-0.052527356,0.024415251,0.027160633,-0.024431911,0.027100644,0.067194698,0.048016253,0.047571778,0.009475604,0.145109203,0.067277853,0.062949786,0.003146962,0.101962369,0.0404578,0.033938222,0.004970446,0.142863168,0.053753845,0.046760449
470,L,2,-0.113743941,0.000998744,0.059694872,-0.055253406,0.007604329,0.240286133,0.204263451,0.20086696,5.79e-10,0.242497376,0.016234624,0.005580005,-0.016434903,0.011560072,0.005150667,-0.000829541,-0.048329048,0.012455807,0.027095605,-0.025691447,0.028018828,0.062346996,0.048660774,0.048333425,0.015712644,0.227051407,0.107577788,0.096138263,0.00341611,0.193941693,0.043923482,0.03556991,0.008448626,0.222934969,0.098202384,0.083336324
470,M,0,-0.076262241,0.033222636,0.032006461,-0.024947329,0.028910894,0.239146136,0.198165886,0.193821903,1.63e-06,0.147399872,0.021819607,0.009008428,-0.0136554,0.008294375,0.003613409,-0.001646178,-0.06449649,0.024016446,0.033181791,-0.028770954,0.027531238,0.078060436,0.050761492,0.049812389,0.009957504,0.146786382,0.063528996,0.059281987,0.001263035,0.125861403,0.046278373,0.039121631,0.004942851,0.116652794,0.043522931,0.03828207
470,M,1,-0.076262241,0.044854721,0.033439958,-0.02788891,0.028728374,0.24124609,0.204264168,0.199583702,1.63e-06,0.214256864,0.019768774,0.008424363,-0.017732566,0.009901501,0.003464611,-0.001414413,-0.0555624,0.025779477,0.031133718,-0.027056414,0.027531238,0.069508632,0.048698135,0.04807139,0.007090112,0.18113518,0.059373625,0.051851354,0.001701183,0.130613233,0.043212947,0.0358993,0.004546532,0.12549955,0.040716932,0.033298903
470,M,2,-0.064588293,0.044854721,0.020524525,-0.012984177,0.022431711,0.24124609,0.202664998,0.196523426,3.37e-06,0.222944859,0.02638378,0.011261613,-0.017732566,0.010994903,0.003731865,-0.000624248,-0.061933966,0.025779477,0.029402959,-0.024127984,0.027896976,0.076518137,0.048605754,0.047818287,0.006789496,0.18113518,0.066771019,0.058148264,0.001701183,0.130613233,0.049502301,0.040921435,0.004546532,0.12549955,0.044809499,0.0370093
471,H,0,-0.310927444,-0.061927281,0.147891731,-0.143278614,0.024613209,0.224888603,0.182687548,0.176278437,3.28e-07,0.105818025,0.014695942,0.008376172,-0.018292152,0.009486034,0.00514474,-0.000723072,-0.042202619,0.01377882,0.02123398,-0.019199495,0.022625652,0.063734211,0.04495842,0.044410664,0.008147637,0.522704236,0.150822769,0.118401178,0.002553303,0.266847778,0.090449828,0.070791962,0.004535357,0.451995796,0.120691078,0.084149966
471,H,1,-0.313045257,-0.077753774,0.169696577,-0.16403709,0.017858088,0.223850068,0.175015782,0.167650629,2.19e-09,0.118243669,0.021751519,0.010823684,-0.018292152,0.008739579,0.005536091,-0.002404304,-0.042303729,0.013285207,0.021361477,-0.018770505,0.020434765,0.064664096,0.045981213,0.045242269,0.008147637,0.551086013,0.191806111,0.149239873,0.002553303,0.449009976,0.134216862,0.092839784,0.004790919,0.454541736,0.137023422,0.103679736
471,H,2,-0.323018172,-0.110906129,0.186613431,-0.180939827,0.017858088,0.220992476,0.173410257,0.167145145,2.19e-09,0.125420708,0.034069143,0.019387678,-0.017218962,0.008828913,0.005639705,-0.002749647,-0.042303729,0.015110457,0.020658803,-0.017705659,0.020434765,0.064664096,0.046870823,0.046207861,0.009427262,0.551086013,0.206973197,0.178739649,0.003396785,0.449009976,0.139038559,0.109942861,0.004790919,0.454541736,0.153317263,0.127509004
471,L,0,-0.335482821,0.077754804,0.177440066,-0.167378606,0.018166585,0.225775403,0.172420278,0.162291931,4.46e-07,0.114384569,0.018119124,0.009440606,-0.015900725,0.009444909,0.006158048,-0.003971908,-0.042332761,0.019166576,0.019700232,-0.01608656,0.018729824,0.065509131,0.04400904,0.043142967,0.015152662,0.490911379,0.207473318,0.17437225,0.003229623,0.254439945,0.100073809,0.078683486,0.006175176,0.444512227,0.181742704,0.144759171
471,L,1,-0.335482821,-0.10494006,0.193065866,-0.185645415,0.018166585,0.223447254,0.170032555,0.159301594,4.46e-07,0.142709214,0.02806099,0.016186234,-0.01885058,0.009444909,0.006367543,-0.004070501,-0.042058762,0.019166576,0.019047151,-0.0152034,0.018729824,0.064040403,0.042820604,0.042028392,0.015152662,0.490911379,0.225566162,0.197224328,0.004729917,0.230087332,0.098381037,0.076789374,0.006175176,0.444512227,0.202980947,0.171594313
471,L,2,-0.308279659,-0.10494006,0.172416407,-0.168898107,0.01639851,0.221091982,0.189046693,0.185074631,1.88e-06,0.142709214,0.022544166,0.011896968,-0.01885058,0.008186109,0.005319681,-0.002770471,-0.042058762,0.013703907,0.018286851,-0.016205955,0.02041592,0.064040403,0.044250047,0.043839018,0.010886435,0.468951036,0.141620742,0.112255752,0.002845734,0.227974951,0.054670564,0.037650413,0.00741141,0.410627316,0.130642888,0.100173775
471,M,0,-0.349670793,-0.068151509,0.186907065,-0.180010573,0.009561669,0.216189902,0.162001241,0.151052598,5.41e-12,0.115700166,0.018826292,0.009854901,-0.015801812,0.011023501,0.004865833,-0.000752923,-0.043880193,0.019753071,0.021729115,-0.018323369,0.018017898,0.061712508,0.042570245,0.041783427,0.014400797,0.593067122,0.224741118,0.179944058,0.003416437,0.302831833,0.11074184,0.089361049,0.006729666,0.541098055,0.195562816,0.143513165
471,M,1,-0.331470277,-0.068151509,0.175012904,-0.168195476,0.009270512,0.218408618,0.166605795,0.155890323,4.49e-10,0.115700166,0.020056006,0.011799064,-0.018536675,0.009644129,0.004914292,-0.001787263,-0.040651281,0.019753071,0.021297151,-0.018023389,0.018017898,0.063196437,0.04256148,0.04180652,0.014400797,0.533175385,0.212628662,0.17637737,0.002997981,0.302831833,0.100435617,0.076287991,0.008276539,0.492630581,0.187413007,0.148602988
471,M,2,-0.389534283,-0.106748088,0.174444263,-0.168208678,0.009270512,0.218408618,0.171149693,0.164581957,4.49e-10,0.140425449,0.027300541,0.016843488,-0.018536675,0.01005714,0.004952691,-0.002147538,-0.043267106,0.01929469,0.023795459,-0.021178005,0.016152905,0.064773796,0.044280923,0.043667858,0.020232696,0.686415383,0.211522905,0.181957278,0.002997981,0.368177548,0.107930203,0.078012278,0.006019255,0.580897913,0.181914844,0.15224406
472,H,0,-0.248205509,-0.028237802,0.158098408,-0.146650831,0.013113832,0.201134318,0.153385564,0.148910384,4.84e-06,0.378109088,0.097152574,0.047258048,-0.016688336,0.010731426,0.007495507,-0.00538094,-0.045294428,0.019261176,0.026351014,-0.023938004,0.022841077,0.065486878,0.045659496,0.04506001,0.01370317,0.407296976,0.108631763,0.091653051,0.002614355,0.145383213,0.039715326,0.033640524,0.007564134,0.385273226,0.101111586,0.082161359
472,H,1,-0.248205509,-0.03117544,0.183725817,-0.178908897,0.01246553,0.198135589,0.142248207,0.138659734,1.69e-05,0.745542587,0.168724953,0.121851677,-0.015158037,0.010731426,0.006565216,-0.003809032,-0.050633357,0.019261176,0.030176601,-0.027530472,0.024133524,0.069324788,0.048105177,0.047469201,0.011397027,0.415807675,0.115806763,0.094931447,0.0034294,0.209329965,0.048880547,0.039719517,0.005463769,0.394423091,0.10498523,0.079354143
472,H,2,-0.235292665,-0.006829068,0.141207975,-0.131902701,0.01246553,0.218596257,0.148113418,0.144016451,2.51e-05,0.745542587,0.190965573,0.156674971,-0.015885907,0.011246507,0.006151113,-0.003166809,-0.050633357,0.017838752,0.026719191,-0.023733178,0.024133524,0.069324788,0.045631911,0.045007342,0.011397027,0.415807675,0.12973307,0.107517982,0.003283273,0.209329965,0.063942417,0.050926526,0.004155421,0.394423091,0.11288063,0.085573566
472,L,0,-0.203096264,0.034190167,0.137259055,-0.130031652,0.017943971,0.198024949,0.150589393,0.148102961,2.21e-06,0.16527684,0.031212478,0.017073841,-0.016917964,0.010553668,0.005412799,-0.000153084,-0.045212224,0.011999447,0.027254192,-0.02479425,0.023654279,0.063682101,0.045316788,0.044914067,0.008758239,0.167217791,0.062501501,0.05330185,0.005154343,0.087970588,0.034510277,0.029666178,0.004785462,0.150688449,0.052110253,0.040264106
472,L,1,-0.203096264,-0.060241787,0.151042978,-0.149447364,0.017943971,0.199367024,0.1535909,0.151340102,1.01e-05,0.236109229,0.030282888,0.016551061,-0.013523775,0.010553668,0.004114211,0.000114399,-0.047349426,0.011999447,0.027495209,-0.024767073,0.026275259,0.060344927,0.045635796,0.045225294,0.008758239,0.206973724,0.064356185,0.055048211,0.004284794,0.10077448,0.037457154,0.032076053,0.003327617,0.200482683,0.052332401,0.039190794
472,L,2,-0.213992267,-0.060241787,0.146922832,-0.144386847,0.025479592,0.199367024,0.155475546,0.153963443,2.22e-05,0.263670684,0.044933947,0.023340994,-0.016011604,0.008732017,0.003690763,-0.001369748,-0.047349426,0.016573652,0.029409744,-0.027433851,0.025744416,0.060740833,0.046865606,0.046497511,0.010129064,0.206973724,0.076506926,0.06985477,0.002847424,0.106067243,0.042864704,0.036649091,0.003327617,0.200482683,0.06337134,0.051968031
472,M,0,-0.233844591,0.084371421,0.138686934,-0.130132267,0.017908018,0.210100099,0.154889776,0.150299405,2.76e-06,0.239144982,0.063633463,0.040070203,-0.017005113,0.009711609,0.006572177,-0.004195989,-0.047359095,0.015329694,0.021964469,-0.018363241,0.024729095,0.064586058,0.044471462,0.043824115,0.010502677,0.393488502,0.129401499,0.106501365,0.004037888,0.18156021,0.050641705,0.040338168,0.005925103,0.389647879,0.119080501,0.091260381
472,M,1,-0.206610082,0.084371421,0.127846765,-0.120569351,0.020892908,0.200026172,0.156275783,0.152805252,2.76e-06,0.228954986,0.052701766,0.031800902,-0.016833986,0.009711609,0.005710894,-0.001484023,-0.0437992,0.012992751,0.023437796,-0.020850721,0.024747567,0.061515016,0.045383039,0.044851233,0.01025553,0.393488502,0.114212732,0.09185224,0.002546834,0.18156021,0.047447068,0.03660629,0.007462479,0.389647879,0.103890923,0.078784881
472,M,2,-0.20592091,-0.012747995,0.111556134,-0.106760502,0.040369997,0.20186451,0.161122829,0.15926255,1.84e-05,0.191174597,0.038634027,0.0230671,-0.015857299,0.009696987,0.004559489,0.000746699,-0.043688362,0.008859328,0.024153874,-0.022586046,0.025341001,0.064231152,0.045913295,0.045608656,0.01025553,0.29102023,0.092989434,0.078820863,0.002546834,0.105742223,0.039362189,0.032260588,0.006872124,0.289942372,0.084247569,0.067118943
473,H,0,-0.195454753,0.069340074,0.057553255,-0.038137001,0.026534238,0.244271931,0.177590598,0.170834024,7.4e-06,0.314500986,0.05015659,0.024408988,-0.020681376,0.012462828,0.005786184,-0.003326981,-0.059727831,0.017866083,0.027785187,-0.024197062,0.012003045,0.078459255,0.049199515,0.047789281,0.012597133,0.559684119,0.159387181,0.126485935,0.002460524,0.256048882,0.09086813,0.072006026,0.004417528,0.536625758,0.130947533,0.090959783
473,H,1,-0.213650773,0.069340074,0.05409982,-0.033546821,0.00783271,0.244271931,0.18143173,0.174568872,4.26e-06,0.322705799,0.047096524,0.022025497,-0.020681376,0.010333329,0.005499756,-0.002807292,-0.059727831,0.017454773,0.027994648,-0.024257704,0.015429761,0.078459255,0.049599753,0.048362261,0.010146553,0.600355058,0.169487708,0.133618348,0.002040245,0.298878462,0.103825301,0.07832141,0.004417528,0.536625758,0.133964137,0.093088052
473,H,2,-0.213650773,0.075237584,0.045546853,-0.025010576,0.00783271,0.242099228,0.178126959,0.174070645,4.26e-06,0.322705799,0.032109545,0.014428663,-0.019857129,0.008297724,0.005233728,-0.002651558,-0.057056045,0.017454773,0.029281962,-0.026168301,0.015429761,0.073223681,0.050904072,0.050066011,0.010146553,0.600355058,0.14554167,0.117622807,0.002040245,0.298878462,0.101234627,0.080499557,0.004735881,0.530143373,0.104565424,0.07270562
473,L,0,-0.213532594,0.056965198,0.063545924,-0.052323606,0.027692416,0.243339533,0.178089377,0.175187193,1.8e-06,0.359361456,0.035583231,0.015257753,-0.020200347,0.012091691,0.006420431,-0.003942509,-0.051105521,0.022059023,0.028516417,-0.026635888,0.019792727,0.072975652,0.050810196,0.050326475,0.012016459,0.795319084,0.137091004,0.099890914,0.002554687,0.3962448,0.09426266,0.066791176,0.003932418,0.689837631,0.09954142,0.05905372
473,L,1,-0.213532594,0.056965198,0.06104111,-0.049503632,0.027692416,0.235190437,0.176237809,0.173860607,2.37e-07,0.359361456,0.035035015,0.013422033,-0.019939505,0.012091691,0.006068094,-0.003791788,-0.048703704,0.022059023,0.030122476,-0.028290027,0.019792727,0.074874065,0.051384836,0.050897207,0.012843561,0.795319084,0.140303987,0.105705851,0.002033044,0.3962448,0.109157102,0.085329679,0.003932418,0.689837631,0.08814724,0.046502924
473,L,2,-0.12875325,0.047334696,0.058000146,-0.049556296,0.026295373,0.236346209,0.185009941,0.182470759,2.37e-07,0.358531883,0.036794389,0.01287197,-0.021923197,0.011883939,0.006151738,-0.004036431,-0.054354544,0.014734746,0.029659054,-0.02777238,0.014973725,0.074874065,0.051848773,0.051262527,0.012843561,0.272180629,0.102803587,0.095265108,0.002033044,0.271095808,0.0813442,0.068980952,0.004552685,0.245175084,0.062862538,0.051239085
473,M,0,-0.217330538,0.033021159,0.0749021,-0.061753647,0.027135389,0.250808467,0.187764405,0.182388563,5.29e-08,0.033999942,0.010298523,0.008171401,-0.01929413,0.007864284,0.007063349,-0.005321407,-0.058156991,0.013740114,0.027374832,-0.024499925,0.01323632,0.074674307,0.050896602,0.04976945,0.004250333,0.684698706,0.140407579,0.104764313,0.001708299,0.317477766,0.084575497,0.064252508,0.002956457,0.607509575,0.112077087,0.072433965
473,M,1,-0.17912876,0.055074745,0.067225199,-0.054573254,0.027135389,0.250808467,0.185964932,0.18321321,5.29e-08,0.316801426,0.041612556,0.017164722,-0.01922016,0.008863601,0.006721921,-0.005100802,-0.058156991,0.009524484,0.028294319,-0.025917375,0.022245967,0.074674307,0.051507866,0.05063908,0.006187787,0.429604025,0.100226892,0.086740801,0.001708299,0.179411439,0.07348992,0.058468114,0.002956457,0.390667833,0.068151754,0.052072537
473,M,2,-0.161393006,0.055074745,0.05546151,-0.043303832,0.032903833,0.237220779,0.176730639,0.175098713,2.54e-06,0.351318189,0.055935166,0.025290263,-0.016228783,0.008863601,0.005751199,-0.003954538,-0.051571555,0.013448534,0.028841663,-0.026579261,0.018896273,0.071977293,0.050324563,0.049632088,0.010241363,0.366484752,0.096524014,0.083487091,0.002362622,0.23892073,0.079340666,0.061716629,0.005570834,0.288877679,0.054972212,0.043145208
474,H,0,,,,,,,,,,,,,,,,,,,,,,,,,,,,,,,,,,,,
474,H,1,-0.230296263,0.101736077,0.051756332,-0.014820281,0.006664571,0.203043354,0.156926273,0.151192091,3.99e-07,0.068432841,0.012406031,0.009398671,-0.01833766,0.009992644,0.005665375,-0.002855016,-0.044154427,0.024833845,0.022883937,-0.019263284,0.021551207,0.062384309,0.043157992,0.042731184,0.017304204,1.262101201,0.299499149,0.250161055,0.00376541,0.582775299,0.122111844,0.091805318,0.010960307,1.119496491,0.273474748,0.211606343
474,H,2,-0.202716668,0.068622343,0.058883748,-0.038935668,0.006664571,0.207474263,0.151587751,0.14562313,1.72e-06,0.093671066,0.013346147,0.008880614,-0.019696923,0.010139831,0.006401598,-0.003536813,-0.043603666,0.021684017,0.01898174,-0.015012188,0.021551207,0.062384309,0.041976155,0.041569103,0.017304204,0.471469798,0.164834716,0.132784583,0.003587474,0.240726163,0.083890309,0.067754143,0.010352324,0.463554068,0.141890449,0.098196534
474,H,3,-0.22111934,0.129464546,0.061596463,-0.027727327,0.008769472,0.207474263,0.151737799,0.146866256,1.64e-06,0.132458752,0.018892127,0.00985389,-0.019696923,0.010139831,0.007962623,-0.005649892,-0.043758243,0.015368144,0.020773713,-0.0169347,0.024890074,0.058586179,0.042830741,0.042400768,0.018185682,0.769648401,0.314303632,0.231442387,0.003587474,0.628258251,0.217300965,0.160637062,0.009873137,0.526599572,0.227083825,0.154927701
474,L,0,,,,,,,,,,,,,,,,,,,,,,,,,,,,,,,,,,,,
474,L,1,-0.212332357,0.271183917,0.095705592,0.03363568,0.005817908,0.206526047,0.156349572,0.15000692,1.07e-06,0.101931252,0.023272501,0.015516763,-0.024711943,0.009127428,0.008207903,-0.00630602,-0.047605411,0.019824547,0.024915451,-0.021790782,0.022755149,0.062007428,0.045272266,0.044674085,0.033684822,0.674045292,0.29272841,0.272448882,0.006795177,0.586701001,0.229231636,0.198120274,0.005439252,0.54509181,0.182051583,0.148497325
474,L,2,-0.228765947,0.231190285,0.078791758,-0.018988578,0.006322285,0.201564766,0.157088706,0.151617282,6.93e-07,0.087896124,0.019551846,0.013082198,-0.024711943,0.01036869,0.007630389,-0.005414767,-0.042659695,0.017206261,0.026234163,-0.023198693,0.022581858,0.062007428,0.045902759,0.045293646,0.033684822,0.674045292,0.230827736,0.205155295,0.017353356,0.586701001,0.183120141,0.148129534,0.01471371,0.54509181,0.140529206,0.119914761
474,M,0,-0.267280919,0.59001619,0.130683668,0.045517439,0.005308489,0.200739201,0.149047671,0.141097641,4.55e-06,0.130151008,0.029228603,0.015717261,-0.019296106,0.013409941,0.005214307,-0.002144386,-0.047184711,0.02429604,0.022008677,-0.017221005,0.023588047,0.063995013,0.041843974,0.041361146,0.019833359,1.248114155,0.365603334,0.271937807,0.005950566,0.829253345,0.282372933,0.188121976,0.012153596,1.180408688,0.232231188,0.171192295
474,M,1,-0.27900494,0.59001619,0.111242761,-0.002182948,0.005308489,0.200987409,0.158689572,0.152530428,2e-07,0.040635036,0.00958637,0.006885087,-0.019296106,0.013409941,0.005112217,-0.001826722,-0.042865319,0.026496988,0.021663289,-0.017872483,0.021376145,0.055410757,0.042150724,0.041772597,0.022802857,0.932102411,0.207655716,0.15961256,0.005697715,0.829253345,0.134420975,0.088587537,0.012124185,0.559178866,0.158277913,0.122018424
474,M,2,-0.27900494,0.171672342,0.07472965,-0.032310494,0.00592941,0.216284237,0.151417024,0.145422714,2e-07,0.065787801,0.010250904,0.007205233,-0.015661419,0.011219624,0.005969055,-0.00252822,-0.044726784,0.026496988,0.023598643,-0.019931789,0.021376145,0.059925264,0.044147121,0.043686981,0.022811604,0.773621697,0.278336787,0.24124319,0.005697715,0.444510601,0.147303521,0.120281232,0.012124185,0.763451319,0.236163163,0.196278355
475,H,0,-0.35780531,0.002139599,0.217642844,-0.214615947,0.0073196,0.189389143,0.1540689,0.15051268,0.000123145,0.210195055,0.102051711,0.081383281,-0.020534946,0.027580193,0.005461015,-0.001717162,-0.039621326,0.073230704,0.017700479,-0.012271897,0.02191742,0.091827537,0.042878389,0.042474352,0.010508774,0.244676835,0.112570984,0.101705289,0.005201662,0.182467549,0.066675341,0.052539396,0.006517446,0.209576967,0.090700746,0.078185068
475,H,1,-0.345651151,0.002139599,0.241395387,-0.236684566,0.003950759,0.189389143,0.155775251,0.153683849,1.81e-05,0.209072642,0.083942981,0.062897794,-0.020534946,0.027580193,0.005207192,-0.002452089,-0.039621326,0.041760092,0.021104583,-0.017902532,0.024010935,0.063090708,0.044305358,0.043914376,0.01046104,0.209988355,0.098233323,0.087561076,0.004157803,0.168228951,0.049320181,0.039011157,0.006901599,0.198943253,0.084954727,0.070771875
475,H,2,-0.448804556,-0.145083439,0.298153815,-0.295177108,0.003950759,0.188496489,0.147790962,0.143616119,1.81e-05,0.211694104,0.074716884,0.05581158,-0.015999929,0.023200697,0.005795116,-0.002869726,-0.038771313,0.073645144,0.022848961,-0.019177987,0.016118259,0.09342562,0.045112893,0.044623593,0.01046104,0.267555892,0.1229397,0.106491184,0.004157803,0.231711825,0.093132299,0.072364721,0.006901599,0.254945984,0.080253004,0.063180258
475,L,0,-0.33675616,0.093893038,0.195717418,-0.188597434,0.011914716,0.20373888,0.14945266,0.146093623,1.97e-05,0.263802291,0.069133957,0.045616213,-0.017210791,0.017441251,0.005756599,-0.00263676,-0.0453368,0.046379782,0.021531898,-0.017337029,0.020582335,0.070831449,0.043928018,0.043396711,0.021261614,0.571030687,0.140232767,0.120752343,0.005706351,0.419490801,0.108669576,0.088140063,0.013803917,0.411515798,0.088634939,0.070808846
475,L,1,-0.33675616,-0.09380316,0.212283332,-0.210316969,0.018674048,0.20373888,0.158497389,0.156341768,1.14e-05,0.186367855,0.037147821,0.022169722,-0.022857545,0.017441251,0.004932973,-0.001935573,-0.0453368,0.046379782,0.01904501,-0.0150013,0.020582335,0.070831449,0.042272498,0.041793766,0.025245513,0.278608402,0.106663119,0.09567714,0.004379806,0.176906999,0.064670682,0.053004902,0.009257272,0.240654093,0.084821718,0.071627467
475,L,2,-0.368700198,-0.057380529,0.221116841,-0.215610193,0.015909443,0.195354048,0.161612856,0.160640957,1.14e-05,0.220995522,0.025743703,0.015378168,-0.022857545,0.017612498,0.005760908,-0.002964997,-0.039621248,0.036515499,0.01834389,-0.014908164,0.02546234,0.066877168,0.041328331,0.040944506,0.015857307,0.311294517,0.108184614,0.093003254,0.004379806,0.290410555,0.07805014,0.058523345,0.006794783,0.218394355,0.074913859,0.064712075
475,M,0,-0.396238517,0.021976403,0.214505352,-0.209749286,0.005900227,0.193707313,0.144156339,0.139745881,6.59e-05,0.349186403,0.058724895,0.02908039,-0.022229118,0.013603575,0.005978893,-0.002641344,-0.041851447,0.06967695,0.022865505,-0.018608936,0.019267586,0.096532637,0.044108784,0.043597543,0.017185826,0.484882005,0.130352268,0.10431197,0.00404443,0.480328638,0.09743917,0.070661004,0.008560024,0.348798618,0.086587076,0.063320349
475,M,1,-0.531440961,-0.086544484,0.282067398,-0.267533571,0.009524069,0.188780498,0.150885736,0.147548882,1.6e-05,0.194741004,0.033018332,0.020594972,-0.022229118,0.014838882,0.00599831,-0.003025792,-0.04004719,0.038097219,0.019962489,-0.016321619,0.019864728,0.061548467,0.042807598,0.042339081,0.017185826,0.270547568,0.117720357,0.105486901,0.002867013,0.171282138,0.072698696,0.060126621,0.008399908,0.238644345,0.0925904,0.076677449
475,M,2,-0.531440961,-0.033726804,0.312924404,-0.289523817,0.015848534,0.197667836,0.155735602,0.154172084,7.29e-08,0.214516328,0.053247896,0.028832271,-0.020432266,0.014838882,0.006244675,-0.002223452,-0.044567902,0.02235466,0.018722799,-0.016098529,0.024608861,0.061548467,0.043392293,0.042973099,0.0239127,0.267016467,0.132662172,0.12425643,0.002867013,0.169225589,0.078845148,0.066762937,0.008399908,0.238644345,0.106689711,0.094597423
476,H,0,-0.126656364,0.092791712,0.030333612,-0.002097128,0.008138187,0.211945499,0.164010046,0.157726985,7.03e-09,0.205326883,0.019860033,0.006331031,-0.015131265,0.008844312,0.004915564,-0.002445354,-0.038328952,0.024451594,0.022889386,-0.019611797,0.023395171,0.064243603,0.044311633,0.043865369,0.014094376,0.660111379,0.148996989,0.109983126,0.003768689,0.525242849,0.107380491,0.07390521,0.006353394,0.499623469,0.103293431,0.071777723
476,H,1,-0.133974458,0.071292889,0.037520616,-0.010578868,0.002307499,0.216701598,0.161616449,0.153534109,6.05e-08,0.253884629,0.031950989,0.010670264,-0.01616876,0.008499424,0.005023302,-0.003219019,-0.039630779,0.02727668,0.021461527,-0.016785044,0.023395171,0.064243603,0.045025129,0.044479672,0.013540181,0.48950433,0.152807962,0.119235273,0.001941501,0.352960206,0.112645854,0.082629035,0.006353394,0.381094969,0.103253013,0.079060794
476,H,2,-0.142998623,0.058163659,0.03776526,-0.02074308,0.002307499,0.216701598,0.164432921,0.157305921,1.52e-08,0.253884629,0.037562485,0.014353837,-0.01616876,0.010733356,0.00519874,-0.003111863,-0.039630779,0.02727668,0.021910653,-0.017622107,0.026475148,0.064530743,0.046522247,0.045838912,0.013540181,0.605824897,0.179899952,0.147154187,0.001941501,0.484096212,0.133898556,0.099817438,0.007361607,0.378030316,0.120146451,0.097995503
476,L,0,-0.176530446,0.101776175,0.031860476,-0.000466917,0.001080961,0.220836074,0.159404177,0.152227303,7.12e-12,0.284243176,0.034785575,0.013680877,-0.015567744,0.010962205,0.005591047,-0.003350304,-0.036337968,0.026997019,0.021998599,-0.017200116,0.024952455,0.058921827,0.043637685,0.043277053,0.013018766,0.610024894,0.186860627,0.147805125,0.001977314,0.414094017,0.088158095,0.064168215,0.00933703,0.48885539,0.164757532,0.122634349
476,L,1,-0.176530446,0.101776175,0.02637616,0.002567507,0.007231475,0.213761386,0.162890353,0.158375549,1.41e-11,0.221307049,0.038476865,0.015472903,-0.015008839,0.008517608,0.004660716,-0.002253337,-0.036337968,0.026192536,0.022402905,-0.019657826,0.026141478,0.062827156,0.045946797,0.045547846,0.013018766,0.610024894,0.144052572,0.112309247,0.001977314,0.414094017,0.094468929,0.072890222,0.007680305,0.452999623,0.108750931,0.076038048
476,L,2,-0.136478369,0.076228254,0.030614438,0.005437451,0.009646069,0.207591522,0.161389758,0.157094043,1.41e-11,0.246043147,0.043349744,0.019681524,-0.013961396,0.009603307,0.004641317,-0.001937219,-0.036512924,0.023671454,0.021490325,-0.018919405,0.027109451,0.06364254,0.046658055,0.046115485,0.016596114,0.610071495,0.152565529,0.124571207,0.003761537,0.524570704,0.110398736,0.077404259,0.007680305,0.32669488,0.105301281,0.087335722
476,M,0,-0.185127039,0.030738946,0.041129688,-0.031622186,0.00813842,0.212351912,0.173309136,0.169634346,1.24e-09,0.270789203,0.02631404,0.010046263,-0.014980123,0.011345325,0.004365684,-0.001159338,-0.042105565,0.023869182,0.022998154,-0.020403439,0.026999701,0.065488297,0.045761474,0.045183829,0.014176282,0.802659766,0.158917,0.114749883,0.002717595,0.610298988,0.111231319,0.070407426,0.006949273,0.526564823,0.113499808,0.080802708
476,M,1,-0.185127039,0.042159041,0.042494535,-0.027901681,0.011317358,0.22933008,0.167990671,0.16332969,2.28e-13,0.270789203,0.034771298,0.013530867,-0.013946812,0.011345325,0.004621772,-0.001033585,-0.042105565,0.021310917,0.024120748,-0.021293191,0.026702056,0.065488297,0.046817978,0.046210748,0.012925292,0.81132926,0.201832325,0.134178056,0.002779525,0.610298988,0.141994591,0.088061952,0.006949273,0.626713987,0.143435782,0.088891966
476,M,2,-0.173984482,0.09666291,0.037257036,-0.009756078,0.009228961,0.22933008,0.169478045,0.165519977,2.28e-13,0.302880054,0.042624906,0.017057927,-0.016119191,0.010914242,0.004485179,-0.001133648,-0.036915331,0.025701256,0.024074341,-0.021862113,0.026502951,0.063171396,0.047384709,0.04689842,0.011822618,0.81132926,0.186210681,0.135266668,0.004100598,0.546444217,0.127077416,0.082305618,0.007486065,0.626713987,0.136109324,0.097078879
477,H,0,-0.672467604,0.622760243,0.232502831,-0.212785834,0.00866316,0.229960561,0.153862877,0.139628444,4.41e-08,0.236457021,0.033705392,0.011812449,-0.025899733,0.240780416,0.011005092,-0.003837862,-0.177216118,0.03457012,0.022897046,-0.015935996,0.018244883,0.291922662,0.043444105,0.041272102,0.020604266,5.727310923,0.518326036,0.373682747,0.003594436,1.384539683,0.291906317,0.199639275,0.018764455,5.647838441,0.428313649,0.278892457
477,H,1,-0.416495759,-0.091692648,0.212128445,-0.206142255,0.00866316,0.220184182,0.17917792,0.174779136,2.18e-07,0.222446904,0.043843237,0.017177396,-0.015092717,0.009193738,0.005266884,-0.00319682,-0.051130536,0.020797409,0.025654734,-0.022869127,0.025165868,0.067012444,0.046246332,0.04557506,0.01760376,1.038807018,0.20203622,0.150848224,0.003117194,0.500731852,0.098636142,0.064889382,0.007709532,0.946381535,0.176322278,0.122511108
477,H,2,-0.402583947,-0.12124126,0.211513004,-0.205193106,0.007753615,0.22533223,0.17548465,0.170486482,2.18e-07,0.222446904,0.042756535,0.015726033,-0.018013014,0.007477578,0.005894874,-0.00391584,-0.047392042,0.014097309,0.026613719,-0.024112914,0.025165868,0.065416689,0.047706832,0.047101715,0.016029511,0.560436461,0.171157119,0.138198956,0.003117194,0.327315797,0.078838758,0.055282602,0.007709532,0.470166038,0.151918431,0.110137675
477,L,0,-0.65166351,0.090482225,0.27870984,-0.259025304,0.006204551,0.215420498,0.152155827,0.140167684,7.48e-08,0.201279542,0.033362345,0.0108787,-0.035808346,0.00859331,0.008057851,-0.006958394,-0.057931184,0.017107505,0.025405194,-0.02032207,0.021203525,0.09458355,0.045194178,0.044154767,0.011744478,1.24205382,0.386438383,0.286284361,0.003484337,0.785367599,0.190244642,0.118258026,0.007119052,1.180896681,0.336365279,0.238652209
477,L,1,-0.395813406,-0.145937344,0.289425749,-0.285386549,0.009136833,0.215420498,0.162567582,0.155129697,4.88e-10,0.201279542,0.02953562,0.008934859,-0.016819964,0.01137625,0.008091209,-0.00659096,-0.047186814,0.014326641,0.025660415,-0.022635161,0.022431806,0.065093274,0.046652132,0.046026524,0.011744478,0.820819084,0.218851613,0.159175078,0.003040005,0.323172996,0.072502266,0.052868966,0.007119052,0.814913938,0.20649322,0.141316519
477,L,2,-0.395813406,-0.142410019,0.267090721,-0.263121645,0.009136833,0.220753983,0.168337775,0.163109985,4.36e-10,0.19925618,0.022032723,0.005508678,-0.016683881,0.01137625,0.007790367,-0.005942926,-0.048281068,0.015213638,0.02703486,-0.024721925,0.021158273,0.065232849,0.047055294,0.046519596,0.022767511,0.71007602,0.190638874,0.169874449,0.003040005,0.300086775,0.071349601,0.053943978,0.010197473,0.698465529,0.176783525,0.153152623
477,M,0,-0.478706349,0.001779774,0.260903553,-0.248675971,0.003497178,0.229079688,0.165597192,0.155095807,1.42e-07,0.198903528,0.048197412,0.025005689,-0.020584061,0.007807057,0.007684897,-0.006101954,-0.052751,0.015002468,0.026176494,-0.022776779,0.021448283,0.07003314,0.045587982,0.044668851,0.01009498,0.972906313,0.268543864,0.206441425,0.003461059,0.582355131,0.16303119,0.107911983,0.007547032,0.79147041,0.213393153,0.15626007
477,M,1,-0.422781703,0.093820253,0.257137973,-0.240957867,0.003347778,0.229079688,0.169609594,0.16187357,5.2e-08,0.198903528,0.04393584,0.020791947,-0.019139352,0.009406951,0.008365455,-0.006729523,-0.049500517,0.012151166,0.027927138,-0.024954104,0.021476497,0.065780842,0.047384305,0.046662613,0.01009498,0.654447038,0.219105703,0.181363587,0.003461059,0.257484734,0.085838684,0.064041559,0.007547032,0.612426694,0.201591243,0.154565778
477,M,2,-0.422781703,0.212332456,0.266333075,-0.252149544,0.003347778,0.222710373,0.165577737,0.157494532,4.62e-10,0.200168435,0.019348646,0.005614152,-0.019067201,0.009406951,0.007957238,-0.006041882,-0.052850391,0.015613368,0.025920685,-0.022648245,0.02406028,0.065838815,0.046732646,0.046053318,0.014097353,0.654447038,0.207135599,0.178187337,0.004259943,0.591267963,0.091841435,0.069240921,0.007862627,0.612426694,0.185661808,0.146930257
