participant,condition,window_index,head_rotation_rad_min,head_rotation_rad_max,head_rotation_rad_rms,head_rotation_rad_mean,head_tx_min,head_tx_max,head_tx_rms,head_tx_mean,head_ty_min,head_ty_max,head_ty_rms,head_ty_mean,head_scalex_min,head_scalex_max,head_scalex_rms,head_scalex_mean,head_scaley_min,head_scaley_max,head_scaley_rms,head_scaley_mean,head_motion_mag_min,head_motion_mag_max,head_motion_mag_rms,head_motion_mag_mean,blink_aperture_min,blink_aperture_max,blink_aperture_rms,blink_aperture_mean,mouth_aperture_min,mouth_aperture_max,mouth_aperture_rms,mouth_aperture_mean,pupil_dx_min,pupil_dx_max,pupil_dx_rms,pupil_dx_mean,pupil_dy_min,pupil_dy_max,pupil_dy_rms,pupil_dy_mean,pupil_metric_min,pupil_metric_max,pupil_metric_rms,pupil_metric_mean
402,H,0,-0.329708674,0.208334991,0.061936365,0.007132382,-0.126070702,0.063712047,0.021495451,0.007076717,-0.147581909,0.194052332,0.031338265,-0.007103738,0.989822123,1.347592259,1.067167853,1.066824067,0.912023395,1.208467916,1.021735107,1.021023533,0.034446896,0.381945295,0.092405603,0.085007428,0.001559025,0.020704365,0.015612277,0.015306383,1.48e-10,0.022123733,0.002940207,0.001045673,-0.004731472,0.002988658,0.000776246,-0.000295553,-0.006064585,0.001430279,0.002408556,-0.002190223,0.001346354,0.008811893,0.00441615,0.004319764
402,H,1,-0.476921436,0.208334991,0.106294273,-0.008122699,-0.126070702,0.063712047,0.029729754,-0.001888413,-0.115308657,0.218508509,0.044622023,-0.00192648,0.990584312,1.347592259,1.070550473,1.070201037,0.958475925,1.173407018,1.039722865,1.039044426,0.034446896,0.381945295,0.1071728,0.098994914,0.00545191,0.02053723,0.015346805,0.015094484,4.54e-08,0.022123733,0.00371298,0.001591232,-0.004731472,0.002988658,0.000726497,-0.000257556,-0.006064585,0.001589216,0.002484017,-0.002246589,0.001346354,0.008811893,0.004396016,0.004308706
402,H,2,-0.476921436,0.21012834,0.111713563,-0.031139991,-0.12527694,0.061899377,0.030017502,-0.010306267,-0.107589771,0.218508509,0.046847673,0.007378209,0.990584312,1.278482208,1.075521232,1.0752788,0.919148091,1.173407018,1.039880459,1.039294456,0.039063142,0.327635513,0.109756696,0.103741831,0.00545191,0.020672142,0.015778443,0.015546564,2.39e-07,0.020798044,0.003186245,0.001320261,-0.002919472,0.003042937,0.00067311,-0.000410674,-0.006681404,0.001589216,0.002586363,-0.00237405,0.001420974,0.00925123,0.004547137,0.004475515
402,L,0,-0.296258452,0.271286313,0.060718814,0.002664381,-0.070170791,0.086471307,0.018899265,-0.002712801,-0.278045916,0.100444097,0.030378722,-0.004993307,0.914968052,1.212405809,1.053440887,1.053097923,0.907817357,1.414299552,0.983236174,0.982324664,0.02472284,0.504221627,0.08322231,0.075300023,0.001376411,0.022045343,0.015712513,0.015410186,7.86e-10,0.00259789,0.000459645,0.000297231,-0.005798895,0.003458532,0.00078326,-0.000456254,-0.00945762,0.001694777,0.002354801,-0.002110329,0.001478472,0.013685371,0.00446356,0.004354316
402,L,1,-0.296258452,0.145566823,0.054084912,-0.016005358,-0.070170791,0.043053795,0.019406195,-0.010221622,-0.070024789,0.100444097,0.023010227,0.00379412,0.980125959,1.212405809,1.057679323,1.057426961,0.907817357,1.10318689,0.992342555,0.991806508,0.027917704,0.238166171,0.076605674,0.072762059,0.004567423,0.020775327,0.015536432,0.015333635,7.86e-10,0.016830529,0.001838736,0.000586128,-0.002450715,0.003458532,0.000913707,-0.000678613,-0.00945762,0.000951421,0.002460008,-0.002277227,0.001809804,0.012122314,0.004608099,0.004529303
402,L,2,-0.16426917,0.198300652,0.065498341,-0.028872849,-0.063801196,0.062046272,0.020880212,-0.011225179,-0.112869884,0.066692852,0.029763306,0.008625625,0.968451437,1.177599064,1.057208925,1.057055372,0.947921972,1.114678801,1.003952428,1.003559368,0.028893786,0.185848604,0.075521826,0.072986879,0.005290271,0.019989003,0.015672122,0.015540626,8.35e-10,0.016830529,0.002414143,0.000846035,-0.002559235,0.001959709,0.001042004,-0.000743554,-0.00492503,0.000951421,0.002479746,-0.002320129,0.001809804,0.007361666,0.004750591,0.004670272
402,M,0,-0.184322999,0.230067473,0.051755031,-0.001976408,-0.085349594,0.051985666,0.01908804,-0.005180594,-0.134612949,0.124729218,0.026106489,-0.003962817,0.99820348,1.216435639,1.067552397,1.067305051,0.904195056,1.120433675,1.001926897,1.001345607,0.026356109,0.249726285,0.085265544,0.080902091,0.001901346,0.022232182,0.016128825,0.015906074,7.03e-09,0.021176979,0.002401988,0.000864903,-0.004340405,0.001983037,0.000659018,-0.000194795,-0.004569413,0.001695522,0.002353449,-0.002187479,0.001745848,0.008008741,0.004395205,0.004337759
402,M,1,-0.163557383,0.270315663,0.071583725,-0.000759429,-0.074356149,0.079425734,0.022134515,-0.005931303,-0.146695778,0.090426061,0.033573694,-0.00505507,1.006996299,1.266847496,1.059342074,1.059158852,0.947928887,1.141492815,1.011827467,1.011296487,0.026356109,0.280640841,0.081895683,0.077066589,0.0039883,0.01976732,0.01584496,0.015696087,7.03e-09,0.021176979,0.003648997,0.001439025,-0.005244771,0.001946152,0.000747646,-0.000391385,-0.004908172,0.001525203,0.002570014,-0.002374841,0.002018476,0.00913682,0.004559559,0.004477767
402,M,2,-0.252496617,0.270315663,0.085535022,-0.035444204,-0.169723715,0.079425734,0.025782436,-0.012719808,-0.146695778,0.090426061,0.037966956,0.001870415,0.952329806,1.266847496,1.05620495,1.055934921,0.913421263,1.141492815,1.010798679,1.010197596,0.02224464,0.304460783,0.084404132,0.078336544,0.002404256,0.020622309,0.015434218,0.0151152,5.04e-08,0.020202705,0.002865369,0.000989607,-0.005244771,0.001945202,0.000775241,-0.000493818,-0.005159274,0.002723063,0.002681896,-0.002437169,0.001694774,0.00913682,0.004685997,0.004586018
404,H,0,-0.050224291,0.148021624,0.049963827,0.042130865,-0.064601275,0.036981017,0.018521925,-0.010657362,-0.096704922,0.003758976,0.044251173,-0.040423772,1.04301654,1.132633406,1.074266379,1.07419435,1.012568042,1.209311661,1.082249153,1.081509334,0.05197932,0.246291805,0.127300211,0.121265497,0.000557315,0.019173049,0.014159886,0.013531676,7.76e-09,0.017995857,0.003432396,0.001679059,-0.001787693,0.001332627,0.000436706,-6.04e-05,-0.003449758,0.001234355,0.00180174,-0.001517503,0.002213166,0.005538445,0.00367157,0.003642354
404,H,1,-0.050224291,0.117335634,0.047600983,0.040318967,-0.067214316,0.036981017,0.01824274,-0.01182551,-0.096704922,-0.004929765,0.041918899,-0.038828508,1.04301654,1.112371742,1.074972794,1.074915102,1.012568042,1.209311661,1.072818766,1.07216666,0.05197932,0.241353136,0.120137754,0.114951359,0.001044847,0.019093958,0.014133253,0.013701046,2.27e-09,0.017995857,0.002957852,0.001301163,-0.001356066,0.001332627,0.000377992,-1.01e-05,-0.003394089,0.001234355,0.001870575,-0.001614593,0.002514158,0.00501218,0.003685089,0.003657355
404,H,2,-0.033885911,0.101920954,0.039592637,0.035699547,-0.067214316,0.018754797,0.019198316,-0.015582628,-0.081437405,-0.010467429,0.034829498,-0.032510061,1.051989979,1.113982471,1.079132971,1.079086681,1.023088527,1.173608043,1.059370958,1.058969815,0.066191413,0.210665372,0.110740564,0.107374535,0.001575412,0.018698961,0.014363871,0.014034519,7.78e-10,0.00179146,0.000627758,0.000436229,-0.001572699,0.001101747,0.000368188,-3.99e-05,-0.0034246,0.001321517,0.001958898,-0.001733032,0.002010062,0.005054162,0.003759354,0.003728772
404,L,0,-0.042737826,0.131016732,0.030270192,0.020803866,-0.078877833,0.04395904,0.031193008,-0.027663102,-0.100380996,-0.000343715,0.03422184,-0.028906628,1.041784151,1.131432903,1.084970225,1.084919638,1.023848387,1.221074353,1.068453644,1.067880194,0.071449464,0.248325586,0.123685304,0.119759015,0.001185548,0.01883759,0.015212211,0.014834943,5.98e-09,0.013366491,0.001505649,0.000597413,-0.001754041,0.001122893,0.00046973,-0.000211709,-0.003260081,0.002351003,0.001656484,-0.001444205,0.002069805,0.005227361,0.003765523,0.003736179
404,L,1,-0.036148299,0.104134391,0.02869385,0.021557745,-0.056203698,0.024786689,0.027521922,-0.025563827,-0.084960158,-0.000970639,0.031958508,-0.028050274,1.052050291,1.126260613,1.083476392,1.083437447,1.023848387,1.171777747,1.064857693,1.064398657,0.075451823,0.206785169,0.1181084,0.115008696,0.00260666,0.018862658,0.014954553,0.014577923,5.98e-09,0.013366491,0.001500411,0.00057348,-0.001626181,0.001122893,0.000451175,-0.000166453,-0.003499709,0.001615422,0.001747684,-0.001517955,0.002315229,0.005095417,0.003791739,0.003762775
404,L,2,-0.036148299,0.087716694,0.026393883,0.016930205,-0.056203698,0.003289338,0.030925592,-0.029134795,-0.084960158,-0.000970639,0.029781824,-0.02619887,1.052779719,1.117234548,1.086805349,1.086753004,1.031243269,1.174073981,1.070666965,1.070254008,0.075451823,0.206785169,0.12370506,0.121020945,0.002693636,0.019170688,0.014492005,0.014151243,4.08e-08,0.013072431,0.001910944,0.000760296,-0.001536449,0.001199313,0.000446897,-0.000181956,-0.003499709,0.001615422,0.00174227,-0.001507915,0.002369492,0.005014215,0.003749154,0.003717495
404,M,0,-0.01470302,0.287102831,0.076854264,0.061499092,-0.055578238,0.120233698,0.02667262,-0.00582655,-0.140599639,-0.019575035,0.055603689,-0.049061189,1.020090317,1.114902403,1.055277365,1.055193111,1.004898487,1.190056282,1.055970959,1.055220785,0.040550156,0.245690216,0.107983288,0.098542658,0.000550489,0.018858841,0.013882684,0.013365672,6.11e-09,0.015892649,0.002659778,0.001150381,-0.001500434,0.001624897,0.0004944,0.000114204,-0.00386268,0.002130184,0.001885144,-0.001564045,0.002028856,0.005255033,0.00379402,0.003760091
404,M,1,-0.023641036,0.119423452,0.045861677,0.041110872,-0.059907443,0.020402864,0.021425594,-0.017339753,-0.099828084,-0.012311459,0.039419999,-0.035975192,1.025183531,1.111286346,1.061572011,1.061508994,1.006843606,1.163950591,1.050119699,1.04966256,0.04501178,0.20436614,0.096728498,0.091756124,0.000550489,0.018806055,0.013848478,0.013508533,2.89e-08,0.015892649,0.002558248,0.001079245,-0.001500434,0.001261631,0.000472111,0.000119995,-0.003607758,0.002130184,0.002111495,-0.001841353,0.002424905,0.005009118,0.003933994,0.003907345
404,M,2,-0.023641036,0.077525031,0.033489858,0.029908636,-0.065934966,0.015157332,0.026033655,-0.023243288,-0.088427294,-0.01212836,0.031659131,-0.028800021,1.031554905,1.104867736,1.065938711,1.065886125,1.008209321,1.162952503,1.052201709,1.051838943,0.053904818,0.20436614,0.097896303,0.09405929,0.001487282,0.018863144,0.013942344,0.013641702,2.36e-09,0.017958964,0.002097219,0.000860738,-0.001619908,0.001071807,0.000455032,6.73e-05,-0.003700345,0.001771406,0.00221195,-0.0019862,0.002586062,0.005139473,0.003945441,0.003920276
407,H,0,0.020499589,0.131940748,0.095649209,0.093399731,-0.008687752,0.074464372,0.041678318,0.040241182,-0.043692265,0.036794369,0.014828871,0.000651349,0.907647891,0.988227684,0.959053153,0.958957256,0.874130832,1.035100726,0.931467806,0.930756672,0.037297371,0.141089061,0.099721349,0.097924639,0.001201312,0.017222936,0.013211454,0.012642949,9.16e-08,0.011688833,0.001944805,0.00135364,-0.001537286,0.000951587,0.000407007,-0.000151809,-0.003313637,0.002120222,0.001691296,-0.001324418,0.002622102,0.005568581,0.004259116,0.004226054
407,H,1,0.036361152,0.140761536,0.103939928,0.101805092,0.007501542,0.074965628,0.044804981,0.043699808,-0.044297123,0.036794369,0.013104401,-0.003489142,0.906171575,0.988227684,0.958801071,0.958732574,0.893044172,1.029036031,0.927465132,0.926925286,0.042928478,0.135946064,0.10175734,0.10060755,0.001181763,0.017222936,0.013832727,0.013399305,4.86e-07,0.009758742,0.00145058,0.001189836,-0.001302053,0.000948466,0.000378842,-0.000102683,-0.003232564,0.002167118,0.00175577,-0.001470307,0.002773605,0.005402476,0.004225962,0.004192491
407,H,2,0.035204016,0.170940916,0.106694564,0.104623754,0.016080502,0.075742625,0.045872706,0.045094992,-0.052646049,0.045636735,0.015397466,-0.006859957,0.906171575,0.987337642,0.955507238,0.955452433,0.875734934,1.024646877,0.929971811,0.929323407,0.049434029,0.154427841,0.103108487,0.101795143,0.000873934,0.017397865,0.013731117,0.013217871,2.4e-06,0.011292371,0.002365438,0.001656559,-0.001578206,0.000948466,0.0004289,-8.09e-05,-0.003426072,0.002167118,0.001689449,-0.001399261,0.002773605,0.005451971,0.004146766,0.004112182
407,L,0,-0.011398837,0.158902055,0.085091537,0.080085994,0.013217828,0.119469739,0.073786915,0.071824788,-0.031564654,0.054243148,0.02180001,0.014781308,0.795234625,0.900855959,0.853861809,0.853763226,0.778489105,0.959642816,0.854062152,0.853075908,0.111183885,0.284483537,0.225263467,0.223365532,0.000646317,0.017204975,0.01250619,0.011645685,7.36e-08,0.011021063,0.001485401,0.000937767,-0.001762006,0.001200675,0.000553845,-0.00012656,-0.003172718,0.002370849,0.001437846,-0.000813649,0.002630449,0.00529604,0.003868286,0.003842968
407,L,1,-0.011398837,0.158902055,0.096342728,0.092073563,0.019861911,0.119469739,0.080701508,0.079259675,-0.028006907,0.054243148,0.021219808,0.016234922,0.795234625,0.885242694,0.850547245,0.850494767,0.778489105,0.9485879,0.833810696,0.833074237,0.131062848,0.284483537,0.241859257,0.240670179,0.000646317,0.016835764,0.013699702,0.01308425,5.15e-10,0.011021063,0.001207056,0.00078159,-0.001762006,0.001194271,0.000568914,-9.36e-05,-0.003167194,0.002370849,0.001588013,-0.001248564,0.002595951,0.004794277,0.003886251,0.003864823
407,L,2,0.01072064,0.137017612,0.093781002,0.091492619,0.032953075,0.107902422,0.07955851,0.078723471,-0.027060112,0.032817383,0.019573667,0.016002374,0.806347216,0.879695682,0.854178205,0.854115935,0.803483976,0.936902495,0.832180346,0.831633741,0.159168492,0.273017527,0.239495022,0.238624286,0.000983873,0.016752789,0.014053903,0.013552774,5.15e-10,0.002644079,0.000681613,0.000509872,-0.001597732,0.001152228,0.00053044,-0.000125523,-0.003167194,0.002249745,0.001453853,-0.001178871,0.002595951,0.004794277,0.003800292,0.003778587
407,M,0,0.018162912,0.125760001,0.095607181,0.093888328,0.032386593,0.100501522,0.061382896,0.060622842,-0.040790836,0.03570041,0.015133495,0.007000151,0.840633434,0.970848397,0.919642113,0.919386805,0.850723337,1.0352193,0.903011996,0.902173599,0.057561439,0.200678175,0.148486891,0.14577179,0.001109005,0.01756961,0.013352751,0.012760985,1.68e-09,0.011346017,0.000789296,0.000464463,-0.001514872,0.000859433,0.000443005,-0.000203957,-0.002796159,0.002182436,0.001440386,-0.00106068,0.002381117,0.005203442,0.004120494,0.004085892
407,M,1,0.018162912,0.125760001,0.09697829,0.09512948,0.024887255,0.090178482,0.055277736,0.054329007,-0.040790836,0.034480037,0.012200758,0.005036845,0.8787058,0.957418387,0.926973714,0.926896521,0.859131301,1.000288133,0.9018357,0.901272369,0.079542451,0.177340427,0.139479751,0.138530612,0.001074439,0.017164975,0.013405601,0.01289212,1.68e-09,0.011346017,0.001074484,0.000576486,-0.001773656,0.000859433,0.000440989,-0.000222193,-0.002984582,0.002222058,0.001579226,-0.001259418,0.002570137,0.005203442,0.004165234,0.004133318
407,M,2,0.009051946,0.166619997,0.095881273,0.093385084,0.016345238,0.09027324,0.049608128,0.048753094,-0.042102048,0.034480037,0.012591591,0.002873036,0.864356063,0.956294929,0.927535268,0.927466699,0.859131301,1.015152304,0.907289376,0.906575337,0.062970932,0.170366215,0.13428003,0.132891841,0.001074439,0.017164975,0.013294082,0.012700742,1.03e-08,0.011485175,0.00127527,0.00077705,-0.001773656,0.000748937,0.000487099,-0.000265196,-0.003235189,0.002222058,0.001567246,-0.001217644,0.002723686,0.005097665,0.004092123,0.004061094
408,H,0,-0.048604772,0.1259764,0.061663791,0.05583602,-0.057490026,0.024947972,0.016961709,-0.009208257,0.072667126,0.163064994,0.128798995,0.128013175,0.978378662,1.062697766,1.011704369,1.011619395,0.914728904,1.110308887,0.96956006,0.968884491,0.091988561,0.189893406,0.139504649,0.1387698,0.000988106,0.018396397,0.013894663,0.013361105,4.84e-09,0.020749413,0.004090265,0.001706976,-0.001322167,0.001388951,0.000444131,0.000135591,-0.004220286,0.001464251,0.002237224,-0.001964693,0.002203632,0.005679056,0.004085737,0.004034315
408,H,1,-0.022552166,0.1259764,0.06796781,0.06354361,-0.045249517,0.025491123,0.013054308,-0.00674093,0.072667126,0.163064994,0.129043401,0.128314736,0.978378662,1.058020316,1.006330694,1.006274021,0.909647906,1.084186841,0.959175005,0.95859359,0.091988561,0.178846352,0.14073219,0.140069417,0.001104034,0.018422993,0.013787324,0.013267349,4.84e-09,0.025370684,0.004630446,0.001776188,-0.001111858,0.001388951,0.000410971,0.000141765,-0.004382143,0.001648223,0.00222039,-0.001959614,0.002231565,0.005789617,0.004148753,0.004101094
408,H,2,-0.022552166,0.32978021,0.073199463,0.064602045,-0.055792941,0.063564973,0.015834026,-0.005496706,0.016684323,0.153909313,0.128577427,0.127454993,0.973394128,1.119838203,1.006313083,1.006220634,0.904293999,1.091477311,0.96108284,0.960373529,0.065466041,0.172550489,0.141211865,0.140394223,0.00100565,0.018422993,0.013352892,0.012785837,1e-08,0.026521335,0.004499247,0.001644337,-0.001248791,0.001348779,0.000422534,8e-05,-0.004382143,0.001648223,0.002186544,-0.00188342,0.002231565,0.005796854,0.004167392,0.004112666
408,L,0,-0.024049713,0.108280599,0.070871125,0.069157407,-0.071791671,-0.000588461,0.028533923,-0.026063154,0.08119151,0.132754564,0.118549488,0.118306035,1.011500806,1.104258814,1.049370142,1.0492563,0.94098814,1.145807088,1.006372633,1.005836757,0.103612424,0.214564689,0.136548976,0.135934253,0.000443975,0.017992621,0.014146158,0.013857444,6.2e-08,0.023631953,0.004748196,0.001841139,-0.0012619,0.001059543,0.000392605,-8.95e-05,-0.004073159,0.001065307,0.002391804,-0.002227666,0.002405929,0.005641159,0.00428822,0.004247675
408,L,1,-0.008642892,0.117793087,0.075684704,0.074588938,-0.05084749,0.003463373,0.018749669,-0.017073228,0.098867604,0.132975646,0.12253286,0.122408508,0.998756308,1.081010854,1.03390848,1.033820504,0.94098814,1.114264779,0.985578708,0.985315047,0.103612424,0.174119793,0.132010931,0.131871772,0.000443975,0.017255905,0.014271666,0.014077383,2.59e-08,0.02351902,0.003579162,0.001322991,-0.000866595,0.001352365,0.00044264,0.000168211,-0.00427188,0.001372878,0.002578124,-0.002437874,0.002557127,0.005641159,0.004463885,0.004430931
408,L,2,-0.008642892,0.118964214,0.07921379,0.077312932,-0.05084749,0.003463373,0.015606234,-0.01424576,0.080964574,0.134758025,0.122899776,0.122655395,0.998464347,1.076755901,1.025309174,1.025255452,0.943791099,1.098101351,0.980437438,0.980128892,0.104254713,0.168871336,0.130750495,0.130575917,0.001007543,0.017440944,0.014214052,0.01393108,2.59e-08,0.010219491,0.001754732,0.000684081,-0.000883997,0.001352365,0.000474733,0.000273809,-0.00427188,0.002175134,0.00243327,-0.002240646,0.002557127,0.005535709,0.004399993,0.004369424
408,M,0,-0.071248172,0.076038669,0.037736,0.024685487,-0.075463376,-0.002707352,0.029755911,-0.027572408,0.105621663,0.197047124,0.149877339,0.149220666,0.989393322,1.07365376,1.023954837,1.023895099,0.911477463,1.102803122,0.974661181,0.974225623,0.125976283,0.210697916,0.159859673,0.15930602,0.000904624,0.018673233,0.014309482,0.013947267,1.7e-10,0.02691401,0.003681059,0.001140079,-0.001442315,0.001225132,0.000401954,4.15e-05,-0.004230335,0.001249067,0.002053285,-0.001821989,0.002287633,0.00566424,0.004172951,0.004135688
408,M,1,-0.07912354,0.132235275,0.049817853,0.037324245,-0.057702971,0.00164062,0.02486991,-0.023006649,0.09823315,0.197047124,0.147089823,0.146302593,0.996915156,1.070831421,1.024170442,1.024114202,0.921969835,1.080244955,0.967939468,0.967578141,0.105685744,0.210697916,0.157166003,0.156519408,0.000904624,0.018308218,0.014473763,0.014114202,2.03e-10,0.020577307,0.003352838,0.001071557,-0.001345348,0.001330836,0.000415622,0.00011134,-0.003963279,0.001381061,0.001907414,-0.001676865,0.002207912,0.005577615,0.004126322,0.004093948
408,M,2,-0.07912354,0.140877807,0.058319356,0.04792386,-0.057702971,0.00164062,0.025632873,-0.023870896,0.09823315,0.195679459,0.142213958,0.141481674,0.998416757,1.067605514,1.02420584,1.024156858,0.921969835,1.080244955,0.96778104,0.967350437,0.105685744,0.20162879,0.15318293,0.152579419,0.001031573,0.018462775,0.014147414,0.013742007,7.97e-09,0.021623175,0.004385823,0.001702902,-0.001122807,0.00149797,0.000461911,0.000180899,-0.003809351,0.001381061,0.002086399,-0.001847769,0.002207912,0.005668542,0.004227122,0.00419243
409,H,0,-0.027057514,0.062456346,0.032161116,0.027775043,-0.080654677,-0.011687365,0.049169592,-0.048057237,-0.019025536,0.079987997,0.044110668,0.039478266,1.002988755,1.093524993,1.063873806,1.063798116,1.020941733,1.244936843,1.100993508,1.10025021,0.084268616,0.256954063,0.142411124,0.138821807,0.000812911,0.019448272,0.01539341,0.014862801,2.89e-08,0.023706972,0.005066646,0.002658941,-0.00142974,0.000957084,0.00040503,2.09e-05,-0.003875119,0.001761313,0.002118139,-0.001742742,0.001581369,0.0057138,0.003991763,0.003934576
409,H,1,-0.012340197,0.065420838,0.038798737,0.035145499,-0.076443161,-0.021387173,0.046583466,-0.045607902,-0.02061216,0.072511431,0.035534461,0.030075411,1.014973276,1.09854796,1.066595561,1.066535021,1.020941733,1.238079328,1.107465922,1.106510209,0.090562486,0.250075972,0.14645516,0.141948471,0.000889577,0.019448272,0.015544965,0.014760379,2.75e-06,0.023706972,0.005272476,0.003632646,-0.00142974,0.001088631,0.000424329,0.000110478,-0.003788322,0.002217881,0.00172331,-0.001324804,0.001581369,0.0057138,0.00384187,0.003789164
409,H,2,-0.012340197,0.065420838,0.036617425,0.032818288,-0.084097667,-0.022377606,0.047682232,-0.046878279,-0.02061216,0.069106887,0.038748215,0.034060852,1.014973276,1.108472436,1.066763897,1.066692311,1.035154286,1.241320246,1.100915704,1.100104383,0.089097209,0.25383121,0.142064172,0.13814354,0.000889577,0.019010228,0.015723906,0.015133494,8.67e-07,0.019281863,0.005524719,0.004267437,-0.001230036,0.001327844,0.000439268,0.000151198,-0.004136436,0.002217881,0.001984796,-0.001635882,0.001570847,0.005770547,0.004003716,0.003945998
409,L,0,-0.097021797,0.053336726,0.017878151,0.001803571,-0.093519386,-0.031310841,0.056848017,-0.056231345,-0.007889815,0.114937133,0.055190223,0.051748174,1.024615935,1.108859872,1.067440456,1.067376124,1.005799734,1.279596858,1.098136816,1.097199658,0.105233866,0.29005169,0.149865568,0.146280056,0.00086781,0.018668171,0.015497063,0.015022759,6.13e-08,0.019847316,0.004324175,0.002156838,-0.001556615,0.001016611,0.000408096,-7.09e-05,-0.003849447,0.001673077,0.002101779,-0.001842257,0.001718804,0.005390081,0.00399704,0.003957648
409,L,1,-0.0389854,0.053336726,0.015242934,0.003844995,-0.091678284,-0.031310841,0.05826907,-0.057654916,-0.007889815,0.085903673,0.054774949,0.051833615,1.024615935,1.099608342,1.070062921,1.07000638,1.022263846,1.233515809,1.095619362,1.0948652,0.105233866,0.246696993,0.148555915,0.145735117,0.001754536,0.018668801,0.015703217,0.015255232,5.69e-12,0.019847316,0.004295606,0.002129796,-0.001657583,0.000951371,0.000424426,-0.000215299,-0.003849447,0.001645959,0.00213872,-0.001869535,0.001718804,0.005434212,0.004032066,0.003986801
409,L,2,-0.051781823,0.038955339,0.019075874,-0.00674642,-0.091678284,-0.039760228,0.062223237,-0.061736681,-0.003470583,0.086828816,0.058686579,0.055064541,1.034815239,1.099608342,1.070653288,1.070598385,1.047783429,1.243035987,1.101198777,1.100098509,0.114362779,0.264082728,0.157668222,0.153820458,0.001615451,0.019158652,0.015570995,0.014884618,5.69e-12,0.001695562,0.000437779,0.00027877,-0.001690183,0.000764948,0.000544836,-0.000322567,-0.00346626,0.001645959,0.002003598,-0.001672099,0.001665675,0.005434212,0.003981715,0.003924081
409,M,0,-0.026390206,0.050179653,0.027711297,0.024151539,-0.079085303,-0.021788825,0.046026028,-0.045358663,-0.028032117,0.066592524,0.039403816,0.03475998,0.995399821,1.093614154,1.060966829,1.060903553,1.054522329,1.235371611,1.098728407,1.097715351,0.082896168,0.247833658,0.138881139,0.133861186,0.001477861,0.019275371,0.015256181,0.014621587,0.0,0.001664489,0.000394646,0.000222862,-0.001296685,0.001229531,0.000495949,0.000241257,-0.004143315,0.002216611,0.002079387,-0.001701227,0.001852982,0.005424287,0.003980982,0.00393569
409,M,1,-0.028185901,0.052231532,0.023626721,0.017297126,-0.092874602,-0.030694833,0.053909173,-0.052966907,-0.015028671,0.081300038,0.046422543,0.041970072,1.020834328,1.093614154,1.059472519,1.059396436,1.029946519,1.235371611,1.093559326,1.092653916,0.087995732,0.247833658,0.138976854,0.134621772,0.001477861,0.019212241,0.015396898,0.01483288,4.17e-11,0.019788281,0.003446668,0.001287325,-0.001387344,0.001229531,0.000547291,3.46e-05,-0.004040164,0.002072101,0.002107554,-0.001779404,0.001858169,0.005693217,0.004019623,0.003968957
409,M,2,-0.040859259,0.052231532,0.01870452,0.007365452,-0.092874602,-0.038535408,0.058610884,-0.057871739,-0.010118449,0.086664858,0.053269848,0.04941181,1.020834328,1.0938041,1.055773884,1.055682222,1.029946519,1.23626479,1.092579045,1.091694021,0.087995732,0.249977007,0.141095319,0.136941236,0.001447009,0.019212241,0.015471285,0.014956509,1.51e-08,0.019788281,0.003445117,0.001281511,-0.001742817,0.001128116,0.000607052,-0.000258023,-0.004040164,0.001968501,0.002108563,-0.00180591,0.001912141,0.005693217,0.004013101,0.003963742
410,H,0,-0.244383252,0.221209815,0.149619857,0.136997551,-0.170125615,0.115945603,0.069964749,0.058261759,-0.118053768,0.10976531,0.043859292,-0.03709985,0.858995743,1.168144888,0.906855088,0.906154567,0.788814086,1.054330405,0.88138788,0.879958065,0.063350989,0.293330221,0.183913522,0.179410805,0.001478187,0.019486348,0.011087462,0.010623263,7.88e-08,0.005673822,0.00086085,0.000648745,-0.008074522,0.002151116,0.000752243,-0.000260403,-0.016329221,0.003336307,0.002336052,-0.001877153,0.001181221,0.020813971,0.003715771,0.003550727
410,H,1,-0.244383252,0.20326638,0.155888625,0.145811471,-0.170125615,0.097231163,0.075994082,0.067017388,-0.114372275,0.10976531,0.04030591,-0.035222978,0.862021937,1.168144888,0.899448298,0.898823611,0.800053489,1.054330405,0.866646201,0.865843241,0.0652783,0.293330221,0.195317288,0.192489929,0.000688916,0.019486348,0.011791435,0.011541001,1.58e-08,0.003613516,0.000745117,0.000559624,-0.008074522,0.002151116,0.000719361,-0.00023701,-0.016329221,0.003336307,0.002442891,-0.00208738,0.001181221,0.020813971,0.00380161,0.003668118
410,H,2,-0.254887945,0.198128602,0.153886357,0.148562974,-0.176909955,0.099125108,0.076575925,0.071732844,-0.132431926,0.130631312,0.039722974,-0.036627606,0.864328474,1.171349917,0.894824478,0.894525913,0.82643386,1.055464703,0.8677545,0.866978972,0.068486176,0.308504883,0.195296538,0.192318969,0.000688916,0.016136997,0.01181931,0.011545367,1.58e-08,0.007177426,0.000784103,0.000532245,-0.007280191,0.001319391,0.000558478,-0.000128265,-0.009048144,0.003711492,0.002324067,-0.002010481,0.00119717,0.01355675,0.003639044,0.003529952
410,L,0,-0.100492815,0.281072988,0.118695242,0.112938905,-0.082048176,0.159510812,0.052220721,0.045540307,-0.169019587,0.024707298,0.03249532,-0.024954023,0.862291325,1.037861506,0.914153579,0.913882799,0.820517364,1.083903401,0.870683181,0.86954774,0.059861254,0.258717312,0.175179441,0.171913857,0.001574573,0.020682806,0.011613731,0.011283678,1.23e-07,0.009109607,0.001145085,0.000830894,-0.005668687,0.00434485,0.000556341,-0.0002008,-0.008757436,0.005477159,0.002017944,-0.001786483,0.001249274,0.013324091,0.003534725,0.003472793
410,L,1,-0.100492815,0.162945948,0.127571551,0.124273442,-0.082048176,0.078072547,0.053838069,0.050065558,-0.093856487,0.055035722,0.029907812,-0.02672425,0.887146137,1.046465787,0.916961838,0.916779298,0.794551139,1.022103952,0.868507069,0.867841706,0.064627373,0.224315805,0.172263024,0.1698178,0.001653426,0.017997405,0.012063366,0.011821445,5.41e-07,0.009109607,0.001047846,0.000697245,-0.004304222,0.000853697,0.000431628,-0.000126246,-0.004358037,0.00261382,0.002045046,-0.001818054,0.00126883,0.007383233,0.003512669,0.003462321
410,L,2,-0.047590202,0.162945948,0.134052226,0.131872821,-0.065788407,0.078072547,0.054338463,0.051776573,-0.093856487,0.055035722,0.0306462,-0.027442147,0.887146137,1.046465787,0.919631868,0.919481802,0.794551139,1.022103952,0.867302851,0.86660912,0.064627373,0.224315805,0.172183108,0.16993063,0.001653426,0.017997405,0.012221701,0.011944151,5.41e-07,0.001600789,0.000689009,0.000544858,-0.003016646,0.000844777,0.000445661,-0.000156015,-0.004225204,0.001122569,0.002074824,-0.001848403,0.00126883,0.005473233,0.003528469,0.003478942
410,M,0,-0.124015366,0.207186566,0.121632393,0.115327934,-0.110910384,0.100377448,0.049289477,0.043612431,-0.117358505,0.07904839,0.041078572,-0.035956041,0.865086413,1.078598792,0.907522996,0.90729958,0.796108235,1.052603434,0.878979339,0.877464785,0.063591568,0.243489415,0.175473181,0.171690696,0.00079775,0.018067522,0.010870648,0.010337601,2.29e-08,0.007401479,0.001016543,0.000738348,-0.006340869,0.001157084,0.000480628,-0.00019956,-0.008266142,0.002081061,0.002117071,-0.001794358,0.001398126,0.012369842,0.0036212,0.003559664
410,M,1,-0.124015366,0.178450269,0.13179092,0.129002237,-0.110910384,0.087618017,0.052337246,0.049653198,-0.117358505,0.07904839,0.036100417,-0.03218518,0.865086413,1.078598792,0.904632813,0.904494547,0.796108235,1.036326168,0.85990875,0.859162265,0.069396328,0.243489415,0.185828922,0.184240071,0.001693702,0.020804926,0.011453788,0.011245711,2.85e-07,0.007401479,0.001045234,0.000807417,-0.006340869,0.001157084,0.000481809,-0.000120702,-0.008266142,0.002081061,0.002640535,-0.002423543,0.001398126,0.012369842,0.003911396,0.003847047
410,M,2,-0.110652106,0.162617079,0.136143134,0.135207854,-0.098855283,0.070893992,0.052641936,0.051519335,-0.097467191,0.090344373,0.028944662,-0.026462237,0.874894049,1.102782454,0.907314351,0.907215373,0.789434344,1.005568989,0.853420104,0.853016884,0.075673525,0.263470752,0.186251597,0.185159156,0.002093659,0.020804926,0.011221927,0.011106857,2.85e-07,0.00163671,0.000772408,0.000644669,-0.004097893,0.001073641,0.000463059,-6.54e-05,-0.004401696,0.001287737,0.003087357,-0.002960907,0.001661312,0.00757887,0.004173052,0.004130107
411,H,0,-0.048692282,0.065725917,0.014246366,0.004106223,-0.049077644,0.024512121,0.015736041,0.006688941,-0.110249274,-0.002218709,0.038111999,-0.031132214,0.90918337,1.042852036,0.93420013,0.93403299,0.927130783,1.095599063,0.970657651,0.970143917,0.050258669,0.143683609,0.090843214,0.090124359,0.00119017,0.016489287,0.013824313,0.013482114,6.94e-08,0.013995062,0.001580946,0.000712122,-0.001401648,0.000669997,0.000542749,-0.000320683,-0.002875513,0.002135851,0.001591631,-0.001365513,0.001797489,0.004294775,0.003265982,0.00324361
411,H,1,-0.036020202,0.065725917,0.014098603,0.001462292,-0.040784673,0.025864151,0.015027974,0.003909929,-0.111281894,-0.006488794,0.041865772,-0.034442393,0.910131909,1.011928446,0.937253408,0.937089519,0.917496704,1.095599063,0.973360535,0.97271791,0.058561427,0.142817601,0.090765674,0.089798565,0.00119017,0.016489287,0.013539186,0.013104374,3.66e-08,0.013995062,0.002137531,0.000931816,-0.001420717,0.000814698,0.000542888,-0.000303886,-0.003006869,0.001969588,0.0016128,-0.001321898,0.001797489,0.004294775,0.003318804,0.003296228
411,H,2,-0.058126213,0.05131215,0.020467168,-0.011156211,-0.059991597,0.025864151,0.016317572,-0.003440351,-0.115428485,-0.002543672,0.041881984,-0.033116902,0.914448749,1.016452252,0.940421705,0.940247498,0.917496704,1.10045874,0.976342412,0.975532302,0.051636485,0.152109093,0.089990289,0.08861095,0.001512285,0.016119236,0.013039837,0.012601269,2.59e-08,0.016950915,0.001904404,0.000766693,-0.001420717,0.000857993,0.000503165,-0.00024149,-0.003336492,0.002176121,0.001724463,-0.001375231,0.002117072,0.004424236,0.003405085,0.003385801
411,L,0,-0.079235932,0.046232963,0.0201691,-0.009184131,-0.054042409,0.012002238,0.010914277,-0.000937015,-0.116942488,0.001792967,0.032331504,-0.026272372,0.896076962,1.003946169,0.916601177,0.916465533,0.925083255,1.094210121,0.96634094,0.965962874,0.056265857,0.157058027,0.101391143,0.100650164,0.000806601,0.016738096,0.01377886,0.013546311,2.86e-11,0.012505042,0.001705975,0.000628191,-0.001437065,0.000928654,0.000534028,-0.000288582,-0.003473687,0.002665857,0.001759113,-0.00159357,0.002007776,0.004463557,0.003331659,0.003311509
411,L,1,-0.048017427,0.043556942,0.014711194,-0.007291746,-0.067700254,0.012700557,0.009381131,0.000446594,-0.116942488,-0.000997144,0.026022404,-0.02136069,0.895674237,0.998700604,0.916050288,0.915961785,0.914292956,1.094210121,0.95942136,0.959185075,0.059217547,0.157058027,0.100543162,0.099962562,0.001328806,0.016590644,0.013636332,0.013497884,2.86e-11,0.014161619,0.001130156,0.000529977,-0.001437065,0.000928654,0.000575857,-0.000314852,-0.003248533,0.00251171,0.001850202,-0.001728207,0.00218506,0.004688662,0.00345342,0.00343329
411,L,2,-0.048017427,0.06563279,0.019360385,-0.012975441,-0.067700254,0.012700557,0.012346315,-0.004168673,-0.114026195,-0.00129807,0.031447467,-0.023144935,0.892761005,0.998700604,0.920042286,0.9199059,0.914292956,1.082343234,0.964512673,0.964112813,0.059217547,0.14346024,0.099330014,0.098723306,0.00060998,0.01616428,0.013104132,0.012860107,3.03e-10,0.014161619,0.001555863,0.000774358,-0.001396525,0.000837,0.000544808,-0.000232784,-0.003248533,0.002603516,0.00190122,-0.001678849,0.00218506,0.004688662,0.003478607,0.00346216
411,M,0,-0.051796283,0.061467202,0.018393884,-0.003809337,-0.07126067,0.015991347,0.015990331,-0.006431575,-0.128839902,-0.001778891,0.040463699,-0.032023276,0.897513535,1.006763751,0.923328044,0.923157268,0.916905935,1.132984707,0.974767542,0.974243341,0.049893491,0.182297647,0.098985963,0.098072539,0.001736545,0.017328006,0.013462902,0.013041453,6.17e-08,0.011049377,0.001283352,0.000658898,-0.001461621,0.00087101,0.000585472,-0.000319675,-0.003091038,0.002191887,0.001780961,-0.001510082,0.002383362,0.004469773,0.003449184,0.003428277
411,M,1,-0.056672111,0.072175133,0.022502093,-0.011644743,-0.07126067,0.012151218,0.01935827,-0.012562134,-0.128839902,0.02023905,0.040156196,-0.029571602,0.894533401,1.001026584,0.92433933,0.924155431,0.737391826,1.103151433,0.969777671,0.969160271,0.049893491,0.275268509,0.101132515,0.099968455,0.00145742,0.01697048,0.013009351,0.012604953,1.26e-07,0.011049377,0.001324503,0.000647585,-0.001530914,0.000734523,0.000563118,-0.000340207,-0.003501952,0.002190365,0.001867323,-0.001576395,0.002074691,0.004469773,0.003496804,0.003477926
411,M,2,-0.057744039,0.072175133,0.026291247,-0.001425257,-0.063634259,0.021762037,0.020053024,-0.010805367,-0.126882117,0.02023905,0.045019723,-0.035954268,0.889396414,0.997435313,0.922795508,0.92261396,0.737391826,1.095374146,0.970859265,0.970157176,0.058216807,0.275268509,0.104908953,0.103799772,0.00145742,0.017095221,0.013072623,0.012652303,1.47e-07,0.014641268,0.002355003,0.00102744,-0.001530914,0.000978179,0.000484406,-0.000211487,-0.003729182,0.002091424,0.001970878,-0.001657148,0.002074691,0.004537008,0.003467538,0.003448237
412,H,0,-0.1337255,0.135649431,0.068963117,0.043261916,-0.07573123,0.051330085,0.028469862,0.009982722,0.005709381,0.13087167,0.053401949,0.049846097,0.919007273,1.022534025,0.961629536,0.961492701,0.827459503,0.996337838,0.887178089,0.886595218,0.022863514,0.207942209,0.138934477,0.135398016,0.000675894,0.01523468,0.010644248,0.010098293,1.29e-08,0.028885508,0.003978591,0.001227904,-0.001721288,0.001081929,0.000503977,-0.000175351,-0.003972917,0.001103926,0.002299355,-0.002018003,0.001668702,0.005333077,0.00387512,0.003823026
412,H,1,-0.108660225,0.135649431,0.062159327,0.04585451,-0.073805398,0.051330085,0.022535658,0.006541707,0.005709381,0.102105638,0.057939497,0.056182581,0.919007273,0.997869745,0.962706253,0.962616466,0.821174716,0.971566757,0.880175437,0.879722232,0.064326937,0.19723959,0.143873469,0.141415122,0.000675894,0.014662645,0.010905996,0.010426168,3.35e-08,0.01437057,0.001813856,0.000728898,-0.001382112,0.001084409,0.000466661,-7.17e-05,-0.004056548,0.001103926,0.002447851,-0.002206079,0.00153978,0.005386895,0.004013986,0.003964648
412,H,2,-0.09352013,0.107630693,0.063438153,0.043347298,-0.075025752,0.040316164,0.022282811,0.006901226,-0.000996048,0.131385977,0.058393433,0.055925535,0.91015144,1.012147032,0.960609712,0.960491173,0.821174716,0.971378434,0.87900347,0.87842235,0.069168294,0.20440156,0.146619875,0.143693149,0.000546754,0.014879464,0.010570906,0.009911104,1.82e-07,0.013555704,0.002318752,0.00111473,-0.001508056,0.001084409,0.000438246,9.21e-06,-0.004056548,0.001315416,0.002378604,-0.002068013,0.00153978,0.005386895,0.003946493,0.003887771
412,L,0,-0.512643537,0.58041478,0.181610406,0.035502479,-0.314303191,0.39160385,0.086770059,0.000200276,-0.443670458,0.213167395,0.097720113,0.025119278,0.851050803,1.462791371,1.017247898,1.014971917,0.829673767,1.209941552,0.969606574,0.96687483,0.012536663,0.628055487,0.168270505,0.135637977,0.000417288,0.016021627,0.00988621,0.009133626,1.79e-08,0.003383452,0.000615281,0.000437686,-0.011946946,0.018171678,0.001670781,-0.000514792,-0.016368157,0.004500293,0.002052178,-0.00114711,0.000953436,0.026866546,0.004186486,0.003817455
412,L,1,-0.157343237,0.122515341,0.058801383,0.036132042,-0.091773838,0.027697972,0.028698611,-0.020840784,0.015993895,0.093770644,0.051521139,0.050174771,0.953341973,1.050114142,1.004543307,1.004438752,0.863349149,1.012403138,0.932060567,0.931587957,0.036932893,0.166562293,0.096274486,0.094047755,0.000836576,0.016021627,0.011340417,0.010767129,1.85e-08,0.015552494,0.00154918,0.000529473,-0.001633155,0.001216849,0.000606598,-0.000399629,-0.004172024,0.001790498,0.001819956,-0.001339903,0.002130356,0.005437921,0.003755362,0.003702615
412,L,2,-0.100432404,0.122515341,0.055744393,0.039887892,-0.093112386,0.020134616,0.033182273,-0.027168747,0.016004015,0.104990262,0.057990422,0.055653204,0.962600117,1.064791685,1.012287596,1.012200114,0.875793615,1.001662082,0.936848326,0.936592267,0.028699135,0.166562293,0.096385442,0.09445475,0.000836576,0.015416951,0.011768564,0.011378994,2.93e-08,0.015901209,0.002252349,0.000838793,-0.001645429,0.001294513,0.000607107,-0.000358612,-0.004172024,0.000903598,0.001846008,-0.001513077,0.001965293,0.005437921,0.003862244,0.003820056
412,L,3,-0.114245105,0.119786347,0.054140114,0.036396523,-0.099668986,0.003610445,0.035030697,-0.029480188,0.016004015,0.104990262,0.063105273,0.060830908,0.973581479,1.078939311,1.02016588,1.020092949,0.875833893,1.025003777,0.939776317,0.939447961,0.028699135,0.157132623,0.100227516,0.098102545,0.000913664,0.015312761,0.011687108,0.011307196,2.95e-08,0.015901209,0.002149907,0.000939162,-0.002157355,0.001294513,0.000632646,-0.000358921,-0.004463963,0.001204176,0.00205051,-0.00168161,0.001965293,0.0057252,0.004012557,0.003963839
412,M,0,-0.236908696,0.208067121,0.07223257,0.013115955,-0.086516861,0.08793364,0.024530899,0.003561272,0.021654859,0.14622289,0.074866989,0.071482397,0.904173078,1.067242452,0.970765866,0.970362599,0.82411811,1.029363462,0.898822278,0.897876298,0.068196243,0.212907329,0.141410362,0.139445846,0.000792635,0.015061999,0.011218583,0.01076203,1.22e-10,0.011659977,0.000949148,0.000442049,-0.001789035,0.001321687,0.000495864,-0.000219968,-0.005372795,0.00173705,0.002342794,-0.002066575,0.001772054,0.006338483,0.004060527,0.004004399
412,M,1,-0.117327248,0.100891196,0.047859496,0.034078603,-0.064020241,0.044665456,0.019080289,0.008678648,0.027404126,0.113667562,0.066137859,0.06479739,0.907101344,1.010331725,0.954769034,0.954659426,0.804023651,0.97515237,0.867559804,0.867248689,0.068196243,0.215146044,0.158637845,0.156893886,0.000871247,0.015133527,0.011441399,0.011167703,1.22e-10,0.011659977,0.001601085,0.000728495,-0.001860381,0.001058895,0.000467835,-0.000131404,-0.003936137,0.001170898,0.002580885,-0.002421173,0.001928596,0.005427253,0.004200762,0.004162398
412,M,2,-0.089950472,0.094567089,0.045011454,0.025995664,-0.062631817,0.036036761,0.019402065,0.00116304,0.027404126,0.116113277,0.072439667,0.070739855,0.907101344,1.019238927,0.959157334,0.95901143,0.804023651,0.938684249,0.863581855,0.863314729,0.090491217,0.220567269,0.163487118,0.162014503,0.00103003,0.015591337,0.011282175,0.011073209,1.65e-07,0.013580306,0.002216603,0.001159091,-0.001860381,0.001172157,0.000572404,-0.000204929,-0.003936137,0.000757921,0.002602604,-0.002460264,0.001928596,0.005377048,0.004241016,0.004207838
413,H,0,-0.295054906,0.257632592,0.134113208,-0.118899314,-0.241566853,0.04539039,0.124881127,-0.11763445,-0.240745427,0.057977891,0.032017575,0.000343699,0.975543229,1.155854104,1.052954159,1.052566825,1.014619286,1.420637882,1.187910694,1.186489254,0.060694362,0.50193133,0.241562707,0.231468233,0.000302182,0.021470702,0.015032685,0.014161386,8.82e-07,0.032410278,0.006972124,0.004546183,-0.002518553,0.000838911,0.000845159,-0.000714235,-0.00507557,0.003001691,0.0023058,-0.001697436,0.001360646,0.006104821,0.00415884,0.004079436
413,H,1,-0.295054906,-0.024172645,0.108693693,-0.100543405,-0.19464565,-0.063876947,0.117942474,-0.115473926,-0.084884996,0.056654456,0.021308394,-0.001127228,0.995288877,1.118181283,1.059918332,1.059756597,1.034392415,1.321492368,1.178239242,1.177560214,0.116064699,0.356807455,0.226727664,0.223353544,0.000310691,0.021539377,0.014939157,0.013962591,2.62e-06,0.032410278,0.007326467,0.004879885,-0.001896567,0.000534685,0.000791913,-0.000692702,-0.005074826,0.002491399,0.001953015,-0.001381534,0.00171933,0.005881543,0.003957737,0.003881386
413,H,2,-0.23716409,-0.026415675,0.103321295,-0.096482863,-0.196796494,-0.074733703,0.125279447,-0.123178461,-0.084884996,0.056654456,0.021824148,0.000773726,1.012728012,1.124172415,1.069884516,1.06975798,1.07261577,1.327384357,1.187308681,1.186626354,0.143534469,0.372317468,0.24032758,0.237284373,0.000607861,0.021539377,0.01526234,0.014282225,1.72e-07,0.026738877,0.005494484,0.003471546,-0.001952194,0.000744523,0.000754018,-0.000627218,-0.00463068,0.002491399,0.001801028,-0.001250293,0.001649948,0.005881543,0.003840084,0.003772727
413,L,0,-0.306303798,0.320986265,0.130213622,-0.075170223,-0.268024087,0.22268503,0.081538481,-0.036908602,-0.328763586,0.07819867,0.091847953,-0.023330462,0.796865224,1.110392552,0.913564955,0.912532298,0.819919228,1.214277146,0.982584019,0.980985718,0.069263624,0.397668517,0.167692628,0.15505882,0.000299823,0.020051365,0.012758602,0.011743208,9.67e-06,0.026161958,0.007305107,0.005420724,-0.00562607,0.003657501,0.000897983,-0.000562898,-0.008591943,0.003518933,0.001959749,-0.00116101,0.001270711,0.012210921,0.003841981,0.003743933
413,L,1,-0.304244251,-0.018438452,0.151929801,-0.140218702,-0.169805755,-0.013818984,0.069308551,-0.06371979,-0.066046926,0.097190031,0.04146278,0.029970128,0.843746035,1.071200877,0.900649552,0.900020604,0.901020146,1.249361129,0.998573549,0.997235534,0.071556571,0.281059278,0.142580886,0.139894339,0.000299823,0.020366863,0.014090251,0.013261538,4.62e-06,0.026161958,0.007070808,0.004966438,-0.002075918,0.000664119,0.000929895,-0.000803739,-0.00415474,0.002736077,0.00216074,-0.001558584,0.001491098,0.005622079,0.004044558,0.003971962
413,L,2,-0.304244251,-0.004726036,0.132144083,-0.111807264,-0.161503379,-0.013818984,0.066789054,-0.063064514,-0.078486758,0.097190031,0.03952456,0.005891633,0.843746035,1.071240097,0.96693586,0.963725659,0.919279269,1.279156638,1.079212433,1.07610124,0.071556571,0.314429012,0.161349319,0.158380942,0.000582752,0.02037743,0.015385312,0.014872063,4.62e-06,0.008112728,0.003292677,0.002791687,-0.002075918,0.000664119,0.000868533,-0.000732341,-0.004025223,0.002719252,0.002027606,-0.001677475,0.001859718,0.005622079,0.004031293,0.003972293
413,M,0,-0.333071245,0.419271856,0.123259809,-0.062203709,-0.387232775,0.262299121,0.108280549,-0.08033609,-0.268135271,0.180243438,0.064518229,-0.020723691,0.949990484,1.419107102,1.062029372,1.060469299,1.000471005,1.537287486,1.169568327,1.167722489,0.066431647,0.602129687,0.235159866,0.220578475,0.000438002,0.021309222,0.014326758,0.013125266,5.61e-07,0.026109965,0.004361868,0.002617227,-0.002939646,0.003631853,0.000823284,-0.00064202,-0.005424579,0.002313764,0.00181285,-0.001187157,0.001624652,0.009026635,0.003852914,0.003768641
413,M,1,-0.205819731,0.026964072,0.133880188,-0.124830565,-0.175217084,-0.067460594,0.111602044,-0.110012093,-0.067692494,0.068175583,0.036515872,0.021780664,0.999514976,1.098773825,1.053238164,1.053126745,1.045938558,1.31377389,1.16599681,1.16540599,0.098195079,0.360548612,0.213499758,0.210184765,0.001104737,0.020132526,0.015088298,0.014342715,5.02e-07,0.026109965,0.004842883,0.003000256,-0.002230522,0.000527155,0.001037359,-0.00090885,-0.004759213,0.002447317,0.001644726,-0.001045771,0.00146437,0.005679375,0.003921787,0.003855091
413,M,2,-0.248617656,0.009617414,0.146583586,-0.139728891,-0.162773759,-0.079616539,0.115542292,-0.114474815,-0.056098036,0.062356882,0.038688337,0.026781594,0.993693381,1.099482928,1.053465021,1.053333435,1.047561404,1.31377389,1.173021643,1.17250122,0.119431852,0.360548612,0.221237028,0.218743107,0.000311575,0.021356408,0.014910015,0.014155328,5.02e-07,0.034045992,0.005235239,0.002974671,-0.002230522,0.000439193,0.001053124,-0.000938145,-0.004062328,0.002571074,0.001724574,-0.001142606,0.00146437,0.005654732,0.004023381,0.003954947
414,H,0,0.012878917,0.082203971,0.043912817,0.041631985,-0.080340644,-0.02183102,0.051213121,-0.05012826,-0.20406292,-0.088323995,0.121621855,-0.119534881,1.055408242,1.146031618,1.088039933,1.08794705,0.948448131,1.149917003,0.999379789,0.998489494,0.129036526,0.285426132,0.164719247,0.162128952,0.000183903,0.017054527,0.013779953,0.013084269,1.03e-07,0.011166515,0.001207522,0.000845174,-0.001975695,0.000847831,0.000556113,-0.000314635,-0.003308299,0.002199806,0.001380026,-0.00107394,0.002470869,0.005267602,0.003675404,0.003649904
414,H,1,0.008616678,0.067007722,0.031886674,0.030502981,-0.080340644,-0.027034627,0.056165279,-0.055657955,-0.191062621,-0.084942753,0.111323827,-0.109653193,1.053303424,1.144116001,1.088003947,1.087924822,0.950185571,1.136566197,0.992997925,0.992329868,0.117012398,0.280292215,0.157593219,0.155439596,0.000183903,0.016811758,0.014295488,0.013833474,1.03e-07,0.011599896,0.001957235,0.001136456,-0.001682441,0.000847831,0.000531277,-0.00028021,-0.002779651,0.001993124,0.0013446,-0.001165265,0.002556086,0.00520459,0.003799797,0.003777881
414,H,2,-0.000809356,0.055187457,0.029921418,0.02829332,-0.078433534,-0.039789731,0.056817212,-0.056373956,-0.178901829,-0.082828456,0.107838004,-0.106537225,1.053303424,1.147553398,1.087346658,1.087276867,0.950556307,1.12996397,0.993455994,0.992911367,0.117012398,0.269790815,0.154137374,0.152397424,0.000680855,0.016907501,0.014537218,0.014154413,1.89e-09,0.013916876,0.001950747,0.000998745,-0.001844417,0.000725179,0.000642132,-0.000387226,-0.003370979,0.0013609,0.001304756,-0.001154943,0.002556086,0.00520459,0.003967946,0.003941403
414,L,0,0.029260538,0.091232299,0.06318146,0.062473302,-0.064844959,0.000354833,0.025779906,-0.024387143,-0.203296469,-0.108215494,0.132020275,-0.130498304,1.039889435,1.12573938,1.073650813,1.073556027,0.945576012,1.12622747,0.988349031,0.98760756,0.131056894,0.26524719,0.159143521,0.157191451,0.000999128,0.017023612,0.013839119,0.013207562,1.05e-08,0.002568186,0.000906527,0.000753361,-0.001724226,0.00108133,0.000565267,-0.000201139,-0.003110428,0.002021276,0.001298327,-0.001036507,0.002071713,0.004997385,0.003507694,0.003482431
414,L,1,0.050300309,0.121555262,0.072211931,0.071297483,-0.03995212,-0.000295327,0.021651208,-0.02086651,-0.20419629,-0.108643501,0.126454563,-0.125657615,1.041807015,1.127359438,1.072798511,1.072739393,0.949733561,1.135821036,0.980061165,0.97968191,0.131056894,0.26524719,0.151767776,0.150581453,0.001602002,0.017023612,0.01461173,0.014358976,2.54e-07,0.012359573,0.001331457,0.000916467,-0.001724226,0.001091605,0.000626338,-0.000156651,-0.003110428,0.001698733,0.001422279,-0.001274337,0.002495832,0.004886985,0.003640247,0.003614445
414,L,2,0.051819544,0.121555262,0.075619606,0.074736763,-0.050922969,-0.000295327,0.022283111,-0.021051891,-0.20419629,-0.106507893,0.126296891,-0.125394018,1.040713296,1.144882056,1.073839045,1.073759784,0.936925266,1.135934816,0.984960789,0.984468517,0.125651006,0.262372387,0.152541438,0.151098666,0.000996485,0.017225643,0.014535153,0.014219718,2.48e-07,0.014398664,0.001575584,0.000996616,-0.00165463,0.001302947,0.000687692,-0.000273161,-0.003099479,0.001847897,0.001394198,-0.001194426,0.002541853,0.004886985,0.003723051,0.003697919
414,M,0,0.002599391,0.111864012,0.05660021,0.052925456,-0.076800075,-0.014467961,0.045851739,-0.043822918,-0.201666406,-0.096321293,0.126945981,-0.125353419,1.042519741,1.135702214,1.081101595,1.081000917,0.917719612,1.145162496,0.998075193,0.997284388,0.125467934,0.283125127,0.163039275,0.160632216,0.000574713,0.01679492,0.013621761,0.012966446,9.92e-08,0.025331643,0.00205884,0.00110918,-0.001621671,0.001090499,0.000522748,-0.000191117,-0.003360182,0.001644074,0.001363071,-0.001130654,0.002456701,0.005060816,0.003707892,0.003684165
414,M,1,-0.006097333,0.096817195,0.03689497,0.032391038,-0.080391492,-0.028837867,0.054826039,-0.054211208,-0.201666406,-0.082997393,0.12068083,-0.118434506,1.052326541,1.135702214,1.081593044,1.081509521,0.917719612,1.145162496,0.994582602,0.993708007,0.124720397,0.283125127,0.16177999,0.159267448,0.000460379,0.016666944,0.013459541,0.012810795,9.92e-08,0.025331643,0.001984375,0.001125049,-0.001682496,0.000976032,0.000495636,-0.00016505,-0.003103005,0.001657759,0.0014143,-0.00119283,0.002456701,0.004786637,0.003685661,0.003663998
414,M,2,-0.010556023,0.051196742,0.021784833,0.018850878,-0.089854037,-0.038386113,0.057535459,-0.057180756,-0.186131885,-0.082097543,0.107899134,-0.106218179,1.052326541,1.138937298,1.078787372,1.078718734,0.945782188,1.145956932,0.985091854,0.984446372,0.122084292,0.28058012,0.151031438,0.149238812,0.000460379,0.016267988,0.013982308,0.013577137,4.34e-08,0.014448708,0.001450682,0.000881414,-0.001682496,0.000783536,0.000568205,-0.000225664,-0.002835629,0.001874155,0.001379229,-0.001202456,0.002633641,0.00491035,0.003718466,0.003699514
415,H,0,-0.037331516,0.231898279,0.045263473,0.027981514,-0.116893802,0.056911589,0.075445567,-0.073504998,-0.246810239,-0.069957256,0.109932007,-0.105914723,1.043833281,1.145109161,1.076346447,1.076278139,1.029958679,1.302055736,1.105995367,1.104871938,0.128048975,0.416188842,0.192936136,0.186494402,0.000422567,0.019859555,0.015418786,0.014666639,4.75e-12,0.014607519,0.002694478,0.001092313,-0.001820401,0.001065292,0.000581916,-0.000117977,-0.00392679,0.001570609,0.002159375,-0.001863457,0.001789026,0.005858214,0.004127522,0.004070491
415,H,1,-0.015728681,0.087232566,0.030444044,0.022686817,-0.111773412,-0.050961072,0.078338147,-0.077778352,-0.173163143,-0.07078107,0.102992922,-0.100870024,1.051424205,1.130967993,1.074267844,1.074211441,1.04627696,1.249930188,1.097893296,1.097123574,0.129043925,0.346148019,0.183017666,0.178585236,0.000833267,0.020148799,0.015852357,0.015264352,5.82e-15,0.015475379,0.003997291,0.001969141,-0.001573455,0.001289614,0.000605269,-5.91e-05,-0.00406698,0.001821035,0.002190766,-0.001906026,0.002069858,0.005858214,0.004178596,0.004125456
415,H,2,-0.033691261,0.075042979,0.023883897,0.014141701,-0.122916977,-0.055604748,0.084283264,-0.083777707,-0.174458877,-0.06924769,0.103320411,-0.100692821,1.047442126,1.130967993,1.073471794,1.073409675,1.043990611,1.251193516,1.101167951,1.100195887,0.136261091,0.346148019,0.188361891,0.183086059,0.000691077,0.020148799,0.015875708,0.015127794,5.82e-15,0.015475379,0.004213497,0.002268735,-0.00145236,0.001289614,0.000535581,3.37e-05,-0.00406698,0.001821035,0.002079414,-0.001768119,0.002069858,0.005724875,0.00396727,0.00391043
415,L,0,-0.027907185,0.118897697,0.026876883,0.013231725,-0.117662026,-0.034974889,0.088743933,-0.088053731,-0.179572294,-0.051708246,0.096261674,-0.092686741,1.069131566,1.156185268,1.101580251,1.101499092,1.033438815,1.29076099,1.133561692,1.132545505,0.1482723,0.373328656,0.21793063,0.212969302,0.000853895,0.018949291,0.014499845,0.013902972,1.47e-08,0.001885967,0.000627154,0.000443392,-0.001401855,0.001051398,0.000409079,4.3e-05,-0.003987262,0.002016669,0.002446088,-0.002158886,0.001928551,0.005488105,0.004138214,0.00409335
415,L,1,-0.099384941,0.028384442,0.019471039,-0.002017341,-0.135368143,-0.075931342,0.095738748,-0.095273751,-0.156678305,-0.023212713,0.085951915,-0.083301222,1.063729308,1.154341735,1.096409851,1.096363256,1.041324595,1.271549662,1.124373719,1.123464107,0.142390161,0.338341042,0.207917617,0.20372888,0.000976316,0.018949291,0.014974176,0.014422284,1.47e-08,0.0173912,0.003872277,0.001756796,-0.001430188,0.001051398,0.000437565,-4.54e-05,-0.004183817,0.002016669,0.002432315,-0.002199912,0.001928551,0.005757353,0.004236005,0.004188301
415,L,2,-0.099384941,0.026956892,0.021240674,-0.008440651,-0.135368143,-0.079495058,0.099547588,-0.099154374,-0.154615295,-0.023212713,0.079411299,-0.077507909,1.061347891,1.143113074,1.092676269,1.092634389,1.041324595,1.271549662,1.113005898,1.112320346,0.142390161,0.338341042,0.197560029,0.194430738,0.000976316,0.018902476,0.015675871,0.01528736,3.84e-08,0.0173912,0.003889487,0.001873312,-0.001430188,0.001008024,0.000446793,-6.96e-05,-0.004183817,0.001330968,0.002384656,-0.002220302,0.002032099,0.005757353,0.00429445,0.004254754
415,M,0,-0.05170671,0.056785978,0.023789229,0.013170351,-0.126270864,-0.049604053,0.082302028,-0.081739344,-0.171425597,-0.05818847,0.093737832,-0.091076509,1.062224632,1.14279742,1.0933192,1.093251924,1.068536176,1.278546898,1.12008585,1.119186055,0.149489264,0.350640252,0.201553051,0.196926376,0.000642586,0.019533935,0.015330038,0.014821427,1.52e-09,0.018523916,0.001084119,0.000420255,-0.001282831,0.001145467,0.000481715,0.000123902,-0.004066137,0.001766626,0.002267436,-0.002003506,0.002019387,0.005910644,0.004032801,0.00398035
415,M,1,-0.05170671,0.04467792,0.013457865,0.000383976,-0.126270864,-0.066568173,0.088873696,-0.088607007,-0.15218688,-0.050921801,0.083213035,-0.081459312,1.062224632,1.154477525,1.092524065,1.092469688,1.066961842,1.276966714,1.115625472,1.11493899,0.149489264,0.350098677,0.195536728,0.191877217,0.000642586,0.019533935,0.01562872,0.015229012,3.18e-10,0.022191258,0.004089995,0.001870094,-0.001282831,0.001125629,0.000501502,0.000101721,-0.003781504,0.001694745,0.002433084,-0.002268152,0.002008401,0.005660547,0.004221209,0.004183331
415,M,2,-0.035603977,0.04467792,0.012119749,0.004690443,-0.127345877,-0.07485302,0.092118763,-0.091897132,-0.159475353,-0.050921801,0.090258053,-0.087994909,1.07198484,1.163252217,1.095889146,1.095840871,1.055936612,1.276966714,1.120622957,1.119715804,0.15130708,0.350098677,0.205640134,0.201168791,0.001212827,0.01892632,0.014890564,0.014355146,3.18e-10,0.022191258,0.00474509,0.002516251,-0.001327146,0.001119445,0.00045313,5.55e-05,-0.003910757,0.001846076,0.002488426,-0.002228136,0.002008401,0.005732024,0.00422133,0.004172718
416,H,0,-0.058196198,0.052985593,0.017026782,0.007514811,-0.085261904,-0.010871878,0.038143679,-0.036092214,-0.232456794,-0.141210418,0.16911284,-0.167784429,1.114553934,1.222899175,1.145853039,1.145679088,1.189506422,1.41253182,1.265351801,1.264310507,0.266495368,0.504475039,0.3523766,0.34764415,0.002279926,0.021266262,0.016187687,0.015649683,2.2e-09,0.010788118,0.001466989,0.000670577,-0.001685516,0.000977379,0.000723034,-0.000499401,-0.00476286,0.001878957,0.003049415,-0.00269791,0.002704358,0.006511741,0.005207146,0.005157667
416,H,1,-0.058196198,0.032321582,0.013800353,0.00015563,-0.084446254,-0.004223678,0.036969563,-0.035069341,-0.237833243,-0.124387606,0.166541987,-0.165278925,1.099351053,1.222899175,1.141647868,1.14151775,1.189506422,1.41253182,1.257183369,1.256289011,0.261613346,0.511217967,0.342577492,0.338427704,0.002814282,0.020473059,0.016480256,0.01607085,6.25e-08,0.012052502,0.001470145,0.000648759,-0.001685516,0.001010015,0.000683853,-0.000411669,-0.004611063,0.001878957,0.003087192,-0.002805741,0.002279575,0.006511741,0.00511103,0.005067819
416,H,2,-0.046489257,0.032321582,0.013453565,0.001038112,-0.076292646,-0.004223678,0.034155276,-0.031868269,-0.237833243,-0.124387606,0.167361429,-0.166349381,1.099351053,1.217381415,1.139346573,1.139238755,1.169261914,1.404654927,1.250650724,1.24993603,0.259936067,0.511217967,0.336250957,0.332914159,0.003193622,0.021189363,0.017173442,0.016820413,1.54e-08,0.012052502,0.001920936,0.000814056,-0.001564053,0.001166039,0.000596762,-0.000252613,-0.004060084,0.001836785,0.002741188,-0.002500347,0.002279575,0.006114666,0.004683689,0.004650349
416,L,0,-0.222613441,0.1035774,0.024650978,0.008566334,-0.391197604,-0.0101214,0.04974544,-0.039281782,-0.244355956,0.019791327,0.179920939,-0.178538138,1.115247776,1.636168608,1.159579497,1.15885431,1.177206783,1.489886414,1.283213853,1.282366339,0.265333766,0.823887639,0.379034637,0.374007277,0.004547982,0.021990939,0.018054614,0.017634986,6.77e-09,0.011488915,0.001894017,0.000820776,-0.004311527,0.001078871,0.000653667,-0.000448967,-0.005213581,0.001869179,0.00237475,-0.00217783,0.002308642,0.009045886,0.004813092,0.004777165
416,L,1,-0.044999222,0.030608017,0.011918094,0.005119413,-0.074553038,-0.01746567,0.037269964,-0.035661658,-0.244355956,-0.146640235,0.181360775,-0.180552832,1.115247776,1.212947997,1.150272682,1.15013673,1.177206783,1.426605514,1.278066415,1.277293608,0.265333766,0.528761646,0.368783282,0.365511336,0.004547982,0.021797256,0.018154009,0.017778752,7.42e-11,0.011488915,0.001322477,0.000458905,-0.001548465,0.000787136,0.000637727,-0.00041031,-0.004193801,0.001869179,0.002260345,-0.002114099,0.002847131,0.005917845,0.004623168,0.00459689
416,L,2,-0.044999222,0.033033108,0.012225416,0.003754326,-0.074553038,-0.013808139,0.036621484,-0.034957894,-0.241785187,-0.152223023,0.179085995,-0.178450389,1.117933312,1.208236628,1.147573102,1.147477891,1.197066989,1.423751946,1.269021296,1.268427971,0.292628863,0.521547978,0.359082552,0.356570855,0.003107696,0.021169791,0.018216067,0.017922857,7.42e-11,0.009727155,0.001197687,0.000508562,-0.001634696,0.000787136,0.000594166,-0.000285258,-0.004415736,0.001631278,0.002281701,-0.002160952,0.002847131,0.005917845,0.004420609,0.00439628
416,M,0,-0.035922336,0.08161796,0.018899945,0.011419107,-0.087456372,0.005067537,0.042472609,-0.040584752,-0.253617893,-0.132986585,0.173452281,-0.172059318,1.114147924,1.214698503,1.151386811,1.151192417,1.174394011,1.434087566,1.273541404,1.272394521,0.257912558,0.528206054,0.363751341,0.358753085,0.001368661,0.021365053,0.015892824,0.015286611,1.02e-10,0.010496022,0.001314463,0.000593285,-0.001852,0.001075262,0.000573738,-0.000222877,-0.005145442,0.002388581,0.003000325,-0.002585923,0.001970938,0.007111181,0.005027284,0.00496615
416,M,1,-0.048339095,0.03085864,0.012312261,0.002675153,-0.090284455,-0.017775726,0.041767794,-0.039831171,-0.228400991,-0.132986585,0.167911002,-0.166402582,1.112327406,1.209870368,1.1430223,1.142871927,1.174394011,1.39904941,1.25709842,1.256012831,0.257912558,0.50698361,0.344913834,0.339898923,0.00191129,0.020731926,0.016170668,0.015605398,2.16e-08,0.011222213,0.00185801,0.000911829,-0.001869286,0.001075262,0.000675039,-0.000259654,-0.004543061,0.002058272,0.002973926,-0.002591933,0.002943041,0.006698147,0.00512044,0.005070071
416,M,2,-0.048339095,0.03085864,0.010971993,0.00239184,-0.090284455,-0.017775726,0.038592634,-0.037008266,-0.229698556,-0.13731706,0.164275923,-0.163184569,1.106272943,1.215451302,1.140285688,1.140148089,1.18755768,1.398691901,1.253385509,1.252608396,0.26856942,0.50698361,0.337919644,0.334133498,0.00191129,0.020518758,0.016289751,0.015908862,2.16e-08,0.011222213,0.001420373,0.000666471,-0.001869286,0.001021053,0.000783367,-0.00048197,-0.004581347,0.002058272,0.003196392,-0.002933155,0.002943041,0.006698147,0.005328,0.005288446
417,H,0,-0.179315984,2.848044505,0.131981211,0.099497787,-0.22905005,0.377983084,0.057299199,0.037250652,-0.20281491,0.105847619,0.03908852,0.006064181,0.026392089,1.333224474,0.973844681,0.967690515,0.590188953,1.271254646,0.985915021,0.98135145,0.012043653,1.043676671,0.16470905,0.129991468,0.001009601,0.021205161,0.013159322,0.012664096,4.29e-10,0.020611392,0.002363247,0.001075846,-0.01345806,0.002322258,0.000752191,6.75e-05,-0.017547722,0.002712407,0.001961167,-0.001671915,0.000140684,0.024369612,0.003755013,0.003558147
417,H,1,-0.041685793,0.131638852,0.091688432,0.085190236,-0.032090987,0.068666245,0.044424417,0.040434705,-0.010680935,0.057843763,0.031771317,0.0301279,0.880785076,1.001360333,0.944626705,0.944445355,0.848415562,1.019929256,0.927599376,0.927226817,0.012043653,0.205421669,0.111349968,0.107101837,0.001518478,0.018090653,0.013865638,0.013438292,4.29e-10,0.016517942,0.002882069,0.00126893,-0.001106272,0.000957745,0.000361463,-7.56e-06,-0.003518249,0.00125428,0.001967874,-0.001806198,0.001798057,0.005126381,0.003745177,0.003699307
417,H,2,-0.058852378,0.138095423,0.093595322,0.084469277,-0.041895345,0.082888569,0.047536775,0.042311196,-0.004059871,0.073698509,0.036371321,0.034336023,0.880785076,1.001360333,0.93339078,0.933169127,0.846119281,1.01827905,0.919524809,0.919056172,0.019001962,0.205421669,0.126000963,0.121289695,0.00148446,0.018090653,0.013426929,0.012932457,1.43e-07,0.016517942,0.004275195,0.00227125,-0.001736453,0.000952697,0.000381121,-3.18e-05,-0.003518249,0.00125428,0.001998831,-0.001805447,0.0018846,0.005338773,0.003769058,0.003718518
417,L,0,-0.140933421,0.55869815,0.111625722,0.094009109,-0.220603792,0.271786462,0.040949654,0.019084643,-0.15893147,0.117056877,0.025289802,0.008365905,0.853360804,1.283284068,0.998476598,0.997865718,0.895247914,1.168954178,0.992077653,0.991241049,0.008373876,0.36584838,0.072639533,0.057742524,0.000205812,0.01742892,0.01353641,0.013015088,3.66e-09,0.015958925,0.002884151,0.001285382,-0.001523552,0.00139344,0.000390097,-6.88e-05,-0.003508779,0.001471565,0.001702243,-0.001515473,0.001787607,0.005051581,0.003696256,0.003650761
417,L,1,-0.039462785,0.170367008,0.096527209,0.092160201,-0.057702289,0.046777012,0.02246774,0.014629871,-0.030924971,0.033878068,0.012894018,0.007920926,0.940349326,1.0417468,0.984316802,0.98423389,0.895247914,1.063085569,0.977443374,0.977198098,0.004091805,0.114371573,0.045631093,0.042240874,0.001154322,0.017872011,0.014485511,0.014132549,6.57e-11,0.013005605,0.002332578,0.000941836,-0.001535884,0.001317586,0.000341858,-1.84e-05,-0.003508779,0.00129189,0.001757704,-0.001593665,0.001502787,0.005008035,0.003784556,0.003747186
417,L,2,-0.025867,0.163384254,0.093603377,0.090157934,-0.052207489,0.040771107,0.020405215,0.01424566,-0.030924971,0.035724918,0.013800662,0.009397178,0.928223347,1.045474149,0.983453832,0.983368284,0.872771642,1.063085569,0.979873266,0.979609743,0.004091805,0.140844633,0.044540266,0.040565934,0.001225829,0.017872011,0.01445588,0.014122537,6.57e-11,0.014638164,0.002356874,0.000939665,-0.001535884,0.001191791,0.000321403,-1.47e-06,-0.003617844,0.00129189,0.001685289,-0.001520379,0.001502787,0.004962635,0.003778668,0.003740879
417,M,0,-0.058300623,0.328787909,0.101664852,0.094155802,-0.11556495,0.13026368,0.028846737,0.015646222,-0.099228501,0.06988586,0.017914269,0.005342622,0.949400471,1.145736494,1.004514325,1.00418482,0.906752534,1.182343746,1.002495899,1.001563107,0.00822933,0.208338088,0.060862612,0.051760744,0.000470859,0.018109499,0.013781687,0.013275728,1.99e-09,0.018179256,0.003521478,0.001697628,-0.001395033,0.00149738,0.00045978,3.61e-05,-0.004086327,0.001202117,0.001691753,-0.001482452,0.00114416,0.00513852,0.003656532,0.003610335
417,M,1,-0.025216839,0.132658961,0.09221883,0.087235927,-0.057747934,0.045725692,0.023767899,0.012966121,-0.033847325,0.048136951,0.014371835,0.00763558,0.951594836,1.051166273,0.992170117,0.992062692,0.900809723,1.182343746,0.98415746,0.98368344,0.00822933,0.188203098,0.04739882,0.042399233,0.000815162,0.018109499,0.0142128,0.013785503,1.99e-09,0.018087531,0.003046638,0.001363375,-0.001378728,0.000866551,0.000335513,-9.12e-05,-0.00333879,0.001202117,0.001671945,-0.001500741,0.001824976,0.004784835,0.003663073,0.003620007
417,M,2,-0.022833521,0.131329943,0.088323479,0.084275156,-0.051169886,0.043588657,0.019800925,0.009977831,-0.031558616,0.037965495,0.014504661,0.009566607,0.951594836,1.042920612,0.990603202,0.990525874,0.900809723,1.059058272,0.982716091,0.982501707,0.005445951,0.108759639,0.039660049,0.036256551,0.001256956,0.018562314,0.014246281,0.013898881,5.17e-08,0.022029396,0.003863048,0.001975714,-0.001105589,0.001151988,0.00030726,-7.68e-05,-0.003291655,0.0010156,0.00164514,-0.001503011,0.001824976,0.005031045,0.003749695,0.003704722
418,H,0,-0.0876053,0.095139881,0.032556979,0.017723525,-0.048354032,0.144978686,0.023475814,0.008418574,-0.112743011,0.065907237,0.054418902,-0.047645315,0.799381292,1.106256655,1.010081495,1.009478497,0.797004683,1.108297158,0.981726552,0.980304812,0.033910142,0.288636899,0.08942909,0.083227609,0.000257162,0.018588083,0.012494991,0.011145165,4.72e-10,0.01656157,0.003333943,0.001686289,-0.001636186,0.000918037,0.000583394,-0.000259252,-0.003548134,0.001674954,0.001631259,-0.001247786,0.001606256,0.005424248,0.003690021,0.003641374
418,H,1,-0.04851738,0.080184393,0.038943436,0.030020776,-0.048354032,0.030105485,0.013891011,0.002568077,-0.100573055,-0.000294476,0.046051484,-0.042044802,0.973327425,1.106256655,1.008305682,1.008223815,0.910501612,1.098904441,0.965397964,0.964433334,0.039154117,0.172957644,0.07531918,0.073458599,0.000272412,0.018588083,0.0148355,0.013918248,7.22e-08,0.019579741,0.004036335,0.00220257,-0.00153198,0.001168288,0.000492526,-8.89e-05,-0.003756819,0.001674954,0.001594439,-0.00128166,0.001793806,0.005770293,0.003781384,0.003735442
418,H,2,-0.039026928,0.080184393,0.044894798,0.040491424,-0.046117731,0.030105485,0.014889466,0.006794926,-0.101052413,-0.011353984,0.047812409,-0.044616165,0.983273929,1.083029034,1.009568144,1.009494767,0.91885305,1.096471065,0.963316911,0.962493687,0.043346491,0.147621952,0.075750391,0.074075418,0.000272412,0.018626017,0.015315126,0.014552552,2.25e-10,0.019579741,0.00310675,0.001479426,-0.001534778,0.001168288,0.000542145,-0.000106433,-0.003756819,0.001322981,0.001581364,-0.001314696,0.001958246,0.005770293,0.003868586,0.003825531
418,L,0,-0.102787892,0.099351659,0.033809699,0.010940793,-0.0458862,0.073545114,0.019636097,0.007828747,-0.119847571,-0.004236555,0.062395055,-0.057233926,0.950188552,1.066292151,1.003891743,1.003779848,0.900339098,1.087017556,0.976250107,0.975185261,0.046871558,0.148441828,0.08491998,0.083126417,0.000409895,0.018742763,0.012075172,0.010587864,8.05e-08,0.011859018,0.001838089,0.000945035,-0.001840324,0.001222359,0.000702812,-0.000455597,-0.003682916,0.00161367,0.001593798,-0.001173686,0.001612863,0.005664694,0.00369471,0.003620865
418,L,1,-0.073897672,0.083478152,0.029708228,0.005330129,-0.062607503,0.026157355,0.015537109,-0.003110985,-0.105265495,0.005792596,0.043412958,-0.038093775,0.980061247,1.070116366,1.009022698,1.00895975,0.925253472,1.079550062,0.961201732,0.960405852,0.037525825,0.133379282,0.073691634,0.071954401,0.00062796,0.018742763,0.014041121,0.013347284,1.26e-08,0.011859018,0.001751425,0.000777444,-0.001978368,0.001019235,0.000736902,-0.000426105,-0.003664476,0.001621151,0.001898131,-0.001592344,0.001615845,0.005664694,0.003985172,0.003943292
418,L,2,-0.073897672,0.06300281,0.023625698,-0.006640771,-0.063584166,0.018747691,0.017785242,-0.012549445,-0.091314511,0.005792596,0.032033624,-0.026925404,0.980061247,1.070116366,1.007906666,1.007844455,0.925253472,1.07778173,0.95700005,0.956464235,0.036350634,0.130881828,0.066708537,0.065046805,0.000672356,0.017902265,0.014495841,0.014036961,1.26e-08,0.015147987,0.002148997,0.000845132,-0.001978368,0.001083344,0.000778204,-0.000397724,-0.004311542,0.001856065,0.002057515,-0.001841974,0.001615845,0.006218614,0.004064067,0.004027007
418,M,0,-0.21505566,0.207280617,0.051397915,0.017889264,-0.097705924,0.136069474,0.034185463,0.015846182,-0.140911608,-0.014993869,0.049262585,-0.043927604,0.946072533,1.068991226,1.003021722,1.002936292,0.881006994,1.120286434,0.956974138,0.956272166,0.036703851,0.201974864,0.083848711,0.080191578,0.000300986,0.017902573,0.013757705,0.013197411,2.35e-07,0.019969282,0.003955251,0.001961332,-0.001726585,0.001184681,0.000702376,-0.000396222,-0.003486989,0.001341906,0.001677021,-0.001446485,0.001513024,0.00524063,0.003844123,0.003798556
418,M,1,-0.049530292,0.063141238,0.022346811,0.01558239,-0.066204561,0.01893185,0.009859886,0.002432716,-0.099236997,-0.013079424,0.036441271,-0.034262226,0.981085809,1.068991226,1.007508512,1.007451435,0.921478002,1.101084556,0.954489939,0.954085367,0.036703851,0.142709652,0.06690309,0.06548661,0.000884726,0.018608621,0.014949649,0.01468465,2.28e-07,0.017403138,0.003593122,0.001791426,-0.001726585,0.001231763,0.000729082,-0.000331093,-0.004210496,0.001172885,0.00171034,-0.001546014,0.001980639,0.005893007,0.003958177,0.00392886
418,M,2,-0.049530292,0.063141238,0.024309109,0.017140598,-0.066204561,0.015440957,0.013724447,-0.006289619,-0.10562641,-0.013079424,0.042841175,-0.039873246,0.986066697,1.090329079,1.019938864,1.019852719,0.921478002,1.108370425,0.970833289,0.970155823,0.045299842,0.1666752,0.069276286,0.066569032,0.000350031,0.018608621,0.014972405,0.014483469,1.72e-07,0.017403138,0.0020476,0.000849512,-0.001791029,0.001231763,0.000638369,-0.000198258,-0.004210496,0.001285919,0.00169948,-0.001489627,0.001980639,0.005893007,0.003930951,0.003896669
419,H,0,-0.217222745,0.270341662,0.099013169,-0.082710708,-0.31814866,0.071575772,0.124715606,-0.119337761,-0.265814516,-0.034581702,0.116554156,-0.1086238,0.999076569,1.307129831,1.068519499,1.067925269,1.060697784,1.487043395,1.219850114,1.21715124,0.122656441,0.616706139,0.297916192,0.283753349,0.000700451,0.019325529,0.014097695,0.013308194,1.68e-09,0.023361929,0.006354476,0.003542847,-0.001691663,0.001859974,0.00059834,-0.000385317,-0.004392798,0.001800523,0.00229366,-0.001905463,0.001182267,0.005468476,0.003695488,0.003604669
419,H,1,-0.217222745,0.01072919,0.099909256,-0.091416642,-0.192843237,-0.065085517,0.118913914,-0.116542625,-0.179318708,-0.034900533,0.095934548,-0.092307198,0.996942506,1.158049958,1.07598807,1.075588974,1.060697784,1.450425151,1.213703822,1.211874141,0.122656441,0.513784287,0.28150492,0.272612355,0.001276228,0.020040521,0.014727297,0.014039558,1.75e-07,0.023361929,0.006579457,0.003996888,-0.001632085,0.000881961,0.000561893,-0.000373325,-0.004454848,0.001800523,0.002421747,-0.002038995,0.001182267,0.005729358,0.003758297,0.003665375
419,H,2,-0.20651897,-0.033437039,0.084461225,-0.077756476,-0.192843237,-0.082285924,0.113909625,-0.112457649,-0.185005145,-0.034900533,0.096642936,-0.094505526,0.996942506,1.158049958,1.091418885,1.091213775,1.121300464,1.382204323,1.201855902,1.201085452,0.173359195,0.452880435,0.270868228,0.266908794,0.001524668,0.020040521,0.015532705,0.015118421,1.72e-10,0.020039132,0.004121425,0.001695873,-0.001649327,0.000881961,0.000555837,-0.000370095,-0.004454848,0.001452472,0.002548445,-0.002246701,0.001624621,0.005729358,0.003860238,0.003782297
419,M,0,-0.135355098,-0.030725338,0.074857932,-0.07256755,-0.146909824,-0.073560883,0.107776793,-0.106749448,-0.168906085,-0.044846512,0.098809624,-0.09619345,1.028826414,1.150915984,1.086587683,1.086272378,1.097485751,1.36141446,1.205682605,1.204211323,0.150182203,0.431529933,0.273413812,0.265728777,0.000855723,0.02053905,0.014256711,0.013528454,1.15e-08,0.011848407,0.000958731,0.000418355,-0.00138239,0.001097615,0.000576315,-0.00040881,-0.0046551,0.001927161,0.002134333,-0.001589943,0.001559134,0.006071695,0.003743025,0.003672475
419,M,1,-0.158783767,0.126944318,0.079671286,-0.073622606,-0.162978699,-0.004829963,0.107662074,-0.106400928,-0.212850065,-0.042815452,0.097475221,-0.093360833,1.028826414,1.130001141,1.073278071,1.073177786,1.097485751,1.351309419,1.186261826,1.185036864,0.150182203,0.413447292,0.25259885,0.246234028,0.001591232,0.019166031,0.015302706,0.014633079,1.15e-08,0.001795073,0.000471935,0.000315387,-0.001573617,0.001097615,0.000554668,-0.000372538,-0.004562063,0.001927425,0.002064965,-0.001707535,0.001559134,0.006071695,0.003663305,0.003601247
419,M,2,-0.165706046,0.126944318,0.091258721,-0.085646069,-0.162978699,-0.004829963,0.111034929,-0.109789399,-0.212850065,-0.022559079,0.086132537,-0.080926156,1.034912065,1.130001141,1.074176489,1.074060299,1.095817542,1.351309419,1.188003728,1.186911789,0.138596981,0.413447292,0.251020674,0.245051025,0.001239433,0.018884528,0.015197052,0.014594707,1.48e-07,0.024742153,0.00513619,0.002516391,-0.001573617,0.00084444,0.000554836,-0.000398425,-0.004158036,0.001927425,0.002215899,-0.001894893,0.001605776,0.005311675,0.003635257,0.003575382
420,H,0,-0.085197491,0.05166574,0.023933984,0.001530595,-0.005607571,0.045070559,0.032958696,0.031948,0.004842197,0.078663344,0.042225,0.041202721,0.891852413,0.973408363,0.935844986,0.935782822,0.759480476,0.908346796,0.801978635,0.801581264,0.1072415,0.258760277,0.217063641,0.215581303,0.001005865,0.016110597,0.012942987,0.012735252,6.91e-08,0.017868867,0.007589766,0.006001375,-0.001647239,0.000694674,0.000550865,-0.000375218,-0.003570782,0.000553015,0.002173547,-0.002090751,0.001902259,0.005425957,0.003858881,0.003827873
420,H,1,-0.127510093,0.05166574,0.021525511,0.011694392,-0.014652327,0.048796766,0.033091595,0.031802122,0.011672924,0.080641972,0.043631084,0.042837288,0.906917843,0.973408363,0.937216165,0.937143221,0.759480476,0.892999321,0.793026311,0.792787262,0.119434762,0.259192116,0.224505294,0.223541974,0.002242205,0.016398263,0.013142979,0.01296579,8.09e-07,0.016427346,0.005523828,0.004046706,-0.001729057,0.000783068,0.00060642,-0.000387528,-0.003570782,0.000800606,0.00227907,-0.002205733,0.001926875,0.005554913,0.004017167,0.003986555
420,H,2,-0.127510093,0.050881192,0.021181197,0.005133129,-0.018553461,0.048796766,0.029163623,0.027335771,0.006765326,0.080641972,0.047605476,0.04658351,0.906917843,0.972307178,0.939407286,0.939355101,0.759655714,0.892999321,0.801399867,0.801115629,0.119434762,0.259192116,0.216571316,0.215407979,0.001765951,0.016705918,0.013431584,0.013198019,8.09e-07,0.016427346,0.006388469,0.004822566,-0.00178537,0.000783068,0.000737971,-0.000542028,-0.003428692,0.000800606,0.002139125,-0.002053269,0.001926875,0.005554913,0.004044624,0.004013618
420,L,0,-0.086204228,0.038859043,0.024062273,0.002506985,-0.007706951,0.03858486,0.026489669,0.025342971,0.01821207,0.071576339,0.048310952,0.047436337,0.908978874,0.975733461,0.947119787,0.947076043,0.764393958,0.907352472,0.814355116,0.813956552,0.116755479,0.25205412,0.202930055,0.201402122,0.001792545,0.016724699,0.013097547,0.012752385,4.68e-14,0.014844386,0.00257259,0.001234828,-0.001776564,0.000492672,0.000629654,-0.000479281,-0.003664494,0.001265905,0.002100239,-0.001926355,0.002010756,0.005879007,0.003964126,0.003923933
420,L,1,-0.049741022,0.06129523,0.025684986,0.021853041,-0.005680441,0.043573232,0.030682319,0.029963689,0.014759599,0.062627128,0.044740567,0.04435097,0.932004219,0.982847983,0.951355131,0.951322417,0.764393958,0.891693472,0.810344758,0.810175041,0.119693597,0.25205412,0.204165172,0.203404978,0.002400665,0.015948205,0.013077369,0.012936228,4.68e-14,0.013508873,0.003081537,0.001616661,-0.001530179,0.000782708,0.000467605,-0.000300014,-0.003461958,0.000988318,0.002331387,-0.002249816,0.002020086,0.005286202,0.004051525,0.004020973
420,L,2,-0.049741022,0.06129523,0.025384145,0.019010936,-0.005680441,0.048448188,0.03189165,0.030937289,0.009812917,0.064772109,0.045157582,0.044537993,0.914105982,0.982847983,0.950634896,0.950605941,0.778298692,0.891845661,0.806480291,0.806214659,0.119693597,0.238614816,0.208643836,0.207535495,0.001745475,0.016113833,0.012972995,0.012737627,1.73e-12,0.013508873,0.002840393,0.001288572,-0.001592918,0.000782708,0.000394645,-0.000182675,-0.003461958,0.000988318,0.002251459,-0.002140724,0.001811654,0.005383811,0.003896212,0.003864213
420,M,0,-0.182721738,0.049062663,0.03900827,-0.003438731,-0.042914663,0.040699753,0.022788489,0.019711775,0.020364769,0.100775391,0.054068414,0.052998018,0.88922116,0.985965879,0.943782807,0.943708948,0.760942794,0.885442593,0.800711423,0.800474728,0.135510307,0.279134707,0.216656699,0.215812236,0.001468767,0.016588044,0.013126597,0.012899806,1.97e-09,0.011742104,0.003485143,0.002256343,-0.003755864,0.000382067,0.000983289,-0.000878417,-0.003465609,0.001578751,0.002200969,-0.002066013,0.001903102,0.006251332,0.004267175,0.0042228
420,M,1,-0.074990024,0.050107741,0.020108084,0.009737907,-0.028224058,0.039969606,0.024267746,0.022560087,0.02194972,0.072055756,0.048863223,0.04838665,0.920362334,0.978473947,0.944184129,0.944143062,0.76845695,0.877613249,0.79911296,0.798926625,0.135510307,0.247542924,0.216569521,0.215787925,0.001033094,0.016167258,0.013496732,0.013359271,3.46e-07,0.011604953,0.004005385,0.002668892,-0.00181809,0.000468647,0.000963486,-0.000882326,-0.003523804,0.000961075,0.002297594,-0.002219554,0.001845265,0.005474761,0.004308438,0.004280113
420,M,2,-0.074990024,0.063028127,0.023105653,0.009733029,-0.028224058,0.039969606,0.021917065,0.019678824,0.013754615,0.075430107,0.047803493,0.047277826,0.922461452,0.977122208,0.944595364,0.944539945,0.76845695,0.890081689,0.798347107,0.798158048,0.122709674,0.247542924,0.216767271,0.215981317,0.001033094,0.016572242,0.013593998,0.013442479,2.88e-07,0.01099503,0.003657643,0.002226832,-0.001876936,0.000669577,0.000913801,-0.000789836,-0.003523804,0.002385674,0.002247423,-0.002177913,0.001845265,0.005587426,0.004212317,0.004187213
421,H,0,-0.158771962,-0.014954278,0.085882116,-0.080876977,-0.049843237,0.004023931,0.019139212,-0.017099597,0.009211532,0.110631288,0.076531273,0.074366374,0.826669105,0.922640576,0.866197557,0.866118477,0.862628533,1.043023662,0.912734837,0.911970996,0.105240992,0.232512477,0.182831857,0.181413852,0.001135967,0.020789153,0.015784181,0.015278024,4.97e-10,0.010703479,0.001654892,0.000724689,-0.001784415,0.001089549,0.000539159,-0.000234379,-0.004168003,0.001540359,0.002474909,-0.002189245,0.001969055,0.005809019,0.004279589,0.004220893
421,H,1,-0.158771962,-0.032198517,0.099634796,-0.096326403,-0.056369412,0.002428174,0.023246695,-0.021282058,0.010854714,0.110631288,0.081679688,0.079740928,0.842426432,0.922640576,0.869013221,0.868946235,0.873463601,1.047973724,0.920024348,0.919185039,0.106559417,0.215704386,0.180494351,0.179345267,0.001135967,0.020038704,0.016082111,0.015519626,4.97e-10,0.010671111,0.001569808,0.00066065,-0.001680229,0.001096656,0.000514606,-0.000121879,-0.004168003,0.00170391,0.002187197,-0.001911588,0.002199037,0.005809019,0.004169689,0.004118575
421,H,2,-0.156007079,0.010040239,0.10066466,-0.097117252,-0.056369412,0.006990597,0.025629071,-0.023553204,0.010854714,0.105540428,0.080274281,0.078296374,0.843889488,0.92544847,0.868305735,0.868239517,0.872306903,1.047973724,0.922328437,0.921345681,0.094825478,0.215371636,0.180485482,0.179292025,0.001385331,0.020748072,0.015696747,0.015004051,3.9e-08,0.010423419,0.001669621,0.000759207,-0.001517867,0.001096656,0.000430661,-2.37e-05,-0.003767227,0.002301837,0.002151601,-0.001848564,0.002010658,0.005503632,0.004098343,0.004048405
421,L,0,-0.117653907,0.024839955,0.074809829,-0.068461487,-0.050025334,0.013998803,0.015727819,-0.013184461,-0.039996174,0.098026847,0.072672288,0.069352897,0.825920161,0.920443146,0.85231772,0.852216959,0.853896063,1.038497944,0.898528613,0.897943252,0.090049774,0.238762112,0.197502829,0.195858794,0.001345153,0.020962899,0.015513236,0.015088617,1.3e-09,0.010830775,0.00149193,0.000764215,-0.001741301,0.000623942,0.000762565,-0.000619573,-0.004184306,0.00159983,0.002511031,-0.002308644,0.002084627,0.005567372,0.004463032,0.004407652
421,L,1,-0.183515582,-0.068452686,0.098109919,-0.095833517,-0.050025334,-0.009223156,0.01968975,-0.018753018,0.027200211,0.12149178,0.085827151,0.084879859,0.825920161,0.91473096,0.847983787,0.847893494,0.865551074,1.019895269,0.896492189,0.896135947,0.112698384,0.238762112,0.206082153,0.204991964,0.001690076,0.019480218,0.016054477,0.015814984,1.3e-09,0.011511692,0.001578159,0.000779914,-0.001741301,0.000421321,0.000886346,-0.000784408,-0.003994656,0.00159983,0.002566853,-0.002413102,0.002148777,0.00580836,0.004611803,0.004573937
421,L,2,-0.183515582,-0.066179628,0.113776428,-0.109317979,-0.048895569,-0.009297967,0.02209124,-0.021082074,0.022088686,0.12149178,0.089399128,0.087814307,0.832547022,0.90079439,0.850634603,0.850564515,0.870252072,1.051486003,0.902318686,0.901762833,0.116350299,0.230654469,0.203920985,0.202891476,0.000802375,0.019839516,0.016546006,0.016130934,8.36e-12,0.011511692,0.001442563,0.00064067,-0.001728171,0.000582721,0.000791419,-0.000688381,-0.004129086,0.001909175,0.002330703,-0.002010669,0.00210745,0.00580836,0.004311635,0.004251798
421,M,0,-0.062676016,0.063630016,0.032884869,-0.025542761,-0.033857252,0.022866577,0.008679869,-0.003890738,-0.071663994,0.070604557,0.049123423,0.044431272,0.825388167,0.91350329,0.846982145,0.846898295,0.852179131,1.067968925,0.894804105,0.894018249,0.094143978,0.232848416,0.196744768,0.195088182,0.000510625,0.020762652,0.014958316,0.014450613,9.9e-08,0.011779414,0.001490412,0.000736987,-0.001475278,0.000757313,0.000695146,-0.000548297,-0.004141227,0.001422244,0.002636414,-0.002423649,0.002116232,0.005621842,0.004382169,0.00432068
421,M,1,-0.10251659,0.053118247,0.04997776,-0.042637402,-0.042158675,0.010444141,0.012947145,-0.009116955,-0.001877325,0.088522987,0.061011401,0.059217285,0.823147039,0.904760743,0.847002157,0.846920028,0.852179131,1.014634742,0.890527266,0.890020062,0.103832879,0.232848416,0.201149955,0.199883066,0.000720977,0.020762652,0.015486407,0.015158105,2.69e-08,0.012486655,0.002312787,0.001087582,-0.001785901,0.000824394,0.000751669,-0.000625006,-0.004157483,0.001769842,0.002797618,-0.002648458,0.002323718,0.005660284,0.004600967,0.004561665
421,M,2,-0.121646013,0.053459526,0.068160084,-0.061494956,-0.045992611,0.00741095,0.019416405,-0.016679951,0.001558077,0.095141228,0.068956734,0.066726174,0.823147039,0.904704866,0.851175383,0.85107389,0.85472808,1.02257385,0.901923314,0.901223741,0.105497511,0.232219012,0.196219172,0.194701189,0.000814085,0.020205055,0.015448168,0.014971293,1.31e-10,0.012486655,0.002133296,0.000944149,-0.001888797,0.001084186,0.000840333,-0.000696649,-0.004157483,0.001769842,0.002504996,-0.002283246,0.002189874,0.005807411,0.004461483,0.004406695
422,H,0,-0.060403867,0.103188305,0.051601149,0.045048405,-0.08866722,0.001943878,0.027996349,-0.024088922,-0.144819774,-0.042098751,0.077386273,-0.075660473,1.033531226,1.109143583,1.062844224,1.062788936,1.015459022,1.262125294,1.100939535,1.099938497,0.072089587,0.3103997,0.151734213,0.144523693,0.000644212,0.022117887,0.017002474,0.016319214,7.01e-09,0.018986313,0.002294559,0.000674528,-0.001471756,0.001463872,0.000600998,0.000239428,-0.005939678,0.001604168,0.003032852,-0.002621109,0.001662197,0.007158843,0.004708987,0.004590012
422,H,1,-0.064223818,0.121887985,0.064124469,0.057215272,-0.083249696,0.012944544,0.025013459,-0.02034481,-0.137393421,-0.038592476,0.078412575,-0.077257942,0.990702047,1.107241585,1.06124676,1.061158534,0.99813087,1.224312935,1.083010936,1.082289318,0.061326661,0.269321545,0.137970555,0.133032256,0.001134144,0.022089855,0.017707492,0.017082687,3.21e-09,0.021458946,0.003170985,0.001127103,-0.001253397,0.001463872,0.000580251,0.000307099,-0.005244144,0.001593562,0.002696051,-0.002378957,0.001662197,0.006883274,0.00459247,0.004502422
422,H,2,-0.064223818,0.168658428,0.070842143,0.061705161,-0.083249696,0.043535151,0.024896344,-0.017392352,-0.137393421,-0.023542131,0.073186266,-0.070826171,0.990702047,1.107241585,1.057888847,1.057758995,0.99813087,1.224312935,1.074765729,1.073911292,0.045621544,0.269321545,0.129944863,0.122954569,0.000886609,0.021674873,0.016882033,0.016155913,3.21e-09,0.021458946,0.003288683,0.001286863,-0.001253397,0.001918926,0.000574747,0.000187231,-0.005021802,0.00109971,0.002557272,-0.002287219,0.001890066,0.00658376,0.004524489,0.004447677
422,L,0,-0.065831375,0.134278417,0.054878813,0.04790763,-0.079211819,0.017770577,0.019782445,-0.01453965,-0.099965829,-0.021124007,0.052255522,-0.051039841,1.015217819,1.088746634,1.046017593,1.045967701,1.008390077,1.215936453,1.064942636,1.064396763,0.039822949,0.253385071,0.103192436,0.097835338,0.000536562,0.021882079,0.018068277,0.017598176,8.45e-11,0.020656249,0.001966966,0.000546296,-0.001102965,0.001498597,0.000590224,0.000336129,-0.005486608,0.001021192,0.002908954,-0.00261498,0.001873662,0.006940372,0.004726953,0.004638428
422,L,1,-0.148474884,0.134278417,0.059531648,0.036616656,-0.076776224,0.017770577,0.025769107,-0.021376186,-0.097152378,0.03316157,0.050003928,-0.044852833,1.015217819,1.098761113,1.048519177,1.048428795,1.018215166,1.199385984,1.067125158,1.066585967,0.051789141,0.228410327,0.106223745,0.100854222,0.001093349,0.022209154,0.018435926,0.018028217,1.01e-09,0.023462169,0.001947428,0.00055509,-0.001571208,0.001498597,0.000565073,6.41e-05,-0.005486608,0.001213399,0.002744368,-0.002475261,0.001873662,0.006836943,0.004716376,0.004650385
422,L,2,-0.148474884,0.085793124,0.053787645,0.026232769,-0.077680052,0.001840109,0.030438557,-0.026864397,-0.105437854,0.03316157,0.049567721,-0.043859029,1.018405991,1.101827735,1.054740428,1.054640901,1.018215166,1.215057013,1.076238869,1.075528897,0.051789141,0.246968163,0.117521665,0.111065631,0.001787242,0.022209154,0.018398187,0.017904994,8.55e-15,0.023462169,0.00194187,0.000525488,-0.001571932,0.001518127,0.000531737,-5.77e-05,-0.005163059,0.001472711,0.002558764,-0.002275822,0.001974844,0.006701534,0.004547466,0.004480466
422,M,0,-0.075616096,0.218346258,0.058657755,0.046152601,-0.08606539,0.048956519,0.033685015,-0.025937721,-0.25983055,-0.043412817,0.080958883,-0.07672998,0.999278163,1.160418434,1.053915731,1.053519433,1.01395013,1.326190736,1.090193855,1.089046856,0.058863483,0.43742074,0.147707321,0.13588848,0.000218833,0.021696187,0.016472033,0.015627004,1.09e-11,0.01877217,0.001559285,0.000392276,-0.001259704,0.001513685,0.000537521,0.000121443,-0.005152456,0.002402039,0.002596074,-0.002165171,0.002107095,0.006609821,0.004413165,0.004311058
422,M,1,-0.070176588,0.145872203,0.063618482,0.056539184,-0.081743264,0.020149319,0.021961872,-0.016242493,-0.146321653,-0.0203235,0.071920514,-0.070316409,1.01683276,1.108482448,1.044775653,1.044698147,0.999616598,1.196824591,1.059104868,1.058589449,0.049120673,0.238479054,0.111080952,0.106217672,0.001122559,0.021696187,0.017555134,0.017021189,6.78e-09,0.022235197,0.003404311,0.001263207,-0.001367564,0.001513685,0.000592313,0.000260514,-0.0051676,0.00174121,0.002735117,-0.002497456,0.002166914,0.006709967,0.004660188,0.004593287
422,M,2,-0.056667254,0.145872203,0.061175785,0.055038731,-0.07603468,0.020149319,0.022707082,-0.018582509,-0.146321653,-0.0203235,0.072717499,-0.071155755,1.018343731,1.108482448,1.053404022,1.053335293,0.999616598,1.204819462,1.066982291,1.066431889,0.049120673,0.244921805,0.119917996,0.115400245,0.001297607,0.022426167,0.017823096,0.017355581,1.24e-09,0.022235197,0.003494071,0.001338603,-0.001367564,0.001246748,0.000513669,0.0002341,-0.005478438,0.001323878,0.002724181,-0.00245902,0.001685025,0.006709967,0.004581017,0.004509465
423,H,0,-0.141728739,0.115778786,0.045270936,0.013639192,-0.083806886,0.060983848,0.034230216,0.019198686,-0.104531877,0.089400753,0.051639787,0.036963982,0.898899519,1.029822683,0.954614156,0.954263865,0.814128867,1.112085045,0.89530268,0.892634941,0.019624167,0.21957447,0.151313708,0.144700289,0.000546698,0.019118873,0.013591249,0.012693888,1.55e-14,0.015103335,0.002444221,0.001212952,-0.001746747,0.00100768,0.000637977,-0.00035877,-0.00372861,0.001866111,0.001963323,-0.001585291,0.002055854,0.005423017,0.004032629,0.003991288
423,H,1,-0.141728739,0.102763295,0.039269337,0.007024151,-0.083806886,0.050067395,0.028553407,0.014080041,-0.064958374,0.089400753,0.061528341,0.053348991,0.920905977,1.031668993,0.961994962,0.961854567,0.817107717,1.112085045,0.89026632,0.888380601,0.020104022,0.20548232,0.148792224,0.145567671,0.000546698,0.0193678,0.014612401,0.013940393,3.24e-07,0.015696137,0.002735493,0.001831875,-0.001726956,0.000850425,0.000615602,-0.00040991,-0.003646163,0.001853395,0.001815286,-0.001566394,0.002055854,0.005423017,0.00400757,0.003973757
423,H,2,-0.105165408,0.069306827,0.027066628,0.003221145,-0.07760139,0.042912496,0.024197014,0.013577947,-0.042285445,0.098919588,0.067581712,0.061131989,0.923179943,1.040472853,0.967059746,0.966924137,0.836677562,1.098847527,0.894245681,0.89262858,0.020165285,0.192040707,0.144662502,0.141499318,0.000822616,0.0193678,0.015006117,0.014392401,3.48e-06,0.015696137,0.003337843,0.002490791,-0.001703436,0.000857089,0.000645197,-0.000411845,-0.003186262,0.002629235,0.001691798,-0.001479401,0.002076395,0.005369075,0.003969651,0.003941523
423,L,0,-0.106395466,0.079280933,0.035067895,0.016413307,-0.058306315,0.053546515,0.030446542,0.02475511,-0.136959523,0.083959285,0.057968602,0.05025719,0.929186663,1.035444977,0.976930854,0.976827093,0.836913945,1.157536173,0.896466171,0.895223974,0.016686058,0.208654527,0.135021132,0.13232126,0.000235478,0.019174187,0.014920933,0.01441437,3.71e-09,0.002161832,0.000591538,0.000418791,-0.002016757,0.001050669,0.000639899,-0.00031455,-0.003539197,0.001893818,0.001921595,-0.001711948,0.002110053,0.005202214,0.004029707,0.003996824
423,L,1,-0.098689716,0.0542447,0.028145302,0.011592972,-0.052226463,0.04619057,0.027077162,0.022275112,-0.056175449,0.083959285,0.06246948,0.058426445,0.94200377,1.030911827,0.979444417,0.979367699,0.843537684,1.072189033,0.895412134,0.894524588,0.019117793,0.174923194,0.133885366,0.131511427,0.000321063,0.019063484,0.015347678,0.01493528,1.14e-08,0.001699964,0.000643381,0.000489714,-0.001742513,0.001050669,0.000613729,-0.000239394,-0.003539197,0.001762786,0.001782447,-0.001622766,0.002266775,0.005197986,0.003942093,0.003916186
423,L,2,-0.121932399,0.070727723,0.029971461,0.017489873,-0.057856139,0.05404177,0.030553117,0.026656059,-0.056175449,0.085692176,0.061206976,0.057755497,0.926265499,1.023872543,0.973719059,0.973625619,0.843537684,1.054799309,0.891895243,0.891084107,0.01365382,0.180734975,0.137354523,0.134968623,0.000337959,0.019335834,0.015681058,0.015278331,3.36e-09,0.013074308,0.002234915,0.001174813,-0.001742513,0.00097575,0.000636173,-0.000258994,-0.004010103,0.001966539,0.001673227,-0.001500833,0.002096561,0.005279222,0.00392092,0.003896569
423,M,0,-0.090852676,0.133674753,0.038194294,0.01784688,-0.054556662,0.070542216,0.032516312,0.027766861,-0.088188139,0.103363625,0.062646117,0.055213703,0.903098798,1.031290726,0.972953926,0.972770093,0.831545192,1.085151001,0.895655289,0.894513043,0.020717776,0.212213316,0.138756306,0.134944782,0.000729922,0.019360907,0.014791442,0.014206075,2.39e-08,0.012125132,0.00243163,0.001224948,-0.001840435,0.001028497,0.000584676,-0.000263384,-0.003826821,0.002359591,0.001781784,-0.001560811,0.002086471,0.005608225,0.003954139,0.003926611
423,M,1,-0.066108307,0.110510872,0.033489304,0.014116626,-0.03556776,0.070542216,0.03681454,0.033718377,-0.030082543,0.117687854,0.075077222,0.071714391,0.902364622,1.020050383,0.961697995,0.961496774,0.820071331,1.064862396,0.877712874,0.876987515,0.023489254,0.215344242,0.15895359,0.155102981,0.001031531,0.019327197,0.015259694,0.01487204,2.39e-08,0.011937574,0.001818219,0.000940123,-0.001840435,0.001028497,0.000634956,-0.000302637,-0.003650255,0.001869111,0.001864377,-0.001698948,0.002130933,0.005608225,0.004050413,0.004026676
423,M,2,-0.109332587,0.059570303,0.024644701,0.002470008,-0.052177197,0.057220917,0.034602722,0.03047305,-0.016836016,0.117687854,0.085628122,0.083137779,0.902364622,1.017847483,0.959336059,0.959210184,0.820071331,1.038861096,0.878356332,0.877546534,0.012593377,0.215344242,0.163864601,0.159890916,0.001031531,0.019049422,0.014989552,0.014528884,4.25e-08,0.003516017,0.000766155,0.000554751,-0.001740615,0.0009046,0.000646332,-0.00040752,-0.003521161,0.001869111,0.001959044,-0.001785163,0.002130933,0.005434417,0.004108209,0.004078953
424,H,0,-0.051016762,0.183485614,0.030503317,-0.002854667,-0.041325074,0.040849028,0.013157627,-0.009183058,-0.045023838,0.08880411,0.066354887,0.062582443,0.991410611,1.138018924,1.049528071,1.049427109,0.993787027,1.231341303,1.070423475,1.06923513,0.061417444,0.245158606,0.120694668,0.116149828,0.000633034,0.021195895,0.015284569,0.014608501,8.12e-12,0.017308496,0.003456164,0.001484546,-0.001818328,0.001280996,0.000416137,7.04e-06,-0.004513473,0.003005882,0.001806445,-0.001421088,0.001968679,0.005991717,0.004240646,0.004193928
424,H,1,-0.059562278,0.004995583,0.017361827,-0.014556601,-0.039045339,0.00690736,0.01195997,-0.010550689,0.021077308,0.092207418,0.072071431,0.07108048,0.998657986,1.093837069,1.05286467,1.052808779,0.969388285,1.20140254,1.041822086,1.041151452,0.081918415,0.203267362,0.106461939,0.104681261,0.000633034,0.019576377,0.015586079,0.015240412,1.3e-07,0.017308496,0.003629442,0.001596533,-0.001276339,0.000928499,0.000368275,4.1e-06,-0.003038562,0.003005882,0.001807246,-0.001576114,0.002294522,0.006144002,0.004404259,0.004364943
424,H,2,-0.071355574,0.009660195,0.022172544,-0.018597519,-0.039045339,0.00690736,0.012831796,-0.011203869,0.023640228,0.095410685,0.072764422,0.071629668,0.996233331,1.094943369,1.052698732,1.052638256,0.969388285,1.189314804,1.038278748,1.037537806,0.077861771,0.194255755,0.106322953,0.104435489,0.000966929,0.01929975,0.015283727,0.014928301,2.81e-08,0.017867043,0.003208211,0.001305264,-0.001174147,0.000886925,0.000357348,2.22e-05,-0.003038562,0.002707714,0.001806086,-0.001588656,0.002332562,0.006144002,0.004442791,0.004400484
424,L,0,-0.102189092,0.185840182,0.035842043,-0.019080477,-0.039094556,0.06192995,0.018275049,-0.014964389,-0.037122476,0.106506198,0.081966306,0.079106662,0.97284811,1.159238038,1.050619533,1.050502183,0.96729613,1.216294464,1.052199241,1.051566152,0.082458721,0.229849296,0.117645349,0.115728235,0.001262777,0.020319534,0.016209324,0.015807546,3.16e-08,0.021291844,0.003453415,0.001403859,-0.001502429,0.001156907,0.000420816,4.36e-06,-0.004104014,0.002727682,0.002192878,-0.001948977,0.002031732,0.006027025,0.004577365,0.004536561
424,L,1,-0.102189092,0.010745471,0.04152567,-0.039159993,-0.040123519,-0.004003127,0.018792093,-0.017803391,0.044860749,0.106506198,0.091517191,0.09096315,1.005690066,1.084433508,1.048751599,1.048711361,0.96729613,1.160269197,1.049089558,1.048729513,0.088273265,0.179744737,0.119647847,0.118781937,0.000727608,0.020607613,0.01707264,0.016800789,2.12e-08,0.021291844,0.003390065,0.001322038,-0.001502429,0.001047535,0.000380887,-3.37e-06,-0.004190971,0.002233245,0.002236719,-0.002055207,0.002428447,0.006437756,0.004709892,0.004678333
424,L,2,-0.094215813,-0.010244152,0.045039101,-0.044107416,-0.040123519,-0.001098904,0.018406367,-0.017650766,0.050807244,0.105334678,0.091798065,0.091190588,1.005690066,1.086116961,1.050244499,1.050203674,1.020040886,1.165313858,1.057636929,1.057282753,0.096341883,0.180318602,0.124105628,0.123227434,0.000727608,0.020607613,0.017107911,0.016702484,2.12e-08,0.001630701,0.000487655,0.000348542,-0.001273886,0.000932407,0.000302756,1.23e-05,-0.004190971,0.001888353,0.002196511,-0.001982106,0.002306222,0.006437756,0.004682244,0.004644148
424,M,0,-0.070448107,0.008221865,0.022810592,-0.018493544,-0.046837041,0.005326919,0.019728884,-0.018719517,0.019193164,0.103684807,0.074783663,0.073387437,0.994785776,1.088947219,1.048674893,1.048611754,0.971080601,1.241675079,1.050720944,1.049898325,0.086980493,0.247235135,0.112672987,0.111055077,0.000506786,0.021970362,0.015158159,0.014606141,4.19e-08,0.019400396,0.002403876,0.000945508,-0.001482246,0.000850909,0.000367898,-5.43e-05,-0.003777427,0.002838374,0.001890538,-0.001504654,0.002076357,0.005916503,0.004408094,0.004382923
424,M,1,-0.063614411,0.006078471,0.020347344,-0.017324632,-0.037208389,0.007572156,0.015814133,-0.014637558,0.030851868,0.103684807,0.077599911,0.07660125,0.99423682,1.083135946,1.050769043,1.050702095,0.971080601,1.180859232,1.040116123,1.03949692,0.08804288,0.189403437,0.108770107,0.107662559,0.001315101,0.019477341,0.015614736,0.015194468,4.19e-08,0.019400396,0.003118059,0.001305661,-0.001136801,0.001003744,0.00033997,5.53e-05,-0.003430317,0.002758457,0.001954854,-0.001711348,0.002089672,0.005883177,0.004443866,0.004418019
424,M,2,-0.080001572,-0.000307002,0.027116224,-0.024015188,-0.046736721,0.007572156,0.016497035,-0.01478962,0.046743771,0.110189641,0.081806878,0.081232468,0.984312885,1.102313922,1.0522963,1.052228936,0.987119561,1.180859232,1.037355676,1.036899394,0.08804288,0.189403437,0.110191463,0.109176283,0.001492327,0.019809619,0.015786604,0.015494157,1.97e-07,0.018342271,0.003134463,0.001298665,-0.001139576,0.001056968,0.000398981,7.24e-05,-0.00360869,0.002758457,0.002080264,-0.001968613,0.002089672,0.005883177,0.004505838,0.004475147
425,H,0,-0.112356833,0.264610323,0.042441673,0.022102206,0.015416673,0.230262786,0.085778165,0.082652939,-0.353779081,0.001828278,0.052626304,-0.03334837,0.713034357,1.124271032,0.845266914,0.844786487,0.752622895,1.080919924,0.793271964,0.792278231,0.175514886,0.504396289,0.282408478,0.28095466,0.000629226,0.016265678,0.012623854,0.012021767,4.97e-07,0.016238148,0.001530261,0.001056533,-0.001762921,0.000825353,0.000596698,-0.000505479,-0.013464552,0.002261534,0.001614871,-0.001263225,0.001421922,0.013924946,0.003709608,0.003652481
425,H,1,-0.037217486,0.053854215,0.027871299,0.025825239,0.043215973,0.108633914,0.080746393,0.080506957,-0.109084536,-0.00346724,0.035788945,-0.031995813,0.797924726,0.86605231,0.838211964,0.83817717,0.752622895,0.903052946,0.783236747,0.782760382,0.208792699,0.310044487,0.286329918,0.285922718,0.000644233,0.015667692,0.013583684,0.0132292,2.61e-06,0.016238148,0.001531618,0.001063467,-0.001461362,0.000741269,0.000572368,-0.00044704,-0.00284253,0.002261534,0.001425293,-0.001212574,0.001614395,0.004727944,0.003576896,0.003543413
425,H,2,-0.037217486,0.057880656,0.028035956,0.02614189,0.048092588,0.096813629,0.076121213,0.075795568,-0.109084536,-0.010717234,0.032466074,-0.029651346,0.805112156,0.859698777,0.835735014,0.83570426,0.754943418,0.902739177,0.778126312,0.777839143,0.221793213,0.311796633,0.289301316,0.288972662,0.00099987,0.016343446,0.013877966,0.013670599,4.27e-07,0.008050117,0.001412482,0.001042152,-0.001651973,0.000741269,0.000706609,-0.000534177,-0.002957437,0.002026921,0.001495606,-0.001343605,0.002039154,0.004791033,0.003552118,0.003519628
425,L,0,-0.141820197,0.832366906,0.059269761,0.018344745,-0.001767197,0.679929131,0.092677301,0.081628496,-0.77263407,0.007548692,0.055398441,-0.018696524,0.646882828,0.884217065,0.857715798,0.857542894,0.760191399,2.747821274,0.816290305,0.806877626,0.150729558,2.017149844,0.291244367,0.27411562,0.000278457,0.0151837,0.012647735,0.012224851,1.56e-08,0.013648938,0.001356978,0.00068722,-0.001856024,0.024079755,0.001008857,-0.000447577,-0.014923001,0.002809095,0.001795369,-0.001496009,0.001686854,0.027875672,0.00385043,0.003720406
425,L,1,-0.027607738,0.038464467,0.009162669,0.005498546,0.048256062,0.102793205,0.07126818,0.071013097,-0.090474912,0.005691786,0.018332873,-0.012140347,0.81837233,0.883951639,0.856806382,0.856776782,0.762720783,0.909870837,0.789580006,0.789248571,0.20613518,0.288986568,0.26630491,0.265956673,0.000278457,0.01540697,0.013451229,0.01317346,7.83e-07,0.009850182,0.001373024,0.000974559,-0.001801408,0.000389782,0.000715504,-0.000647521,-0.002508845,0.00275242,0.001690345,-0.001533873,0.001807366,0.004671838,0.003695559,0.003675809
425,L,2,-0.036739852,0.026771178,0.00980164,0.004768995,0.048256062,0.087992228,0.068065859,0.067917467,-0.083703478,0.005691786,0.021791766,-0.015595001,0.822601538,0.883951639,0.85701782,0.856972199,0.769289216,0.913739416,0.794107112,0.793693287,0.204050033,0.288110756,0.262416691,0.261954977,0.000643353,0.015671393,0.013045716,0.012673748,4.38e-09,0.015152717,0.001564637,0.001054302,-0.001801408,0.000574316,0.000708989,-0.000602911,-0.002655504,0.00275242,0.001644119,-0.001423858,0.001900145,0.004565155,0.00359064,0.003569944
425,M,0,-0.079244861,0.197238296,0.040279886,0.026824902,0.0083714,0.19024273,0.079781606,0.07808781,-0.128850646,0.006884502,0.030142738,-0.020878,0.809467671,0.884562922,0.851797011,0.85175878,0.764900095,0.923758496,0.802816285,0.80201815,0.167467208,0.303373855,0.264181689,0.263237547,0.000810064,0.014994104,0.011592623,0.010996882,2.17e-07,0.013890662,0.002296479,0.001351245,-0.001842411,0.000775918,0.000386144,-0.000147803,-0.003057939,0.00307258,0.001767712,-0.001379653,0.001503472,0.004339096,0.003328492,0.003304107
425,M,1,-0.053469621,0.050596096,0.023281183,0.015632761,0.023391349,0.090415723,0.070378855,0.069599261,-0.042291224,0.020621534,0.013335584,-0.011083153,0.813297958,0.875168113,0.85269247,0.852671516,0.766577511,0.850200921,0.786495734,0.78642884,0.226382269,0.290012633,0.269425866,0.269207276,0.000897128,0.015545242,0.013067271,0.01298872,3.62e-07,0.013890662,0.00241661,0.001593592,-0.00139833,0.000775918,0.000394056,-0.000198704,-0.003015647,0.001110472,0.001793451,-0.001748126,0.001589515,0.004595465,0.003491391,0.00347716
425,M,2,-0.053469621,0.032985985,0.015314936,0.007680177,0.023391349,0.077530035,0.06389026,0.063406368,-0.042291224,0.020621534,0.01187705,-0.009882924,0.813297958,0.875168113,0.849652134,0.849624761,0.76522452,0.850200921,0.781295828,0.781224466,0.226382269,0.295040897,0.273599152,0.273347451,0.001348369,0.015545242,0.013393174,0.013331094,8.25e-07,0.01344339,0.00169228,0.001272324,-0.001520238,0.000569391,0.000568294,-0.000452972,-0.002603409,0.000538501,0.001753653,-0.001720823,0.001987259,0.004595465,0.003529929,0.003515887
426,H,0,-0.397857523,0.056190075,0.067676963,-0.029952393,-0.296016354,0.003652079,0.065369088,-0.047201666,-0.275478561,0.051477654,0.181714968,-0.178249333,0.907544934,1.174657097,0.95640284,0.955913559,0.975821495,1.283319903,1.080436221,1.0791844,0.135726347,0.394571496,0.221689757,0.217013342,0.001383199,0.020004056,0.015343485,0.014697504,5.38e-07,0.0316182,0.007949939,0.005708041,-0.012231621,0.000721298,0.000809654,-0.000427731,-0.006420033,0.002224268,0.002208001,-0.001914553,0.001254935,0.016538982,0.003830183,0.003723843
426,H,1,-0.397857523,0.061948366,0.058067869,-0.010751291,-0.296016354,0.011392026,0.058313083,-0.037967973,-0.275478561,0.051477654,0.186942442,-0.183530293,0.904078525,1.174657097,0.940448207,0.940001864,0.928515371,1.216860672,1.053498983,1.052288468,0.161616679,0.356456457,0.219249095,0.215473466,0.001603529,0.020004056,0.015511888,0.014968519,2.86e-07,0.030331659,0.007816116,0.005600876,-0.012231621,0.000881371,0.000740779,-0.000301447,-0.006420033,0.002224268,0.002051863,-0.001816752,0.001254935,0.016538982,0.003682559,0.003587706
426,H,2,-0.171168182,0.061948366,0.037890508,-0.005590556,-0.147554194,0.019552069,0.040082239,-0.026116757,-0.266474914,-0.1255585,0.190546871,-0.188851091,0.888828847,1.02025502,0.927985736,0.927867171,0.928515371,1.20915987,1.042175544,1.04101335,0.161616679,0.356456457,0.217809654,0.214772642,0.001974619,0.019854097,0.015598299,0.015114617,2.86e-07,0.030331659,0.009075534,0.00647963,-0.001251632,0.001280044,0.000450705,-0.00020996,-0.004290646,0.001749801,0.001994873,-0.001806693,0.001510422,0.005375667,0.003601076,0.003553796
426,L,0,-0.219713595,0.015503788,0.066784018,-0.052457453,-0.16617423,0.009024321,0.052746729,-0.042147029,-0.283859172,-0.138076999,0.189057026,-0.187130998,0.897561107,1.045580046,0.943110541,0.942671692,1.009864096,1.278186477,1.090698836,1.089290065,0.174678412,0.385262505,0.231695287,0.226692899,0.001194578,0.019882569,0.015675439,0.015061532,4.75e-08,0.002292504,0.000540934,0.000379573,-0.001911985,0.001021641,0.000681088,-0.000551499,-0.004389172,0.002264115,0.00236499,-0.002007436,0.001598966,0.005527506,0.003877147,0.0038035
426,L,1,-0.161765967,0.008115608,0.062160233,-0.051748034,-0.143427071,0.002381043,0.046802656,-0.040105998,-0.283859172,-0.134478713,0.185861105,-0.184068656,0.897561107,1.019848384,0.934435815,0.934326945,0.994175577,1.229551984,1.07161437,1.070701233,0.172859778,0.375864878,0.219558954,0.21560173,0.001194578,0.019547087,0.015864038,0.015331265,4.75e-08,0.023978505,0.002767806,0.00131177,-0.001803006,0.000620095,0.000664891,-0.000532952,-0.004389172,0.002264115,0.002397802,-0.002068058,0.001664912,0.005527506,0.0039103,0.003842301
426,L,2,-0.401578243,0.01915662,0.066139263,-0.0495098,-0.28674301,0.005675359,0.049076525,-0.038247391,-0.350985367,0.019699498,0.180729913,-0.179029701,0.908055001,1.151302365,0.945144469,0.944908963,0.994175577,1.283813466,1.066816425,1.066220834,0.170634624,0.492317475,0.210255952,0.207620553,0.001752612,0.019596137,0.01619897,0.015865955,5.13e-07,0.023978505,0.004508214,0.003252593,-0.007079457,0.001428637,0.000773928,-0.000600057,-0.004364893,0.001881377,0.002482121,-0.002230808,0.001664912,0.010029709,0.00403846,0.003976574
426,M,0,-0.158929563,0.08593789,0.052620444,-0.033666332,-0.122705015,0.035746037,0.048356851,-0.041695333,-0.28546512,-0.102785131,0.17868106,-0.175954046,0.911483675,1.03022008,0.948703028,0.948573708,0.915282513,1.23853823,1.064344295,1.063010944,0.146575532,0.367457314,0.209671685,0.204878487,0.001325787,0.020554084,0.014968066,0.014405535,9.23e-07,0.037205041,0.011563398,0.008246928,-0.001424193,0.000792709,0.000465691,-0.000241325,-0.004145341,0.002162766,0.00208904,-0.001811142,0.00154859,0.005619365,0.003714665,0.003647919
426,M,1,-0.43725349,0.049513873,0.074599491,-0.031525225,-0.323911365,0.014356371,0.067170059,-0.043497128,-0.256767675,0.07056032,0.176261001,-0.171676602,0.907193872,1.187772508,0.952430214,0.951794044,0.915282513,1.219704005,1.05600923,1.055042273,0.146575532,0.375318872,0.210204494,0.206493329,0.001820806,0.020453727,0.015237234,0.014840563,2.75e-07,0.037205041,0.010843904,0.007088822,-0.005033083,0.001000172,0.000526624,-0.000215759,-0.003951511,0.002547424,0.002085356,-0.001835909,0.00154859,0.007254622,0.003842477,0.00379023
426,M,2,-0.43725349,0.049513873,0.081274815,-0.035054275,-0.323911365,0.014356371,0.070852935,-0.04590214,-0.252311372,0.07056032,0.180376477,-0.175977335,0.907193872,1.187772508,0.9531783,0.952547953,0.973993405,1.219704005,1.069919246,1.069149186,0.16133223,0.375318872,0.217801741,0.213849006,0.001660947,0.020453727,0.015646989,0.015099477,2.75e-07,0.017058167,0.006151758,0.004564166,-0.005033083,0.001000172,0.000517363,-0.000192914,-0.003951511,0.002547424,0.002178542,-0.001902201,0.001432596,0.007254622,0.003893027,0.003827174
427,H,0,-0.485802119,0.18175608,0.100554813,-0.044474264,-0.737947837,0.069052073,0.086747082,-0.029822967,-0.240239859,0.223281857,0.104915311,-0.088315221,0.785985617,1.88572393,0.890128927,0.883819705,0.815917135,1.279696374,0.957660973,0.953912793,0.138218366,1.182242222,0.229153506,0.21009239,0.002622956,0.027338689,0.012244419,0.012007111,8.04e-07,0.020637353,0.003837448,0.002098562,-0.017391388,0.001714474,0.002259662,-0.000963724,-0.023043743,0.00310788,0.002772214,-0.001600266,0.000919909,0.027807862,0.004942658,0.004163062
427,H,1,-0.411225124,0.077001779,0.071619443,-0.031696468,-0.204405824,0.063610242,0.039432981,-0.013529557,-0.185225498,0.119042803,0.087366738,-0.080750545,0.777345232,1.025744842,0.853792865,0.853337693,0.783696124,1.037429769,0.914952591,0.914435217,0.138218366,0.279155087,0.199355428,0.197914969,0.005536272,0.033274819,0.012966966,0.012748611,8.04e-07,0.020637353,0.004308098,0.002443649,-0.016092199,0.001321097,0.002094126,-0.000870349,-0.023043743,0.001943383,0.002635644,-0.001636163,0.001167541,0.027807862,0.004868906,0.004194541
427,H,2,-0.411225124,0.111650164,0.063459478,-0.003153766,-0.204405824,0.063610242,0.033264756,-0.00606702,-0.185225498,0.119042803,0.095203238,-0.089201877,0.777345232,1.025744842,0.857028017,0.856630955,0.783696124,1.088487339,0.916213181,0.915631219,0.120408653,0.279155087,0.198971022,0.197870565,0.005323973,0.033274819,0.013348905,0.013144267,1.03e-07,0.018672535,0.003806865,0.002132047,-0.016098118,0.001321097,0.001644925,-0.000622415,-0.024386741,0.002085337,0.002352693,-0.001517886,0.001309831,0.030434079,0.00451592,0.004016184
427,L,0,-0.350575143,0.108356905,0.056254927,-0.012277829,-0.196898153,0.067216912,0.046538629,-0.025374092,-0.210278006,0.104885605,0.116225522,-0.110827845,0.819697932,1.016396748,0.901388045,0.900366094,0.789959416,1.196422907,0.972584914,0.970223978,0.127758049,0.28072322,0.181427383,0.178832627,0.0024531,0.03161319,0.013209095,0.012888316,1.54e-06,0.017779894,0.003049874,0.001602939,-0.017828856,0.001311246,0.001695577,-0.000701811,-0.024833836,0.003682224,0.002451459,-0.001614801,0.001520412,0.032970717,0.004643395,0.004144633
427,L,1,-0.350575143,0.105373001,0.06038357,-0.040906528,-0.196898153,0.067216912,0.045507329,-0.035265225,-0.197841113,0.104885605,0.093525974,-0.088820524,0.819697932,1.013843105,0.89496646,0.894679455,0.827166271,1.094689044,0.955613859,0.955047582,0.12647497,0.260544294,0.15977097,0.157752887,0.003167991,0.03161319,0.013471709,0.013242247,9.85e-08,0.017757043,0.002596838,0.001403581,-0.017828856,0.001639403,0.001484688,-0.000737488,-0.024833836,0.002582419,0.002279698,-0.001558188,0.001757922,0.032970717,0.004434643,0.004052435
427,L,2,-0.127126804,0.039298963,0.052600851,-0.042569808,-0.110000379,0.016145667,0.048835245,-0.045663723,-0.184924149,-0.042244913,0.097078156,-0.093798198,0.832585221,0.968871013,0.90410863,0.903961058,0.917630547,1.105633503,0.972864584,0.972088423,0.121354677,0.260544294,0.153583857,0.152317335,0.003411384,0.017968372,0.012830271,0.012595581,9.85e-08,0.013804357,0.001795869,0.0011215,-0.009491596,0.001639403,0.000700277,-0.000509704,-0.013254191,0.002439833,0.001860857,-0.001325607,0.001492114,0.017767741,0.003715869,0.003624994
427,M,0,-0.237936527,0.124509423,0.054837566,-0.007800161,-0.148830127,0.087535243,0.055155179,-0.033695661,-0.266326632,0.011490876,0.145480586,-0.139571672,0.826191351,1.089648429,0.930982976,0.928985378,0.85249597,1.207085042,1.02982548,1.026408323,0.128988804,0.341372438,0.201715428,0.197797981,0.003587716,0.028064577,0.011407919,0.0111268,3.02e-07,0.018770873,0.003541297,0.002378099,-0.017032675,0.002149297,0.001708668,-0.000735977,-0.02444627,0.004471547,0.002701468,-0.001416348,0.001397437,0.030295985,0.004764221,0.004085298
427,M,1,-0.237936527,0.124509423,0.062953214,-0.036683554,-0.148830127,0.087535243,0.048099884,-0.034115736,-0.24865606,0.011490876,0.116810468,-0.111861749,0.826191351,0.993582135,0.898036874,0.897741543,0.85249597,1.132548408,0.969914602,0.969393586,0.120762393,0.295042359,0.169978207,0.167286685,0.003784545,0.028064577,0.011858805,0.011705333,1.95e-06,0.018770873,0.003428093,0.002167356,-0.017032675,0.002149297,0.001701877,-0.000734688,-0.02444627,0.004471547,0.002764586,-0.001571902,0.000720444,0.030295985,0.004626872,0.003903363
427,M,2,-0.140967169,0.023416479,0.057827489,-0.04930313,-0.139386458,0.002620551,0.050788616,-0.046696069,-0.18489978,-0.060106149,0.102706592,-0.099655091,0.848495541,0.993582135,0.906157544,0.905947595,0.937864643,1.100907319,0.977770711,0.977347569,0.120762393,0.233849563,0.153931337,0.152449728,0.003784545,0.015906289,0.012192029,0.012077721,1.16e-07,0.018958921,0.003539442,0.001785156,-0.008200581,0.001027682,0.00077719,-0.000604727,-0.014898544,0.00191244,0.001668723,-0.001271976,0.000720444,0.017635489,0.003703023,0.003627832
428,H,0,0.019748948,0.107871801,0.071591015,0.069349341,-0.077210171,-0.022964768,0.049772472,-0.048787697,-0.116941174,-0.014333135,0.05524042,-0.052716681,1.007377678,1.077017972,1.038251855,1.038177236,0.949980815,1.120308836,0.996571802,0.996099476,0.065550797,0.177369332,0.089986938,0.088228869,0.001947405,0.016817828,0.013581311,0.013314889,0.00037779,0.011744096,0.005169433,0.004788991,-0.001272132,0.000859213,0.000360948,-6.21e-05,-0.003130372,0.001883398,0.001119198,-0.000737375,0.002430311,0.005234797,0.003930742,0.003905488
428,H,1,0.038990705,0.107871801,0.072792197,0.072017849,-0.067248681,-0.022964768,0.049415126,-0.048963766,-0.116103416,-0.030884444,0.055106229,-0.053629085,1.002159167,1.053732733,1.030582806,1.030548164,0.947253156,1.104321836,0.985721979,0.985429521,0.066537487,0.159942804,0.085275555,0.08426864,0.001947405,0.017007374,0.013803177,0.013559287,0.000676282,0.015504137,0.006494453,0.006045354,-0.001335803,0.000859213,0.000412233,-0.000134711,-0.003179686,0.001883398,0.001456135,-0.00115566,0.002663468,0.005193564,0.004070502,0.004042834
428,H,2,0.039635158,0.098521478,0.070077589,0.069451215,-0.073192075,-0.031707584,0.053052621,-0.052858755,-0.100390503,-0.02206436,0.050476028,-0.049403997,0.992580709,1.050003256,1.030310133,1.030280669,0.946649126,1.090435136,0.982743755,0.982552526,0.067410251,0.149461249,0.08378709,0.083237021,0.002065874,0.017553959,0.013930829,0.013764235,0.000676282,0.015504137,0.006393105,0.005848607,-0.001353727,0.00074712,0.000457959,-0.000275022,-0.003388246,0.001873137,0.001572944,-0.00130247,0.00225661,0.005340793,0.004100124,0.004069015
428,L,0,0.003962223,0.094299167,0.059777521,0.056870267,-0.083346853,-0.037333101,0.058430869,-0.057772006,-0.107229868,-0.008899997,0.045642048,-0.043240547,1.015105208,1.06896441,1.040749807,1.040709158,0.953964783,1.107315059,0.998513107,0.998180853,0.063351098,0.17743229,0.088915267,0.087951728,0.00183118,0.01697716,0.013781449,0.013588315,0.001093792,0.014958985,0.005503804,0.005032227,-0.001209156,0.0010357,0.000423471,-0.000254297,-0.003138438,0.002100649,0.001027386,-0.000612633,0.002559652,0.005362538,0.003987908,0.003967027
428,L,1,-0.018784554,0.094299167,0.043407901,0.035974394,-0.087501079,-0.037333101,0.066603536,-0.065800555,-0.091974535,-0.000889846,0.035991777,-0.031669568,0.985263334,1.054173005,1.036414625,1.036384077,0.950424533,1.089848475,0.992065834,0.991866836,0.0627859,0.15017396,0.087060362,0.086463745,0.002791112,0.018152782,0.014232248,0.014089534,0.001093792,0.017350998,0.005550275,0.004892846,-0.001402041,0.001232421,0.00044616,-0.000300452,-0.003531289,0.002100649,0.000945051,-0.000678815,0.002334399,0.005497299,0.004043945,0.004028699
428,L,2,-0.018784554,0.092815283,0.028003615,0.025353259,-0.087501079,-0.046426433,0.069912694,-0.069692749,-0.081858422,-0.000889846,0.026818375,-0.025359615,0.985263334,1.052759226,1.034625845,1.03459687,0.950424533,1.081447428,0.989270376,0.989157165,0.0627859,0.139771824,0.084884956,0.084583213,0.003553219,0.018152782,0.014335915,0.014239944,0.001162063,0.017350998,0.004433906,0.003780932,-0.001402041,0.001232421,0.000420688,-0.000308885,-0.003531289,0.001665501,0.000837294,-0.000585065,0.002334399,0.005497299,0.004087089,0.004077922
428,M,0,0.031430394,0.103324792,0.068733449,0.067316107,-0.059837947,-0.019163437,0.043325965,-0.043057452,-0.10944593,-0.028190152,0.052786462,-0.051176291,1.012069098,1.067890421,1.040615381,1.040582143,0.960828356,1.11041703,1.001299623,1.001018291,0.061388406,0.160688607,0.083330598,0.0818963,0.002117121,0.017309187,0.01378485,0.013598812,2.75e-05,0.013835898,0.003544484,0.00310517,-0.001359896,0.000844914,0.000371701,-9.96e-05,-0.003579393,0.001978727,0.001183823,-0.000787383,0.001629147,0.005146929,0.003623546,0.0035761
428,M,1,0.035097169,0.103324792,0.070645507,0.069600023,-0.062555372,-0.019163437,0.046216505,-0.045881923,-0.10944593,-0.021004909,0.052268501,-0.05062631,1.002222254,1.060572006,1.039069987,1.039042187,0.940932614,1.11041703,0.999616869,0.999354459,0.058154346,0.160688607,0.083516423,0.08229302,0.002123232,0.016900337,0.013519966,0.013345388,0.000419343,0.015238903,0.004739589,0.004105991,-0.001359896,0.000894257,0.000391156,-0.000167814,-0.003579393,0.002216904,0.001211484,-0.000927465,0.002147687,0.005146929,0.003939286,0.003907958
428,M,2,0.043532022,0.100853502,0.072199391,0.071607053,-0.069167568,-0.019907562,0.048098106,-0.047856055,-0.10519543,-0.021004909,0.050663463,-0.049316933,1.002222254,1.060572006,1.03701106,1.036986061,0.940932614,1.102412106,0.995208464,0.994934621,0.058154346,0.159645829,0.082889541,0.081855857,0.003360143,0.016900337,0.013523978,0.013362617,0.000240651,0.015238903,0.005124687,0.004284353,-0.001238525,0.000894257,0.000356491,-0.000171256,-0.00297787,0.002269749,0.001032823,-0.000768171,0.002470839,0.005211802,0.004036081,0.004012685
429,H,0,-0.019818686,0.352392165,0.074359279,0.059096383,-0.031937386,0.203376473,0.025041039,-0.001014214,-0.199839052,0.090094607,0.039208777,0.010654517,0.74180568,1.045869347,0.999171128,0.998710358,0.953212461,1.202643278,1.098635087,1.097725247,0.028844336,0.37936611,0.120975908,0.111672158,0.001025989,0.019959586,0.013146712,0.011997661,5.53e-07,0.036020821,0.009073895,0.005755726,-0.001727279,0.001281967,0.000657265,-0.000382615,-0.005179678,0.002257178,0.001974742,-0.001276987,0.001682447,0.006848379,0.003851851,0.003743195
429,H,1,-0.020953874,0.099052912,0.051781241,0.045068563,-0.031937386,0.030103535,0.012334596,0.001805672,-0.054772263,0.090094607,0.038471947,0.025686937,0.953786788,1.026271369,0.985816206,0.985729714,0.966052418,1.183178999,1.081669769,1.080932324,0.033604665,0.188083446,0.100753351,0.09584392,0.000704583,0.020049372,0.013423618,0.012477989,3.76e-08,0.038485092,0.011293378,0.008029091,-0.001727279,0.00104634,0.000623192,-0.000424803,-0.005179678,0.002257178,0.002043703,-0.00127087,0.001558875,0.006848379,0.003907243,0.003787224
429,H,2,-0.028671533,0.11065273,0.055558578,0.048276804,-0.026350699,0.043624113,0.013753856,0.00710985,-0.055280016,0.08860364,0.037536233,0.026318068,0.932934966,1.005788322,0.971900031,0.9718203,0.956860066,1.172756077,1.065879779,1.065241579,0.032936546,0.183118827,0.090353473,0.086473115,0.000704583,0.020049372,0.013734838,0.012987136,3.76e-08,0.038485092,0.011161886,0.007950724,-0.001719642,0.00104634,0.000683807,-0.000455996,-0.005177151,0.001936984,0.00208685,-0.001431761,0.001558875,0.006499402,0.004060277,0.003965824
429,L,0,-0.03864771,0.104929844,0.040719164,0.032426693,-0.042121322,0.021229182,0.019824695,-0.017052443,-0.091428804,0.031040878,0.035236363,-0.023857881,0.991190017,1.062639172,1.021533811,1.021450615,1.009071541,1.222219115,1.115686028,1.115091255,0.018204562,0.239982396,0.12975948,0.123755374,0.000888049,0.019766226,0.013967195,0.013080589,4.24e-07,0.036232556,0.007069586,0.004054869,-0.001806932,0.001271202,0.000779396,-0.000515679,-0.004748435,0.00222974,0.002704352,-0.002158703,0.00175154,0.006046085,0.004264964,0.004158095
429,L,1,-0.057989639,0.077261645,0.025311795,0.016131262,-0.042121322,0.021229182,0.023140429,-0.021027599,-0.118160632,0.052949679,0.030610654,-0.016728305,0.980305447,1.044386502,1.007409058,1.007335793,0.991814964,1.198643995,1.109168466,1.108628773,0.014667228,0.228988142,0.121124126,0.115528543,0.000607927,0.01937865,0.014283099,0.013665066,6.29e-07,0.036232556,0.008777949,0.005179012,-0.001802096,0.001085774,0.000837337,-0.000611263,-0.00484388,0.00222974,0.002489388,-0.00190352,0.001666607,0.006257186,0.004245451,0.004158002
429,L,2,-0.057989639,0.077261645,0.024555687,0.012969117,-0.052481918,0.010012958,0.024794079,-0.022364922,-0.118160632,0.052949679,0.034825507,-0.016691181,0.967724102,1.034683509,1.000588274,1.000533994,0.991814964,1.210587981,1.110696114,1.110027242,0.014667228,0.241245497,0.124610762,0.117805622,0.000607927,0.018607362,0.013913227,0.013238174,7.28e-07,0.038424408,0.008369171,0.004400904,-0.001802096,0.001186522,0.000755968,-0.000490394,-0.00484388,0.001970961,0.002183981,-0.001521261,0.001380736,0.006257186,0.004024843,0.003934614
429,M,0,-0.022086588,0.212837473,0.049128502,0.04108946,-0.039381035,0.04006164,0.019770743,-0.016694962,-0.11626198,0.05744057,0.038704547,-0.019995306,0.955925104,1.069582568,1.006421014,1.006355016,0.992526744,1.248866152,1.107526861,1.106659914,0.014640786,0.275884285,0.123927678,0.114705632,0.00082023,0.02068511,0.013678884,0.012448324,1.09e-08,0.035767097,0.009168375,0.005455439,-0.002005602,0.001146096,0.000826012,-0.000699085,-0.005213732,0.002120302,0.00203058,-0.001208822,0.001531243,0.0058444,0.003796686,0.003701797
429,M,1,-0.034684819,0.086617744,0.037806724,0.033246299,-0.048333811,0.018928445,0.019233261,-0.016699898,-0.097085178,0.037090573,0.029789699,-0.015760587,0.9678269,1.035829159,0.998940557,0.998877788,0.992526744,1.180111047,1.101535858,1.101006071,0.013573646,0.205619269,0.112929666,0.107152596,0.000832255,0.019708421,0.01449778,0.013690078,3e-07,0.037476074,0.009779469,0.005975373,-0.002005602,0.000917236,0.000788998,-0.000648018,-0.005213732,0.002120302,0.002421552,-0.001738094,0.001420108,0.006073952,0.004106663,0.004006254
429,M,2,-0.034684819,0.091658346,0.052470532,0.048078207,-0.048333811,0.018928445,0.015067803,-0.011542266,-0.097085178,0.019033943,0.036101467,-0.028452188,0.96338442,1.025816097,0.990542125,0.990483342,1.004765043,1.180111047,1.09527599,1.094832505,0.013573646,0.205619269,0.10817512,0.10296968,0.000844176,0.019670305,0.014697333,0.014081803,1.62e-07,0.037476074,0.008679487,0.004915835,-0.001755375,0.001475567,0.000724198,-0.000347464,-0.004816078,0.001516376,0.002627553,-0.002186819,0.001420108,0.006073952,0.004291,0.004220229
430,H,0,-0.05569481,0.085094871,0.041103186,0.033817521,-0.084081102,0.018939201,0.027302608,-0.023110769,-0.190703261,-0.040822247,0.093347419,-0.089679337,1.006453992,1.123244907,1.09144285,1.091317814,1.024038609,1.216391803,1.094426591,1.093720439,0.100851136,0.294142672,0.168522177,0.164023046,0.00081459,0.017392134,0.012758514,0.012275696,2.02e-13,0.017129849,0.002420561,0.000805558,-0.00138738,0.000851256,0.000426538,-0.000265345,-0.003381502,0.002023427,0.001363571,-0.000710573,0.00240502,0.00514758,0.003889012,0.00385253
430,H,1,-0.05569481,0.072077675,0.027160584,0.018462376,-0.078436352,0.018939201,0.024637131,-0.020569577,-0.190703261,-0.045894755,0.088000036,-0.083324251,1.006453992,1.12238273,1.089266781,1.08917162,1.024038609,1.216391803,1.087602581,1.086901696,0.100851136,0.294142672,0.159955798,0.155165265,0.000844316,0.017392134,0.013313082,0.012823997,5.15e-08,0.017129849,0.002785862,0.001032644,-0.00138738,0.000836106,0.000468662,-0.0003105,-0.003381502,0.001884339,0.001620346,-0.001166637,0.002409188,0.005183944,0.003870119,0.003823856
430,H,2,-0.06389327,0.084040212,0.025461077,0.017816998,-0.090215112,-0.001147576,0.028689988,-0.024887581,-0.181694458,-0.050702109,0.091273093,-0.08760207,1.040376186,1.128580084,1.093062433,1.092989085,1.018228464,1.228924914,1.090123485,1.089387771,0.110463817,0.299682864,0.165996614,0.161573033,0.001257153,0.017604651,0.01326019,0.012796393,7e-08,0.018784577,0.003730134,0.001870114,-0.001309099,0.000825601,0.000478592,-0.000309093,-0.003490258,0.001884339,0.001738411,-0.001304445,0.002185216,0.005337735,0.0039392,0.003894489
430,L,0,-0.059673352,0.147209154,0.029037056,0.008732314,-0.087283084,0.031597229,0.037984132,-0.034763904,-0.200767043,-0.035804442,0.090368978,-0.085419565,1.033000918,1.161786393,1.097071721,1.096944298,1.018719272,1.251388428,1.093429063,1.092491123,0.093994916,0.327686268,0.17289298,0.166890903,0.000869877,0.016960937,0.013132971,0.012698813,1.2e-10,0.01806368,0.00248605,0.000894821,-0.001437285,0.001005681,0.000574082,-0.000347078,-0.003369917,0.002063318,0.001739383,-0.001373231,0.002380191,0.005348245,0.003987992,0.003957902
430,L,1,-0.050656245,0.039404509,0.015884675,-0.001886641,-0.087283084,-0.005293773,0.041305386,-0.040036325,-0.191014507,-0.052797552,0.082739953,-0.078479104,1.035681662,1.127408632,1.094788164,1.094723238,1.019747478,1.226455735,1.08089932,1.080262766,0.100242855,0.302295677,0.159638623,0.155448541,0.001659395,0.016116744,0.013542426,0.013236438,1.26e-09,0.01806368,0.003275676,0.001378633,-0.001509798,0.001005681,0.000563655,-0.000350816,-0.003258361,0.001945346,0.001760102,-0.001525559,0.002299601,0.00529879,0.004089962,0.004062884
430,L,2,-0.038602256,0.029121581,0.015980268,-0.010171326,-0.062272582,-0.005293773,0.046530185,-0.045733664,-0.191014507,-0.049692928,0.073997069,-0.071444483,1.035681662,1.124760846,1.100500233,1.100441216,1.019747478,1.222005735,1.080044079,1.079687105,0.106487269,0.296261285,0.158050489,0.15584137,0.001659395,0.015941642,0.013855235,0.013681894,2.07e-08,0.013668064,0.002214669,0.000729473,-0.00151498,0.000716421,0.000570818,-0.000423039,-0.003258361,0.001817324,0.001710421,-0.001561883,0.002299601,0.005061034,0.004080347,0.004056692
430,M,0,-0.045741251,0.08191369,0.027236171,0.011098691,-0.092324233,0.011074821,0.036343576,-0.032881469,-0.190533485,-0.044792507,0.087878608,-0.082729091,1.027851972,1.153427168,1.094607728,1.094507356,1.027080909,1.282147742,1.088218295,1.087535962,0.102443164,0.357833306,0.16535418,0.160852944,0.001217632,0.016784675,0.012966553,0.012575476,4.38e-12,0.001630839,0.000373934,0.000226211,-0.001303199,0.000741051,0.000519963,-0.000398182,-0.00348435,0.002355761,0.001920504,-0.00160711,0.00248454,0.005400938,0.004064757,0.004026314
430,M,1,-0.045741251,0.045455131,0.016823964,0.001006422,-0.072222203,-0.005417244,0.043632116,-0.042520165,-0.172865463,-0.044792507,0.075861387,-0.072979833,1.043541623,1.131385482,1.100738287,1.100667155,1.035773281,1.217342287,1.083979109,1.083611897,0.112753972,0.298633488,0.160424721,0.158195657,0.001217632,0.017461768,0.013638352,0.013411241,4.38e-12,0.020397265,0.002931137,0.001118553,-0.001333788,0.000741051,0.000494501,-0.0003529,-0.003382683,0.001896452,0.001879367,-0.001685078,0.002437983,0.005400938,0.004111213,0.004079676
430,M,2,-0.028408158,0.048306331,0.015690824,0.005933184,-0.072222203,-0.005417244,0.043841148,-0.042644023,-0.192563181,-0.053264782,0.085434237,-0.081306321,1.038653153,1.131987624,1.099660881,1.099576719,1.017836781,1.214144712,1.088824988,1.088256168,0.11233022,0.294289906,0.168372172,0.164912132,0.001097628,0.017461768,0.01330219,0.01295012,3.56e-09,0.020397265,0.003369337,0.001417138,-0.001509034,0.000781593,0.000525558,-0.00034887,-0.003356519,0.001858158,0.001899281,-0.001643556,0.00239026,0.005328271,0.004081058,0.004047016
431,H,0,-0.136730784,-0.039268043,0.087279117,-0.085645069,-0.017060265,0.038400397,0.023723986,0.021153633,-0.098213314,0.007153686,0.033956383,-0.027079425,0.965444231,1.045204964,1.015673863,1.015580768,1.031635022,1.217867316,1.092775659,1.092246942,0.050685585,0.232714313,0.108685232,0.10274005,0.001372277,0.017574664,0.013274895,0.012780727,2.52e-10,0.013697794,0.002608516,0.001100177,-0.001576043,0.00099118,0.000554479,-0.000226637,-0.004528126,0.001862601,0.002406135,-0.00192359,0.002197851,0.005652502,0.004078925,0.004022704
431,H,1,-0.151476721,-0.051432758,0.09424556,-0.091960806,-0.02561146,0.038400397,0.021693692,0.017128892,-0.079572495,0.018010927,0.019983403,-0.012297603,0.980273346,1.045204964,1.021931744,1.021884151,1.045228414,1.204650055,1.091928746,1.091623872,0.058186962,0.21750381,0.102502594,0.099010307,0.000410042,0.017597189,0.013757194,0.013485736,5.06e-07,0.013697794,0.003680533,0.0018995,-0.002086939,0.00099118,0.000527982,-0.000221948,-0.004696431,0.001862601,0.002554948,-0.002268566,0.002197851,0.00589088,0.004198444,0.004146886
431,H,2,-0.151476721,-0.042924563,0.096943905,-0.094931689,-0.02561146,0.038255811,0.018291862,0.013865078,-0.067429433,0.019404598,0.016807803,-0.007232785,0.96905016,1.05245419,1.021320106,1.021252992,1.049847211,1.211991735,1.094285951,1.093896687,0.05750997,0.222502849,0.104279618,0.099928842,0.000410042,0.01837411,0.013451413,0.013146253,5.17e-07,0.01324255,0.003211335,0.001550179,-0.002086939,0.000858366,0.000606648,-0.000431373,-0.004696431,0.002094747,0.002629995,-0.002261934,0.002156245,0.00589088,0.004205741,0.004139276
431,L,0,-0.166652081,-0.061114282,0.105136654,-0.104074491,-0.032659968,0.017725087,0.008173922,0.003568211,-0.085155273,0.007395709,0.026855256,-0.020479994,0.969295631,1.03574249,1.006206089,1.006159068,1.013545763,1.225342024,1.080649472,1.080179513,0.016902913,0.24022006,0.091459442,0.08469394,0.000564238,0.01776296,0.013588113,0.013246214,1.2e-07,0.011413694,0.001846509,0.000753009,-0.001465872,0.000819444,0.000663538,-0.000563196,-0.004316931,0.001741744,0.002031435,-0.001758336,0.00224692,0.005503882,0.003946095,0.003901412
431,L,1,-0.132446448,-0.061440302,0.100894824,-0.100331773,-0.019784097,0.01782554,0.008920721,0.00569572,-0.080592565,0.007791421,0.021111776,-0.014666251,0.966779688,1.037780919,1.012184907,1.012137408,1.0384805,1.198838704,1.079434747,1.079074212,0.042205156,0.211355539,0.088315951,0.083012825,0.001610768,0.01776296,0.013989364,0.013676112,6.72e-10,0.011413694,0.001840775,0.00073707,-0.001728589,0.000663951,0.000485446,-0.000401224,-0.003970917,0.001578381,0.002175021,-0.00191313,0.00228721,0.005307342,0.004003619,0.003969645
431,L,2,-0.133559493,-0.038119718,0.099567817,-0.098713017,-0.019784097,0.024823982,0.008131734,0.00482829,-0.080592565,0.007791421,0.02128601,-0.014432284,0.966779688,1.040233725,1.015137956,1.015087543,1.048247059,1.206474593,1.083749825,1.083357778,0.049153606,0.21821218,0.092991014,0.08757405,0.001134058,0.017763915,0.013776255,0.013420292,6.72e-10,0.012452862,0.001830686,0.000743177,-0.001728589,0.000663951,0.000446147,-0.000338181,-0.004022972,0.001790585,0.002158739,-0.001843425,0.002299323,0.005641738,0.003971697,0.003934134
431,M,0,-0.123865188,-0.046373334,0.091556339,-0.091029851,-0.013611447,0.024457453,0.015431471,0.01429273,-0.089992272,0.000758654,0.030703478,-0.02590766,0.962274867,1.032162634,1.005848311,1.005795771,1.030550199,1.226416122,1.076736464,1.076347347,0.036107186,0.243405024,0.089369084,0.083441252,0.000356501,0.016547907,0.013293803,0.012932285,2.77e-12,0.00217856,0.000558631,0.000368725,-0.001895769,0.000690786,0.000575131,-0.000474563,-0.004394522,0.001709768,0.002760804,-0.00246218,0.002276704,0.005469289,0.004254807,0.00420571
431,M,1,-0.119979895,-0.046373334,0.084729906,-0.083758454,-0.023251069,0.029694463,0.015874465,0.01416786,-0.089992272,0.003728808,0.030113814,-0.025241483,0.965328456,1.039509872,1.01369207,1.013624596,1.030172209,1.192468047,1.079425168,1.079022283,0.037665445,0.207139218,0.092711318,0.087034159,0.001782211,0.018729918,0.013250061,0.012894117,2.77e-12,0.017236004,0.002545797,0.000991827,-0.001960685,0.000690786,0.000504281,-0.00037625,-0.004333137,0.001290661,0.002758391,-0.002426025,0.002209646,0.00579916,0.004236845,0.0041753
431,M,2,-0.155551249,-0.04680213,0.084424396,-0.083054147,-0.023251069,0.03006617,0.016778988,0.014432354,-0.079502999,0.0121436,0.027980213,-0.021702077,0.965878527,1.041191352,1.018431013,1.018362853,1.030172209,1.218430659,1.092413953,1.091885657,0.038162795,0.231371655,0.105533794,0.099369715,0.000689061,0.018729918,0.013240112,0.012774687,4.8e-09,0.017236004,0.002867883,0.001317414,-0.001960685,0.001036471,0.000530622,-0.000347142,-0.004302841,0.002144465,0.002872491,-0.002489454,0.002209646,0.005981501,0.004350664,0.004283439
432,H,0,-0.17775963,0.120791511,0.049897137,-0.014531416,-0.045880696,0.098494644,0.041863873,0.032941254,-0.308235989,-0.079741705,0.170185287,-0.164033095,0.958933482,1.055081566,1.005350823,1.005238021,0.977326854,1.293201193,1.064839923,1.063003423,0.092680701,0.407113245,0.197096592,0.186042208,0.000596927,0.018185202,0.01213289,0.011335428,1.79e-08,0.027371322,0.010715614,0.007729756,-0.001773506,0.000580279,0.000610366,-0.000474087,-0.003828324,0.002155829,0.002068873,-0.001630269,0.001834797,0.005276851,0.003688779,0.003629759
432,H,1,-0.128178384,0.091157485,0.045189892,-0.023638575,-0.033024682,0.098009226,0.04284443,0.034176602,-0.309676779,-0.100540669,0.170245825,-0.164372722,0.944216849,1.052935307,1.001247708,1.001141622,0.967174027,1.225023492,1.061841628,1.060187664,0.10421087,0.380174095,0.195359483,0.185012967,0.000713162,0.018467386,0.012651822,0.011869745,2.17e-06,0.02013695,0.008768819,0.006856327,-0.001455992,0.000580279,0.000514108,-0.000363096,-0.00384345,0.002292216,0.001903319,-0.001480463,0.001643507,0.005276851,0.003544346,0.003489552
432,H,2,-0.128178384,0.051107406,0.051610143,-0.040294904,-0.043268886,0.098009226,0.035364079,0.02600011,-0.322229051,-0.100540669,0.162882563,-0.156892428,0.944216849,1.052935307,1.000897782,1.00078537,0.967174027,1.226727736,1.055979589,1.054566502,0.103633468,0.385748707,0.184301017,0.173942087,0.000713162,0.018467386,0.013189377,0.012498873,6.29e-07,0.023698596,0.008062347,0.005784161,-0.001717307,0.000592857,0.000530896,-0.000369252,-0.00384345,0.002292216,0.001847743,-0.001454108,0.001643507,0.00503368,0.003501952,0.003453811
432,L,0,-0.086441891,0.070019455,0.041551079,-0.023409827,-0.025736306,0.070364579,0.024005603,0.013924104,-0.259660025,-0.088790455,0.144540755,-0.140660135,0.996734124,1.08368697,1.042766805,1.042681673,1.014373672,1.224881209,1.083685342,1.08267455,0.104066339,0.345157455,0.180256441,0.173239465,0.000896399,0.017940402,0.012241847,0.011552281,1.86e-11,0.019408577,0.0060995,0.00377602,-0.001784208,0.000799038,0.000665853,-0.000544786,-0.004214692,0.002021126,0.001824705,-0.001320033,0.00209336,0.005571785,0.003759745,0.003703016
432,L,1,-0.069427919,0.066129267,0.027956647,-0.002437389,-0.017662493,0.0663196,0.033243837,0.028179526,-0.254687995,-0.088790455,0.154408426,-0.150501346,0.997463403,1.07825639,1.035531654,1.035460006,1.014262785,1.222433154,1.073566327,1.072542518,0.104066339,0.33969332,0.183881843,0.176831644,0.001110995,0.017866543,0.012995317,0.012408541,5.83e-15,0.017510723,0.005965042,0.003774883,-0.001573713,0.000799038,0.00059581,-0.000463526,-0.004214692,0.00206596,0.002045494,-0.001693886,0.002051714,0.005571785,0.003788337,0.003733937
432,L,2,-0.083618048,0.066129267,0.02862003,-0.005482175,-0.020704941,0.0663196,0.032421733,0.027352766,-0.254687995,-0.10274097,0.158897125,-0.155487697,0.995016987,1.088089679,1.032906694,1.032852131,1.014262785,1.222433154,1.077539251,1.076342215,0.109052012,0.33969332,0.189467277,0.182225444,0.001040499,0.018096627,0.013049444,0.012375376,5.83e-15,0.014924833,0.004451254,0.002526568,-0.001554885,0.000884002,0.00057579,-0.000432124,-0.004027781,0.002322551,0.002084472,-0.001708907,0.002051714,0.005266044,0.003711433,0.003667572
432,M,0,-0.127228953,0.074873734,0.050129842,-0.040132248,-0.036798714,0.079973254,0.028240758,0.019639873,-0.397463149,-0.063339411,0.159074545,-0.151444894,0.920735796,1.065960253,1.010668649,1.010449235,0.968042041,1.258419833,1.069237152,1.067729551,0.085381708,0.472832806,0.185644512,0.174272581,0.000816689,0.019873184,0.012414897,0.011620141,2.01e-08,0.019540355,0.005607599,0.003465384,-0.010730873,0.002597969,0.000785855,-0.000599479,-0.012788395,0.002600004,0.001977368,-0.001513601,0.001298406,0.017802102,0.003686003,0.003605134
432,M,1,-0.12445701,0.072113535,0.053821131,-0.047995097,-0.020141783,0.067690525,0.022668626,0.017630721,-0.27760547,-0.081644634,0.136046996,-0.132754398,0.954312687,1.062380402,1.018572897,1.018483312,0.990017,1.21848092,1.065497876,1.064678489,0.087979127,0.355279726,0.15961053,0.153188885,0.000614294,0.017953409,0.012991955,0.012456461,1.74e-09,0.019540355,0.005762629,0.00354312,-0.00159697,0.000625995,0.000657799,-0.0005426,-0.00398019,0.00199516,0.002078691,-0.001748626,0.002073801,0.005177277,0.003654209,0.003604472
432,M,2,-0.102019695,0.072113535,0.05606976,-0.050404147,-0.01993773,0.067690525,0.018904171,0.014854295,-0.254058978,-0.090087529,0.132925146,-0.130122096,0.974040783,1.062380402,1.019697551,1.019643305,0.998233613,1.213725948,1.062930596,1.062225577,0.097856235,0.333650269,0.154574401,0.148900774,0.000614294,0.017741076,0.012767247,0.012326283,1.69e-12,0.016775275,0.006198852,0.003803488,-0.001527135,0.000625995,0.000685935,-0.000568344,-0.004218706,0.002333301,0.002312199,-0.001985813,0.002192039,0.005586515,0.003806254,0.003741592
433,H,0,-0.175958647,0.149323329,0.05948163,0.003963383,-0.079865376,0.109105967,0.045538265,0.03223359,-0.224107369,-0.024310692,0.11248894,-0.106267868,0.902734779,1.026697647,0.957262661,0.957139403,1.02835014,1.352271347,1.164473478,1.162626666,0.104047874,0.399592587,0.218049631,0.207271779,0.00112751,0.022402558,0.017136538,0.016188039,6.82e-08,0.014329641,0.002975324,0.001813768,-0.001197527,0.001249427,0.000346841,-6.77e-05,-0.00397676,0.002882754,0.00180688,-0.001249456,0.001824145,0.005328654,0.003486891,0.003441544
433,H,1,-0.203329481,0.095010868,0.060298505,-0.019678279,-0.078998211,0.095278127,0.039017853,0.02049413,-0.234237285,-0.014110997,0.103272078,-0.097788164,0.887057667,1.026308738,0.952635321,0.952504021,0.992387238,1.434834886,1.146466307,1.144946691,0.057976882,0.507411828,0.197952361,0.188186976,0.00112751,0.022366665,0.017365547,0.016543082,5.51e-07,0.01524452,0.003929587,0.002401175,-0.001179933,0.000995757,0.00034522,-8.46e-05,-0.00397676,0.003595484,0.001877036,-0.001364012,0.001824145,0.005588761,0.003602999,0.003550216
433,H,2,-0.203329481,0.061781755,0.058167495,-0.011743369,-0.078998211,0.074347782,0.040892917,0.024126182,-0.234237285,-0.014110997,0.1004864,-0.095260595,0.887057667,1.016976469,0.94752693,0.947380326,0.992387238,1.434834886,1.131731285,1.130072466,0.057976882,0.507411828,0.188380329,0.178390407,0.002318725,0.022293058,0.017553276,0.016830301,3.54e-08,0.01524452,0.003177551,0.001834979,-0.001179933,0.000893833,0.000373624,-5.97e-05,-0.00406209,0.003595484,0.00223141,-0.001727613,0.00195015,0.005588761,0.003803377,0.003750995
433,L,0,-0.126863389,0.09801707,0.042709632,0.00077253,-0.047886518,0.090048349,0.046090895,0.038861561,-0.186995217,-0.031118431,0.09243336,-0.087543494,0.922868371,1.016543396,0.954823834,0.954714391,1.042731587,1.282203559,1.126395525,1.124793399,0.081441722,0.349175174,0.179187469,0.169457376,0.00111113,0.022325249,0.016797804,0.01601403,7.11e-08,0.018187983,0.003202995,0.001804815,-0.001105056,0.001031054,0.000364558,-1.24e-05,-0.003780352,0.003086344,0.001740389,-0.001284782,0.001916692,0.004939958,0.003446279,0.003397997
433,L,1,-0.123179313,0.056433497,0.035839055,0.004569117,-0.046743462,0.071748771,0.046910068,0.042238575,-0.162919362,-0.038776666,0.089363786,-0.086458286,0.922868371,1.019368016,0.951519359,0.951440419,1.042731587,1.3174699,1.124362254,1.12295728,0.09343534,0.350347141,0.175984693,0.168147332,0.00111113,0.021647539,0.018084109,0.017516443,2.02e-07,0.018187983,0.002837691,0.001711979,-0.001045472,0.000980467,0.000330043,-9.33e-05,-0.003583759,0.002825297,0.001554473,-0.001299818,0.001916692,0.005081965,0.003382077,0.00333324
433,L,2,-0.274581566,0.05541339,0.050010834,-0.000754476,-0.100969375,0.072638783,0.045937266,0.037523533,-0.16833768,-0.005067998,0.095681227,-0.092312061,0.902328828,1.02720774,0.955699776,0.955621697,0.991828947,1.357150208,1.147697429,1.146331463,0.082881587,0.403979386,0.194756924,0.186972772,0.000861685,0.022897705,0.017727749,0.017061239,1.18e-07,0.006864618,0.00133313,0.000922272,-0.001161348,0.001101728,0.000342514,-8.08e-05,-0.004388882,0.00289113,0.001723841,-0.001406328,0.001164636,0.005417007,0.003436823,0.003382651
433,M,0,-0.15809548,0.046670294,0.036962647,-0.004175062,-0.035505095,0.08267278,0.052584953,0.047315365,-0.169142663,-0.034808153,0.085907801,-0.082965901,0.912597055,1.01619442,0.94027148,0.940138086,1.04426433,1.29013996,1.136668253,1.134351907,0.095993912,0.327893722,0.193107522,0.183778892,0.000620872,0.021876843,0.01653226,0.015501402,1.41e-06,0.00828266,0.002553522,0.002114689,-0.001763575,0.001044118,0.000404765,-7.63e-05,-0.003475098,0.002709239,0.001487363,-0.001074838,0.001985911,0.005086319,0.003463695,0.003415289
433,M,1,-0.117576175,0.047746919,0.0315877,0.005183215,-0.02783589,0.082478696,0.058758072,0.055028782,-0.159510975,-0.019782988,0.07917225,-0.076601595,0.916720446,1.01477668,0.938588997,0.938513962,1.020845789,1.291647228,1.110396288,1.109080978,0.09457536,0.320682507,0.168701213,0.16250103,0.002281509,0.021876843,0.018112027,0.017538305,7.47e-07,0.020371991,0.003298649,0.002262888,-0.001035226,0.001367691,0.000380322,-8.43e-05,-0.003475098,0.0026182,0.001620062,-0.001335225,0.001985911,0.0049131,0.003584658,0.003550722
433,M,2,-0.116210025,0.047746919,0.029912118,0.002014991,-0.02783589,0.082478696,0.054753881,0.050961414,-0.146115272,-0.019782988,0.078509031,-0.075481529,0.916746542,1.012491926,0.945655725,0.94557109,1.020845789,1.291647228,1.121979155,1.120643617,0.09457536,0.315962437,0.172725841,0.16593407,0.002281509,0.021737938,0.017898402,0.017280287,7.47e-07,0.020371991,0.003228452,0.002080836,-0.000959774,0.001367691,0.000373296,-9.34e-05,-0.003446019,0.002995487,0.00169933,-0.001332479,0.002047013,0.005201185,0.003532211,0.003500425
434,H,0,-0.038163813,0.292851091,0.050769742,0.03052986,-0.007657545,0.146447608,0.041071104,0.038979502,-0.119965981,0.050862312,0.01952405,-0.002729578,0.960626882,1.097140414,1.05075839,1.050655869,0.933312465,1.113802656,0.990952886,0.99021152,0.022279349,0.2011949,0.080087836,0.078412216,0.000906005,0.019119541,0.014679872,0.014106658,4.91e-09,0.019843565,0.003769507,0.002007924,-0.000999032,0.001610946,0.000484528,0.000229446,-0.004688619,0.001759714,0.002031327,-0.001756374,0.002309805,0.00595825,0.004169721,0.004117157
434,H,1,-0.028773375,0.068822581,0.02608677,0.017192034,0.017342507,0.061667818,0.038376019,0.037613877,-0.040587178,0.031615664,0.014628973,0.005473335,1.022076135,1.089206862,1.053823135,1.053768911,0.933312465,1.113454877,0.984729992,0.984147238,0.054869936,0.134874155,0.078043473,0.077454696,0.000906005,0.019572609,0.015018119,0.01451051,4.91e-09,0.010813481,0.002010795,0.001282062,-0.000959586,0.001441628,0.000553047,0.000395297,-0.004096763,0.00163769,0.002070393,-0.001871799,0.002488416,0.005667856,0.004215494,0.004175312
434,H,2,-0.037370964,0.080477856,0.024651562,0.018583975,0.006718809,0.059559901,0.033235304,0.032361261,-0.039519324,0.028760098,0.013801079,0.00846359,1.026371701,1.099053095,1.056676798,1.056621091,0.941298518,1.099032405,0.985653003,0.985186138,0.052137738,0.124035292,0.075883446,0.07528017,0.001085952,0.019572609,0.015018188,0.014596826,1.18e-08,0.012361973,0.00122656,0.000923722,-0.000862781,0.00143294,0.000511721,0.000306238,-0.003840259,0.001267104,0.002212626,-0.002053704,0.002718017,0.005896949,0.004263818,0.004226571
434,L,0,-0.136540011,0.162998912,0.032629722,0.011913112,-0.105924424,0.084414092,0.013038148,0.001581807,-0.099247517,0.057327751,0.020780008,-0.001248069,0.766548051,1.250548438,1.076772161,1.076581255,0.963174756,1.140103831,1.021073915,1.020447211,0.027796179,0.275396228,0.092601807,0.089209057,0.000949453,0.023361743,0.014661785,0.014057919,1.03e-07,0.012175114,0.001540867,0.000961342,-0.005204404,0.015122871,0.001233826,0.000175394,-0.009193639,0.001413875,0.002154713,-0.001846481,0.002542151,0.017334618,0.004291573,0.004141272
434,L,1,-0.055174951,0.07522525,0.02095225,-0.004058359,-0.018489599,0.025786612,0.008403023,0.001616873,-0.041590715,0.033234812,0.016811344,0.009850244,1.028789213,1.110074651,1.073931173,1.073872413,0.948403023,1.127560967,1.006133242,1.005550298,0.053011724,0.160316358,0.084498954,0.082679976,0.001330918,0.019251443,0.014966348,0.014452532,1.13e-06,0.012175114,0.001450198,0.000904664,-0.001361168,0.001419304,0.000380018,-2.09e-05,-0.003767023,0.001253999,0.002112807,-0.001925942,0.002377854,0.005984021,0.004150289,0.004101518
434,L,2,-0.064659534,0.045883002,0.023775964,-0.008512703,-0.017051116,0.035553087,0.010605388,0.007421636,-0.041590715,0.039091675,0.017998897,0.012404452,1.046622289,1.109261119,1.073431937,1.073386997,0.948403023,1.130219931,1.007336686,1.006798488,0.054245119,0.160398458,0.083957056,0.082441265,0.000853124,0.019415322,0.014809157,0.014316771,3.03e-08,0.011618491,0.001159384,0.000860051,-0.001305351,0.001419304,0.000371744,-8.82e-05,-0.003835152,0.001593084,0.002212919,-0.00202197,0.002377854,0.005883108,0.004264437,0.004209596
434,M,0,-0.034344443,0.176206693,0.033610698,0.019822313,-0.017722789,0.07149816,0.017640599,0.014114875,-0.124865556,0.04471444,0.020693113,0.002259897,0.956896844,1.096235266,1.026694366,1.026562953,0.896672247,1.149843814,0.978165887,0.977386186,0.009736153,0.216140594,0.061244929,0.058317046,0.0004527,0.019608054,0.014287865,0.013560927,2.93e-09,0.013038287,0.001534971,0.000912182,-0.001281511,0.001277076,0.000372274,9.27e-05,-0.004302298,0.001363658,0.001998521,-0.001704516,0.002142979,0.005650113,0.003988113,0.003940803
434,M,1,-0.024666072,0.088770288,0.039025499,0.032967127,-0.005511462,0.045915417,0.023594741,0.021711006,-0.059837597,0.027362336,0.01427805,0.000753269,0.983288085,1.062376364,1.024939038,1.024870379,0.927404293,1.102273285,0.973638267,0.973101339,0.027353359,0.116411194,0.057346718,0.056255115,0.000410776,0.019757872,0.014601301,0.014009152,1.85e-07,0.013038287,0.002125107,0.00126606,-0.001065102,0.001329681,0.000475393,0.000196633,-0.004399008,0.00149052,0.002139321,-0.001878902,0.00236907,0.005940357,0.004037005,0.00398615
434,M,2,-0.04893012,0.088770288,0.035086163,0.025046063,-0.004015328,0.045915417,0.022752671,0.0210548,-0.059837597,0.046310523,0.016305813,0.004027735,0.983288085,1.060853477,1.02476548,1.02470692,0.90591866,1.102273285,0.975304371,0.974773471,0.026260771,0.116411194,0.056441882,0.054858411,0.000410776,0.019757872,0.014403417,0.01383585,8.58e-08,0.01098307,0.001734686,0.000965283,-0.001065102,0.001329681,0.000456453,0.000190025,-0.004399008,0.001923005,0.00224795,-0.001986816,0.002350859,0.005940357,0.004122045,0.004070358
435,H,0,-0.091635539,0.018782108,0.041047207,-0.03546912,0.033141877,0.08191073,0.051854697,0.050912331,-0.045784301,0.073561056,0.050445827,0.046400231,0.861000264,0.962836427,0.917722628,0.917609025,0.962999745,1.166383399,1.035743526,1.034606355,0.08438639,0.210201775,0.125628046,0.124152268,0.001275783,0.019164199,0.013984814,0.013388807,4.95e-09,0.022927029,0.004069026,0.002061222,-0.002042424,0.000694244,0.000804762,-0.000576965,-0.004612991,0.002596289,0.002546558,-0.002060187,0.001984475,0.006021084,0.004403181,0.004341119
435,H,1,-0.105034364,0.030626324,0.037815085,-0.030084484,0.030674932,0.088554257,0.060448183,0.059345535,-0.004406408,0.083267562,0.057031102,0.05380156,0.861000264,0.93982151,0.907327516,0.907217722,0.934445547,1.160137839,1.005842792,1.004978895,0.091901882,0.210201775,0.132197722,0.130964302,0.00078666,0.019805637,0.014976514,0.014354854,4.65e-10,0.022927029,0.003811809,0.001575649,-0.001750445,0.00107253,0.000602635,-0.000404747,-0.004619528,0.001957753,0.002757297,-0.002446811,0.001984475,0.006259632,0.004476499,0.004416833
435,H,2,-0.105034364,0.030626324,0.038806364,-0.031238406,0.026649614,0.088554257,0.063728757,0.062650206,-0.004406408,0.088521947,0.061873079,0.057942952,0.8599677,0.931734428,0.900966458,0.900888025,0.921234085,1.12709522,0.993593405,0.992651979,0.099677277,0.184886752,0.140634413,0.139925263,0.00078666,0.019805637,0.014799612,0.014110813,4.65e-10,0.023489606,0.004858151,0.002658793,-0.001750445,0.00107253,0.000668239,-0.000499792,-0.004619528,0.002565973,0.002674256,-0.002343048,0.002204674,0.006259632,0.004482788,0.004424528
435,L,0,-0.105586666,0.130347931,0.037064641,-0.010702254,0.004538067,0.098896594,0.048121895,0.043383914,-0.067244483,0.073079063,0.041052294,0.029594799,0.919000292,1.057584396,0.990667727,0.990235302,0.993927407,1.252727862,1.088118863,1.086605008,0.070434293,0.265305472,0.125481447,0.118928504,0.001003145,0.020431223,0.014790013,0.014200477,7.3e-08,0.025968788,0.003171423,0.001294041,-0.001578774,0.001013987,0.000558901,-0.000293163,-0.004644716,0.002645764,0.002678619,-0.002294292,0.00214996,0.006067121,0.004556104,0.004499858
435,L,1,-0.092343265,0.049205022,0.02986187,-0.013854579,0.011583728,0.098896594,0.05884703,0.056439067,-0.010203208,0.079348064,0.054196486,0.051707145,0.919000292,1.024830688,0.958576728,0.958423935,0.975423735,1.212884204,1.038871975,1.038175918,0.077070732,0.214785964,0.106418273,0.104304949,0.001527024,0.020585957,0.016141442,0.015741274,2.79e-09,0.025968788,0.005598877,0.00320827,-0.001487136,0.000962956,0.000529359,-0.000339114,-0.004668974,0.002509492,0.002550693,-0.002310575,0.00214996,0.006468353,0.004614473,0.004562812
435,L,2,-0.091899523,0.049205022,0.02435138,-0.005691391,0.033576474,0.097400923,0.057942099,0.057215507,0.00784877,0.079348064,0.058260165,0.057272493,0.891696075,0.98468855,0.942438461,0.942333406,0.975423735,1.162409278,1.02298872,1.022669894,0.08179694,0.185072722,0.106963117,0.106095764,0.000732873,0.020585957,0.016748486,0.01651122,2.79e-09,0.020094348,0.004696332,0.002393062,-0.001386169,0.000672156,0.000501394,-0.000381725,-0.004668974,0.002463592,0.002517252,-0.002339552,0.002346144,0.006468353,0.004642279,0.004597878
435,M,0,-0.088719205,0.092918927,0.03243068,-0.012287856,0.034920337,0.137531932,0.068752341,0.067234809,-0.051257218,0.081649533,0.05443472,0.051460741,0.878071968,0.975005205,0.935504309,0.935424753,0.985129114,1.163351955,1.036492517,1.035999588,0.083220564,0.196349519,0.119692905,0.118229536,0.001214803,0.020743848,0.015134511,0.014618015,9.5e-09,0.020260921,0.006885611,0.004388292,-0.001611347,0.00082826,0.000623681,-0.000453481,-0.005582983,0.00224486,0.002546224,-0.002221799,0.001900099,0.006253208,0.004471206,0.004402202
435,M,1,-0.10685916,0.089020015,0.031346012,-0.008698157,0.025747276,0.109207934,0.064947379,0.063496701,0.002050819,0.081649533,0.060205247,0.058361465,0.894728011,0.975005205,0.932023765,0.931972426,0.949992384,1.160012835,1.023133626,1.022592596,0.087835175,0.192879183,0.119094519,0.118120915,0.001214803,0.020743848,0.015906532,0.015460477,5.34e-08,0.020260921,0.006607005,0.003944122,-0.001425186,0.00082826,0.000531382,-0.000374338,-0.005582983,0.001808351,0.002665065,-0.002369889,0.001900099,0.006253208,0.004491829,0.004426429
435,M,2,-0.10685916,0.030838011,0.036865226,-0.028978876,0.023443865,0.078090929,0.054035997,0.053416786,0.008694882,0.079163817,0.063386851,0.061919275,0.893246999,0.957151353,0.93073553,0.93070049,0.949992384,1.160012835,1.014909949,1.014375071,0.079651496,0.178837547,0.114444277,0.113684491,0.001444846,0.019184012,0.01543671,0.015060566,5.34e-08,0.012812976,0.001036496,0.000560005,-0.001481654,0.000568107,0.000521788,-0.00035144,-0.004723213,0.002422665,0.002915107,-0.002686618,0.002364852,0.005968468,0.004686367,0.004641585
437,H,0,0.00082398,0.153766677,0.079218599,0.074255926,-0.099191962,0.052365308,0.031694609,-0.024835826,-0.092548356,0.032678254,0.034610248,-0.029560816,1.045535394,1.287744745,1.168014192,1.167803143,1.05241845,1.288148178,1.124810299,1.12378253,0.157017512,0.394708443,0.220196349,0.216506215,0.000652355,0.019371502,0.01349071,0.012834834,1.76e-11,0.017375183,0.001761501,0.000658132,-0.001686997,0.001454457,0.000597132,0.000177589,-0.0046564,0.002196991,0.002167597,-0.001864326,0.001670722,0.006573285,0.004311845,0.004251778
437,H,1,0.006098264,0.151542633,0.083314298,0.078774499,-0.099191962,0.004360448,0.031630726,-0.026156002,-0.078772158,0.032678254,0.035794629,-0.031215564,1.045535394,1.287744745,1.161193442,1.160975132,1.051548279,1.270101503,1.107895575,1.10732239,0.141514789,0.394708443,0.20368979,0.200853813,0.001393898,0.019371502,0.014033051,0.013594217,3.25e-10,0.017375183,0.001516386,0.00052511,-0.001409626,0.001131505,0.000466319,2.34e-05,-0.0046564,0.002196991,0.002239408,-0.002013798,0.001670722,0.006573285,0.004358929,0.004305012
437,H,2,0.035901055,0.133287891,0.09398632,0.092187261,-0.054414599,0.010959054,0.01767258,-0.01411484,-0.078772158,-0.013845162,0.03884261,-0.037300032,1.076304862,1.197996734,1.152091127,1.151997034,1.051548279,1.214289469,1.093057178,1.092783763,0.139866808,0.281803834,0.185330608,0.184279634,0.001421452,0.018042786,0.014394553,0.014129644,2.56e-09,0.007366223,0.000733439,0.00030721,-0.001409626,0.001287599,0.000493609,0.000153128,-0.003786261,0.001234025,0.002141244,-0.002010851,0.002389294,0.005503325,0.004346226,0.004319375
437,L,0,-0.066389413,0.215760224,0.096560702,0.090687413,-0.067026633,0.118269749,0.032512305,0.02607581,-0.131332846,0.031874646,0.024591419,-0.010881144,0.873634356,1.023999382,0.954997184,0.954692583,0.855751331,1.126100778,0.935672283,0.934223137,0.010656747,0.200063729,0.106454635,0.099912571,0.000901186,0.018390642,0.013779464,0.013150893,1.81e-08,0.03460908,0.005176323,0.001971614,-0.004130708,0.001338628,0.000472973,-7.07e-05,-0.003712644,0.002052918,0.001716777,-0.00149038,0.001467877,0.007973355,0.004090296,0.004045599
437,L,1,-0.021671909,0.215760224,0.089932083,0.086285321,-0.037692997,0.118269749,0.029252671,0.025484844,-0.102456443,0.023219631,0.012546473,-0.001961602,0.875679197,0.979550649,0.935575607,0.935517247,0.855751331,1.037359953,0.895627185,0.895159498,0.049240915,0.19130781,0.130802961,0.129472591,0.001276303,0.01818297,0.015133638,0.014825855,1.68e-08,0.008703189,0.000603931,0.000330006,-0.001376005,0.001338628,0.000511573,4.81e-05,-0.003417271,0.001292803,0.001495316,-0.001371373,0.001974912,0.005202625,0.004002936,0.003978246
437,L,2,-0.021671909,0.150528392,0.091710695,0.088251106,-0.037692997,0.06886437,0.027951232,0.024560591,-0.046436853,0.02343369,0.013225565,-0.003831007,0.852648331,0.964942504,0.929138752,0.929087829,0.840654944,1.016184821,0.889821803,0.889523111,0.059287493,0.183145563,0.137171301,0.136226041,0.001438373,0.018578296,0.015129309,0.014875293,1.19e-09,0.008703189,0.000814474,0.000382401,-0.001272277,0.001143951,0.00050059,3.75e-05,-0.003477143,0.001327984,0.001606194,-0.001464188,0.002079476,0.005443398,0.00400055,0.003976254
437,M,0,-0.050759853,0.135122953,0.098500128,0.094355279,-0.056017421,0.051840252,0.013000107,-0.001847789,-0.100761941,0.00980136,0.036672854,-0.032699772,1.010880951,1.216842127,1.11660855,1.116217967,0.998562785,1.262329636,1.073640271,1.072443743,0.050735036,0.328719255,0.153975862,0.145195268,0.000786969,0.01821105,0.014118406,0.013684521,7.32e-10,0.009879442,0.001184202,0.000480146,-0.001684655,0.001523504,0.000568347,0.000173573,-0.003758968,0.001385483,0.00197993,-0.001801895,0.002370191,0.005725178,0.004338632,0.004304248
437,M,1,-0.023990422,0.129859179,0.095629791,0.091367799,-0.057372931,0.031459279,0.013071307,0.000670536,-0.059957383,0.020128586,0.029834546,-0.027271611,0.984090611,1.146284288,1.101409286,1.101314593,1.011008846,1.152627277,1.04803085,1.047782871,0.078132919,0.184200345,0.119737657,0.118569055,0.000635628,0.018722997,0.01450418,0.014229397,7.32e-10,0.009879442,0.001163489,0.000469316,-0.001246871,0.001500739,0.000521055,0.000208373,-0.003748359,0.001660929,0.002087579,-0.001962807,0.002370191,0.005805413,0.004429023,0.004400535
437,M,2,-0.023990422,0.11931766,0.081748421,0.077285645,-0.057372931,0.031459279,0.013304062,-0.002988168,-0.060222019,0.020128586,0.027940558,-0.024920431,0.984090611,1.139232669,1.097958448,1.097867998,1.011008846,1.156612604,1.04681986,1.046391874,0.078132919,0.186488094,0.117398912,0.115838087,0.000635628,0.018722997,0.014083923,0.013647915,6.87e-09,0.006204449,0.00044137,0.000248318,-0.001096284,0.001439419,0.000385865,5.76e-05,-0.003884202,0.001689629,0.002186411,-0.00199672,0.002475635,0.005866719,0.00449915,0.004461931
438,H,0,-0.090646675,0.012773234,0.033637568,-0.028684792,-0.046777612,0.025082786,0.0115811,0.00038675,-0.100176599,0.016110052,0.032010641,-0.023762652,0.94285465,1.050189762,0.985515482,0.985399404,0.934471989,1.232885011,1.052977281,1.051429498,0.013559664,0.257650226,0.086619387,0.065450397,0.000466951,0.018743578,0.014291294,0.013617577,9.44e-07,0.011853459,0.00164343,0.001105852,-0.001544982,0.001060063,0.000528566,-0.000352183,-0.003350935,0.003086194,0.001809819,-0.001388087,0.002507565,0.005176954,0.003968771,0.003936389
438,H,1,-0.086399034,0.149308073,0.03323817,-0.016491624,-0.036725775,0.072841811,0.013376003,0.00292561,-0.105652628,0.001519821,0.032991523,-0.026370556,0.970569148,1.062114769,0.992939375,0.992867725,1.005318184,1.241548399,1.05368236,1.052500262,0.017677084,0.271381582,0.081893232,0.063477472,0.001172558,0.018996498,0.014825314,0.014259929,1.38e-07,0.002946192,0.000939402,0.000750676,-0.001544982,0.000951505,0.000508248,-0.000340355,-0.00304422,0.003086194,0.001747332,-0.001308883,0.002481452,0.005176954,0.003895762,0.003865744
438,H,2,-0.086399034,0.149308073,0.034570176,0.007185378,-0.042956254,0.072841811,0.016958724,0.008432907,-0.107664482,0.005527664,0.039037478,-0.034118833,0.966896479,1.062114769,0.996901812,0.996807626,1.005318184,1.268389461,1.055494624,1.05445671,0.018277694,0.296608584,0.084646169,0.070317023,0.001176478,0.018996498,0.01550883,0.015001377,1.38e-07,0.020297348,0.003108978,0.001300636,-0.00148082,0.000951505,0.000402856,-0.000214951,-0.003444362,0.002980963,0.00168312,-0.001337308,0.002481452,0.00521468,0.003796001,0.003764087
438,L,0,-0.092640551,0.019966934,0.029066229,-0.023454778,-0.016899708,0.037501363,0.023758095,0.02136455,-0.098362555,0.017581633,0.030317789,-0.022812188,0.926453234,1.030207517,0.951429395,0.951314152,0.970335323,1.196111756,1.022942546,1.021705198,0.033566672,0.216609735,0.084108621,0.076268838,0.000488123,0.018913264,0.015312405,0.014619965,1.77e-07,0.002830468,0.000941836,0.000788159,-0.001362597,0.000980361,0.00058172,-0.000372633,-0.00344788,0.002661733,0.001867007,-0.001458659,0.002537608,0.005188775,0.003997702,0.003973527
438,L,1,-0.092640551,0.073725084,0.027428256,-0.007132091,-0.032366925,0.04395966,0.022647252,0.019065805,-0.098362555,0.017581633,0.035912598,-0.029931872,0.931179691,1.030207517,0.967090258,0.966959849,0.979029251,1.24188394,1.03890343,1.037547948,0.02972464,0.262973721,0.085854077,0.074515989,0.001130743,0.018913264,0.015038471,0.014240977,1.77e-07,0.012630279,0.001791563,0.000946501,-0.001336615,0.000980361,0.000530444,-0.000315955,-0.00344788,0.002661733,0.001634965,-0.00115156,0.002572989,0.005058965,0.00378339,0.003757051
438,L,2,-0.076345715,0.073725084,0.029675041,-0.011994667,-0.032366925,0.04395966,0.018242101,0.01218736,-0.097141434,-0.003200864,0.033646444,-0.028875,0.948401919,1.05029474,0.978027968,0.977927296,0.989225729,1.24188394,1.047539296,1.046382948,0.020554849,0.262973721,0.08198567,0.06864525,0.001250198,0.019000198,0.015117775,0.014456653,2.85e-07,0.012630279,0.001797688,0.000973876,-0.00143901,0.000875071,0.000582487,-0.000369047,-0.00302288,0.002916677,0.00156212,-0.001153349,0.002420369,0.005071077,0.003788888,0.003761232
438,M,0,-0.104578035,0.023846363,0.035969949,-0.023665435,-0.045680151,0.025345179,0.013714651,-0.000566173,-0.087527517,0.007913021,0.032899564,-0.028223415,0.937525993,1.048008915,0.975540736,0.975423328,0.988596439,1.217192037,1.041938003,1.040822332,0.01631573,0.22584356,0.078062056,0.064056802,0.000995281,0.018868848,0.015389717,0.014793227,5.03e-08,0.009176979,0.001319369,0.000910582,-0.001120703,0.001037661,0.000403151,-0.000206003,-0.003703019,0.002759537,0.001652437,-0.001312759,0.002202754,0.005521518,0.003790067,0.003754746
438,M,1,-0.104578035,0.038181457,0.035504902,-0.018854821,-0.056237151,0.022685672,0.016788687,-0.000673674,-0.101264055,0.007289668,0.036953131,-0.030947065,0.953886915,1.048891612,0.985912157,0.985798691,0.988596439,1.216236039,1.053345287,1.051883006,0.01631573,0.242007563,0.088561147,0.070009554,0.00103523,0.0192385,0.015070905,0.01425439,5.03e-08,0.0109159,0.001654868,0.001067736,-0.001347748,0.001037661,0.000440294,-0.000245323,-0.003703019,0.002811772,0.001643077,-0.00124239,0.002202754,0.005521518,0.003750624,0.003708882
438,M,2,-0.087972244,0.038181457,0.030117066,-0.014706269,-0.056237151,0.022685672,0.016681798,-0.000976278,-0.101264055,0.003057568,0.037815019,-0.032208886,0.957925563,1.048891612,0.993832406,0.993730635,1.001255403,1.218218772,1.06237022,1.060922413,0.018957385,0.243715731,0.09346389,0.074726209,0.000408409,0.0192385,0.015059836,0.014291941,1.57e-07,0.0109159,0.00153357,0.001124489,-0.001378237,0.000771559,0.00047649,-0.000323191,-0.003322727,0.002811772,0.001612934,-0.00129833,0.002237857,0.005124968,0.003772829,0.0037263
439,H,0,-0.15078758,0.092256898,0.061354521,-0.039129399,-0.011707007,0.125449421,0.074005866,0.066342199,-0.060532165,0.096379626,0.052254928,0.039736714,0.808838756,1.082615307,0.891916009,0.889635652,0.722348359,1.014338542,0.813797262,0.810915346,0.037546555,0.351240654,0.254726524,0.245443681,0.000961066,0.017990174,0.013257783,0.012531065,3.03e-10,0.015483233,0.003969782,0.002376982,-0.002227564,0.001231418,0.00084273,-0.000637234,-0.003853759,0.002068003,0.001963629,-0.001601381,0.001669742,0.00582517,0.003831131,0.003766941
439,H,1,-0.187578761,0.022864876,0.070019054,-0.05513427,0.009139066,0.125449421,0.068689889,0.063225761,-0.045392903,0.096379626,0.060575403,0.052432481,0.812407185,0.947909712,0.874981228,0.874731928,0.737445026,0.944651394,0.796120001,0.794852998,0.137938591,0.338707145,0.261948534,0.258997693,0.000961066,0.017944281,0.013743132,0.013005631,1.47e-07,0.015321759,0.003686284,0.002163461,-0.002699237,0.000809545,0.000908367,-0.000726504,-0.004199698,0.001922172,0.00194403,-0.001638058,0.001775413,0.00582517,0.003924487,0.003851275
439,H,2,-0.187578761,-0.004849427,0.080573816,-0.073047714,0.007506943,0.11133661,0.057560934,0.052540128,-0.035553088,0.094948009,0.068156572,0.061634214,0.812407185,0.947909712,0.877735651,0.877503885,0.737445026,0.944651394,0.791989558,0.790846495,0.137938591,0.338707145,0.262535999,0.260040882,0.001077844,0.017944281,0.014105932,0.013456234,6.36e-08,0.01269395,0.001785423,0.000985386,-0.002699237,0.000809545,0.00105461,-0.000899943,-0.004199698,0.001922172,0.0018704,-0.001590341,0.001775413,0.00574285,0.003965203,0.003892653
439,L,0,-0.385489272,0.141736274,0.092179849,-0.058003264,-0.044475609,0.100749018,0.044988791,0.039046218,-0.060873283,0.164785466,0.058083547,0.047535408,0.805232801,1.027839805,0.889289883,0.888688619,0.731532664,0.937263895,0.809105183,0.808113707,0.08192817,0.320125648,0.239333931,0.235761909,0.000873997,0.018119296,0.013611556,0.013239864,1.88e-09,0.013425213,0.001668532,0.000632208,-0.002751088,0.000713479,0.000973067,-0.000792211,-0.003981493,0.001935863,0.00209809,-0.001839837,0.001891829,0.005713888,0.003951171,0.003910928
439,L,1,-0.161848011,0.041572291,0.070803021,-0.065062469,-0.005360581,0.100749018,0.044391979,0.040392486,-0.046804932,0.090242265,0.065024313,0.060014474,0.841494222,0.95281199,0.895814071,0.895570636,0.731532664,0.947461203,0.808910347,0.808159546,0.121796864,0.310087457,0.235705846,0.233927149,0.001010014,0.017551461,0.014127766,0.013716067,9.67e-09,0.013425213,0.001652363,0.000581321,-0.002357259,0.000713479,0.001006354,-0.000874545,-0.003941254,0.00226788,0.002085594,-0.001791298,0.001891829,0.005713888,0.004028736,0.003985587
439,L,2,-0.161848011,0.022094382,0.075146464,-0.070495907,-0.000233786,0.081965329,0.045680637,0.042335872,-0.023821338,0.091270546,0.064942616,0.060078994,0.848468695,0.939086251,0.896616499,0.896449138,0.761151244,0.947461203,0.815573575,0.814643922,0.127442595,0.285940469,0.230650269,0.228172143,0.001307451,0.017577057,0.013857797,0.013323018,1.27e-09,0.013606816,0.002048963,0.000782355,-0.002267563,0.000485405,0.000982033,-0.000856331,-0.003729572,0.00226788,0.002099784,-0.001754124,0.00196471,0.005743347,0.004003971,0.003957275
439,M,0,-0.13285751,0.237000898,0.063652225,-0.000743213,-0.009685215,0.265545198,0.108649345,0.088087483,-0.142734933,0.092821872,0.048583625,0.015867857,0.799134898,0.957815485,0.87183445,0.871495416,0.690208547,1.062529423,0.789466745,0.788334009,0.133958361,0.397076994,0.279032705,0.274445596,0.001138717,0.017820478,0.012515366,0.01191951,7.38e-10,0.017623606,0.00286124,0.001465121,-0.002146119,0.002114724,0.000848105,-0.000273339,-0.003796271,0.00207517,0.001897327,-0.001644821,0.001620643,0.005773636,0.003796711,0.003741689
439,M,1,-0.163942229,0.029776823,0.05351008,-0.038723672,-0.009685215,0.117650058,0.066194888,0.059705861,-0.020164364,0.111533436,0.05625859,0.049644785,0.830150306,0.963315266,0.889938771,0.889602431,0.741213539,0.926187363,0.807919448,0.806847464,0.126508304,0.327037495,0.243663399,0.240110528,0.001172222,0.018935443,0.013441459,0.012848388,3.75e-08,0.017623606,0.002617572,0.00119799,-0.00232348,0.001276691,0.000870493,-0.000615513,-0.003796271,0.001465529,0.001923189,-0.001675271,0.001687585,0.005547854,0.00396641,0.003911632
439,M,2,-0.163942229,0.024366652,0.065267486,-0.052062565,0.014047829,0.115339228,0.066734713,0.062470118,-0.032160311,0.111533436,0.063548711,0.056473886,0.830150306,0.963315266,0.89865242,0.898362058,0.74556593,0.933870716,0.820802911,0.819863496,0.126508304,0.313792199,0.230942509,0.227772213,0.001805782,0.018935443,0.013495492,0.012907382,4.71e-08,0.010604384,0.001268129,0.000479288,-0.00232348,0.001276691,0.00092683,-0.000694201,-0.003976611,0.001343638,0.001971358,-0.001709856,0.001687585,0.005548819,0.003994577,0.003930554
440,H,0,0.020298935,0.130935425,0.088512129,0.086440974,0.034840936,0.104790045,0.085163786,0.084281255,-0.023523599,0.064952548,0.038080399,0.033470774,0.881270353,0.981661584,0.911163937,0.910984293,0.776920323,0.954535438,0.839540687,0.83869646,0.070156234,0.270124918,0.210688789,0.206658041,0.001527848,0.018315989,0.015571468,0.015109486,2.61e-06,0.017254472,0.008100793,0.007199813,-0.001656341,0.001439335,0.000573035,-0.000170984,-0.003896429,0.00168752,0.002194683,-0.001991877,0.002178664,0.005748214,0.004184423,0.004135657
440,H,1,0.020298935,0.132276217,0.086987549,0.085174024,0.034840936,0.103652393,0.086877861,0.086104267,-0.020188127,0.064952548,0.040284368,0.036890947,0.880023811,0.981661584,0.905845743,0.905723737,0.776920323,0.944479784,0.828930057,0.828360545,0.070156234,0.270124918,0.22064355,0.217947474,0.001890907,0.018289576,0.015914075,0.015527643,3.98e-06,0.019550566,0.008795809,0.007985859,-0.001512577,0.001331169,0.000560969,-8.02e-05,-0.003896429,0.001292502,0.002278682,-0.002106564,0.001689308,0.005585066,0.004225294,0.00418029
440,H,2,0.030842767,0.132276217,0.081065362,0.079168629,0.0496751,0.103652393,0.08459015,0.083941769,-0.022962211,0.070238871,0.044067025,0.039894844,0.879740406,0.980812871,0.907320981,0.907176498,0.771631194,0.939683005,0.82828739,0.827601717,0.099338252,0.272681609,0.220980382,0.217780334,0.000355499,0.018289576,0.015575604,0.015090781,1.19e-05,0.019550566,0.009329349,0.008440387,-0.001836064,0.001305854,0.000591339,-3.84e-05,-0.004013609,0.001535801,0.002146135,-0.001938935,0.001689308,0.005777158,0.004122435,0.004072223
440,L,0,-0.000163785,0.148625075,0.068131602,0.064541778,0.041770311,0.114571516,0.082786876,0.082126148,-0.012483648,0.071731899,0.050685136,0.047996426,0.853951118,0.976745727,0.907126442,0.906925129,0.767279766,0.943909844,0.828416187,0.827775295,0.092808819,0.298178801,0.221751125,0.218561907,0.001694849,0.018589403,0.016232924,0.015903158,6.27e-07,0.018259013,0.007222933,0.005839294,-0.001427641,0.001505723,0.000523479,1.95e-05,-0.004122947,0.001391896,0.002100676,-0.001940854,0.001903559,0.005865856,0.004308308,0.004265988
440,L,1,0.003826923,0.089294104,0.055827846,0.054340709,0.037124787,0.095599415,0.081250285,0.080823728,-0.012483648,0.065503773,0.05164839,0.049575232,0.873875964,0.989425844,0.906808271,0.906672812,0.780694977,0.94090759,0.826908401,0.826402458,0.089630228,0.273470855,0.221804799,0.219312209,0.002615091,0.018513559,0.016409753,0.016140108,6.27e-07,0.009630887,0.006472866,0.005811292,-0.001671246,0.001180752,0.000579268,-0.000307798,-0.004122947,0.001233803,0.002314168,-0.002135772,0.001903559,0.005709487,0.00434349,0.004296473
440,L,2,-0.081171907,0.097783031,0.057887757,0.054484862,0.037124787,0.099514071,0.084533481,0.083919081,-0.00440619,0.121019523,0.052380422,0.049873664,0.859601671,0.989425844,0.901625737,0.901488472,0.767040291,0.92205834,0.821585887,0.821046112,0.089630228,0.292566528,0.229679752,0.227092195,0.002615091,0.018599734,0.016332888,0.016095885,3.13e-07,0.01613832,0.007443468,0.006820558,-0.001671246,0.001035578,0.000605307,-0.000405619,-0.003904501,0.001281312,0.002244508,-0.002073685,0.002074311,0.005542686,0.004268337,0.00422162
440,M,0,0.037525659,0.124658574,0.085217226,0.083840784,0.051467315,0.132894405,0.086896517,0.085979657,-0.023209725,0.071714771,0.044199726,0.041024857,0.893038842,0.995814131,0.927598413,0.927390562,0.794200718,0.957140305,0.854468438,0.853817924,0.083608695,0.247960659,0.19401746,0.190391761,0.00157309,0.018438393,0.015813172,0.015432092,1.86e-06,0.023779968,0.009091304,0.008008564,-0.001618628,0.001406756,0.000580431,7.77e-05,-0.003454493,0.001222529,0.001970294,-0.001842021,0.002382462,0.005573188,0.004197313,0.004162372
440,M,1,0.034305158,0.12939207,0.081693105,0.08000664,0.054156744,0.114003688,0.08437765,0.083797197,-0.01876886,0.064446154,0.042540651,0.038474957,0.889459197,0.9898624,0.926592207,0.926400951,0.792013657,0.957140305,0.850253639,0.849518368,0.083608695,0.25195486,0.196456166,0.19251576,0.000532346,0.018365399,0.015510754,0.015046794,7.97e-06,0.017188528,0.010505557,0.009755777,-0.001618628,0.001298387,0.000567675,-5.8e-05,-0.003903472,0.001222529,0.002015512,-0.001845841,0.002124743,0.005573188,0.004133661,0.004090923
440,M,2,0.034305158,0.141430697,0.089674101,0.087928632,0.060873345,0.114003688,0.088717253,0.088320341,-0.030663439,0.064446154,0.04014556,0.036034911,0.889459197,0.980359217,0.921529081,0.921361817,0.792013657,0.953670684,0.844114161,0.843450605,0.086593028,0.25195486,0.203966018,0.200736589,0.000532346,0.018365399,0.015684312,0.015254806,3.25e-05,0.017838801,0.011112298,0.010536778,-0.00146112,0.001186757,0.000544654,-0.000120878,-0.003903472,0.001101949,0.002077892,-0.001923801,0.001986127,0.005743526,0.004158933,0.004117672
441,H,0,-0.111030504,0.008414308,0.028729729,-0.021285158,0.003195709,0.047134674,0.028102456,0.027420298,-0.083341488,-0.019943644,0.045609476,-0.044288787,0.914412033,1.007766429,0.983760406,0.983597555,0.975294392,1.12928961,1.033000106,1.032679609,0.029980766,0.16484858,0.072037491,0.067040061,0.001238593,0.014620161,0.01184267,0.011498322,3.24e-07,0.019197145,0.002613363,0.001195034,-0.001100122,0.001163398,0.000396691,0.000100193,-0.003262349,0.002292837,0.001513834,-0.001198438,0.0017547,0.005395378,0.004064224,0.004013065
441,H,1,-0.059962629,0.008414308,0.023972729,-0.020377439,0.001731804,0.04217414,0.024416232,0.02377864,-0.087052001,-0.024385255,0.043398638,-0.042106105,0.927976359,1.020638028,0.992637767,0.992497714,1.004555471,1.126384216,1.042756101,1.04251225,0.038895911,0.168621228,0.071621837,0.06702697,0.002003223,0.014239145,0.012091403,0.011808597,3.24e-07,0.023207406,0.003608131,0.001526703,-0.001100122,0.000836091,0.000282173,-8.8e-05,-0.003341273,0.00229212,0.001639096,-0.001400341,0.0017547,0.005395378,0.004198361,0.004146061
441,H,2,-0.059962629,0.005907226,0.026809654,-0.023729712,0.001731804,0.039792876,0.02126039,0.020703687,-0.087052001,-0.024385255,0.044229186,-0.043054233,0.928596966,1.021913032,0.997465753,0.997321792,1.01191147,1.13382534,1.050656245,1.050431646,0.038895911,0.168621228,0.075616285,0.071378159,0.00195631,0.014433827,0.01197071,0.011674322,5.64e-08,0.023207406,0.003515876,0.001501222,-0.001227084,0.001055349,0.000311296,-0.000115035,-0.003341273,0.00229212,0.001540558,-0.001340484,0.001905217,0.005328874,0.004097381,0.00404846
441,L,0,-0.094576001,-0.008154965,0.037643266,-0.03449424,-0.012008408,0.038372955,0.014564527,0.013434891,-0.096145816,-0.029597258,0.049009727,-0.047498204,0.93750549,1.035412634,1.003851162,1.003657977,1.018300312,1.153182361,1.064714974,1.064374413,0.042269396,0.179306891,0.088794303,0.083850987,0.000766235,0.014324203,0.011533157,0.01110221,3.09e-07,0.021964102,0.003741364,0.001710596,-0.001312407,0.00123391,0.000398962,-8.2e-05,-0.002937196,0.002118026,0.001348295,-0.001072529,0.001806063,0.005270729,0.00409086,0.004032141
441,L,1,-0.065078606,-0.011152697,0.035839162,-0.034710888,-0.012008408,0.031082792,0.011022798,0.010093253,-0.082387375,-0.029003641,0.043984317,-0.043118718,0.934581793,1.035412634,1.007386388,1.007293011,1.024153438,1.153182361,1.06447889,1.064240631,0.044426045,0.179306891,0.083255506,0.07970634,0.001222161,0.014324203,0.01212082,0.011925107,1.12e-06,0.021964102,0.002769614,0.001393815,-0.001312407,0.000905697,0.000435524,-0.000285355,-0.00302525,0.001679253,0.001450083,-0.001322504,0.001806063,0.005407855,0.004358194,0.004315293
441,L,2,-0.069342168,-0.011557715,0.039778873,-0.038229078,-0.007916224,0.031082792,0.01003384,0.008832007,-0.082387375,-0.024663758,0.0419463,-0.04095252,0.934581793,1.034782597,1.006688288,1.006604169,1.022841408,1.138964034,1.059266184,1.05909049,0.039918971,0.161888996,0.077052002,0.074102619,0.002097496,0.014229217,0.012220704,0.012053989,2.89e-07,0.003261498,0.001119922,0.000967286,-0.001309567,0.000895694,0.000465214,-0.000365338,-0.00302525,0.001700208,0.001473601,-0.001360649,0.001999508,0.005409298,0.00439236,0.004357914
441,M,0,-0.11348726,-0.021726805,0.057304687,-0.055916027,-0.008400045,0.024676594,0.00667437,0.004726813,-0.076586373,-0.017678124,0.038456831,-0.037169471,0.945151651,1.033454101,1.011806832,1.0116932,1.017920678,1.150393304,1.06704371,1.066846016,0.034171314,0.169124505,0.082343113,0.079276743,0.001046828,0.01433441,0.011777775,0.011478684,2.97e-07,0.022924899,0.003028254,0.001223611,-0.001307526,0.000973299,0.000360288,-7.42e-05,-0.002931349,0.002294875,0.001061636,-0.000679754,0.001841021,0.005405354,0.003932435,0.00388453
441,M,1,-0.074649565,-0.021726805,0.055639039,-0.055112225,-0.008688132,0.0178142,0.005148217,0.000922283,-0.073654556,-0.017678124,0.034660294,-0.033540825,0.958298678,1.040531895,1.018634307,1.018556713,1.043790176,1.150393304,1.069943528,1.069801703,0.055287037,0.169124505,0.083102423,0.080924152,0.001603884,0.013934429,0.011961077,0.011802742,1.52e-07,0.022924899,0.002990877,0.001086998,-0.001035395,0.000904528,0.000271246,-7.08e-05,-0.003191142,0.001699813,0.001283668,-0.000945252,0.001654177,0.005422723,0.00423197,0.004187107
441,M,2,-0.120476519,-0.025251604,0.062828117,-0.060183266,-0.014236436,0.019752577,0.004811966,-0.00141587,-0.073821973,-0.004280331,0.03435935,-0.032622109,0.94925683,1.040531895,1.015654517,1.015535957,0.986470063,1.156452711,1.066635745,1.066398369,0.008189698,0.178905959,0.081246394,0.077749221,0.000745604,0.013745744,0.011807916,0.011652411,1.04e-07,0.0248173,0.004012208,0.001586874,-0.001381145,0.000904528,0.000363826,-0.000125963,-0.004283325,0.002035492,0.001552382,-0.001135874,0.001654177,0.005851531,0.004292473,0.004245366
442,H,0,-0.035792934,0.19950414,0.053824809,0.041210193,-0.054413381,0.181024801,0.026162772,0.003718183,-0.242613173,-0.037989025,0.090950321,-0.085338402,0.898846634,1.227979179,1.089024721,1.088382693,0.888538562,1.163233256,1.036048594,1.035348908,0.077023808,0.31032162,0.144446458,0.138792671,0.000634311,0.018516511,0.013889679,0.013245892,4.73e-07,0.014289266,0.002184117,0.001459296,-0.00172482,0.00140643,0.000624272,-0.000337884,-0.004278648,0.007302467,0.002344826,-0.001845706,0.002492262,0.008808128,0.004417698,0.004364862
442,H,1,-0.035792934,0.063852753,0.022337535,0.0147748,-0.054413381,0.033533334,0.015278993,-0.012116361,-0.148212673,-0.03981209,0.075996871,-0.072230542,0.983089199,1.132772696,1.084519512,1.084329722,0.95593678,1.156139989,1.030787768,1.030254815,0.080722799,0.206569862,0.124683165,0.122530324,0.000975013,0.018415769,0.0137431,0.013078425,4.73e-07,0.009156923,0.002104549,0.001434314,-0.001805078,0.001291818,0.000770791,-0.000510457,-0.004207427,0.002415931,0.002281559,-0.001805043,0.002503203,0.005689096,0.004446885,0.004403775
442,H,2,-0.025818197,0.04914655,0.016874433,0.012784626,-0.045979455,0.049436301,0.012377573,-0.007974284,-0.149865388,-0.03981209,0.071682737,-0.068393655,0.961574937,1.132772696,1.080901036,1.08065267,0.96010375,1.156139989,1.025461662,1.024967645,0.075857461,0.206569862,0.118193303,0.116014968,0.000981156,0.018253483,0.013979667,0.013439572,1.11e-09,0.009363054,0.001688792,0.001023992,-0.001805078,0.001291818,0.000796458,-0.000588078,-0.003830711,0.002422136,0.002376644,-0.001982625,0.002503203,0.005859335,0.004634716,0.004592927
442,L,0,-0.011169843,0.089212718,0.037290238,0.034603481,-0.034396769,0.047964488,0.010204282,-0.005582007,-0.140787866,-0.030046408,0.076009752,-0.073784535,1.083993263,1.210977715,1.177721149,1.177625314,1.018242746,1.217991667,1.09700007,1.096437841,0.181942132,0.288883539,0.219525762,0.218411586,0.000798676,0.018795045,0.014762862,0.014309932,4.01e-09,0.011682717,0.000787643,0.000358938,-0.00164642,0.001389409,0.000558335,0.000257542,-0.00424184,0.002615482,0.002111625,-0.001681852,0.002815215,0.006463853,0.004576497,0.004543483
442,L,1,-0.004172911,0.06524612,0.034810229,0.033615764,-0.024339802,0.029085378,0.005755586,-0.002854785,-0.132557683,-0.055179155,0.077128501,-0.075274961,1.0975535,1.208369995,1.172719256,1.172666477,1.043603366,1.210828454,1.093931993,1.093436525,0.173186987,0.288883539,0.213854122,0.212695141,0.000798676,0.018795045,0.015030084,0.014608674,4.01e-09,0.001679836,0.000482363,0.000300106,-0.001225752,0.001722245,0.000548749,0.000297509,-0.003978906,0.002615482,0.002008723,-0.00162261,0.002881344,0.006013168,0.004597045,0.004566599
442,L,2,0.011720834,0.058704312,0.029871138,0.029109966,-0.017718471,0.025809141,0.00495294,-0.002116859,-0.129094995,-0.055179155,0.072524311,-0.071304409,1.099067533,1.20994417,1.171796105,1.171747324,1.041280919,1.184661758,1.086231686,1.085894536,0.172632543,0.282374465,0.207378826,0.206497334,0.001375805,0.01830418,0.015327872,0.015082348,4.88e-09,0.00224092,0.00050806,0.000326107,-0.001211957,0.001722245,0.000485628,0.000260888,-0.003978906,0.001958416,0.001904882,-0.001717314,0.002988804,0.005841253,0.004655148,0.004629292
442,M,0,-0.00189451,0.091035908,0.04090111,0.034195412,-0.057750465,0.006920986,0.036702417,-0.035564194,-0.152696733,-0.051157463,0.080403536,-0.077765275,1.186589111,1.298425796,1.246075686,1.246001144,1.121809345,1.353044003,1.181862081,1.181212473,0.267451914,0.451534305,0.320760277,0.319332271,0.001253688,0.01896006,0.014229721,0.013821542,1.45e-06,0.011355518,0.001549212,0.001339515,-0.001718907,0.001058635,0.000505057,-0.000261248,-0.004386056,0.002301139,0.002360519,-0.001968409,0.002655661,0.0063593,0.004627076,0.004580858
442,M,1,-0.00189451,0.038928185,0.02055,0.019681669,-0.05624627,-0.017623953,0.037593956,-0.037340851,-0.117518174,-0.051157463,0.066571316,-0.065551606,1.177961504,1.292324289,1.238303367,1.238241168,1.11740467,1.278176667,1.157245606,1.156869,0.258273958,0.382491253,0.29704769,0.296120568,0.001253688,0.017401138,0.014292304,0.014039116,5.61e-07,0.004875992,0.001329291,0.001164244,-0.001114006,0.001058635,0.000336028,-5.97e-05,-0.004156164,0.002191075,0.002876493,-0.002697544,0.002972348,0.006151083,0.004837021,0.00481026
442,M,2,-0.00377785,0.038928185,0.018830261,0.017672293,-0.063045128,-0.017623953,0.038648744,-0.03833074,-0.113965926,-0.05031157,0.067230501,-0.065883396,1.177961504,1.294086867,1.239628615,1.239549472,1.100137273,1.266680596,1.152668733,1.152208733,0.258273958,0.379049549,0.296347038,0.295190505,0.001903443,0.017401138,0.014450575,0.014157031,2.49e-07,0.004242502,0.00138064,0.001188013,-0.001114006,0.001131921,0.000358234,-5.93e-06,-0.004156164,0.002191075,0.002697361,-0.002494451,0.003042941,0.006302253,0.004887371,0.004858025
443,H,0,-0.164303734,0.050802611,0.029634659,0.017083424,-0.030836099,0.07539138,0.048247131,0.043994828,-0.007017554,0.056879542,0.032931575,0.031377907,0.922414124,1.082947294,0.985467429,0.985081951,0.781086182,1.029046196,0.874702832,0.874135503,0.01494559,0.24887239,0.145699907,0.1426131,0.000739764,0.016027249,0.012084792,0.011636217,1.13e-07,0.014438644,0.001711394,0.000645182,-0.002237637,0.000731517,0.000529846,-0.00030916,-0.004434053,0.000890637,0.002384786,-0.002068512,0.000934258,0.005419967,0.003715341,0.003615199
443,H,1,-0.046006213,0.081512469,0.034662333,0.026526715,-0.02398153,0.063675869,0.043538324,0.040264105,-0.01535835,0.058272172,0.032045289,0.030315876,0.960581453,1.082947294,0.999625435,0.999376989,0.84222106,1.007464793,0.89065764,0.890165851,0.036904424,0.174938173,0.127901719,0.125292726,0.000635591,0.015754139,0.011760689,0.011420253,1.26e-08,0.01133,0.002043112,0.001029883,-0.001974309,0.001045841,0.000496548,-0.000170464,-0.004459064,0.001120069,0.00258408,-0.002285893,0.000934258,0.005769135,0.003877511,0.003790281
443,H,2,-0.063998826,0.186353953,0.043718891,0.028231943,-0.022269883,0.101497676,0.041600283,0.03800277,-0.02661069,0.066476532,0.031834284,0.028228288,0.965336356,1.086726725,1.010281496,1.010098834,0.860405983,1.040531735,0.913110324,0.912593467,0.036403127,0.160645645,0.108621217,0.106094734,0.000635591,0.015716013,0.011328197,0.010977915,1.26e-08,0.012759063,0.003811874,0.002711856,-0.001996832,0.001045841,0.000513272,-0.000131745,-0.004459064,0.001120069,0.002613611,-0.002321812,0.001666539,0.005799543,0.00398715,0.003912635
443,L,0,-0.153213817,0.064579216,0.026299552,0.013021874,-0.062595834,0.078913667,0.049615112,0.046424024,-0.019058578,0.062636001,0.040465322,0.039010166,0.911549799,1.043168479,0.958637038,0.958463612,0.810712327,0.978045574,0.849891311,0.849495809,0.063532447,0.220373963,0.171698775,0.169485446,0.00096833,0.016602665,0.012872642,0.012570356,1.04e-07,0.014301341,0.00098985,0.000647432,-0.002039427,0.001170846,0.000398776,-0.000180644,-0.004279677,0.000594499,0.002401778,-0.00217747,0.000938366,0.005242299,0.003762157,0.003692846
443,L,1,-0.066719055,0.034622604,0.014112393,0.000511274,-0.029609104,0.05894477,0.047985079,0.046836501,0.016309992,0.061394069,0.047858878,0.047325023,0.939212161,1.044770062,0.96049766,0.960391428,0.82214339,0.943175909,0.851847374,0.851620471,0.063532447,0.200820546,0.169614104,0.168165566,0.00096833,0.015860882,0.01292325,0.012784892,1.26e-11,0.014301341,0.00094416,0.000489766,-0.001362623,0.001170846,0.00031873,-0.000109028,-0.004279677,-0.000110927,0.002396111,-0.002215384,0.001501743,0.005256142,0.003718834,0.00367069
443,L,2,-0.048885545,0.071357769,0.026302948,0.010189363,-0.011281762,0.07320968,0.049402772,0.047879213,2.27e-05,0.061394069,0.045581412,0.044555946,0.946067508,1.044770062,0.967615085,0.967475606,0.830241134,0.956521146,0.858339894,0.858000696,0.051180922,0.192711117,0.163070595,0.160807455,0.001108427,0.015570305,0.012414321,0.012183115,1.26e-11,0.009542942,0.001270939,0.000585564,-0.001612264,0.001204464,0.000376508,-3.23e-05,-0.004347921,-9.34e-05,0.002709609,-0.002553939,0.001430482,0.005293445,0.003928662,0.003874398
443,M,0,-0.092624911,0.071522629,0.023903115,0.013591536,-0.038926286,0.058034798,0.033755604,0.030183318,-0.010139504,0.065524909,0.041230929,0.040063542,0.96307782,1.08134384,0.998498668,0.998306913,0.841720804,0.994075163,0.887640866,0.887150101,0.027342806,0.173140701,0.129735494,0.127068404,0.000505777,0.016814258,0.012015057,0.011629383,3.93e-07,0.010661225,0.001687851,0.000977011,-0.001941481,0.000997099,0.00051785,-0.000261207,-0.004207081,0.000380655,0.002599334,-0.002338386,0.001338408,0.005464949,0.003928668,0.003858588
443,M,1,-0.066883847,0.048896476,0.021309033,0.012521225,-0.03105672,0.054345284,0.036042931,0.033772393,0.00501936,0.065524909,0.043111242,0.042312286,0.967503832,1.090987799,0.995813703,0.995676711,0.85693414,0.985024207,0.883737845,0.883357555,0.027342806,0.159057645,0.133141465,0.131049003,0.000621103,0.015176037,0.011989632,0.011719194,1.1e-07,0.010661225,0.00149198,0.000829259,-0.001888087,0.000997099,0.000394766,-7.12e-05,-0.00435377,0.000380655,0.002944323,-0.002736042,0.001759454,0.005230369,0.004128277,0.004073301
443,M,2,-0.058862049,0.050650806,0.021112543,0.013219477,-0.029606836,0.055721354,0.036630057,0.035006198,0.004401558,0.070951889,0.044057695,0.043277438,0.973707075,1.090987799,0.996169936,0.996063251,0.850859603,1.014854743,0.887760372,0.887392198,0.024873357,0.164513206,0.12978815,0.127932304,0.000555708,0.01556901,0.011952873,0.01178151,1.1e-07,0.011318109,0.001869481,0.00102622,-0.001986244,0.001447941,0.000419192,-5.26e-05,-0.004360339,0.000263565,0.003089086,-0.002922898,0.001655675,0.005854001,0.004236367,0.004185158
444,H,0,-0.463201527,0.113994931,0.100785075,0.016064632,-0.30962627,0.13449805,0.098310271,0.082058729,-0.063801183,0.173532985,0.028514422,0.007670586,0.759942893,1.359054913,0.867825737,0.86598515,0.769760869,1.308166541,0.899441809,0.896381361,0.034137406,0.569561108,0.218773941,0.214211082,0.001150664,0.027037867,0.014110094,0.01338611,5.88e-07,0.017216565,0.004985358,0.002988663,-0.006359719,0.003996291,0.000569351,-4.83e-05,-0.011179687,0.00556729,0.002493014,-0.001986353,0.001387622,0.013909786,0.003981586,0.003891787
444,H,1,-0.273509167,0.240876645,0.085814915,-0.002929,-0.030038972,0.222323756,0.091965819,0.085841191,-0.114549986,0.109412818,0.031809125,0.017900055,0.721620283,0.904023926,0.85406196,0.853579456,0.769760869,1.062350279,0.889953751,0.88835705,0.125702859,0.371695011,0.216877915,0.214941428,0.001234754,0.019848908,0.014133982,0.013400227,9.36e-07,0.02096961,0.00607123,0.004004914,-0.006359719,0.002167797,0.000537593,2.2e-06,-0.011179687,0.007735334,0.00256555,-0.002039028,0.001429048,0.013909786,0.003979712,0.003882815
444,H,2,-0.474766425,0.240876645,0.091150596,-0.016180341,-0.171620625,0.222323756,0.086791005,0.077698123,-0.114549986,0.075469325,0.030543976,0.012040779,0.721620283,0.973054271,0.862352332,0.861701745,0.805235128,1.222031239,0.902578798,0.900528058,0.063452272,0.371695011,0.205684317,0.202518761,0.000688301,0.019848908,0.013877754,0.013038952,4.53e-07,0.02096961,0.005268965,0.003193043,-0.001863881,0.002167797,0.000510623,-7.97e-05,-0.005402744,0.007735334,0.002500605,-0.001897138,0.001429048,0.01114739,0.003872494,0.003781501
444,L,0,-0.16934355,0.170859072,0.065206289,0.043326759,0.024137369,0.150392103,0.10145993,0.098978319,-0.038169979,0.064445825,0.028402025,0.024166401,0.810694196,0.932771401,0.862961609,0.862773794,0.817135901,1.06466898,0.899261894,0.897919095,0.109334317,0.28701458,0.207580603,0.205018136,0.000653874,0.018278992,0.013308849,0.012773058,9.34e-07,0.017807617,0.005563614,0.003833637,-0.001469947,0.00136748,0.000491185,4.87e-05,-0.004660738,0.002501261,0.002912054,-0.002549071,0.001574088,0.005643793,0.004212157,0.004127272
444,L,1,-0.238176771,0.126342228,0.067824329,0.032845162,-0.001169164,0.157928789,0.10985252,0.106390422,-0.036600303,0.053478654,0.026308655,0.022378935,0.803004405,0.896214615,0.852178893,0.852042655,0.791412486,1.065976262,0.888708786,0.88748104,0.12620628,0.301738556,0.222989918,0.220585178,0.000653874,0.018527712,0.014016348,0.013455409,9.93e-07,0.021315887,0.006402109,0.004398193,-0.001871296,0.001469305,0.000469349,1.2e-05,-0.005041098,0.002501261,0.002718045,-0.002327868,0.001284429,0.006196741,0.004065976,0.004006474
444,L,2,-0.238176771,0.117866866,0.075161554,0.036279574,-0.001169164,0.157928789,0.115121215,0.11195486,-0.036156297,0.068357808,0.027494451,0.022362019,0.787799924,0.881272608,0.849567842,0.849413772,0.791412486,1.065976262,0.873707817,0.872589179,0.146910912,0.301738556,0.23480589,0.233072114,0.00041479,0.019230551,0.014524264,0.014052006,6.12e-08,0.021315887,0.005040778,0.003115567,-0.001871296,0.001469305,0.000475743,6.26e-05,-0.005041098,0.002406998,0.002753662,-0.002382908,0.001284429,0.006196741,0.004084716,0.004021711
444,M,0,-0.303942869,0.089952732,0.077641478,-0.001052132,-0.056566912,0.128724159,0.063737769,0.056177183,-0.149507853,0.048599335,0.028857052,-0.015251253,0.770600626,1.038617131,0.941235475,0.94021072,0.84343039,1.179242345,0.96899599,0.96749994,0.037766614,0.265600256,0.119797175,0.112061782,0.000965156,0.019115242,0.013333246,0.012668635,1.78e-08,0.024850983,0.005020917,0.002315154,-0.001647034,0.001263804,0.000481856,3.65e-05,-0.004849713,0.002722634,0.003035657,-0.00256343,0.001395598,0.006140198,0.00424531,0.004143856
444,M,1,-0.323381394,0.111598155,0.086316997,-0.005411362,-0.046569455,0.147514223,0.073497237,0.064211683,-0.174066523,0.024096643,0.035869484,-0.024384725,0.770600626,1.007159354,0.920036379,0.918700538,0.822481218,1.148298442,0.955716093,0.953760921,0.045330586,0.288940721,0.147056909,0.137678622,0.000307761,0.018357706,0.013705193,0.012979225,1.78e-08,0.019131855,0.004075937,0.001896003,-0.001647034,0.001267638,0.000454499,-2.49e-05,-0.004849713,0.002617681,0.002714238,-0.002205886,0.001395598,0.005861573,0.00395748,0.003865311
444,M,2,-0.323381394,0.143365402,0.089532089,0.003828039,-0.046569455,0.147514223,0.070356702,0.061824301,-0.174066523,0.024176188,0.032823305,-0.024104445,0.797696537,1.009308249,0.920533061,0.919475768,0.822481218,1.148298442,0.953043215,0.951097983,0.025953939,0.288940721,0.143361148,0.135848519,0.000307761,0.01850866,0.014032373,0.013338638,6.04e-08,0.019033403,0.003789653,0.001833606,-0.001738074,0.001267638,0.000470231,-0.000169735,-0.00456429,0.002617681,0.002519414,-0.00206854,0.001598202,0.005810839,0.003888693,0.003811252
445,H,0,-0.19058769,0.062292422,0.077335423,-0.064922663,-0.061480952,0.058010771,0.023562806,0.005721693,-0.138305355,-0.009734378,0.054181008,-0.047526704,0.920882609,1.031981379,0.983424784,0.983329773,0.904101718,1.102780018,0.963674532,0.962491545,0.040195685,0.174063677,0.087413169,0.084810948,0.001877129,0.016845197,0.012597886,0.012019521,2.06e-06,0.011786174,0.002558611,0.001422083,-0.001559066,0.000702335,0.000589072,-0.000425493,-0.00369973,0.002474152,0.001591671,-0.001215619,0.001818318,0.004979052,0.003649199,0.003608301
445,H,1,-0.183158567,0.024808759,0.07302416,-0.063812926,-0.03528243,0.067801587,0.025404372,0.012394522,-0.116179789,-0.012155255,0.04990693,-0.045180069,0.915128294,1.014701082,0.978189136,0.97807919,0.91019901,1.074733905,0.947927997,0.94721042,0.053742286,0.149532011,0.089321533,0.087822013,0.002529096,0.016845197,0.013127778,0.012747118,2.76e-07,0.010732833,0.002425929,0.001478798,-0.001559066,0.000825983,0.000626815,-0.000473889,-0.00369973,0.001977143,0.001510802,-0.001236172,0.002094856,0.004979052,0.00371186,0.003673403
445,H,2,-0.194056035,0.024808759,0.078803518,-0.069307161,-0.050950037,0.067801587,0.028880326,0.017873041,-0.116179789,-0.008152466,0.049495747,-0.044800201,0.91027958,1.006036875,0.971365766,0.971254239,0.91019901,1.092095511,0.94951071,0.948703833,0.045734974,0.149532011,0.092140089,0.090689764,0.002529096,0.017349341,0.013134462,0.012738338,2.76e-07,0.010732833,0.001784696,0.001090001,-0.001623875,0.000825983,0.000635207,-0.000474769,-0.003490881,0.001977143,0.001479398,-0.001171159,0.001820192,0.005268473,0.003703669,0.003666025
445,L,0,-0.166625543,0.118701452,0.091100752,-0.081039136,-0.064253541,0.10309086,0.02009419,-0.003394871,-0.15461895,-0.001528857,0.039821949,-0.0302581,0.940176527,1.085894012,1.004345853,1.004150734,0.92732511,1.121777603,0.980716116,0.979880442,0.024682715,0.212676527,0.066647613,0.059972949,0.001882019,0.016833469,0.013379061,0.012986959,6.45e-07,0.003007981,0.001014181,0.00086809,-0.001504538,0.001132079,0.000617216,-0.000479535,-0.003482545,0.001826869,0.001241735,-0.000942516,0.002200927,0.005244573,0.003581348,0.003551213
445,L,1,-0.166625543,0.051977421,0.098267644,-0.091370875,-0.051903754,0.049903067,0.016714573,4.3e-05,-0.111055565,0.000202668,0.03935184,-0.030558476,0.940176527,1.024783853,0.990966377,0.990898084,0.92732511,1.08744515,0.969437653,0.968813427,0.024682715,0.13002645,0.065028038,0.061112712,0.002585155,0.01708365,0.013393434,0.013027747,3.69e-07,0.028540716,0.00249094,0.001304019,-0.001466783,0.000458193,0.000581169,-0.000457725,-0.003458219,0.001870538,0.001195318,-0.000896434,0.002156864,0.004884617,0.00354857,0.003521818
445,L,2,-0.189060443,0.051977421,0.106075825,-0.097939076,-0.054228946,0.051655042,0.01729627,0.000275515,-0.111055565,0.000202668,0.041694616,-0.033816741,0.915520144,1.024128228,0.981714955,0.981602601,0.922212723,1.085255138,0.964530039,0.963780246,0.028883172,0.13002645,0.073173476,0.070880473,0.002506262,0.01708365,0.012794382,0.012393333,3.69e-07,0.028540716,0.003253088,0.001692692,-0.001516054,0.000539727,0.000588076,-0.000453757,-0.003623262,0.001870538,0.001344599,-0.001077005,0.002042698,0.004869093,0.003683146,0.003652244
445,M,0,-0.142535265,0.056997951,0.04436513,-0.026139426,-0.044762035,0.061271508,0.02217718,0.006832978,-0.140799508,-0.017886376,0.061813283,-0.056898056,0.943087672,1.051490942,1.007209101,1.007095547,0.917471836,1.120393738,0.997708157,0.996475929,0.033926955,0.188035026,0.084032728,0.077070195,0.001742835,0.017101842,0.012420113,0.011758149,1.2e-05,0.011372059,0.0034474,0.00280409,-0.001447776,0.000766069,0.000541655,-0.000348661,-0.003782789,0.001894532,0.001772994,-0.001454308,0.002347872,0.005236873,0.003703909,0.003675402
445,M,1,-0.146569673,0.046460672,0.062414281,-0.05108485,-0.044762035,0.046992211,0.018853812,0.000566127,-0.107179771,-0.012224406,0.047878898,-0.042527465,0.943087672,1.03873118,1.002354253,1.002281436,0.917471836,1.096554027,0.973825542,0.973163562,0.031813921,0.144723338,0.069340425,0.066009571,0.001203521,0.017586471,0.013250243,0.0127686,2.46e-06,0.01239084,0.002956786,0.00223431,-0.001530103,0.000585705,0.000584587,-0.000408305,-0.003782789,0.001822285,0.001657329,-0.001358524,0.002279927,0.005070534,0.003633505,0.003603677
445,M,2,-0.189030497,0.073760289,0.088244423,-0.083945586,-0.05832537,0.075457798,0.019470222,-0.010547041,-0.110304832,0.000655324,0.036569658,-0.029544065,0.928414465,1.037803001,0.997849495,0.997737311,0.864147625,1.09340415,0.966391856,0.965727287,0.03170831,0.153769831,0.066363148,0.063451562,0.001203521,0.017586471,0.013438293,0.012969393,2.46e-06,0.026814159,0.003006825,0.001684575,-0.001596542,0.000645701,0.000657278,-0.00052876,-0.003515023,0.001646957,0.001277137,-0.00096446,0.002067763,0.00489581,0.00348896,0.003455468
446,H,0,-0.097090024,0.092299644,0.037847627,0.016276313,-0.064695072,0.021295642,0.015272591,-0.008568086,-0.038106981,0.058521086,0.025160807,0.01299977,1.005561064,1.138757669,1.048184794,1.048051713,0.9919891,1.152950076,1.053086618,1.052564602,0.034337374,0.201279713,0.085536401,0.080723408,0.00220106,0.018136858,0.012566936,0.012116648,7.63e-10,0.011806691,0.00168496,0.000811292,-0.001097073,0.001039368,0.000378702,-0.00018424,-0.00411582,0.002098008,0.001719507,-0.001292465,0.002186523,0.005542314,0.004029033,0.003982795
446,H,1,-0.097090024,0.082539838,0.028793312,-9.22e-05,-0.064695072,0.027851876,0.019032828,-0.010535226,-0.040856498,0.058521086,0.028662061,0.019909041,1.002221375,1.138757669,1.043778773,1.043617734,0.987300989,1.140212884,1.045440272,1.044955212,0.029146605,0.189897261,0.080357707,0.075477942,0.001574344,0.01725807,0.012284841,0.011859277,5.94e-09,0.016870212,0.002467178,0.001205172,-0.001249686,0.00140264,0.000379022,-0.000176603,-0.00411582,0.002485821,0.001668726,-0.001277809,0.002117474,0.005448933,0.003982104,0.003939773
446,H,2,-0.056433366,0.079886521,0.027998893,0.0114817,-0.079700146,0.027851876,0.021376089,-0.012528574,-0.048173941,0.053107976,0.025736086,0.014002542,1.000198451,1.174071227,1.039578386,1.039427951,0.955404515,1.139422322,1.035158895,1.034441664,0.015370568,0.200239997,0.075214441,0.068786341,0.00083067,0.01725807,0.011830187,0.01133337,5.94e-09,0.020371616,0.003307296,0.001701235,-0.001249686,0.00140264,0.000402467,-0.000181281,-0.003838375,0.002490021,0.001729841,-0.001327006,0.001685761,0.005897558,0.00403305,0.003984566
446,L,0,-0.052702938,0.085754787,0.033025711,0.015218878,-0.105371877,0.037082135,0.017874438,-0.000652997,-0.0498533,0.05444749,0.022042669,0.007806731,1.000694147,1.165982048,1.035494146,1.035389528,0.981560215,1.159868755,1.035874749,1.035171297,0.018504701,0.216684499,0.070486516,0.063069966,0.001451536,0.018078909,0.012326329,0.011887534,7.19e-11,0.016948136,0.001955142,0.000850251,-0.001432922,0.000855644,0.000363744,-0.000187108,-0.00401431,0.002252124,0.002010586,-0.001584864,0.001677764,0.005776461,0.004167255,0.00412136
446,L,1,-0.052702938,0.086686478,0.025446329,0.005982864,-0.105371877,0.023502759,0.017396522,-0.002272525,-0.035043945,0.05444749,0.023722077,0.015099096,0.994056335,1.165982048,1.028928681,1.028808407,0.981560215,1.129983099,1.024040802,1.023615071,0.018504701,0.216684499,0.058070762,0.051541554,0.001451536,0.017653638,0.012681538,0.012392506,7.19e-11,0.016948136,0.00192854,0.000766865,-0.001432922,0.00093883,0.000361381,-0.000164621,-0.00401431,0.001540153,0.002065724,-0.001771207,0.002014307,0.005756081,0.004136763,0.004099838
446,L,2,-0.050130296,0.086686478,0.027389112,0.010541342,-0.042940682,0.029232235,0.015088828,0.000863962,-0.049727716,0.045189189,0.022387673,0.011604447,0.986441319,1.112892765,1.024813189,1.02471195,0.979799559,1.123144436,1.024847196,1.024403183,0.017649448,0.149981267,0.055249112,0.048702978,0.001134635,0.017653638,0.012677229,0.012326039,9.99e-10,0.011637826,0.001465976,0.000646745,-0.001307828,0.001052518,0.000371005,-0.000121436,-0.004111409,0.00200522,0.002166918,-0.00183632,0.002494263,0.005756081,0.004188597,0.004149804
446,M,0,-0.060884451,0.079011087,0.040158045,0.033847018,-0.098190722,0.015315692,0.021801535,-0.017256594,-0.035596239,0.072541414,0.022256691,0.01208131,1.023705542,1.212539301,1.065332849,1.06524084,1.020964477,1.186644286,1.07194373,1.071333009,0.053939623,0.261404181,0.108721687,0.104486254,0.001727452,0.018439002,0.01296055,0.012417823,1.56e-09,0.012459008,0.001961547,0.000800494,-0.001580425,0.001029374,0.000382856,-0.000192394,-0.003538897,0.002379905,0.001489108,-0.001058712,0.002264337,0.005838341,0.003878901,0.003827854
446,M,1,-0.060884451,0.068538155,0.027991757,0.020951687,-0.098190722,-0.004174988,0.027026443,-0.025195756,-0.034314701,0.072541414,0.027587354,0.022177978,1.034194142,1.212539301,1.06834897,1.068271171,1.025331807,1.186644286,1.076455085,1.075971331,0.061950348,0.261404181,0.114593012,0.111282567,0.00235554,0.017407097,0.012427109,0.011995968,1.16e-08,0.021747919,0.002881205,0.001357429,-0.001326865,0.000913327,0.000405459,-0.000150919,-0.004101899,0.001966198,0.001683662,-0.00126077,0.002266989,0.005464191,0.003811836,0.003762907
446,M,2,-0.025559744,0.068538155,0.024700317,0.018996238,-0.074576758,-0.006312245,0.025360012,-0.024042056,-0.033068061,0.059852799,0.02788253,0.022084435,1.034194142,1.181335174,1.068890674,1.068825655,1.032910129,1.174454063,1.082082006,1.081561784,0.071626696,0.253726302,0.118635697,0.115358484,0.002221073,0.017407097,0.012614708,0.012119231,3.72e-08,0.021747919,0.002277914,0.000921428,-0.001326865,0.000913327,0.000406997,-0.000136668,-0.004101899,0.001966198,0.001638922,-0.001210341,0.002266989,0.005392237,0.003844761,0.00379847
447,H,0,-0.187461064,-0.011626244,0.103632927,-0.094947404,-0.081822362,-0.02318251,0.044065347,-0.043134626,0.062756633,0.165804437,0.129644088,0.1278846,1.076691007,1.180209679,1.110597724,1.110516068,0.922662424,1.056389355,0.962881062,0.962625953,0.141780111,0.232150315,0.181748581,0.180947874,0.001335321,0.016167683,0.013503677,0.013303502,1.61e-07,0.007026378,0.000998982,0.000706618,-0.002176955,0.000943572,0.000961354,-0.000847347,-0.00372191,0.000675315,0.001690263,-0.00150164,0.00128849,0.006048826,0.004313094,0.004250517
447,H,1,-0.187461064,-0.026967036,0.113129061,-0.107460126,-0.081822362,-0.013809717,0.041616236,-0.040494693,0.089927335,0.165804437,0.135853458,0.135148954,1.081954276,1.161936924,1.112031383,1.111986032,0.922662424,1.056389355,0.963345086,0.963163738,0.151669979,0.232150315,0.185838867,0.185463745,0.002929467,0.016694919,0.013852777,0.013713757,7.21e-08,0.004205989,0.000612657,0.000440842,-0.002135595,0.000943572,0.000991984,-0.000848071,-0.003936082,0.000650515,0.002014042,-0.001759749,0.001776301,0.00636276,0.004684103,0.004631827
447,H,2,-0.18344921,-0.02325133,0.092669711,-0.087572416,-0.070568619,-0.013809717,0.044215375,-0.043124061,0.08890866,0.15468877,0.127968469,0.127411118,1.085003276,1.173693811,1.115103257,1.115038625,0.922346361,1.046413946,0.957677939,0.957565733,0.151568989,0.229836075,0.183642373,0.183267433,0.002929467,0.016694919,0.013394888,0.013307565,2.16e-08,0.010670175,0.000979764,0.000574853,-0.002213331,0.000576191,0.000979369,-0.00086899,-0.004197614,0.001160481,0.002271757,-0.001950517,0.002052157,0.00636276,0.004790948,0.004739247
447,L,0,-0.125242846,-0.003581883,0.081266778,-0.079113734,-0.077566486,-0.031646993,0.045914052,-0.045531901,0.055713481,0.131250227,0.114862743,0.114247796,1.062421196,1.162032056,1.099845122,1.099812388,0.91475238,1.044186965,0.940736849,0.940565001,0.10745025,0.21095361,0.170856322,0.170545854,0.000926087,0.015560061,0.013275559,0.013162461,6.67e-09,0.00234796,0.000764887,0.00058747,-0.002056522,0.001076595,0.000676672,-0.000560277,-0.003710234,0.001211643,0.001668216,-0.001309229,0.002402242,0.006179234,0.004700925,0.004672337
447,L,1,-0.106677283,0.003772978,0.081049992,-0.079375001,-0.067106022,-0.018038443,0.045909322,-0.045604314,0.075368959,0.14314344,0.117711602,0.117332038,1.076545492,1.137503798,1.099299904,1.099274223,0.883253761,1.033988727,0.938307124,0.93818656,0.140097826,0.198715829,0.172981667,0.172810417,0.004114108,0.015938183,0.01342484,0.013365728,1.12e-07,0.009758043,0.001035339,0.000685339,-0.001565835,0.000528043,0.000608026,-0.000507515,-0.004129904,0.000924354,0.001815416,-0.001476705,0.002710901,0.006179234,0.004771144,0.004747552
447,L,2,-0.113718665,0.009712977,0.075870659,-0.072031678,-0.073452311,-0.018038443,0.045079553,-0.044686811,0.073872305,0.14314344,0.114657039,0.114047199,1.072059908,1.163963948,1.103643692,1.103586307,0.883253761,0.997740536,0.938257779,0.938156829,0.134680103,0.20873185,0.173347017,0.173068761,0.001777762,0.015938183,0.013549876,0.013506718,9.03e-07,0.009758043,0.001320123,0.00093111,-0.001674804,0.000555903,0.000603499,-0.00047937,-0.004129904,0.000924354,0.001719288,-0.00138099,0.00236625,0.006074377,0.004761175,0.004735892
447,M,0,-0.159832939,0.070001763,0.077040307,-0.068412966,-0.086641161,-0.011229747,0.047551876,-0.046681465,0.015387187,0.141620599,0.103073448,0.100979785,1.048598568,1.15101939,1.095584919,1.095478882,0.910860786,1.065050106,0.943084305,0.942792347,0.078437911,0.218832193,0.161422362,0.160118096,0.000357999,0.015912736,0.012766448,0.012607848,2.52e-06,0.005534339,0.001275671,0.001090753,-0.002378313,0.000994199,0.000752808,-0.000584567,-0.003917792,0.001338094,0.00222815,-0.002032296,0.002170129,0.006201787,0.004614935,0.004546299
447,M,1,-0.205846365,-0.065782252,0.111627487,-0.107762324,-0.092870828,-0.035854492,0.054628418,-0.054082166,0.072880035,0.152130169,0.121536827,0.120878661,1.071554271,1.196551117,1.109660477,1.109563368,0.918617599,1.065050106,0.954981167,0.954710263,0.143086433,0.248700569,0.180398462,0.179929989,0.003799072,0.016409196,0.013923502,0.013815225,1.11e-06,0.005534339,0.001158331,0.000956886,-0.00276622,0.000808473,0.00078261,-0.000577883,-0.003894945,0.000926276,0.00186445,-0.001734454,0.002162157,0.006104067,0.004311181,0.004272748
447,M,2,-0.211953666,0.1845545,0.114681067,-0.104366169,-0.093728316,0.028593877,0.055795878,-0.054550826,-0.019882004,0.152130169,0.120568481,0.11879565,1.055180781,1.202965363,1.11553526,1.115410063,0.906773242,1.06598604,0.960247112,0.959975521,0.081584817,0.248700569,0.182680601,0.181743664,0.000925006,0.016409196,0.013931117,0.013781444,1.11e-06,0.0075665,0.001344605,0.001099114,-0.00276622,0.000908898,0.000784564,-0.000566697,-0.004370937,0.000926276,0.001920401,-0.001706376,0.001247197,0.006083983,0.004414423,0.004366692
448,H,0,-0.108128648,0.096788211,0.027197734,0.00656515,-0.027462975,0.037622611,0.014715827,0.009849501,-0.174134921,0.041531048,0.016856518,-0.001113374,0.947663985,1.070723392,0.981024074,0.980928154,0.945689782,1.255195327,0.989487192,0.989049448,0.00279612,0.316508772,0.045151181,0.03781197,0.000408643,0.020627416,0.016885997,0.016528319,5.32e-10,0.019259515,0.002229483,0.000781429,-0.001449721,0.001046923,0.000394058,-0.000105362,-0.005085544,0.001323974,0.002402215,-0.002231274,0.002190183,0.006287035,0.004196994,0.00415403
448,H,1,-0.099683751,0.07618533,0.026144015,0.003547715,-0.050844106,0.041268011,0.016924991,0.001042252,-0.086448607,0.0150121,0.026664357,-0.011389606,0.956527428,1.042079947,0.987723434,0.987645309,0.942615743,1.098002864,0.995007344,0.9945527,0.00279612,0.13777362,0.047314082,0.040272958,0.001297239,0.020443693,0.016056722,0.015098668,5.32e-10,0.019259515,0.002012117,0.000706793,-0.001349842,0.001014461,0.000411201,-0.000163657,-0.005085544,0.001369737,0.002318192,-0.001923877,0.001681387,0.006287035,0.004017214,0.003931386
448,H,2,-0.099683751,0.07618533,0.028056,-0.001272369,-0.050844106,0.041268011,0.020654308,-0.011613144,-0.086448607,0.018077638,0.028395387,-0.014758582,0.956527428,1.042079947,0.99681176,0.996722486,0.942615743,1.098002864,1.00633394,1.005903326,0.004803809,0.13777362,0.048197066,0.040458666,0.001184692,0.020400507,0.01529553,0.014275292,9.98e-11,0.001975032,0.000522502,0.000368902,-0.001416213,0.001014461,0.000477392,-0.000334103,-0.005022555,0.001369737,0.002388455,-0.001951462,0.001681387,0.006282257,0.004024702,0.003929774
448,L,0,-0.097884978,0.077593298,0.035270199,-0.009303972,-0.047428283,0.028322582,0.019711341,-0.01300087,-0.126144722,0.047155974,0.03188587,-0.001791258,0.938539065,1.027310834,0.987569769,0.987460739,0.906321767,1.123757619,0.99672763,0.99600444,0.012905109,0.177697911,0.056876208,0.051583579,0.000777488,0.021352947,0.015627271,0.014889456,7.41e-10,0.016100291,0.002258165,0.000818739,-0.001706852,0.000783472,0.000566435,-0.000366873,-0.005075565,0.001417348,0.002766118,-0.002453604,0.001895348,0.006027018,0.004458916,0.004377503
448,L,1,-0.098485494,0.077593298,0.039126118,-0.01028054,-0.054299781,0.028322582,0.02192494,-0.016784251,-0.126144722,0.047155974,0.033289192,-0.006429269,0.950933244,1.066887919,0.997728536,0.99764718,0.929209715,1.146556895,1.016867994,1.016454686,0.005092546,0.177697911,0.05355269,0.045248964,0.000777488,0.021352947,0.015182158,0.014207783,7.41e-10,0.017258318,0.00229674,0.000867646,-0.001706852,0.000731508,0.000598386,-0.000456696,-0.005228099,0.001417348,0.002837185,-0.002429696,0.001856023,0.006552663,0.004496707,0.004378251
448,L,2,-0.098485494,0.109666959,0.040235449,0.008985079,-0.054299781,0.026287802,0.019586249,-0.014718888,-0.08496698,0.058641575,0.024933844,-0.007038746,0.963374364,1.066887919,1.004627717,1.004552788,0.967600339,1.146556895,1.018010714,1.017772154,0.005092546,0.166292156,0.044475784,0.037656034,0.000832267,0.021430759,0.015723087,0.015127797,8.95e-09,0.020319917,0.004012125,0.001821365,-0.001349411,0.000819538,0.00055164,-0.00040811,-0.005493954,0.001067948,0.003097049,-0.002782965,0.001856023,0.00655356,0.004606314,0.00450804
448,M,0,-0.057635895,0.076622706,0.03277103,0.019185633,-0.055632111,0.025185096,0.013465452,-0.007614828,-0.065311865,0.034927746,0.018789905,-0.000274427,0.939885387,1.049312403,0.995560352,0.995467923,0.920494322,1.104726051,1.004299787,1.004063913,0.002477481,0.121198398,0.03505971,0.029444046,0.001223792,0.020341064,0.015562984,0.015154481,2.33e-08,0.016321975,0.003709831,0.0017678,-0.001437303,0.000598465,0.000482297,-0.000314484,-0.005128773,0.001254367,0.003235378,-0.00296703,0.002206061,0.006320385,0.0046682,0.00460756
448,M,1,-0.063923138,0.076622706,0.036685428,0.005654621,-0.055632111,0.030968397,0.02413594,-0.018229645,-0.047863467,0.038540057,0.018914443,0.004839012,0.975428846,1.049312403,1.00145447,1.001410795,0.955864396,1.091780846,1.00960464,1.009427892,0.005832116,0.103468119,0.038412364,0.033413227,0.00126483,0.020341064,0.016243375,0.015870098,2.38e-10,0.016321975,0.00368809,0.001878359,-0.001570766,0.001053309,0.000524156,-0.000341398,-0.005317606,0.001763373,0.00319773,-0.002941416,0.002388702,0.006207532,0.004715198,0.004655858
448,M,2,-0.108398537,0.073602791,0.035149337,-0.012347591,-0.069007138,0.030968397,0.028831921,-0.023459113,-0.059402181,0.062745372,0.024541917,0.004839649,0.972986213,1.070783966,1.002051803,1.001980262,0.966469533,1.141521315,1.017604912,1.017244126,0.002481853,0.174873761,0.051111446,0.044468271,0.000773405,0.020866075,0.015683839,0.014876844,2.38e-10,0.018326261,0.002723691,0.00122695,-0.001570766,0.001224128,0.000574722,-0.000413254,-0.005317606,0.001763373,0.003099197,-0.002707256,0.001973025,0.006511219,0.004631008,0.004532148
449,H,0,-0.049671957,0.093922163,0.019987409,0.004335084,-0.022509837,0.04695058,0.030082345,0.028066553,0.108914978,0.224330738,0.19701111,0.196038506,0.85656383,0.936860411,0.898527091,0.898458983,0.857377583,1.082599681,0.949902671,0.949167008,0.140743406,0.296841868,0.232663623,0.231668134,0.001625318,0.018615267,0.014210131,0.013568478,1.02e-08,0.026822685,0.007811834,0.005357555,-0.001474141,0.00093067,0.00041787,-0.000153171,-0.003133593,0.002637994,0.001531391,-0.001117149,0.002929363,0.005830994,0.004479123,0.004444416
449,H,1,-0.049671957,0.027357583,0.014460839,-0.004807155,-0.003866014,0.041999257,0.026579054,0.025526724,0.154657702,0.224330738,0.199820851,0.199346133,0.872812069,0.932993345,0.906962742,0.906907913,0.893039406,1.065525462,0.959344538,0.958785338,0.178690748,0.271741529,0.228411197,0.227858005,0.001767509,0.018984474,0.014414689,0.013851247,1.39e-06,0.020035459,0.0051379,0.002935444,-0.001441419,0.000827561,0.00039575,-0.000217141,-0.002883035,0.002129535,0.001343872,-0.001002636,0.002961553,0.005830994,0.004501496,0.004465151
449,H,2,-0.044789266,0.038746689,0.01399257,0.003049862,-0.003866014,0.042602067,0.02421069,0.023321877,0.142068054,0.216326308,0.194206761,0.193717836,0.880053794,0.936739607,0.914737844,0.914698593,0.884762273,1.065525462,0.965436591,0.964840789,0.171372301,0.261867496,0.219172975,0.218656503,0.001596399,0.019615712,0.014446322,0.013938842,2.36e-09,0.025156405,0.00588031,0.003702303,-0.001256579,0.000891893,0.000384446,-0.000206346,-0.003116335,0.002155408,0.001462323,-0.00112901,0.002959111,0.005682687,0.004431264,0.004395857
449,L,0,-0.036757376,0.077187713,0.017425711,0.005559804,-0.035838729,0.030734445,0.018757454,0.01703337,0.108189163,0.201114125,0.186742803,0.186277065,0.911491166,0.996606952,0.937200656,0.937133778,0.924804949,1.112469104,0.988482556,0.988016491,0.148040259,0.223477621,0.200915437,0.200677344,0.001869182,0.019083769,0.014723802,0.01438656,8.8e-08,0.016290641,0.004334904,0.002505283,-0.001470359,0.000724673,0.000429659,-0.000250082,-0.003081534,0.002177575,0.001634502,-0.00136682,0.002910776,0.005852776,0.00422655,0.004203428
449,L,1,-0.036757376,0.030906654,0.010598724,-0.000296803,-0.001288004,0.029546225,0.017681456,0.017167131,0.138758523,0.202666791,0.186061779,0.185749498,0.910663022,0.970264031,0.936736091,0.936716074,0.90747391,1.079966058,0.983643227,0.983264138,0.162310222,0.222898218,0.199999245,0.199809026,0.002204109,0.017460989,0.014559435,0.014234203,3.49e-07,0.022199335,0.003636465,0.001857112,-0.001470359,0.000844438,0.000376832,-0.000130833,-0.003075695,0.002321418,0.001538651,-0.001323806,0.002953537,0.00536795,0.004135291,0.004114743
449,L,2,-0.031240379,0.030906654,0.010816559,0.002030529,-0.005820227,0.029546225,0.015937019,0.014944299,0.138758523,0.202666791,0.18248916,0.182195775,0.910663022,0.988617967,0.94008945,0.940057476,0.90747391,1.081811232,0.986518208,0.986097374,0.162310222,0.222898218,0.19553243,0.195348755,0.002204109,0.018177216,0.0141977,0.013847501,4.27e-07,0.022698076,0.004933073,0.002780472,-0.001494662,0.000844438,0.000370486,-0.000110013,-0.003128745,0.002321418,0.001691203,-0.001439756,0.002810067,0.00536795,0.004084314,0.00406437
449,M,0,-0.085517182,0.106708028,0.018644988,-0.002036965,-0.024270232,0.036565543,0.01712166,0.015855585,0.154031313,0.233555917,0.207324569,0.206901028,0.895828476,0.959311954,0.926071972,0.926033825,0.914596037,1.075555515,0.973917699,0.97349186,0.174894617,0.253309787,0.224388592,0.224061752,0.001797449,0.018800158,0.014907254,0.014450273,2.7e-06,0.024047245,0.004009421,0.002341547,-0.001391235,0.000649733,0.000557233,-0.000445839,-0.002947983,0.002199114,0.00098122,-0.000614433,0.002919428,0.005487001,0.004190027,0.004155289
449,M,1,-0.085517182,0.02816584,0.015509327,-0.003564734,-0.002752264,0.040640838,0.02336747,0.022005537,0.133053216,0.233555917,0.204696417,0.204185587,0.891412414,0.953829351,0.925235724,0.925207811,0.91021458,1.075555515,0.969168172,0.968813914,0.158622267,0.253309787,0.223049999,0.222674646,0.001797449,0.018605808,0.014908509,0.014589883,1.27e-07,0.024047245,0.005377847,0.003226546,-0.001339129,0.001004992,0.000490508,-0.000337518,-0.00299339,0.002280211,0.001086529,-0.000783101,0.002986932,0.005717748,0.004264221,0.004227209
449,M,2,-0.037579291,0.034405773,0.013459291,0.003589971,-0.009942972,0.044934302,0.029783597,0.0289741,0.125039812,0.221581902,0.192322411,0.191705133,0.884954521,0.953829351,0.919958033,0.91991683,0.895535511,1.074938096,0.967081088,0.966514954,0.156285694,0.246504466,0.215824045,0.2153452,0.002388459,0.019015079,0.014362268,0.01397536,1.27e-07,0.021393235,0.00497358,0.003041409,-0.001339129,0.001111183,0.000366887,-7.14e-05,-0.00299339,0.00258414,0.001441261,-0.001138686,0.00277861,0.005717748,0.004229287,0.004198035
450,H,0,-0.083785206,0.070609053,0.032192715,0.022974008,-0.109689057,-0.022762003,0.051981243,-0.049807029,-0.170517349,-0.04677994,0.089316648,-0.086169025,1.027703628,1.093776339,1.050741077,1.050709883,1.001769931,1.201300568,1.054171461,1.053081418,0.082603062,0.269344925,0.135761526,0.127786599,0.000742134,0.018922683,0.015934082,0.01518105,4.56e-08,0.011394542,0.001470227,0.000717753,-0.001739612,0.000835094,0.000519852,-0.000305293,-0.003386207,0.001828562,0.001747455,-0.001425465,0.00196364,0.006000637,0.003760668,0.003704092
450,H,1,-0.083785206,0.064524014,0.025127357,0.014174529,-0.109689057,-0.032704433,0.056859616,-0.055355488,-0.161626568,-0.041434903,0.088742213,-0.085343989,1.028192999,1.0887034,1.053123455,1.053092406,1.001769931,1.203506075,1.058187373,1.057021109,0.083473104,0.277664368,0.140394783,0.132317711,0.000853845,0.018790865,0.015827511,0.015027514,5.69e-08,0.014383509,0.001901339,0.000924527,-0.001436457,0.000755126,0.000529576,-0.000361033,-0.003269229,0.001828562,0.001639099,-0.001304579,0.001858983,0.005349406,0.003705784,0.003651632
450,H,2,-0.058304402,0.064524014,0.024791415,0.010415496,-0.112448807,-0.034319662,0.060287775,-0.058703805,-0.161626568,-0.041434903,0.091509969,-0.088010106,1.028192999,1.094108462,1.054061704,1.054030396,0.994273706,1.203506075,1.061689386,1.060386117,0.083473104,0.277664368,0.146308206,0.137969634,0.001066645,0.018747578,0.015555581,0.014636915,2.67e-07,0.014383509,0.001674823,0.000871745,-0.001436457,0.000638285,0.000578344,-0.000435437,-0.003141931,0.002002335,0.001464204,-0.001105241,0.001858983,0.00524188,0.00370297,0.003654086
450,L,0,-0.033791799,0.153560109,0.044551788,0.03852663,-0.093514323,0.0365257,0.042456667,-0.039552367,-0.192222823,-0.052784863,0.086387962,-0.082826239,1.008630448,1.083467062,1.03745602,1.037415037,0.979250781,1.18622956,1.028772555,1.027764509,0.075237157,0.27141171,0.116594684,0.108681576,0.001298518,0.01909675,0.015898152,0.01525704,6.12e-07,0.002584314,0.000696929,0.000557871,-0.001511535,0.000870593,0.000595037,-0.00045214,-0.003648727,0.001809863,0.001685701,-0.001404106,0.001871278,0.005520435,0.003811885,0.00376879
450,L,1,-0.032723553,0.06169164,0.034582152,0.032303223,-0.094835354,-0.028013822,0.045031643,-0.044074994,-0.147452447,-0.052973823,0.077498157,-0.075166146,1.022301627,1.084994172,1.040964534,1.040934967,0.984670801,1.167154842,1.022096981,1.02133704,0.072945874,0.235462959,0.108532017,0.102789055,0.00127912,0.01909675,0.015957646,0.015460035,2.54e-07,0.009977788,0.000920581,0.000578527,-0.001509902,0.000717033,0.000627293,-0.000499008,-0.003444191,0.001652738,0.001679394,-0.001462857,0.001871278,0.005747192,0.003810734,0.003766979
450,L,2,-0.058676705,0.06169164,0.032272335,0.02642576,-0.107303144,-0.028013822,0.050950615,-0.049525538,-0.155009993,-0.038876751,0.081163002,-0.077845005,1.025687694,1.084994172,1.044413906,1.044381137,0.988862712,1.210979371,1.037341491,1.036168109,0.072945874,0.269740403,0.122322042,0.11397779,0.001225704,0.019086523,0.015583612,0.014920785,2.54e-07,0.013301523,0.002020293,0.000993375,-0.001509902,0.000717033,0.000657688,-0.000533279,-0.003254726,0.001982988,0.001672276,-0.001406052,0.001908074,0.005747192,0.003834632,0.003788671
450,M,0,-0.049778907,0.082584033,0.040418621,0.033257808,-0.120487324,-0.018512777,0.049668638,-0.047269935,-0.174653668,-0.052459137,0.091653363,-0.08939021,1.023484738,1.109702616,1.050352285,1.050302602,1.001429708,1.207811335,1.050850389,1.050212824,0.091779251,0.278941866,0.131768448,0.126637071,0.001241571,0.018534359,0.01517972,0.014787935,1.38e-08,0.010163152,0.00101425,0.000541126,-0.001345074,0.001014902,0.000550278,-0.000354587,-0.003346151,0.002280487,0.001887425,-0.001597437,0.002189654,0.005389545,0.003896075,0.0038493
450,M,1,-0.037540672,0.069690395,0.037021389,0.029882469,-0.120487324,-0.018512777,0.056427331,-0.053441481,-0.165019007,-0.0552966,0.098155044,-0.095255335,1.023484738,1.109702616,1.05004869,1.049984605,1.001429708,1.168869064,1.056690788,1.055786523,0.091779251,0.259000322,0.14308694,0.136183384,0.001530603,0.018534359,0.014306235,0.013687643,1.11e-07,0.010163152,0.001108139,0.000687213,-0.001383741,0.001014902,0.000583974,-0.000404014,-0.003453923,0.001731469,0.001849932,-0.001539532,0.002095212,0.005475293,0.003860489,0.003815256
450,M,2,-0.066184087,0.068722564,0.036656973,0.027164462,-0.143164891,-0.031668242,0.062730507,-0.059593415,-0.160478082,-0.05425276,0.098811232,-0.095991457,1.022067671,1.124099447,1.051502132,1.051427523,0.997651131,1.173698893,1.057192759,1.056157053,0.095518449,0.270178768,0.147793391,0.140440754,0.001530603,0.017932006,0.014072104,0.013402227,4.11e-07,0.009037153,0.001099978,0.000729439,-0.001510735,0.001137701,0.000609401,-0.000432725,-0.003550676,0.001547372,0.001886492,-0.001552713,0.002095212,0.005528431,0.003908237,0.003863145
451,H,0,-0.278032188,0.10097529,0.050502479,0.003027609,0.013807677,0.075881554,0.049387374,0.048566692,-0.00361472,0.168951302,0.082558443,0.079503554,0.871330393,0.982800107,0.94064667,0.940488443,0.892486921,1.149784305,0.960671143,0.960250379,0.068579626,0.213194724,0.124428975,0.122238869,0.001046826,0.017303091,0.012820296,0.012285862,2.34e-08,0.02551133,0.005421597,0.002856471,-0.001543287,0.001554716,0.000449656,-0.000176389,-0.004796441,0.002381344,0.00237587,-0.002001806,0.001731279,0.005839169,0.004082822,0.004007603
451,H,1,-0.074265965,0.10097529,0.03353876,0.009049117,0.025329258,0.072819294,0.046657277,0.045938174,0.034455192,0.117916965,0.081091384,0.079456787,0.921225205,0.985736133,0.948708855,0.948658675,0.901942083,1.034556539,0.960418203,0.960167063,0.068579626,0.153349846,0.116416731,0.115196966,0.001278024,0.017303091,0.013225931,0.012822784,2.34e-08,0.02551133,0.006041267,0.003294761,-0.001543287,0.001554716,0.000425207,-0.000172661,-0.004796441,0.001487156,0.002410314,-0.002098522,0.002089751,0.005839169,0.004150724,0.004086801
451,H,2,-0.084053113,0.145698641,0.037276283,-0.018280163,0.018326397,0.075753968,0.040537625,0.040086552,0.009817526,0.118437829,0.091035759,0.089263568,0.923988768,0.989434209,0.951624959,0.951582796,0.904789059,1.062674684,0.962930168,0.962666818,0.065287544,0.151723126,0.119399131,0.11844212,0.001278024,0.016781307,0.013047469,0.012676107,4.44e-07,0.02407579,0.005235189,0.00276153,-0.001255107,0.001033036,0.000402895,-0.000219522,-0.004980424,0.001487156,0.002159182,-0.001820218,0.002081804,0.005793682,0.004004495,0.003937985
451,L,0,-0.035280811,0.138903449,0.034506215,0.010116694,0.032624896,0.095991052,0.053723584,0.05281735,0.006150835,0.100225394,0.077194834,0.075032117,0.853596399,0.996168374,0.944118533,0.943961428,0.87593831,1.041422785,0.966854665,0.966583347,0.06462303,0.197231536,0.117997727,0.116992661,0.001758787,0.016810994,0.011997487,0.011619189,2.99e-08,0.019183196,0.003385801,0.001412243,-0.00149695,0.001109118,0.000542267,-0.000343769,-0.004530698,0.001729601,0.00221373,-0.001923954,0.001663855,0.005938202,0.004280113,0.004207817
451,L,1,-0.047917449,0.0566452,0.024825053,-0.015838121,0.032189902,0.074522082,0.046534086,0.046357812,0.028203213,0.105628807,0.089296653,0.088494522,0.88933429,0.979369563,0.948853452,0.948808544,0.914732735,1.027264099,0.96806762,0.967925466,0.070763796,0.14427883,0.118949917,0.118515149,0.002565168,0.016420592,0.012635564,0.01246577,1.08e-06,0.019183196,0.003250494,0.0014366,-0.00149695,0.000600507,0.000617231,-0.00053905,-0.004517395,0.001048966,0.002262349,-0.002118429,0.00185502,0.005794683,0.004597366,0.004563134
451,L,2,-0.053181718,0.046369643,0.028716522,-0.024982315,0.032189902,0.064961335,0.044741576,0.044585223,0.045780324,0.105628807,0.090811483,0.090069829,0.896157009,0.974644578,0.948098196,0.948044681,0.911606729,1.027264099,0.960366239,0.960147928,0.081293772,0.15441188,0.122706221,0.12224742,0.002516637,0.015317871,0.012538835,0.012353476,1.08e-06,0.00274165,0.000805214,0.000646161,-0.001508799,0.001196651,0.0006389,-0.000516251,-0.004534873,0.001477964,0.002075915,-0.001882431,0.001794118,0.005794683,0.004441177,0.004391661
451,M,0,-0.053714382,0.06604015,0.032195246,0.018339465,0.047480257,0.086736967,0.064688663,0.064185285,0.033866957,0.092437532,0.071925688,0.070601202,0.897204524,0.98209161,0.944487266,0.944413019,0.91853732,1.047153822,0.972245937,0.972002069,0.086345898,0.15658066,0.117669497,0.116989305,0.000918714,0.016495962,0.012375411,0.011906919,8.39e-08,0.023918692,0.003284945,0.001438221,-0.001427482,0.00098275,0.000548294,-0.000333407,-0.00495715,0.000860549,0.002539227,-0.002190237,0.0016669,0.005807716,0.004283488,0.004187971
451,M,1,-0.147764045,0.062142105,0.039754448,-0.009540504,0.033247818,0.086736967,0.056040631,0.055505379,0.035831376,0.13013262,0.082817133,0.081274096,0.885973579,0.968261281,0.933806995,0.933762569,0.903251714,1.028009006,0.957542837,0.957359096,0.080476865,0.163174983,0.128994922,0.128312171,0.002485157,0.016511009,0.013392467,0.013194847,6.62e-07,0.023918692,0.003334335,0.001615821,-0.001838186,0.000977145,0.000509702,-0.00029032,-0.005238204,0.000856772,0.002427741,-0.002037397,0.001713995,0.006371712,0.004403095,0.004312269
451,M,2,-0.147764045,0.153551429,0.051768168,0.000994102,0.033247818,0.10067632,0.058019092,0.057255169,0.00438961,0.13013262,0.079662176,0.076739103,0.877552589,0.965008431,0.925707874,0.925643066,0.900433825,1.032764601,0.949873539,0.9496925,0.074667145,0.169259431,0.135040559,0.134465179,0.003044283,0.016511009,0.013238158,0.013034839,6.62e-07,0.023667253,0.005842139,0.003457361,-0.001838186,0.001140209,0.000430057,-0.000135337,-0.005238204,0.000895342,0.002514375,-0.002043569,0.001713995,0.006371712,0.004294956,0.0041838
452,H,0,-0.087396491,0.079020438,0.035798368,-0.022686781,0.009282854,0.075337231,0.049294787,0.047876523,-0.023876227,0.100569039,0.072978224,0.069031454,0.818841817,0.911618918,0.872510606,0.872338564,0.7926867,1.028665137,0.866992887,0.866177881,0.096576715,0.281287943,0.208984049,0.206845649,0.000741776,0.017071989,0.013587961,0.0131558,4.3e-09,0.016156711,0.002844469,0.001178045,-0.001469905,0.000399172,0.000443922,-0.000338813,-0.00428485,0.002729918,0.001950515,-0.001644568,0.00196727,0.005163523,0.003502395,0.003451687
452,H,1,-0.063786643,0.033395465,0.035312359,-0.032920853,0.021816335,0.080706173,0.053635324,0.05281572,0.034411108,0.091191575,0.079001357,0.078694518,0.854859253,0.919256953,0.877412847,0.877353278,0.82931937,0.945113811,0.861929117,0.861848217,0.124118863,0.238972792,0.208542753,0.207933798,0.001957992,0.016990953,0.014199671,0.014104152,3.89e-09,0.010302521,0.000918816,0.000399295,-0.001293423,0.000200226,0.000496222,-0.000423732,-0.003317411,0.000643112,0.001865837,-0.001793943,0.002162121,0.004803944,0.003454423,0.003425874
452,H,2,-0.088193858,0.036815658,0.03735241,-0.031759968,0.017691459,0.080706173,0.052347449,0.050902845,0.001911487,0.106025113,0.072340028,0.069907607,0.854859253,0.920497058,0.883592304,0.883499893,0.82931937,1.001369088,0.877244807,0.876583114,0.097229136,0.238972792,0.195195116,0.192944268,0.000993209,0.016990953,0.013068006,0.012608427,3.89e-09,0.010302521,0.00117533,0.000555139,-0.001560713,0.000483764,0.000533524,-0.000444824,-0.003754755,0.001924211,0.001881032,-0.001626912,0.00197826,0.00500565,0.003435287,0.003391297
452,L,0,-0.102263206,0.114424302,0.052974255,-0.043197399,0.005081013,0.09119787,0.051887824,0.050449791,-0.018414414,0.139416496,0.102878356,0.098982952,0.818791216,0.928192867,0.872744141,0.872589905,0.782893635,1.013443846,0.862892793,0.862051897,0.120511559,0.305968977,0.22418521,0.221718589,0.000788818,0.01760584,0.013204756,0.012622618,2.23e-11,0.01053826,0.000791143,0.000397259,-0.001916317,0.000483792,0.000581645,-0.000452652,-0.004094612,0.001738386,0.001684567,-0.00139297,0.001719441,0.005337493,0.003417146,0.003364888
452,L,1,-0.102263206,-0.011588142,0.05372684,-0.0527713,0.024693266,0.074168286,0.048419657,0.04801379,0.036389474,0.139416496,0.110009141,0.109414219,0.847663279,0.917511938,0.879402508,0.879369565,0.826447496,0.972983394,0.855187465,0.854954052,0.131594807,0.262159787,0.224707835,0.224035952,0.001055895,0.017263901,0.014027654,0.013822719,1.74e-09,0.001516624,0.000360334,0.000239799,-0.00188724,0.000382201,0.000557778,-0.000421148,-0.004094612,0.001660171,0.001699876,-0.00154414,0.002103724,0.005337493,0.00350503,0.003464074
452,L,2,-0.072675138,-0.011588142,0.04835046,-0.047832024,0.031991047,0.074168286,0.051050921,0.050695405,0.036389474,0.124289715,0.106083668,0.105661597,0.845229676,0.917511938,0.875410945,0.875353344,0.814752963,0.972983394,0.854228602,0.854027097,0.131594807,0.272643536,0.226163404,0.225453062,0.001055895,0.016889772,0.014467852,0.014265468,2.42e-11,0.007301113,0.000416594,0.00019613,-0.001627353,0.000568242,0.000498642,-0.000371044,-0.003491303,0.001660171,0.001505573,-0.001409357,0.002075313,0.004576187,0.003231637,0.003199215
452,M,0,-0.077812971,0.076866297,0.028142194,-0.008117981,-0.009843186,0.084873023,0.045871724,0.043793107,-0.024692162,0.107266136,0.07200618,0.068465922,0.857588488,0.964805889,0.897479576,0.897284226,0.83089045,1.027363962,0.880604887,0.879890386,0.084560042,0.236586595,0.184050094,0.181452868,0.000538261,0.017359923,0.012844817,0.012419966,1.15e-09,0.010543731,0.001399599,0.000502902,-0.001727833,0.000797593,0.000463432,-0.000231382,-0.003972573,0.001615656,0.002129717,-0.001803947,0.001806862,0.005248102,0.003706376,0.00366071
452,M,1,-0.062580041,0.026200643,0.032793671,-0.0257697,0.014095662,0.0731869,0.042666528,0.041793973,0.003163558,0.097185413,0.081294711,0.079713589,0.861433611,0.933394846,0.888103189,0.888028649,0.837038659,1.014198116,0.871506223,0.871177602,0.075104021,0.23462695,0.195619868,0.194340721,0.000538261,0.017083663,0.014218367,0.013972915,0.0,0.009484799,0.001010441,0.000319885,-0.001625668,0.000606481,0.000505852,-0.000341933,-0.003593092,0.001478013,0.001944886,-0.00177496,0.002009896,0.004702071,0.003436298,0.003385433
452,M,2,-0.071827763,0.001352139,0.041228082,-0.040241099,0.001784466,0.062652542,0.045956632,0.045060844,-0.002426482,0.097185413,0.0829348,0.080650139,0.857685875,0.932329456,0.883157434,0.883092264,0.838753811,1.014198116,0.875272125,0.874702625,0.075104021,0.234209618,0.198667462,0.196799982,0.001104767,0.017290736,0.014136165,0.013705367,0.0,0.005866009,0.000419839,0.000215268,-0.001625668,0.000428005,0.000637869,-0.000539326,-0.003369798,0.001757674,0.001629999,-0.001422263,0.002007012,0.004932141,0.003247413,0.003205337
453,H,0,-0.035378731,0.131535396,0.058258511,0.052082098,-0.043484687,0.046743468,0.015759222,0.010027006,-0.101699378,0.016925427,0.036993208,-0.027621748,0.958833462,1.03946996,0.990647897,0.990541139,0.97723134,1.195230829,1.051116583,1.049997879,0.011124902,0.215785015,0.082268717,0.065832063,0.000724353,0.019483925,0.013864563,0.013028624,2.1e-07,0.023217644,0.001960225,0.001001745,-0.001209459,0.001237374,0.000519775,-7.09e-05,-0.004135195,0.00172974,0.002249887,-0.001874685,0.00173618,0.005521426,0.00382081,0.003753207
453,H,1,-0.062279105,0.103672179,0.047995863,0.040319745,-0.039642022,0.03168476,0.01335763,0.005499133,-0.079431797,0.029919082,0.024833824,-0.019279398,0.950679069,1.03946996,0.992922432,0.992841043,0.974894321,1.183590889,1.041913398,1.041381172,0.01339839,0.196191254,0.061880521,0.052302578,0.000659302,0.019151886,0.014446448,0.013900303,1.41e-07,0.01442793,0.001982635,0.001077953,-0.001249576,0.001237374,0.000512495,-5.59e-05,-0.004310566,0.001165993,0.002482084,-0.002226717,0.001922946,0.005440106,0.003973461,0.003916509
453,H,2,-0.062279105,0.093327203,0.033738536,0.017384652,-0.046497991,0.026183473,0.017537401,-0.00755941,-0.089013376,0.029919082,0.028100462,-0.019632311,0.950679069,1.068802535,0.998281715,0.998195233,0.955051601,1.198759511,1.047640753,1.046957063,0.010550169,0.220001326,0.070072352,0.058259457,0.000659302,0.018650655,0.01426159,0.013575303,8.36e-09,0.021324999,0.002835705,0.001334407,-0.001283313,0.001198487,0.000479523,-0.000130739,-0.004590456,0.001505246,0.002173189,-0.001866906,0.001803949,0.005602983,0.003772753,0.003709311
453,L,0,-0.079303927,0.089720919,0.038665664,0.016385957,-0.046153494,0.024459907,0.014601414,-0.003226339,-0.111545334,0.017030589,0.038474524,-0.02824355,0.966839284,1.043084692,1.00285121,1.002788411,0.992036034,1.183682719,1.049712861,1.049055649,0.007636475,0.211668941,0.074920024,0.06219381,0.000501721,0.019012604,0.014025279,0.013432883,2.45e-09,0.011058654,0.001188638,0.000766894,-0.001595923,0.000947493,0.000503408,-0.000247723,-0.004382236,0.001452948,0.001933584,-0.001666413,0.001787593,0.005631371,0.003542417,0.003482762
453,L,1,-0.10030295,0.089720919,0.027649857,-0.0014689,-0.05615927,0.023926802,0.016020676,-0.010298564,-0.08211991,0.017030589,0.02289427,-0.014430626,0.97751353,1.043084692,1.002718857,1.002671195,0.988339376,1.182090807,1.043938595,1.043480806,0.007113005,0.194838529,0.06107132,0.051409351,0.000501721,0.019012604,0.014747195,0.014338925,2.45e-09,0.026832705,0.002686547,0.001211787,-0.001595923,0.00114481,0.000561737,-0.000289572,-0.004310978,0.001230146,0.002196767,-0.001972689,0.001837675,0.005631371,0.003702844,0.00364859
453,L,2,-0.10030295,0.047897978,0.02218469,-0.005232201,-0.05615927,0.009933067,0.014169297,-0.011210428,-0.083825654,0.021067865,0.022742646,-0.014862735,0.97807233,1.040259532,1.001842454,1.001801838,0.988339376,1.182090807,1.049983332,1.049445557,0.007113005,0.194838529,0.066155161,0.055419551,0.000584699,0.018514161,0.014358689,0.01386665,5.62e-08,0.026832705,0.002561602,0.001128039,-0.001479915,0.00114481,0.000534222,-0.000294162,-0.004310978,0.001244692,0.002499841,-0.002236437,0.001844111,0.005744077,0.003877431,0.003809931
453,M,0,-0.122725994,0.196001942,0.038917337,-0.018545636,-0.057269978,0.089507662,0.023153668,-0.017589824,-0.146086416,0.019273698,0.033062815,-0.022283052,0.975783994,1.05147476,1.008568626,1.008473061,1.004504994,1.201421406,1.058490032,1.057659621,0.013814956,0.253525793,0.083520652,0.068839083,0.000544508,0.018355674,0.013872101,0.013182985,3.33e-10,0.015292417,0.001834336,0.000776426,-0.001389186,0.000946622,0.000470664,-0.000293449,-0.003842597,0.001289454,0.002066112,-0.001819652,0.001976075,0.005312818,0.00351242,0.003466938
453,M,1,-0.122725994,0.054940417,0.034287595,-0.007975935,-0.04701099,0.0164703,0.018390591,-0.01517699,-0.088486199,0.019273698,0.034792962,-0.027133844,0.975783994,1.045358618,1.010764401,1.010708682,1.008309603,1.201167754,1.054050775,1.053544752,0.013971189,0.22070718,0.075561948,0.066727764,0.000829881,0.018112482,0.014698389,0.014279213,3.62e-09,0.015292417,0.002119963,0.000959477,-0.001354387,0.000814259,0.000401856,-0.000207474,-0.004133231,0.001108969,0.002179117,-0.001979599,0.001976075,0.005346595,0.003516664,0.003468093
453,M,2,-0.08095674,0.068612235,0.026703679,0.009667729,-0.045931565,0.020050437,0.017210545,-0.013225042,-0.101953541,-0.003360675,0.046839226,-0.043362684,0.987313822,1.059449149,1.016254935,1.016203867,0.985503721,1.211976208,1.064071427,1.063455252,0.015546347,0.231410346,0.090520562,0.082044646,0.00080228,0.017926145,0.01415962,0.013572423,3.62e-09,0.021909141,0.003315152,0.001420828,-0.001197709,0.001009986,0.000354103,-0.000100539,-0.004133231,0.001460996,0.002112702,-0.001817067,0.00200069,0.005346595,0.003509347,0.003449859
454,H,0,-0.097557774,0.021383473,0.031267242,-0.025831904,-0.053260915,0.025023288,0.016951183,-0.008770717,0.122931178,0.186106569,0.167676716,0.167263539,0.948342002,1.081467368,0.994542917,0.994226579,0.934988472,1.137808269,0.996295407,0.995135065,0.13861593,0.230186278,0.177199569,0.17690235,0.001041583,0.017467342,0.01307076,0.012636319,9.27e-10,0.01460969,0.002397711,0.001024915,-0.001569916,0.001274259,0.000713451,-0.000444602,-0.003828885,0.001076255,0.002398431,-0.002188706,0.00117672,0.005336117,0.003913229,0.00382204
454,H,1,-0.097557774,0.015285984,0.034326939,-0.030843435,-0.035321909,0.025023288,0.011643679,0.004192142,0.122931178,0.185305008,0.165237085,0.164699663,0.943110109,1.029937959,0.973161115,0.973056086,0.925865313,1.10844724,0.971333575,0.970361268,0.137727825,0.199247406,0.176452915,0.176079844,0.001041583,0.017467342,0.012913872,0.012484228,1.11e-09,0.01446734,0.001547014,0.000730207,-0.001886806,0.000972834,0.000714939,-0.000498922,-0.003947355,0.001076255,0.002692117,-0.002492197,0.001057917,0.005378848,0.003993123,0.00390661
454,H,2,-0.104323665,0.011465266,0.033473341,-0.02899408,-0.025735199,0.030680535,0.014070484,0.010733376,0.106373566,0.184313983,0.161509708,0.160845331,0.931189056,1.019453955,0.963542021,0.963439489,0.91403583,1.104945337,0.958561569,0.957632015,0.127977265,0.202994747,0.177183139,0.176719201,0.000653545,0.017196409,0.012930414,0.012566989,1.11e-09,0.012655371,0.002126507,0.00090945,-0.001886806,0.00080052,0.000652258,-0.000504732,-0.004015874,0.00128434,0.002751217,-0.002577695,0.001057917,0.005392443,0.004022855,0.003943841
454,L,0,-0.0888307,0.034160868,0.028964111,-0.022046711,-0.049938919,0.02171555,0.017258473,-0.01138919,0.100085372,0.172787833,0.147308205,0.146619594,0.952311814,1.074128,0.996163583,0.995901294,0.941323628,1.182185206,1.007977788,1.006510134,0.122921533,0.214073045,0.159799284,0.159306632,0.000690942,0.017712678,0.012780984,0.012163587,4.65e-08,0.001751533,0.000679801,0.000502656,-0.001839216,0.001350908,0.000666641,-0.000403151,-0.003707291,0.001222492,0.002333237,-0.002086745,0.000931574,0.005293816,0.003846691,0.003736807
454,L,1,-0.071547127,0.023650885,0.025557262,-0.0214248,-0.034596506,0.019370383,0.010688508,-0.00631197,0.100085372,0.183973407,0.14978837,0.149169306,0.949479361,1.046200538,0.982225155,0.982124649,0.940980396,1.114391753,0.981682076,0.980889132,0.122921533,0.192364283,0.158079693,0.157689185,0.000690942,0.017833153,0.013645506,0.013337447,4.65e-08,0.015771802,0.001994369,0.000933287,-0.001975324,0.001350908,0.000662022,-0.000440042,-0.003928837,0.000905654,0.002499386,-0.002361119,0.000850592,0.005293816,0.004019473,0.003955071
454,L,2,-0.097019915,0.018044775,0.030057255,-0.025876222,-0.034090908,0.016260526,0.007806671,-0.002629515,0.113095116,0.190944039,0.159427384,0.158970659,0.949479361,1.031487628,0.979212662,0.979154302,0.940980396,1.121018073,0.972568181,0.972008783,0.135852962,0.19998761,0.16702745,0.166692491,0.00167956,0.018201036,0.014350518,0.014150598,2.72e-07,0.015885843,0.002917729,0.001380664,-0.001975324,0.001222084,0.000522446,-0.000320892,-0.003928837,0.000635644,0.002409993,-0.002301979,0.000850592,0.005260366,0.003807314,0.003757275
454,M,0,-0.054665964,0.137260772,0.050999378,6.72e-05,-0.055385098,-0.010896632,0.024177727,-0.02323803,0.081317073,0.193878929,0.162464444,0.159980216,0.991143773,1.082457886,1.021764579,1.021558748,0.974899752,1.159176893,1.018716967,1.017719493,0.117040639,0.209291011,0.17380993,0.17350028,0.001945509,0.017593662,0.014324522,0.014070276,1.51e-07,0.015288777,0.002050236,0.00107687,-0.001433504,0.000902596,0.000380806,-0.000210482,-0.003641367,0.000896647,0.002002266,-0.001910627,0.001508829,0.004876691,0.003650153,0.003621543
454,M,1,-0.064949033,-0.008210464,0.031298665,-0.029888487,-0.045302756,0.004025602,0.017554083,-0.016471935,0.142845172,0.1969215,0.17425811,0.174144249,0.975586287,1.059718538,1.002774867,1.002714549,0.964645318,1.114844802,0.995339603,0.994977076,0.16269237,0.204525713,0.177620784,0.177542489,0.00175563,0.017822456,0.014936605,0.014679326,2.66e-07,0.014522267,0.001538644,0.000751613,-0.001532717,0.001362579,0.00045848,-0.000291799,-0.004062371,0.000896647,0.00206958,-0.001920608,0.001237384,0.005580575,0.003587958,0.003547693
454,M,2,-0.093276298,-0.006289614,0.040127794,-0.037928887,-0.038159054,0.004025602,0.013480313,-0.011960715,0.137953152,0.202868764,0.175515057,0.175230246,0.974662271,1.04466701,0.997416085,0.997352132,0.957365652,1.114844802,0.994591053,0.993962305,0.155079385,0.204787199,0.180023858,0.17986643,0.000939797,0.017822456,0.014208291,0.013797127,2.66e-07,0.014522267,0.002310378,0.001085117,-0.001532717,0.001362579,0.000506511,-0.000288,-0.004062371,0.001299504,0.002288802,-0.002065519,0.001237384,0.005580575,0.003774812,0.00371308
455,H,0,-0.05785243,0.084226808,0.024503894,0.01535804,-0.049801205,0.008006023,0.015176197,-0.010655533,0.04065002,0.104791657,0.086752436,0.086117093,0.978009741,1.068608004,1.007875605,1.007763004,0.955796375,1.167038325,1.013017144,1.0120071,0.078265871,0.185242906,0.101158605,0.099895775,0.000706054,0.021133515,0.014937312,0.014311442,1.35e-06,0.009276773,0.001407931,0.001063444,-0.001848218,0.000849919,0.000507097,-0.000289139,-0.003506319,0.001438804,0.00189932,-0.001605687,0.00242462,0.005559446,0.003860138,0.003820736
455,H,1,-0.05785243,0.058575211,0.029121998,0.022741464,-0.04436307,0.017949829,0.012659705,-0.007976001,0.04395773,0.102238552,0.087120236,0.086651794,0.916132471,1.053499813,0.988480175,0.988251772,0.892024192,1.134173365,0.985135363,0.984356347,0.069138598,0.153526976,0.100591777,0.099748377,0.000706054,0.020215435,0.015081952,0.014649234,1.22e-06,0.021639165,0.002806697,0.001511607,-0.001814561,0.000849919,0.000623069,-0.00037185,-0.003582957,0.001252083,0.002085069,-0.001900992,0.002519296,0.005658546,0.004103191,0.004067259
455,H,2,-0.044665378,0.098316619,0.039902729,0.035711516,-0.046500479,0.017949829,0.00795906,-0.002104297,0.038973881,0.102238552,0.083970115,0.083325629,0.916132471,1.022533865,0.975861329,0.975719102,0.892024192,1.123197917,0.972734035,0.972315283,0.054204213,0.151334774,0.097787483,0.09662728,0.000564586,0.020215435,0.015526773,0.015245654,4.57e-07,0.021639165,0.003736487,0.00208001,-0.001814561,0.000938693,0.000722062,-0.000497837,-0.003582957,0.001107676,0.002083149,-0.001932378,0.002446636,0.005658546,0.004201634,0.004169567
455,L,0,-0.074218721,0.072196674,0.023852212,0.010086199,-0.082048316,0.015379662,0.029874148,-0.025062256,0.036590701,0.108218744,0.085642213,0.084993557,1.00569835,1.106788382,1.044007707,1.043881142,0.984688238,1.202087387,1.051521659,1.050580568,0.079635559,0.233453626,0.122284596,0.119123244,0.000862534,0.021241902,0.015023987,0.014243204,4.27e-08,0.010527496,0.001212982,0.00080981,-0.001678558,0.000702977,0.000594395,-0.000461818,-0.003791349,0.002388286,0.001669302,-0.001331165,0.002306631,0.005533386,0.003933693,0.00388958
455,L,1,-0.056787492,0.063254853,0.022766864,0.013839094,-0.082048316,-0.007802486,0.037332376,-0.035322412,0.046082872,0.111245604,0.087847063,0.087212981,1.016971069,1.106788382,1.050310512,1.050221159,0.990719483,1.164904393,1.042056118,1.041509142,0.084503944,0.203201705,0.121174806,0.119362444,0.000862534,0.020198225,0.015878089,0.015349732,1.28e-08,0.017097028,0.002363563,0.001077122,-0.001658943,0.000508011,0.000682988,-0.000576731,-0.003803924,0.001273828,0.00183634,-0.001588946,0.002262302,0.005701324,0.004172907,0.00413715
455,L,2,-0.050296224,0.063254853,0.02393769,0.016649975,-0.080539664,-0.007802486,0.038706005,-0.037125316,0.04106349,0.111245604,0.087953055,0.087336528,1.020004672,1.094840137,1.050133468,1.050062534,0.97526901,1.166729682,1.040452525,1.040068042,0.084503944,0.203201705,0.11955961,0.118364822,0.001097795,0.020104004,0.016462452,0.016077964,5.21e-09,0.018570361,0.003327692,0.001491318,-0.001702828,0.000491186,0.000763447,-0.000681387,-0.003803924,0.000988788,0.001715685,-0.001496975,0.002096202,0.005701324,0.004133476,0.004099541
455,M,0,-0.051990094,0.061179025,0.022163956,0.014455054,-0.067193104,0.010007088,0.022871644,-0.020344561,0.044238935,0.09936692,0.083209779,0.082630285,0.990996715,1.091274625,1.028993283,1.028912692,0.977985556,1.160316572,1.031059655,1.030416957,0.079176687,0.18442621,0.10343534,0.10199825,0.00071662,0.020442852,0.015176686,0.014652886,6.33e-09,0.02105067,0.00343707,0.001671244,-0.001576943,0.000609197,0.000744088,-0.000674301,-0.003839094,0.001350357,0.002205029,-0.001967679,0.002265637,0.005945444,0.00435953,0.00430477
455,M,1,-0.064491045,0.061179025,0.026124503,0.016565826,-0.067193104,0.010007088,0.026465204,-0.023697293,0.041633565,0.101435543,0.082949217,0.082333464,0.990996715,1.091274625,1.030484033,1.030398543,0.980122618,1.163334047,1.025918316,1.025262863,0.077572968,0.194185516,0.103266179,0.101381264,0.00071662,0.020442852,0.015240481,0.014628945,6.33e-09,0.02105067,0.002472831,0.001116894,-0.001708219,0.000609197,0.000855241,-0.000773434,-0.003934884,0.001350357,0.002201831,-0.001950167,0.002291054,0.005945444,0.004492838,0.004440919
455,M,2,-0.064491045,0.058985389,0.027051723,0.021491274,-0.067045726,0.001831481,0.029109981,-0.027123714,0.041633565,0.103376743,0.084154582,0.083735575,1.006725533,1.090171378,1.034908015,1.034849769,0.986721443,1.163334047,1.022519321,1.022191511,0.077221066,0.194185516,0.102113583,0.100986099,0.001434434,0.020133304,0.016315511,0.015970414,4.32e-07,0.026233945,0.00201433,0.000850112,-0.00178639,0.000429236,0.000947414,-0.00087298,-0.003934884,0.001167028,0.002016058,-0.001810241,0.002291054,0.005932258,0.004445543,0.004411122
456,H,0,-0.155830678,0.184960888,0.040097278,4.75e-05,-0.097184067,0.127344152,0.025013296,0.005780782,-0.212445217,0.050679072,0.04006218,0.003111761,0.704822448,1.012826204,0.960348299,0.95961252,0.656433309,1.252705932,1.011441691,1.007271576,0.008029098,0.408853148,0.117241632,0.089645144,0.000158469,0.018384359,0.012285094,0.011531788,3.49e-08,0.031641549,0.011014104,0.00743356,-0.005054024,0.006095475,0.000667184,-0.000213685,-0.007402021,0.003354001,0.002467744,-0.00202094,0.000619603,0.009900926,0.003872434,0.003763467
456,H,1,-0.152148569,0.184960888,0.041017477,0.000318031,-0.055329433,0.078771819,0.017790317,0.004971349,-0.072597163,0.044208578,0.024049617,0.007966198,0.904595711,1.032934514,0.972727921,0.972529726,0.885821342,1.188202615,1.025302802,1.023971659,0.008029098,0.213663686,0.073058562,0.061162778,0.000158469,0.018340257,0.012991098,0.012345519,3.49e-08,0.031641549,0.010619727,0.007373874,-0.001575196,0.000854019,0.000501512,-0.000278365,-0.004420341,0.001887575,0.002621356,-0.002333671,0.001937707,0.005575852,0.003953059,0.003889093
456,H,2,-0.21694694,0.061935072,0.045695263,-0.004940791,-0.091845152,0.040111648,0.019089642,-0.003782393,-0.069585816,0.051551998,0.02591233,0.016296211,0.880059729,1.032934514,0.979648831,0.979411848,0.955414597,1.188202615,1.029171236,1.028451965,0.016760579,0.213663686,0.06491148,0.053536353,0.000536797,0.018642988,0.013949989,0.013490174,2.54e-07,0.017437031,0.007812846,0.00631403,-0.001401866,0.000714047,0.000528977,-0.000357149,-0.004620703,0.001655758,0.002801693,-0.002584249,0.001765802,0.005575852,0.004156999,0.004097919
456,L,0,-0.113277053,0.083598942,0.035493244,0.006456765,-0.035001852,0.103521393,0.03876235,0.023503418,-0.172582372,0.082313706,0.028679752,0.009376628,0.694667222,0.988308794,0.911976685,0.907973967,0.747649176,1.162789604,0.971632942,0.967704697,0.014237479,0.410924713,0.163522989,0.118596279,0.000579487,0.018659155,0.013273851,0.012712575,1.3e-08,0.016853085,0.003189439,0.001625446,-0.001377307,0.000914535,0.000431336,-0.000217759,-0.005492621,0.002061603,0.002811954,-0.002529569,0.001062866,0.006013366,0.004034865,0.003955827
456,L,1,-0.139910787,0.057272215,0.031447035,0.005584217,-0.059364263,0.034682112,0.013076479,0.003816476,-0.053821044,0.030674688,0.016611611,0.009503144,0.92838145,0.993109853,0.95907197,0.958993817,0.935327947,1.163276705,1.011974468,1.011186852,0.014237479,0.17738702,0.063221602,0.055802423,0.000274428,0.017164783,0.013213969,0.01271617,1.81e-08,0.016853085,0.002032494,0.000852899,-0.001377307,0.000738074,0.000440097,-0.000275749,-0.004703922,0.001703373,0.002845552,-0.002593164,0.001989974,0.005849135,0.004114451,0.004044383
456,L,2,-0.144205478,0.057272215,0.028694993,-0.000621638,-0.071151193,0.023857045,0.012316503,0.001148219,-0.041118934,0.030994424,0.019534434,0.015969129,0.933725224,1.00075058,0.964138298,0.964078714,0.975097513,1.163276705,1.010111611,1.009532328,0.0197442,0.17738702,0.056562633,0.050387644,0.000274428,0.017011945,0.013884303,0.013471896,4.08e-15,0.001631383,0.000348935,0.000205862,-0.001293922,0.000590934,0.000444334,-0.000307834,-0.004703922,0.001177683,0.002703802,-0.002520357,0.001741864,0.005849135,0.003957356,0.00390006
456,M,0,-0.293188778,0.264297066,0.047806936,0.00540051,-0.13670262,0.109178754,0.06739477,0.043379198,-0.184814112,0.203880901,0.046707593,0.010883583,0.646134823,1.307586013,0.876326882,0.86603119,0.739639818,1.624037034,0.979228802,0.958698526,0.033670581,0.697821291,0.290003571,0.269281782,0.000403014,0.01924607,0.012528471,0.011241332,2.31e-08,0.06994074,0.012151538,0.004405247,-0.005864913,0.001939167,0.000669503,-0.000365431,-0.006905451,0.021448374,0.002381945,-0.001693927,0.000367917,0.023260649,0.003780981,0.00357637
456,M,1,-0.130834979,0.242491279,0.074832405,0.026813494,-0.026089202,0.149068915,0.076829935,0.071353666,-0.129377853,0.066057218,0.031334826,0.001441741,0.74522079,0.84324555,0.795222064,0.795055177,0.791121822,1.104761875,0.866586058,0.864360981,0.170195062,0.34432298,0.267211378,0.265277155,0.000403014,0.018417208,0.014310677,0.01363271,1.08e-08,0.018265452,0.002814878,0.001245158,-0.001711256,0.001392349,0.000542537,-0.000248289,-0.004387201,0.001725441,0.002359625,-0.002081294,0.001573297,0.005590942,0.003696417,0.003635558
456,M,2,-0.130834979,0.242491279,0.077057743,0.026804118,-0.026089202,0.149068915,0.075539399,0.070831451,-0.129377853,0.066057218,0.033150892,0.009349764,0.74522079,0.84324555,0.801064534,0.800918338,0.79909099,1.104761875,0.864635709,0.862993756,0.16802783,0.34432298,0.261304977,0.259822053,0.000320864,0.019148645,0.014142291,0.013643529,1.08e-08,0.018265452,0.002415924,0.001027618,-0.001679498,0.001392349,0.000579569,-0.000268288,-0.004387201,0.001755284,0.002574008,-0.002330457,0.001573297,0.005684566,0.003859491,0.003798305
457,H,0,-0.176696171,0.212825624,0.06174617,0.009886145,-0.077032736,0.139709485,0.044416743,0.03066019,-0.206907264,0.027483327,0.071861465,-0.057478038,0.853734381,0.973359188,0.908010148,0.907793157,0.863858175,1.12958366,0.956305438,0.954980834,0.076059275,0.260175503,0.143497229,0.140404079,0.00083563,0.017976559,0.013289623,0.012561212,2.44e-07,0.023722592,0.007469252,0.004946826,-0.001344102,0.000934294,0.000426823,-0.000155772,-0.003469227,0.002739571,0.001747317,-0.001172756,0.001684405,0.0048205,0.003463008,0.003425173
457,H,1,-0.169857788,0.109319581,0.051877379,0.004855536,-0.051770042,0.092219883,0.045472276,0.035796113,-0.139695435,0.027483327,0.049780538,-0.045003438,0.88177144,0.954522353,0.914350943,0.914265477,0.88830476,1.12958366,0.955967545,0.955107124,0.063558095,0.199182016,0.125348399,0.123786098,0.001011686,0.018030718,0.013642495,0.013083496,1.97e-06,0.022100409,0.006861509,0.004893193,-0.001239895,0.001131275,0.000445632,-0.000128862,-0.003457841,0.002739571,0.001823505,-0.001371055,0.001684405,0.004945369,0.003517641,0.003480829
457,H,2,-0.167876378,0.094469937,0.053930312,0.001017111,-0.048427148,0.085098812,0.046086849,0.036257316,-0.131765966,0.013462971,0.05188958,-0.047293038,0.884103911,0.966069614,0.916792719,0.916689998,0.876711372,1.132290875,0.963166346,0.96223548,0.063558095,0.191044846,0.123141668,0.121395132,0.000640758,0.018226415,0.013319142,0.012720413,2.06e-07,0.01992879,0.005482859,0.003640141,-0.001283545,0.001131275,0.00047355,-0.000126157,-0.003535101,0.002562242,0.001743076,-0.001266296,0.002104627,0.005121857,0.003474147,0.00343735
457,L,0,-0.174414215,0.319052936,0.060053696,0.008709247,-0.081641503,0.225771049,0.056086686,0.043407805,-0.220182405,0.036496997,0.052807143,-0.033423502,0.817290719,1.109372403,0.897803855,0.897147613,0.840836624,1.400968185,0.949170596,0.946374252,0.092959639,0.467344987,0.160832717,0.154172172,0.00088257,0.017786579,0.013180563,0.012506513,7.57e-07,0.02575253,0.005756146,0.003291948,-0.001377741,0.000962513,0.00044147,-0.000211014,-0.003547932,0.002618728,0.001905473,-0.001461409,0.001863499,0.005082519,0.003641658,0.003605473
457,L,1,-0.127644316,0.067137037,0.036991766,-0.0032426,-0.014421799,0.083129617,0.045426922,0.040587075,-0.084344267,0.022911259,0.024731751,-0.017198123,0.876919307,0.941366288,0.901436546,0.901374591,0.887992931,1.059201063,0.941249323,0.94061943,0.071741934,0.177556722,0.131245409,0.130230164,0.001617135,0.017786579,0.013825055,0.01334254,7.91e-07,0.019699219,0.004930106,0.002731003,-0.001460611,0.000962513,0.000490583,-0.000199989,-0.003155824,0.00250781,0.001988635,-0.001691566,0.002173928,0.004931651,0.003761135,0.003735318
457,L,2,-0.12252005,0.048011504,0.031097994,-0.003472987,-0.014421799,0.077688189,0.040725859,0.037841793,-0.064958953,0.0240481,0.021797208,-0.015965549,0.879500804,0.941366288,0.909552728,0.909489566,0.902953359,1.06499248,0.948109693,0.947477887,0.071741934,0.168045327,0.119987341,0.119033406,0.001431312,0.017862898,0.014018646,0.013516001,9.13e-07,0.014892344,0.002764535,0.001474256,-0.001460611,0.000915204,0.000498288,-0.000186725,-0.003106522,0.002779828,0.002006177,-0.001708906,0.002173928,0.004721845,0.003772827,0.003752986
457,M,0,-0.171338558,0.2288748,0.054843192,0.009945338,-0.04393,0.116062745,0.053365778,0.045383107,-0.178722676,0.019899151,0.060946363,-0.050496225,0.857959466,0.982382018,0.904298725,0.904087616,0.860332896,1.105512315,0.948894492,0.947890904,0.076024856,0.229250737,0.14409117,0.141703881,0.000300672,0.018048641,0.013256016,0.012547526,5.75e-07,0.032706188,0.007648641,0.004051942,-0.001241194,0.000947187,0.000396994,-0.000155132,-0.003443419,0.002911528,0.001759512,-0.001268025,0.001880543,0.004932354,0.003542303,0.003498156
457,M,1,-0.125680824,0.092967224,0.04074317,-0.001321138,-0.031524217,0.087825706,0.043760129,0.037589816,-0.103865683,0.019899151,0.041017163,-0.036389463,0.876139227,0.973273901,0.916993814,0.916906463,0.889578293,1.082528549,0.953827223,0.953230557,0.048484158,0.174460309,0.118268103,0.117186197,0.000847512,0.018048641,0.013851463,0.013351407,1.18e-06,0.02170002,0.007337916,0.004249667,-0.001559983,0.000947187,0.000461438,-0.000197369,-0.003443419,0.002815378,0.00186757,-0.001533104,0.001927237,0.00507798,0.003660441,0.003622159
457,M,2,-0.127748118,0.072950731,0.040853279,-0.00541642,-0.047907824,0.077140117,0.034686671,0.027852431,-0.097792181,0.014364246,0.041581588,-0.037444176,0.88985368,0.973273901,0.924412044,0.924337721,0.911147449,1.089234102,0.962006424,0.961375718,0.048484158,0.146338209,0.1072348,0.106186221,0.000847512,0.018282989,0.01380191,0.013303233,1.15e-06,0.02100551,0.007680121,0.004775792,-0.001559983,0.000773834,0.00052256,-0.000311366,-0.00366495,0.002331315,0.001835503,-0.001515125,0.001927237,0.00507798,0.003642583,0.003603236
458,H,0,-0.120600085,0.218259032,0.067236519,0.020601624,0.011249208,0.230561533,0.1063929,0.09833024,-0.17397919,0.017108978,0.054386263,-0.032347434,0.797719002,1.114798465,0.845034243,0.844019442,0.752592808,1.071267517,0.833549055,0.831528549,0.144675348,0.330154217,0.268455269,0.266768317,0.000148783,0.018738273,0.014144784,0.013302494,1.36e-07,0.023390974,0.004058447,0.001695784,-0.001537491,0.001094666,0.000452836,-0.000189649,-0.003387868,0.001958751,0.001671359,-0.001402698,0.001297211,0.005361291,0.003621851,0.003546301
458,H,1,-0.11551049,0.163031014,0.033168561,0.008559428,0.017116322,0.142616523,0.08942935,0.088072308,-0.109667866,0.014434743,0.028783918,-0.016552286,0.797719002,0.886421542,0.830916415,0.830856381,0.758518484,0.969219259,0.815559911,0.814715979,0.151708776,0.314257536,0.270631594,0.269481551,0.000148783,0.018738273,0.015244224,0.014857131,3.06e-07,0.023390974,0.006794324,0.003825512,-0.001537491,0.000975657,0.00041833,-0.000181108,-0.003464047,0.001946653,0.001778607,-0.001603885,0.001633299,0.005361291,0.003801014,0.003754839
458,H,2,-0.137013786,0.163031014,0.04196952,0.01436753,-0.021367001,0.142616523,0.089210725,0.087298304,-0.10898207,0.028908701,0.02935283,-0.015638819,0.806191869,0.884569218,0.835818817,0.835741653,0.764218991,1.025615708,0.819127683,0.818087762,0.154430244,0.314257536,0.265940914,0.264591541,0.000392383,0.018268303,0.015076928,0.01461587,2.92e-07,0.020555576,0.006140074,0.003305868,-0.001782774,0.001207077,0.000448885,-0.000240519,-0.003464047,0.001946653,0.001662587,-0.001460052,0.001309274,0.005255743,0.003740587,0.003686927
458,L,0,-0.196761441,0.088680473,0.038682603,0.004615967,-0.037822111,0.100743937,0.072836497,0.070546729,-0.093620919,0.03698087,0.025318183,-0.004767525,0.818030524,0.905792323,0.855167174,0.855084877,0.769513219,1.011421484,0.8302077,0.828855861,0.122488861,0.297388023,0.24211652,0.240011529,0.000182647,0.01837868,0.014316046,0.013722924,3.78e-07,0.018372765,0.002708692,0.001184407,-0.001153557,0.001084022,0.000420851,-8.84e-05,-0.003342378,0.001938207,0.001817536,-0.001563789,0.001577734,0.005360975,0.003748183,0.003688748
458,L,1,-0.118668884,0.098914079,0.029775088,0.002989657,0.001504243,0.118692643,0.072667697,0.071185513,-0.093620919,0.037984631,0.020612516,0.003034526,0.825007628,0.89686921,0.855357489,0.855296576,0.769513219,0.984450074,0.81640349,0.815552098,0.143894913,0.297388023,0.249317499,0.247845148,0.000182647,0.01837868,0.015152966,0.014773866,6.73e-07,0.018372765,0.00269863,0.001155109,-0.001430872,0.001032515,0.000435426,-0.000172893,-0.003033053,0.001871434,0.001817855,-0.001649215,0.001902021,0.005360975,0.003931385,0.003883719
458,L,2,-0.121575833,0.098914079,0.02884259,0.001120236,0.001683361,0.118692643,0.07526165,0.073665615,-0.075383685,0.037984631,0.019883349,0.006799924,0.825787437,0.89686921,0.854290299,0.854217088,0.775230013,0.970866096,0.812793132,0.812099925,0.133435131,0.300483633,0.252725599,0.251275653,0.001243876,0.01771019,0.015140266,0.014761478,2.05e-07,0.016392794,0.001710749,0.00079287,-0.001442482,0.001087458,0.000432672,-0.000193897,-0.002950476,0.001871434,0.001703578,-0.001555279,0.001673642,0.005239286,0.003866466,0.003823184
458,M,0,-0.11587691,0.091759147,0.036389389,0.018130643,-0.002447038,0.107323519,0.074109492,0.072067837,-0.108591557,0.021375188,0.027279875,-0.012280487,0.821330072,0.999241992,0.876288183,0.875588045,0.772832513,1.045712645,0.852479695,0.850350704,0.042280498,0.294536688,0.221272505,0.214411102,0.000239507,0.018294949,0.014634095,0.013972752,3.39e-07,0.021572733,0.003729413,0.001820268,-0.001435952,0.001141427,0.000483059,-0.000225896,-0.003425212,0.0023696,0.001863612,-0.001537283,0.001624384,0.00531275,0.003845129,0.003774987
458,M,1,-0.107396906,0.048658067,0.02617683,0.002623656,0.014493819,0.100375761,0.073802428,0.072553561,-0.108591557,0.023807902,0.024571337,-0.005553339,0.821330072,0.906801172,0.860353926,0.860293945,0.772832513,1.042045676,0.831228764,0.829895917,0.140078694,0.294536688,0.238371476,0.236275966,0.0007535,0.018294949,0.015239266,0.01475043,6.33e-07,0.021572733,0.003546211,0.001656377,-0.001546972,0.001141427,0.000574606,-0.000387665,-0.003425212,0.001994666,0.001861761,-0.001634247,0.001534295,0.00531275,0.003978012,0.003917797
458,M,2,-0.109211753,0.046933246,0.023011751,-0.00932545,0.019566248,0.09751377,0.07233625,0.071403859,-0.081852256,0.024355332,0.021011913,0.002745149,0.834417315,0.906801172,0.854954171,0.854889105,0.774028397,0.984421192,0.817696937,0.816730292,0.141423231,0.289685657,0.249018382,0.247337704,0.001378,0.017760799,0.015369384,0.014980304,2.36e-08,0.008047277,0.000918524,0.000648965,-0.00162942,0.000847508,0.000674391,-0.000503048,-0.00300968,0.001994666,0.001737766,-0.001576064,0.001534295,0.005271296,0.00400194,0.003952092
459,H,0,-0.073134909,0.152583324,0.030937979,0.006255355,-0.046360662,0.113197417,0.026823041,0.018917046,-0.155536361,0.07543092,0.050866415,0.031826576,0.927543242,1.068861826,0.981777577,0.981436118,0.901789496,1.212587169,0.986904817,0.98545093,0.015818906,0.248917299,0.086029648,0.081315321,0.00121875,0.02022874,0.015417783,0.014814459,8e-07,0.016094364,0.00280886,0.001752279,-0.001616301,0.001136025,0.000651966,-0.000406199,-0.003656732,0.004664387,0.002007383,-0.001723103,0.002252352,0.006609684,0.004398621,0.004339225
459,H,1,-0.077755776,0.041203557,0.023731283,-0.015103294,-0.041680015,0.035383348,0.019532984,0.014067846,-0.024256873,0.084246658,0.055289704,0.052984323,0.940022494,1.04916713,0.971858143,0.971675049,0.92733481,1.09976139,0.969382648,0.968862337,0.015818906,0.112365778,0.081084441,0.080039556,0.001923271,0.02022874,0.016796352,0.016516326,2.35e-07,0.015736426,0.002903378,0.001684655,-0.001616301,0.000906278,0.000650948,-0.000410308,-0.00389552,0.001810686,0.002226041,-0.002094348,0.00259435,0.006271422,0.004630773,0.004583772
459,H,2,-0.077755776,0.032540415,0.026922167,-0.020445673,-0.037207014,0.035383348,0.017516047,0.011532582,-0.022223472,0.084246658,0.058287652,0.056298628,0.940022494,1.06071327,0.971168665,0.971008908,0.92733481,1.100656804,0.968380356,0.967893142,0.026037889,0.112365778,0.082639283,0.081785264,0.001923271,0.020217597,0.016921304,0.016614471,2.35e-07,0.019242271,0.003054236,0.001525836,-0.001562478,0.000858618,0.000619346,-0.000388215,-0.00389552,0.001729174,0.002264669,-0.002121488,0.00259435,0.006271422,0.004600089,0.004554497
459,L,0,-0.165269431,0.249690965,0.050836961,-0.005137784,-0.03516033,0.141074827,0.031520572,0.022138935,-0.129551527,0.097103044,0.052710067,0.040146302,0.818455254,1.123343685,0.956502501,0.955611429,0.905235699,1.130149741,0.950072874,0.948966383,0.011475134,0.247323418,0.110235087,0.107800213,0.001956648,0.018818153,0.015564655,0.015189009,7.1e-09,0.01132279,0.001155591,0.000717972,-0.002294362,0.001176051,0.000695349,-0.000376538,-0.003890745,0.002293388,0.002188852,-0.001952905,0.001909698,0.00633853,0.004431949,0.00437535
459,L,1,-0.122718421,0.049332932,0.062237757,-0.050825254,-0.058672826,0.030466127,0.013887439,0.001821383,-0.029777589,0.097103044,0.07054076,0.067221707,0.921296353,1.024693365,0.954179576,0.954048988,0.90025293,1.086139159,0.945938466,0.945490908,0.011475134,0.146631359,0.106523763,0.10512051,0.003173751,0.020400617,0.016652925,0.016412535,7.38e-07,0.016263108,0.0016752,0.000928464,-0.00247958,0.000717871,0.000676061,-0.000450834,-0.004084554,0.001659249,0.002249549,-0.002032772,0.002411563,0.00633853,0.004524414,0.004470113
459,L,2,-0.122718421,0.049332932,0.073866378,-0.071597611,-0.058672826,0.030466127,0.013123433,-0.004797895,-0.008284921,0.099678264,0.077688099,0.075316941,0.921296353,1.024693365,0.954054715,0.953912566,0.90025293,1.094317043,0.952514891,0.952061449,0.022758746,0.146631359,0.108464987,0.107172196,0.002012622,0.020734741,0.016627253,0.01632478,1.01e-06,0.018358849,0.002842667,0.001409516,-0.00247958,0.000660993,0.000608995,-0.000400255,-0.004084554,0.002549085,0.002298559,-0.002008263,0.002604269,0.006679273,0.004437602,0.004373672
459,M,0,-0.08307998,0.357558342,0.051581839,-0.015840878,-0.04987223,0.249516738,0.029586886,0.008800754,-0.180119082,0.098395268,0.062258951,0.052218837,0.820846045,1.124737467,1.02912508,1.028677302,0.935760986,1.169642551,1.025267702,1.024448248,0.04064129,0.345005324,0.093662959,0.087491754,0.001230866,0.020912913,0.016003426,0.015601032,5.88e-08,0.017423742,0.003520598,0.001942268,-0.001634428,0.001482739,0.000656518,-0.000476482,-0.003953868,0.001898322,0.002159182,-0.001889767,0.001458569,0.006333375,0.004586161,0.00452925
459,M,1,-0.096837519,0.170373567,0.047953441,-0.039283705,-0.043044593,0.052291104,0.010972662,0.000312863,-0.016374945,0.103431693,0.074649512,0.072769879,0.991497044,1.098429141,1.021883892,1.02176021,0.964666623,1.14563935,1.010006228,1.00966317,0.051558174,0.165057223,0.08488496,0.083443079,0.002687101,0.020912913,0.016683803,0.016537576,5.05e-07,0.017423742,0.003432792,0.001827858,-0.0018034,0.001482739,0.000713339,-0.000561758,-0.004252806,0.001772243,0.00257002,-0.002455096,0.00248639,0.006333375,0.004926432,0.004893696
459,M,2,-0.096837519,-0.003266919,0.063398577,-0.061789983,-0.043044593,0.019831523,0.010064328,-0.006674447,0.017611857,0.103923689,0.086495249,0.085739824,0.991497044,1.098429141,1.020365169,1.020268887,0.980274892,1.129593262,1.007534014,1.007355652,0.061408766,0.155409339,0.092755095,0.092125877,0.005756179,0.020675197,0.016789287,0.016722178,5.49e-08,0.017170727,0.002217452,0.00113749,-0.002055895,0.000546204,0.000839114,-0.000728923,-0.004488553,0.000939438,0.003016653,-0.002939658,0.002847073,0.006239728,0.005234809,0.005209779
460,H,0,-0.046666067,0.196860135,0.038909371,0.003873705,-0.08946127,0.041471116,0.053740279,-0.050840097,-0.195327368,-0.045325605,0.093190199,-0.089169133,1.021995733,1.125822797,1.084763345,1.08465366,1.015673993,1.219208712,1.065346701,1.064495832,0.105779322,0.290178516,0.157951119,0.153340555,0.001009071,0.018651481,0.014387976,0.014032849,4.02e-08,0.013837375,0.00205819,0.00091127,-0.001566962,0.000839018,0.000568123,-0.000385482,-0.003946015,0.001868069,0.002040241,-0.001865472,0.001579982,0.005492081,0.004083334,0.004034059
460,H,1,-0.044759712,0.023831625,0.009331785,0.003763678,-0.072986269,-0.032672014,0.052629039,-0.052409958,-0.146791344,-0.059707196,0.087093483,-0.086567313,1.044656581,1.115533917,1.079142421,1.079116979,1.018897164,1.204140462,1.05061637,1.050375532,0.105779322,0.267171763,0.14040366,0.1391873,0.001009071,0.016620213,0.014640917,0.014537848,4.02e-08,0.013837375,0.001311652,0.000535718,-0.001566962,0.000839018,0.000515948,-0.000346898,-0.003116058,0.00050593,0.001811006,-0.001761296,0.001854551,0.00516033,0.003795656,0.003762613
460,H,2,-0.07706151,0.03218637,0.017288947,0.002036405,-0.083417584,-0.029344323,0.053579141,-0.053240809,-0.160170655,-0.031133028,0.087640144,-0.086736611,1.039713662,1.123489279,1.080835996,1.080804513,1.023957351,1.184659615,1.049221612,1.049040298,0.108633308,0.256440835,0.141189016,0.140307822,0.001347256,0.018012877,0.01456952,0.014496248,6.07e-08,0.012148876,0.001317107,0.000523562,-0.001427028,0.000893393,0.000472814,-0.000325616,-0.003821363,0.000903337,0.001789144,-0.001719692,0.001971404,0.00515705,0.003688315,0.003659898
460,L,0,-0.039146416,0.069439149,0.01827236,0.007628483,-0.072033561,-0.0050125,0.0493822,-0.04876263,-0.154732182,-0.057480971,0.087912541,-0.08614722,1.020209152,1.141461087,1.085809732,1.085684117,1.018957286,1.208297902,1.063994986,1.063361713,0.114022717,0.259933552,0.152130405,0.149155561,0.000281572,0.017968841,0.014654413,0.014361609,3.32e-09,0.010520632,0.001512653,0.000657517,-0.001599263,0.000857061,0.000497977,-0.000284804,-0.003596508,0.001559419,0.002190532,-0.002055388,0.001753703,0.005447404,0.004056343,0.004021294
460,L,1,-0.024874617,0.048588607,0.024555515,0.021619467,-0.072694995,-0.02466239,0.050187257,-0.049898258,-0.154732182,-0.058213992,0.089806761,-0.089221414,1.034947,1.120228961,1.081150413,1.081091048,1.018957286,1.190563412,1.054268922,1.054056754,0.114022717,0.258450358,0.143727473,0.142470911,0.001119083,0.017968841,0.014452074,0.014315082,3.32e-09,0.01019425,0.00110065,0.000495683,-0.001599263,0.000914868,0.000467936,-0.000202627,-0.004257587,0.000753113,0.002405488,-0.00225784,0.001954725,0.005436342,0.004025983,0.003988883
460,L,2,-0.021087263,0.071200047,0.039759338,0.037437859,-0.072694995,-0.029210974,0.048573047,-0.048054223,-0.152084838,-0.080995459,0.097555343,-0.097000303,1.049997545,1.128496652,1.085171158,1.085117645,1.02515384,1.197624813,1.057206669,1.057045237,0.121667845,0.25637638,0.151105945,0.150101013,0.000898588,0.017801187,0.013931835,0.013796803,3.51e-09,0.011334709,0.001523796,0.000619802,-0.00122976,0.001185506,0.000404964,2.93e-05,-0.004257789,0.001914792,0.002608045,-0.00237112,0.001465791,0.005508526,0.004132236,0.004074407
460,M,0,-0.055218631,0.012965777,0.021191449,-0.018597997,-0.07784618,-0.021783799,0.049550877,-0.049237334,-0.151092732,-0.057410476,0.086106279,-0.084207802,1.006284661,1.103793144,1.064785606,1.064693348,0.992794705,1.181249792,1.033419715,1.032743652,0.091974186,0.253431591,0.1293069,0.126007905,0.000865235,0.016971198,0.013806535,0.01353723,6.16e-09,0.008583334,0.00141076,0.00081036,-0.001280404,0.000966934,0.000482165,-0.000322327,-0.003425702,0.001863644,0.002314629,-0.002146632,0.002122511,0.005429976,0.004464884,0.004435808
460,M,1,-0.055218631,0.009620528,0.019275516,-0.017251718,-0.07784618,-0.029867066,0.049365656,-0.049028603,-0.151326902,-0.064269424,0.089814285,-0.08825225,1.0053444,1.093077894,1.056560947,1.056480889,0.996114928,1.17904209,1.034920407,1.034288075,0.091974186,0.237641811,0.127855115,0.124759327,0.000477749,0.016890834,0.013904671,0.013656047,3.14e-12,0.008583334,0.000932818,0.000541754,-0.001333208,0.000564155,0.000490814,-0.00038027,-0.003425702,0.001966159,0.002180658,-0.002003187,0.002195482,0.005429976,0.004216637,0.004185554
460,M,2,-0.051995311,0.01786866,0.020601276,-0.018730329,-0.083261903,-0.033521328,0.053000566,-0.052639524,-0.159871089,-0.06432146,0.090394777,-0.088731106,1.0053444,1.085194217,1.054128555,1.054071086,0.991135187,1.17904209,1.038327089,1.037719256,0.096013466,0.247643664,0.129266185,0.125973096,0.000477749,0.016804154,0.013637134,0.013380476,3.14e-12,0.010504935,0.001077815,0.000548492,-0.001333208,0.000557571,0.000452784,-0.000342418,-0.003333968,0.001966159,0.002095326,-0.001939096,0.00198811,0.005213665,0.003914159,0.00389632
461,H,0,-0.119129077,0.140917416,0.02873004,-0.004313288,-0.093595851,-0.016465495,0.040202037,-0.037734365,0.004602007,0.114072647,0.082827163,0.081973995,1.054014828,1.157872668,1.103299804,1.103199238,0.970559896,1.213520697,1.055680478,1.054896947,0.104798971,0.264639756,0.154970653,0.152729155,0.002636787,0.016558076,0.013068962,0.01284721,7.08e-08,0.015431132,0.00269892,0.001265922,-0.001752376,0.000943286,0.000433826,-5.73e-05,-0.003436786,0.002413364,0.001709125,-0.001508654,0.002802106,0.005922777,0.004386657,0.004362736
461,H,1,-0.059707985,0.026745962,0.014281262,-0.001040643,-0.053800639,-0.016465495,0.031418974,-0.03094743,0.049100174,0.115852212,0.083063826,0.082492165,1.06988874,1.137408102,1.099593474,1.099537095,0.989952973,1.168176989,1.048171036,1.047807231,0.116645167,0.227609386,0.144797886,0.144106564,0.004783074,0.016342392,0.013526407,0.013402709,7.52e-07,0.01491992,0.002569437,0.001361184,-0.001756407,0.001099488,0.000370754,0.000126122,-0.003523727,0.001529985,0.001562117,-0.001401492,0.003008183,0.005852915,0.004288886,0.004271763
461,H,2,-0.059707985,0.026745962,0.015785263,0.000938963,-0.053800639,-0.0168219,0.030629886,-0.030066423,0.049977634,0.115852212,0.081612463,0.081026013,1.06988874,1.14310808,1.101160013,1.101103486,0.989952973,1.178980608,1.047991254,1.047483825,0.117865968,0.227609386,0.145819084,0.144900636,0.004152749,0.016342392,0.013196255,0.013015467,1.22e-06,0.01491992,0.002053846,0.001105206,-0.001875215,0.001172772,0.000379024,0.000106784,-0.003523727,0.001529985,0.001506421,-0.001316885,0.002813689,0.006009289,0.004235981,0.004214497
461,L,0,-0.12352897,0.0340733,0.029596883,-0.007454761,-0.180341387,-0.004357929,0.039118535,-0.033367468,0.031654475,0.112832311,0.079213724,0.078306189,1.043020941,1.222207148,1.103842827,1.103700652,0.982089804,1.208139935,1.062405139,1.061303476,0.118265225,0.344594463,0.158020519,0.155266461,0.002782459,0.016037181,0.01272866,0.01242299,2.96e-09,0.018607696,0.002521966,0.001092066,-0.001795749,0.000812099,0.000512106,-0.000262683,-0.003568412,0.002450673,0.001661883,-0.001403697,0.002489666,0.00618743,0.00433457,0.00429742
461,L,1,-0.077083064,0.029852132,0.017209513,-0.006072165,-0.048299369,-0.008078172,0.025949453,-0.025285789,0.047438668,0.112832311,0.085460232,0.085108304,1.050891747,1.155281567,1.102899146,1.10282143,0.982089804,1.208139935,1.048301564,1.047623923,0.115374447,0.237947828,0.149695743,0.14861805,0.002742089,0.016037181,0.013422084,0.013240103,2.96e-09,0.018607696,0.002543059,0.001162542,-0.002018699,0.00099191,0.000452651,-0.000164631,-0.003568412,0.002452369,0.001840825,-0.001647794,0.003195747,0.00618743,0.004773029,0.004738692
461,L,2,-0.062294955,0.022806924,0.011401713,0.000628774,-0.042147136,-0.008078172,0.023001138,-0.022463378,0.053398844,0.099189353,0.085010128,0.084814085,1.050891747,1.163298406,1.105869919,1.105795117,0.981526929,1.169517948,1.035217337,1.034786889,0.115365083,0.208703324,0.14565361,0.144955044,0.002742089,0.015852099,0.013718216,0.013567531,4.81e-08,0.002150795,0.000723406,0.000546653,-0.002018699,0.00099191,0.000448531,-0.000162889,-0.003445499,0.002452369,0.001766751,-0.001627972,0.003195747,0.006106537,0.004993671,0.004972984
461,M,0,-0.106569672,0.200056328,0.05740132,0.006293717,-0.06378877,0.125020571,0.043404788,-0.009494018,-0.114967836,0.099996447,0.077919555,0.05791843,0.986200853,1.209804536,1.098669844,1.098208642,1.007959112,1.257364586,1.095034252,1.093479573,0.082897786,0.340766099,0.175369449,0.171992903,0.001093912,0.015869309,0.011563678,0.010624318,2.07e-08,0.014707879,0.001099659,0.000688333,-0.002289925,0.001296401,0.000583125,-0.000330235,-0.004010594,0.002669927,0.001588369,-0.000966864,0.002019131,0.006274436,0.004434859,0.00436355
461,M,1,-0.059883599,0.062571358,0.020336193,0.004114506,-0.0565439,-0.005639725,0.026226683,-0.02556346,0.033663236,0.099996447,0.078815571,0.078087103,1.051819384,1.175776368,1.109225658,1.109128791,1.002050377,1.193195315,1.056904701,1.056380623,0.114777902,0.237510203,0.15267617,0.151439077,0.002143924,0.015954931,0.01328222,0.013046693,2.07e-08,0.014215428,0.001564944,0.00071315,-0.0022386,0.000874647,0.000430716,-0.000222185,-0.003828016,0.002371904,0.001623589,-0.001404143,0.002933826,0.005871697,0.004706431,0.004665802
461,M,2,-0.046588972,0.062571358,0.022041128,0.015063752,-0.045940717,0.0015669,0.02320409,-0.022392203,0.033663236,0.095969047,0.07457075,0.073830602,1.060368484,1.175776368,1.112019647,1.111922318,0.992778627,1.200935889,1.061675078,1.061089559,0.114777902,0.233117957,0.154328026,0.153082646,0.002686196,0.015954931,0.012989,0.012756364,2.93e-10,0.015925369,0.002394727,0.00114473,-0.00178619,0.000767349,0.000388455,-0.00020566,-0.003828016,0.00145443,0.001532033,-0.001256802,0.002933826,0.006047194,0.004614818,0.004577067
462,H,0,-0.045605883,0.114432424,0.032820955,0.024846514,0.000765629,0.074213928,0.046540872,0.045374421,-0.117601786,0.007704975,0.032737159,-0.027254399,0.925658693,1.02470847,0.96302452,0.962934522,0.893223663,1.136901654,0.961634435,0.960930209,0.037893845,0.183366175,0.087551839,0.085706371,0.000304974,0.017994476,0.012813391,0.012306144,2.94e-07,0.020606668,0.006396146,0.0037446,-0.001436094,0.001001554,0.000537689,-0.00033395,-0.004008359,0.001364148,0.002108191,-0.001888979,0.002087022,0.005468892,0.003719859,0.003683214
462,H,1,-0.082246656,0.090120254,0.043719177,0.034094716,-0.010394734,0.089161544,0.051954072,0.050343051,-0.115315052,0.004653302,0.03295818,-0.028020213,0.911883708,1.021908887,0.964809226,0.96471684,0.898063192,1.085719472,0.962793062,0.96223702,0.037893845,0.157671102,0.087778532,0.085846851,0.000264198,0.017232047,0.012613418,0.012169315,2.94e-07,0.027504466,0.00700207,0.003848007,-0.001427198,0.000979883,0.00050837,-0.00029774,-0.004008359,0.001059346,0.002141036,-0.001921771,0.001862832,0.005468892,0.003667466,0.00362439
462,H,2,-0.091132892,0.085853722,0.038885076,0.021391402,-0.044498379,0.118299767,0.044536997,0.03850597,-0.115315052,0.020824298,0.036822407,-0.028781902,0.821837871,1.027813865,0.96902634,0.968794506,0.835425469,1.127748028,0.972913564,0.972164454,0.015474017,0.271182472,0.083632324,0.077320638,0.000227756,0.016912526,0.01235364,0.011930111,1.35e-06,0.027504466,0.009952258,0.00691699,-0.001508761,0.000979883,0.000535648,-0.000315928,-0.003984815,0.001860817,0.001968552,-0.00172795,0.001862832,0.004996319,0.003543784,0.003506942
462,L,0,-0.057752699,0.057896677,0.015838222,0.000961747,-0.023558006,0.055186093,0.031071361,0.029044536,-0.107487862,0.021611445,0.022105798,-0.008138585,0.926755739,1.100450242,0.976175685,0.975859573,0.917878327,1.19942876,0.971124373,0.969912818,0.020398352,0.245715578,0.076881917,0.072386827,0.000422456,0.018714974,0.012659548,0.012064649,1.5e-06,0.006237471,0.001746939,0.001378916,-0.00163731,0.000961428,0.000619567,-0.000458191,-0.003956838,0.00138626,0.001929975,-0.001709966,0.00195923,0.005427713,0.003563663,0.003531078
462,L,1,-0.041755226,0.042689572,0.016241765,0.003697316,-0.005415546,0.069877064,0.032232313,0.030152362,-0.067633402,0.02417379,0.017024118,-0.004426372,0.906975687,1.035389957,0.967646102,0.967514091,0.875613583,1.078982345,0.955038588,0.954242711,0.016304146,0.151916491,0.079074791,0.075562296,0.000507644,0.016750965,0.012068111,0.011505285,4.05e-07,0.027196316,0.003751822,0.00186011,-0.00163731,0.000921346,0.000614879,-0.000434859,-0.003703865,0.001586822,0.001916157,-0.001643684,0.001765931,0.004912193,0.003531952,0.003498397
462,L,2,-0.041085529,0.057599079,0.022944159,0.012883633,-0.005415546,0.108490474,0.038809152,0.032865768,-0.067633402,0.028435487,0.019087439,-0.005017712,0.902302581,1.022020326,0.965199876,0.965008173,0.875613583,1.089905377,0.962132978,0.961182508,0.016304146,0.160974064,0.08246081,0.077169169,0.00029771,0.016750965,0.011766315,0.01108762,2.06e-07,0.030222925,0.008034391,0.004331098,-0.001542534,0.000716866,0.000556356,-0.000401508,-0.003703865,0.001586822,0.001778681,-0.001418077,0.001765931,0.004913411,0.003520116,0.003481924
462,M,0,-0.088696248,0.076619561,0.037071967,0.022331184,-0.016690335,0.065851034,0.036419494,0.032967335,-0.154602504,-0.031819601,0.06790668,-0.06327382,0.970898387,1.059725245,1.010209203,1.010117289,0.937953755,1.143601264,0.998303524,0.99727988,0.048263111,0.218467025,0.090972072,0.086048498,0.000156768,0.017995955,0.012389404,0.011572886,2.75e-07,0.018381295,0.003260172,0.001486794,-0.001480016,0.000744883,0.000493446,-0.000354453,-0.003686238,0.001569676,0.00184078,-0.001508871,0.001923023,0.005087502,0.003601001,0.003559072
462,M,1,-0.052639318,0.076619561,0.037186139,0.030460174,-0.006784882,0.065851034,0.034817749,0.032399066,-0.116131315,-0.0246113,0.054636155,-0.051936697,0.979440525,1.075531453,1.012935419,1.012861684,0.937953755,1.133374406,0.993870497,0.993144726,0.043461893,0.183427418,0.077468009,0.074142088,0.000196933,0.017951554,0.013010413,0.012390469,9.05e-08,0.020024699,0.004319634,0.002039529,-0.001317063,0.000919719,0.00053224,-0.000374082,-0.003701788,0.001569676,0.001889153,-0.001634248,0.001923023,0.005247232,0.00358427,0.003545843
462,M,2,-0.050079858,0.072688834,0.029953103,0.019114205,-0.021418964,0.048793209,0.028036935,0.025321507,-0.116131315,-0.01339314,0.049359857,-0.045301878,0.979076145,1.076360634,1.014216003,1.014118307,0.938753842,1.133374406,1.000770602,0.999951927,0.036536656,0.183427418,0.072511355,0.067513616,0.000196933,0.017951554,0.012876318,0.012130202,9.05e-08,0.020024699,0.004229748,0.002158516,-0.001457787,0.000919719,0.000559721,-0.000388045,-0.003743483,0.001497937,0.001764738,-0.001519558,0.002233201,0.005247232,0.003540338,0.003510869
463,H,0,-0.10628096,0.014970845,0.045683505,-0.042127582,-0.160536823,-0.066784729,0.113698256,-0.112441129,-0.000257034,0.103008562,0.066979186,0.065207377,1.052963217,1.20113192,1.141354158,1.141172698,1.040683152,1.306590526,1.165396036,1.16488662,0.116620938,0.391342717,0.257161632,0.255180654,0.001136318,0.015236283,0.011753989,0.011422402,1.03e-10,0.013170078,0.002759277,0.001403119,-0.002644323,0.000834634,0.001114555,-0.000900129,-0.004822172,0.000973113,0.003120623,-0.002938601,0.0019093,0.005893157,0.004469924,0.004412707
463,H,1,-0.084656186,0.055482983,0.041672916,-0.037491029,-0.154267661,-0.05935483,0.113226002,-0.112317126,-0.000257034,0.085151016,0.061972499,0.060510746,1.052963217,1.183937545,1.127138373,1.127022453,1.030014025,1.306590526,1.157157695,1.156748732,0.116620938,0.385170779,0.242018992,0.240456913,0.001136318,0.015135926,0.012052312,0.0118305,7.04e-10,0.019648932,0.002452665,0.001280191,-0.002644323,0.000799389,0.001013521,-0.000879779,-0.004934877,0.00051956,0.003123622,-0.002977485,0.0019093,0.005818682,0.004497996,0.004442027
463,H,2,-0.107912596,0.055482983,0.043682445,-0.039804251,-0.170465297,-0.05935483,0.112017832,-0.111204126,-0.023182434,0.087743197,0.061610886,0.059844598,1.01549293,1.220272036,1.132441983,1.132257466,1.003856842,1.324513188,1.171940987,1.171582497,0.096846423,0.417399472,0.254036399,0.252400205,0.00130656,0.015135926,0.01223499,0.011973112,7.04e-10,0.019648932,0.002210534,0.001094903,-0.002502992,0.000488443,0.001068808,-0.000932175,-0.004934877,0.001120537,0.003251727,-0.003080526,0.001715273,0.005818682,0.004592604,0.004528814
463,L,0,-0.109401768,-0.004572544,0.050361387,-0.048208149,-0.161547466,-0.058871055,0.09683054,-0.095727797,0.004062461,0.094031333,0.071361089,0.070051885,1.071615902,1.228071371,1.134596124,1.134466958,1.091308037,1.310656639,1.182171215,1.181878727,0.157148642,0.405880924,0.258097528,0.256465745,0.001113525,0.015178427,0.011919476,0.011569331,1.02e-10,0.013391216,0.001351087,0.000493411,-0.002322001,0.000678896,0.000849201,-0.000688537,-0.00505243,0.001104183,0.003220087,-0.00300567,0.002008555,0.00604317,0.004529572,0.004472586
463,L,1,-0.104134026,-0.015786103,0.050664529,-0.048910723,-0.16849738,-0.080001527,0.104205176,-0.103434669,0.022825598,0.094031333,0.07238162,0.071471439,1.069679827,1.228071371,1.137783277,1.137681319,1.08843738,1.336887939,1.182494239,1.182241895,0.166169934,0.424362199,0.262858895,0.261737906,0.001539104,0.015030175,0.011959005,0.011633637,4.51e-09,0.013391216,0.001694311,0.000643623,-0.002322001,0.000262823,0.001033563,-0.000874632,-0.005224246,0.001104183,0.003428945,-0.003244147,0.002020284,0.00604317,0.004644293,0.004586458
463,L,2,-0.104134026,0.004871408,0.045634086,-0.044078178,-0.16849738,-0.082314456,0.101747143,-0.101285871,0.022825598,0.091930832,0.070989628,0.070504878,1.069679827,1.219428876,1.135056046,1.134988454,1.08843738,1.336887939,1.184249017,1.184082856,0.166169934,0.424362199,0.26085887,0.260194002,0.001539104,0.015030175,0.012741593,0.012579538,1.3e-08,0.012647529,0.001122002,0.000416939,-0.002281357,0.000381814,0.001086567,-0.000930071,-0.005224246,0.000591188,0.003369907,-0.003245153,0.002020284,0.005922938,0.004556439,0.004507837
463,M,0,-0.093329007,0.059986461,0.043017508,-0.040348797,-0.153118423,-0.063099984,0.117136891,-0.116672993,-0.057797014,0.087510362,0.062904642,0.060825339,0.957190148,1.213752126,1.154261991,1.153974677,0.901209991,1.320772194,1.196934269,1.196502734,0.067741321,0.392899129,0.285824443,0.284263301,0.00154108,0.015284552,0.012091145,0.01188643,6.22e-12,0.012708119,0.00124035,0.000471333,-0.002613455,0.000845812,0.001280546,-0.001071988,-0.004809378,0.000497441,0.003327636,-0.003214784,0.001837744,0.005655656,0.004631699,0.004594681
463,M,1,-0.107082711,0.059986461,0.04122185,-0.038614145,-0.170187612,-0.063099984,0.117046479,-0.116398025,-0.057797014,0.081947874,0.061568433,0.059703168,0.957190148,1.237520705,1.155326346,1.154990351,0.901209991,1.380629525,1.202443499,1.201886594,0.067741321,0.476462968,0.290492677,0.288303403,0.001283956,0.014734472,0.012382227,0.012178272,6.22e-12,0.012708119,0.001558731,0.000524066,-0.002434399,0.000595811,0.001204178,-0.0010357,-0.004809378,0.00072646,0.003348405,-0.003237712,0.00190066,0.005786173,0.004548913,0.004508687
463,M,2,-0.107082711,0.003941231,0.04619785,-0.043904987,-0.175014636,-0.048491308,0.115686884,-0.114028973,-0.005973547,0.082457455,0.06062306,0.059024827,1.056785073,1.237843138,1.155293423,1.155082297,1.068806722,1.380629525,1.202144082,1.201536052,0.143437088,0.476462968,0.289266657,0.286764662,0.001004202,0.014926335,0.012040741,0.011664507,8.91e-10,0.012531993,0.001567148,0.000531601,-0.002434399,0.000467199,0.001329469,-0.001186819,-0.004800248,0.000794921,0.003216638,-0.0030339,0.00190066,0.005828074,0.004511455,0.004454324
464,H,0,-0.054393409,0.160738917,0.043241765,0.028726419,-0.011555193,0.129436622,0.041919119,0.038643879,-0.44512306,-0.027747492,0.094148512,-0.082100019,0.897769499,1.081361792,0.948518816,0.947981089,0.964947414,1.469567859,1.049264917,1.047182905,0.07729191,0.659241239,0.144699603,0.130462644,0.000716505,0.021005858,0.017045343,0.016489923,1.59e-08,0.019591814,0.00357214,0.001713063,-0.001475658,0.001314916,0.000414298,0.000140809,-0.005706293,0.00269074,0.002024269,-0.001697566,0.001448921,0.006078083,0.003736,0.0036938
464,H,1,-0.050221256,0.074089785,0.025567945,0.006857198,-0.032403281,0.053308147,0.029956652,0.026513582,-0.202020957,-0.026959038,0.070570586,-0.063583126,0.904171731,1.011558376,0.945503562,0.945391004,0.970074479,1.200740275,1.037311959,1.036409399,0.061645859,0.284854473,0.110769532,0.102970211,0.001996342,0.020832468,0.017171256,0.016759199,1.46e-07,0.019591814,0.004141834,0.002076286,-0.001148153,0.001061491,0.000428438,4.48e-05,-0.003676746,0.002059214,0.001866372,-0.001631053,0.002328415,0.005039032,0.003727538,0.003697584
464,H,2,-0.050221256,0.022120483,0.018477954,-0.013660213,-0.032403281,0.039120968,0.021638645,0.019650594,-0.161140532,-0.026959038,0.051999664,-0.047433816,0.919260784,1.035332575,0.946292254,0.946201923,0.975327279,1.200740275,1.030157896,1.029650357,0.061645859,0.25862255,0.090343556,0.085897539,0.002330294,0.020079194,0.017268601,0.017030351,6.36e-09,0.01915918,0.003042688,0.001366991,-0.001148153,0.00095003,0.000419888,-9.71e-05,-0.003052031,0.001638684,0.001731133,-0.001638575,0.002465363,0.005131277,0.003774738,0.003748825
464,L,0,-0.019482682,0.273894299,0.047267843,0.025981037,-0.023585142,0.146099743,0.024747608,0.014009889,-0.189157394,-0.036634216,0.07066157,-0.065455094,0.9461948,1.069892032,0.991626654,0.99151454,1.007175156,1.209336934,1.082530788,1.08191198,0.054663632,0.267929299,0.118104996,0.108910998,0.001164538,0.02353751,0.016842465,0.016526076,4.3e-08,0.013909698,0.001943194,0.000916525,-0.000917409,0.002201761,0.00038776,-3.51e-05,-0.003636924,0.002171762,0.002062776,-0.001878702,0.002413308,0.005292603,0.003851872,0.00381091
464,L,1,-0.020104808,0.031326272,0.010912351,0.004269499,-0.023585142,0.024823279,0.008153256,0.004637974,-0.169137743,-0.040030429,0.065658115,-0.061731549,0.956698151,1.069892032,0.985269608,0.985189932,1.02555909,1.223035268,1.072680099,1.072205184,0.06621316,0.282168807,0.104814258,0.09786981,0.001528069,0.020002657,0.017072204,0.016796629,4.3e-08,0.019150151,0.002116741,0.000893161,-0.001014489,0.000935023,0.000380968,-4.7e-05,-0.003636924,0.001565657,0.001927262,-0.001749891,0.00239907,0.005223824,0.003840566,0.003807134
464,L,2,-0.020104808,0.065975266,0.02687711,0.016461831,-0.021906143,0.03103478,0.013795932,0.010251067,-0.169137743,-0.031079561,0.068115408,-0.064651075,0.956698151,1.06040783,0.98766485,0.987552127,1.017861449,1.223035268,1.085772715,1.085111064,0.060076345,0.282168807,0.11784694,0.111662217,0.001528069,0.020853595,0.017666402,0.017405632,6.23e-08,0.020155265,0.003787903,0.001631035,-0.001014489,0.001109368,0.000380647,5.5e-05,-0.004466163,0.001622753,0.001639671,-0.001456612,0.00192558,0.005417762,0.003586864,0.003554165
464,M,0,-0.038419169,0.120587658,0.055915279,0.042524087,-0.03502864,0.042319513,0.022622112,0.017554466,-0.145009738,-0.045888889,0.075770378,-0.074364693,1.002067317,1.121212833,1.030921568,1.030780048,1.069029439,1.260420014,1.127136036,1.126649095,0.086507043,0.30455033,0.156938035,0.152684396,0.00189604,0.020440883,0.01754885,0.017331488,1.21e-08,0.017790719,0.00228278,0.000972999,-0.000911879,0.001446128,0.000496729,0.00029679,-0.003955815,0.001597903,0.00239428,-0.002249517,0.002323257,0.005515898,0.004122382,0.00408414
464,M,1,-0.095405257,0.326695873,0.112284781,0.055978643,-0.038124489,0.139100281,0.044519568,0.025556935,-0.207135162,-0.004922629,0.090037876,-0.078976145,0.939784502,1.104976488,1.01510823,1.014767715,1.004502158,1.258833425,1.126150834,1.124717901,0.038893534,0.343703607,0.172563031,0.156331096,0.00185556,0.020930114,0.017378552,0.017093934,1.61e-10,0.018590449,0.002317314,0.000980343,-0.001058517,0.001712646,0.000456062,0.000133683,-0.004201055,0.001894447,0.002226807,-0.002030422,0.002028013,0.005801734,0.003963133,0.00392641
464,M,2,-0.116426601,0.326695873,0.109698971,0.017482251,-0.040287489,0.139100281,0.042735809,0.017193405,-0.207135162,0.004647752,0.082278735,-0.064793428,0.939784502,1.104976488,0.99111157,0.990856264,1.004502158,1.258833425,1.096197197,1.094474426,0.036450047,0.343703607,0.147936459,0.123904632,0.00185556,0.020930114,0.017056787,0.016730757,1.61e-10,0.018631035,0.003194877,0.001396748,-0.001142097,0.001712646,0.000531819,-6.07e-06,-0.004201055,0.001894447,0.001863735,-0.001662878,0.002028013,0.005801734,0.003742763,0.003706373
465,H,0,-0.159604459,0.080945287,0.077888268,-0.071625955,-0.03069353,0.042486672,0.011827608,0.004763501,0.029567964,0.163830271,0.118159887,0.116464314,0.934096726,1.040843856,1.009997788,1.009875844,0.952885161,1.131024212,1.013628789,1.013164257,0.071108328,0.164606128,0.12474095,0.124132127,0.000439138,0.017265469,0.013905275,0.013528282,6.74e-08,0.014198421,0.002130737,0.001174864,-0.001207284,0.000875938,0.00039539,-0.000162166,-0.003266268,0.002214708,0.001368439,-0.000874459,0.0019441,0.005080235,0.003706798,0.003655093
465,H,1,-0.159604459,-0.013328359,0.078183478,-0.075268227,-0.030409389,0.032183977,0.010157125,0.006150879,0.072631027,0.166047959,0.124325362,0.123375063,0.964373418,1.050738551,1.021320292,1.02122946,0.957030877,1.106318277,1.010378226,1.010126366,0.09911471,0.170274872,0.12964417,0.129088307,0.000747859,0.017265469,0.01390315,0.013714518,6.74e-08,0.016058918,0.00270963,0.001358997,-0.001107952,0.00104605,0.000352616,-9.53e-05,-0.003522684,0.001993723,0.001625138,-0.001219598,0.0019441,0.005192302,0.003900216,0.003851579
465,H,2,-0.152631541,-0.023241637,0.097049685,-0.09248487,-0.021874533,0.027945658,0.010654892,0.008300858,0.072631027,0.166047959,0.130162808,0.129259785,0.964373418,1.050738551,1.024982449,1.024919567,0.957030877,1.120362997,1.017632851,1.0173686,0.09911471,0.170274872,0.136547379,0.13597945,0.00081017,0.017009153,0.013450176,0.013284078,4.89e-09,0.017464616,0.003404881,0.001838379,-0.001117239,0.00104605,0.000388779,-0.000162522,-0.003522684,0.002632807,0.00155779,-0.001232493,0.001982213,0.005441512,0.004016595,0.003972436
465,L,0,-0.144437909,0.009908548,0.072789261,-0.066518678,-0.054620904,0.027624784,0.01204114,-0.006069717,0.02479693,0.154459975,0.115115557,0.113004656,0.952568677,1.057320969,1.007455084,1.007339912,0.949611986,1.14233042,1.015517179,1.015146991,0.069314316,0.194090854,0.121093599,0.119984534,0.000700909,0.016686883,0.013226044,0.012871024,5.42e-08,0.019385795,0.003070594,0.001558547,-0.001203881,0.001146867,0.000397914,-9.43e-05,-0.003698178,0.002163082,0.001809627,-0.001469583,0.002067539,0.005242843,0.003720319,0.003674579
465,L,1,-0.14177609,0.046513525,0.088022425,-0.080970008,-0.033688175,0.017266398,0.012730979,-0.010165998,0.060970156,0.156760406,0.121345449,0.119972081,0.976490943,1.057320969,1.017429599,1.017340562,0.962030393,1.14233042,1.022949688,1.0225835,0.078089233,0.194090854,0.128948536,0.127910167,0.000758592,0.016676714,0.013432475,0.013180719,5.42e-08,0.005947685,0.000921194,0.000586849,-0.001506419,0.001146867,0.000449282,-0.000146741,-0.003395155,0.002410788,0.001678237,-0.001342937,0.002067539,0.005211692,0.003835903,0.003789321
465,L,2,-0.163450339,0.046513525,0.117979606,-0.111835158,-0.038784599,0.011308415,0.01829424,-0.01714631,0.057021248,0.156760406,0.127560328,0.126485496,0.969059734,1.076286086,1.027223684,1.027109112,0.9700666,1.138680649,1.042371916,1.04211426,0.09198283,0.1825774,0.14102227,0.140073532,0.0008033,0.016847177,0.013267285,0.013091574,4.1e-09,0.01674898,0.002416476,0.000961772,-0.001506419,0.001047537,0.000508052,-0.000155876,-0.003703285,0.002410788,0.001635609,-0.001317819,0.001245202,0.005233961,0.003975972,0.003931187
465,M,0,-0.133551725,0.002177106,0.075384526,-0.071689729,-0.016697275,0.029192661,0.011394106,0.009446134,0.057990064,0.141370043,0.118116891,0.117037022,0.946072415,1.037933379,1.003062581,1.002926088,0.949561845,1.108962627,0.999015955,0.998571692,0.089229235,0.143927241,0.123504184,0.123126812,0.001052019,0.016989194,0.014116091,0.013780564,9.61e-09,0.015517768,0.00140634,0.000750136,-0.001039786,0.001234998,0.000337363,-3.88e-05,-0.003458481,0.003038135,0.001546803,-0.001081823,0.001979331,0.005077787,0.003768032,0.003725964
465,M,1,-0.114397343,-0.002130231,0.075322867,-0.072885976,-0.012505332,0.028543327,0.012567981,0.011060905,0.072831899,0.141036318,0.120237079,0.119539311,0.952228049,1.043421793,1.013828037,1.013767628,0.961884369,1.12266492,1.006668539,1.006431189,0.091674652,0.158791891,0.124282386,0.123902659,0.000355712,0.017621143,0.014516608,0.014331677,9.61e-09,0.018026715,0.003259447,0.001716462,-0.001039786,0.001040692,0.000370506,-7.4e-05,-0.003244996,0.002077536,0.001474446,-0.001083334,0.002005314,0.005254319,0.003940269,0.003901205
465,M,2,-0.119084692,-0.002130231,0.073226103,-0.070862841,-0.008435271,0.028543327,0.013574434,0.012061832,0.068077381,0.145031282,0.119490082,0.11861921,0.95880157,1.045988659,1.015940477,1.015879302,0.961884369,1.12266492,1.011644617,1.011339603,0.091674652,0.158791891,0.12483677,0.124430364,0.000355712,0.017621143,0.014110026,0.013871888,2.9e-07,0.018026715,0.00374963,0.002072496,-0.001003703,0.001040692,0.000345882,-7.31e-05,-0.003312631,0.002077536,0.001700592,-0.001294893,0.002278912,0.005254319,0.004005624,0.003962141
466,H,0,0.003661403,0.088691713,0.046571998,0.042226087,-0.078240977,-0.007822001,0.057925159,-0.057105027,-0.113643259,-0.001533517,0.03805503,-0.032322751,1.074888436,1.203003067,1.155358792,1.155261735,1.071934906,1.321865114,1.134830541,1.133932487,0.157291966,0.380626969,0.221606321,0.218454392,0.001365952,0.017868364,0.014462808,0.014059412,1.95e-07,0.014686941,0.001575114,0.000833813,-0.001886794,0.00057928,0.000682913,-0.000552328,-0.004090801,0.00237744,0.002028792,-0.001659982,0.00218305,0.006012757,0.004369597,0.004330268
466,H,1,-0.002302493,0.065900126,0.031476514,0.028242772,-0.07846616,-0.021132961,0.063395843,-0.062989062,-0.094344461,-0.00324787,0.029310094,-0.025263383,1.075245232,1.196868974,1.151596691,1.151533265,1.071934906,1.321865114,1.139021505,1.138446305,0.17596919,0.380626969,0.220145187,0.218072433,0.001365952,0.017488845,0.014462879,0.014185935,1.29e-10,0.011368557,0.001280477,0.000526939,-0.001886794,0.000284834,0.000918231,-0.000830999,-0.003965441,0.00237744,0.002448621,-0.002172349,0.002091686,0.005953387,0.004708106,0.00467142
466,H,2,-0.035837135,0.087255468,0.024046933,0.022211805,-0.084447938,-0.017417506,0.065341434,-0.065041737,-0.101840017,0.006177619,0.02503864,-0.021570324,1.075245232,1.194524542,1.151426111,1.151358474,1.069115195,1.317010456,1.134636817,1.134184377,0.173563481,0.375426402,0.216779912,0.215288505,0.001308789,0.018220849,0.014556103,0.014367315,1.29e-10,0.01678345,0.002145834,0.000756689,-0.001797696,0.000488988,0.000965954,-0.000898589,-0.004351975,0.002178058,0.002439507,-0.002262016,0.002091686,0.005953387,0.004739493,0.004707584
466,L,0,-0.048185683,0.07910768,0.028699398,0.021752956,-0.115010401,-0.00502745,0.065568794,-0.064279008,-0.104873022,0.020461566,0.028648784,-0.023104574,1.07662078,1.220440129,1.148536316,1.148425202,1.05807461,1.345406798,1.130964122,1.130099705,0.141029977,0.425101768,0.215141162,0.211572216,0.001372445,0.017848262,0.013131706,0.012854506,1.35e-11,0.016909303,0.001844442,0.000747745,-0.001771153,0.000400852,0.000877987,-0.000781734,-0.004080673,0.001818018,0.002332357,-0.00207209,0.002198733,0.006159465,0.00459087,0.004534573
466,L,1,-0.048185683,0.050870991,0.023083752,0.017920993,-0.115010401,-0.033712004,0.070193822,-0.069513583,-0.093366186,0.020461566,0.028307673,-0.023668866,1.08071714,1.18696896,1.144850069,1.144774667,1.05807461,1.312389483,1.126655626,1.125851376,0.150877054,0.381598987,0.210976279,0.207742467,0.001064265,0.017848262,0.013177312,0.012976862,1.18e-09,0.016909303,0.001740268,0.000685714,-0.0017945,0.000274816,0.000850744,-0.000775209,-0.004080673,0.001818018,0.002439887,-0.002196114,0.002318701,0.006159465,0.004671658,0.004621426
466,L,2,-0.055440035,0.050870991,0.020499332,0.012533753,-0.10943902,-0.041728382,0.071859781,-0.0712087,-0.101476637,0.001835991,0.029535991,-0.026116047,1.076050505,1.194455265,1.140451958,1.140377152,1.045717553,1.333670807,1.1282953,1.127570733,0.151237995,0.393738243,0.209335579,0.206293044,0.001064265,0.017388696,0.013211482,0.012966393,1.18e-09,0.013261562,0.001461764,0.000534587,-0.0017945,0.000688916,0.000694796,-0.000531194,-0.004082289,0.001679138,0.002238194,-0.001964384,0.002276032,0.005934675,0.004376383,0.004325236
466,M,0,-0.025160004,0.054043908,0.025194325,0.021339277,-0.112427255,-0.049553284,0.083521988,-0.083046844,-0.108983249,0.003417054,0.030318007,-0.025417087,1.07013535,1.198260672,1.150604785,1.15052034,1.04825458,1.415321527,1.133439101,1.132449021,0.156833667,0.473695056,0.224793126,0.221328727,0.001128078,0.017642164,0.013304486,0.013000989,6.2e-09,0.015441625,0.001878842,0.000779188,-0.001937896,0.000855355,0.000658923,-0.000431119,-0.003815024,0.002034121,0.002335063,-0.002066301,0.00244803,0.005796559,0.004602696,0.004561388
466,M,1,-0.026861413,0.054043908,0.023906852,0.019811263,-0.11370893,-0.051204937,0.085863371,-0.085464445,-0.103738641,0.003417054,0.031527018,-0.026377338,1.078394587,1.198260672,1.151788213,1.151703474,1.04825458,1.312930676,1.127144698,1.126161029,0.156833667,0.386443602,0.222954537,0.219401387,0.001128078,0.015909128,0.012528148,0.012224456,3.48e-12,0.009979253,0.001255598,0.00051848,-0.001994503,0.00075206,0.000868229,-0.000729421,-0.003862143,0.002034121,0.002468997,-0.002174081,0.002348357,0.005830277,0.004711047,0.004668523
466,M,2,-0.026861413,0.053217027,0.022583245,0.018272492,-0.11370893,-0.051204937,0.08875538,-0.0884256,-0.094621388,-0.000566669,0.024907723,-0.02171209,1.079705061,1.196735176,1.153012621,1.152934012,1.069346508,1.308134671,1.119358194,1.118889085,0.175432994,0.386443602,0.217376604,0.215637888,0.000871161,0.017626918,0.013126709,0.012935483,3.48e-12,0.015644394,0.001675773,0.000499329,-0.001994503,0.000404525,0.000830839,-0.000737177,-0.003862143,0.001823374,0.002373258,-0.002189427,0.002348357,0.005830277,0.004699361,0.004667754
467,H,0,-0.117033412,0.099453675,0.037031266,-0.01569526,0.003778801,0.136452262,0.079949041,0.076969669,-0.128979139,-0.030667834,0.073408149,-0.070873444,0.896655358,0.999761354,0.946482628,0.94635,0.926789787,1.139052064,1.025768207,1.025042514,0.068599515,0.217596524,0.130481254,0.128704636,0.000926314,0.018589083,0.014072867,0.013504455,5.21e-10,0.021246188,0.006121775,0.004043204,-0.001189257,0.001075544,0.000369751,-2.83e-05,-0.003547311,0.003067377,0.001898626,-0.001365075,0.002447381,0.004723411,0.003620433,0.003600284
467,H,1,-0.117033412,0.061784591,0.035279839,-0.020095835,0.010527611,0.112519585,0.075526276,0.073890513,-0.121164803,-0.037413012,0.072127928,-0.069992096,0.896655358,0.979308249,0.944806941,0.944728584,0.926789787,1.11785323,1.024074642,1.02354736,0.077243205,0.184881543,0.125474297,0.124294946,0.000926314,0.018770642,0.014498993,0.014098635,5.21e-10,0.02375401,0.006555034,0.004260626,-0.001304895,0.001028021,0.00040835,-0.000177896,-0.004267173,0.003117307,0.001970053,-0.001583234,0.002322579,0.005389092,0.003623941,0.003597083
467,H,2,-0.117608872,0.16936727,0.046916341,-0.021267917,0.006584297,0.158802003,0.073900683,0.071543847,-0.13509869,-0.019579632,0.070867082,-0.067680904,0.905366388,0.985349717,0.948376466,0.948294748,0.933387571,1.121683255,1.025948163,1.025493939,0.058852172,0.227374865,0.12203948,0.119383106,0.001554015,0.018975752,0.01475311,0.014506541,4.7e-09,0.02375401,0.006532676,0.004151866,-0.001304895,0.001028021,0.000441166,-0.000171544,-0.004267173,0.003117307,0.002021767,-0.001750413,0.002322579,0.005389092,0.003668426,0.003636642
467,L,0,-0.057803494,0.077496391,0.024974027,-0.015112169,0.042630099,0.123868416,0.07710757,0.07647203,-0.130852849,-0.03387355,0.059216129,-0.057277025,0.907832097,0.99954629,0.956632741,0.956563663,0.929892674,1.134157496,1.020586513,1.020143735,0.085037862,0.201703468,0.113050268,0.111339333,0.001300053,0.018404109,0.015200943,0.014978538,5.41e-09,0.02276272,0.003933284,0.001630398,-0.001075181,0.001215958,0.000403297,0.000130099,-0.00315734,0.002850347,0.00177477,-0.001567333,0.002087213,0.004628315,0.003642333,0.003622914
467,L,1,-0.06942921,0.077496391,0.023789172,-0.010184093,0.032657441,0.123868416,0.074093866,0.073062235,-0.132615313,-0.039931921,0.066040941,-0.063872282,0.907832097,0.99954629,0.95910449,0.959028262,0.929892674,1.135650193,1.027785743,1.027351693,0.080394872,0.201703468,0.115396507,0.113451808,0.001614768,0.018610711,0.015076355,0.014806061,2.39e-09,0.02276272,0.004323546,0.001784188,-0.001164221,0.001032337,0.000395558,6e-06,-0.00315734,0.002936795,0.001806018,-0.001586776,0.002333456,0.004579082,0.003613604,0.00359941
467,L,2,-0.105328276,0.086712663,0.032607951,-0.019157175,0.024534438,0.114862971,0.071650274,0.070474147,-0.135033606,-0.020787277,0.07072642,-0.068083551,0.894677122,0.986218793,0.949798142,0.949653363,0.925284307,1.135650193,1.022327411,1.021742495,0.075959527,0.198872181,0.120888871,0.118953215,0.000981511,0.018610711,0.014582131,0.014178561,2.39e-09,0.02454533,0.004892035,0.001968304,-0.001208485,0.000795584,0.000361666,-0.000133486,-0.003286393,0.002936795,0.001735687,-0.00137102,0.002333456,0.00486859,0.003538415,0.003516905
467,M,0,-0.108744936,0.069168362,0.034095548,-0.016224809,0.016862012,0.122094192,0.082009996,0.080498503,-0.13256797,-0.02069178,0.069177674,-0.066854491,0.874720665,0.993954231,0.953854874,0.953721666,0.916754395,1.15655729,1.026301406,1.025643183,0.049504139,0.210507845,0.126155408,0.124428739,0.001476642,0.019420503,0.014690426,0.014283339,1.97e-10,0.021030982,0.005943189,0.003410475,-0.001278193,0.001048448,0.000354787,-3.81e-05,-0.003256988,0.003295456,0.001687505,-0.001261358,0.002228143,0.004752096,0.003555854,0.003532986
467,M,1,-0.108744936,0.066244132,0.039096611,-0.023562101,0.019372874,0.106759564,0.07761803,0.076110225,-0.127518883,-0.03074097,0.068166538,-0.066458914,0.874720665,0.992775292,0.95332746,0.95321841,0.916754395,1.132978213,1.024448736,1.023988542,0.070420346,0.198617882,0.120771652,0.119312673,0.002224239,0.019420503,0.014563014,0.014265847,1.16e-09,0.024265078,0.005937124,0.003201002,-0.001346695,0.000981005,0.000382508,-0.000112027,-0.003545863,0.003165805,0.00178034,-0.001454876,0.002228143,0.005020704,0.003604388,0.003575608
467,M,2,-0.098288993,0.056790441,0.035602276,-0.026073725,0.024328118,0.106111365,0.074767524,0.073679117,-0.121456415,-0.031976756,0.066189044,-0.064824218,0.925175692,0.992998652,0.955302793,0.955224657,0.959977828,1.133565379,1.027480353,1.027124778,0.070420346,0.195075683,0.116583036,0.115359993,0.002065217,0.0186905,0.014489785,0.014298197,1.16e-09,0.024265078,0.004633441,0.002477565,-0.001346695,0.000998109,0.000414921,-0.000113468,-0.003545863,0.002985647,0.001848069,-0.001642727,0.002322653,0.005020704,0.003641748,0.003617936
468,H,0,-0.080942881,0.063345402,0.029322469,-0.013180871,-0.02279452,0.029456323,0.007594546,0.001997854,0.041587431,0.128937102,0.099986332,0.098002699,0.959747221,1.063902233,1.016262718,1.016145269,0.976146135,1.211066267,1.052249766,1.051290367,0.079316466,0.224300653,0.123301065,0.122091916,0.002184393,0.017394771,0.012843081,0.012308305,2.44e-07,0.015931167,0.002344246,0.001136487,-0.001555175,0.000931373,0.000647284,-0.000486737,-0.003646883,0.002674352,0.001635887,-0.00119436,0.002068116,0.005110476,0.003748093,0.003716645
468,H,1,-0.085073225,0.008638611,0.04611671,-0.040888751,-0.018804185,0.021394591,0.007578235,0.001464527,0.044679303,0.139843307,0.113545099,0.111797625,0.959747221,1.049565167,1.009422032,1.009358379,0.970246944,1.163354963,1.042173956,1.041526837,0.079316466,0.197381048,0.127431867,0.126644768,0.002184393,0.017696838,0.013761687,0.01329385,4.92e-07,0.016846506,0.003757488,0.002156117,-0.001555175,0.000931373,0.000662314,-0.000503187,-0.003427925,0.002674352,0.001529611,-0.001166673,0.002021714,0.005009215,0.003671844,0.003646581
468,H,2,-0.085073225,0.002744877,0.047530977,-0.044776879,-0.018804185,0.021394591,0.006521078,0.001127209,0.064008073,0.139843307,0.120565493,0.120165631,0.987478944,1.049565167,1.012753409,1.012723635,0.970246944,1.163354963,1.032176252,1.031855523,0.096760426,0.197381048,0.128364829,0.127943815,0.002414062,0.017696838,0.014451703,0.014266271,2.1e-06,0.016846506,0.004442471,0.002670661,-0.001553287,0.000683873,0.000780001,-0.000669741,-0.003427925,0.002319176,0.001693362,-0.001465214,0.002021714,0.005009215,0.00373003,0.003712522
468,L,0,-0.533144873,0.320907497,0.054600143,-0.004852229,-0.275132727,0.099529694,0.033730516,0.017946608,-0.045632448,0.325403544,0.103336661,0.099048682,0.696004533,1.734843338,1.015906506,1.014217215,0.813960811,1.677549026,1.049737894,1.047923529,0.076774244,0.830969399,0.14680055,0.130932199,0.001484984,0.018680038,0.013263699,0.012861546,7.65e-08,0.036731328,0.007724607,0.003330574,-0.008333908,0.005536519,0.000543713,-0.00016227,-0.016027185,0.007798148,0.001644682,-0.001094532,0.001902857,0.017784214,0.00382403,0.003745226
468,L,1,-0.087827823,0.009500437,0.028951411,-0.02420862,0.004467346,0.039728714,0.020128358,0.019558187,0.056055249,0.132867465,0.111133212,0.110446041,0.945496385,1.031265786,1.003716046,1.00366736,0.977681597,1.126829945,1.022845928,1.022508617,0.084524611,0.155589544,0.118589549,0.11827586,0.001943043,0.016491969,0.014021044,0.013801868,7.65e-08,0.016993517,0.002101301,0.001063695,-0.001494166,0.000874497,0.000351921,-0.00013096,-0.002969072,0.002395464,0.001378825,-0.001147505,0.002009579,0.004640341,0.003750518,0.003733877
468,L,2,-0.124540727,0.006875248,0.044405158,-0.039912998,-0.007491141,0.039728714,0.018824038,0.017916977,0.043563671,0.143994201,0.114779223,0.113696946,0.936667817,1.023698342,0.999159367,0.999085518,0.950265799,1.142138838,1.020271068,1.019903098,0.084524611,0.163284681,0.121753335,0.121337843,0.001956958,0.01710437,0.01388208,0.013611328,3.83e-07,0.016993517,0.003091433,0.00174265,-0.001297164,0.00089105,0.000410429,-0.000176593,-0.003406266,0.002910887,0.001415574,-0.001066153,0.002227233,0.004812438,0.003747957,0.003729537
468,M,0,-0.084550061,0.105271993,0.036634942,-0.00783567,-0.011149668,0.055715845,0.019735555,0.017280481,-0.004857508,0.12925074,0.097143386,0.094128133,0.85845579,1.075625619,1.00370884,1.003547763,0.945241244,1.18929251,1.02871837,1.028004329,0.072011762,0.202835285,0.111422923,0.110266514,0.001721866,0.017147925,0.013328257,0.012964673,5.69e-08,0.015251907,0.002105802,0.001164596,-0.00141565,0.000672521,0.000478851,-0.000322053,-0.003699687,0.002641485,0.001616052,-0.001226748,0.001460446,0.005007935,0.003691078,0.003657976
468,M,1,-0.127915776,0.021021526,0.042125837,-0.038212601,-0.011149668,0.037710499,0.017940644,0.016362105,-0.004857508,0.12925074,0.106744934,0.104916684,0.85845579,1.023518458,0.990310404,0.990109899,0.945241244,1.136248332,1.015730264,1.015184713,0.072011762,0.156422348,0.116403553,0.115974417,0.001705804,0.017147925,0.013407539,0.013062432,6.75e-07,0.015251907,0.002138355,0.001292396,-0.001324333,0.000709176,0.000415375,-0.000142628,-0.00328172,0.002655324,0.001835094,-0.001494533,0.001460446,0.005007935,0.00386607,0.003836817
468,M,2,-0.127915776,-0.001891432,0.051688474,-0.047595667,-0.004669945,0.041081204,0.020033511,0.018824322,0.029650145,0.140080276,0.110782004,0.109068024,0.899481216,1.01552313,0.981562344,0.981437981,0.933180514,1.112793349,1.008870516,1.008340044,0.081989055,0.150048499,0.120009578,0.119654936,0.001705804,0.017591016,0.013408657,0.013025596,5.99e-08,0.015772248,0.002772515,0.00158732,-0.001712581,0.000889977,0.000413277,-9.45e-05,-0.003667096,0.002767105,0.001825166,-0.001416989,0.001922608,0.005199904,0.003816437,0.003784912
469,H,0,0.005954645,0.100479076,0.050431122,0.049162644,0.003919155,0.066378567,0.03335731,0.032726755,-0.104993386,-0.006945613,0.027713405,-0.023261034,0.955931961,1.034566684,1.004674589,1.004639867,1.028005923,1.199576368,1.067450447,1.067037683,0.045906008,0.233243924,0.085715387,0.079984024,0.000792681,0.02126383,0.016171287,0.01594819,4.35e-08,0.018315989,0.003860145,0.002067057,-0.001500675,0.001549487,0.000718544,0.000511083,-0.004675193,0.002629525,0.003118572,-0.002848321,0.002508956,0.006348197,0.004885766,0.004846447
469,H,1,0.029694907,0.095087159,0.059592389,0.059066434,0.023910893,0.056120165,0.038197008,0.037961585,-0.062363208,-0.006303865,0.020313661,-0.019168169,0.971946533,1.032744263,1.000156774,1.000130139,1.016327954,1.167423748,1.05732699,1.057179648,0.044526454,0.182145152,0.074202566,0.072404796,0.001997492,0.020328291,0.016588537,0.016510438,9.33e-08,0.018315989,0.005187526,0.003625295,-0.001047419,0.001505068,0.000785239,0.000599643,-0.004675193,0.000805035,0.003200915,-0.003113443,0.00224383,0.006348197,0.00503204,0.005013533
469,H,2,0.009775738,0.095087159,0.05999797,0.057968227,0.022754606,0.060801473,0.041901919,0.041323267,-0.062363208,0.010040967,0.017784253,-0.014666528,0.959396342,1.032744263,0.992666511,0.99261331,1.01401945,1.167423748,1.054180913,1.053987644,0.044526454,0.182145152,0.07452746,0.072398115,0.001651575,0.020894489,0.017034681,0.016914661,9.33e-08,0.017356121,0.004808727,0.003555395,-0.001047419,0.001502778,0.00068481,0.000395999,-0.004511941,0.001424828,0.002974578,-0.002856204,0.00224383,0.006019923,0.004856916,0.004835596
469,L,0,0.022676324,0.076705829,0.04157831,0.040662221,-0.003198404,0.030163282,0.018442893,0.017553176,-0.089005437,-0.004739625,0.027368374,-0.023849695,0.978352242,1.06236999,1.028841136,1.028805455,1.043825225,1.224216891,1.095326539,1.094927599,0.055684708,0.241816566,0.108983343,0.104441684,0.001012563,0.020764604,0.016352948,0.016164873,4.41e-11,0.016602284,0.004522495,0.003125376,-0.001269762,0.001423003,0.000648517,0.000422112,-0.004486027,0.00231254,0.003019088,-0.002784963,0.002365015,0.006051911,0.004740232,0.004699816
469,L,1,0.00919343,0.058463674,0.034434564,0.033422275,0.008075563,0.033743805,0.020611381,0.020308561,-0.065254082,-0.002560531,0.022126895,-0.018783241,1.002552882,1.066770743,1.029410715,1.029377676,1.043825225,1.218811509,1.09631874,1.095969013,0.055684708,0.228666726,0.108730167,0.104782577,0.002098777,0.020764604,0.017079809,0.016928048,4.41e-11,0.016602284,0.003943876,0.002412367,-0.001394232,0.001423003,0.000670906,0.000295249,-0.004535187,0.001682901,0.002673083,-0.002434323,0.002706548,0.006051911,0.004624109,0.004586807
469,L,2,0.00919343,0.058463674,0.034006621,0.032714579,0.006026699,0.038523947,0.01999398,0.019657487,-0.065254082,-0.002560531,0.022292675,-0.018578309,0.994802336,1.066770743,1.031033645,1.031000107,1.058885744,1.218811509,1.09976743,1.099379358,0.07061681,0.228666726,0.112501435,0.108287681,0.002098777,0.020607198,0.016881872,0.016703009,3.71e-08,0.001981837,0.000605223,0.000419477,-0.001394232,0.001366164,0.000592054,0.000141241,-0.004535187,0.001976936,0.002384079,-0.002115759,0.002551735,0.005895532,0.004479482,0.004448976
469,M,0,0.035222202,0.101754049,0.065403738,0.064028475,0.01183523,0.054514172,0.026469747,0.026072578,-0.071871097,-0.001492773,0.022041017,-0.018818133,0.923246483,1.027274674,0.99306503,0.993033796,0.995545272,1.169337405,1.045613195,1.045262949,0.03035158,0.185966058,0.06385979,0.058338193,0.001946349,0.021119424,0.017633271,0.017463275,2.33e-09,0.020334226,0.003378194,0.001471159,-0.001345797,0.001303015,0.000497194,5.87e-05,-0.004779685,0.00165756,0.002889213,-0.002735332,0.002462486,0.006691141,0.005021095,0.004987437
469,M,1,0.022255182,0.101754049,0.054710155,0.053068927,0.014310724,0.045854042,0.027986011,0.027694171,-0.061354289,0.005864245,0.015336424,-0.011749952,0.953264029,1.028628423,0.990764869,0.990741834,0.995545272,1.15480111,1.043275868,1.043025007,0.03035158,0.17598675,0.059365832,0.055333956,0.00114638,0.021323247,0.017279936,0.017123661,3.7e-08,0.020334226,0.00336168,0.001400792,-0.001141706,0.001303015,0.00061257,0.000464098,-0.004779685,0.00165756,0.003196434,-0.003069613,0.002259813,0.006691141,0.005106943,0.005073555
469,M,2,0.016894587,0.104330903,0.04808059,0.04674569,0.013262719,0.042461098,0.028133394,0.027777506,-0.056196204,0.015426085,0.014820777,-0.008798872,0.9526065,1.028628423,0.988074139,0.988054603,0.992610595,1.150686737,1.044587538,1.044268793,0.026965779,0.162069154,0.061789792,0.056607981,0.00114638,0.021323247,0.01692366,0.016714256,3.7e-08,0.018067431,0.005500155,0.003638672,-0.001180937,0.001287911,0.000617574,0.000506698,-0.00461686,0.002660473,0.003114834,-0.0029159,0.002259813,0.006307186,0.004931906,0.004895319
470,H,0,-0.052557618,0.08168368,0.029235577,0.020013735,0.049340274,0.243941307,0.093019523,0.087620451,-0.058451442,0.074648213,0.055243792,0.05125232,0.738800795,0.928379197,0.882866104,0.882352324,0.768616756,1.051619658,0.92238818,0.9211188,0.098011249,0.423703398,0.187122352,0.179606864,0.000893569,0.021949826,0.018386593,0.017670923,6.7e-08,0.015719558,0.001332087,0.000657205,-0.001505992,0.001566616,0.000525746,0.000155738,-0.005798239,0.003165999,0.002870702,-0.002389989,0.00244826,0.007214303,0.004647999,0.004554928
470,H,1,-0.052557618,0.08168368,0.033488089,0.027523063,0.060986376,0.243941307,0.09924277,0.095337279,-0.058451442,0.074648213,0.051749989,0.047707436,0.738800795,0.933083008,0.880147983,0.879668799,0.768616756,1.051619658,0.921100797,0.919686679,0.104526637,0.423703398,0.192102532,0.185488757,0.000666501,0.021949826,0.01838955,0.017543435,3.99e-07,0.018879211,0.001995929,0.00089233,-0.001357957,0.001566616,0.00054165,0.000143383,-0.005798239,0.003165999,0.002919292,-0.002353915,0.00244826,0.007214303,0.004654259,0.004541798
470,H,2,-0.042691454,0.055455261,0.022298843,0.014257453,0.060986376,0.099765156,0.087032396,0.086804328,0.006293159,0.080622878,0.056588244,0.054858044,0.866090712,0.933083008,0.890720423,0.890651363,0.8819378,1.057118824,0.928505686,0.927871871,0.104526637,0.209573195,0.170985613,0.170150042,0.000666501,0.021598086,0.018612938,0.017979843,6.26e-08,0.018879211,0.002841178,0.001277454,-0.001483537,0.001184422,0.00049241,3.31e-05,-0.005793117,0.002779433,0.002487841,-0.002124053,0.002509676,0.006935385,0.004416738,0.004357195
470,L,0,-0.008823624,0.048587322,0.023241634,0.021235224,0.057965243,0.099507124,0.076899346,0.07664263,0.002493836,0.076384555,0.052387429,0.050817688,0.862865792,0.945532482,0.904736357,0.904675212,0.866852963,1.074395718,0.939959489,0.939325944,0.085610509,0.218264965,0.15075595,0.149800218,0.001537785,0.022149889,0.018877032,0.018338075,1.33e-08,0.0125419,0.001814168,0.000710161,-0.001202014,0.000991008,0.000304444,-7.03e-05,-0.005184677,0.002522265,0.002634124,-0.00225494,0.002399242,0.006264055,0.004292768,0.004229737
470,L,1,-0.044332675,0.043966053,0.018190851,0.010504606,0.053441667,0.092171645,0.071684637,0.071337839,0.003461019,0.077682487,0.058899173,0.057375972,0.883235366,0.945532482,0.913244144,0.913201826,0.897946945,1.074395718,0.948630921,0.948166295,0.085610509,0.183104573,0.140666443,0.140096118,0.000791278,0.022149889,0.019106617,0.018664288,5.22e-11,0.021791691,0.002249829,0.000798723,-0.001578568,0.001082392,0.000397321,-1.8e-05,-0.004732713,0.002522265,0.002482006,-0.002227064,0.002399242,0.006063554,0.004309947,0.004268122
470,L,2,-0.044332675,0.038187081,0.015022557,-0.002623802,0.031097538,0.083342882,0.066141845,0.065834628,0.014718426,0.084337227,0.067623981,0.066688019,0.897087717,0.964590914,0.920073169,0.92002941,0.902876247,1.100474044,0.955545512,0.95508215,0.084570992,0.169513771,0.13537536,0.134847142,0.000791278,0.021715535,0.018793069,0.018507292,5.22e-11,0.021791691,0.001463252,0.000508619,-0.001578568,0.001082392,0.000476052,-8.18e-05,-0.004322371,0.001304453,0.002485945,-0.002357668,0.002479766,0.005682538,0.004383361,0.004351652
470,M,0,-0.01366354,0.074220282,0.027640316,0.021044987,0.048669336,0.090959662,0.071144843,0.070726867,0.004416534,0.077141124,0.056939086,0.055109279,0.891670361,0.95389682,0.917561655,0.917519858,0.902048118,1.086859968,0.962901974,0.96235463,0.085575607,0.179316983,0.132869386,0.132149682,0.002935803,0.021878392,0.018322162,0.017957432,1.53e-07,0.013315659,0.001995969,0.000827931,-0.001196607,0.000929684,0.000314433,-9.52e-05,-0.005802104,0.002498079,0.003053816,-0.002645213,0.002462629,0.007203116,0.004581271,0.004492173
470,M,1,-0.01366354,0.0636326,0.021453531,0.015470052,0.045352073,0.079799558,0.066264485,0.066091812,-0.001203398,0.08268106,0.059135613,0.057354544,0.90194407,0.967621077,0.921362993,0.92133112,0.913184853,1.091123603,0.964043608,0.96345827,0.072082225,0.165142765,0.128837365,0.128229051,0.002866297,0.021958403,0.018798869,0.018405601,1.53e-07,0.019625851,0.001804243,0.000773142,-0.001548711,0.001086219,0.00031053,-9.35e-05,-0.00513656,0.002619254,0.002857289,-0.002473936,0.002462629,0.006318648,0.00438478,0.00432757
470,M,2,-0.009454697,0.06482516,0.033467561,0.029952224,0.045352073,0.077284762,0.066607544,0.066471659,-0.001203398,0.08268106,0.051913279,0.049451709,0.903086635,0.968912255,0.924030919,0.923987891,0.913184853,1.094839047,0.970497859,0.969763385,0.071970274,0.165142765,0.12380725,0.122968042,0.002212705,0.021958403,0.018700794,0.018181652,3.09e-07,0.020100834,0.002423905,0.001038137,-0.001548711,0.001174146,0.000358804,6.1e-06,-0.005640983,0.002637777,0.002703524,-0.002205363,0.002485938,0.006936107,0.004377788,0.004304442
471,H,0,-0.170990661,-0.003027587,0.06280387,-0.055561024,-0.084993873,0.009883177,0.021493566,-0.013527865,0.001201308,0.091629203,0.061263018,0.058904095,0.9124989,0.997790016,0.946573982,0.946502387,0.995359915,1.255583386,1.057640318,1.056205631,0.059390921,0.266778705,0.115777554,0.108777289,0.002773976,0.02169616,0.017896028,0.017328484,2.94e-08,0.010621678,0.001468677,0.000826915,-0.001615131,0.000781174,0.000480716,-0.000153102,-0.004262823,0.001648102,0.002084642,-0.001869825,0.002041746,0.006014017,0.004107967,0.004051079
471,H,1,-0.18057709,-0.010247832,0.079044037,-0.072033498,-0.090888733,0.019192061,0.025714105,-0.015608248,0.008109413,0.099727407,0.068099301,0.065353396,0.9165519,1.01179658,0.95232547,0.952234603,0.995359915,1.255583386,1.070251647,1.068408496,0.066397413,0.266778705,0.127964532,0.119644608,0.001968479,0.02165182,0.017254898,0.016593786,2.12e-10,0.012050019,0.002181029,0.001078505,-0.001615131,0.000741219,0.0005495,-0.000326111,-0.004352411,0.001489593,0.002096239,-0.001825611,0.001803698,0.00599088,0.004216626,0.004140723
471,H,2,-0.183858751,-0.02649088,0.0865387,-0.080637315,-0.090888733,0.019192061,0.02441059,-0.012867499,-0.001630441,0.099727407,0.071975044,0.069273127,0.910808788,1.01179658,0.954667786,0.954568124,0.990724923,1.251639898,1.078132344,1.07656435,0.080114006,0.265171001,0.131420197,0.124192907,0.001968479,0.02165182,0.017324999,0.016753903,2.12e-10,0.013034509,0.003450114,0.001958408,-0.001675269,0.000741219,0.000571673,-0.000368341,-0.004352411,0.001802535,0.002047742,-0.001735052,0.001803698,0.006132372,0.004321646,0.004254066
471,L,0,-0.193481703,0.09924214,0.088923391,-0.076224566,-0.085012185,0.045315687,0.032870021,-0.020422129,-0.000408384,0.106855506,0.061556903,0.057376519,0.924198539,1.005145948,0.95589711,0.955811147,1.005027347,1.259639282,1.089011759,1.086774548,0.069950636,0.274974365,0.139227138,0.127818881,0.002039519,0.021944301,0.017074167,0.016159634,4.32e-08,0.011841247,0.001835667,0.000947559,-0.001615607,0.000818371,0.000605856,-0.000437676,-0.004103683,0.002186659,0.001940148,-0.001550943,0.001673388,0.006083795,0.00402901,0.003942537
471,L,1,-0.193481703,-0.02767871,0.096650634,-0.087867821,-0.085012185,0.008042331,0.035364418,-0.02511834,0.00330036,0.107014909,0.066301758,0.061496897,0.924582829,1.005145948,0.956047162,0.955949698,1.005027347,1.259639282,1.097168091,1.094821771,0.07924607,0.274974365,0.148012245,0.136775032,0.0020616,0.021944301,0.016952714,0.015969844,4.32e-08,0.014502029,0.00283432,0.00163193,-0.001655714,0.000649949,0.000617733,-0.000461975,-0.004026786,0.002186659,0.001886596,-0.001466121,0.001673388,0.005995509,0.003926857,0.003847505
471,L,2,-0.176858786,-0.02767871,0.076772301,-0.072984189,-0.078264081,0.007905771,0.022548613,-0.017328889,0.00330036,0.107014909,0.074411547,0.07251287,0.924582829,1.004427172,0.954181406,0.954123656,1.018438572,1.257333181,1.064203899,1.063228576,0.07924607,0.270656666,0.119721121,0.11465873,0.001852563,0.02166778,0.018708534,0.018347028,1.8e-07,0.014502029,0.002266423,0.001186854,-0.001655714,0.000676799,0.00053543,-0.000356558,-0.004039612,0.001627148,0.001797969,-0.001579762,0.001817045,0.005995509,0.004046395,0.004004979
471,M,0,-0.222589388,-0.001245952,0.092031648,-0.08151407,-0.084123507,0.02210197,0.028953555,-0.016082062,-0.015544613,0.102492377,0.062824668,0.057751278,0.889935997,0.960475982,0.921699663,0.921631943,0.970431676,1.236592372,1.062651929,1.060276692,0.062575753,0.258248589,0.140454154,0.132878553,0.001225538,0.021105464,0.016095407,0.015100523,5.05e-13,0.011948394,0.001912945,0.000994046,-0.001535318,0.000873448,0.000476596,-0.000184389,-0.0044337,0.00237038,0.002166307,-0.001810525,0.001604401,0.005828509,0.003925482,0.003841883
471,M,1,-0.189856131,-0.001245952,0.082607973,-0.072167425,-0.082279485,0.02210197,0.026913631,-0.015717733,-0.015544613,0.102492377,0.061570052,0.056136979,0.889935997,0.964656077,0.925868271,0.925807812,0.97514954,1.236592372,1.057392083,1.055086979,0.062575753,0.258248589,0.134297082,0.126328023,0.001078687,0.021140066,0.016410359,0.015445369,4.26e-11,0.011948394,0.002027303,0.001180722,-0.001838925,0.000751065,0.000491349,-0.000259488,-0.00409321,0.00237038,0.002105725,-0.001761138,0.001604401,0.005887673,0.003908951,0.003829479
471,M,2,-0.239083327,-0.022042632,0.078891735,-0.069583627,-0.105365636,0.014317924,0.024816238,-0.015170354,-0.01082716,0.103134705,0.068103031,0.064012653,0.865462072,0.964656077,0.923629375,0.923550816,0.958171468,1.250064582,1.042245531,1.040653375,0.07822401,0.280431422,0.12732815,0.121742061,0.001078687,0.021193773,0.016876359,0.016290726,4.26e-11,0.014335213,0.002735352,0.001678986,-0.001838925,0.000729432,0.00052728,-0.00031906,-0.004460358,0.002297808,0.002348706,-0.002073752,0.001423419,0.006184329,0.004089132,0.004021507
472,H,0,-0.124256429,0.016605201,0.065373318,-0.055598258,-0.020405759,0.043258842,0.021535931,0.016592867,-0.077064326,0.041827472,0.018416347,0.001439781,0.906721518,0.989971048,0.944501457,0.944395405,0.936543269,1.140772474,1.008400844,1.007692461,0.018719656,0.15769966,0.074716059,0.071691066,0.001337477,0.019268117,0.014437964,0.01404833,4.47e-07,0.035055573,0.009303372,0.004525816,-0.001627267,0.000819547,0.000787403,-0.000613466,-0.004458452,0.001885143,0.002449913,-0.00221817,0.002039315,0.006027236,0.004144555,0.004084395
472,H,1,-0.124256429,-0.012877139,0.0809221,-0.077652532,-0.023060015,0.030246684,0.011119368,0.005219088,-0.049962298,0.062411909,0.019013553,0.010592338,0.920056855,0.999051623,0.956785827,0.956688925,0.90435001,1.158020923,1.024133799,1.023475086,0.012311551,0.168462801,0.066680504,0.063063949,0.00128015,0.018689285,0.013436281,0.013116672,1.59e-06,0.063022147,0.015639035,0.011455869,-0.001627267,0.000819547,0.000724737,-0.0005401,-0.004609621,0.001885143,0.002815372,-0.002560617,0.002158619,0.006295137,0.004378369,0.004316419
472,H,2,-0.106796236,0.044856681,0.059136991,-0.050431429,-0.023060015,0.049267282,0.014738018,0.009104536,-0.068006267,0.062411909,0.01850495,-0.001037743,0.92891978,1.012699416,0.966341361,0.9662341,0.90435001,1.158020923,1.025389095,1.024807917,0.009606176,0.168462801,0.060942841,0.055956106,0.00128015,0.020464788,0.013804642,0.013432321,2.37e-06,0.063022147,0.017474046,0.014506682,-0.001522035,0.000895337,0.000604712,-0.000401212,-0.004609621,0.001797651,0.002477575,-0.002193935,0.002158619,0.006295137,0.004106852,0.004047657
472,L,0,-0.077634975,0.05041415,0.051649676,-0.044553322,-0.010197913,0.055858077,0.019801563,0.016190891,-0.072163682,0.014732728,0.019439727,-0.01125539,0.90786316,1.005816448,0.950017745,0.949952703,0.902840286,1.093986262,0.996220992,0.995816708,0.022730987,0.133690475,0.064970486,0.061780547,0.001775505,0.018115817,0.013968466,0.013754087,1.95e-07,0.015448833,0.002910101,0.001584903,-0.001633427,0.000779508,0.00048248,-0.000117324,-0.004258836,0.001088252,0.002521109,-0.002292631,0.002102296,0.005767191,0.004088661,0.004049628
472,L,1,-0.077634975,-0.023057272,0.059948104,-0.059223485,-0.013374408,0.022096712,0.009804007,0.008233514,-0.059232644,0.01065644,0.011035728,-0.004921621,0.936223209,1.005816448,0.954046599,0.954009381,0.955085299,1.091813475,0.99075658,0.990489718,0.015805644,0.110865361,0.054983809,0.05343787,0.001775505,0.018052825,0.014065032,0.013877983,9.01e-07,0.021264177,0.002758235,0.001510829,-0.001335101,0.000722458,0.000375268,-0.000125431,-0.00429209,0.001088252,0.002508065,-0.00225909,0.002357674,0.005460875,0.00408653,0.004047986
472,L,2,-0.089540111,-0.023057272,0.059775444,-0.058319211,-0.019474351,0.022223412,0.00865997,0.005714607,-0.059232644,0.01065644,0.009927711,-0.004621122,0.937010631,0.996462889,0.956224328,0.956187387,0.943168529,1.091813475,0.986026436,0.985818485,0.015805644,0.110865361,0.052677386,0.05148809,0.002505653,0.018052825,0.014106564,0.013980352,1.95e-06,0.024719497,0.004108568,0.002123996,-0.00147745,0.000549087,0.000399618,-0.000268085,-0.00429209,0.001580855,0.002652684,-0.002472596,0.002279129,0.005371561,0.004175604,0.004142151
472,M,0,-0.112968839,0.102552196,0.052294868,-0.039749591,-0.019691307,0.066930371,0.024273806,0.019424651,-0.071718089,0.020703899,0.023508166,-0.014057376,0.916664316,1.008074775,0.959183251,0.959090932,0.938562229,1.122850849,1.008375813,1.00775066,0.01963786,0.137218192,0.065673097,0.060969543,0.001789523,0.019164439,0.01432326,0.013930701,2.53e-07,0.021988387,0.005952378,0.003744882,-0.001519666,0.00081873,0.000628601,-0.000433994,-0.004259072,0.001536517,0.002014235,-0.001679114,0.002200973,0.00572646,0.003986137,0.00392517
472,M,1,-0.092947103,0.102552196,0.046534549,-0.035150867,-0.015629091,0.066930371,0.021465133,0.018135564,-0.062933955,0.012655008,0.020279884,-0.013176966,0.935818252,1.008819673,0.961727079,0.961673983,0.962566438,1.118011541,1.008445506,1.007995786,0.01963786,0.131110759,0.05842773,0.054756095,0.002102817,0.018411617,0.01442549,0.014129265,2.53e-07,0.020798722,0.004924871,0.002965046,-0.001532215,0.00081873,0.000535179,-0.000197578,-0.004055214,0.00113641,0.002153398,-0.001914959,0.002200973,0.005630244,0.004066658,0.004016464
472,M,2,-0.089975239,0.029238281,0.036226909,-0.030180449,-0.007359843,0.06322358,0.023662969,0.021963862,-0.057960484,0.016029147,0.018197868,-0.01433928,0.892364477,1.008819673,0.954282498,0.954220151,0.911595399,1.118011541,0.991681682,0.991287544,0.019950889,0.150146684,0.06295516,0.060307974,0.004057832,0.018833341,0.014728005,0.014572367,1.68e-06,0.017855899,0.003583755,0.002124346,-0.001532215,0.000782743,0.000403935,2.17e-06,-0.004025583,0.000784875,0.002204718,-0.002060939,0.002317651,0.005791135,0.00409448,0.00406667
473,H,0,-0.064703965,0.08055622,0.033722056,0.021767919,-0.124849969,-0.037350804,0.072817005,-0.071058672,-0.044314141,0.044775414,0.020656214,0.012459983,1.099522457,1.233678119,1.155272333,1.155135614,1.082651359,1.294090142,1.154099056,1.153493713,0.154520534,0.370485345,0.23466814,0.231523663,0.002405296,0.022159915,0.015868256,0.01527583,6.7e-07,0.02681263,0.004443326,0.002176758,-0.001836994,0.001266828,0.000503,-0.000238983,-0.005266065,0.001669263,0.002479309,-0.002157806,0.001057658,0.007180015,0.004412203,0.004280771
473,H,1,-0.077696869,0.096501641,0.037366439,0.027225666,-0.133081506,-0.037350804,0.070834596,-0.068906843,-0.050188451,0.054585616,0.020315381,0.010399392,1.104618061,1.225354431,1.155128424,1.154993893,1.07435004,1.289787596,1.151909163,1.151346906,0.149616293,0.358317289,0.232303791,0.229355403,0.000758541,0.021690878,0.016194906,0.015595813,3.83e-07,0.028534219,0.004186154,0.001965457,-0.001836994,0.001140693,0.000476341,-0.000182653,-0.005266065,0.001658379,0.002491061,-0.002159948,0.001336654,0.007180015,0.004446851,0.004331974
473,H,2,-0.077696869,0.096501641,0.041993308,0.035294852,-0.133081506,-0.033123325,0.068097714,-0.066859471,-0.050188451,0.054585616,0.017479689,0.008741493,1.104618061,1.225354431,1.159568019,1.15946714,1.07435004,1.273585502,1.152261619,1.15188821,0.149616293,0.349906949,0.233531509,0.231645,0.000758541,0.021673074,0.015906042,0.015556153,3.83e-07,0.028534219,0.002836851,0.001283144,-0.001688915,0.000856982,0.000447276,-0.000150918,-0.00499399,0.001658379,0.002605863,-0.002333277,0.001336654,0.006676958,0.004566772,0.004489343
473,L,0,-0.075596778,0.063294456,0.025441476,0.013734505,-0.126187719,-0.039101933,0.061831236,-0.06005828,-0.026560559,0.060630443,0.023441655,0.020215216,1.084523071,1.231251155,1.128335452,1.128187995,1.06795431,1.254199717,1.114727399,1.114310228,0.127013928,0.354776239,0.187441278,0.184377189,0.002436326,0.021780293,0.015737324,0.015483561,1.61e-07,0.031005531,0.003124669,0.00134604,-0.0018224,0.001222873,0.000561417,-0.000311176,-0.004658621,0.002059589,0.002517274,-0.002348495,0.001711051,0.006586311,0.004525061,0.004479789
473,L,1,-0.075596778,0.063294456,0.028692341,0.01953151,-0.126187719,-0.035812672,0.061492404,-0.059944621,-0.026560559,0.043485047,0.020173047,0.017394834,1.084523071,1.206859452,1.131083845,1.130985363,1.075616745,1.254199717,1.117252718,1.116971962,0.134641761,0.338487189,0.189414679,0.187459049,0.002436326,0.020571025,0.015596362,0.015391586,2.1e-08,0.031005531,0.003075729,0.001184193,-0.001694929,0.001222873,0.00052214,-0.000280767,-0.004296044,0.002059589,0.002665036,-0.002499985,0.001711051,0.006738654,0.004582204,0.0045368
473,L,2,-0.065899676,0.0517226,0.02452608,0.019107898,-0.10880811,-0.035812672,0.064119707,-0.063111307,-0.036505081,0.042127777,0.019738042,0.017438601,1.094917346,1.210665706,1.138890025,1.138757219,1.082912877,1.295405926,1.12714176,1.12682165,0.136230555,0.37770949,0.202144071,0.199865514,0.002349453,0.020988549,0.016469547,0.016245294,2.1e-08,0.031147768,0.003245879,0.001142898,-0.001939131,0.001199478,0.000530267,-0.000311346,-0.004875771,0.001389541,0.002635535,-0.002468636,0.001296225,0.006738654,0.004642917,0.004588822
473,M,0,-0.09021384,0.068066757,0.025031532,0.006619414,-0.132369386,-0.045165977,0.075107707,-0.073851325,-0.033180906,0.058234244,0.026210845,0.021260494,1.099509746,1.224239251,1.150643952,1.15052405,1.065898203,1.279137461,1.142525783,1.14211455,0.150786706,0.361469404,0.2244942,0.222186456,0.002477351,0.021952493,0.016728067,0.016253812,4.76e-09,0.003097045,0.000919922,0.000729124,-0.001757107,0.000719296,0.000622388,-0.00045895,-0.005128463,0.001257566,0.002432736,-0.002177177,0.001148739,0.006728496,0.004561568,0.004456854
473,M,1,-0.071869698,0.059038157,0.023728211,0.011344522,-0.121223182,-0.047697712,0.070946219,-0.070065849,-0.022121271,0.058234244,0.025510738,0.02173646,1.112232517,1.224239251,1.153869027,1.153782011,1.094912722,1.279137461,1.144101379,1.143850313,0.177481385,0.361469404,0.225391243,0.224017962,0.002477351,0.021952493,0.016580727,0.016338672,4.76e-09,0.027826272,0.003666848,0.001523685,-0.001707982,0.000842012,0.000587563,-0.000431751,-0.005128463,0.000886707,0.002519605,-0.002308884,0.001957388,0.006728496,0.004618275,0.004537287
473,M,2,-0.062009357,0.070000331,0.027804874,0.021896263,-0.112557164,-0.045773817,0.065805329,-0.06515335,-0.035946514,0.044426851,0.020424334,0.017048468,1.121170254,1.214104984,1.153335499,1.153259034,1.094912722,1.298762179,1.142380439,1.142194494,0.177481385,0.380995964,0.221486527,0.220451541,0.003085127,0.021030143,0.015754892,0.015609911,2.29e-07,0.030609698,0.004941477,0.002246272,-0.001387703,0.000924607,0.00049143,-0.000303418,-0.004619012,0.001344202,0.002567594,-0.002367638,0.001636674,0.006516987,0.004509235,0.004445011
474,M,0,-0.171735154,0.466209705,0.120716898,0.082741739,-0.130874813,0.35094918,0.05990455,0.006953363,-0.348152288,-0.065216407,0.19033485,-0.181459023,0.788149354,1.188294058,1.042028167,1.040455414,0.757955593,1.266711553,1.037501895,1.034633428,0.095630357,0.493904867,0.227752297,0.211694656,0.00053423,0.017450425,0.0127921,0.012152527,3.87e-07,0.01252483,0.002585576,0.001375834,-0.001730098,0.001605756,0.00047604,-2.65e-05,-0.004079527,0.002373119,0.001888615,-0.001455571,0.002166212,0.005453446,0.003648972,0.003609247
474,M,1,-0.189599149,0.466209705,0.097216416,0.054756047,-0.126038853,0.35094918,0.050098672,0.006380452,-0.346227893,-0.065216407,0.153783334,-0.150221777,0.920945794,1.106498257,1.024773241,1.024587115,0.945056274,1.193614438,1.011910349,1.0106747,0.095630357,0.493904867,0.17250597,0.165206589,0.00053423,0.017450425,0.013589322,0.013101716,1.73e-08,0.003362393,0.000826729,0.00059519,-0.001730098,0.001531576,0.000463229,-3.83e-05,-0.003797762,0.002544505,0.001860573,-0.001509082,0.001890728,0.004835723,0.003683691,0.00365178
474,M,2,-0.189599149,0.152862696,0.059419368,0.035099412,-0.142509141,0.030142981,0.047566154,-0.030582072,-0.277717433,-0.07691977,0.174803852,-0.169667601,0.991076268,1.287084972,1.10916353,1.105612629,0.945056274,1.321547651,1.092334477,1.087601486,0.10270936,0.487840121,0.264251857,0.241523642,0.000568195,0.01857613,0.012952263,0.012475151,1.73e-08,0.005577856,0.000881489,0.000621785,-0.001395711,0.001090501,0.000509197,-0.00013709,-0.003800398,0.002544505,0.002027972,-0.001697006,0.001890728,0.005210139,0.003852085,0.003812804
475,H,0,-0.240446351,0.018225654,0.092904036,-0.088794878,-0.114080097,-0.014677003,0.067973982,-0.06644724,-0.025702637,0.097737792,0.040463988,0.037446195,1.054918009,1.178136421,1.123388485,1.123287402,1.055391628,1.332238574,1.114888542,1.11415914,0.101242634,0.377803947,0.190638036,0.186972184,0.000810801,0.016890807,0.013709358,0.013415392,1.1e-05,0.01823251,0.009080402,0.007246736,-0.00171209,0.002471298,0.000564726,-0.000248007,-0.00350714,0.006904502,0.001545604,-0.00105839,0.001978444,0.008443041,0.003844978,0.003808926
475,H,1,-0.186972731,-0.017826332,0.112419005,-0.106593516,-0.099195637,-0.014677003,0.065084182,-0.064097876,-0.018283273,0.095732451,0.052500035,0.048205308,1.043401132,1.159653558,1.112513401,1.112459439,1.047428026,1.242454485,1.100428698,1.100106527,0.101242634,0.28338041,0.174612885,0.173032303,0.000462168,0.016890807,0.013917271,0.013741368,1.6e-06,0.018687039,0.007416043,0.005570174,-0.00171209,0.002471298,0.000605536,-0.000395697,-0.00335513,0.003972467,0.001834759,-0.001550491,0.002130657,0.005624213,0.003977365,0.003941769
475,H,2,-0.252982257,-0.072940802,0.15302495,-0.150728466,-0.107159675,-0.016331186,0.073172507,-0.072677842,-0.011639561,0.129397556,0.069741879,0.067740109,1.028755066,1.153934347,1.114471193,1.114406653,1.036784941,1.261877803,1.117485096,1.116861239,0.090151715,0.308280508,0.196217589,0.194190142,0.000462168,0.01724276,0.01341816,0.013064035,1.6e-06,0.02064841,0.006859096,0.005089545,-0.001712786,0.003528221,0.000744505,-0.000515583,-0.003388335,0.006978137,0.001997788,-0.001660253,0.001424827,0.009250351,0.004085861,0.004039663
475,L,0,-0.169408267,0.062316129,0.085148131,-0.078049944,-0.067511626,0.028626002,0.040250443,-0.037905492,-0.063054217,0.094991344,0.050405368,0.045027403,1.042423925,1.186089646,1.114198409,1.114089151,1.053382073,1.247400623,1.11462004,1.114135488,0.079802073,0.276749855,0.177559699,0.175446424,0.001317642,0.018663166,0.013393814,0.013107379,1.78e-06,0.023010444,0.006169832,0.00407491,-0.001535065,0.00178395,0.000603776,-0.000357148,-0.004118658,0.004304356,0.001893051,-0.001510559,0.001737929,0.006573982,0.003933307,0.00388463
475,L,1,-0.169408267,-0.006838617,0.093075097,-0.090580912,-0.064326827,0.006865417,0.042867693,-0.042411131,0.003515162,0.094991344,0.053121579,0.051298518,1.033872905,1.155429815,1.110051343,1.10998613,1.053382073,1.239122868,1.11063204,1.110368092,0.079802073,0.270112693,0.172245782,0.171101504,0.001886387,0.018663166,0.014221437,0.014037603,1.03e-06,0.016881256,0.003331498,0.001984241,-0.002006014,0.00178395,0.000522289,-0.000294498,-0.004118658,0.004244337,0.001683501,-0.001315793,0.001737929,0.006573982,0.003789244,0.003743989
475,L,2,-0.198662488,-0.000994472,0.105119977,-0.098352211,-0.076306652,0.006865417,0.049129569,-0.048155717,0.020796704,0.110707561,0.059848909,0.057115878,1.02822604,1.144668017,1.106070267,1.106025983,1.059415833,1.201961926,1.110690646,1.110579837,0.081886189,0.22688105,0.172653156,0.171926011,0.001495465,0.017683948,0.014598897,0.01450834,1.03e-06,0.020199298,0.002310342,0.001375854,-0.002006014,0.001466561,0.000605396,-0.000392816,-0.003657037,0.003519606,0.001619394,-0.00130151,0.002239027,0.006259151,0.00370981,0.003673481
475,M,0,-0.254976808,0.039419537,0.093289198,-0.088538039,-0.094745478,-0.001476371,0.061867141,-0.060995843,-0.050531181,0.098511337,0.053596377,0.049843663,1.032932267,1.191449222,1.127649965,1.127569933,1.083216922,1.282256754,1.130473757,1.129819032,0.099180051,0.325857514,0.203684913,0.201467902,0.000623487,0.017487815,0.012886775,0.012512818,5.84e-06,0.032738933,0.005371538,0.002630185,-0.001916459,0.001703639,0.000645533,-0.00037875,-0.003709748,0.006603312,0.001999329,-0.001612663,0.001689135,0.008974065,0.00393997,0.003894144
475,M,1,-0.330337715,0.008623918,0.145119179,-0.130611402,-0.130227345,-0.001476371,0.074321407,-0.073202527,-0.000759473,0.152528886,0.073050761,0.06801017,1.032932267,1.191449222,1.125787966,1.125705299,1.065663204,1.291928487,1.138822632,1.138358469,0.099180051,0.366229177,0.216905693,0.214839697,0.000942633,0.017359331,0.013814651,0.013513102,1.44e-06,0.017272899,0.002989784,0.001869918,-0.001916459,0.001267909,0.000669646,-0.000437074,-0.003536552,0.003617501,0.001745277,-0.001411507,0.001774507,0.005593306,0.003862886,0.00382192
475,M,2,-0.330337715,1.15e-05,0.167005557,-0.147817846,-0.130227345,-0.009849854,0.076097647,-0.074550302,0.003322599,0.152528886,0.082494615,0.07701441,1.038784319,1.180948439,1.120822009,1.120737944,1.065663204,1.291928487,1.137564997,1.137214069,0.132378364,0.366229177,0.216767813,0.214587425,0.001501375,0.017870408,0.014447314,0.014311022,7.15e-09,0.019256921,0.00477493,0.002612292,-0.001898273,0.001292098,0.000703865,-0.000392923,-0.003989652,0.002049093,0.001652493,-0.001400985,0.002233917,0.005771955,0.003963975,0.003922089
476,H,0,-0.100986952,0.147840764,0.043776864,0.034310203,-0.029653432,0.110282894,0.06903648,0.067176793,-0.088364537,0.014461155,0.021880762,-0.016684112,0.911489174,0.990267517,0.959090027,0.959022455,0.800625458,1.011656232,0.891776827,0.891179458,0.045520373,0.213155378,0.141281869,0.139163823,0.000746789,0.017539908,0.013403983,0.01291772,6.19e-10,0.016604758,0.001627485,0.00052455,-0.00123167,0.000838355,0.000407554,-0.0001475,-0.003145139,0.002266121,0.001878677,-0.00159408,0.002023435,0.005582417,0.003846808,0.003808049
476,H,1,-0.089200895,0.079231645,0.043569852,0.029296673,-0.009615511,0.090204484,0.061762037,0.058818743,-0.065666783,0.010651345,0.023434942,-0.019325654,0.930108898,1.02101818,0.975340415,0.9751823,0.859087515,1.021479977,0.910374405,0.909713007,0.040583135,0.167593045,0.121010798,0.117983634,0.000239818,0.017060196,0.013250531,0.012623643,5.03e-09,0.020377493,0.002596991,0.000875725,-0.001349879,0.000806172,0.000411164,-0.000222225,-0.003195209,0.002457133,0.001766746,-0.001363525,0.002023435,0.005582417,0.003926887,0.00387932
476,H,2,-0.089701496,0.07033912,0.037964664,0.024302804,-0.044395804,0.073044353,0.05160115,0.047306161,-0.072975227,0.009154242,0.026781718,-0.023325533,0.949925818,1.059805251,1.001717788,1.001496403,0.86729274,1.041045257,0.930343849,0.929749107,0.040583135,0.146541473,0.099333403,0.097007928,0.000239818,0.017855716,0.01353945,0.012975665,1.3e-09,0.020377493,0.003060989,0.001177759,-0.001349879,0.001022055,0.00043271,-0.000221396,-0.003195209,0.002457133,0.001802093,-0.001439426,0.002293288,0.005704783,0.004072474,0.004012122
476,L,0,-0.114268894,0.120667878,0.045784732,0.038147419,-0.006522133,0.13371324,0.073692445,0.071800216,-0.109061685,0.010039837,0.02783554,-0.018429871,0.878928925,0.98870405,0.939404389,0.939248504,0.830115581,0.998381253,0.875084671,0.874490852,0.068716647,0.209660926,0.164257322,0.162377964,0.000283532,0.018238185,0.013060419,0.01250228,6.35e-13,0.022006381,0.00282024,0.00112139,-0.001344315,0.001022916,0.000467466,-0.000243179,-0.002915478,0.00252627,0.001822519,-0.001395313,0.002175418,0.005142915,0.00380699,0.003777158
476,L,1,-0.114268894,0.120667878,0.048310186,0.042458476,-0.006522133,0.131112931,0.073293508,0.071957697,-0.109061685,0.006485947,0.023143961,-0.017363155,0.883733647,0.983188534,0.947404331,0.947316901,0.830115581,0.972206503,0.879158257,0.878802296,0.059092374,0.2034425,0.155445797,0.154270247,0.000704927,0.017533121,0.013440597,0.013083919,1.17e-12,0.017768219,0.003145911,0.00127049,-0.001285118,0.000855614,0.000390787,-0.000128453,-0.002915478,0.002471182,0.001851616,-0.001611562,0.00227578,0.005532573,0.004024503,0.003988307
476,L,2,-0.104662052,0.08374897,0.052756979,0.045872782,-0.026081419,0.089319227,0.072110775,0.070073788,-0.061232721,0.014948844,0.021548059,-0.018462224,0.912614231,0.990957014,0.957706557,0.957642501,0.845854213,0.987835059,0.893047021,0.892730135,0.052170694,0.183219576,0.140192163,0.138392997,0.000909825,0.017149498,0.013406053,0.013058498,1.17e-12,0.019773294,0.00354281,0.00161917,-0.00119274,0.000974723,0.000386905,-9.09e-05,-0.002997798,0.002219719,0.001782634,-0.001563246,0.002378354,0.00563492,0.004093449,0.004042788
476,M,0,-0.154296615,0.053125954,0.027137222,0.011949651,-0.0434849,0.0897828,0.071085475,0.069298468,-0.060777783,0.009581302,0.014092587,-0.007942404,0.900962738,0.99628206,0.950013399,0.949942958,0.836524139,0.986191694,0.871524601,0.87119332,0.053588251,0.1960737,0.158302811,0.156767756,0.000715293,0.017195815,0.014134855,0.013850448,1.01e-10,0.021139312,0.002120597,0.000817899,-0.001273884,0.001014663,0.000389161,-7.54e-05,-0.003467125,0.002223484,0.001874368,-0.001655305,0.00237835,0.005789309,0.003983149,0.003931707
476,M,1,-0.154296615,0.058845179,0.036413081,0.015522231,-0.0434849,0.092769882,0.073664083,0.069938361,-0.066962073,0.01777111,0.016056627,-0.011107871,0.906768517,0.99628206,0.957915511,0.957854145,0.836524139,1.003586793,0.884278146,0.883874057,0.047264366,0.187955739,0.147572944,0.145321031,0.001019114,0.018287454,0.013813789,0.013441537,1.87e-14,0.021139312,0.002819556,0.00110685,-0.001205116,0.001014663,0.000411635,-4.56e-05,-0.003467125,0.001946212,0.001976863,-0.001738263,0.002336949,0.005789309,0.004083523,0.004029009
476,M,2,-0.109600807,0.088546197,0.045602861,0.030987407,-0.026785428,0.094061733,0.075734778,0.072658451,-0.066962073,0.01777111,0.018422224,-0.014912931,0.936004053,0.99856012,0.965203504,0.965138628,0.840127185,1.003586793,0.89209259,0.891763964,0.035878704,0.171099728,0.140417043,0.138320284,0.000847551,0.018287454,0.013994772,0.013674706,1.87e-14,0.023643967,0.003466528,0.001398826,-0.001323011,0.001008762,0.00039109,-2.89e-05,-0.002998107,0.002378649,0.00197885,-0.00179274,0.002322133,0.005584924,0.004140953,0.004097502
477,H,0,-0.340802152,0.320626585,0.100014492,-0.073256853,-0.276466458,0.058899646,0.087910409,-0.069747824,-0.28041492,0.121097981,0.067535606,0.04653938,0.75798016,1.794356172,1.077684728,1.074883571,0.89467868,1.332932029,1.05893126,1.054818654,0.053244936,0.850971187,0.188744896,0.161032441,0.000808974,0.019625843,0.01328566,0.012114138,4.14e-09,0.020278238,0.00293624,0.001031525,-0.002460135,0.015005889,0.000825271,-0.000405965,-0.018550419,0.003633729,0.001974554,-0.001315536,0.00150866,0.025456823,0.003811106,0.00365469
477,H,1,-0.233223704,0.014700966,0.07026008,-0.060934369,-0.140514262,-0.017149851,0.060840196,-0.058244693,-0.025330202,0.102049751,0.06117122,0.058511805,0.96670004,1.125331255,1.055133254,1.054900457,0.915957633,1.200868343,1.015964555,1.014864031,0.055660634,0.235288414,0.115778365,0.111996526,0.000808974,0.018829858,0.01551817,0.015163347,1.97e-08,0.018535531,0.003703986,0.001468883,-0.0015131,0.000811222,0.000541074,-0.000393486,-0.004237612,0.002239051,0.002203859,-0.001944017,0.002300238,0.00584125,0.004126628,0.004067781
477,H,2,-0.203647359,-0.005493439,0.069571098,-0.06071267,-0.131395477,-0.030516868,0.064842588,-0.06326936,-0.025330202,0.112612651,0.054850646,0.052365323,1.02689078,1.132117614,1.074046019,1.073936452,0.933931461,1.200868343,1.031092285,1.03013019,0.077571386,0.250895206,0.125722006,0.122360823,0.000781426,0.01882136,0.015172649,0.014769183,1.97e-08,0.018535531,0.00362415,0.001346308,-0.001673888,0.000492325,0.00060538,-0.000465897,-0.004097922,0.001562195,0.002279144,-0.002047781,0.002261409,0.00581364,0.004256444,0.004203502
477,L,0,-0.368209445,0.12429028,0.124824298,-0.103260234,-0.220362037,0.036896325,0.090454996,-0.083649305,-0.145066951,0.108649134,0.071129708,0.049233605,0.963726268,1.244188639,1.087210948,1.086404658,0.926576022,1.390632056,1.085461672,1.082980519,0.067562995,0.50962004,0.186348798,0.174318714,0.00061625,0.018614689,0.013528946,0.012523107,6.91e-09,0.018122485,0.002969645,0.000972793,-0.003221578,0.000550155,0.000912713,-0.000807699,-0.005133667,0.001784309,0.00218695,-0.00170324,0.001862789,0.008478305,0.004072759,0.00397924
477,L,1,-0.209041361,-0.030715111,0.122343341,-0.118236433,-0.137824595,-0.039427913,0.087055465,-0.085472479,-0.010930105,0.10074551,0.071105427,0.067281954,0.994233375,1.175202793,1.086111863,1.08587395,0.950984651,1.225860159,1.066299302,1.065092868,0.067562995,0.300548882,0.165330511,0.160543659,0.000960592,0.018595828,0.014464154,0.013843942,4.42e-11,0.018122485,0.002602575,0.00079342,-0.001948328,0.000714513,0.000912591,-0.000821917,-0.003972938,0.001583878,0.002213464,-0.00191733,0.002053749,0.005767117,0.004223485,0.00416804
477,L,2,-0.201398706,-0.030534813,0.108942412,-0.10508937,-0.147849194,-0.056093199,0.09173093,-0.090805201,-0.007855524,0.098398313,0.068170873,0.065678048,1.041559818,1.198417568,1.107264826,1.107122804,0.978753824,1.245092759,1.078527268,1.077831427,0.091472336,0.34357975,0.180027306,0.177309111,0.000960592,0.018742332,0.014910864,0.0144709,3.82e-11,0.017428707,0.001900652,0.000483285,-0.001714132,0.000876235,0.000875047,-0.000761361,-0.004181654,0.00162394,0.002336771,-0.002115963,0.001906617,0.005824503,0.004244691,0.004196378
477,M,0,-0.248375303,0.043985935,0.109174835,-0.095821054,-0.16986329,-0.033137741,0.098106515,-0.095347631,-0.035756063,0.128037684,0.055715893,0.049330396,1.058577649,1.260795221,1.113888426,1.113656166,0.972594081,1.255636762,1.080676589,1.078944651,0.11274522,0.381144348,0.190096897,0.184086536,0.000444135,0.018987684,0.014329201,0.013478799,1.35e-08,0.016891734,0.004118542,0.002146496,-0.001998349,0.000639759,0.000836011,-0.000722682,-0.004359728,0.001569969,0.002219135,-0.001902575,0.00195302,0.006055144,0.00406949,0.003990982
477,M,1,-0.207188522,0.120762964,0.109339596,-0.092780745,-0.15741888,-0.04542922,0.096582255,-0.09440566,-0.018774302,0.121340978,0.061343298,0.055394364,1.064582842,1.219409077,1.118710687,1.118542067,0.996246491,1.259241759,1.079685133,1.078500657,0.11274522,0.340001621,0.190366157,0.185375659,0.000444135,0.019196093,0.014734694,0.01410073,4.67e-09,0.016891734,0.003748779,0.001782532,-0.002002516,0.000673765,0.000920172,-0.000801863,-0.004292284,0.001361316,0.002372532,-0.002093765,0.001966046,0.005813462,0.00423341,0.004170937
477,M,2,-0.207188522,0.209813357,0.111995704,-0.097506134,-0.15741888,0.050196461,0.101600053,-0.099786706,-0.089812384,0.121340978,0.062768623,0.057519476,1.064582842,1.236312831,1.131327266,1.131138333,1.009039949,1.259241759,1.093757497,1.092660056,0.125004512,0.352311301,0.207056849,0.202958355,0.000494424,0.019196093,0.014465754,0.01378949,4.01e-11,0.016678497,0.001643155,0.000483368,-0.002002516,0.000760255,0.000866384,-0.000726788,-0.00450875,0.001811416,0.00220785,-0.001898939,0.002154513,0.005813462,0.004191244,0.004133301
