participant,condition,column,window_index,window_start,window_end,perc_recur,perc_determ,maxl_found,mean_line_length,std_line_length,entropy,laminarity,trapping_time,vmax,divergence,trend_lower_diag,trend_upper_diag
402,H,blink_dist,0,0,3600,2.4273655213305156,17.040107919586745,15.0,4.866566434880662,1.354151819656713,1.8534570659345841,0.3954331589510743,5.764497098182167,31.0,0.06666666666666667,0.6080433271484447,0.6080433271484447
402,H,blink_dist,1,1800,5400,2.4200338280176426,19.78007471651288,46.0,5.001335113484646,1.6225006104230988,1.9891516044965416,0.411868176837881,5.937250237868697,31.0,0.021739130434782608,-0.08933560705755435,-0.08933560705755435
402,H,blink_dist,2,3600,7200,1.418866347703399,12.018732831989913,39.0,4.686567164179104,1.4639671160771752,1.606454404912116,0.3356599270500293,5.203944497774675,21.0,0.02564102564102564,-0.3333707878660424,-0.3333707878660424
402,H,blink_dist,3,5400,9000,1.7713307151148368,13.374032860208848,18.0,4.6697103274559195,1.2697465649741413,1.5916221568570887,0.36476274640647827,5.3188691650230115,21.0,0.05555555555555555,-0.5296140666779897,-0.5296140666779897
402,H,blink_dist,4,7200,10800,2.6259122487357622,18.574774171963867,47.0,5.039775540518237,1.8513593982560008,2.0076783689573294,0.3964171659722011,6.071268865287871,70.0,0.02127659574468085,-1.1290059688591745,-1.1290059688591745
402,H,blink_dist,5,9000,12600,1.6665306283484793,10.525912223361736,18.0,4.683155650319829,1.253325580161851,1.620033608976253,0.29565429921501346,5.472633726603388,28.0,0.05555555555555555,-0.6368968750817564,-0.6368968750817564
402,H,blink_dist,6,10800,14400,1.1107275771181526,9.597768094683406,18.0,4.709950599858857,1.3550370486988434,1.6299465533900444,0.2903130707393186,5.204976150573676,20.0,0.05555555555555555,-0.23564536300222313,-0.23564536300222313
402,H,blink_dist,7,12600,16200,1.3832621115500365,9.554382845067495,16.0,4.738831615120275,1.3365312201590651,1.6829161073671952,0.27909098257485654,5.275922287710107,28.0,0.0625,-0.32591603042153205,-0.32591603042153205
402,H,blink_dist,8,14400,18000,1.6890687966806437,17.84876683310637,24.0,5.047873763038245,1.7361710965808288,2.020511183364626,0.38334089877439853,5.928916191311979,58.0,0.041666666666666664,-0.8555336391814425,-0.8555336391814425
402,H,blink_dist,9,16200,19800,1.5591588583068006,18.223355974224216,28.0,5.051973871059358,1.7373299840071077,2.0277801644274085,0.3903146161805534,5.94832162373146,38.0,0.03571428571428571,-0.3207310080901767,-0.3207310080901767
402,H,blink_dist,10,18000,21600,1.8158000706334376,17.502067242562326,26.0,4.8920580280304895,1.4554792462683572,1.8719282812565134,0.3997123453966467,5.68834501752629,28.0,0.038461538461538464,-0.5996192628974943,-0.5996192628974943
402,H,blink_dist,11,19800,23400,1.5792691020560528,11.406897946798827,15.0,4.687448046550291,1.2192963867420552,1.6322511848918109,0.3194851825629615,5.306148160591299,24.0,0.06666666666666667,0.012382564078152107,0.012382564078152107
402,H,blink_dist,12,21600,25200,1.2627444077469323,6.386773597793913,10.0,4.488,0.9404906520889211,1.3439663975589387,0.2329799883623852,4.906886905554815,16.0,0.1,0.3223123096362656,0.3223123096362656
402,H,blink_dist,13,23400,27000,2.1155369443067644,13.41331742711959,19.0,4.727248536455561,1.253354174618061,1.6852076149006925,0.343362805131264,5.576456161863887,27.0,0.05263157894736842,-0.7988038264032619,-0.7988038264032619
402,H,blink_dist,14,25200,28800,1.6766097100051738,14.860333066575206,20.0,4.762748091603053,1.3684175144282398,1.7191423443433667,0.35960424526504325,5.569236444116562,33.0,0.05,0.9643022739930333,0.9643022739930333
402,L,blink_dist,0,0,3600,5.822834023721143,39.64470096395986,73.0,5.711124283738392,2.560489839908941,2.5505325648812582,0.6044431581892697,7.365373044524669,66.0,0.0136986301369863,-0.7610154422522084,-0.7610154422522084
402,L,blink_dist,1,1800,5400,3.0964504221793465,24.371044038524037,42.0,4.986174142480211,1.6021485841735237,1.972244083000549,0.48671931824630005,6.026956244011498,36.0,0.023809523809523808,-0.304613574919926,-0.304613574919926
402,L,blink_dist,2,3600,7200,2.3143711890968297,21.982731846698552,35.0,5.179024390243902,2.0049489236381013,2.130798452194625,0.44888571408852174,6.0995498452593075,56.0,0.02857142857142857,-0.6779609902365189,-0.6779609902365189
402,L,blink_dist,3,5400,9000,1.9626096419593926,20.358267748577752,35.0,5.198254364089776,1.9993174924743626,2.148069449214465,0.4250380486534439,6.04864489228631,54.0,0.02857142857142857,0.6475758342686351,0.6475758342686351
402,L,blink_dist,4,7200,10800,3.3255219119394948,17.37177824529045,19.0,4.804968779062043,1.312361346350893,1.7839633850608705,0.4060779849563388,5.735228274879588,43.0,0.05263157894736842,-0.604704274100097,-0.604704274100097
402,L,blink_dist,5,9000,12600,2.337580231326904,7.007461870660909,18.0,4.480122324159021,0.9788826570811759,1.3274523719857905,0.24788511999125348,5.125971456831991,22.0,0.05555555555555555,-0.3240498124137442,-0.3240498124137442
402,L,blink_dist,6,10800,14400,1.3653721409391053,3.290866762596661,13.0,4.450949367088608,0.9417189292671648,1.2704953360365192,0.16628645632260555,4.939704604691572,16.0,0.07692307692307693,0.024598741673533812,0.024598741673533812
402,L,blink_dist,7,12600,16200,1.6420117846986761,5.643105897001887,11.0,4.465742879137799,0.8883930177901175,1.313980018181282,0.21517441973579252,5.0374629924846275,22.0,0.09090909090909091,-0.2819379057596462,-0.2819379057596462
402,L,blink_dist,8,14400,18000,1.6058005673995857,4.0962489182441235,11.0,4.418454935622318,0.8458447888161652,1.2307454221766254,0.1786563348618834,4.9396314631463145,16.0,0.09090909090909091,0.19391311289600346,0.19391311289600346
402,L,blink_dist,9,16200,19800,3.098782507633986,11.255212655735338,15.0,4.655650319829424,1.1831146118445324,1.5908639134651839,0.31931092428311486,5.44747834498527,39.0,0.06666666666666667,-1.062638601134923,-1.062638601134923
402,L,blink_dist,10,18000,21600,3.9106517364213125,34.18101018682656,85.0,5.764154842264775,2.7835353473887334,2.576657893479298,0.5470088961139749,7.199333405010214,92.0,0.011764705882352941,0.7115015232675249,0.7115015232675249
402,L,blink_dist,11,19800,23400,2.094436362898693,6.643431308247282,17.0,4.616322204557498,1.2388810780042512,1.5083109893988902,0.23565076798706547,5.217222456732799,21.0,0.058823529411764705,-0.537252773727862,-0.537252773727862
402,L,blink_dist,12,21600,25200,1.5558683815694327,1.7350238694112212,9.0,4.2784810126582276,0.6271637756903821,0.9579598580130919,0.12031723217493968,4.678443113772455,13.0,0.1111111111111111,0.9538031254558725,0.9538031254558725
402,L,blink_dist,13,23400,27000,2.2483060833407476,6.945401584313168,14.0,4.581068416119963,1.0709321072140916,1.4885078401440857,0.24127739689531455,5.238065859489473,21.0,0.07142857142857142,-0.22377219236379958,-0.22377219236379958
402,L,blink_dist,14,25200,28800,1.9343850186830394,14.413469637165365,39.0,5.0114843525696235,1.815771387698567,1.9736851068261965,0.346393948902578,5.795661785023487,36.0,0.02564102564102564,-0.5385303731731329,-0.5385303731731329
402,M,blink_dist,0,0,3600,1.3573056809761408,5.216889872196202,8.0,4.341821743388834,0.6666126246473012,1.0956710417898246,0.22797561607079814,4.757367387033399,15.0,0.125,-0.12300491359496296,-0.12300491359496296
402,M,blink_dist,1,1800,5400,2.020161038487237,7.449870327028908,12.0,4.42555190230155,0.8456364321311767,1.2467945652987622,0.27060139793788346,5.031387827109674,18.0,0.08333333333333333,-0.2973112633262763,-0.2973112633262763
402,M,blink_dist,2,3600,7200,2.5115601955182107,6.438729044239233,15.0,4.485600354452814,0.9379938838550853,1.3468321080322734,0.2409530896232415,5.152873172390343,26.0,0.06666666666666667,-0.6295614050827693,-0.6295614050827693
402,M,blink_dist,3,5400,9000,1.3646533474770588,1.0124774679869841,7.0,4.240196078431373,0.5825501415634575,0.8384021195352664,0.07360652667556242,4.654700222057735,12.0,0.14285714285714285,-0.016123158573286663,-0.016123158573286663
402,M,blink_dist,4,7200,10800,1.6062318434768135,2.5796057996380197,8.0,4.3743676222596966,0.6979739262929048,1.1558000987208774,0.1258477694464886,4.809958190801977,19.0,0.125,-0.0073468977043720145,-0.0073468977043720145
402,M,blink_dist,5,9000,12600,1.962050580377801,7.9318429750720485,17.0,4.6219165085389,1.2039757544559204,1.5334777798432804,0.25899995115358937,5.261556272223601,26.0,0.058823529411764705,-0.6242570408392117,-0.6242570408392117
402,M,blink_dist,6,10800,14400,2.4518364454161823,12.021733323778315,18.0,4.7793317793317796,1.3462842929942185,1.7474220599039998,0.32078802843052306,5.639997709180459,30.0,0.05555555555555555,0.8342308965341375,0.8342308965341375
402,M,blink_dist,7,12600,16200,2.798007376737703,4.366069338752862,9.0,4.35287421741605,0.6984892980489709,1.1180619449893798,0.19459493403513178,4.918404155544333,21.0,0.1111111111111111,-0.07939511274074955,-0.07939511274074955
402,M,blink_dist,8,14400,18000,3.326560169162451,10.54840367042961,13.0,4.6102833158447005,1.0674322307112676,1.5355134202515122,0.3137055301331515,5.3258335371321435,22.0,0.07692307692307693,-1.27616299635812,-1.27616299635812
402,M,blink_dist,9,16200,19800,2.6347294485368637,23.358412096006596,24.0,5.0031164783794315,1.5394194972741575,1.995104511674367,0.45936876693725864,6.072407437089277,42.0,0.041666666666666664,0.4402361126320404,0.4402361126320404
402,M,blink_dist,10,18000,21600,2.552100146777625,15.726588806689449,19.0,4.820990023023791,1.316550273369861,1.8030179502243857,0.3804624031444415,5.748274231678487,28.0,0.05263157894736842,-0.6357906280580526,-0.6357906280580526
402,M,blink_dist,11,19800,23400,2.629745813866676,15.514926959637988,19.0,4.880206343141001,1.4209450063098605,1.8649790030354074,0.3696723054028609,5.872346584330375,44.0,0.05263157894736842,-1.0653605827807742,-1.0653605827807742
402,M,blink_dist,12,21600,25200,2.411024949959995,16.505677677518516,43.0,4.955051710421639,1.7745797224805897,1.9168130124510385,0.37649892011501107,5.7986327228202645,45.0,0.023255813953488372,-0.11190635953868729,-0.11190635953868729
402,M,blink_dist,13,23400,27000,2.221918376689624,13.09605112758172,16.0,4.671025641025641,1.243539808672374,1.6017487495953284,0.3470378065174727,5.354853022739878,44.0,0.0625,-0.8335818828443209,-0.8335818828443209
402,M,blink_dist,14,25200,28800,1.7170378489482694,10.095353272245221,40.0,4.846806610093791,1.959443033594915,1.7506809295889505,0.2939020419554398,5.463553826199741,45.0,0.025,0.019808772915794765,0.019808772915794765
404,H,blink_dist,0,0,3600,2.889022602220816,27.01266676618731,62.0,5.423734458259325,2.4427641174282004,2.3324244340152096,0.4839882344485174,6.668507655976232,73.0,0.016129032258064516,-0.7944329468290102,-0.7944329468290102
404,H,blink_dist,1,1800,5400,2.5551829720704013,31.19705939349991,65.0,5.587214509628303,2.5897905735060847,2.4561270685263072,0.5156813592803515,6.892713903743315,61.0,0.015384615384615385,0.034371220225037497,0.034371220225037497
404,H,blink_dist,2,3600,7200,2.3355196900690376,22.349964093971206,38.0,5.174821852731592,1.8590471969630469,2.147009964793855,0.43691481722121533,6.192962047404391,36.0,0.02631578947368421,-0.6438553256182526,-0.6438553256182526
404,H,blink_dist,3,5400,9000,2.002382880192624,13.063282253368326,15.0,4.805164319248826,1.3142668197396883,1.7819344458207154,0.3353688207468151,5.640882865960016,25.0,0.06666666666666667,-0.186909941405468,-0.186909941405468
404,H,blink_dist,4,7200,10800,2.902152562794196,15.055947250521495,19.0,4.921734436847787,1.5418449340489848,1.9024739807719426,0.3599695083356725,6.00877394460012,31.0,0.05263157894736842,-0.6599810707946242,-0.6599810707946242
404,H,blink_dist,5,9000,12600,3.0834163007342394,18.701596067075222,23.0,5.010548230395559,1.6639709173149992,1.992021548903102,0.40316623238032084,6.173726796763446,38.0,0.043478260869565216,-0.29295310432132815,-0.29295310432132815
404,H,blink_dist,6,10800,14400,3.9206349789497343,29.74361481517696,73.0,5.389487671637384,2.1803902872075835,2.323664810410264,0.5093256902599704,6.729893410852713,54.0,0.0136986301369863,-0.9506573717117892,-0.9506573717117892
404,H,blink_dist,7,12600,16200,4.020595189738313,29.502322125947025,73.0,5.477209027880218,2.232510290501996,2.394710432288329,0.5065114874716439,6.8568854707290186,54.0,0.0136986301369863,-1.245923437224262,-1.245923437224262
404,H,blink_dist,8,14400,18000,2.727022529063615,17.89661736711085,18.0,4.9312459651388,1.3631168702147989,1.9258393856619829,0.40271782105725584,5.9329507701600726,29.0,0.05555555555555555,-0.8434109369389089,-0.8434109369389089
404,H,blink_dist,9,16200,19800,3.6014427622370193,20.149200773502226,19.0,5.006060606060606,1.6028441204823416,1.9943535134358454,0.4317907640995618,6.097644995615683,64.0,0.05263157894736842,-0.8954362719982096,-0.8954362719982096
404,H,blink_dist,10,18000,21600,3.567020541999022,24.379682329286695,44.0,5.226360756455794,2.1036372213421255,2.1775829744772035,0.4611710916964082,6.538969491094956,71.0,0.022727272727272728,-0.3071524555432928,-0.3071524555432928
404,H,blink_dist,11,19800,23400,3.6087904287379375,14.121755603555115,24.0,4.789821348145924,1.331529011021239,1.763126204580725,0.35710491838107716,5.72564047973884,44.0,0.041666666666666664,1.4187265320024036,1.4187265320024036
404,H,blink_dist,12,21600,25200,2.6585614451007116,5.829162636160996,11.0,4.516759776536313,0.9371289825857183,1.3985077253804938,0.22436147777864562,5.1767519234768145,25.0,0.09090909090909091,-0.5708844844042357,-0.5708844844042357
404,H,blink_dist,13,23400,27000,2.079820895837084,6.1555830331702595,11.0,4.572162007986309,0.9925913540400392,1.4814437385339596,0.22676584208222292,5.2310213482150765,25.0,0.09090909090909091,-0.19060528891695647,-0.19060528891695647
404,H,blink_dist,14,25200,28800,3.2892308287001772,19.949301191713367,47.0,5.204611681236539,2.1239481454753624,2.1523216834453365,0.41687629296529755,6.351522326218046,102.0,0.02127659574468085,-0.9946735397382167,-0.9946735397382167
404,L,blink_dist,0,0,3600,3.144641530512543,24.065627063544472,72.0,5.196095635007677,2.168322180786216,2.153362175078367,0.46051709249758727,6.419003115264798,56.0,0.013888888888888888,-0.5116109803931954,-0.5116109803931954
404,L,blink_dist,1,1800,5400,2.4282440466730164,15.58873832390475,68.0,4.917617763021374,1.8137089639285189,1.8801662480250783,0.3660340744638863,5.804767369079908,33.0,0.014705882352941176,0.10471164713441983,0.10471164713441983
404,L,blink_dist,2,3600,7200,1.9482657190945567,7.643620204802781,18.0,4.624503968253968,1.2139135321249819,1.5364997712731048,0.25345368981151256,5.326785560437667,23.0,0.05555555555555555,-0.6615809302942776,-0.6615809302942776
404,L,blink_dist,3,5400,9000,2.3267983293962087,4.558965874688506,10.0,4.451072386058981,0.8838088893743822,1.2870120123321274,0.1995585883063658,5.034115507836177,22.0,0.1,-0.1274022996932192,-0.1274022996932192
404,L,blink_dist,4,7200,10800,1.537962437770456,3.503178098126376,10.0,4.414921465968586,0.7721170794693848,1.2240005441469766,0.166912467284284,4.976312122619601,22.0,0.1,-0.39537885188233735,-0.39537885188233735
404,L,blink_dist,5,9000,12600,1.5755473492414573,4.687896022790636,15.0,4.5112195121951215,1.0620371476713386,1.3653572333350643,0.1955148676460152,5.184139784946237,20.0,0.06666666666666667,0.11146933319857653,0.11146933319857653
404,L,blink_dist,6,10800,14400,1.957945471050114,4.666454555095981,15.0,4.475743348982785,0.9805415305476288,1.3203908905390573,0.19506106365794562,5.075894278738987,18.0,0.06666666666666667,-0.3142307118053935,-0.3142307118053935
404,L,blink_dist,7,12600,16200,1.4538795758990788,1.4667106130520764,7.0,4.238095238095238,0.5495824017620354,0.8704524043248673,0.10093935398813447,4.661339421613394,11.0,0.14285714285714285,-0.016324626806247376,-0.016324626806247376
404,L,blink_dist,8,14400,18000,1.7900033719399964,1.881977102165746,7.0,4.295315682281059,0.6256226650961123,0.9935811456236924,0.11949528390280467,4.689546489231308,16.0,0.14285714285714285,-0.3141710687241954,-0.3141710687241954
404,L,blink_dist,9,16200,19800,2.383039924504324,5.521817816207521,15.0,4.484485574305934,0.9439397392225478,1.3421141072627454,0.2183792479388699,5.094206864201392,25.0,0.06666666666666667,-0.7067413871455915,-0.7067413871455915
404,L,blink_dist,10,18000,21600,3.169160374162346,15.978427963004965,41.0,4.971303120589619,1.782678864691926,1.9392725346488566,0.3669413573246642,5.896889680868298,55.0,0.024390243902439025,0.6750279913852998,0.6750279913852998
404,L,blink_dist,11,19800,23400,2.567721924686099,10.503757340499652,41.0,4.784641541513176,1.521949314882935,1.7344676108896229,0.30092938190504626,5.588609057301294,55.0,0.024390243902439025,-0.6394964463082276,-0.6394964463082276
404,L,blink_dist,12,21600,25200,1.4364688009295117,3.971978205270766,8.0,4.399014778325123,0.7266218582624492,1.2029571578025642,0.17777160013343712,4.988143525741029,18.0,0.125,-0.6177671482023215,-0.6177671482023215
404,L,blink_dist,13,23400,27000,2.633148102920362,11.819372998155877,19.0,4.782523318605793,1.3030416119168533,1.7537766046936638,0.32332815684752014,5.648579906740144,23.0,0.05263157894736842,0.2305914589524967,0.2305914589524967
404,L,blink_dist,14,25200,28800,2.8181176204869556,17.81633300836602,26.0,5.021246006389776,1.7214199448077536,1.9981199938789185,0.3934211122951006,6.036745520960167,57.0,0.038461538461538464,-0.703434621805342,-0.703434621805342
404,M,blink_dist,0,0,3600,3.2798545673174835,38.857476806194754,117.0,6.05371775417299,3.064406853691098,2.7555711591103886,0.5824311490978158,7.7590099588023485,126.0,0.008547008547008548,-1.1873805728620586,-1.1873805728620586
404,M,blink_dist,1,1800,5400,4.111099273203971,39.35696940262263,101.0,5.812198760615102,2.6728766091768463,2.6203970350894443,0.5943875667799903,7.477052785923754,124.0,0.009900990099009901,0.7140202543180695,0.7140202543180695
404,M,blink_dist,2,3600,7200,4.33045906463247,36.71894595511752,55.0,5.617515941538288,2.3555320616535,2.496427619386102,0.5737399855408177,7.2160469485746095,59.0,0.01818181818181818,-1.0733123884879894,-1.0733123884879894
404,M,blink_dist,3,5400,9000,5.312730263488918,31.169592577336946,32.0,5.346070544554456,2.0064422925271166,2.29647974276498,0.5319224420705766,6.8386386038151565,86.0,0.03125,3.057532613433817,3.057532613433817
404,M,blink_dist,4,7200,10800,4.37556734767289,19.44825723172174,29.0,5.041161998485996,1.5853551999525985,2.03465961852599,0.4166672750901684,6.245779638293797,78.0,0.034482758620689655,-1.0846862170807203,-1.0846862170807203
404,M,blink_dist,5,9000,12600,3.1955161344373786,15.91212416585439,19.0,4.906442663378545,1.4111701369669165,1.8976656384970834,0.37296243533028417,6.038849095544494,35.0,0.05263157894736842,-0.5592653170892499,-0.5592653170892499
404,M,blink_dist,6,10800,14400,2.8619959680478737,15.038928421933864,18.0,4.800641368252272,1.284000802200927,1.7804309853283806,0.36786940142318963,5.7707056557520575,45.0,0.05555555555555555,-0.3788389069833209,-0.3788389069833209
404,M,blink_dist,7,12600,16200,3.120138660050785,13.161936355817668,18.0,4.705344070278184,1.1893872422063612,1.6615139789776217,0.3455558627185977,5.645422991678167,31.0,0.05555555555555555,0.09305186740074511,0.09305186740074511
404,M,blink_dist,8,14400,18000,2.975613254615333,13.722837756591943,34.0,4.745498422127343,1.3000034510911207,1.7078658454366342,0.3477491840590913,5.785353873632507,29.0,0.029411764705882353,-0.228001118833244,-0.228001118833244
404,M,blink_dist,9,16200,19800,2.646006519296969,14.890765636601813,33.0,4.799961081922553,1.3639480023044037,1.769931734828179,0.368061550349224,5.651958285052143,25.0,0.030303030303030304,-1.0592252735593306,-1.0592252735593306
404,M,blink_dist,10,18000,21600,2.094484282462829,5.766253574833175,12.0,4.471318746303962,0.9122852166382077,1.3202731826181013,0.22826310772163966,5.047386172006745,20.0,0.08333333333333333,0.9191580418412227,0.9191580418412227
404,M,blink_dist,11,19800,23400,1.8686234034998213,4.133008505363936,11.0,4.460332103321033,0.8500565861579371,1.3088207527239526,0.1873659016113177,5.120663473893237,16.0,0.09090909090909091,-0.6237389661226558,-0.6237389661226558
404,M,blink_dist,12,21600,25200,2.1979585946214124,5.491886078065159,11.0,4.50357568533969,0.9171516726455341,1.3789584083645843,0.2129568396037877,5.199343506032648,18.0,0.09090909090909091,-0.19864373184230552,-0.19864373184230552
404,M,blink_dist,13,23400,27000,3.7388281526161444,10.481524678620406,18.0,4.629930175504812,1.088228378081585,1.563780849541017,0.3076827773007105,5.559810089937082,28.0,0.05555555555555555,-0.533532074953893,-0.533532074953893
404,M,blink_dist,14,25200,28800,4.528350891327853,13.417073196541763,19.0,4.752842683993502,1.229359022932107,1.7234106974495575,0.35054691936775345,5.789630061170987,33.0,0.05263157894736842,0.10653091447193239,0.10653091447193239
407,H,blink_dist,0,0,3600,3.040799835028914,14.32953894804301,25.0,4.817058096415328,1.424444908189129,1.7875644649088183,0.3463195163078022,5.818161761461413,59.0,0.04,-0.6696760122685453,-0.6696760122685453
407,H,blink_dist,1,1800,5400,2.766859660049028,8.31490771797551,23.0,4.589866156787763,1.101183925099694,1.5004802431378372,0.26187369745813105,5.368224852071006,44.0,0.043478260869565216,-1.1325053131419682,-1.1325053131419682
407,H,blink_dist,2,3600,7200,2.1217664876444995,7.816581722915239,12.0,4.557945566286216,0.9933605720912093,1.4607602754886513,0.25228670586375374,5.354637692737876,29.0,0.08333333333333333,0.08294485778280755,0.08294485778280755
407,H,blink_dist,3,5400,9000,2.3466370289486878,7.943584891532969,15.0,4.636471990464839,1.0976139598950023,1.5697461630998129,0.24747976666144808,5.506209298803574,25.0,0.06666666666666667,-0.4673639093138369,-0.4673639093138369
407,H,blink_dist,4,7200,10800,2.5282521770257316,4.768734086845547,12.0,4.445229681978798,0.8720926325405358,1.2815387756287975,0.1874261598043985,5.144095717010577,17.0,0.08333333333333333,0.23748394762307337,0.23748394762307337
407,H,blink_dist,5,9000,12600,2.3563487272803365,5.684691463472502,11.0,4.49892703862661,0.8886497732905649,1.3744919199496184,0.21175916322643185,5.23960080509896,24.0,0.09090909090909091,0.2399031169574634,0.2399031169574634
407,H,blink_dist,6,10800,14400,1.9200091494421125,4.945841167368264,11.0,4.538167938931298,0.9285923036796098,1.433899188716744,0.18440624948004192,5.2063417498532,26.0,0.09090909090909091,-0.21033781713608227,-0.21033781713608227
407,H,blink_dist,7,12600,16200,1.9594788971024797,6.010287512329526,12.0,4.520539546290619,0.9464710424580419,1.4022122664349896,0.2182305804863336,5.226159102000976,19.0,0.08333333333333333,-0.45394721708371805,-0.45394721708371805
407,H,blink_dist,8,14400,18000,2.156300520198815,5.842438608837364,11.0,4.4458850056369785,0.8640068689120062,1.283536784467498,0.2149709248490685,5.131288126602422,25.0,0.09090909090909091,-0.09644170654453697,-0.09644170654453697
407,H,blink_dist,9,16200,19800,2.7091165852646384,3.8855215678875497,11.0,4.375830013280212,0.7606177211438638,1.1600171054704944,0.17583016909978538,4.991881486441246,19.0,0.09090909090909091,-0.7512275978345045,-0.7512275978345045
407,H,blink_dist,10,18000,21600,2.4423323985291248,9.29549646178598,14.0,4.683031301482702,1.14989808473643,1.6346361960247402,0.27914284966841507,5.484291680051397,24.0,0.07142857142857142,-0.854739515027934,-0.854739515027934
407,H,blink_dist,11,19800,23400,2.4074948754019454,7.639280524943438,13.0,4.570861452957523,0.9681512712075849,1.4805105226029869,0.2523802257150629,5.353458588417423,23.0,0.07692307692307693,-0.04758742882192398,-0.04758742882192398
407,H,blink_dist,12,21600,25200,2.1832792348076215,7.517339264288432,19.0,4.611759425493716,1.0646034787185084,1.5372893972349706,0.24304966199408856,5.36428225415792,23.0,0.05263157894736842,-0.1791436056110237,-0.1791436056110237
407,H,blink_dist,13,23400,27000,1.8582248580822176,10.394209775302148,15.0,4.751277013752456,1.2679451919177989,1.7175172038789241,0.28061873570925094,5.600531823640418,29.0,0.06666666666666667,0.34494315582212476,0.34494315582212476
407,H,blink_dist,14,25200,28800,2.0030377809024884,8.192982456140351,16.0,4.650973291081938,1.1262336242049293,1.5879134513453652,0.2560127591706539,5.532310873686025,21.0,0.0625,-0.34254569490936176,-0.34254569490936176
407,L,blink_dist,0,0,3600,0.8929651044942002,0.6046078992558672,11.0,4.5675675675675675,1.2848501971896968,1.3000851206315431,0.04794826846021752,4.808071748878924,12.0,0.09090909090909091,-0.1739965010529826,-0.1739965010529826
407,L,blink_dist,1,1800,5400,0.9469385068998581,0.49086584687009766,11.0,4.409090909090909,1.0146991303183774,1.1167198966693717,0.043427289442167234,4.642921550946799,10.0,0.09090909090909091,-0.013180435613645687,-0.013180435613645687
407,L,blink_dist,2,3600,7200,1.0450298546871164,0.729090242112986,7.0,4.221238938053097,0.5442298004078525,0.8251849715611668,0.05992449254096356,4.4831332189822755,9.0,0.14285714285714285,0.16472866664914868,0.16472866664914868
407,L,blink_dist,3,5400,9000,1.2209904941960623,0.97854526425955,7.0,4.274285714285714,0.5798240408670077,0.9489958969364328,0.07766875981161696,4.604110120201629,10.0,0.14285714285714285,-0.33162891514292475,-0.33162891514292475
407,L,blink_dist,4,7200,10800,1.0710182316371033,0.2430985369345722,5.0,4.075,0.2633913438213187,0.38431154412649704,0.02893320010141534,4.399092970521542,9.0,0.2,0.10805185908128925,0.10805185908128925
407,L,blink_dist,5,9000,12600,1.079260396668568,0.45140379179185103,6.0,4.178082191780822,0.4485124806505443,0.7146259800174547,0.04081874287744017,4.558677685950413,11.0,0.16666666666666666,-0.45085049769583063,-0.45085049769583063
407,L,blink_dist,6,10800,14400,0.887805764755512,0.2554829887911337,6.0,4.176470588235294,0.45183210281580016,0.7085966983474103,0.03102678973030352,4.388040712468193,8.0,0.16666666666666666,-0.114842288501756,-0.114842288501756
407,L,blink_dist,7,12600,16200,0.8697720354521714,0.18915742305149488,5.0,4.12,0.32496153618543855,0.5293608652873644,0.03465437449496805,4.363005780346821,8.0,0.2,-0.015143779336539737,-0.015143779336539737
407,L,blink_dist,8,14400,18000,1.0551249095318562,0.4980622502119414,6.0,4.217948717948718,0.5225047146747385,0.7984376950182694,0.06324179484074119,4.583104772353264,12.0,0.16666666666666666,-0.27652616256352214,-0.27652616256352214
407,L,blink_dist,9,16200,19800,1.0488634198180302,0.6411427875243665,6.0,4.21,0.5156549233741495,0.7776756718460953,0.05771807992202729,4.673242909987669,12.0,0.16666666666666666,-0.47305575537807304,-0.47305575537807304
407,L,blink_dist,10,18000,21600,1.0389760164178816,0.4704435390883235,6.0,4.25,0.5464532103585,0.8785058532996346,0.050119148281958646,4.524635669673837,10.0,0.16666666666666666,-0.0435366064056071,-0.0435366064056071
407,L,blink_dist,11,19800,23400,1.1538232384648424,0.3405551325534713,6.0,4.169491525423729,0.41792637308264274,0.6929344139595323,0.034733854779539004,4.425044091710759,8.0,0.16666666666666666,-0.35211974680612135,-0.35211974680612135
407,L,blink_dist,12,21600,25200,1.1462679205193331,0.3441933056492294,5.0,4.116666666666666,0.3210226714043033,0.5197027865043055,0.03977731947270143,4.453198127925117,10.0,0.2,0.015003481623645006,0.015003481623645006
407,L,blink_dist,13,23400,27000,0.9322272007099762,0.383811384119804,6.0,4.148148148148148,0.40402637461613716,0.6331198904379891,0.04046297248209452,4.481024667931689,13.0,0.16666666666666666,-0.2793129026593243,-0.2793129026593243
407,L,blink_dist,14,25200,28800,0.9280901450061984,0.3717536099685042,6.0,4.153846153846154,0.45508306023843215,0.6219041416291193,0.03911157771543638,4.477832512315271,9.0,0.16666666666666666,-0.18248347860090092,-0.18248347860090092
407,M,blink_dist,0,0,3600,1.8958097695532188,6.3250398105942525,13.0,4.642547928262214,1.070025835733704,1.5785582368369762,0.20990925712167297,5.364086553988589,26.0,0.07692307692307693,-0.18431621741124107,-0.18431621741124107
407,M,blink_dist,1,1800,5400,1.5982292762660308,2.537553594451163,10.0,4.370051635111876,0.7484222054950311,1.1494007157051063,0.12870663721678643,4.877106608596857,13.0,0.1,0.21667805240477347,0.21667805240477347
407,M,blink_dist,2,3600,7200,1.3613309243636003,0.5890221293971323,6.0,4.114754098360656,0.38828587810908316,0.5132369386528434,0.060932109919508134,4.44796573875803,14.0,0.16666666666666666,-0.18242649335865077,-0.18242649335865077
407,M,blink_dist,3,5400,9000,1.8099698569968394,1.434963331656562,8.0,4.234375,0.5793905068043487,0.858515021420161,0.09946343314535844,4.661083540115798,14.0,0.125,-0.4369176858179422,-0.4369176858179422
407,M,blink_dist,4,7200,10800,1.3371315444747065,0.6414927548350874,7.0,4.228346456692913,0.5202812137537577,0.8477161537030148,0.05973527971234366,4.543843707405725,11.0,0.14285714285714285,-0.32098234151684363,-0.32098234151684363
407,M,blink_dist,5,9000,12600,1.6928065226832847,1.5257883711713751,7.0,4.312,0.5899062072341092,1.0312891233339991,0.08775878012417672,4.735488798370672,13.0,0.14285714285714285,-0.3003966066950509,-0.3003966066950509
407,M,blink_dist,6,10800,14400,1.4786859369337007,3.2017975003510744,10.0,4.391111111111111,0.7569399082432817,1.187546779164551,0.14693269095740658,4.973308957952468,28.0,0.1,-0.33509617835676575,-0.33509617835676575
407,M,blink_dist,7,12600,16200,2.488606724296864,9.10724715819742,12.0,4.7045755968169765,1.14118941522446,1.660741153480948,0.26703637378930545,5.550530318190915,26.0,0.08333333333333333,0.14429356240157032,0.14429356240157032
407,M,blink_dist,8,14400,18000,5.16261424223755,19.246608189848548,19.0,5.088009160804842,1.658208866547767,2.0767210290412814,0.39601646014139635,6.203838790199453,61.0,0.05263157894736842,1.0208393928325168,1.0208393928325168
407,M,blink_dist,9,16200,19800,3.3081271101579732,15.15801163660945,15.0,4.897503900156006,1.3546971535769943,1.8887334884733882,0.35051061055986094,5.924951028403526,55.0,0.06666666666666667,-0.06463788261746505,-0.06463788261746505
407,M,blink_dist,10,18000,21600,2.3282359163203012,10.485115841903417,12.0,4.690914671577655,1.1407609323121222,1.6417836164488797,0.2872584197202231,5.583477797039605,31.0,0.08333333333333333,0.5850471728269686,0.5850471728269686
407,M,blink_dist,11,19800,23400,2.842412839504122,11.900600733918145,17.0,4.7900927391992765,1.2994531989052913,1.7628895145725179,0.31991469465970584,5.782478415439309,44.0,0.058823529411764705,-1.1800381869625776,-1.1800381869625776
407,M,blink_dist,12,21600,25200,2.138889745229248,8.863746686083417,17.0,4.663654223968566,1.1612756375521776,1.6034995870307536,0.2681714648444793,5.419074926431751,24.0,0.058823529411764705,0.13291810631812678,0.13291810631812678
407,M,blink_dist,13,23400,27000,2.5034617891791555,16.991750090921272,43.0,5.1282495667244365,1.9708342191723869,2.091834119503971,0.3683396180668542,6.156171687549986,49.0,0.023255813953488372,-0.9865040840670894,-0.9865040840670894
407,M,blink_dist,14,25200,28800,5.681407416766512,24.285601826340233,43.0,5.209263056326137,1.8014095647259258,2.186972912243937,0.4619760798911393,6.447742745590457,38.0,0.023255813953488372,-0.34593621507132644,-0.34593621507132644
408,H,blink_dist,0,0,3600,1.0233063189452711,2.667644855144855,11.0,4.404639175257732,0.8177660818662459,1.2014911425497168,0.13458416583416583,4.778054862842893,15.0,0.09090909090909091,-0.1983592250609947,-0.1983592250609947
408,H,blink_dist,1,1800,5400,1.0958405658597705,3.4735077618249397,15.0,4.565134099616858,1.1714069876333786,1.4376222686832383,0.15838495736462357,4.923425464431355,17.0,0.06666666666666667,-0.1861712494460809,-0.1861712494460809
408,H,blink_dist,2,3600,7200,1.310919542892083,4.139149506518826,16.0,4.553619302949062,1.0985947811360948,1.4373609215239285,0.18383696844157427,5.0544388609715245,20.0,0.0625,-0.40970698844100606,-0.40970698844100606
408,H,blink_dist,3,5400,9000,1.5271645626517154,3.704710902853318,9.0,4.421972534332085,0.8311756961962138,1.2365901241087258,0.16819722198979165,4.925267993874426,21.0,0.1111111111111111,-0.16034353351483327,-0.16034353351483327
408,H,blink_dist,4,7200,10800,1.7818570460368044,6.6461681891119015,11.0,4.554054054054054,0.9580395764278042,1.4562047770414395,0.22589710720464712,5.219989642672191,19.0,0.09090909090909091,-0.426481702144992,-0.426481702144992
408,H,blink_dist,5,9000,12600,1.6622817603283833,5.565645209336293,11.0,4.489922480620155,0.9143002544192306,1.353310109137254,0.21672095861320112,5.129292699567888,19.0,0.09090909090909091,-0.25247220221353217,-0.25247220221353217
408,H,blink_dist,6,10800,14400,2.1455345914561654,6.8574534138370025,13.0,4.5374384236453205,1.0128861070785942,1.4249338215341838,0.24792102500725874,5.2298390263054575,24.0,0.07692307692307693,-0.7620063075940291,-0.7620063075940291
408,H,blink_dist,7,12600,16200,2.0515323798085485,11.759942695194495,16.0,4.787321711568938,1.3203626342949324,1.7567418711207807,0.3183881466255567,5.589461454346638,37.0,0.0625,-0.6329734190030677,-0.6329734190030677
408,H,blink_dist,8,14400,18000,1.4007687256478765,9.017617880152802,13.0,4.662735849056604,1.123055160038221,1.6065233053529429,0.2686071041678545,5.374900171135197,22.0,0.07692307692307693,0.03285902801742526,0.03285902801742526
408,H,blink_dist,9,16200,19800,1.1203114899454372,4.016424996791993,9.0,4.443217665615142,0.8485056784580872,1.2749934333302546,0.180126039037883,4.910981535471332,15.0,0.1111111111111111,-0.276416479081929,-0.276416479081929
408,H,blink_dist,10,18000,21600,1.1877662630614756,6.020710059171598,16.0,4.540567951318458,1.0421527892070297,1.4216271920268064,0.21864577729962345,5.1224007561436675,19.0,0.0625,-0.2820138143076066,-0.2820138143076066
408,H,blink_dist,11,19800,23400,0.908986212103811,3.9555766425922996,16.0,4.62217659137577,1.1768475734415678,1.5274980352483916,0.15471734584497512,5.067338129496403,17.0,0.0625,-0.04982706087750043,-0.04982706087750043
408,H,blink_dist,12,21600,25200,1.0319957332420093,3.521235760277365,11.0,4.5409181636726546,0.9290296889569715,1.4295394320498596,0.1519626052501238,5.009183673469388,32.0,0.09090909090909091,-0.1515045265788277,-0.1515045265788277
408,H,blink_dist,13,23400,27000,1.1520022950276583,4.638038851374773,12.0,4.471925133689839,0.9481267964795183,1.3143193330091063,0.17817972573868915,4.9827452500969365,16.0,0.08333333333333333,-0.2900489548891745,-0.2900489548891745
408,H,blink_dist,14,25200,28800,1.096607278885953,4.094504245990707,13.0,4.461904761904762,0.9649292385321061,1.2872104617088396,0.16933710107351463,4.972412318220702,18.0,0.07692307692307693,0.7500571287600378,0.7500571287600378
408,L,blink_dist,0,0,3600,1.0176518103771732,1.9824203421754827,9.0,4.310580204778157,0.6472235303005451,1.0262104474828009,0.11390676502903782,4.6698841698841695,12.0,0.1111111111111111,-0.08673231590630245,-0.08673231590630245
408,L,blink_dist,1,1800,5400,0.8147923221996486,1.237012350519506,7.0,4.321917808219178,0.6818079461522082,1.0375511154104664,0.08078808076847677,4.586533110740122,12.0,0.14285714285714285,-0.1660166064356405,-0.1660166064356405
408,L,blink_dist,2,3600,7200,1.029392103590597,1.4291256109861121,8.0,4.263888888888889,0.6381336115366747,0.9205319919785578,0.08474668321824812,4.638216560509554,12.0,0.125,-0.14745810440839568,-0.14745810440839568
408,L,blink_dist,3,5400,9000,0.9709941280963426,1.2304857786770633,7.0,4.274285714285714,0.6086720238790829,0.9258685028309704,0.0859777262333646,4.600792253521127,12.0,0.14285714285714285,-0.10387466619690813,-0.10387466619690813
408,L,blink_dist,4,7200,10800,1.0021418447850177,2.4179537448795805,8.0,4.409883720930233,0.7377022689689747,1.2172034623808015,0.11729546215272797,4.691743704175964,10.0,0.125,-0.19534101557050967,-0.19534101557050967
408,L,blink_dist,5,9000,12600,1.0342958723205575,5.833024462564863,12.0,4.594890510948905,1.0885930003321898,1.4975158536443878,0.20268872003953545,5.148881914476266,18.0,0.08333333333333333,0.0682401416169203,0.0682401416169203
408,L,blink_dist,6,10800,14400,1.9168784045851994,8.758728730230155,16.0,4.65294378043382,1.1384673814781097,1.5863349546197008,0.26711997733446663,5.356951871657754,20.0,0.0625,-0.7996077539552567,-0.7996077539552567
408,L,blink_dist,7,12600,16200,1.5946512821438446,4.978313784019313,12.0,4.522292993630574,0.9840418320668843,1.3950570460452771,0.19710416395380284,5.086596872172676,17.0,0.08333333333333333,-0.6157003468930062,-0.6157003468930062
408,L,blink_dist,8,14400,18000,1.019456780626312,5.21442113344719,13.0,4.571428571428571,1.056303498083183,1.4654116011010014,0.19426382338655343,5.152088094743403,19.0,0.07692307692307693,-0.27094000114500144,-0.27094000114500144
408,L,blink_dist,9,16200,19800,1.046898717688437,3.7716848995285392,13.0,4.560885608856089,1.098044870089635,1.4443455279769541,0.16773470041653316,5.0382676443629695,18.0,0.07692307692307693,0.009122161145571827,0.009122161145571827
408,L,blink_dist,10,18000,21600,1.2473622276591405,2.910706739573062,8.0,4.388030888030888,0.720635969001087,1.1835712292914886,0.1542431266087001,4.931422722620266,14.0,0.125,-0.2818390022411274,-0.2818390022411274
408,L,blink_dist,11,19800,23400,1.0085470931912528,3.116883116883117,9.0,4.442437923250564,0.7854233047161123,1.2777815966562174,0.13892144440924928,5.005135520684736,17.0,0.1111111111111111,0.037965956662623444,0.037965956662623444
408,L,blink_dist,12,21600,25200,0.8256061705064347,2.099173873507845,9.0,4.392712550607287,0.7816386881611838,1.1798038746277113,0.10898291640064232,4.843508168529665,17.0,0.1111111111111111,-0.11705370764450679,-0.11705370764450679
408,L,blink_dist,13,23400,27000,0.8229067017267495,1.5703249349741837,7.0,4.257894736842105,0.5820253109649782,0.913211911013109,0.10351721728327963,4.694542253521127,14.0,0.14285714285714285,-0.06314354177148716,-0.06314354177148716
408,L,blink_dist,14,25200,28800,0.9982284137138764,2.571446858898454,10.0,4.3432432432432435,0.6924459352650948,1.088463894337351,0.13012449195122733,4.762518301610542,14.0,0.1,-0.12715149757650954,-0.12715149757650954
408,M,blink_dist,0,0,3600,1.05306436827399,2.636249184704294,10.0,4.4909560723514215,0.8902549445453298,1.3592941195427868,0.13530116644167034,4.926815796741232,15.0,0.1,-0.3577719823494492,-0.3577719823494492
408,M,blink_dist,1,1800,5400,1.0248077986215458,3.9449484086162285,9.0,4.5115864527629235,0.936651874767005,1.3685800201838805,0.16790579506842482,5.057511737089202,20.0,0.1111111111111111,0.012006902529691419,0.012006902529691419
408,M,blink_dist,2,3600,7200,1.0838287284495738,2.5289965071551737,10.0,4.4,0.7903261254794721,1.1924001053670168,0.13556511871251087,4.7921333680646,18.0,0.1,-0.3756477389588666,-0.3756477389588666
408,M,blink_dist,3,5400,9000,1.056290952259176,1.2762933055089296,9.0,4.262626262626263,0.6526690900666677,0.901874657983242,0.09123077621013474,4.622988505747126,11.0,0.1111111111111111,0.08468819749568562,0.08468819749568562
408,M,blink_dist,4,7200,10800,1.1308378208674048,0.8828182383185491,7.0,4.2517006802721085,0.6043328520955875,0.855963237197204,0.07438273348776767,4.563258232235702,12.0,0.14285714285714285,0.08315357219085878,0.08315357219085878
408,M,blink_dist,5,9000,12600,0.8265326154130722,0.8561213643830322,7.0,4.259615384615385,0.620099128361008,0.8763094199143678,0.06956227654845878,4.567893401015229,11.0,0.14285714285714285,-0.009609846763330905,-0.009609846763330905
408,M,blink_dist,6,10800,14400,0.6845309736888049,0.9427138023567845,7.0,4.344086021505376,0.6306614321985033,1.0710354630360819,0.07238361918095905,4.585365853658536,12.0,0.14285714285714285,-0.07181992320942054,-0.07181992320942054
408,M,blink_dist,7,12600,16200,0.739350955060873,1.1169442824119082,7.0,4.2727272727272725,0.5749595745760685,0.950396417740511,0.07919070149285977,4.596238244514106,13.0,0.14285714285714285,-0.03759834071285219,-0.03759834071285219
408,M,blink_dist,8,14400,18000,0.91248434028577,1.9430732065959457,9.0,4.352941176470588,0.7309282149180724,1.1143207702365554,0.11452753562300878,4.780781877968579,16.0,0.1111111111111111,0.06670469876751772,0.06670469876751772
408,M,blink_dist,9,16200,19800,0.9380893607226654,2.2169626589930016,8.0,4.354515050167224,0.7092824691270407,1.1146814639758311,0.12447853700897342,4.782793588485443,22.0,0.125,-0.014885286905032193,-0.014885286905032193
408,M,blink_dist,10,18000,21600,0.815415276533422,1.0950263472350095,6.0,4.234848484848484,0.534560829161156,0.8423774300454716,0.08668142373014164,4.5760082730093075,12.0,0.16666666666666666,0.02603254996776829,0.02603254996776829
408,M,blink_dist,11,19800,23400,0.9328821014198407,1.4091741862575553,7.0,4.377659574468085,0.653086657330248,1.1456497241971824,0.08636542643357362,4.631772268135904,12.0,0.14285714285714285,-0.1439177259854508,-0.1439177259854508
408,M,blink_dist,12,21600,25200,1.020031815395949,1.4438058848400381,7.0,4.288372093023256,0.5871528869975643,0.9790418726295,0.09055888754913168,4.793203481143804,20.0,0.14285714285714285,0.06848743307024756,0.06848743307024756
408,M,blink_dist,13,23400,27000,0.8588623480171124,0.7513623091372352,6.0,4.252631578947368,0.5019629060027951,0.8928757495449755,0.05954174338373412,4.589964157706093,15.0,0.16666666666666666,-0.15333679020443178,-0.15333679020443178
408,M,blink_dist,14,25200,28800,1.0935883463453586,1.7381397522785698,8.0,4.311594202898551,0.6290172302158515,1.0346403584166068,0.10703435382098621,4.660095389507155,15.0,0.125,-0.24868209090281704,-0.24868209090281704
409,H,blink_dist,0,0,3600,7.555861033902932,71.35956400596997,336.0,9.391658783595794,9.845051310956045,3.867028045731078,0.8108941429157313,12.751587380738671,250.0,0.002976190476190476,-3.9421361812130233,-3.9421361812130233
409,H,blink_dist,1,1800,5400,8.960559163809995,71.5766299745978,336.0,9.56403782483386,10.394190514127287,3.8812729461158795,0.8146860377022149,13.02975053456878,250.0,0.002976190476190476,-0.2730601292348416,-0.2730601292348416
409,H,blink_dist,2,3600,7200,8.31640840950015,70.96906163089074,277.0,9.450343998567739,10.578241242120331,3.830773702213393,0.812585470413792,12.77523288994912,136.0,0.0036101083032490976,-1.5734037176056364,-1.5734037176056364
409,H,blink_dist,3,5400,9000,9.418270867253064,69.23002560928039,198.0,9.081829710547979,9.066133996565766,3.7769464877448,0.7992478333870393,12.607289994649545,132.0,0.005050505050505051,3.756302528071676,3.756302528071676
409,H,blink_dist,4,7200,10800,5.369035751349215,51.9439023229246,190.0,7.160351049868766,6.222554659538494,3.191315611950596,0.6826045435072353,9.329965029277814,92.0,0.005263157894736842,-1.8249776420238903,-1.8249776420238903
409,H,blink_dist,5,9000,12600,6.381432382859427,59.8091657509593,189.0,7.8185596021072605,7.104963865783154,3.439329992378493,0.737023446280309,10.424396374707923,118.0,0.005291005291005291,-1.9380247965596658,-1.9380247965596658
409,H,blink_dist,6,10800,14400,7.004514502137292,65.64488947976932,296.0,8.388378937552817,7.782307983790502,3.63294399590617,0.7739574520486093,11.472779514915914,151.0,0.0033783783783783786,-0.8156173172616961,-0.8156173172616961
409,H,blink_dist,7,12600,16200,7.708436926113303,61.098954383260185,280.0,7.9003000910990835,7.118851421868657,3.4773317909476726,0.7440093579175525,10.793581842777694,116.0,0.0035714285714285713,-1.0741869524811472,-1.0741869524811472
409,H,blink_dist,8,14400,18000,6.868997974759488,54.612320449825944,225.0,7.419080713947244,6.621104846404875,3.3026146983759967,0.7014856999346561,9.8753396405539,108.0,0.0044444444444444444,-0.8233225452767196,-0.8233225452767196
409,H,blink_dist,9,16200,19800,6.0973652066587105,65.39734101774837,294.0,8.890558780583355,9.12676237698363,3.7336363482244828,0.7711166415613334,11.718633676373987,161.0,0.003401360544217687,1.3584731247783772,1.3584731247783772
409,H,blink_dist,10,18000,21600,6.570954259018981,70.6320768935324,339.0,9.265960839339243,10.308534980462353,3.806294125422285,0.808994977806084,12.397999478448758,171.0,0.0029498525073746312,-3.3265141328681533,-3.3265141328681533
409,H,blink_dist,11,19800,23400,6.374260421427009,62.53821480479126,229.0,7.888888888888889,7.02000673287387,3.4909701870886396,0.7598080489149501,10.376407378255363,129.0,0.004366812227074236,-0.7645020589394326,-0.7645020589394326
409,H,blink_dist,12,21600,25200,5.977438510813289,69.21625687769397,283.0,9.58796964649269,10.404715488251837,3.894272085887316,0.7956920717124022,12.918629875482667,203.0,0.0035335689045936395,-0.15924407042595018,-0.15924407042595018
409,H,blink_dist,13,23400,27000,5.72324119625761,65.46665810780262,283.0,8.536300447614542,8.050763150360325,3.6665591795192776,0.7724551566690762,11.36808165444725,163.0,0.0035335689045936395,-1.6575657288418424,-1.6575657288418424
409,H,blink_dist,14,25200,28800,5.052894413553187,58.25893986141318,151.0,7.597559467370243,5.939608175154093,3.399262156004047,0.725979654544535,9.989929747482437,102.0,0.006622516556291391,-0.32503459471472235,-0.32503459471472235
409,L,blink_dist,0,0,3600,6.103626696372537,49.85096187816821,115.0,6.81339866943272,4.26326026801357,3.1231219600279685,0.6588728059730397,9.015164536112007,116.0,0.008695652173913044,-1.320532164545615,-1.320532164545615
409,L,blink_dist,1,1800,5400,7.790011997461541,56.9665752840414,231.0,7.5370174439109086,5.298549297958684,3.4018395424965115,0.7088988359480247,10.293263863044288,203.0,0.004329004329004329,4.034364069770633,4.034364069770633
409,L,blink_dist,2,3600,7200,8.535097327030739,58.83886446619094,247.0,7.697179650394164,5.916885476233138,3.44728020970458,0.7229979469961954,10.56502536474642,225.0,0.004048582995951417,-3.1533345416808305,-3.1533345416808305
409,L,blink_dist,3,5400,9000,7.978591455526412,75.07802818424061,312.0,10.941965979050565,13.307023338854984,4.110073257550972,0.8316443075962114,15.046835099157837,276.0,0.003205128205128205,-2.1897975333325155,-2.1897975333325155
409,L,blink_dist,4,7200,10800,6.905352950750987,76.80709862621411,318.0,10.715590408881143,11.641234050210825,4.131765935981014,0.8455653248023983,14.883471427698948,283.0,0.0031446540880503146,0.32646302364269375,0.32646302364269375
409,L,blink_dist,5,9000,12600,7.030438986335097,63.93488435497796,451.0,8.092106398274623,7.259911261358652,3.5528212381166715,0.7589721452265188,11.12586178184846,146.0,0.0022172949002217295,-0.331623986563147,-0.331623986563147
409,L,blink_dist,6,10800,14400,6.223617284970141,52.77071265229231,294.0,7.030603521969567,5.480426039944196,3.1885273324491274,0.683602863236566,9.488324457189677,114.0,0.003401360544217687,2.9958565770380496,2.9958565770380496
409,L,blink_dist,7,12600,16200,9.443013335535504,59.65299849960841,157.0,7.359572603197129,5.67325560936717,3.309260851615879,0.7308353307543062,10.108784408231068,261.0,0.006369426751592357,-2.4854385188713537,-2.4854385188713537
409,L,blink_dist,8,14400,18000,9.683202164175302,71.55485833432309,263.0,9.481878989245432,10.767504093005558,3.832593950687724,0.8071479472663209,13.182977920870771,299.0,0.0038022813688212928,-3.8687939861102696,-3.8687939861102696
409,L,blink_dist,9,16200,19800,9.010890679341285,72.86616819646675,408.0,10.971467463833877,15.978778781328755,4.021615261679913,0.8205010937272879,14.757640007014299,341.0,0.0024509803921568627,-2.8642771031235412,-2.8642771031235412
409,L,blink_dist,10,18000,21600,12.019999709287978,70.5786360598051,492.0,9.393229811467581,11.834690579258554,3.788874788411995,0.8051397255322513,13.082494817757816,333.0,0.0020325203252032522,-2.6344777889865,-2.6344777889865
409,L,blink_dist,11,19800,23400,12.843864802297455,74.8345021508813,639.0,9.963671286407365,12.061833455892456,3.956673535742084,0.8329102872940682,14.119876876370382,256.0,0.001564945226917058,-0.6273354938333427,-0.6273354938333427
409,L,blink_dist,12,21600,25200,10.02221710725245,67.6241552977177,321.0,8.777612279939593,10.049130774050159,3.6656914984248394,0.7873860448807855,12.140899931190406,206.0,0.003115264797507788,-0.7020173119425805,-0.7020173119425805
409,L,blink_dist,13,23400,27000,11.293203680030848,67.04841515678703,277.0,8.682032967032967,9.918032910779088,3.6294501483098798,0.7863919887978954,11.96211192151294,188.0,0.0036101083032490976,-1.2399624023478744,-1.2399624023478744
409,L,blink_dist,14,25200,28800,12.442410667150547,64.63035139340347,218.0,8.140251592665653,7.118218889523819,3.5536611556716076,0.769395190485727,11.180497905959388,133.0,0.0045871559633027525,3.6553102895293907,3.6553102895293907
409,M,blink_dist,0,0,3600,10.744844134429712,67.605696616519,379.0,9.109246054002083,9.022965842092772,3.7962527944689093,0.7815491764286139,12.65666377774568,211.0,0.002638522427440633,-4.502530174585588,-4.502530174585588
409,M,blink_dist,1,1800,5400,9.168194635213117,67.65933648562478,312.0,8.695633676668159,8.132734698757167,3.7124389195918237,0.7807069658207515,12.137202058504876,227.0,0.003205128205128205,1.0542656057464932,1.0542656057464932
409,M,blink_dist,2,3600,7200,10.195606063486075,73.22554618162448,370.0,9.77404851526558,10.492802490424706,3.938400616843201,0.8209025607281899,13.718497185495483,227.0,0.002702702702702703,-0.5616780832493898,-0.5616780832493898
409,M,blink_dist,3,5400,9000,7.683231235377544,76.99975883976981,457.0,11.505187624254473,13.766542025900906,4.249040559083144,0.8471262432225659,15.710465945675013,207.0,0.002188183807439825,-1.1663210847193872,-1.1663210847193872
409,M,blink_dist,4,7200,10800,6.509457485043905,65.60178050863261,299.0,9.097321945077756,9.691634516656633,3.7780934411750757,0.7722453156133136,12.302912431587178,157.0,0.0033444816053511705,-1.5423125192641514,-1.5423125192641514
409,M,blink_dist,5,9000,12600,8.299029580906673,67.27904380629764,177.0,8.51202941606195,7.069112446990435,3.680304785444833,0.7837448995303719,11.904591366885443,186.0,0.005649717514124294,-0.7869230526520122,-0.7869230526520122
409,M,blink_dist,6,10800,14400,7.7627777118440076,72.60817139517849,380.0,9.631701059067584,11.571874283804508,3.863757818686867,0.8159121212869453,13.332330245616395,227.0,0.002631578947368421,-2.17122071901446,-2.17122071901446
409,M,blink_dist,7,12600,16200,7.260389001437747,51.58073287924389,106.0,6.843544761960361,4.428866379505558,3.1240480571370806,0.6730390992132637,9.142872086072924,174.0,0.009433962264150943,-0.2497369291597855,-0.2497369291597855
409,M,blink_dist,8,14400,18000,7.727940188716827,51.51455022353955,222.0,6.83217741714411,4.684112902181807,3.113694484131966,0.6776297159817861,9.04316884119935,124.0,0.0045045045045045045,-3.0135191728262742,-3.0135191728262742
409,M,blink_dist,9,16200,19800,7.593190374365205,68.87609887856011,225.0,9.191426646454438,9.422395130806041,3.791732499606001,0.79463829303849,12.459323515345416,208.0,0.0044444444444444444,-2.6476036203993374,-2.6476036203993374
409,M,blink_dist,10,18000,21600,7.4940288229789,71.11622186745332,305.0,9.91503967192654,11.074822451161872,3.9239242512070875,0.8089906919343597,13.454634077172583,139.0,0.003278688524590164,2.678771191973337,2.678771191973337
409,M,blink_dist,11,19800,23400,7.242562923578998,55.16915883728111,155.0,7.493050563144021,6.705596527844077,3.3198539659021957,0.6967248908296944,10.152133044107014,156.0,0.0064516129032258064,-0.3992710692480701,-0.3992710692480701
409,M,blink_dist,12,21600,25200,5.4774777249899405,29.02801552562282,88.0,5.550772319188089,2.519593898960537,2.436207172008344,0.5015674346853611,7.111680793880504,71.0,0.011363636363636364,-1.2955549395692545,-1.2955549395692545
409,M,blink_dist,13,23400,27000,8.320864928964836,55.94507483774118,272.0,7.240751323014236,5.262238172074818,3.2789312114430444,0.7090801590242011,9.889135789248233,169.0,0.003676470588235294,1.0840914091480676,1.0840914091480676
409,M,blink_dist,14,25200,28800,7.214450112618962,68.67931629987159,331.0,8.907819544553886,8.626760053617934,3.769033594537186,0.7914659256963202,12.369325259515572,157.0,0.0030211480362537764,-2.469348442970222,-2.469348442970222
410,H,blink_dist,0,0,3600,12.430734266689306,80.02724147900672,255.0,11.066939138160818,10.665487455401443,4.236748260150229,0.8659873429920653,15.843267704966207,267.0,0.00392156862745098,-2.7550791961562213,-2.7550791961562213
410,H,blink_dist,1,1800,5400,13.836742198016099,74.85442967833691,346.0,10.124047589308018,11.489538031034556,4.006729863711071,0.8310905191123097,14.540378692249432,251.0,0.002890173410404624,-1.1042697504372054,-1.1042697504372054
410,H,blink_dist,2,3600,7200,12.676593577085248,71.8653960285629,266.0,9.103382228535857,8.920886483969594,3.800093346710126,0.8125752094524185,12.93212810331689,231.0,0.0037593984962406013,2.7826749289929222,2.7826749289929222
410,H,blink_dist,3,5400,9000,14.402720170031392,79.2811426657543,376.0,11.133203550848778,12.041920309014417,4.22618277502199,0.8603192259790325,15.829357629677999,227.0,0.0026595744680851063,-2.6452985585516013,-2.6452985585516013
410,H,blink_dist,4,7200,10800,11.821532847822958,66.7181922100945,376.0,8.538927126206206,7.031997065175123,3.705102863742819,0.7761172350240377,11.997524855877684,155.0,0.0026595744680851063,-1.642446429615763,-1.642446429615763
410,H,blink_dist,5,9000,12600,10.15623215495398,57.58598996587138,136.0,7.425150064892927,5.989753257051423,3.3212867771356476,0.7173607725335388,10.18510372239466,184.0,0.007352941176470588,-2.149330165101073,-2.149330165101073
410,H,blink_dist,6,10800,14400,18.674094412083655,79.61559845691949,411.0,11.221493501796349,13.614767967156409,4.140098342807814,0.8613785080703795,16.00109636926988,545.0,0.0024330900243309003,-2.8536587023066495,-2.8536587023066495
410,H,blink_dist,7,12600,16200,15.190214313861325,85.69699531642028,629.0,17.49786366076221,34.31949959328337,4.7144044038994215,0.9040922961738498,24.652354054364032,626.0,0.001589825119236884,0.5854983346332061,0.5854983346332061
410,H,blink_dist,8,14400,18000,12.263574853793417,76.69011149317495,690.0,10.80121808042266,12.871059941463697,4.127168936783165,0.8445119568615193,15.320585524916709,185.0,0.0014492753623188406,-2.8092685535036104,-2.8092685535036104
410,H,blink_dist,9,16200,19800,12.237969833356521,50.810473571343735,112.0,6.646542598599966,3.879349822214703,3.057088107111961,0.6759619764617435,8.985426028419244,176.0,0.008928571428571428,-0.5967478926356985,-0.5967478926356985
410,H,blink_dist,10,18000,21600,4.3533486431016355,11.979481986196573,19.0,4.762800875273523,1.2706823877704714,1.7300693613456637,0.32466674738846635,5.67338826018658,29.0,0.05263157894736842,-1.7675696126936309,-1.7675696126936309
410,H,blink_dist,11,19800,23400,9.372140300177733,40.6551772329235,128.0,6.06018494995173,2.8989660944513505,2.775127542393919,0.5995999945461549,7.96645267937004,98.0,0.0078125,-2.558081391446233,-2.558081391446233
410,H,blink_dist,12,21600,25200,22.692229730862962,76.68368945091842,248.0,9.802078459600503,10.407987080510187,3.9095138526888653,0.8456102685751894,14.287216203037476,293.0,0.004032258064516129,-6.592658869273173,-6.592658869273173
410,H,blink_dist,13,23400,27000,15.39106118034512,70.28693713702161,226.0,8.175742723662133,7.048622765536741,3.5780755294874447,0.8059189087089904,11.684002256911793,218.0,0.004424778761061947,1.2151833233551415,1.2151833233551415
410,H,blink_dist,14,25200,28800,10.37206187182443,53.32598230208426,144.0,6.927576824583867,5.639735337657286,3.113080835760877,0.6930608215701433,9.35348339360685,146.0,0.006944444444444444,3.1624546105476803,3.1624546105476803
410,L,blink_dist,0,0,3600,15.204845754110979,82.71390422083039,409.0,14.24220827379122,23.834493461055747,4.450326607724627,0.8833772105834868,20.119994736023543,424.0,0.0024449877750611247,-4.856135713504224,-4.856135713504224
410,L,blink_dist,1,1800,5400,12.738505653949506,70.54030568293389,391.0,9.789336303205374,13.033582997654115,3.843049569618347,0.8044522020882942,13.58428441357698,420.0,0.0025575447570332483,1.8405551309384234,1.8405551309384234
410,L,blink_dist,2,3600,7200,11.545963407662434,59.359271976691744,162.0,7.27346544388127,4.864658853002836,3.309762838360174,0.7324904473226218,10.004137931034483,128.0,0.006172839506172839,0.38661529973072706,0.38661529973072706
410,L,blink_dist,3,5400,9000,14.603391331446687,71.0717270225454,229.0,8.983022963239462,8.060546352878493,3.7869200251998,0.8083946955079826,12.829517246168,221.0,0.004366812227074236,0.9659441509345115,0.9659441509345115
410,L,blink_dist,4,7200,10800,13.532612697630265,64.73298174710342,229.0,7.774307868959358,6.9080051954784025,3.426913927403405,0.7706371988933061,10.921180288381118,244.0,0.004366812227074236,-3.2396418377213214,-3.2396418377213214
410,L,blink_dist,5,9000,12600,12.436979783215087,50.33328367256774,111.0,6.481270775795061,3.75264150636966,2.9772518040683176,0.6772349913179282,8.59868893092427,144.0,0.009009009009009009,-1.5727361161607327,-1.5727361161607327
410,L,blink_dist,6,10800,14400,10.029996049830597,49.07035371946102,68.0,6.469022275408872,3.4565540644478676,2.978018558213373,0.6670353400952659,8.553447624493296,118.0,0.014705882352941176,-1.4780655036407118,-1.4780655036407118
410,L,blink_dist,7,12600,16200,5.454955529845822,35.48507058420471,86.0,5.991792336217553,3.1093036953400484,2.7136910435638035,0.5601481082378985,7.4930766368319,72.0,0.011627906976744186,-1.0622905999750325,-1.0622905999750325
410,L,blink_dist,8,14400,18000,8.177553485820841,47.982537527712395,145.0,6.3414564886284435,3.3819682959495463,2.9226451465378562,0.6611245128966413,8.556304114264046,90.0,0.006896551724137931,0.8655354537322851,0.8655354537322851
410,L,blink_dist,9,16200,19800,10.288585991098781,36.21707891125201,252.0,5.816150988556184,3.7108735625415794,2.595699812360507,0.569882598786554,7.642605065636744,139.0,0.003968253968253968,-2.9067008818174607,-2.9067008818174607
410,L,blink_dist,10,18000,21600,6.732235538714136,25.678397801984005,170.0,5.431991567958241,2.9194572621317314,2.3256496684302266,0.4777944390005481,6.8577047505533795,103.0,0.0058823529411764705,-0.7588732334800091,-0.7588732334800091
410,L,blink_dist,11,19800,23400,7.936869488351633,53.89595622344718,151.0,6.914766712282786,4.906588623126495,3.138292840875305,0.7019946184947483,9.101659534495356,143.0,0.006622516556291391,1.892385347189143,1.892385347189143
410,L,blink_dist,12,21600,25200,10.242838780536543,64.63496410147648,538.0,8.553948074462376,8.31497328280061,3.6451436861454307,0.7627633130189068,11.794492470551356,233.0,0.0018587360594795538,-3.5952289602939445,-3.5952289602939445
410,L,blink_dist,13,23400,27000,7.640662689236356,40.01898219478491,48.0,6.000501535953859,2.7242850059539565,2.742685826367578,0.5901246595016547,7.922037465796675,83.0,0.020833333333333332,-1.255358485760395,-1.255358485760395
410,L,blink_dist,14,25200,28800,8.917495448839396,60.428029712742195,184.0,8.077118299135682,6.368897165250308,3.552405465131355,0.7376652175704262,10.867619311509586,184.0,0.005434782608695652,-0.544831090007127,-0.544831090007127
410,M,blink_dist,0,0,3600,8.911313825065797,28.674904820287797,117.0,5.44503063308373,2.2421197338752576,2.3717124607217617,0.5028553913660708,7.033344197357535,66.0,0.008547008547008548,-2.1491294868023685,-2.1491294868023685
410,M,blink_dist,1,1800,5400,2.120840042737862,6.557710412351723,15.0,4.5778128286014725,1.0376669671348895,1.4863928003906333,0.2279194125400113,5.301681850035038,23.0,0.06666666666666667,-0.6620582935033138,-0.6620582935033138
410,M,blink_dist,2,3600,7200,4.5924512949543415,22.54112900420855,37.0,5.111041009463722,1.7218134344492568,2.09711491095284,0.44583840562067406,6.355288926349191,45.0,0.02702702702702703,0.8676400899198314,0.8676400899198314
410,M,blink_dist,3,5400,9000,3.9648008438954707,22.83132433042189,103.0,5.511670881151527,3.3290803047358635,2.3408313032612202,0.4483151771038128,6.776214833759591,101.0,0.009708737864077669,-0.8475290685880685,-0.8475290685880685
410,M,blink_dist,4,7200,10800,1.64736280269391,6.688450835329138,30.0,4.823776223776224,1.6564330217424,1.7498347779359753,0.2272599458951063,5.5012322497359465,45.0,0.03333333333333333,-0.19401163139368358,-0.19401163139368358
410,M,blink_dist,5,9000,12600,1.9455023575626895,8.43774117801606,13.0,4.563499111900533,1.0455691055304424,1.4629165216545377,0.2614123384620437,5.252742720448734,19.0,0.07692307692307693,-0.022133367356278046,-0.022133367356278046
410,M,blink_dist,6,10800,14400,2.018403987802235,15.733369209097672,27.0,5.054919908466819,1.8381040002489482,2.0217461944791433,0.3575679397287159,5.99562101910828,39.0,0.037037037037037035,-0.10697108419805643,-0.10697108419805643
410,M,blink_dist,7,12600,16200,4.442383193267109,30.89980763353289,54.0,5.715036243931635,2.7806934008266238,2.5426594565556595,0.5238084964852668,7.172948620103893,57.0,0.018518518518518517,-0.48428336523888393,-0.48428336523888393
410,M,blink_dist,8,14400,18000,6.185792775678457,34.89145563328091,68.0,5.691941530814272,2.5790682604694717,2.542014102804066,0.5684964403851666,7.246877005875673,61.0,0.014705882352941176,-0.6494873738725198,-0.6494873738725198
410,M,blink_dist,9,16200,19800,3.5723236404301195,23.433566589908114,52.0,5.424697236310941,2.236240802359967,2.3492816983535074,0.4535491515571553,6.635311048603389,58.0,0.019230769230769232,-1.0930528654936413,-1.0930528654936413
410,M,blink_dist,10,18000,21600,2.703350264380222,25.168544637001236,52.0,5.454731719810475,2.3563410514162175,2.3651604560376,0.46687898465519995,6.635539133355727,58.0,0.019230769230769232,0.4731374572264163,0.4731374572264163
410,M,blink_dist,11,19800,23400,3.3730581195628266,30.381209452100205,85.0,5.652511013215859,2.74109697704101,2.5006103999885383,0.5117062082682199,7.071099041324477,55.0,0.011764705882352941,-1.1193183607026294,-1.1193183607026294
410,M,blink_dist,12,21600,25200,5.36347708190939,34.18726547143963,106.0,5.926686974030668,3.032172094093547,2.678575740142716,0.5545074155697183,7.618195208772325,81.0,0.009433962264150943,-0.43371268063480256,-0.43371268063480256
410,M,blink_dist,13,23400,27000,10.179792607321055,51.4981053027985,149.0,7.089471637793235,5.017189548319095,3.2035826674301924,0.6824581636735942,9.54702899664157,178.0,0.006711409395973154,-0.8966259678502312,-0.8966259678502312
410,M,blink_dist,14,25200,28800,9.662357153775957,54.30418689691541,168.0,7.255322908384133,5.298494609528036,3.2738346083121774,0.6961858851963346,9.87016898305482,303.0,0.005952380952380952,-0.15455281508543703,-0.15455281508543703
411,H,blink_dist,0,0,3600,3.596954296396241,21.121556750611713,39.0,5.129745470232959,1.8470096917663394,2.1051192077071827,0.4244450168082527,6.427240938739829,63.0,0.02564102564102564,0.8650728770259108,0.8650728770259108
411,H,blink_dist,1,1800,5400,3.2308488263939683,15.949215640712524,23.0,4.915435014475087,1.4389960033452787,1.905885799009448,0.36833739562064005,5.987743620655013,54.0,0.043478260869565216,-0.7481143585130887,-0.7481143585130887
411,H,blink_dist,2,3600,7200,3.6245080457746846,18.612942462276123,38.0,4.96999293951518,1.6115225613764295,1.9539914822134206,0.4072812367790157,5.98168284789644,36.0,0.02631578947368421,-0.6503772437374535,-0.6503772437374535
411,H,blink_dist,3,5400,9000,3.485189899642057,21.19528851001421,33.0,5.1596563650563425,1.9395796970090933,2.123425613923311,0.43062926806911406,6.22265637935031,64.0,0.030303030303030304,-0.6554561417966849,-0.6554561417966849
411,H,blink_dist,4,7200,10800,2.5495284635023037,11.350579213472587,19.0,4.713059313215401,1.2420930380243103,1.6642590325752888,0.31749920119288527,5.5579074358411935,28.0,0.05263157894736842,-0.6344343066444607,-0.6344343066444607
411,H,blink_dist,5,9000,12600,2.3777368260732263,11.243601284445578,18.0,4.792955326460481,1.3720022722712377,1.7597302641649728,0.30336629539561194,5.52059902200489,38.0,0.05555555555555555,-0.057424370958999944,-0.057424370958999944
411,H,blink_dist,6,10800,14400,4.29964678489275,23.802748357041224,83.0,5.367512775404205,2.1512453061239962,2.308932629241671,0.44750147671252216,6.6298640541581815,76.0,0.012048192771084338,-1.4079762393430826,-1.4079762393430826
411,H,blink_dist,7,12600,16200,6.012962881026424,36.595641813723795,106.0,6.042679182384419,3.204711536321327,2.746477667749506,0.559313411663448,7.779651936151345,111.0,0.009433962264150943,-0.7630729324743961,-0.7630729324743961
411,H,blink_dist,8,14400,18000,4.682252558145999,26.652497850797594,97.0,5.444010870322626,2.487523921185627,2.353273906444992,0.4811944789378164,6.853412044797512,67.0,0.010309278350515464,0.7528348032149055,0.7528348032149055
411,H,blink_dist,9,16200,19800,1.3635032779377847,2.0278343993814576,9.0,4.404580152671755,0.8049967296018627,1.1952944879830496,0.11539092336168319,4.870210135970334,14.0,0.1111111111111111,-0.26617877963461795,-0.26617877963461795
411,H,blink_dist,10,18000,21600,3.020338181142661,8.479120832628194,12.0,4.627128427128427,1.0317121660654955,1.5627926543259527,0.2611826239634456,5.413109004219872,21.0,0.08333333333333333,-0.360546763597942,-0.360546763597942
411,H,blink_dist,11,19800,23400,3.870766685871763,21.622670006478796,41.0,5.160839160839161,1.9354385428199776,2.1278749993479638,0.43141761819674906,6.243542655797426,48.0,0.024390243902439025,-0.923604383369364,-0.923604383369364
411,H,blink_dist,12,21600,25200,5.35723156538361,44.8395743450143,118.0,6.437799657534247,4.266635567119094,2.920282247923051,0.6254587956074886,8.425424239381464,113.0,0.00847457627118644,-1.0959488779407527,-1.0959488779407527
411,H,blink_dist,13,23400,27000,4.008136103062843,36.96264680447457,76.0,6.019990913221263,3.103835146019181,2.7328564040698167,0.5673756321509271,7.672711594944895,72.0,0.013157894736842105,-0.1779657935959165,-0.1779657935959165
411,H,blink_dist,14,25200,28800,4.096260181509725,28.276128307713904,67.0,5.508013672616787,2.266860355690776,2.4191312101922446,0.4951178805674489,7.014584829567427,58.0,0.014925373134328358,-0.7732580066768576,-0.7732580066768576
411,L,blink_dist,0,0,3600,2.881706882095989,9.257852989595863,17.0,4.714084109511713,1.2229999256807018,1.6706645761905097,0.27955090932270565,5.538491104766088,27.0,0.058823529411764705,-0.8078959215075854,-0.8078959215075854
411,L,blink_dist,1,1800,5400,1.7637913703573729,2.6425893390809803,9.0,4.394578313253012,0.7902078439487372,1.190753455184315,0.14448660592997772,4.8902681992337165,18.0,0.1111111111111111,0.38143183815829984,0.38143183815829984
411,L,blink_dist,2,3600,7200,1.9011288411723617,5.181482103848093,13.0,4.517948717948718,0.9724446202713327,1.3974844723676658,0.19996219122836498,5.182817944250871,17.0,0.07692307692307693,-0.7028321955205348,-0.7028321955205348
411,L,blink_dist,3,5400,9000,3.0567730230743884,15.297148440970062,57.0,5.080527594585213,1.9856581926894,2.0416222548286713,0.35389483145128,6.149225949970491,60.0,0.017543859649122806,-0.577604188207212,-0.577604188207212
411,L,blink_dist,4,7200,10800,3.5515425227829573,19.782409239736623,77.0,5.278411136445458,2.3090222179434305,2.20964625066788,0.4082862591299968,6.399041342121031,79.0,0.012987012987012988,-0.764652418343286,-0.764652418343286
411,L,blink_dist,5,9000,12600,2.6788473939184643,7.843943974384201,17.0,4.60609243697479,1.0558384417063877,1.5289478862833195,0.25130434264112245,5.381599948924216,19.0,0.058823529411764705,-0.40755139454565803,-0.40755139454565803
411,L,blink_dist,6,10800,14400,2.877394121323711,7.549725489760685,17.0,4.6179966044142615,1.0822296954624302,1.5445136455139572,0.2523356963233947,5.387318518518518,20.0,0.058823529411764705,-0.7070014146303526,-0.7070014146303526
411,L,blink_dist,7,12600,16200,3.2566455250874093,8.578981960153422,39.0,4.7973121228743825,1.6358917995774496,1.735463968463352,0.26751748560441824,5.528559120166236,56.0,0.02564102564102564,0.10761184052978348,0.10761184052978348
411,L,blink_dist,8,14400,18000,2.7140043808065535,8.142546053793184,39.0,4.996388587937884,2.079840456791315,1.9030577095110028,0.24173974457065506,5.5464182026871915,56.0,0.02564102564102564,-0.09091047644562229,-0.09091047644562229
411,L,blink_dist,9,16200,19800,2.230799469242908,9.079973363692995,59.0,4.941932969602494,2.0621999781758413,1.8751160397394615,0.24503254355251003,5.705877448937057,49.0,0.01694915254237288,-0.6180630143997405,-0.6180630143997405
411,L,blink_dist,10,18000,21600,2.06673885482784,7.6568151606022194,33.0,4.708650190114068,1.545630810985901,1.6155937952308626,0.23570191980709185,5.4727680574248545,37.0,0.030303030303030304,-0.05612646107847922,-0.05612646107847922
411,L,blink_dist,11,19800,23400,1.626278194473884,2.587095950418905,8.0,4.360927152317881,0.6944885687876082,1.1301717389426678,0.13490418708809288,4.841381741275995,26.0,0.125,-0.39740376590724846,-0.39740376590724846
411,L,blink_dist,12,21600,25200,4.098895757537228,26.74437183129328,60.0,5.4515052823893875,2.3035516716212134,2.3677204392998585,0.48482917723714103,6.727909366212416,61.0,0.016666666666666666,-2.5983113914181986,-2.5983113914181986
411,L,blink_dist,13,23400,27000,3.496003747948843,30.78216451086733,75.0,5.868641114982578,3.1842369654894336,2.6279004471124785,0.5105360789886095,7.436162779090274,74.0,0.013333333333333334,-1.6793290195325383,-1.6793290195325383
411,L,blink_dist,14,25200,28800,2.9775939299329717,20.58022015750059,52.0,5.262551440329218,2.1650508867006897,2.2061699785322197,0.4160622706692702,6.370872350911779,38.0,0.019230769230769232,-0.2582948190517738,-0.2582948190517738
411,M,blink_dist,0,0,3600,7.382935300122626,38.893961160343395,66.0,5.952879234411736,2.878593253804496,2.7014599401002988,0.5776511873442259,7.756521991749462,88.0,0.015151515151515152,-0.5470664550014386,-0.5470664550014386
411,M,blink_dist,1,1800,5400,4.14156014280669,20.211584298177275,27.0,5.1166764303846906,1.7143606908048183,2.102001686858584,0.4103427927893182,6.310655713396009,58.0,0.037037037037037035,0.8477368048602993,0.8477368048602993
411,M,blink_dist,2,3600,7200,3.717088643686254,24.98066246111006,22.0,5.243257869576982,1.8481384969286279,2.214398238148027,0.4656586795469,6.579986033943589,62.0,0.045454545454545456,-0.7809726569210659,-0.7809726569210659
411,M,blink_dist,3,5400,9000,5.426139898611786,45.79529765707103,96.0,6.253235790658413,3.8359655870253953,2.8453131452337845,0.6312926291495806,8.348008875394138,114.0,0.010416666666666666,-1.4773757426457803,-1.4773757426457803
411,M,blink_dist,4,7200,10800,7.49046680204476,46.7183434981021,150.0,6.284234983649819,3.74636348851458,2.8605883926943623,0.6435823346270312,8.339707365599569,187.0,0.006666666666666667,-1.2869590230433143,-1.2869590230433143
411,M,blink_dist,5,9000,12600,4.413599508409165,25.28002663645938,31.0,5.311939163498099,1.9152068170810763,2.2733837676040123,0.4641475428228133,6.634593000698378,58.0,0.03225806451612903,-1.6999582783357425,-1.6999582783357425
411,M,blink_dist,6,10800,14400,3.451310767797606,21.695384344815775,106.0,5.271224558641628,2.2859213572766346,2.2162094228390297,0.4282428298367651,6.360324443222436,76.0,0.009433962264150943,0.01931280463252473,0.01931280463252473
411,M,blink_dist,7,12600,16200,3.657588518216862,19.235052383801417,106.0,5.186035558695396,2.188300022881143,2.145520087601807,0.40493180716472404,6.2835021854775865,87.0,0.009433962264150943,-0.9512292398597204,-0.9512292398597204
411,M,blink_dist,8,14400,18000,2.6292825914133573,7.514914401662151,18.0,4.6191187453323375,1.1564510621242536,1.5396002037617982,0.24839920780530478,5.377169910573382,29.0,0.05555555555555555,-0.21396750764832048,-0.21396750764832048
411,M,blink_dist,9,16200,19800,1.824840895067176,3.026854802002731,16.0,4.4276568501920615,0.9338989436345474,1.2251993801564813,0.1459857848114562,4.963690476190476,21.0,0.0625,0.01329736540017881,0.01329736540017881
411,M,blink_dist,10,18000,21600,1.9267498347973027,3.5871799973471283,16.0,4.497920997920998,0.9501591080219226,1.3568627640175932,0.15610906618914974,5.072188552188552,26.0,0.0625,-0.22809205559275117,-0.22809205559275117
411,M,blink_dist,11,19800,23400,2.7708849034364875,6.96254705397444,13.0,4.530382595648912,0.9476228817091493,1.4209652184782695,0.23821849185166397,5.21109709962169,25.0,0.07692307692307693,0.3029506601929115,0.3029506601929115
411,M,blink_dist,12,21600,25200,2.206775794422514,4.895950200861352,10.0,4.461741424802111,0.8689836520282829,1.3079761000014702,0.19196192682132387,5.041920152091254,26.0,0.1,-0.2644896801939066,-0.2644896801939066
411,M,blink_dist,13,23400,27000,3.7201714689790304,13.963014327976264,21.0,4.904977375565611,1.542467502076855,1.883308770442593,0.34706806754801395,5.816961715601612,38.0,0.047619047619047616,-0.09413642021939886,-0.09413642021939886
411,M,blink_dist,14,25200,28800,6.5253667803371975,30.488348183687457,104.0,5.488520689199312,2.336744245233454,2.4001542608334243,0.5187163419171644,6.9924434911730735,93.0,0.009615384615384616,1.1290328180864628,1.1290328180864628
412,H,blink_dist,0,0,3600,4.780040415360393,55.15181083627955,249.0,7.48397043486147,7.415582695221649,3.2971021456592515,0.6982847347069714,9.93885850178359,182.0,0.004016064257028112,-2.9552518529223666,-2.9552518529223666
412,H,blink_dist,1,1800,5400,3.3221515692618997,27.216166705932697,91.0,5.331543750588678,2.25398177284938,2.2690504159552756,0.483186125789127,6.547299498338654,51.0,0.01098901098901099,-0.4159732156769832,-0.4159732156769832
412,H,blink_dist,2,3600,7200,3.81914134210879,31.066052689912464,91.0,5.597016050033909,2.501492913228886,2.476320163337402,0.5145777655093958,7.054701834862385,78.0,0.01098901098901099,-0.24639897632235522,-0.24639897632235522
412,H,blink_dist,3,5400,9000,3.338795631205284,22.97428537256309,91.0,5.279463500439753,2.323818482991957,2.2178665547557723,0.44428656859227367,6.5385481940435115,74.0,0.01098901098901099,0.16025993258947635,0.16025993258947635
412,H,blink_dist,4,7200,10800,2.228115973651268,11.954176255098895,28.0,4.884299941417692,1.5572739235260273,1.855931187740843,0.31351126595981105,5.671378550123201,25.0,0.03571428571428571,-0.1720875904828576,-0.1720875904828576
412,H,blink_dist,5,9000,12600,2.913493526306483,15.022012182084332,28.0,4.962869045462779,1.58405088262768,1.947881653011911,0.35707432606538414,5.894384361283316,38.0,0.03571428571428571,-0.6223180144218157,-0.6223180144218157
412,H,blink_dist,6,10800,14400,3.2006275546119305,32.33986275733,114.0,5.600777873811582,2.8184322465444787,2.461293569973128,0.533906425452277,7.026238013923551,46.0,0.008771929824561403,-1.242352335545817,-1.242352335545817
412,H,blink_dist,7,12600,16200,3.298766821963325,41.094523990528714,97.0,6.329181892758595,4.2659639170066646,2.854374399127763,0.5965601227974181,8.118147074327887,95.0,0.010309278350515464,-0.47056264768193096,-0.47056264768193096
412,H,blink_dist,8,14400,18000,3.406314297073504,29.195505786581133,86.0,5.571364653243847,2.6292595003674815,2.4465085695293767,0.49669405210736595,7.0028098244686126,77.0,0.011627906976744186,-0.5930920478650669,-0.5930920478650669
412,H,blink_dist,9,16200,19800,3.133029022803483,28.56487358712776,146.0,5.55117408104627,2.9041768877147067,2.430186770759856,0.493912604579312,6.987701961915753,53.0,0.00684931506849315,-0.8262075219307822,-0.8262075219307822
412,H,blink_dist,10,18000,21600,2.331318741613078,20.27995505371629,80.0,5.258305205187423,2.462452960708339,2.19337516901739,0.4118511565446174,6.335757575757576,49.0,0.0125,0.00860135051308072,0.00860135051308072
412,H,blink_dist,11,19800,23400,1.9918565492706561,12.116279069767442,22.0,4.7707609725292075,1.307186962040158,1.7368515559324988,0.3211627906976744,5.6268352651914295,25.0,0.045454545454545456,-0.41878164862991085,-0.41878164862991085
412,H,blink_dist,12,21600,25200,2.669199588338998,19.713952305436703,53.0,5.098746324098437,1.8463247289354192,2.073737234076421,0.40932946351096616,6.14647077323988,36.0,0.018867924528301886,-0.954939854243993,-0.954939854243993
412,H,blink_dist,13,23400,27000,4.264186307431797,30.063043388685156,128.0,5.401898095173992,2.3133895733633945,2.336440790121475,0.5098479541802299,6.810532899674756,58.0,0.0078125,-0.3193517409423367,-0.3193517409423367
412,H,blink_dist,14,25200,28800,4.317696487384136,23.063235038418995,43.0,5.182641948624158,1.8842058212760158,2.153792698272082,0.4456159432353344,6.473759170182463,55.0,0.023255813953488372,-0.4659020403162287,-0.4659020403162287
412,L,blink_dist,0,0,3600,8.004899296237308,46.28391726163633,132.0,6.409760411197391,4.129585239257211,2.9255657972869256,0.6419486536857523,8.56055667167813,128.0,0.007575757575757576,-3.980605252376115,-3.980605252376115
412,L,blink_dist,1,1800,5400,1.1583755970578027,1.8160507446221732,11.0,4.346534653465347,0.7973012677184238,1.082617033626518,0.10540540540540541,4.780487804878049,12.0,0.09090909090909091,-0.39380625615308684,-0.39380625615308684
412,L,blink_dist,2,3600,7200,1.5826873642977843,5.898025917403415,18.0,4.656573705179283,1.2039057510106523,1.587924836319251,0.19901295870170765,5.263312424929935,36.0,0.05555555555555555,-0.5728395322446572,-0.5728395322446572
412,L,blink_dist,3,5400,9000,1.4789574811304735,5.464953018684523,19.0,4.733395696913003,1.3702088134106216,1.668689331324486,0.18680743060805702,5.363255813953488,27.0,0.05263157894736842,-0.34405994591805256,-0.34405994591805256
412,L,blink_dist,4,7200,10800,1.4265015315891358,6.981613777349786,19.0,4.755911517925248,1.3608595585755305,1.7047360338369166,0.21870870938122858,5.592555476020043,25.0,0.05263157894736842,-0.366968456290891,-0.366968456290891
412,L,blink_dist,5,9000,12600,1.6277796741501585,7.304699382770566,19.0,4.6554096310193875,1.1620243670318815,1.5841042415857494,0.2394683387794754,5.434472775860149,31.0,0.05263157894736842,0.16647621425710823,0.16647621425710823
412,L,blink_dist,6,10800,14400,1.1369555518888215,5.809297686115287,12.0,4.640852974186307,1.1925098035580641,1.559935468630963,0.1907444611472485,5.230976690425737,27.0,0.08333333333333333,-0.23201036115171142,-0.23201036115171142
412,L,blink_dist,7,12600,16200,1.5561239525781605,8.133769926401905,15.0,4.733572281959379,1.2455831734203924,1.6930193059032812,0.2385830570410897,5.481193255512322,35.0,0.06666666666666667,-0.1786326018970832,-0.1786326018970832
412,L,blink_dist,8,14400,18000,2.223899052007263,22.476243832015342,78.0,5.468891995805662,2.6110084340849133,2.361432601799121,0.4279665582106919,6.5567537826685,54.0,0.01282051282051282,-1.4996455778529207,-1.4996455778529207
412,L,blink_dist,9,16200,19800,1.258495539726836,5.9602985226176575,14.0,4.738647830474268,1.2446899476110678,1.6981433932739938,0.20471391582474488,5.299490717923444,26.0,0.07142857142857142,-0.06865660779987004,-0.06865660779987004
412,L,blink_dist,10,18000,21600,1.5661551146707182,10.427439341553713,18.0,4.90595009596929,1.5615285799967111,1.8766255198099562,0.2765148038225785,5.703586830756285,33.0,0.05555555555555555,-0.5927307575505318,-0.5927307575505318
412,L,blink_dist,11,19800,23400,1.5169257491145662,11.004875377762803,16.0,4.920433145009416,1.4757221095411797,1.905213901458846,0.2807659502774648,5.832549491414197,32.0,0.0625,-0.49914636893090386,-0.49914636893090386
412,L,blink_dist,12,21600,25200,1.2470587370862765,3.7670355569218157,15.0,4.6608557844690965,1.3484881114822085,1.5539870374224738,0.1619146428937391,5.269278866194248,19.0,0.06666666666666667,-0.4474635485573904,-0.4474635485573904
412,L,blink_dist,13,23400,27000,2.0351758352499827,8.028286189683861,17.0,4.7247113163972285,1.3548182674842095,1.6647980797789417,0.25605908391674254,5.5893438410142195,35.0,0.058823529411764705,-0.8151035407423372,-0.8151035407423372
412,L,blink_dist,14,25200,28800,1.8014242013925106,17.96094983064073,39.0,5.201848998459168,2.0880309659200127,2.1525168811806457,0.3737032045257054,6.281934714562528,53.0,0.02564102564102564,-0.10972973234172921,-0.10972973234172921
412,M,blink_dist,0,0,3600,2.737564833173628,24.163141465122386,53.0,5.495952222959522,2.390637193334288,2.3874551020188384,0.4469790238352248,6.734253439409256,77.0,0.018867924528301886,-0.9970804834342323,-0.9970804834342323
412,M,blink_dist,1,1800,5400,2.8439782119325785,22.605267148561897,31.0,5.3132673267326735,2.032528108709517,2.261073991533039,0.43961145090902964,6.5518352655589505,47.0,0.03225806451612903,-0.5785719135153476,-0.5785719135153476
412,M,blink_dist,2,3600,7200,1.9982298513008006,18.90103038393592,19.0,5.130180082447386,1.7496794456146987,2.109539478197565,0.3985083813619613,6.112432564982835,37.0,0.05263157894736842,0.028623940733873126,0.028623940733873126
412,M,blink_dist,3,5400,9000,1.7279794827594193,7.158439637640969,13.0,4.563347083087802,1.0568518723655376,1.4622617310163362,0.23998428545017564,5.292324941392315,22.0,0.07692307692307693,-0.6890258103158416,-0.6890258103158416
412,M,blink_dist,4,7200,10800,1.4480333890744352,3.3236260948220706,11.0,4.4836309523809526,0.9788081464788696,1.3293474107895786,0.1537328744456946,5.014933429291112,18.0,0.09090909090909091,-0.07000540179991799,-0.07000540179991799
412,M,blink_dist,5,9000,12600,1.2824074022309113,3.6943389176060286,10.0,4.493939393939394,0.9186417489933487,1.35822207537178,0.15829233356168648,5.0905267374324055,17.0,0.1,-0.18751427496195922,-0.18751427496195922
412,M,blink_dist,6,10800,14400,1.0639740557090491,1.771505779912926,9.0,4.290909090909091,0.7051170701696454,0.9727249795703812,0.10454886653655607,4.807732136693131,20.0,0.1111111111111111,-0.30628348509704467,-0.30628348509704467
412,M,blink_dist,7,12600,16200,1.234919114171716,2.7059188741721854,9.0,4.518358531317495,0.9405594958277776,1.3784523975502598,0.13735254552980133,4.9971764705882356,21.0,0.1111111111111111,-0.23165684296677383,-0.23165684296677383
412,M,blink_dist,8,14400,18000,1.623051610488698,6.598695023176624,19.0,4.65948575399583,1.1378716643677858,1.5972534379392804,0.22749997539636457,5.397268269904273,22.0,0.05263157894736842,0.5242426688476259,0.5242426688476259
412,M,blink_dist,9,16200,19800,1.6089952050086807,5.6089982229899435,19.0,4.545454545454546,1.062102916451256,1.4297634705874516,0.21221868143868322,5.2789233238671445,19.0,0.05263157894736842,-0.6203014252193272,-0.6203014252193272
412,M,blink_dist,10,18000,21600,1.301926638022481,6.13198866355037,12.0,4.684161199625117,1.159518015544702,1.6272763633690688,0.2063749125841952,5.328159645232816,21.0,0.08333333333333333,-0.23526942215367935,-0.23526942215367935
412,M,blink_dist,11,19800,23400,1.2846596217453232,3.912913734364509,12.0,4.541125541125541,0.9891751210103781,1.4337439696530923,0.15928306766468556,5.103784860557769,17.0,0.08333333333333333,-0.22302153163941224,-0.22302153163941224
412,M,blink_dist,12,21600,25200,1.4034362480514708,3.374610184152421,14.0,4.8368678629690045,1.5261113866934208,1.7413626146564611,0.1274384830757324,5.213969732246799,35.0,0.07142857142857142,-0.05156203421554761,-0.05156203421554761
412,M,blink_dist,13,23400,27000,1.695873374788016,4.823396439672224,19.0,5.05528134254689,1.958832036319778,1.9481013245052514,0.16177828011679382,5.29796421961752,50.0,0.05263157894736842,-0.5521297632564256,-0.5521297632564256
412,M,blink_dist,14,25200,28800,2.454392155503458,12.857858737317532,18.0,4.845965170468482,1.3418844746676457,1.8297364239827223,0.3155990290061631,5.789291470184445,29.0,0.05555555555555555,-0.17229311491491078,-0.17229311491491078
413,H,blink_dist,0,0,3600,2.9260005325460896,46.253452850170866,152.0,6.421706836440807,4.345521244420555,2.9107493192042764,0.6452189625618238,7.840818628101367,69.0,0.006578947368421052,-1.3365190457237857,-1.3365190457237857
413,H,blink_dist,1,1800,5400,2.41944282005996,39.711095999841554,139.0,6.47052495697074,5.695250495789127,2.8368355489274393,0.5873016920954123,7.643096485952402,91.0,0.007194244604316547,-0.592549469146801,-0.592549469146801
413,H,blink_dist,2,3600,7200,5.508673361242752,65.97761475338534,564.0,9.81143547065672,12.604816300106611,3.829749989555411,0.7787195174993475,12.230206981351186,165.0,0.0017730496453900709,-3.2417150572268523,-3.2417150572268523
413,H,blink_dist,3,5400,9000,9.48358523317101,68.3082400933775,213.0,9.29009277287825,9.549404075770978,3.834175383685207,0.7933820544735809,12.500391428381874,134.0,0.004694835680751174,-4.8566369786429915,-4.8566369786429915
413,H,blink_dist,4,7200,10800,1.7108721983627162,24.204315230279434,24.0,5.463645943097998,2.136342113017768,2.3834344438492687,0.439510218562399,6.5789253022150795,41.0,0.041666666666666664,-0.2487444781714072,-0.2487444781714072
413,H,blink_dist,5,9000,12600,1.3446069964799885,27.560317894011572,39.0,5.738313133811526,2.6269939152598405,2.5599362784440713,0.4594198077905416,6.855787980854458,84.0,0.02564102564102564,-0.3459417022860037,-0.3459417022860037
413,H,blink_dist,6,10800,14400,1.1420829452514187,18.537062937062938,40.0,5.529411764705882,2.65991869965464,2.3836587081961222,0.36725874125874125,6.2805548911743605,70.0,0.025,-0.13846030483955218,-0.13846030483955218
413,H,blink_dist,7,12600,16200,1.1223400848272125,13.645679152909029,42.0,5.138263665594855,2.115416790206948,2.071697952173549,0.3109842878287601,5.931324647122692,39.0,0.023809523809523808,-0.4489681607951684,-0.4489681607951684
413,H,blink_dist,8,14400,18000,1.1346554128102733,13.766453156894489,42.0,5.025179856115108,1.9402384585345942,1.9785144408985655,0.31483775603575703,5.89004477218857,42.0,0.023809523809523808,-0.12749236688416185,-0.12749236688416185
413,H,blink_dist,9,16200,19800,1.5934692662284795,16.378472117803906,23.0,5.082115085536548,1.766310052886981,2.0570724527947433,0.35676480317565334,5.9560706217052966,35.0,0.043478260869565216,-0.3408062155463063,-0.3408062155463063
413,H,blink_dist,10,18000,21600,1.9947317231188417,16.205156950672645,19.0,5.110353535353536,1.7337102959158004,2.0913714314203835,0.35503283151825754,5.969235947492427,67.0,0.05263157894736842,-0.45876235974917673,-0.45876235974917673
413,H,blink_dist,11,19800,23400,1.5225163649304823,12.967256627883799,28.0,5.21079258010118,2.1566599181392583,2.140531563838064,0.30059695542243253,6.070338983050847,43.0,0.03571428571428571,-0.35133221982337726,-0.35133221982337726
413,H,blink_dist,12,21600,25200,1.27697651829545,18.346363124648196,32.0,5.658564814814815,2.590404737811393,2.499099913733251,0.3506410657326912,6.464199239017641,49.0,0.03125,-0.31227199213840057,-0.31227199213840057
413,H,blink_dist,13,23400,27000,1.6663229769038883,23.372315950920246,37.0,5.487733513391852,2.1723033801358826,2.3998451466873565,0.4226898006134969,6.59561738089896,53.0,0.02702702702702703,-0.24289305848414067,-0.24289305848414067
413,H,blink_dist,14,25200,28800,1.7458375069942598,21.291331954839062,59.0,5.405574912891986,2.2948645491564736,2.322940155233738,0.4033925597906641,6.415890570430734,53.0,0.01694915254237288,-0.48288393217645176,-0.48288393217645176
413,L,blink_dist,0,0,3600,1.9273727891310761,42.637759710930446,125.0,6.62392172009785,4.936398306514741,2.9890757714475122,0.6042946056371878,7.791419565101245,57.0,0.008,-0.2241852896613295,-0.2241852896613295
413,L,blink_dist,1,1800,5400,2.9546564318996706,41.18263991004238,152.0,6.776196406333392,6.199285688620116,2.9723479007303313,0.5919551725629271,8.291182372316662,130.0,0.006578947368421052,-0.593382015281332,-0.593382015281332
413,L,blink_dist,2,3600,7200,2.487919877210909,32.907239528493285,40.0,5.9481257978414765,2.7171356367371313,2.703420217579417,0.5021507999691825,7.426577410625267,80.0,0.025,-0.7681177576783937,-0.7681177576783937
413,L,blink_dist,3,5400,9000,2.5426599926427498,34.086554468756084,63.0,6.149138712601995,3.0013545871675062,2.814388004828918,0.5151083972534756,7.645361305361305,80.0,0.015873015873015872,-0.8448122410461407,-0.8448122410461407
413,L,blink_dist,4,7200,10800,2.567226755856689,40.49626371164938,142.0,7.054628224582701,5.706098176782894,3.126769490419399,0.5727969587048364,8.397765108323831,132.0,0.007042253521126761,-0.35084317054170816,-0.35084317054170816
413,L,blink_dist,5,9000,12600,2.387991612798421,43.9371237458194,165.0,7.056182189279192,7.306376420394508,3.0521311994669533,0.609876254180602,8.334613099318982,100.0,0.006060606060606061,0.7212041128154707,0.7212041128154707
413,L,blink_dist,6,10800,14400,2.896769598422871,46.40147337774053,177.0,7.557251908396947,7.37097824803761,3.267629305651471,0.6195327319246549,9.154153257017152,107.0,0.005649717514124294,-1.2931927162360437,-1.2931927162360437
413,L,blink_dist,7,12600,16200,2.7910590399379216,42.29113967516339,111.0,6.692962593967938,4.591067900237821,3.0274708281720457,0.5961490036283723,8.250891089108912,103.0,0.009009009009009009,-0.9897058724145144,-0.9897058724145144
413,L,blink_dist,8,14400,18000,1.9715546272648583,29.394226640416758,76.0,5.860281053141657,3.4774150310493175,2.5916885392381133,0.48977144755284413,6.84543086853131,57.0,0.013157894736842105,-0.6958743500525065,-0.6958743500525065
413,L,blink_dist,9,16200,19800,3.463386497959984,38.02098466505246,119.0,6.059463432561558,4.200671041430453,2.6924471105118126,0.5734094315692378,7.558254050275084,118.0,0.008403361344537815,-1.4148017323650588,-1.4148017323650588
413,L,blink_dist,10,18000,21600,3.8788650922108188,45.86716961241331,158.0,6.809855710442651,5.975088146646993,3.02690334049249,0.6310575861898565,8.65880325460504,116.0,0.006329113924050633,-2.4871891533847896,-2.4871891533847896
413,L,blink_dist,11,19800,23400,1.5542071700127036,32.80850145425021,88.0,7.059486952675807,5.35376123866657,3.114157835521092,0.49368968458700324,8.154218299100323,132.0,0.011363636363636364,-0.8211330598300547,-0.8211330598300547
413,L,blink_dist,12,21600,25200,1.9650375665423048,26.949057477991563,60.0,6.444984447900467,4.323307267672269,2.8632032692326987,0.4480007478397997,7.581470527546599,119.0,0.016666666666666666,-0.4660532174205102,-0.4660532174205102
413,L,blink_dist,13,23400,27000,1.5461566832377844,10.741035362666198,36.0,4.822356215213358,1.502157142546266,1.7783010749332446,0.2909284378648099,5.608085233495967,42.0,0.027777777777777776,0.0918290255031727,0.0918290255031727
413,L,blink_dist,14,25200,28800,1.747802209123853,15.084855740671353,19.0,4.90083135391924,1.4791582226280535,1.8839798545983926,0.3455780883011488,5.83992277992278,31.0,0.05263157894736842,-0.226234762145044,-0.226234762145044
414,H,blink_dist,0,0,3600,1.5717457304866345,11.957438591855608,19.0,4.8122699386503065,1.3741451184204017,1.7793106606007416,0.3253691602556937,5.669057104913678,25.0,0.05263157894736842,-0.4936670754754146,-0.4936670754754146
414,H,blink_dist,1,1800,5400,1.4237701164333596,11.008021540360128,15.0,4.696984202967927,1.1666317668833943,1.6517511067613917,0.29998317159365007,5.556733167082294,34.0,0.06666666666666667,-0.21098485119415525,-0.21098485119415525
414,H,blink_dist,2,3600,7200,1.6154803193551432,8.560665236263683,16.0,4.733734281027884,1.3612879026450733,1.6754052328768614,0.2672859586501478,5.5106513097543575,22.0,0.0625,-0.2454004023574461,-0.2454004023574461
414,H,blink_dist,3,5400,9000,1.4757788167094241,12.003333658040285,21.0,4.964189794091316,1.768005616543258,1.9171478487567368,0.30754618956391855,5.722384452723794,26.0,0.047619047619047616,-0.1567097425748142,-0.1567097425748142
414,H,blink_dist,4,7200,10800,1.115791077728568,8.72820454089959,33.0,4.842732327243844,1.8802220900358089,1.745949303168981,0.26009247859821916,5.317091015510682,28.0,0.030303030303030304,0.12339169928341781,0.12339169928341781
414,H,blink_dist,5,9000,12600,0.9929892080349608,6.764147604800051,15.0,4.730033745781777,1.3512515962068499,1.669262951837454,0.22928127915580865,5.252810023954303,29.0,0.06666666666666667,-0.23273353473471442,-0.23273353473471442
414,H,blink_dist,6,10800,14400,1.0310533151473262,4.379618584331284,10.0,4.487301587301587,0.916686937177099,1.3483445909073442,0.18262095462361927,5.032230522945571,17.0,0.1,0.003508476923573301,0.003508476923573301
414,H,blink_dist,7,12600,16200,1.3752435711512083,5.413661335470458,11.0,4.556207233626589,0.9547525225636267,1.4595084243471899,0.20332299615549904,5.174549216671593,27.0,0.09090909090909091,-0.049587867282002235,-0.049587867282002235
414,H,blink_dist,8,14400,18000,1.885986258905252,7.884172369401721,16.0,4.638266068759342,1.127051341517843,1.5685497688276504,0.2493732637712582,5.369563235160025,27.0,0.0625,-0.26124739839031497,-0.26124739839031497
414,H,blink_dist,9,16200,19800,1.6361017051218507,5.817745147811145,12.0,4.583846153846154,1.0487577887235338,1.4938858867392706,0.20922989807474518,5.21181906614786,21.0,0.08333333333333333,-0.1382093651752249,-0.1382093651752249
414,H,blink_dist,10,18000,21600,1.620495900401422,8.36462922987452,17.0,4.685808945334069,1.264174255714045,1.6219804413555268,0.2512641570807582,5.392067689053411,28.0,0.058823529411764705,-0.47735560775506003,-0.47735560775506003
414,H,blink_dist,11,19800,23400,1.2878382861663726,6.744806201550388,17.0,4.667811158798283,1.2278747187127677,1.5964379875309131,0.2223937984496124,5.30880829015544,27.0,0.058823529411764705,0.12174706431166223,0.12174706431166223
414,H,blink_dist,12,21600,25200,1.1889482789768406,5.348362307547626,11.0,4.607638888888889,1.0907808022181307,1.52320424874974,0.1948773410000806,5.225324207492795,26.0,0.09090909090909091,-0.07349112821031574,-0.07349112821031574
414,H,blink_dist,13,23400,27000,1.685139392421457,8.457980246071015,12.0,4.666841004184101,1.1463918564469564,1.6070952548210435,0.26415666647708963,5.284535886982081,30.0,0.08333333333333333,-0.3916749874794936,-0.3916749874794936
414,H,blink_dist,14,25200,28800,1.5871758301385626,7.105117496100236,13.0,4.56957928802589,1.0018656469096903,1.4724553973562386,0.24619332763045337,5.17406937394247,20.0,0.07692307692307693,0.0021676677442601395,0.0021676677442601395
414,L,blink_dist,0,0,3600,2.050062846508365,9.384155083213862,16.0,4.646604938271605,1.0708486674677804,1.5884221610429146,0.2817739824222402,5.494796019144572,23.0,0.0625,0.053999226065585784,0.053999226065585784
414,L,blink_dist,1,1800,5400,2.073910816260258,12.908492956553216,26.0,4.8551564310544615,1.298851687276436,1.8394698561898544,0.32719486741067644,5.783404805663332,26.0,0.038461538461538464,-0.47016176001615373,-0.47016176001615373
414,L,blink_dist,2,3600,7200,1.9968561571288896,11.741978834201243,17.0,4.84775429326288,1.337006891185894,1.8336632151500356,0.3114716069528769,5.727018679217532,36.0,0.058823529411764705,-0.0719124348512303,-0.0719124348512303
414,L,blink_dist,3,5400,9000,1.5747167434630926,6.793122686006999,12.0,4.515846257585975,0.9717443051387934,1.3906973510085783,0.23558857838413552,5.135544499723604,19.0,0.08333333333333333,0.8992705068115269,0.8992705068115269
414,L,blink_dist,4,7200,10800,1.8498229611702979,5.516026526664825,11.0,4.498591549295774,0.8733121278240937,1.3736998713192843,0.21527441972920697,5.035955964044036,20.0,0.09090909090909091,-0.7687861960479566,-0.7687861960479566
414,L,blink_dist,5,9000,12600,1.4407016957615624,6.132268972781196,11.0,4.571074380165289,1.017364770921542,1.4766554831520549,0.21638117412273408,5.035866339827119,20.0,0.09090909090909091,0.4506086739924914,0.4506086739924914
414,L,blink_dist,6,10800,14400,1.2764174567138584,6.823926917782505,13.0,4.733506944444445,1.2994345164154246,1.6791421001067157,0.22193092228757352,5.206840869054609,20.0,0.07692307692307693,-0.3393485682700423,-0.3393485682700423
414,L,blink_dist,7,12600,16200,1.2143296747810994,4.221090985622772,12.0,4.526093088857546,1.0054627083622212,1.399763398827992,0.17554555858095577,5.011453248216298,19.0,0.08333333333333333,0.024025851790037786,0.024025851790037786
414,L,blink_dist,8,14400,18000,1.29010647886883,3.9001077172607626,9.0,4.455445544554456,0.8234080132160412,1.3000810334286874,0.16776034766674508,4.9513977708752055,16.0,0.1111111111111111,-0.13986294897111184,-0.13986294897111184
414,L,blink_dist,9,16200,19800,1.3016550938257079,5.188366670757148,16.0,4.52676659528908,1.0278930213282305,1.3981499869668936,0.19840471223463002,5.024238657551274,22.0,0.0625,-0.11757219511910497,-0.11757219511910497
414,L,blink_dist,10,18000,21600,1.2273158766620702,5.044510385756676,11.0,4.576151121605667,1.0494493145555068,1.4743821125225849,0.19855276172627415,5.055003313452618,24.0,0.09090909090909091,-0.04755761106288426,-0.04755761106288426
414,L,blink_dist,11,19800,23400,1.1131235553249736,3.3234319170003013,9.0,4.453846153846154,0.8468179212298098,1.2933966140785083,0.1519652158939257,4.895977808599167,17.0,0.1111111111111111,-0.228042848252286,-0.228042848252286
414,L,blink_dist,12,21600,25200,0.9171165648189575,2.0064093632436952,7.0,4.282527881040892,0.5864894014352519,0.9699297742080701,0.12136860805350425,4.7020917678812415,13.0,0.14285714285714285,-0.2906096774854982,-0.2906096774854982
414,L,blink_dist,13,23400,27000,1.2528250579706928,2.854665765685362,9.0,4.451292246520874,0.8536632092520677,1.2685647972058742,0.14970739357158339,4.82217659137577,16.0,0.1111111111111111,-0.260766752276211,-0.260766752276211
414,L,blink_dist,14,25200,28800,1.71318831062931,3.0283252839054953,9.0,4.437158469945355,0.8413082526519009,1.2607334497039546,0.1517146213661029,4.907857035137988,19.0,0.1111111111111111,-0.563740814727584,-0.563740814727584
414,M,blink_dist,0,0,3600,1.3632157605529662,8.744610048743906,16.0,4.661461586508432,1.196630753075156,1.5958874154377494,0.26393185226846644,5.356718192627824,23.0,0.0625,-0.015159826183537617,-0.015159826183537617
414,M,blink_dist,1,1800,5400,1.4658914133092755,6.042147931831059,11.0,4.457395498392283,0.8240467363234522,1.3033263935004002,0.22023601970099813,5.1045586563960095,23.0,0.09090909090909091,-0.6051616741661673,-0.6051616741661673
414,M,blink_dist,2,3600,7200,1.842922543934653,6.770905560948551,10.0,4.515606936416185,0.8886173623102827,1.4001143424506874,0.23351043544584663,5.156267942583732,21.0,0.1,-0.23984112893552,-0.23984112893552
414,M,blink_dist,3,5400,9000,1.7286343834692839,4.548100645900519,10.0,4.4382326420198375,0.7961918696003161,1.2743476970742385,0.19095646870755215,4.986848455598456,16.0,0.1,-0.09732767074348635,-0.09732767074348635
414,M,blink_dist,4,7200,10800,1.4599174409802682,4.4869690802862205,10.0,4.491785323110625,0.889385126663638,1.3601706059687846,0.1884122190857568,4.93706995412844,16.0,0.1,-0.2630229000056361,-0.2630229000056361
414,M,blink_dist,5,9000,12600,1.590386440935703,6.642829881686519,11.0,4.577162629757786,1.0278631601403312,1.4856073688374487,0.2266838077255288,5.175418481999541,21.0,0.09090909090909091,-0.2890089729059021,-0.2890089729059021
414,M,blink_dist,6,10800,14400,1.4185788303185805,2.5312464812521114,10.0,4.331406551059731,0.7384278373272163,1.0681436632335473,0.12949555230266863,4.886551943913321,25.0,0.1,-0.3834576966729575,-0.3834576966729575
414,M,blink_dist,7,12600,16200,0.9842518741740863,1.0678524481085379,8.0,4.1645569620253164,0.5831034332294202,0.6071179236401498,0.0707573962576478,4.520476931052359,11.0,0.125,-0.16832808029584342,-0.16832808029584342
414,M,blink_dist,8,14400,18000,1.3919515258467747,2.7999954098435906,10.0,4.444444444444445,0.8907085200438035,1.2717597196412531,0.14069403164912844,4.861419508326724,16.0,0.1,-0.4740411671265633,-0.4740411671265633
414,M,blink_dist,9,16200,19800,1.2829185442483664,3.1213815257043964,11.0,4.508992805755396,0.9183922415290615,1.377135602318588,0.14633888217936428,4.973973762166737,21.0,0.09090909090909091,-0.1513786829527855,-0.1513786829527855
414,M,blink_dist,10,18000,21600,0.9269400754669243,1.75078837173235,6.0,4.26890756302521,0.5217533302949714,0.9284890011332243,0.10173872585342317,4.670886075949367,12.0,0.16666666666666666,-0.2613508019387483,-0.2613508019387483
414,M,blink_dist,11,19800,23400,1.1968869534354414,3.7007380123046536,15.0,4.523654159869494,1.032037385890581,1.3914742733027663,0.16151526070651667,5.016580310880829,17.0,0.06666666666666667,-0.13155794917439995,-0.13155794917439995
414,M,blink_dist,12,21600,25200,1.3196089571888212,8.01438012927591,18.0,4.794351918899348,1.4038315070010912,1.7534503450996448,0.2504055002784032,5.39778212654925,25.0,0.05555555555555555,-0.10372023028321495,-0.10372023028321495
414,M,blink_dist,13,23400,27000,1.1645731940194468,3.9666428924123553,12.0,4.6050955414012735,1.0452072100262897,1.5240720611784666,0.1774016568826466,4.951761102603369,21.0,0.08333333333333333,-0.11533939510412061,-0.11533939510412061
414,M,blink_dist,14,25200,28800,1.148216649460881,3.831172444493907,10.0,4.330188679245283,0.7297156090289602,1.0674640237066029,0.1785724222358244,4.84762084592145,19.0,0.1,-0.16339157318396724,-0.16339157318396724
415,H,blink_dist,0,0,3600,6.1721356998995764,50.32763466405801,116.0,6.620221276595744,4.011002691266609,3.03822814950343,0.6680421629063731,8.743835106022628,98.0,0.008620689655172414,-1.4730826187966117,-1.4730826187966117
415,H,blink_dist,1,1800,5400,6.19750112251579,43.17334804146456,142.0,6.317794372784189,3.3897147555686034,2.9075623266973407,0.6110558410697072,8.248190926802115,85.0,0.007042253521126761,-1.272225858116016,-1.272225858116016
415,H,blink_dist,2,3600,7200,6.727427609112448,42.454353349003966,142.0,6.302164105456083,3.380487310527902,2.8995914362182935,0.6059394068903293,8.377903254928352,87.0,0.007042253521126761,0.5555359756429489,0.5555359756429489
415,H,blink_dist,3,5400,9000,10.02560342311809,44.632853874439974,75.0,5.912974650146696,2.7135600764417975,2.688339930070796,0.6352524966063997,7.932545485292509,109.0,0.013333333333333334,-2.560811863039266,-2.560811863039266
415,H,blink_dist,4,7200,10800,8.318788414518925,33.06950692880336,50.0,5.421677265000315,2.128635921064649,2.354730712585711,0.5495317753366474,6.930907549797179,109.0,0.02,-0.20040262799817082,-0.20040262799817082
415,H,blink_dist,5,9000,12600,6.766370241567315,29.66256539064418,38.0,5.3617665884361,1.980585768309182,2.312200356383778,0.512609535230685,6.888696783199036,104.0,0.02631578947368421,0.41461805260323525,0.41461805260323525
415,H,blink_dist,6,10800,14400,7.350797245775132,36.60983580909004,86.0,5.849489618776474,2.6726511713360996,2.6463375028550327,0.5659545063407765,7.772654699553844,126.0,0.011627906976744186,0.4861958105932461,0.4861958105932461
415,H,blink_dist,7,12600,16200,5.794689266385017,33.99701193022692,83.0,5.8321747765640515,2.9649469955192407,2.611543898874381,0.5418619203034379,7.601488785769528,93.0,0.012048192771084338,-0.12580408146903282,-0.12580408146903282
415,H,blink_dist,8,14400,18000,5.912108171707299,34.40900015400119,65.0,5.795540386803186,2.624036638505819,2.614201682226991,0.5479524595611777,7.457694429123,79.0,0.015384615384615385,2.5341095504636515,2.5341095504636515
415,H,blink_dist,9,16200,19800,5.4008543419358,28.00041405418195,27.0,5.279962076850148,1.8080090993587485,2.2514206006676742,0.49857299183721754,6.674089910327217,44.0,0.037037037037037035,-1.4104384806205754,-1.4104384806205754
415,H,blink_dist,10,18000,21600,4.434300760116099,19.990346134311206,16.0,4.96510691598819,1.4114395961822974,1.9628594179133458,0.41803759964554466,6.166365568544102,30.0,0.0625,-0.19994151348431613,-0.19994151348431613
415,H,blink_dist,11,19800,23400,4.144020013765694,21.93219136896961,19.0,5.082626172398392,1.566069741157583,2.076707594789755,0.435076473581153,6.411138248324435,53.0,0.05263157894736842,0.31029761373403736,0.31029761373403736
415,H,blink_dist,12,21600,25200,3.900604601140709,22.639508265867313,33.0,5.157182835820896,1.7893796067401844,2.1368884079095443,0.4396225178851501,6.456054364494693,66.0,0.030303030303030304,0.47444260213058326,0.47444260213058326
415,H,blink_dist,13,23400,27000,4.414765551136484,18.999515170811836,48.0,5.016431027894535,1.614179794916994,2.0068005560746363,0.4053968001273581,6.198262986114953,42.0,0.020833333333333332,0.4824540533612593,0.4824540533612593
415,H,blink_dist,14,25200,28800,3.9244046513284663,21.073968097620142,48.0,5.109137556739689,1.7159468063142342,2.0956759850571505,0.42503876884002817,6.378554194789726,57.0,0.020833333333333332,-1.564733592884225,-1.564733592884225
415,L,blink_dist,0,0,3600,4.120906810663892,24.683222928109338,32.0,5.333780048580283,1.9200644957516206,2.2911678471615287,0.46143052610770224,6.582653653681329,52.0,0.03125,-0.27538745249061164,-0.27538745249061164
415,L,blink_dist,1,1800,5400,4.095733066304224,16.122427490025856,37.0,4.98492704690703,1.532599882460491,1.976568021740796,0.3673838689926018,6.081079336388871,54.0,0.02702702702702703,-1.0763684110122165,-1.0763684110122165
415,L,blink_dist,2,3600,7200,4.121977014262939,10.132684378584493,14.0,4.677638640429338,1.1091669447291004,1.6286957513224758,0.28954180487956105,5.6593826926718425,36.0,0.07142857142857142,-0.8506173567347056,-0.8506173567347056
415,L,blink_dist,3,5400,9000,3.9393715285270754,11.865836252757234,18.0,4.747566515249837,1.2093630435392766,1.7160066797325146,0.3181827397171403,5.717830078694258,30.0,0.05555555555555555,-0.235725940781404,-0.235725940781404
415,L,blink_dist,4,7200,10800,3.20010043940643,11.753900829581415,19.0,4.761019005256773,1.2733484156621977,1.7298612699988676,0.3155154685487816,5.666352920084264,30.0,0.05263157894736842,-1.2075834461379618,-1.2075834461379618
415,L,blink_dist,5,9000,12600,3.9020901076289385,14.278521429448606,15.0,4.798596780850186,1.2443376048016122,1.7803144663086223,0.35720250521920666,5.731616801865414,38.0,0.06666666666666667,-0.961866432101978,-0.961866432101978
415,L,blink_dist,6,10800,14400,3.3074562362600632,20.772421919898775,40.0,5.1684691180004805,1.8687338230697943,2.1424775422082103,0.4246340485745884,6.323564313711389,41.0,0.025,-1.2445535138144332,-1.2445535138144332
415,L,blink_dist,7,12600,16200,3.520953867675874,20.68602588588616,40.0,5.063069065067733,1.8548295643407005,2.035944174454064,0.42381900748086687,6.271616541353383,44.0,0.025,-0.7288157056439832,-0.7288157056439832
415,L,blink_dist,8,14400,18000,5.427273994963015,34.63890703820775,40.0,5.5294338736199204,2.1768941641556534,2.4400629514692067,0.5477405569584488,7.199535783365571,73.0,0.025,-1.7447481388118662,-1.7447481388118662
415,L,blink_dist,9,16200,19800,4.836553554665281,40.50073978176438,91.0,6.154421359028405,3.32608248926482,2.805880841877298,0.5845316256704273,7.870486481679118,98.0,0.01098901098901099,-0.7442596803327958,-0.7442596803327958
415,L,blink_dist,10,18000,21600,3.8679873511518506,35.80351427804506,87.0,5.995850622406639,3.3275304022604844,2.7007952947507152,0.5508682455452086,7.520959603078397,98.0,0.011494252873563218,0.37128989347891017,0.37128989347891017
415,L,blink_dist,11,19800,23400,4.382068435207398,36.82524176292835,54.0,5.834594282414092,2.681411375841515,2.635047928797766,0.5677847480671724,7.5711716528544,89.0,0.018518518518518517,-0.4790609266124323,-0.4790609266124323
415,L,blink_dist,12,21600,25200,5.227321627009767,37.80434888894321,46.0,5.822524472891566,2.6638312239493795,2.6279040785891605,0.5785974894272374,7.623839913031224,75.0,0.021739130434782608,0.7310048413707441,0.7310048413707441
415,L,blink_dist,13,23400,27000,5.102299484177839,36.919002344809016,43.0,5.864829918440422,2.647354258356963,2.656401813358185,0.5689057662266106,7.60451102648868,78.0,0.023255813953488372,-1.4291991675090703,-1.4291991675090703
415,L,blink_dist,14,25200,28800,4.949452047770694,34.112502420447946,71.0,5.729983195099474,2.6990101594433327,2.5600600579279584,0.543466404182534,7.318332934964473,113.0,0.014084507042253521,-0.5954105406203232,-0.5954105406203232
415,M,blink_dist,0,0,3600,4.933990001742675,52.50637763360657,176.0,7.200994538915775,5.67486623735035,3.224691436620882,0.6825686647760383,9.493234876967064,122.0,0.005681818181818182,-2.2465959613742816,-2.2465959613742816
415,M,blink_dist,1,1800,5400,8.106424879454343,47.795279624513796,119.0,6.56477847844326,3.913397816918176,3.0110865119211585,0.6478752793092442,8.881991436714076,153.0,0.008403361344537815,-0.7510953011307696,-0.7510953011307696
415,M,blink_dist,2,3600,7200,8.889845860332679,37.416000057497286,88.0,5.911318023107276,2.802276535733377,2.683794402946464,0.568163033556854,7.985605151840394,97.0,0.011363636363636364,0.19366338469857644,0.19366338469857644
415,M,blink_dist,3,5400,9000,7.613061020293776,29.573764988512742,46.0,5.5059765625,2.170839101753124,2.422046135376393,0.5037346705412125,7.213842525126572,67.0,0.021739130434782608,-1.8928118512898466,-1.8928118512898466
415,M,blink_dist,4,7200,10800,7.209402585196592,28.56579460455883,46.0,5.391177085511186,2.0918840848037266,2.330856527659818,0.4998692793080223,7.041604244694132,82.0,0.021739130434782608,-1.4467553360421919,-1.4467553360421919
415,M,blink_dist,5,9000,12600,10.739221572237705,45.57344034459371,93.0,6.394853278791167,3.9131126825737077,2.9130895521388163,0.6338089444437834,8.7192564249468,193.0,0.010752688172043012,0.762755895308419,0.762755895308419
415,M,blink_dist,6,10800,14400,9.082578347289374,54.18245066072942,203.0,6.9935986198442786,4.823646804310511,3.1723276469867696,0.6916634131414281,9.440458473355736,193.0,0.0049261083743842365,1.3958651809229956,1.3958651809229956
415,M,blink_dist,7,12600,16200,5.82930316487956,34.84571563230422,90.0,5.702300345275996,3.0043133871077368,2.528432455741024,0.5498091482779502,7.374496940294393,114.0,0.011111111111111112,-0.15591508328790582,-0.15591508328790582
415,M,blink_dist,8,14400,18000,6.405855387380957,46.99828943890604,115.0,6.398295878878403,4.1686385675329936,2.9139839833194356,0.6367376657573597,8.578492962004905,137.0,0.008695652173913044,-0.27213416928225953,-0.27213416928225953
415,M,blink_dist,9,16200,19800,6.320878026979034,45.41390586225545,169.0,6.301227208976157,3.5767048478025383,2.8884012302847935,0.6318691593508509,8.375914914998743,110.0,0.005917159763313609,-0.03665328286290759,-0.03665328286290759
415,M,blink_dist,10,18000,21600,4.902698526361591,26.461149501682776,60.0,5.302474374877587,1.9737064503774278,2.2622879759600023,0.483429608416169,6.720892311176537,49.0,0.016666666666666666,-0.02702101071816038,-0.02702101071816038
415,M,blink_dist,11,19800,23400,3.6412639200343873,18.540890766403024,21.0,4.953240360951599,1.4584499984526746,1.948263790520374,0.40840538513166724,6.047057677318784,50.0,0.047619047619047616,-0.6518277617613785,-0.6518277617613785
415,M,blink_dist,12,21600,25200,3.799590159941129,15.324563947989054,19.0,4.88057303521221,1.385881758453854,1.869610822984275,0.3684445061019956,5.929637021751632,41.0,0.05263157894736842,-0.662898853186954,-0.662898853186954
415,M,blink_dist,13,23400,27000,4.049219142715803,17.091845791535338,19.0,4.926435474701535,1.4596877465637281,1.9165082067136177,0.3867834840888202,6.10409014505385,43.0,0.05263157894736842,-0.019735033262116373,-0.019735033262116373
415,M,blink_dist,14,25200,28800,4.196140526358076,22.101340317245214,31.0,5.136234961075726,1.846176740254886,2.1100578939006125,0.4387017080384775,6.258974637484386,49.0,0.03225806451612903,-0.6700980682180584,-0.6700980682180584
416,H,blink_dist,0,0,3600,1.0005285527924248,16.092467831029087,29.0,5.161290322580645,1.7774535984427742,2.13024313232539,0.3569558415019637,5.845490196078432,43.0,0.034482758620689655,-0.2069058927990842,-0.2069058927990842
416,H,blink_dist,1,1800,5400,0.9505644205861808,14.938665770458746,48.0,5.118019573978123,1.954697924639206,2.0819212615611975,0.3256343471685431,5.781175417661098,29.0,0.020833333333333332,-0.08638598853226259,-0.08638598853226259
416,H,blink_dist,2,3600,7200,1.0068379620703871,10.711849348753827,19.0,4.9176984705025495,1.5275331610226428,1.894850618748314,0.27598242190598576,5.4541464179338455,20.0,0.05263157894736842,-0.35598472338635495,-0.35598472338635495
416,H,blink_dist,3,5400,9000,2.617382566319479,21.5878091797316,68.0,5.376804985560115,2.310351956995251,2.3030386799045695,0.42300181251182406,6.539317892353413,37.0,0.014705882352941176,0.26401855392048273,0.26401855392048273
416,H,blink_dist,4,7200,10800,3.9276791548777883,41.7650838579539,88.0,6.796174971874793,4.549947213849919,3.095081553838297,0.5852976103329918,8.599426386233269,128.0,0.011363636363636364,-0.9814497884862246,-0.9814497884862246
416,H,blink_dist,5,9000,12600,2.2444405718337426,23.55298086298065,66.0,5.428969816272966,2.2358201450191704,2.3549077621600483,0.42485392810629624,6.6880461572933,86.0,0.015151515151515152,-1.0233350262775986,-1.0233350262775986
416,H,blink_dist,6,10800,14400,1.8372201158024186,16.74679835505438,32.0,5.017452461578536,1.6389240593063616,2.0029971578189167,0.36597431728670915,6.0031374786081,42.0,0.03125,0.2893167216420335,0.2893167216420335
416,H,blink_dist,7,12600,16200,1.7478980482521258,15.104133349173422,32.0,4.944062219563267,1.525978022330598,1.9293517401891473,0.3554013177734928,5.830659670164917,25.0,0.03125,-0.7887083066978338,-0.7887083066978338
416,H,blink_dist,8,14400,18000,1.9041797200890473,16.50099403578529,28.0,5.020673813169985,1.5787419327208363,2.0101659589932765,0.3621100401808558,6.064554650182636,27.0,0.03571428571428571,-0.15051870737587136,-0.15051870737587136
416,H,blink_dist,9,16200,19800,1.4734946508189213,16.389515219842163,28.0,5.135529891304348,1.7806824585332728,2.1109227802770607,0.351443933743821,6.107761868877167,42.0,0.03571428571428571,-0.013212969792215033,-0.013212969792215033
416,H,blink_dist,10,18000,21600,1.365196435870605,15.646791781719473,26.0,5.149403157489411,1.925052352392281,2.1072869092729696,0.34693686525951234,6.03173311635476,44.0,0.038461538461538464,-0.4504285128845277,-0.4504285128845277
416,H,blink_dist,11,19800,23400,1.0287052565046415,15.398590105897332,25.0,4.9585,1.5590951702830915,1.940444467166592,0.3447641377596969,5.770890188434048,37.0,0.04,-0.3106778035552012,-0.3106778035552012
416,H,blink_dist,12,21600,25200,0.8769759432606804,12.802579094038578,18.0,4.8542817679558015,1.3696224459184527,1.8334873955206188,0.30739668141995885,5.4171080083453695,25.0,0.05555555555555555,-0.22797227391447727,-0.22797227391447727
416,H,blink_dist,13,23400,27000,1.0553325609764475,16.149782802827346,16.0,4.967411545623836,1.4788576433608234,1.9609183357559568,0.34749277270732115,5.654106637113656,50.0,0.0625,-0.2149792276582482,-0.2149792276582482
416,H,blink_dist,14,25200,28800,1.673926214413534,19.739303026833085,21.0,5.039220462850182,1.6325469744379493,2.0258198176527302,0.40282548952250086,6.053559905355991,30.0,0.047619047619047616,-0.28331004847681546,-0.28331004847681546
416,L,blink_dist,0,0,3600,1.488094144692485,9.107790730126018,14.0,4.667216721672167,1.0741656051611292,1.6163989367022347,0.26916553959769,5.377077302455238,27.0,0.07142857142857142,-0.39117386187272235,-0.39117386187272235
416,L,blink_dist,1,1800,5400,2.0044274482624447,7.50197231585742,13.0,4.552224371373308,0.987190631189008,1.450676931135972,0.2535760676404727,5.215192985331476,20.0,0.07692307692307693,-0.5090849733692939,-0.5090849733692939
416,L,blink_dist,2,3600,7200,2.1496397007838524,11.877870082777275,24.0,4.719515795689401,1.3235773881502833,1.6659442815453587,0.32728975018205053,5.441472604855148,30.0,0.041666666666666664,-0.3188553515551317,-0.3188553515551317
416,L,blink_dist,3,5400,9000,2.722182653085836,16.49082864888336,24.0,4.990942994139584,1.6494693340961124,1.972992774681881,0.36906326647967985,6.012762296257349,62.0,0.041666666666666664,-0.6802290387169285,-0.6802290387169285
416,L,blink_dist,4,7200,10800,2.712407062002006,15.796478417054354,33.0,4.930882352941176,1.6191643953286499,1.906666357139678,0.360037689182027,5.969341925405194,62.0,0.030303030303030304,-0.08417389815520125,-0.08417389815520125
416,L,blink_dist,5,9000,12600,1.9274207086952126,8.703363002005537,22.0,4.646902654867256,1.2781742230643423,1.5635373447031036,0.26675699865745117,5.323052753431454,23.0,0.045454545454545456,0.3065883688118742,0.3065883688118742
416,L,blink_dist,6,10800,14400,2.319738180280109,17.151769299097275,34.0,4.968880909634949,1.6362359814812157,1.949577107586027,0.3807143299799624,5.99577075313127,34.0,0.029411764705882353,-0.943241224002823,-0.943241224002823
416,L,blink_dist,7,12600,16200,2.849345203115858,30.356031684633624,132.0,5.708412397216951,3.2330824170633403,2.5015086115955008,0.5094739969615939,7.31205245796122,134.0,0.007575757575757576,-0.8889064646426168,-0.8889064646426168
416,L,blink_dist,8,14400,18000,2.6124628244014727,34.115546642372806,132.0,5.958035237586759,3.9683815457600655,2.6324486541264647,0.536171760835937,7.647045999563985,142.0,0.007575757575757576,-0.8332125344891437,-0.8332125344891437
416,L,blink_dist,9,16200,19800,1.7717779643801101,24.235048051784137,86.0,5.478296311391889,2.5063375370112393,2.3781415724170833,0.4354230900993491,6.577868573374191,54.0,0.011627906976744186,-0.9209241532810831,-0.9209241532810831
416,L,blink_dist,10,18000,21600,1.1976376932735786,9.717517138360586,31.0,4.793421052631579,1.5181217209291233,1.7412531157193085,0.2659713515964683,5.561070831009482,33.0,0.03225806451612903,0.0029278682587117683,0.0029278682587117683
416,L,blink_dist,11,19800,23400,1.4316129517636875,16.845558208555552,16.0,5.052878179384203,1.5741006705108969,2.0400584338634165,0.351226206681097,6.087603945078321,35.0,0.0625,-0.6997567247029248,-0.6997567247029248
416,L,blink_dist,12,21600,25200,1.8299842616178188,12.313426321945428,14.0,4.7275469168900806,1.1735317738375772,1.6917495873125616,0.3139544018295131,5.644774011299435,27.0,0.07142857142857142,-0.3384589022834588,-0.3384589022834588
416,L,blink_dist,13,23400,27000,1.4635593278546364,13.093445092004453,16.0,4.78731045490822,1.3225945613412835,1.757557076417066,0.33130334184620086,5.615761724169827,25.0,0.0625,-0.18457390150488287,-0.18457390150488287
416,L,blink_dist,14,25200,28800,1.3507407006894507,18.52701536132824,19.0,5.162108731466227,1.8009920846581746,2.1386660519024727,0.3932748365124227,6.04388914129941,46.0,0.05263157894736842,-0.06323326944374408,-0.06323326944374408
416,M,blink_dist,0,0,3600,2.5331399725676467,31.892273641597356,63.0,5.430212583208074,2.1743111965936697,2.3566547335785697,0.5332908750401988,6.743451740222461,49.0,0.015873015873015872,-0.9744668620783417,-0.9744668620783417
416,M,blink_dist,1,1800,5400,2.8719951837643407,25.91587366032447,48.0,5.265197740112995,1.9403121917817856,2.2288098335456947,0.4722220677304353,6.577781220948249,57.0,0.020833333333333332,-0.5949660825576957,-0.5949660825576957
416,M,blink_dist,2,3600,7200,2.0378753040296678,17.797320917691504,19.0,5.0457777777777775,1.6549299936705004,2.02943991558334,0.3857039841355688,6.0661365877712035,42.0,0.05263157894736842,-0.4544224652027731,-0.4544224652027731
416,M,blink_dist,3,5400,9000,2.6951879652889845,14.84602802076666,22.0,4.821944177093359,1.3143392462552348,1.804585016795336,0.35654173482208473,5.815931941221964,31.0,0.045454545454545456,-0.8699189365001276,-0.8699189365001276
416,M,blink_dist,4,7200,10800,2.4850447033627234,5.112613770761557,13.0,4.552947910704064,1.036222145864952,1.4444492802602913,0.1986360364066437,5.117237953303527,19.0,0.07692307692307693,0.8085561577827602,0.8085561577827602
416,M,blink_dist,5,9000,12600,2.262665979393629,8.790433026952998,15.0,4.74000761324705,1.2760308535408909,1.6958833509572835,0.2661696810538354,5.441870534747781,33.0,0.06666666666666667,0.2988760707931329,0.2988760707931329
416,M,blink_dist,6,10800,14400,1.2108634929752315,14.392000633195261,18.0,4.9232851985559565,1.5384597887335438,1.9047271737469667,0.337288605123605,5.618215776752362,29.0,0.05555555555555555,-0.30660285273314924,-0.30660285273314924
416,M,blink_dist,7,12600,16200,1.351826877476543,16.50931691696896,29.0,4.963410301953819,1.7122722079353543,1.9297630441186069,0.36757216622750527,5.829288859739529,47.0,0.034482758620689655,-0.5427851676656935,-0.5427851676656935
416,M,blink_dist,8,14400,18000,2.4536254424772754,22.47459458755672,39.0,5.215742559298988,2.009342119308996,2.1756701117797332,0.4383857716670247,6.4790494058786745,59.0,0.02564102564102564,-0.4697160656324708,-0.4697160656324708
416,M,blink_dist,9,16200,19800,2.0282274984502013,23.9712703875505,28.0,5.182700493785118,1.8237027638419356,2.157836432866214,0.4529324208321192,6.330086401408838,46.0,0.03571428571428571,-0.1632521869851668,-0.1632521869851668
416,M,blink_dist,10,18000,21600,1.7042912448879808,23.7251281666776,22.0,5.2847599164926935,1.9266067758818053,2.2439236532128346,0.4371725540549406,6.261494060004027,68.0,0.045454545454545456,-0.4531013663269942,-0.4531013663269942
416,M,blink_dist,11,19800,23400,2.444153341966309,17.458305013854762,22.0,4.974674115456239,1.5050848438813216,1.9653649980457242,0.3855838605113191,6.04699190324895,45.0,0.045454545454545456,-0.9901268790666686,-0.9901268790666686
416,M,blink_dist,12,21600,25200,3.033036865638813,21.764981593928894,19.0,4.99009900990099,1.5431954900632334,1.9797889265200148,0.4396865438190886,6.139799970583909,54.0,0.05263157894736842,-0.5059572992770986,-0.5059572992770986
416,M,blink_dist,13,23400,27000,1.5361894138974084,16.140704771609496,32.0,4.849422055607622,1.523062469122542,1.8157967288569457,0.3758019402535015,5.612983382512812,31.0,0.03125,-0.38118366703363515,-0.38118366703363515
416,M,blink_dist,14,25200,28800,1.443241432660793,20.734001815082895,35.0,5.3464611872146115,2.255725599244461,2.2662333992787405,0.4119906146933174,6.1610393909301555,46.0,0.02857142857142857,-0.31711446087497747,-0.31711446087497747
417,H,blink_dist,0,0,3600,8.98411961617707,67.81527246866388,234.0,8.050209999788946,6.004675774618672,3.5704176860734766,0.7847328651435683,11.411474223072547,241.0,0.004273504273504274,-4.620465772684819,-4.620465772684819
417,H,blink_dist,1,1800,5400,5.8923812844711385,25.086746256356875,45.0,5.189424101385073,1.7912121129549925,2.1688161288095955,0.4730368237858235,6.624131647876096,48.0,0.022222222222222223,1.0459964100173063,1.0459964100173063
417,H,blink_dist,2,3600,7200,4.135458384973319,12.14484356894554,19.0,4.822546012269939,1.3279490700119139,1.801547154874538,0.32056971803785245,5.812213312791064,52.0,0.05263157894736842,-0.4348468006434126,-0.4348468006434126
417,H,blink_dist,3,5400,9000,4.405788619454928,10.06185103544289,14.0,4.662802419354839,1.074840921560489,1.6091232426476345,0.2906309820755264,5.545885364419385,31.0,0.07142857142857142,-1.4379234760741342,-1.4379234760741342
417,H,blink_dist,4,7200,10800,6.8285059430642105,25.54444699156487,107.0,5.320956975101106,2.1482461625851803,2.2673792076107606,0.4715507440970484,6.826977783798428,58.0,0.009345794392523364,-1.5514191731089828,-1.5514191731089828
417,H,blink_dist,5,9000,12600,5.0404353268777164,22.096553385136076,77.0,5.10297131147541,1.9365695122449704,2.073631125440339,0.44045906273371443,6.450227399294598,56.0,0.012987012987012988,-0.8645163710072813,-0.8645163710072813
417,H,blink_dist,6,10800,14400,5.084776896891953,30.76850583667366,67.0,5.430583277888667,2.1591698217966604,2.3608936210749807,0.5228566402372365,7.065200781051023,60.0,0.014925373134328358,-0.2653891502640049,-0.2653891502640049
417,H,blink_dist,7,12600,16200,4.872253629946917,37.128188652152105,95.0,5.711382318825962,2.8570886087947778,2.5401848795393978,0.5703855724247362,7.303152415732695,101.0,0.010526315789473684,-0.5791914007637543,-0.5791914007637543
417,H,blink_dist,8,14400,18000,4.076996516726883,29.16431593794076,79.0,5.41099076833612,2.301449053754251,2.335678760156442,0.5026093088857546,6.826809993880212,64.0,0.012658227848101266,-1.0615908344969929,-1.0615908344969929
417,H,blink_dist,9,16200,19800,3.628645101478462,18.16076876009702,21.0,4.980804056501268,1.526851217448969,1.9736148088244472,0.3962455595124378,6.099230951654978,46.0,0.047619047619047616,-0.3659876008173209,-0.3659876008173209
417,H,blink_dist,10,18000,21600,3.9740812661498914,19.180295582342232,40.0,5.124020186835606,1.8797112451962645,2.097559839554887,0.4036443365474664,6.272869233892377,49.0,0.025,-1.0380372810245095,-1.0380372810245095
417,H,blink_dist,11,19800,23400,5.38063228587023,25.64107892440048,89.0,5.377809600896581,2.1932001958994376,2.317699042088077,0.46734787177827786,6.773864589832405,59.0,0.011235955056179775,1.2052680419124409,1.2052680419124409
417,H,blink_dist,12,21600,25200,4.220180174366515,9.925285007040015,19.0,4.571652719665272,1.0311189041999125,1.4804799692602417,0.29860259496449715,5.359146797092589,28.0,0.05263157894736842,0.17868875747853133,0.17868875747853133
417,H,blink_dist,13,23400,27000,4.2461366049404115,11.597681216120137,14.0,4.648673100120627,1.0939994467076584,1.590685895020014,0.32128360713089993,5.555255626382204,34.0,0.07142857142857142,0.22028576585849846,0.22028576585849846
417,H,blink_dist,14,25200,28800,4.136496642196275,25.734751800436353,123.0,5.384503514583502,2.240366299267239,2.3246933323888017,0.47122004904137627,6.853279793328092,69.0,0.008130081300813009,-1.0864427659313753,-1.0864427659313753
417,L,blink_dist,0,0,3600,5.575920482914199,45.57121576715939,106.0,6.272623319269745,3.3948464688173297,2.8751506844671972,0.6357582789045491,8.210221597425178,109.0,0.009433962264150943,-2.3496475104991457,-2.3496475104991457
417,L,blink_dist,1,1800,5400,3.7968587447853532,12.791646683662737,19.0,4.842490842490842,1.3623158057916727,1.8259500608925883,0.3263666271213536,5.909579127785184,45.0,0.05263157894736842,-0.8975114294065185,-0.8975114294065185
417,L,blink_dist,2,3600,7200,4.913336669599876,11.435992964866596,17.0,4.737643097643097,1.2137777382508586,1.7048318694480593,0.3120068660821394,5.75412194975718,39.0,0.058823529411764705,-0.9261158615084863,-0.9261158615084863
417,L,blink_dist,3,5400,9000,7.808013780388791,24.671044556278385,23.0,5.108743539778023,1.6624883347194686,2.098311856657639,0.471205147088908,6.545546256695889,60.0,0.043478260869565216,0.4585529040528254,0.4585529040528254
417,L,blink_dist,4,7200,10800,5.388251496567921,18.18095579712508,34.0,4.924126856684063,1.4905913913845499,1.9131710606221046,0.4083644847345782,6.053790375741595,28.0,0.029411764705882353,-0.2480438045561789,-0.2480438045561789
417,L,blink_dist,5,9000,12600,4.233613625512759,14.85030843818974,18.0,4.78134110787172,1.2555229781876953,1.7583287364027338,0.36246109151276196,5.823921675608499,26.0,0.05555555555555555,-0.5843945744317134,-0.5843945744317134
417,L,blink_dist,6,10800,14400,3.5995579260476536,11.398713112935434,18.0,4.679723082528694,1.1335453115853449,1.6314328494738988,0.31292877745728864,5.6047130821808935,28.0,0.05555555555555555,-1.053502273499954,-1.053502273499954
417,L,blink_dist,7,12600,16200,5.146704946944257,19.64253015899618,31.0,5.100741457124436,1.8378864650717857,2.0716229962114285,0.4032662029924676,6.251280941040629,60.0,0.03225806451612903,1.4928281999752822,1.4928281999752822
417,L,blink_dist,8,14400,18000,6.8506767280713285,28.832603535671485,35.0,5.368775235531628,2.147773330788071,2.306610060443942,0.49520735113759834,6.878724575722244,89.0,0.02857142857142857,-2.6163905883405922,-2.6163905883405922
417,L,blink_dist,9,16200,19800,5.291006727747073,19.643886814211925,20.0,4.982693927559538,1.4900977186891533,1.978647367228721,0.41246003689134564,6.1387715672178285,77.0,0.05,2.1500569059433285,2.1500569059433285
417,L,blink_dist,10,18000,21600,4.582276374169374,13.631467583216267,19.0,4.778809727483808,1.284889270838977,1.7518277610838207,0.34524685139417094,5.730602325985072,62.0,0.05263157894736842,-0.2596868329856288,-0.2596868329856288
417,L,blink_dist,11,19800,23400,4.117153111473206,14.85680144634031,18.0,4.826569195865893,1.3472731151013007,1.8066365740335366,0.3589818198747643,5.824745837398885,43.0,0.05555555555555555,-1.0496534060856177,-1.0496534060856177
417,L,blink_dist,12,21600,25200,3.395468502390627,15.625690939112681,16.0,4.888300220750552,1.4219047360402342,1.8730155967827222,0.3685275176057166,5.877114670467759,43.0,0.0625,0.41947954316469593,0.41947954316469593
417,L,blink_dist,13,23400,27000,4.011250874731711,15.901307720488683,21.0,4.900834560628375,1.4534114358260415,1.8882647665399548,0.37154752233956134,5.997396753977181,51.0,0.047619047619047616,-0.6118597857058926,-0.6118597857058926
417,L,blink_dist,14,25200,28800,3.8533239645261053,20.050821391411766,29.0,5.148483235763704,1.769406676792658,2.129137924668695,0.4084385894369438,6.404530533979004,71.0,0.034482758620689655,0.05639251270471354,0.05639251270471354
417,M,blink_dist,0,0,3600,5.653310578994523,27.263120717666173,59.0,5.302868762365355,1.9893358558095342,2.2613118169208564,0.49611075792893977,6.648718239993942,81.0,0.01694915254237288,-0.6237892858656872,-0.6237892858656872
417,M,blink_dist,1,1800,5400,4.521003224826934,24.766019990319286,44.0,5.281968201341271,1.9261255633592513,2.24636499991318,0.46753251341697377,6.56556685685934,64.0,0.022727272727272728,-0.15095880435183145,-0.15095880435183145
417,M,blink_dist,2,3600,7200,3.9653279591009714,21.287900454785316,44.0,5.141258877322697,1.8023477060866469,2.1202211373190187,0.4323300395973398,6.378551051943421,51.0,0.022727272727272728,-0.39593459343556975,-0.39593459343556975
417,M,blink_dist,3,5400,9000,3.7127599097259303,13.532699183004427,19.0,4.797163336891871,1.2679834783134796,1.7762219480869983,0.34161299620972563,5.864364844903988,36.0,0.05263157894736842,-0.0849060338709671,-0.0849060338709671
417,M,blink_dist,4,7200,10800,2.4390738681678483,6.296742589948788,17.0,4.660688317983519,1.1377456902746406,1.6021411191046784,0.22165319781529555,5.370675975880673,31.0,0.058823529411764705,-0.19240054144962945,-0.19240054144962945
417,M,blink_dist,5,9000,12600,2.978248830642836,9.187838221964785,19.0,4.818846694796062,1.3566875843511585,1.7960544419604128,0.2702396850680869,5.61039973276918,35.0,0.05263157894736842,-0.4944230794084428,-0.4944230794084428
417,M,blink_dist,6,10800,14400,4.243948278178181,16.385890429519897,28.0,5.038305751649115,1.6210312309190966,2.0276974758102204,0.37028401306776265,6.058720285749477,44.0,0.03571428571428571,-0.19380527093856142,-0.19380527093856142
417,M,blink_dist,7,12600,16200,4.891022125900348,22.199724364961693,53.0,5.193765281173594,1.8471673294398432,2.168904313480715,0.4350477789171854,6.495160779151125,68.0,0.018867924528301886,-1.067786432525285,-1.067786432525285
417,M,blink_dist,8,14400,18000,5.925525649665498,21.07545954222343,53.0,5.048298572996707,1.6355456382886533,2.0390718227172218,0.4313402539848558,6.295263199307577,55.0,0.018867924528301886,0.7327051446123233,0.7327051446123233
417,M,blink_dist,9,16200,19800,4.309614054233126,13.112900894356253,17.0,4.755881166823498,1.2604546108093964,1.724699611412687,0.3408542529178697,5.721613886642195,29.0,0.058823529411764705,-1.2864031571137233,-1.2864031571137233
417,M,blink_dist,10,18000,21600,2.7209367444182893,5.441342225144414,10.0,4.473455598455598,0.841302325707498,1.329811124122999,0.2072247921852252,5.084917891097667,15.0,0.1,-0.6780401179069051,-0.6780401179069051
417,M,blink_dist,11,19800,23400,3.0748706451299106,8.251862318313576,16.0,4.677561837455831,1.216050178453836,1.619940577739327,0.2611920915107376,5.467000108731108,26.0,0.0625,0.9231462606452756,0.9231462606452756
417,M,blink_dist,12,21600,25200,2.971204654714782,5.21310453089048,15.0,4.499767981438515,0.9396523729008978,1.3710799953173038,0.20462658323118937,5.1818119937376625,19.0,0.06666666666666667,-0.4681013062579346,-0.4681013062579346
417,M,blink_dist,13,23400,27000,2.8697269910618832,4.49406932021218,10.0,4.4362637362637365,0.8246233217359639,1.2690749988574048,0.18574911359853946,5.067420848834561,19.0,0.1,-1.0262023788546173,-1.0262023788546173
417,M,blink_dist,14,25200,28800,2.765773483261936,5.982639430323822,13.0,4.573509933774835,1.0242125271026175,1.4819098496622094,0.2218266137648642,5.2393261492293,20.0,0.07692307692307693,0.45651523380045106,0.45651523380045106
418,H,blink_dist,0,0,3600,5.287332894496614,49.250935763852176,128.0,6.825782950929493,4.372661385910861,3.122851732868703,0.6584484597281678,8.99915357459898,147.0,0.0078125,-2.400921962715601,-2.400921962715601
418,H,blink_dist,1,1800,5400,5.852496233921588,54.5744346947966,168.0,7.16541245610263,5.243024108523793,3.2467666347540667,0.6935847923688915,9.526033661955992,145.0,0.005952380952380952,-2.317520918949793,-2.317520918949793
418,H,blink_dist,2,3600,7200,6.7177478571568905,59.72884031919042,168.0,7.46369146660328,5.613586143196129,3.3572281175315344,0.7298366003747349,10.128293544076158,129.0,0.005952380952380952,-2.349994384340721,-2.349994384340721
418,H,blink_dist,3,5400,9000,6.967009456606519,58.79280737512295,227.0,7.219278736522058,5.217282809838221,3.279534359660311,0.730489787215506,9.689561316809852,120.0,0.004405286343612335,-0.6120912136431166,-0.6120912136431166
418,H,blink_dist,4,7200,10800,5.905670976924973,52.30874922915472,202.0,6.737197798369679,4.308107830738969,3.0914499301758056,0.6829783838755396,9.015924305989467,88.0,0.0049504950495049506,-1.8823927547382606,-1.8823927547382606
418,H,blink_dist,5,9000,12600,4.605661121467949,41.467449546884374,109.0,5.99959857494104,3.111634924711145,2.7251094901203734,0.6029385753475968,7.838119927862939,80.0,0.009174311926605505,-1.0032710210868483,-1.0032710210868483
418,H,blink_dist,6,10800,14400,6.447609300931828,50.40257449486191,144.0,6.768839205509532,4.375654437717751,3.0958160675586015,0.6699694291122056,9.035717268915285,183.0,0.006944444444444444,-0.9395743864291879,-0.9395743864291879
418,H,blink_dist,7,12600,16200,6.784084507109746,53.5102197463252,145.0,6.767322752583152,4.251488316390535,3.106665602381656,0.6936371748717381,9.084726162575553,185.0,0.006896551724137931,-1.552565930154139,-1.552565930154139
418,H,blink_dist,8,14400,18000,6.290241452307814,51.901218892839005,147.0,7.006993726216188,4.968440884516759,3.1829703128253306,0.6775114271203657,9.200931114751272,122.0,0.006802721088435374,0.5285490451774121,0.5285490451774121
418,H,blink_dist,9,16200,19800,7.431941041046142,54.45993345885023,248.0,7.190380249716232,5.447598214133827,3.2469335233652954,0.6927920202202563,9.662889518413598,165.0,0.004032258064516129,-1.4607865303372756,-1.4607865303372756
418,H,blink_dist,10,18000,21600,5.242528102029058,46.53695217666846,160.0,6.556967459431613,4.247443810200188,2.998199845642603,0.6417241505386828,8.529847723959177,145.0,0.00625,-0.36000337765870855,-0.36000337765870855
418,H,blink_dist,11,19800,23400,4.2701762529488505,34.88781823486725,62.0,5.755801036781042,2.631656782671587,2.5854653216453434,0.5568558432522612,7.255763513184188,55.0,0.016129032258064516,-0.9570056658074062,-0.9570056658074062
418,H,blink_dist,12,21600,25200,4.7441965813863485,36.074206255681624,62.0,5.722892853327636,2.5062721035465088,2.567666709273369,0.5672216423689438,7.200671040540252,62.0,0.016129032258064516,-1.3716048668569285,-1.3716048668569285
418,H,blink_dist,13,23400,27000,3.7031759968986457,38.91052765520603,137.0,6.098086933008855,3.979776122541474,2.7424947628817824,0.5838477033432973,7.512974218077873,71.0,0.0072992700729927005,0.24477101555401237,0.24477101555401237
418,H,blink_dist,14,25200,28800,4.608184885179134,52.30003986204267,139.0,7.037453358208955,5.76634165884777,3.1711461746142295,0.6812319104317233,9.112414512576795,137.0,0.007194244604316547,-0.20151920935071294,-0.20151920935071294
418,L,blink_dist,0,0,3600,5.571527856201694,49.52451943062743,223.0,6.71137184816815,5.243096884363277,3.038984616510997,0.665579621851751,8.752238412094023,112.0,0.004484304932735426,-3.59536865341904,-3.59536865341904
418,L,blink_dist,1,1800,5400,3.908846766172174,33.22545185584746,178.0,5.772594959176429,3.1295155139562008,2.5801073213703622,0.5405188935610287,7.197692768134081,51.0,0.0056179775280898875,0.015932177916129022,0.015932177916129022
418,L,blink_dist,2,3600,7200,4.72859077666592,33.58308026470022,105.0,5.740674442776302,2.644074284323783,2.573432247650798,0.5439731381298707,7.247580899230388,86.0,0.009523809523809525,-0.6786979063335632,-0.6786979063335632
418,L,blink_dist,3,5400,9000,3.50229718403876,18.92675852066715,32.0,5.035675282125956,1.569392022367431,2.029037961364792,0.41219596736309694,6.118644641527317,39.0,0.03125,-0.02479397698993177,-0.02479397698993177
418,L,blink_dist,4,7200,10800,3.7372947265637793,27.725421309296372,57.0,5.431178834561286,2.1650621366975886,2.3615867128753223,0.4926829164048843,6.686649844833087,43.0,0.017543859649122806,-0.08486367078462315,-0.08486367078462315
418,L,blink_dist,5,9000,12600,3.055718792663387,19.436705122240635,29.0,4.998386879956984,1.5968942771870298,1.985894823369638,0.408699811294125,6.006876152427782,32.0,0.034482758620689655,-0.5617436829027277,-0.5617436829027277
418,L,blink_dist,6,10800,14400,4.518990603133204,28.988621863412874,38.0,5.454376163873371,2.142342569986824,2.379131662918961,0.5019988618328732,6.701632691581729,52.0,0.02631578947368421,-0.9903316060686281,-0.9903316060686281
418,L,blink_dist,7,12600,16200,2.9129823842890277,29.558527584486228,46.0,5.821274298056156,2.8326469347490435,2.6080583920990357,0.4960272417707151,6.995244171209836,56.0,0.021739130434782608,-0.4781990429316837,-0.4781990429316837
418,L,blink_dist,8,14400,18000,2.0580973600952386,20.50028328172173,33.0,5.187352710133543,1.9292913885892726,2.1525667009478218,0.4184614309995576,6.18107302533532,45.0,0.030303030303030304,-0.496051348423804,-0.496051348423804
418,L,blink_dist,9,16200,19800,2.6102744976392427,19.597836197189995,19.0,5.1110756463453555,1.6822561791359727,2.0983499476011165,0.4078670387232584,6.128637763780976,38.0,0.05263157894736842,-0.16755398883328487,-0.16755398883328487
418,L,blink_dist,10,18000,21600,2.5017846044343806,18.28263867606497,22.0,5.029861233093272,1.6335088725416227,2.0170306089322056,0.39152684135253857,6.0223422538669285,32.0,0.045454545454545456,-0.39808153201305363,-0.39808153201305363
418,L,blink_dist,11,19800,23400,4.013487121058077,31.843001782985226,43.0,5.661218424962853,2.585547761904666,2.513752358611688,0.5194974210392257,7.042976232228128,69.0,0.023255813953488372,-0.7611681983265253,-0.7611681983265253
418,L,blink_dist,12,21600,25200,4.649076246575548,25.699610039339642,39.0,5.368934826299167,2.0370469715034996,2.314490401930934,0.470416244352442,6.712604794822768,60.0,0.02564102564102564,-0.22335212329184562,-0.22335212329184562
418,L,blink_dist,13,23400,27000,5.40134951076521,31.728133289565903,161.0,5.5789610524673705,2.824930497303063,2.45397799197505,0.5339774242867831,7.125690607734807,131.0,0.006211180124223602,-1.3082450691543734,-1.3082450691543734
418,L,blink_dist,14,25200,28800,5.701693365584265,38.06064646985326,72.0,5.869653503845157,2.871072051187432,2.6483398207393636,0.5853121130453784,7.534149507771087,105.0,0.013888888888888888,0.7438465366414204,0.7438465366414204
418,M,blink_dist,0,0,3600,8.068344799153932,68.59624879731072,243.0,8.704954275952165,7.574629504793626,3.736260120465787,0.7913190581210727,11.897709514667143,180.0,0.00411522633744856,-4.521334418373919,-4.521334418373919
418,M,blink_dist,1,1800,5400,2.9519250167438944,18.700792727469494,18.0,4.999276725010849,1.5254718702642922,1.9929214124039194,0.4050188036037986,6.011283781070554,28.0,0.05555555555555555,-0.43312625680836925,-0.43312625680836925
418,M,blink_dist,2,3600,7200,2.8006748991412973,15.067641556782407,43.0,4.879756187661618,1.576559997461039,1.854665622114069,0.36482810147374184,5.809681667499206,48.0,0.023255813953488372,0.6866568442396248,0.6866568442396248
418,M,blink_dist,3,5400,9000,3.2281972771784195,20.324986021840566,51.0,5.218114837398374,2.0842425909353435,2.1688832035830172,0.41366198089074274,6.326497408150138,48.0,0.0196078431372549,-0.7729435354533958,-0.7729435354533958
418,M,blink_dist,4,7200,10800,3.388216675017982,19.093527689645907,69.0,5.226609885146471,2.20845736046202,2.1672605887572045,0.40332549182298616,6.3222731303576705,58.0,0.014492753623188406,0.5673639667544912,0.5673639667544912
418,M,blink_dist,5,9000,12600,4.770328717028744,31.928437012382552,72.0,5.708393199233717,2.687871235091227,2.5417357669924043,0.5284651393288375,7.22207477234247,58.0,0.013888888888888888,-1.3080996205218247,-1.3080996205218247
418,M,blink_dist,6,10800,14400,3.6612463782792757,33.599898783658794,65.0,5.79539468733539,2.7714870835510763,2.6009518737706125,0.543989843463693,7.241151020645199,62.0,0.015384615384615385,0.37445620472828,0.37445620472828
418,M,blink_dist,7,12600,16200,3.2863556548519917,20.876631898202604,32.0,5.210724250879534,1.8857637214992773,2.179136536177815,0.42424735834200117,6.392434728477792,50.0,0.03125,-0.5147300580635423,-0.5147300580635423
418,M,blink_dist,8,14400,18000,2.8318545622060634,16.490681828437346,24.0,5.073052229741454,1.7438941851227243,2.052541965663819,0.3689871846938315,6.194791666666666,47.0,0.041666666666666664,-0.3138589884936719,-0.3138589884936719
418,M,blink_dist,9,16200,19800,2.3889819504572407,15.590190021529533,26.0,5.092159860231492,1.7778519309302634,2.068562504232046,0.36182653347775506,6.084153128337737,50.0,0.038461538461538464,-0.5661885065637792,-0.5661885065637792
418,M,blink_dist,10,18000,21600,2.5734882455705153,12.875435253517717,18.0,4.937871935253511,1.5519861249200997,1.9213052467530443,0.32838132242587503,5.831202468863661,34.0,0.05555555555555555,-0.1182354622027423,-0.1182354622027423
418,M,blink_dist,11,19800,23400,3.578872647528764,21.132757581843745,25.0,5.190638017978514,1.825045628594532,2.1656255193203604,0.4235500212001517,6.3694543257936775,58.0,0.04,-0.2589470341020117,-0.2589470341020117
418,M,blink_dist,12,21600,25200,4.903449266199728,25.05212065932634,80.0,5.300503135984561,2.0546635188494164,2.2577740321612088,0.4677812886833018,6.591366014871936,36.0,0.0125,-0.19370577089666172,-0.19370577089666172
418,M,blink_dist,13,23400,27000,4.31224963026063,24.066926450542287,46.0,5.238490687736838,2.0058879818261555,2.1986711704203805,0.4616269335624963,6.4760184992725005,38.0,0.021739130434782608,-1.989922212052255,-1.989922212052255
418,M,blink_dist,14,25200,28800,3.4465667309480996,18.31470255640213,28.0,5.089246619446233,1.7584000254258096,2.0691027591690205,0.39554715162300946,6.152759254586742,35.0,0.03571428571428571,-0.14722232757073708,-0.14722232757073708
419,H,blink_dist,0,0,3600,3.1288440475355688,42.91023631694753,137.0,6.1102791509159635,3.576762854699776,2.7766416277949824,0.6121829069690271,7.7532085475059,149.0,0.0072992700729927005,-1.6397287353961134,-1.6397287353961134
419,H,blink_dist,1,1800,5400,3.380230080995245,27.91620790193697,28.0,5.352541451481381,1.9369714516909564,2.3072683376151844,0.49516584049636375,6.731106471816284,41.0,0.03571428571428571,-1.0404541915076706,-1.0404541915076706
419,H,blink_dist,2,3600,7200,3.856103299246018,27.805692366959253,30.0,5.350390562729157,1.9147227387918058,2.306954110665626,0.4936063393962993,6.7601974244057415,41.0,0.03333333333333333,-1.093753051804362,-1.093753051804362
419,H,blink_dist,3,5400,9000,4.711579331397489,35.22009167096092,129.0,5.863415735410317,3.339835621686604,2.624313861409302,0.5567095413739795,7.481502574149164,119.0,0.007751937984496124,1.313908624584396,1.313908624584396
419,H,blink_dist,4,7200,10800,5.176926218726295,39.55495354843089,197.0,6.215359255308834,3.8122789857327564,2.8306968692372996,0.5909808979299663,8.050500168123738,100.0,0.005076142131979695,-1.1224776189860333,-1.1224776189860333
419,H,blink_dist,5,9000,12600,5.0495080976875455,37.5080664549354,69.0,5.853672985781991,2.628963256608158,2.653576274960383,0.5774300590907365,7.617715179968701,71.0,0.014492753623188406,-1.1514752812882187,-1.1514752812882187
419,H,blink_dist,6,10800,14400,4.681358059615452,33.644174207372835,70.0,5.5887887547469255,2.4475181952969787,2.4713671764300553,0.543302761058565,7.152662668733014,69.0,0.014285714285714285,-0.3723732167123765,-0.3723732167123765
419,H,blink_dist,7,12600,16200,3.8544101413131973,28.525724705248546,70.0,5.617726271117277,3.109884382801177,2.4394607079339368,0.4980833385134995,6.871926815323042,65.0,0.014285714285714285,-0.4591466442311618,-0.4591466442311618
419,H,blink_dist,8,14400,18000,3.766046465045633,29.18400325737044,137.0,5.746930593836131,3.6173713388225543,2.5185430144399645,0.5064977754026119,7.110995325572394,65.0,0.0072992700729927005,-0.7787873625261268,-0.7787873625261268
419,H,blink_dist,9,16200,19800,3.245256642010986,24.41415767169204,210.0,5.455565332160141,3.515646761365451,2.330678077874814,0.4597453351643213,6.762425339366516,45.0,0.004761904761904762,-0.0816929779028474,-0.0816929779028474
419,H,blink_dist,10,18000,21600,3.522742864736967,33.69577538870323,92.0,5.75757340977764,2.933477051436801,2.568980697232885,0.5378115633827724,7.280006137793463,81.0,0.010869565217391304,-1.065582159795149,-1.065582159795149
419,H,blink_dist,11,19800,23400,4.311307212165946,39.42106413643117,97.0,5.9863283447732645,3.2634042746252274,2.705612655148798,0.5912400105220649,7.779695307739184,76.0,0.010309278350515464,-0.943313829226581,-0.943313829226581
419,H,blink_dist,12,21600,25200,3.5136541207390923,22.499681777680795,64.0,5.325263610931784,2.2221600475593175,2.258644061398338,0.4412561598748932,6.5570492467743025,51.0,0.015625,-0.534553366821288,-0.534553366821288
419,H,blink_dist,13,23400,27000,2.631774408748451,15.404644274772096,25.0,4.9620723362658845,1.5577913804460424,1.949341707360452,0.3616337505007223,5.974481098967211,35.0,0.04,-0.6791918225555071,-0.6791918225555071
419,H,blink_dist,14,25200,28800,2.41404388250059,18.633503384481013,32.0,5.017103153393907,1.6000600212148477,2.007260554799371,0.4001594643058009,6.1142958244869074,87.0,0.03125,-0.3614589767635086,-0.3614589767635086
419,L,blink_dist,0,0,3600,4.12200896063903,52.31575847290144,189.0,7.401589912280702,5.95886554744521,3.3116455707335852,0.6707096854195569,9.85969409553106,121.0,0.005291005291005291,-1.8871478054774533,-1.8871478054774533
419,L,blink_dist,1,1800,5400,4.157996553305484,32.98900161729623,65.0,5.73449081803005,2.7099068294939666,2.5630958102015438,0.529735585511177,7.399044910661587,65.0,0.015384615384615385,-0.6656384608133074,-0.6656384608133074
419,L,blink_dist,2,3600,7200,3.5790483525972645,24.300429337784404,22.0,5.273000193685841,1.91741694602807,2.236313868723846,0.45693010095239794,6.567822433203965,64.0,0.045454545454545456,-0.6446089809087059,-0.6446089809087059
419,L,blink_dist,3,5400,9000,3.1730738052334875,27.647118046816008,25.0,5.49924902373085,2.1589659355470854,2.4136220616015076,0.4799295242889504,6.85219391238725,66.0,0.04,0.6880320376872698,0.6880320376872698
419,L,blink_dist,4,7200,10800,2.908909221337432,20.17055438411527,19.0,5.12529649783731,1.6581539435409316,2.1144290614633,0.4101926287120014,6.237558450233801,44.0,0.05263157894736842,0.5928862388779833,0.5928862388779833
419,L,blink_dist,5,9000,12600,2.0526025834075954,6.971821669533007,19.0,4.596716264751154,1.0917431103664461,1.5089580443418702,0.23865201590624344,5.345098039215686,27.0,0.05263157894736842,-0.3936469870221757,-0.3936469870221757
419,L,blink_dist,6,10800,14400,2.123331860072956,13.031572770835998,27.0,4.929709732498577,1.686232569962468,1.8967374227323874,0.32462330081019475,5.877485698719695,54.0,0.037037037037037035,-0.0704414239326054,-0.0704414239326054
419,L,blink_dist,7,12600,16200,3.110458908095228,18.50665023365686,35.0,5.054417952314165,1.9149110707198673,2.0166847620304695,0.39717044112360705,6.202413889891335,76.0,0.02857142857142857,-0.8851677737049918,-0.8851677737049918
419,L,blink_dist,8,14400,18000,2.4726175630633445,8.896109768860063,19.0,4.770003463803256,1.337332944413611,1.7296434953143638,0.26377278776211577,5.531224600379301,39.0,0.05263157894736842,-0.688511892123297,-0.688511892123297
419,L,blink_dist,9,16200,19800,1.7979580195866427,7.761125078846137,16.0,4.709433962264151,1.222075673531884,1.6536064627450369,0.24521814838176634,5.343529184009292,22.0,0.0625,-0.3816024149436779,-0.3816024149436779
419,L,blink_dist,10,18000,21600,2.7098034323505935,21.446886770765175,66.0,5.0744769874476985,1.8303283076829835,2.0539352011559515,0.4282156477862856,6.182332666695034,44.0,0.015151515151515152,0.3307904426983714,0.3307904426983714
419,L,blink_dist,11,19800,23400,3.4789763294923675,26.744137997529855,43.0,5.324892586159613,1.9909139010798926,2.280225417651354,0.4803490342101276,6.692285549798503,67.0,0.023255813953488372,-0.9385670771874652,-0.9385670771874652
419,L,blink_dist,12,21600,25200,2.944369698798385,20.84987956513248,58.0,5.110771276595744,1.7522298683437214,2.095855278151714,0.41944968860534254,6.26005991417699,58.0,0.017241379310344827,0.16824695815945137,0.16824695815945137
419,L,blink_dist,13,23400,27000,3.9101725407799486,21.01586627232471,44.0,5.245844804731314,2.0272505750485807,2.202898699553748,0.41892841386297164,6.539680515256832,83.0,0.022727272727272728,-1.49077205081535,-1.49077205081535
419,L,blink_dist,14,25200,28800,5.088067373629321,28.934381455273783,121.0,5.729284515447255,3.034048039867053,2.536114266367774,0.4928360195643848,7.200577928630401,94.0,0.008264462809917356,-1.0796316178138188,-1.0796316178138188
419,M,blink_dist,0,0,3600,4.854970640481713,49.14112750662127,184.0,6.745032514450867,4.754810337974263,3.071473071954516,0.6580713615950254,8.835670900055218,95.0,0.005434782608695652,-1.840939237857266,-1.840939237857266
419,M,blink_dist,1,1800,5400,3.059616250546483,19.015176431893998,27.0,5.104835318850736,1.7631906791149952,2.0845022045705988,0.4005074472583752,6.17333226040074,41.0,0.037037037037037035,-0.9670900237942599,-0.9670900237942599
419,M,blink_dist,2,3600,7200,3.1622759301147467,15.015102993322355,37.0,4.997646267652993,1.6687708272653776,1.9805130676996587,0.35359946255568914,6.145239871834263,51.0,0.02702702702702703,-1.244039634729273,-1.244039634729273
419,M,blink_dist,3,5400,9000,4.708608318421031,30.322746979123554,63.0,5.505759162303665,2.2527430703091222,2.4154299684672673,0.5178199483007782,7.037528815122176,80.0,0.015873015873015872,-1.7173727852439609,-1.7173727852439609
419,M,blink_dist,4,7200,10800,4.9002865749667235,42.190545729540844,84.0,6.05421207727209,3.149384001583598,2.7577183834846237,0.6081892027563547,7.935417331206805,102.0,0.011904761904761904,-0.9469914778679779,-0.9469914778679779
419,M,blink_dist,5,9000,12600,5.54983626683594,36.44325609373516,214.0,5.903076923076923,3.603258670984781,2.645737870048087,0.5620267263784117,7.695395164627298,134.0,0.004672897196261682,-0.7058859407507865,-0.7058859407507865
419,M,blink_dist,6,10800,14400,3.495476632743342,23.08325031759233,97.0,5.362420382165605,2.316760147542595,2.2953298986217825,0.4379712476123454,6.62356599861783,103.0,0.010309278350515464,-0.5565817474690484,-0.5565817474690484
419,M,blink_dist,7,12600,16200,3.2468539608155336,27.507883641873576,81.0,5.604951884522855,2.652866755520197,2.4683516251828173,0.47958124455770434,7.005173900546134,49.0,0.012345679012345678,-0.4685593801507134,-0.4685593801507134
419,M,blink_dist,8,14400,18000,4.262588988627249,35.90397925496236,106.0,6.005202130993419,3.431695209400027,2.7048472757569537,0.5471016529328222,7.7422245790799415,87.0,0.009433962264150943,-0.6554555155786279,-0.6554555155786279
419,M,blink_dist,9,16200,19800,5.589449773188717,45.80726837311782,163.0,6.356505531982393,3.804940900653346,2.913292945637916,0.6329705910089819,8.444925270703065,104.0,0.006134969325153374,0.8680149248417005,0.8680149248417005
419,M,blink_dist,10,18000,21600,5.391733651561834,35.77436164823477,108.0,5.791099175139076,2.6520519294231466,2.610798184802809,0.5551090360214369,7.5957800433751546,75.0,0.009259259259259259,-2.43319736448952,-2.43319736448952
419,M,blink_dist,11,19800,23400,4.957262936724931,22.308111190949543,59.0,5.178622185653377,1.963681198476695,2.1457407590878166,0.4402350257290985,6.5024629369630915,43.0,0.01694915254237288,-0.7572408419071859,-0.7572408419071859
419,M,blink_dist,12,21600,25200,3.879647778425047,32.71301233093851,79.0,5.853469868866951,3.2069426993676764,2.6148967753506582,0.528698766906149,7.368200596740877,83.0,0.012658227848101266,-0.83632708156237,-0.83632708156237
419,M,blink_dist,13,23400,27000,4.056023720823175,32.38568564981274,83.0,5.762859145059566,3.1901160792266032,2.5520417859976154,0.5286164921414422,7.277705486879202,83.0,0.012048192771084338,-0.6181522619178477,-0.6181522619178477
419,M,blink_dist,14,25200,28800,4.134100663989454,32.00278190985839,54.0,5.547013126171979,2.4078238397513587,2.4398165904306053,0.5276915943820876,7.129221694419794,78.0,0.018518518518518517,-1.218701886928079,-1.218701886928079
420,H,blink_dist,0,0,3600,2.475237165902802,28.616047805268387,39.0,5.53124610203318,2.1626636329310434,2.4413090375844924,0.48928769633845715,6.855734888557349,60.0,0.02564102564102564,0.530009611509893,0.530009611509893
420,H,blink_dist,1,1800,5400,2.28373461442561,25.71044882600211,51.0,5.47171777314677,2.4245115760481397,2.3703936941969883,0.46273072538171545,6.67723052079128,60.0,0.0196078431372549,-0.7645360725851469,-0.7645360725851469
420,H,blink_dist,2,3600,7200,2.0695661091118893,24.965847258132982,51.0,5.327239789196311,2.13512466500708,2.2715079772487465,0.4612781229498707,6.491310959052894,42.0,0.0196078431372549,-0.422049801929781,-0.422049801929781
420,H,blink_dist,3,5400,9000,1.8457178518426112,19.53336621924518,69.0,5.232035234121465,2.3797326869321047,2.1623654527898313,0.39994461320109737,6.127146171693735,42.0,0.014492753623188406,-0.07247857650235391,-0.07247857650235391
420,H,blink_dist,4,7200,10800,1.6601573263183351,20.16471991840976,48.0,5.3766033863519755,2.571459280128234,2.2680935842070395,0.3978053380029634,6.233303181064375,61.0,0.020833333333333332,-0.08240103103651168,-0.08240103103651168
420,H,blink_dist,5,9000,12600,1.7902110233845876,12.727970305863877,20.0,4.881930184804928,1.6218758114483094,1.8381432556204487,0.31942164245690424,5.570606084182681,51.0,0.05,-0.40971597979621666,-0.40971597979621666
420,H,blink_dist,6,10800,14400,2.3213514722727018,18.737614224375207,33.0,4.9162303664921465,1.495442368291908,1.9005594375591117,0.3972943961246284,5.882328969487036,36.0,0.030303030303030304,-0.716137405958672,-0.716137405958672
420,H,blink_dist,7,12600,16200,2.4468847571220853,33.53156599450345,79.0,5.763042746549983,3.0530950995759483,2.5519405879312163,0.5315953703643259,7.1223597323654175,67.0,0.012658227848101266,-1.0892357758651243,-1.0892357758651243
420,H,blink_dist,8,14400,18000,2.686115194479155,32.437382555124756,62.0,6.026071586389748,3.3158893686434756,2.7050410326458723,0.5186871149592065,7.279931561156784,110.0,0.016129032258064516,0.2593175955496387,0.2593175955496387
420,H,blink_dist,9,16200,19800,2.6009781021967764,29.046145153960474,25.0,5.533754533754534,2.162818314231211,2.441348723525148,0.49070525811562693,6.762599974609623,67.0,0.04,0.1595529295158218,0.1595529295158218
420,H,blink_dist,10,18000,21600,2.862107780364192,29.971760556305878,36.0,5.488400613183444,2.170384900239442,2.4021037271241905,0.5070068422051323,6.784399387625555,55.0,0.027777777777777776,-0.9689330108509479,-0.9689330108509479
420,H,blink_dist,11,19800,23400,2.287887643317433,22.135960288481005,36.0,5.156285574890226,1.8373799624595657,2.131156782823516,0.4338734788770744,6.130209617755857,48.0,0.027777777777777776,-0.35886260579199136,-0.35886260579199136
420,H,blink_dist,12,21600,25200,2.3611726300700697,20.3672008713241,33.0,5.177472055030095,1.8995790292210861,2.1456269490532107,0.41315509974902076,6.19119063307821,42.0,0.030303030303030304,-0.7914828332482428,-0.7914828332482428
420,H,blink_dist,13,23400,27000,2.7430596098612714,19.321722015501166,30.0,5.073547400611621,1.7872134915188722,2.050319393279283,0.40427359386009354,6.25454954954955,47.0,0.03333333333333333,-0.07935546998309018,-0.07935546998309018
420,H,blink_dist,14,25200,28800,2.4174301983662305,21.82063260276326,59.0,5.26530612244898,2.238581094008377,2.203729783216423,0.41828825912001216,6.482514976191696,45.0,0.01694915254237288,-0.27562493745843136,-0.27562493745843136
420,L,blink_dist,0,0,3600,2.016295526980232,15.804483878634239,22.0,4.850474106491612,1.4084460570162594,1.8318779041256228,0.3645211122554068,5.817497945508566,39.0,0.045454545454545456,0.14599020226908585,0.14599020226908585
420,L,blink_dist,1,1800,5400,2.6343141456476817,14.938667604489423,19.0,4.905814416567105,1.4146675908072839,1.8964688378568635,0.3534267922217304,5.833124843632724,33.0,0.05263157894736842,0.5588888747993402,0.5588888747993402
420,L,blink_dist,2,3600,7200,4.092426616378811,26.470496397430193,41.0,5.314135715405109,1.9280594929404802,2.2737608715157984,0.47671990507638384,6.691970522970715,61.0,0.024390243902439025,-1.6647449899769042,-1.6647449899769042
420,L,blink_dist,3,5400,9000,3.753715163874527,22.582031565823126,19.0,5.091920936480522,1.6296976367247902,2.0831596671945443,0.44488108561240164,6.329307422206078,51.0,0.05263157894736842,0.2632088625623425,0.2632088625623425
420,L,blink_dist,4,7200,10800,4.450896902495347,28.50765123022595,57.0,5.422622704621475,2.220344541193631,2.3507411191799967,0.4916525508885763,6.858301419238567,85.0,0.017543859649122806,-1.0217264247584075,-1.0217264247584075
420,L,blink_dist,5,9000,12600,3.543683714264584,18.679570163893047,32.0,5.0451667884100315,1.6652627318518212,2.031881639724198,0.3966157618592575,6.119553500017387,69.0,0.03125,-0.8351900311242783,-0.8351900311242783
420,L,blink_dist,6,10800,14400,2.919148034874581,10.75878371353685,16.0,4.7758076269128,1.2450602360575216,1.7506798208726309,0.2950211487636318,5.640043935352267,61.0,0.0625,-0.48565683386524205,-0.48565683386524205
420,L,blink_dist,7,12600,16200,3.308829930431974,16.690401594987183,18.0,4.965388481976159,1.4917388781811114,1.9589518922797788,0.3764343540157085,6.100371601799335,57.0,0.05555555555555555,-0.3243941423686193,-0.3243941423686193
420,L,blink_dist,8,14400,18000,2.6249858038291247,23.066016782587003,39.0,5.261799000555247,1.9733175378213788,2.2209096899959158,0.43497203916342636,6.522080291970803,49.0,0.02564102564102564,-0.42821187028434055,-0.42821187028434055
420,L,blink_dist,9,16200,19800,2.4278926365360163,29.618152870432507,126.0,6.03390966358397,5.187780907919418,2.5822816227835013,0.497065750865143,7.229952153110048,128.0,0.007936507936507936,0.8296318093917061,0.8296318093917061
420,L,blink_dist,10,18000,21600,3.544290695410312,28.485736175582495,126.0,5.6289072936147475,3.7315599600880227,2.4158311490334037,0.491921672900987,6.924601915878957,128.0,0.007936507936507936,-1.1154645655398263,-1.1154645655398263
420,L,blink_dist,11,19800,23400,4.641584821382221,29.972194118092407,102.0,5.645621313281908,2.6543932589086334,2.5065225165681406,0.504403171522372,7.177362093871655,106.0,0.00980392156862745,0.25851173789192244,0.25851173789192244
420,L,blink_dist,12,21600,25200,3.813279182096101,19.691701922674152,71.0,5.26427771556551,2.298115119162887,2.2028746696616777,0.4054224437649227,6.363974093434592,70.0,0.014084507042253521,-0.26592231663309857,-0.26592231663309857
420,L,blink_dist,13,23400,27000,2.6375407296328675,12.035270677010471,20.0,4.985699949824386,1.770031571883558,1.9476882681961358,0.3152619562386827,5.885472018089316,58.0,0.05,-0.04585856402253533,-0.04585856402253533
420,L,blink_dist,14,25200,28800,2.141349616188251,15.542410431228042,33.0,5.156149467953477,2.000276501903799,2.109487607376978,0.3575030397063979,6.054383527033855,71.0,0.030303030303030304,-0.24182776473759934,-0.24182776473759934
420,M,blink_dist,0,0,3600,5.677174521934462,54.72864421992071,244.0,7.005294054092988,5.476193897160593,3.1707628759230957,0.7037243366280362,9.235884937779256,117.0,0.004098360655737705,-1.6662699787311048,-1.6662699787311048
420,M,blink_dist,1,1800,5400,3.9934407700610066,27.59700650776572,72.0,5.32738784649834,2.1881937922615777,2.2715465884725776,0.4968421136839074,6.678225806451613,45.0,0.013888888888888888,-0.7196949382497118,-0.7196949382497118
420,M,blink_dist,2,3600,7200,3.1133820015075493,35.478392924022515,39.0,5.647827507350539,2.307633884174793,2.521864446624814,0.5579130176027253,7.299023391616606,66.0,0.02564102564102564,-1.8119823961760222,-1.8119823961760222
420,M,blink_dist,3,5400,9000,2.629681921114494,26.196767315997594,26.0,5.2691508857666465,1.7882416667907142,2.2425582452719306,0.4645297665688722,6.696965716537502,79.0,0.038461538461538464,-1.4040502037237796,-1.4040502037237796
420,M,blink_dist,4,7200,10800,3.3050283116771513,24.092000908603215,19.0,5.15235142118863,1.6472178095694159,2.142131507987267,0.45439343485846573,6.46756552245993,53.0,0.05263157894736842,-0.4688258481525658,-0.4688258481525658
420,M,blink_dist,5,9000,12600,3.7432686988927864,24.761998233388947,19.0,5.205795281241589,1.8126551340625507,2.1792722371351445,0.4618471753425476,6.432646875278595,49.0,0.05263157894736842,-0.44131179849356766,-0.44131179849356766
420,M,blink_dist,6,10800,14400,3.4671401971506706,19.764581221781995,28.0,5.078844560198887,1.7149641716282553,2.0634723616018786,0.40770754630056205,6.246259175607002,52.0,0.03571428571428571,-0.8749847846079877,-0.8749847846079877
420,M,blink_dist,7,12600,16200,2.8405759228788923,22.415286165750082,48.0,5.361398789509079,2.1057426669068278,2.301724083078438,0.42407244958781787,6.553508581359982,86.0,0.020833333333333332,-0.34235343497752824,-0.34235343497752824
420,M,blink_dist,8,14400,18000,2.506640453600205,19.916777120717782,19.0,5.099526839614946,1.6632509603762855,2.085836973306506,0.41160277324632955,6.208978179371335,40.0,0.05263157894736842,-0.7511468983780039,-0.7511468983780039
420,M,blink_dist,9,16200,19800,2.1089400176439836,27.675528289025223,35.0,5.563337393422655,2.2943972577875282,2.4577593871601877,0.4796864349011588,6.896765762822607,52.0,0.02857142857142857,-0.6117492922302035,-0.6117492922302035
420,M,blink_dist,10,18000,21600,2.4501592606714073,30.54918118285178,45.0,5.660103877279865,2.5369722277531634,2.5150725438534742,0.5042603264837802,7.052609984043766,67.0,0.022222222222222223,-0.8632715795483533,-0.8632715795483533
420,M,blink_dist,11,19800,23400,1.9653570303032142,21.000316967514895,23.0,5.221054758537078,1.764709052174953,2.1979219321106327,0.41053388707829097,6.22842170160296,41.0,0.043478260869565216,-0.08622656801885552,-0.08622656801885552
420,M,blink_dist,12,21600,25200,2.1483618457402143,21.86649615607667,21.0,5.233096085409253,1.7809112450242517,2.2054334543968346,0.42231111243289865,6.3552447552447555,63.0,0.047619047619047616,1.7462677040036685,1.7462677040036685
420,M,blink_dist,13,23400,27000,2.371107953034355,18.667097808586462,19.0,4.9990979613927475,1.5100239659485044,1.9934886116700605,0.4010664025922408,6.108711266160476,35.0,0.05263157894736842,-0.8818564632906366,-0.8818564632906366
420,M,blink_dist,14,25200,28800,2.01369189732882,16.185044460485297,18.0,4.933268858800774,1.4397626171927544,1.9209281799476552,0.36504398454789916,5.939980638915779,70.0,0.05555555555555555,0.1398950117895118,0.1398950117895118
421,H,blink_dist,0,0,3600,2.9012580642636494,29.00904571305875,61.0,5.680862533692722,2.678845007982424,2.524132765118524,0.5007625266333761,7.158710794537798,58.0,0.01639344262295082,-0.8644637968664022,-0.8644637968664022
421,H,blink_dist,1,1800,5400,2.5026631297768818,29.704682822841605,66.0,5.7084508769778,3.051099773662984,2.5106918026060074,0.5082110557254004,7.036585365853658,63.0,0.015151515151515152,-0.2347023635540053,-0.2347023635540053
421,H,blink_dist,2,3600,7200,2.4526670511945468,22.530267211118275,63.0,5.323126634866902,2.448592363955259,2.2411375522362817,0.43501422998521644,6.411903047756179,63.0,0.015873015873015872,-0.5829034242733537,-0.5829034242733537
421,H,blink_dist,3,5400,9000,3.145823546427908,21.090259159964255,45.0,5.243120424135319,2.1071927547375986,2.1923904110519254,0.41881956292143957,6.4607190412782955,66.0,0.022222222222222223,-0.8144792759424795,-0.8144792759424795
421,H,blink_dist,4,7200,10800,3.7578522195783046,25.89050412309785,69.0,5.341576778040866,2.1715951565479856,2.28407321405015,0.4724900110516025,6.749119611414693,66.0,0.014492753623188406,0.6190655113786167,0.6190655113786167
421,H,blink_dist,5,9000,12600,3.639778413546158,29.59739849386487,71.0,5.388112167452265,2.1964068773636387,2.325186159335788,0.5029688240560325,6.878968849408799,76.0,0.014084507042253521,-0.757919381977682,-0.757919381977682
421,H,blink_dist,6,10800,14400,3.172562663216032,25.258033008085874,31.0,5.238826232247285,1.8827029021928312,2.2077953005506648,0.46246060276510687,6.518326650817869,65.0,0.03225806451612903,-0.03472590602668364,-0.03472590602668364
421,H,blink_dist,7,12600,16200,2.586714045272168,24.810887915969396,31.0,5.253530334728033,1.9351206770236886,2.2185739354056935,0.46378310619299623,6.5337538060026095,39.0,0.03225806451612903,-0.7823610570754762,-0.7823610570754762
421,H,blink_dist,8,14400,18000,2.505905686950113,32.15027855330758,128.0,5.699853090744717,3.302314119063928,2.512765053790223,0.5320623143509134,7.063936021664621,70.0,0.0078125,-0.42520069912485275,-0.42520069912485275
421,H,blink_dist,9,16200,19800,2.6244107690594873,32.702174667226615,128.0,5.775556272170268,3.4361759750067,2.5615876347838626,0.5344702710269567,7.192857435393374,65.0,0.0078125,0.5942806360578151,0.5942806360578151
421,H,blink_dist,10,18000,21600,3.595995905113513,30.462361244986162,51.0,5.450997535966934,2.2118726392731807,2.3748311820686085,0.5154979189524135,6.83023365311047,70.0,0.0196078431372549,-0.6669823681444679,-0.6669823681444679
421,H,blink_dist,11,19800,23400,4.0184547825402195,28.15025340355759,92.0,5.455588937678145,2.9419000632280223,2.333141455603907,0.49946934313822916,6.7812946922474975,82.0,0.010869565217391304,0.37426701664538464,0.37426701664538464
421,H,blink_dist,12,21600,25200,3.1185732876223287,24.22632889089214,81.0,5.499244273921637,3.18152594258024,2.3367201274785923,0.45249131828844796,6.697255704647108,68.0,0.012345679012345678,-0.17722761950457938,-0.17722761950457938
421,H,blink_dist,13,23400,27000,2.867842154872517,22.751349273981987,45.0,5.445673910145314,2.337110752809105,2.3559305215472017,0.4296762299419074,6.720196872686093,52.0,0.022222222222222223,-0.4560609891675826,-0.4560609891675826
421,H,blink_dist,14,25200,28800,4.0234863367745435,28.549763785779508,82.0,5.671898414701475,2.938536143858078,2.4973798260337445,0.48978323871531226,7.218295644033584,74.0,0.012195121951219513,-0.9367604809333387,-0.9367604809333387
421,L,blink_dist,0,0,3600,3.0497767667104703,34.16574574060786,94.0,6.09825184631205,3.987239360041995,2.7313583822331218,0.5437330763469526,7.426267033871025,78.0,0.010638297872340425,-1.2242698967323642,-1.2242698967323642
421,L,blink_dist,1,1800,5400,3.6448099677804824,37.040883851995986,64.0,6.023446408209806,3.147881295624944,2.7262080240903477,0.5573070737083832,7.642766993208727,80.0,0.015625,-1.5041554300444608,-1.5041554300444608
421,L,blink_dist,2,3600,7200,4.15553668234648,40.86455486494694,75.0,6.371711117770452,3.788621100615732,2.9057636275009453,0.5850582532855161,8.10344460416334,118.0,0.013333333333333334,-1.5506287492663537,-1.5506287492663537
421,L,blink_dist,3,5400,9000,5.012769765182955,43.0623534210258,141.0,6.504307647879867,4.352406295098805,2.9513551312590947,0.6051066840012236,8.39379406369483,97.0,0.0070921985815602835,-0.7937069430762587,-0.7937069430762587
421,L,blink_dist,4,7200,10800,3.2363116567055203,29.396028804248576,128.0,5.984024917110419,3.8009139223899546,2.671322835311541,0.49136760953363373,7.311118454872585,83.0,0.0078125,-1.4690576400133932,-1.4690576400133932
421,L,blink_dist,5,9000,12600,2.278527355122785,27.522485576282712,76.0,5.639184142487791,2.8520853880786867,2.4808975817241965,0.4786711252252063,6.889415800625567,71.0,0.013157894736842105,-0.19014165082934964,-0.19014165082934964
421,L,blink_dist,6,10800,14400,3.159129212069788,28.258088655404826,121.0,5.601122469432752,2.693028411899107,2.468513967037749,0.4893390030185512,6.999602213141431,85.0,0.008264462809917356,-1.1079666661844996,-1.1079666661844996
421,L,blink_dist,7,12600,16200,3.2353053458586554,22.616590799127113,58.0,5.256339644291452,1.9841407132589364,2.218097419225122,0.44137381138111836,6.542630269320843,65.0,0.017241379310344827,-0.432069188385782,-0.432069188385782
421,L,blink_dist,8,14400,18000,3.7767964206002373,27.453202845470003,72.0,5.736302580417108,2.629083988298807,2.5602340818643583,0.47238904443297836,7.145475482199405,110.0,0.013888888888888888,-0.698864981128987,-0.698864981128987
421,L,blink_dist,9,16200,19800,3.279598996308756,26.115946405349725,45.0,5.66638486737821,2.3983019334167572,2.524657343775904,0.45164354005230883,7.046696303051028,79.0,0.022222222222222223,-1.2546812429585612,-1.2546812429585612
421,L,blink_dist,10,18000,21600,3.3345787095612787,22.792571409410762,96.0,5.292769744160178,2.209229050127289,2.241252623588986,0.4384607278179353,6.518551488391967,48.0,0.010416666666666666,-1.2462807869076478,-1.2462807869076478
421,L,blink_dist,11,19800,23400,5.1688118391991935,37.46063728201784,153.0,5.814745526934331,3.148600147815087,2.6021668813289813,0.5724382171431397,7.631086759495757,81.0,0.006535947712418301,-0.034790853119420796,-0.034790853119420796
421,L,blink_dist,12,21600,25200,5.806381640034304,41.18341274469888,165.0,6.130174849514762,3.858366188732403,2.773477956273239,0.6040623590127315,8.103086886728049,147.0,0.006060606060606061,-1.3365052659092223,-1.3365052659092223
421,L,blink_dist,13,23400,27000,5.497300451354374,41.9571824568948,165.0,6.2494157361724225,3.597774403605786,2.8563914711897462,0.605660772087239,8.277788809022676,134.0,0.006060606060606061,-0.3150230303990635,-0.3150230303990635
421,L,blink_dist,14,25200,28800,4.033006356849646,29.99532647354705,49.0,5.745694560352022,2.567317894585647,2.5773591001515346,0.5003168492510476,7.344360465116279,75.0,0.02040816326530612,2.6726650156984384,2.6726650156984384
421,M,blink_dist,0,0,3600,2.164207248281325,40.238393977415306,66.0,6.351234855545201,3.6895804730257966,2.8983550167504544,0.5792678426452137,8.007447839616384,66.0,0.015151515151515152,-0.575439679459863,-0.575439679459863
421,M,blink_dist,1,1800,5400,3.0864352332748344,39.55627089522114,70.0,6.2272282874368585,3.5539013933652273,2.8337099384158537,0.5846288801714055,7.931299585761427,95.0,0.014285714285714285,0.1337289099661212,0.1337289099661212
421,M,blink_dist,2,3600,7200,2.8774580140758927,33.112027666909064,70.0,5.909352090350703,3.2358279069167084,2.6405374088425977,0.5335761034289426,7.374841753941766,85.0,0.014285714285714285,-0.42851554043118134,-0.42851554043118134
421,M,blink_dist,3,5400,9000,1.9774327604655928,24.855206507427482,36.0,5.44024045261669,2.3024417145347957,2.3490624453204996,0.45112563309288595,6.562246636507843,34.0,0.027777777777777776,-0.5490551787699741,-0.5490551787699741
421,M,blink_dist,4,7200,10800,2.7609336072841573,29.920508192168842,50.0,5.575355756791721,2.467519191874245,2.4503250733708333,0.5066966351939276,6.873989482772153,52.0,0.02,0.04106451532138529,0.04106451532138529
421,M,blink_dist,5,9000,12600,2.962020071588634,29.088046074947286,50.0,5.482821711730026,2.3329009846971602,2.388295034825665,0.5030441605504834,6.846961244862008,52.0,0.02,-0.4312134992361038,-0.4312134992361038
421,M,blink_dist,6,10800,14400,2.8944375129682323,23.107402624637153,50.0,5.1898859692612795,1.830615209296588,2.1658624882508284,0.4489338101387371,6.4340965713607785,50.0,0.02,-1.3569345812354507,-1.3569345812354507
421,M,blink_dist,7,12600,16200,3.8912443129460614,27.969180373628447,50.0,5.4114843936144865,2.073104014247122,2.3484766678382005,0.49015438547520435,6.723745706402387,55.0,0.02,-1.3900987539596013,-1.3900987539596013
421,M,blink_dist,8,14400,18000,2.8762280785963914,25.99324692057357,48.0,5.490322580645161,2.3389711654806478,2.390431239231303,0.4654654404496129,6.8183445190156595,63.0,0.020833333333333332,1.6282139900954842,1.6282139900954842
421,M,blink_dist,9,16200,19800,3.1394342712097183,19.814901497883426,23.0,5.110892388451443,1.7481634882344377,2.092668865861101,0.41232497557798764,6.275360074337928,66.0,0.043478260869565216,0.11321083026574313,0.11321083026574313
421,M,blink_dist,10,18000,21600,3.0360398249913625,22.68625934519206,28.0,5.282371677079505,1.8888679894464062,2.2469251173378177,0.4365105671038717,6.546315291147231,65.0,0.03571428571428571,-1.0858893494251374,-1.0858893494251374
421,M,blink_dist,11,19800,23400,3.9091981763091743,37.28522687805177,84.0,6.043446585866613,3.2623696553133805,2.7412937270736513,0.5617627229452264,7.856171428571429,80.0,0.011904761904761904,-0.29611764361671217,-0.29611764361671217
421,M,blink_dist,12,21600,25200,2.6407353672419625,35.78449459542834,90.0,6.226057672069038,4.265208628340881,2.792421154274135,0.5511513824452738,7.744836379090523,100.0,0.011111111111111112,-0.6631959641559886,-0.6631959641559886
421,M,blink_dist,13,23400,27000,1.9486969951717845,26.07419793767111,73.0,5.442258340461933,2.4535988891761202,2.345863502858143,0.4679543926949622,6.562388643025462,42.0,0.0136986301369863,0.13371713031621957,0.13371713031621957
421,M,blink_dist,14,25200,28800,3.5351061122841645,32.380995413776745,52.0,5.539032307930128,2.474085641038935,2.427739214766288,0.5371981112893387,7.022860180754917,69.0,0.019230769230769232,-0.7322846515430917,-0.7322846515430917
422,H,blink_dist,0,0,3600,4.108815107313468,52.7928096037818,215.0,7.245758190161135,5.991501637091865,3.235556594153346,0.6807006904273185,9.255629559150016,193.0,0.004651162790697674,-0.38789021008139163,-0.38789021008139163
422,H,blink_dist,1,1800,5400,4.095285817038951,47.09089845349767,138.0,6.302343790781437,4.212232741674707,2.8585815809004957,0.6509897224876651,7.94043626156664,116.0,0.007246376811594203,-0.2961572368142296,-0.2961572368142296
422,H,blink_dist,2,3600,7200,8.063105593475017,53.15556964282177,391.0,6.95879042506289,5.173098802190427,3.145108659919327,0.691267655856891,9.162509190211113,193.0,0.0025575447570332483,-2.8730935180299775,-2.8730935180299775
422,H,blink_dist,3,5400,9000,9.775032022248734,52.53960602322028,261.0,6.726162085268399,4.113707101842299,3.087637764541407,0.6892379466145939,9.080114957375356,188.0,0.0038314176245210726,-3.2827253122014284,-3.2827253122014284
422,H,blink_dist,4,7200,10800,7.292207592024331,50.21422563347703,266.0,6.624534026874729,4.30539347374448,3.03413132800598,0.6699052412995479,8.89184317260027,160.0,0.0037593984962406013,-0.41032377893230254,-0.41032377893230254
422,H,blink_dist,5,9000,12600,6.86754441464735,52.8659679677724,186.0,6.7691047709809995,4.386743513334556,3.1044636752661106,0.6899256178740388,9.002777061171221,81.0,0.005376344086021506,-1.9193100207297598,-1.9193100207297598
422,H,blink_dist,6,10800,14400,5.974914747102105,56.7284840092071,186.0,7.2927793243289685,5.6620427540306215,3.2794501605145334,0.7122846930564429,9.620730122048098,186.0,0.005376344086021506,1.0021603587625332,1.0021603587625332
422,H,blink_dist,7,12600,16200,4.408663793303113,43.502992710250574,70.0,6.276857127920958,3.4594486961858886,2.8709295139749473,0.6181812582426341,8.017880639097744,98.0,0.014285714285714285,-0.953350354103736,-0.953350354103736
422,H,blink_dist,8,14400,18000,4.5329671426729945,52.04661258835883,152.0,6.7999171308871595,4.535139415651559,3.1049894438578045,0.6777131359545573,8.90210372838992,135.0,0.006578947368421052,-0.3009972853292442,-0.3009972853292442
422,H,blink_dist,9,16200,19800,5.247751334519928,62.68312356369945,190.0,7.799424329647024,5.860403769831891,3.47701409501952,0.7491317515637603,10.39670503749076,156.0,0.005263157894736842,0.031038279911931765,0.031038279911931765
422,H,blink_dist,10,18000,21600,3.7261933608721742,57.17941683313472,106.0,7.526633562803295,4.962083573124308,3.3969656375776127,0.7085065887053216,9.513007942903188,106.0,0.009433962264150943,-1.4475229663288802,-1.4475229663288802
422,H,blink_dist,11,19800,23400,2.7701341635983505,49.85469139219485,106.0,6.570907432740538,4.206601541836793,2.9898832582639647,0.6680620905987638,8.13523856335358,106.0,0.009433962264150943,-0.5838198981092132,-0.5838198981092132
422,H,blink_dist,12,21600,25200,2.9555669036182626,54.96803272929694,166.0,6.853706199460916,5.158207262902162,3.1113558230886125,0.7023612004345171,8.64067019048569,144.0,0.006024096385542169,-0.5480295475795013,-0.5480295475795013
422,H,blink_dist,13,23400,27000,4.478290919993336,57.57714106354975,222.0,7.861351904158956,6.700999392206211,3.4527557110641522,0.7153707871580772,10.125634229458539,150.0,0.0045045045045045045,-1.0925891851340652,-1.0925891851340652
422,H,blink_dist,14,25200,28800,4.979385802167913,51.05121674247916,155.0,7.077470426042871,5.610179970130935,3.1855616983526702,0.6701659106802594,9.185029676852055,154.0,0.0064516129032258064,-1.5407700118038978,-1.5407700118038978
422,L,blink_dist,0,0,3600,4.072460131321968,42.754436059555374,113.0,6.100229447646763,3.136400423137637,2.7875287058287532,0.6116839768430631,7.8232461310792845,88.0,0.008849557522123894,-0.9457443902181403,-0.9457443902181403
422,L,blink_dist,1,1800,5400,3.510715054138725,23.980836078402824,33.0,5.217481686794694,1.7586281553880185,2.1968479631763502,0.4533277521975722,6.485663140764849,48.0,0.030303030303030304,-0.8147460715019764,-0.8147460715019764
422,L,blink_dist,2,3600,7200,3.968107293820884,29.242461446806455,42.0,5.571362834573203,2.301317356528927,2.4637456193457696,0.5020368484399592,7.051365409622887,65.0,0.023809523809523808,-0.45112013640683235,-0.45112013640683235
422,L,blink_dist,3,5400,9000,3.2181980614619525,34.73830500062042,102.0,5.933785502331497,3.3401394106411444,2.6657887165592604,0.548053108326095,7.417391596412857,54.0,0.00980392156862745,-0.8601829066466081,-0.8601829066466081
422,L,blink_dist,4,7200,10800,4.92557213164271,28.42962074165356,32.0,5.445831780345385,2.0490516294073373,2.3797829941541897,0.49443354466298056,7.059755052902091,108.0,0.03125,-1.6705756778098364,-1.6705756778098364
422,L,blink_dist,5,9000,12600,5.479218802486898,19.105840373615994,19.0,5.0017553232084255,1.467939696712322,1.9994209418307285,0.4027959979709993,6.2647698934481975,48.0,0.05263157894736842,-1.7345017313508486,-1.7345017313508486
422,L,blink_dist,6,10800,14400,4.655577334110056,20.93617692872484,45.0,5.087627146906787,1.6588001078941619,2.077515258347459,0.4246299689153303,6.360872693632112,48.0,0.022222222222222223,-0.9700920024288217,-0.9700920024288217
422,L,blink_dist,7,12600,16200,3.493687635682249,18.515741443476195,45.0,5.011508476673679,1.6580579028983011,1.9957394643141193,0.39886934098993243,6.1269400941077325,36.0,0.022222222222222223,0.37013636764370017,0.37013636764370017
422,L,blink_dist,8,14400,18000,3.6781140648552966,23.56645300258829,59.0,5.172131147540983,2.0331584861978094,2.1372001876496918,0.45419033474038945,6.4206212781631775,52.0,0.01694915254237288,-1.580003959405334,-1.580003959405334
422,L,blink_dist,9,16200,19800,3.674456204792883,30.07055325401345,105.0,5.6243597040409785,2.6394060106709722,2.490053959485211,0.5096570581510091,7.052302324881952,71.0,0.009523809523809525,-0.031971666403862724,-0.031971666403862724
422,L,blink_dist,10,18000,21600,3.345568262936565,37.23340765532421,72.0,5.830654205607477,2.7005216771999265,2.6339035805518254,0.5734379252228466,7.332478632478632,50.0,0.013888888888888888,0.07706815066273622,0.07706815066273622
422,L,blink_dist,11,19800,23400,3.4272391734130756,33.93657777239213,74.0,5.736174570663305,2.721392135753704,2.559596714160458,0.5443694596433665,7.224655161749243,63.0,0.013513513513513514,-0.3474892592602105,-0.3474892592602105
422,L,blink_dist,12,21600,25200,2.576443285358928,26.720108122853354,78.0,5.539005269245599,2.6601973188453103,2.4076225468565866,0.4732327741199519,6.734142037935598,59.0,0.01282051282051282,-0.2349035802657034,-0.2349035802657034
422,L,blink_dist,13,23400,27000,2.1885663600506735,31.60967777250666,78.0,5.7159825788570675,2.8454723710389866,2.5333959528540264,0.5139108856694522,6.922286669288242,65.0,0.01282051282051282,-0.4526014048837308,-0.4526014048837308
422,L,blink_dist,14,25200,28800,3.9077605893850818,42.367103353839234,94.0,6.08447314352803,3.487706980130004,2.7548268142167527,0.6072574546792291,7.786498597971645,94.0,0.010638297872340425,-0.34040924102608067,-0.34040924102608067
422,M,blink_dist,0,0,3600,4.293960329948561,41.90080461865242,120.0,6.238659651066187,3.3260934392350077,2.8584024957165552,0.6050802944688513,7.9964358577292725,84.0,0.008333333333333333,-0.5058992496574307,-0.5058992496574307
422,M,blink_dist,1,1800,5400,4.022799489688588,28.782157420973846,42.0,5.4123049354140225,2.0063598601687413,2.3515345667348915,0.5069427072786256,6.779524214103653,55.0,0.023809523809523808,-0.366832278279205,-0.366832278279205
422,M,blink_dist,2,3600,7200,3.231312048847287,12.439692332028315,28.0,4.724047306176084,1.241479278053907,1.6834205468575083,0.3372558033772294,5.633117285224786,30.0,0.03571428571428571,0.16591785749935392,0.16591785749935392
422,M,blink_dist,3,5400,9000,3.7286532318311774,12.494002536070461,16.0,4.682883750802826,1.0965508638540173,1.6381210242975917,0.33818842318105485,5.553960883635852,22.0,0.0625,0.029457303076214483,0.029457303076214483
422,M,blink_dist,4,7200,10800,4.026649028007547,21.494874805623432,18.0,4.995022123893805,1.5260076702098944,1.9888145116979852,0.44424367681127225,6.055396344760463,77.0,0.05555555555555555,0.18009189086221422,0.18009189086221422
422,M,blink_dist,5,9000,12600,4.230403014715619,21.115826675325852,27.0,5.041377445235734,1.6076422035606317,2.0329177599463644,0.4350617722130764,6.168942070885533,61.0,0.037037037037037035,-0.11872815665400645,-0.11872815665400645
422,M,blink_dist,6,10800,14400,3.670063578080377,15.803607179540746,16.0,4.832446100612191,1.3205874613605524,1.8168099538137459,0.37408819484340455,5.915892353224585,34.0,0.0625,0.6702388099446006,0.6702388099446006
422,M,blink_dist,7,12600,16200,3.628708994230644,20.721470232199845,19.0,5.012137989778535,1.5149249068162602,2.0076180330975055,0.42263893474193903,6.213830372455749,57.0,0.05263157894736842,-0.1298977920511397,-0.1298977920511397
422,M,blink_dist,8,14400,18000,5.723720391898974,39.56989727432305,95.0,5.955645161290323,2.8040805975835403,2.713498357181177,0.5888712454616237,7.763931048439024,115.0,0.010526315789473684,0.966534597216169,0.966534597216169
422,M,blink_dist,9,16200,19800,3.7081276851927427,43.13732247239896,188.0,6.226187515543397,4.146721031520941,2.8217815319964643,0.616040698350614,7.9283734338618475,89.0,0.005319148936170213,-0.35290857723008795,-0.35290857723008795
422,M,blink_dist,10,18000,21600,3.287409885262993,43.59888828422608,93.0,6.058744091829845,3.11480631969164,2.764941289860208,0.615078131073622,7.650670857004714,73.0,0.010752688172043012,-0.37158505250098023,-0.37158505250098023
422,M,blink_dist,11,19800,23400,4.66276526873052,46.6102798103538,148.0,6.405885122410546,3.5006447103256306,2.9513497958945325,0.6403385266792732,8.264142184494993,72.0,0.006756756756756757,-0.6961681148736077,-0.6961681148736077
422,M,blink_dist,12,21600,25200,4.046120344234981,44.52541777368963,148.0,6.798432790837854,5.346047754883961,3.0475938539757177,0.623075951315992,8.57233250957282,132.0,0.006756756756756757,-1.4688920966257724,-1.4688920966257724
422,M,blink_dist,13,23400,27000,5.743095868998134,53.53862927135888,146.0,7.338212869777371,5.58748033946394,3.2893194170945748,0.6892428228933155,9.742859389436024,114.0,0.00684931506849315,3.8981699999724793,3.8981699999724793
422,M,blink_dist,14,25200,28800,6.929184947314835,59.996864921934254,139.0,7.888073950598575,6.042346039531299,3.4904719398724255,0.7306702843008661,10.668646920228879,93.0,0.007194244604316547,0.20339152109062097,0.20339152109062097
423,H,blink_dist,0,0,3600,2.4904276677340484,18.382687781006073,25.0,5.065570873100035,1.7529792448738222,2.043771047099794,0.3971702167234291,6.148743918180916,44.0,0.04,0.8939896877688162,0.8939896877688162
423,H,blink_dist,1,1800,5400,2.9531549522233957,21.40067718869333,32.0,5.262835860601224,1.98888358957674,2.2209512848599258,0.4207413377181121,6.438829567088817,54.0,0.03125,-1.1375134658246793,-1.1375134658246793
423,H,blink_dist,2,3600,7200,2.7847815770360502,13.229246132579256,21.0,4.745679012345679,1.262440909203463,1.7094757257791922,0.3375224416517056,5.7490107957598555,56.0,0.047619047619047616,-0.2565441940047776,-0.2565441940047776
423,H,blink_dist,3,5400,9000,2.1486813095011237,8.881339300316686,13.0,4.602080123266564,1.063823953942772,1.523420220923987,0.26985236176571165,5.455775155932968,54.0,0.07692307692307693,-0.7023166278574539,-0.7023166278574539
423,H,blink_dist,4,7200,10800,2.296704843118535,10.386340717042806,15.0,4.754536771728749,1.2512646071718976,1.7218782937268062,0.29475605939423444,5.617163684559311,30.0,0.06666666666666667,-0.17866862065347108,-0.17866862065347108
423,H,blink_dist,5,9000,12600,2.588263444512579,18.034658536886408,33.0,5.119656622284513,1.884603392006068,2.087871887056566,0.39437354200866465,6.068420302929585,52.0,0.030303030303030304,0.3651402828376527,0.3651402828376527
423,H,blink_dist,6,10800,14400,2.595195808124315,19.40088138263824,53.0,5.064428020565552,1.858125193796378,2.0376338479493876,0.40694396572947955,6.003268715667136,52.0,0.018867924528301886,0.4397661609761938,0.4397661609761938
423,H,blink_dist,7,12600,16200,1.8539120973099394,14.442031982354562,19.0,4.937260677466863,1.5211456542403408,1.9228699296135123,0.34497777088502896,5.742900172117039,22.0,0.05263157894736842,-0.3483335465776653,-0.3483335465776653
423,H,blink_dist,8,14400,18000,1.3653881141271507,8.79854936827328,17.0,4.715360501567398,1.2551520578083066,1.6596682474502558,0.2632604117922321,5.245571095571096,20.0,0.058823529411764705,-0.18807952937865557,-0.18807952937865557
423,H,blink_dist,9,16200,19800,1.5088113695874652,8.356006309615813,14.0,4.687054631828978,1.1788107938731145,1.634198903082318,0.2601128531955663,5.288989344526962,18.0,0.07142857142857142,-0.20465801281728238,-0.20465801281728238
423,H,blink_dist,10,18000,21600,2.707471346895954,15.936189167025564,19.0,4.893478260869565,1.412763071397419,1.8826079849932058,0.3737588568799004,5.929661175589667,49.0,0.05263157894736842,0.04517406518070219,0.04517406518070219
423,H,blink_dist,11,19800,23400,2.829187039802469,15.62547636926169,39.0,4.869963047686081,1.4553536747250537,1.8528795527236102,0.3676413299382908,5.892407926884445,49.0,0.02564102564102564,0.3290138937613943,0.3290138937613943
423,H,blink_dist,12,21600,25200,2.966668269309867,17.74584338387319,39.0,4.967445365486059,1.574618203455438,1.9549164811990882,0.38658145244658854,6.069230769230769,33.0,0.02564102564102564,-0.3471919444038077,-0.3471919444038077
423,H,blink_dist,13,23400,27000,2.2680010242008173,10.812181311096712,19.0,4.775116640746501,1.3117970923848352,1.74289078597895,0.30089514606868184,5.704452900727685,43.0,0.05263157894736842,-0.46308021303334457,-0.46308021303334457
423,H,blink_dist,14,25200,28800,1.6321243812985275,6.425977940672741,16.0,4.65014164305949,1.1579170672425165,1.5815049289372267,0.22682253692050225,5.372392211404729,25.0,0.0625,0.24938993535694526,0.24938993535694526
423,L,blink_dist,0,0,3600,2.570916562295194,27.904592673592127,67.0,5.742616033755274,3.029558302879045,2.5422279499999547,0.47783500671007506,7.073997424576895,129.0,0.014925373134328358,-1.0187371024916672,-1.0187371024916672
423,L,blink_dist,1,1800,5400,1.364046366331331,9.150311489999531,17.0,4.750151975683891,1.3473631711224714,1.7034858414354288,0.27010047309007446,5.462522202486679,29.0,0.058823529411764705,-0.5510052949470372,-0.5510052949470372
423,L,blink_dist,2,3600,7200,1.7088116571048502,9.012899607403252,13.0,4.685131195335277,1.2057452793227337,1.6284081359515952,0.2716302112544401,5.519278252611586,21.0,0.07692307692307693,-0.27592568546493085,-0.27592568546493085
423,L,blink_dist,3,5400,9000,2.0828877479418146,9.212493960843258,16.0,4.654397520340953,1.13786619434272,1.5907769183168932,0.2745956640771785,5.414637834568275,22.0,0.0625,-0.12335674624532346,-0.12335674624532346
423,L,blink_dist,4,7200,10800,1.9301201774748977,6.474117598377953,13.0,4.488238668961561,0.9915040391911808,1.3388850823672174,0.2206024744486283,5.178533268576979,21.0,0.07692307692307693,0.17259333535561638,0.17259333535561638
423,L,blink_dist,5,9000,12600,1.896624402143538,6.874799979787431,14.0,4.58080808080808,1.1211324933049576,1.4779391246403994,0.22422897471744513,5.325432543254325,21.0,0.07142857142857142,-0.4328806891998503,-0.4328806891998503
423,L,blink_dist,6,10800,14400,1.409809550081615,3.299305469006696,10.0,4.4525993883792045,0.8882778763921273,1.2870206578727663,0.14923918831647046,4.950949069723736,16.0,0.1,-0.16334697152018535,-0.16334697152018535
423,L,blink_dist,7,12600,16200,1.2559238564515147,3.924860416905134,14.0,4.5183016105417275,1.0054909495303619,1.385923966020203,0.16528673356480597,5.036233288122457,17.0,0.07142857142857142,-0.15000842205452133,-0.15000842205452133
423,L,blink_dist,8,14400,18000,1.9033810606867736,6.361141648693784,14.0,4.569017480409886,1.004764868176306,1.4746408628572203,0.21487735081108753,5.245851259987708,26.0,0.07142857142857142,-0.07375847289549231,-0.07375847289549231
423,L,blink_dist,9,16200,19800,1.6326994160681647,3.6804774250354644,10.0,4.473246135552913,0.8666416916467106,1.3306805415368546,0.16427138873942182,5.064394510631881,18.0,0.1,-0.18906551635654584,-0.18906551635654584
423,L,blink_dist,10,18000,21600,2.2601102693063533,7.49219048157519,11.0,4.573339085418464,0.9810614674327875,1.484032370699797,0.24890808090802438,5.341067637245981,30.0,0.09090909090909091,-0.08182506939720086,-0.08182506939720086
423,L,blink_dist,11,19800,23400,2.500315071134197,11.089745227812843,30.0,4.740305843801202,1.2795956635250476,1.6988555660515055,0.30489612347634987,5.62574409147168,35.0,0.03333333333333333,-0.34691158299918035,-0.34691158299918035
423,L,blink_dist,12,21600,25200,2.164782283050962,8.80200109204138,23.0,4.65431135388217,1.1418543658100415,1.5912777699722631,0.26751693402004045,5.451954887218045,25.0,0.043478260869565216,-0.2958038075119847,-0.2958038075119847
423,L,blink_dist,13,23400,27000,2.0136599509527287,9.14766192043787,13.0,4.680194805194805,1.1420947778234394,1.6266137411351564,0.27037242692261926,5.492184982275218,32.0,0.07692307692307693,-0.18528517935423605,-0.18528517935423605
423,L,blink_dist,14,25200,28800,2.244232920389152,14.429181494661922,18.0,4.915858389912706,1.4665526378212403,1.903919581592354,0.34139857651245553,5.904295913343181,42.0,0.05555555555555555,-0.7737456780354989,-0.7737456780354989
423,M,blink_dist,0,0,3600,3.3080312710297,26.562658438717715,42.0,5.341911050689454,2.0386899397108547,2.2907532910333943,0.48070970888319114,6.782103685537162,45.0,0.023809523809523808,-1.7004178292799412,-1.7004178292799412
423,M,blink_dist,1,1800,5400,2.5545440445485825,18.09200447704265,37.0,5.024136134745616,1.660321345248033,2.010217532899443,0.3994822637828509,6.150765379801675,36.0,0.02702702702702703,0.30774016591344416,0.30774016591344416
423,M,blink_dist,2,3600,7200,2.2083411668509707,13.985229976926359,37.0,4.906115199188023,1.6145480625418023,1.8776473459911869,0.34986582569636826,5.876921207703056,36.0,0.02702702702702703,0.05376542956054948,0.05376542956054948
423,M,blink_dist,3,5400,9000,3.5567497820857823,22.143979880540712,64.0,5.227735368956743,2.0421456421977995,2.188623295793614,0.4322584991242646,6.509383559327765,88.0,0.015625,-0.6387705937004258,-0.6387705937004258
423,M,blink_dist,4,7200,10800,3.3287484959246805,25.7504942513292,44.0,5.457994304312449,2.2749084971556166,2.3720667714824897,0.46458665233497765,6.859713759387842,100.0,0.022727272727272728,-0.7963701107943165,-0.7963701107943165
423,M,blink_dist,5,9000,12600,3.081850928305783,24.33929894940888,37.0,5.330911567714837,2.0589119124314896,2.2782830192805226,0.454858789565614,6.620897774424745,112.0,0.02702702702702703,-0.9347447316098325,-0.9347447316098325
423,M,blink_dist,6,10800,14400,3.6896307334360836,23.927113412326992,23.0,5.19250281848929,1.83197213974238,2.1675959133465743,0.4584655546368009,6.467206106870229,51.0,0.043478260869565216,-0.40438487208682833,-0.40438487208682833
423,M,blink_dist,7,12600,16200,2.8049876599135755,16.250583693040102,26.0,4.934636002075048,1.5529889188872246,1.9169725626522927,0.369953190665467,5.912988076818058,46.0,0.038461538461538464,-0.6689246505068324,-0.6689246505068324
423,M,blink_dist,8,14400,18000,3.1005874778831246,12.865253049785691,26.0,4.81918178309533,1.3986797912270321,1.7927458497565463,0.3341550239037257,5.693026725764691,24.0,0.038461538461538464,0.697908522040923,0.697908522040923
423,M,blink_dist,9,16200,19800,3.5813644648638583,13.62555806806981,16.0,4.8004399748585795,1.2821943821826893,1.7803630612435692,0.3477683967334341,5.747291221345913,48.0,0.0625,-0.5281933797774455,-0.5281933797774455
423,M,blink_dist,10,18000,21600,2.6181013597815253,11.775041792246775,15.0,4.800995024875622,1.3002866140133178,1.7783181632734018,0.3129781704147499,5.631682950927654,42.0,0.06666666666666667,-0.6337025087032295,-0.6337025087032295
423,M,blink_dist,11,19800,23400,3.0177185783032034,20.563295293345472,34.0,5.1211442130239915,1.7531437044449232,2.101523572721159,0.41422741419830195,6.237645464689941,52.0,0.029411764705882353,0.622072301087813,0.622072301087813
423,M,blink_dist,12,21600,25200,2.5549433742497194,21.1000800240072,34.0,5.216383307573416,1.9798468150428565,2.17798013256311,0.4263435280584175,6.3433793777033625,52.0,0.029411764705882353,-0.2225463490409989,-0.2225463490409989
423,M,blink_dist,13,23400,27000,2.166571280112055,22.1685663309692,68.0,5.218500520652551,2.149397041953698,2.1713313025228573,0.4340044825196479,6.2198214380051775,31.0,0.014705882352941176,-0.2385387479758077,-0.2385387479758077
423,M,blink_dist,14,25200,28800,2.8760204271518,22.56946565733423,66.0,5.225951646090535,2.209686952887646,2.173851473165042,0.44611586588393415,6.365361756082098,54.0,0.015151515151515152,-0.5823451957844117,-0.5823451957844117
424,H,blink_dist,0,0,3600,10.759970743508775,60.27564215804889,231.0,7.686961625111224,5.6456096836866685,3.4456278888314884,0.7339336160813031,10.73668494489386,168.0,0.004329004329004329,-4.218447158779127,-4.218447158779127
424,H,blink_dist,1,1800,5400,10.250921213687553,37.874401254055265,82.0,5.741260393046107,2.4498743081419425,2.5842328410162323,0.5772113475796172,7.610741288625904,81.0,0.012195121951219513,0.3430212010018961,0.3430212010018961
424,H,blink_dist,2,3600,7200,10.640555189680809,39.989732057746664,56.0,5.734162774178272,2.3854739668407885,2.5823009082951196,0.5975694699850335,7.530247999545996,89.0,0.017857142857142856,-0.2936059123542139,-0.2936059123542139
424,H,blink_dist,3,5400,9000,10.804855401916559,49.08040216605538,110.0,6.31619199817362,3.3740851842019013,2.9049395115857854,0.6657449252480275,8.515515089630133,137.0,0.00909090909090909,-1.9085509115455284,-1.9085509115455284
424,H,blink_dist,4,7200,10800,11.125628964245776,51.75336207626784,166.0,6.613194393483526,4.103875671497889,3.0363124453914185,0.6846704827865427,9.098186605107268,163.0,0.006024096385542169,-1.8904225655121902,-1.8904225655121902
424,H,blink_dist,5,9000,12600,8.808095083915942,52.41426835681773,122.0,6.6199725148877695,4.081966485482916,3.0373801454432754,0.69153473695664,9.029480015154386,134.0,0.00819672131147541,0.23289249709710108,0.23289249709710108
424,H,blink_dist,6,10800,14400,8.275772619112463,49.712219940398064,200.0,6.508009904992925,3.9207824980112354,2.9898802241352387,0.6702698685978105,8.72964140722213,146.0,0.005,-1.2577464049042875,-1.2577464049042875
424,H,blink_dist,7,12600,16200,10.936905747488495,45.78518600738421,154.0,6.182196454278333,3.055172095631179,2.839505211785192,0.6368277387016872,8.261590784213418,107.0,0.006493506493506494,-2.6905454087107485,-2.6905454087107485
424,H,blink_dist,8,14400,18000,8.552619914316624,27.76615692631799,80.0,5.215576214699175,1.7858148514788323,2.195560039801411,0.5003343069946735,6.671240381502602,72.0,0.0125,0.06559260301783355,0.06559260301783355
424,H,blink_dist,9,16200,19800,7.8654214182242255,18.59857761964526,27.0,4.886979722518676,1.3331145486423301,1.8799271864291258,0.411959245675387,6.022727610112376,45.0,0.037037037037037035,0.02489426730662076,0.02489426730662076
424,H,blink_dist,10,18000,21600,5.129805313992145,9.415197212526195,15.0,4.566832804712279,1.004270934228629,1.4752359707779918,0.2808990163505641,5.4042833607907745,26.0,0.06666666666666667,-1.9060385075696855,-1.9060385075696855
424,H,blink_dist,11,19800,23400,3.640656938888659,6.549141596065338,13.0,4.513758693680073,0.9383996406260163,1.3950528138589255,0.23398691663412644,5.275074183976261,27.0,0.07692307692307693,0.3266861388396259,0.3266861388396259
424,H,blink_dist,12,21600,25200,2.980900379858385,6.809596021841291,14.0,4.5418155825589706,1.0554002822815816,1.4256318602999896,0.23533509449734485,5.178704085843995,39.0,0.07142857142857142,-0.1292689107909004,-0.1292689107909004
424,H,blink_dist,13,23400,27000,8.097064591259695,32.78176265890207,57.0,5.620700152207002,2.67555931968534,2.4784456039100555,0.5369706223516322,7.2887669031998925,90.0,0.017543859649122806,1.8725025041971401,1.8725025041971401
424,H,blink_dist,14,25200,28800,9.034546970836633,41.891101064873666,84.0,5.929997997797577,3.051626414904266,2.6794326466026055,0.6126727568788929,7.931064472569977,103.0,0.011904761904761904,-0.3461510279705519,-0.3461510279705519
424,L,blink_dist,0,0,3600,9.233093698241879,49.499772505912254,179.0,7.07149918441995,5.675396625460426,3.181097529927536,0.6623970437878544,9.49946038480146,180.0,0.00558659217877095,-0.5289641290656477,-0.5289641290656477
424,L,blink_dist,1,1800,5400,7.0580246820896315,28.65703933536562,93.0,5.5696503188915765,2.650024243284798,2.442095199724297,0.5007343838756911,7.06093727561392,88.0,0.010752688172043012,-1.568721528287395,-1.568721528287395
424,L,blink_dist,2,3600,7200,9.84154437727009,39.61134762363076,111.0,5.973882606354335,2.7637652777201516,2.7261542737022992,0.59076508328613,7.9744873367802995,107.0,0.009009009009009009,-0.2210920161704149,-0.2210920161704149
424,L,blink_dist,3,5400,9000,15.205708306265436,55.963220834663936,149.0,7.039601997938635,4.382300194388423,3.2224437454932913,0.7093503664050288,9.904405347726923,152.0,0.006711409395973154,-3.1498913345809005,-3.1498913345809005
424,L,blink_dist,4,7200,10800,14.668577911860268,42.14989246726377,71.0,5.7732452346150405,2.4658078441273625,2.607080758850066,0.6162769172134048,7.812622947425092,163.0,0.014084507042253521,1.2659955376241516,1.2659955376241516
424,L,blink_dist,5,9000,12600,6.597821161311469,17.239308955686397,18.0,4.877594355777793,1.3627660792132519,1.868867061127234,0.3918548574527425,5.978245212284622,61.0,0.05555555555555555,-0.3675853432989546,-0.3675853432989546
424,L,blink_dist,6,10800,14400,5.101644583467974,19.583390734780266,35.0,5.0437061527296185,1.6373569951665286,2.0340215845268634,0.41544923416033164,6.250830290896243,71.0,0.02857142857142857,0.06037313890755246,0.06037313890755246
424,L,blink_dist,7,12600,16200,3.132150497460982,12.68104116519114,44.0,5.152507252382926,1.9119530799229925,2.119325745751968,0.30760423891314104,5.907688540646425,55.0,0.022727272727272728,-0.8257549734503582,-0.8257549734503582
424,L,blink_dist,8,14400,18000,3.2960833263716856,8.737054824061914,20.0,4.830921757770632,1.398620476079121,1.8058122906011282,0.2519590406637235,5.61195963084894,35.0,0.05,0.6513284728157427,0.6513284728157427
424,L,blink_dist,9,16200,19800,3.245080936942486,4.94295080676124,18.0,4.465095598043575,0.9334241110657486,1.3088734969081721,0.20094212386418453,5.192774915728551,25.0,0.05555555555555555,-0.3262092362856974,-0.3262092362856974
424,L,blink_dist,10,18000,21600,4.643485630759632,11.936843191551572,15.0,4.701395474867904,1.1020221112062665,1.6623209578229812,0.32943361827281953,5.668254860761741,30.0,0.06666666666666667,-0.6093247523580377,-0.6093247523580377
424,L,blink_dist,11,19800,23400,5.871743925516385,15.628400435255713,47.0,4.95899870522227,1.6146589058962084,1.936281390206355,0.3574279107725789,5.908510399100618,48.0,0.02127659574468085,0.1485498800053846,0.1485498800053846
424,L,blink_dist,12,21600,25200,7.20478633385145,15.989624325193159,47.0,4.895601411892479,1.5258972463531595,1.8750714533400843,0.36452760749797697,5.947298934765703,47.0,0.02127659574468085,-1.7292564190965105,-1.7292564190965105
424,L,blink_dist,13,23400,27000,4.240098739859222,14.654682031712067,19.0,4.892592126776506,1.4464087636947294,1.8791400420657463,0.35116838889286534,5.847688350793551,48.0,0.05263157894736842,-0.2368727642439331,-0.2368727642439331
424,L,blink_dist,14,25200,28800,4.421506236491674,17.476734776451547,19.0,4.97859421632191,1.4521118962554216,1.9747495830919743,0.3898388052368429,6.18752866972477,37.0,0.05263157894736842,-1.2354121921547743,-1.2354121921547743
424,M,blink_dist,0,0,3600,13.793007609147589,77.12753760813425,201.0,9.476571948946342,7.671230712322486,3.9411678759308293,0.8425160102372874,14.044671383480855,219.0,0.004975124378109453,-5.70263799525873,-5.70263799525873
424,M,blink_dist,1,1800,5400,9.637039650723882,37.354597680192796,93.0,5.808205762589557,3.062997922374639,2.597725078648133,0.5768083921462028,7.7377958620996345,134.0,0.010752688172043012,-4.77373290932493,-4.77373290932493
424,M,blink_dist,2,3600,7200,2.5737118702031516,5.417465725793939,14.0,4.652985074626866,1.1661294212347864,1.585708973105098,0.2010060387148026,5.263692507719812,29.0,0.07142857142857142,-0.1389156657008194,-0.1389156657008194
424,M,blink_dist,3,5400,9000,3.6689614281052396,14.275016870197435,22.0,4.822620973672599,1.3142772683443458,1.8041994485332566,0.3520603408868282,5.800208004590446,40.0,0.045454545454545456,-1.3890695375485218,-1.3890695375485218
424,M,blink_dist,4,7200,10800,4.226361798140114,8.535815655105427,18.0,4.617665099161726,1.0347700599477165,1.5489808172048343,0.2722730553949303,5.448158511684187,28.0,0.05555555555555555,-0.17495912182950626,-0.17495912182950626
424,M,blink_dist,5,9000,12600,3.5117053917975443,6.482601773936775,15.0,4.575280898876405,1.0256887642749475,1.4860277409955083,0.2306549920400273,5.223475484136794,32.0,0.06666666666666667,-0.4885961307605664,-0.4885961307605664
424,M,blink_dist,6,10800,14400,3.0183575058250223,5.9831502296733765,15.0,4.533279871692061,0.9368037956282261,1.4231905592498424,0.22464596431066236,5.220760054113885,32.0,0.06666666666666667,0.09891746840841588,0.09891746840841588
424,M,blink_dist,7,12600,16200,2.723045205240292,4.096764353926653,11.0,4.442748091603053,0.8140962801389215,1.2803755752207022,0.1829759027663718,5.101062959934587,23.0,0.09090909090909091,-0.27870741711605473,-0.27870741711605473
424,M,blink_dist,8,14400,18000,3.6569655638830882,8.541390034244182,15.0,4.582845090227326,1.0213865251224223,1.4980717567594743,0.2732436753092459,5.454961632368329,45.0,0.06666666666666667,-0.5589972719454213,-0.5589972719454213
424,M,blink_dist,9,16200,19800,5.050546354910502,9.499381698920581,14.0,4.5793566092392135,0.9830430649076974,1.4954975631898855,0.28510637624964813,5.398215515434594,29.0,0.07142857142857142,-1.1114159283478995,-1.1114159283478995
424,M,blink_dist,10,18000,21600,3.3062582471566526,4.910912709915551,11.0,4.411892361111111,0.8074399458731885,1.2252253798411805,0.19793176416024116,4.978672985781991,21.0,0.09090909090909091,0.1341119149376262,0.1341119149376262
424,M,blink_dist,11,19800,23400,2.69252044288539,4.825438258238662,10.0,4.415852334419109,0.757681299129417,1.2349236074188967,0.18813217453207962,5.03652822996903,18.0,0.1,-0.7115884850748248,-0.7115884850748248
424,M,blink_dist,12,21600,25200,3.1914589446738284,2.718705111586028,9.0,4.2974683544303796,0.6214467977359587,1.0043182799625139,0.14317245659431135,4.91765514870208,19.0,0.1111111111111111,-0.5356068082590614,-0.5356068082590614
424,M,blink_dist,13,23400,27000,2.7239077573947474,3.3460388201489475,13.0,4.365723029839327,0.8136104990565807,1.1225112585031078,0.164736410015833,4.933702142606252,23.0,0.07692307692307693,-0.41679374656770446,-0.41679374656770446
424,M,blink_dist,14,25200,28800,4.193345218450118,14.811979095244626,72.0,4.981424545221625,1.8721739847129504,1.9459053604203413,0.35747588791881885,5.959422130496904,47.0,0.013888888888888888,-0.7800029503372597,-0.7800029503372597
425,H,blink_dist,0,0,3600,2.3249614127709792,6.101515588716215,11.0,4.505834601725013,0.886416720724718,1.3796252752717453,0.22602951481924236,5.139743790032807,19.0,0.09090909090909091,-0.9647982810652905,-0.9647982810652905
425,H,blink_dist,1,1800,5400,1.0046176889320662,1.9047921900340254,8.0,4.356363636363636,0.6903921511098235,1.1237693384086718,0.10680669062231692,4.730633802816901,13.0,0.125,-0.19119349962173546,-0.19119349962173546
425,H,blink_dist,2,3600,7200,1.1650364164727656,2.041487859385497,10.0,4.4183976261127595,0.796889231471173,1.2277835024518604,0.11003331642376298,4.805688622754491,17.0,0.1,-0.3778489339856718,-0.3778489339856718
425,H,blink_dist,3,5400,9000,1.140038377181598,2.645295073698369,10.0,4.36027713625866,0.7745918492311038,1.1162684082630043,0.1311858992321919,4.858847950181629,16.0,0.1,-0.073344838710425,-0.073344838710425
425,H,blink_dist,4,7200,10800,1.288221642679464,2.057062083844809,8.0,4.342931937172775,0.6633168997572594,1.0966610961329881,0.12111743481010304,4.809453471196455,13.0,0.125,-0.3461083137001434,-0.3461083137001434
425,H,blink_dist,5,9000,12600,1.618435359143556,4.353447425040959,12.0,4.446572580645161,0.8816957787950318,1.277121275798262,0.17849529223663174,5.088773213280811,17.0,0.08333333333333333,-0.7663880598965417,-0.7663880598965417
425,H,blink_dist,6,10800,14400,1.317548415930955,5.72952658059041,13.0,4.601752677702045,1.1980659703492207,1.4962833998836513,0.20889858762199187,5.177584134615385,18.0,0.07692307692307693,-0.2809271415107554,-0.2809271415107554
425,H,blink_dist,7,12600,16200,1.507661300048191,3.539682371513026,13.0,4.396052631578947,0.8597644704210236,1.1803684894047959,0.16806339856124256,4.920285359801489,16.0,0.07692307692307693,-0.39525639138643043,-0.39525639138643043
425,H,blink_dist,8,14400,18000,1.3289053526312873,2.7645559882686666,9.0,4.356060606060606,0.7085257395463072,1.1214466461368797,0.14420164430982257,4.803603603603603,14.0,0.1111111111111111,-0.41226684159516025,-0.41226684159516025
425,H,blink_dist,9,16200,19800,1.2130518197374616,3.639571784101234,10.0,4.36650868878357,0.7165058979110072,1.1425532634650526,0.16293140908312814,4.90136660724896,17.0,0.1,-0.4203849099738998,-0.4203849099738998
425,H,blink_dist,10,18000,21600,0.9702913078223417,1.7861552391143305,9.0,4.288537549407114,0.6284957853059598,0.9651769295726123,0.11079924273602766,4.781882770870338,12.0,0.1111111111111111,-0.04357544943678967,-0.04357544943678967
425,H,blink_dist,11,19800,23400,1.106398843157829,2.275286576386683,9.0,4.341597796143251,0.7227927801039173,1.0884240779162957,0.13323275488695752,4.8253594771241834,13.0,0.1111111111111111,-0.39222263701339777,-0.39222263701339777
425,H,blink_dist,12,21600,25200,1.0386565526569722,2.582083813917724,12.0,4.477333333333333,0.9654806517423817,1.3165189021942278,0.1314801999231065,4.797699214365881,18.0,0.08333333333333333,0.12063733210759969,0.12063733210759969
425,H,blink_dist,13,23400,27000,1.1346234664341823,8.12016949868371,16.0,4.942587832047987,1.533726352731093,1.9100626690470268,0.23673503864401052,5.438551099611901,31.0,0.0625,-0.12792846987849588,-0.12792846987849588
425,H,blink_dist,14,25200,28800,1.0897068616503083,2.5505342929596457,10.0,4.427480916030534,0.8042242261147688,1.2510561427135494,0.135977191773794,4.956719209190489,15.0,0.1,-0.1372718147352678,-0.1372718147352678
425,L,blink_dist,0,0,3600,1.044918042370798,0.46776831710411665,6.0,4.135135135135135,0.4134340146156305,0.5818886780345598,0.04379595517984622,4.4110854503464205,11.0,0.16666666666666666,-0.24141228190861755,-0.24141228190861755
425,L,blink_dist,1,1800,5400,0.7760573411893732,0.18318411032211587,5.0,4.045454545454546,0.20829889522526543,0.26676498780302604,0.027693732633528867,4.333333333333333,11.0,0.2,-0.2250721745005621,-0.2250721745005621
425,L,blink_dist,2,3600,7200,0.883157567034279,0.4214143606438777,7.0,4.160714285714286,0.4919634754984259,0.6175235405223873,0.04106529209621993,4.425925925925926,13.0,0.14285714285714285,-0.15793184351304532,-0.15793184351304532
425,L,blink_dist,3,5400,9000,1.1769683879427348,1.8430052657293308,7.0,4.409090909090909,0.7081495583069634,1.2018989327236034,0.10281065088757396,4.767463813719321,13.0,0.14285714285714285,-0.4620098592516448,-0.4620098592516448
425,L,blink_dist,4,7200,10800,1.363375492433421,0.5658785762823066,7.0,4.274336283185841,0.5986383902756737,0.9457914791089844,0.0597452960611102,4.565353625783349,10.0,0.14285714285714285,-0.40862212942702963,-0.40862212942702963
425,L,blink_dist,5,9000,12600,2.2208960926547134,1.3636461712181474,8.0,4.260674157303371,0.5991788346136799,0.921244972725918,0.0907371313084818,4.69607295737949,13.0,0.125,-0.6588608143426157,-0.6588608143426157
425,L,blink_dist,6,10800,14400,1.7704681629603811,3.1901840490797544,8.0,4.392546583850931,0.7342171895088764,1.189557901416461,0.14622428726091663,4.952635599694423,22.0,0.125,-0.8322067730344714,-0.8322067730344714
425,L,blink_dist,7,12600,16200,1.1182669218756165,0.7784713393992201,8.0,4.1603053435114505,0.506700054206903,0.641536954251669,0.060499364367438475,4.444386149003148,12.0,0.125,-0.1262262686050986,-0.1262262686050986
425,L,blink_dist,8,14400,18000,1.159461773844895,1.3459524990356533,10.0,4.323008849557522,0.7021470044448601,1.0338177003450826,0.09186091364963905,4.689170182841069,17.0,0.1,-0.04973046241015328,-0.04973046241015328
425,L,blink_dist,9,16200,19800,2.5923206342761294,11.14411061543391,20.0,4.971412864211105,1.5934364875916653,1.954421411534107,0.2940810391146822,5.798797156916348,39.0,0.05,-1.5445433889886269,-1.5445433889886269
425,L,blink_dist,10,18000,21600,1.656148056118921,2.974450970747374,9.0,4.362093352192362,0.7477491938576633,1.1322053083850654,0.14229912328925667,4.992048722720352,17.0,0.1111111111111111,-0.37417488212765126,-0.37417488212765126
425,L,blink_dist,11,19800,23400,0.9905133638879123,1.3497605263582269,12.0,4.405263157894737,0.8938230627982428,1.1703699220250676,0.07099546854590315,4.8754152823920265,18.0,0.08333333333333333,-0.05508435513281901,-0.05508435513281901
425,L,blink_dist,12,21600,25200,1.2314209859897571,1.312700245158445,12.0,4.362068965517241,0.7867058307965381,1.100530965028283,0.08831541125653432,4.813361611876989,16.0,0.08333333333333333,-0.5967127406352613,-0.5967127406352613
425,L,blink_dist,13,23400,27000,0.8640376609438462,0.41779897583790876,7.0,4.346153846153846,0.6470232246638737,1.0951513851436592,0.041955521047085574,4.485177865612648,17.0,0.14285714285714285,-0.14346303948559094,-0.14346303948559094
425,L,blink_dist,14,25200,28800,0.8668649152278951,0.3058780173208034,6.0,4.368421052631579,0.665742665298606,1.0869877023399053,0.03166574534733739,4.486945169712794,10.0,0.16666666666666666,-0.13006826222552959,-0.13006826222552959
425,M,blink_dist,0,0,3600,1.345054245745262,1.5355017991378388,9.0,4.3244147157190636,0.7662002248320048,1.0270702029454302,0.09416675573289632,4.728384019081694,15.0,0.1111111111111111,-0.5007672320518041,-0.5007672320518041
425,M,blink_dist,1,1800,5400,1.0351424512869678,0.8780186713988118,8.0,4.2781954887218046,0.7494698222181715,0.893933988192622,0.06659208394414011,4.528331584470094,12.0,0.125,-0.39684798871437726,-0.39684798871437726
425,M,blink_dist,2,3600,7200,6.0610741234193934,20.346920435468952,35.0,4.974357322337478,1.4995606214786021,1.968970600986846,0.4345926900037686,6.1576304096187595,46.0,0.02857142857142857,-3.8476890508943065,-3.8476890508943065
425,M,blink_dist,3,5400,9000,4.082587132542799,12.180445244336633,16.0,4.7858570330514985,1.2542134274537469,1.7633006077020632,0.33029852498141554,5.72792346575296,39.0,0.0625,-1.8474195557184065,-1.8474195557184065
425,M,blink_dist,4,7200,10800,1.8699811244836866,4.900486888186555,9.0,4.416474210931486,0.7328682050115829,1.2352173200036396,0.2036132228581191,5.027842227378191,22.0,0.1111111111111111,-0.8569502103866713,-0.8569502103866713
425,M,blink_dist,5,9000,12600,2.0323006614017975,14.382388078470825,17.0,4.882337246531484,1.4175217304796222,1.86707156157201,0.34801779426559354,5.768123493779718,34.0,0.058823529411764705,-1.377759278309051,-1.377759278309051
425,M,blink_dist,6,10800,14400,1.298556295344886,2.6606475103326117,9.0,4.352112676056338,0.7334769896502328,1.1110455066043143,0.1371285180082661,4.834345186470078,17.0,0.1111111111111111,-0.4974441860057065,-0.4974441860057065
425,M,blink_dist,7,12600,16200,1.0650762056841867,0.35993341231872106,6.0,4.137931034482759,0.3916488514345019,0.6027487978021719,0.040402525532776436,4.320769847634322,8.0,0.16666666666666666,0.027475427105964186,0.027475427105964186
425,M,blink_dist,8,14400,18000,1.0594855898682707,0.37690904430942723,5.0,4.098360655737705,0.29780167417352393,0.46377734988775166,0.03320568680366054,4.318627450980392,9.0,0.2,-0.019425494059772775,-0.019425494059772775
425,M,blink_dist,9,16200,19800,1.0499176502290315,1.0710482275977484,8.0,4.319018404907975,0.6618946728471718,1.0478886734914763,0.07762817587098737,4.6072234762979685,12.0,0.125,0.02289804691792089,0.02289804691792089
425,M,blink_dist,10,18000,21600,0.8733819759504486,0.8815245619810527,7.0,4.228070175438597,0.5135888129229614,0.8427292886149756,0.06726654230220563,4.501835985312118,10.0,0.14285714285714285,0.18047968518173563,0.18047968518173563
425,M,blink_dist,11,19800,23400,0.9226113415066007,0.6405817174515236,6.0,4.111111111111111,0.3478327964999667,0.5193214270668458,0.058076523545706374,4.451891174518912,10.0,0.16666666666666666,0.3077497999515438,0.3077497999515438
425,M,blink_dist,12,21600,25200,1.2018865612936749,1.358247833714316,6.0,4.205761316872428,0.47014547331185813,0.7867877198145404,0.08562144489926107,4.621592539454807,15.0,0.16666666666666666,-0.14389205961484652,-0.14389205961484652
425,M,blink_dist,13,23400,27000,1.077407506855293,1.295755437280396,7.0,4.222222222222222,0.546299707950807,0.8169077820435847,0.08791567211753717,4.629195940671351,16.0,0.14285714285714285,-0.5416116542136759,-0.5416116542136759
425,M,blink_dist,14,25200,28800,1.1150403378904306,3.032647155729368,12.0,4.410416666666666,0.8467436603771397,1.2076968522300318,0.13790164310169467,4.922781897212989,19.0,0.08333333333333333,-0.6158190200588244,-0.6158190200588244
426,H,blink_dist,0,0,3600,10.104159561925734,84.24806740755963,308.0,16.069472922446025,22.124795398251138,4.737417108478658,0.8938726148884708,21.846727455374392,259.0,0.003246753246753247,-4.905356177417249,-4.905356177417249
426,H,blink_dist,1,1800,5400,11.437665192714118,78.5763364215548,446.0,12.59906399749205,20.130071148698914,4.313226374999024,0.8562852801604348,17.125322943287667,358.0,0.002242152466367713,-4.302689918644828,-4.302689918644828
426,H,blink_dist,2,3600,7200,10.677373388125627,79.5836973562957,446.0,12.815446508154466,21.663835055503714,4.295685789254558,0.8609317591584188,17.473394968954473,398.0,0.002242152466367713,-0.8676863280103305,-0.8676863280103305
426,H,blink_dist,3,5400,9000,8.200650715734596,75.66015648586583,266.0,11.209419097913601,15.0571504754536,4.092162687486907,0.8370484280318893,14.869176340328357,202.0,0.0037593984962406013,-2.185216107206826,-2.185216107206826
426,H,blink_dist,4,7200,10800,7.234911766505215,71.32187194358647,260.0,10.286123670636185,12.271622456681431,3.968687085478434,0.8043663523505269,13.458828961950498,183.0,0.0038461538461538464,-2.1245583008098943,-2.1245583008098943
426,H,blink_dist,5,9000,12600,7.883950316356976,71.33297134776143,271.0,9.662732936301012,9.964363217037235,3.9328079486544953,0.806509256970586,13.06717875490341,163.0,0.0036900369003690036,-1.2533173722816755,-1.2533173722816755
426,H,blink_dist,6,10800,14400,10.58415386269224,80.79698771543268,337.0,12.85758543672999,16.54745257842891,4.377774831730453,0.8688660167214995,17.728617838611832,274.0,0.002967359050445104,-2.3519916809626293,-2.3519916809626293
426,H,blink_dist,7,12600,16200,10.883395567536157,70.12096501965205,335.0,9.854626459304484,10.065565561226983,3.957460715347604,0.7976110802901282,13.63376483279396,252.0,0.0029850746268656717,-1.7985089436700747,-1.7985089436700747
426,H,blink_dist,8,14400,18000,7.293996589085425,49.14527855641205,144.0,6.929658792650919,4.767400501471827,3.1570892744584333,0.6567985721793973,9.146706312900275,108.0,0.006944444444444444,-1.9047413025203872,-1.9047413025203872
426,H,blink_dist,9,16200,19800,10.993530699109703,58.278181297757065,296.0,7.535913574448098,6.513301923630861,3.3534598159311506,0.7249483835065507,10.238234479362246,195.0,0.0033783783783783786,-0.3047727545993558,-0.3047727545993558
426,H,blink_dist,10,18000,21600,12.412636644633784,64.78679487113494,485.0,8.485067583510297,9.013226340357482,3.616255057854399,0.7676639316837646,11.655604618901545,246.0,0.002061855670103093,0.021778420869478787,0.021778420869478787
426,H,blink_dist,11,19800,23400,12.062520335865031,66.04897156015906,512.0,9.05497059037107,9.79841434246324,3.763995376210433,0.7726620257874686,12.461685496444055,244.0,0.001953125,-2.019791936562081,-2.019791936562081
426,H,blink_dist,12,21600,25200,6.885610090326781,52.496444917682155,280.0,7.065409472665397,5.373786250671927,3.2137970059283947,0.6789198117256242,9.463823182266488,98.0,0.0035714285714285713,-0.8088875759946281,-0.8088875759946281
426,H,blink_dist,13,23400,27000,9.192346095537873,62.82237969298993,337.0,8.250810169336802,7.383039970485525,3.5942114269224024,0.7491980691102824,11.31353074692662,161.0,0.002967359050445104,-0.3809399036742497,-0.3809399036742497
426,H,blink_dist,14,25200,28800,10.05623999778931,64.81725622250107,318.0,8.772114619832756,9.139494950983229,3.6891962944407113,0.7642112870689518,11.961873624802655,187.0,0.0031446540880503146,0.20407857766803464,0.20407857766803464
426,L,blink_dist,0,0,3600,7.158991203725075,60.80952635947415,311.0,8.307657135889777,8.27623110089265,3.569712038013874,0.7371895276089498,11.101201175976481,169.0,0.003215434083601286,-2.818728634862645,-2.818728634862645
426,L,blink_dist,1,1800,5400,11.826724133937738,60.31839073163419,290.0,7.963268726708629,8.019123246022659,3.4446743569818334,0.7313093673648825,10.8654633382831,250.0,0.0034482758620689655,-3.084205496171938,-3.084205496171938
426,L,blink_dist,2,3600,7200,7.094794960970313,39.810522571363606,114.0,6.209650231774126,3.768965191327649,2.816949760009365,0.5798727511375175,8.136518717422208,124.0,0.008771929824561403,-2.473340615352378,-2.473340615352378
426,L,blink_dist,3,5400,9000,6.172694761481168,35.06072078273268,101.0,6.022000977821237,3.5147844139704056,2.707216721776541,0.5455088875145235,7.744989621029815,137.0,0.009900990099009901,-1.1781316445543089,-1.1781316445543089
426,L,blink_dist,4,7200,10800,10.145402333459149,56.56252361639419,313.0,7.202879082543056,6.049113745245545,3.2309051188308895,0.7073771317731818,9.92417030205975,162.0,0.003194888178913738,-0.18971604734115963,-0.18971604734115963
426,L,blink_dist,5,9000,12600,19.833492293176366,84.28967667841961,469.0,13.936496311486325,18.727304977712866,4.5377003332143175,0.8895829340068327,20.474373945763592,314.0,0.0021321961620469083,-7.018731762080593,-7.018731762080593
426,L,blink_dist,6,10800,14400,22.628273085928882,86.85729129680702,394.0,17.01569565638267,25.683496980363735,4.827489212969291,0.9082985738800444,24.70306020580556,379.0,0.0025380710659898475,4.93558997037011,4.93558997037011
426,L,blink_dist,7,12600,16200,21.276989296845887,78.31768319965407,1155.0,11.987383225895412,16.11412145536867,4.277096261090145,0.8508453924945423,17.336476760816527,402.0,0.0008658008658008658,6.687718246984486,6.687718246984486
426,L,blink_dist,8,14400,18000,10.625380661037608,35.45063822814458,82.0,5.674704013860814,2.497417324440405,2.5342394200675296,0.5612371298299311,7.422250718197994,90.0,0.012195121951219513,-3.802701475168837,-3.802701475168837
426,L,blink_dist,9,16200,19800,2.9040533721716075,8.331866584528733,16.0,4.659489387880652,1.2133339413660746,1.5922847476628834,0.2626012056675174,5.3710203622454715,33.0,0.0625,-0.4767930759361722,-0.4767930759361722
426,L,blink_dist,10,18000,21600,10.03619364679224,55.75897439978355,231.0,7.199794492396219,5.631168760570456,3.244940028665541,0.7083970619832409,9.790409678306297,125.0,0.004329004329004329,-2.562705304270259,-2.562705304270259
426,L,blink_dist,11,19800,23400,11.6648518462849,67.22284831646074,555.0,8.685958455713225,9.824149247120674,3.66824661751479,0.7802710478352735,12.100659382664926,231.0,0.0018018018018018018,-4.829419306080786,-4.829419306080786
426,L,blink_dist,12,21600,25200,9.675215570152565,64.50283631272741,576.0,8.633770136786511,9.972309874543392,3.631218541004017,0.7634873439037436,11.69532395933438,248.0,0.001736111111111111,-2.525994787521256,-2.525994787521256
426,L,blink_dist,13,23400,27000,6.62749934469996,51.03804643853907,275.0,6.996299722479186,5.714657835684684,3.16146908215028,0.6694375219925093,9.225268611853796,165.0,0.0036363636363636364,-0.9073168471509032,-0.9073168471509032
426,L,blink_dist,14,25200,28800,5.63284892510827,34.87341341409467,80.0,5.7445347533632285,2.618740852252599,2.5770690104226897,0.5516753439729586,7.438583745961344,92.0,0.0125,1.1634902501482165,1.1634902501482165
426,M,blink_dist,0,0,3600,12.194187324923876,72.69260796210716,368.0,9.645716371473762,10.002330249064661,3.919267496106075,0.8141845337273518,13.741935840463398,386.0,0.002717391304347826,-6.477258731852559,-6.477258731852559
426,M,blink_dist,1,1800,5400,8.440344375544985,76.14073999776687,550.0,11.414349750340445,15.722885556322996,4.155649625154974,0.8389716638878744,15.506882137922592,304.0,0.0018181818181818182,-5.424439094783548,-5.424439094783548
426,M,blink_dist,2,3600,7200,13.119993304039571,79.25517667913356,414.0,12.49103922020109,20.275571392449447,4.26267196194774,0.8588301825229858,17.60497385792186,412.0,0.0024154589371980675,-5.476139462377954,-5.476139462377954
426,M,blink_dist,3,5400,9000,13.376890087374935,76.75098124206677,368.0,11.189881791751537,14.474415794077794,4.13251601230319,0.8425564714212875,15.683106809063935,289.0,0.002717391304347826,5.492615653788207,5.492615653788207
426,M,blink_dist,4,7200,10800,13.195290912485937,68.95471437736808,307.0,8.99872039936178,10.141298771100228,3.7280548168691805,0.7930509992857921,12.385509027318273,198.0,0.003257328990228013,-4.526980969191078,-4.526980969191078
426,M,blink_dist,5,9000,12600,11.495360347934371,57.7085759227197,579.0,7.707464182317571,7.715334440589187,3.3683452626899886,0.7176092798603797,10.44102097548648,157.0,0.0017271157167530224,-1.3822424033690195,-1.3822424033690195
426,M,blink_dist,6,10800,14400,6.107188717306678,31.10163728618507,72.0,5.710430272762197,2.7267500605058954,2.5401982288699916,0.5158759219542816,7.406684190762298,120.0,0.013888888888888888,-2.2167680672862216,-2.2167680672862216
426,M,blink_dist,7,12600,16200,11.682278594442513,69.88233009921134,416.0,10.553096157419834,15.285461552500669,3.9362924799608834,0.7943121656949717,14.33768942198529,364.0,0.002403846153846154,-5.280786047892451,-5.280786047892451
426,M,blink_dist,8,14400,18000,9.653300356154174,55.96498020994665,251.0,7.028260914739314,5.0802744245983185,3.2030098224666443,0.7050702910924904,9.592638451148131,198.0,0.00398406374501992,-1.6188638397970632,-1.6188638397970632
426,M,blink_dist,9,16200,19800,3.690397446462266,19.46441479070452,39.0,5.24859943977591,2.1440993223211233,2.185130300291477,0.39643650151274473,6.259884495779653,75.0,0.02564102564102564,-1.8916367775705187,-1.8916367775705187
426,M,blink_dist,10,18000,21600,3.109564409564681,24.649413891942427,51.0,5.559726567025837,2.816830447215,2.4019478386302118,0.451629390673639,6.720723131019722,83.0,0.0196078431372549,-1.1267414756135097,-1.1267414756135097
426,M,blink_dist,11,19800,23400,4.429524776890503,26.758861923479138,38.0,5.437857247545068,2.141567468647473,2.364253783944215,0.4812790739605496,6.799648461381699,109.0,0.02631578947368421,-2.8050289421960715,-2.8050289421960715
426,M,blink_dist,12,21600,25200,16.064969983983683,70.59535906680216,316.0,9.372203228744539,11.063112816573645,3.800525857807141,0.7998237129454157,13.338299424629824,475.0,0.0031645569620253164,-2.3751245825514546,-2.3751245825514546
426,M,blink_dist,13,23400,27000,10.683059843069817,78.25024072534583,561.0,11.721097424412093,13.767779567771992,4.307854668628004,0.8526723503764885,15.976844847873592,205.0,0.0017825311942959,-1.5489592028161214,-1.5489592028161214
426,M,blink_dist,14,25200,28800,13.461468118075723,81.3357159977882,561.0,12.019077343900685,13.96760872359904,4.346183670251359,0.8723085265688445,17.004371711096976,228.0,0.0017825311942959,-3.660917739731877,-3.660917739731877
427,H,blink_dist,0,0,3600,6.0672876935690825,48.69235103016518,164.0,6.791040939966955,4.979634728948143,3.0749768376067554,0.653958751270265,8.91540449357548,146.0,0.006097560975609756,-1.8969358962959095,-1.8969358962959095
427,H,blink_dist,1,1800,5400,5.9215962454063105,41.3138182083022,214.0,6.169546827794562,3.935539914291783,2.7920201449112874,0.6012000938711322,8.058483232396275,117.0,0.004672897196261682,-0.165928067242535,-0.165928067242535
427,H,blink_dist,2,3600,7200,4.22337481197561,37.52893299647509,106.0,5.841408135633131,3.131662296149258,2.6164869868257354,0.5730435243037171,7.510595583314744,72.0,0.009433962264150943,-1.7373101151760084,-1.7373101151760084
427,H,blink_dist,3,5400,9000,3.469200738408537,26.122409514294002,64.0,5.372632575757576,2.4728964663287583,2.288250256509453,0.48026143128795656,6.612412437795176,70.0,0.015625,-0.2372027283577726,-0.2372027283577726
427,H,blink_dist,4,7200,10800,3.0003078033336363,31.684359594109694,81.0,5.724701808387842,3.3160170799168984,2.5126340851188536,0.5225598134523036,7.059951089692872,76.0,0.012345679012345678,-0.47835438870861774,-0.47835438870861774
427,H,blink_dist,5,9000,12600,3.8444428719728214,45.93798430287393,288.0,6.724486072253984,5.689070447667083,3.0317755414077805,0.6320814688321886,8.676038666628646,104.0,0.003472222222222222,-0.7837296183840288,-0.7837296183840288
427,H,blink_dist,6,10800,14400,4.188441449720158,45.74531780929536,124.0,6.941666666666666,4.893620658381987,3.151986466641509,0.6248793937845373,9.03797677817921,129.0,0.008064516129032258,0.041342018758468074,0.041342018758468074
427,H,blink_dist,7,12600,16200,3.329770779959591,39.81483258179027,167.0,6.303007290400972,3.943932318742437,2.8721934286257023,0.5776647798138732,8.04623813978351,98.0,0.005988023952095809,-0.9940740939657672,-0.9940740939657672
427,H,blink_dist,8,14400,18000,3.224475524363824,42.71306001941863,175.0,6.539056575155468,4.428428645895044,2.9704832579061273,0.6009644916480076,8.295076923076923,81.0,0.005714285714285714,-0.375809915722486,-0.375809915722486
427,H,blink_dist,9,16200,19800,3.642637614206298,36.99062035457603,106.0,6.098611914401388,3.32193375611875,2.77088901344639,0.5614763623288181,7.8027422303473495,79.0,0.009433962264150943,-0.40849017840007784,-0.40849017840007784
427,H,blink_dist,10,18000,21600,4.811938871887205,34.43606826201407,122.0,5.833933190867169,2.920637021514179,2.6274826063191523,0.5504330276082071,7.468797153345495,84.0,0.00819672131147541,-1.4355713199897069,-1.4355713199897069
427,H,blink_dist,11,19800,23400,3.856279004314518,34.72798667892736,185.0,5.923066054397739,3.5138844443009245,2.665245731530641,0.5504407220551565,7.42165814973053,59.0,0.005405405405405406,2.9084722612477583,2.9084722612477583
427,H,blink_dist,12,21600,25200,3.3111939622627045,33.28605816774965,185.0,5.794021328407087,3.7061850648884724,2.5644943008705123,0.5379889723440281,7.2665580713471245,73.0,0.005405405405405406,-0.8497588360692524,-0.8497588360692524
427,H,blink_dist,13,23400,27000,4.2516793011921905,34.96633806203414,161.0,5.8407279573266395,3.351771937521851,2.6105716020252903,0.5510470515748979,7.488793015419177,66.0,0.006211180124223602,-0.6740473077561717,-0.6740473077561717
427,H,blink_dist,14,25200,28800,4.5907741102095665,43.84092134792366,238.0,6.239835586589412,3.8197481228465775,2.8475259401171704,0.6176023381639151,8.143787850981832,103.0,0.004201680672268907,-1.619624491258355,-1.619624491258355
427,L,blink_dist,0,0,3600,4.528175186259353,38.54052757455395,147.0,6.114674278038953,3.863666346971697,2.755116081057013,0.5738713728367538,7.831347630394493,132.0,0.006802721088435374,-2.476476246468897,-2.476476246468897
427,L,blink_dist,1,1800,5400,5.478771553221624,38.03083399903206,204.0,6.0296292872330595,3.5936731639147985,2.7287033943784986,0.5767890774873323,7.836079534202083,132.0,0.004901960784313725,-3.0601534603916103,-3.0601534603916103
427,L,blink_dist,2,3600,7200,4.684249206651683,17.177083581977584,35.0,5.096934129312961,1.7791994416174999,2.0753332243309575,0.3878168296067954,6.2276859051582525,55.0,0.02857142857142857,-0.5670593657080695,-0.5670593657080695
427,L,blink_dist,3,5400,9000,2.1861703818438523,4.693676250319658,13.0,4.4735376044568245,0.9659936608302413,1.3188588790664075,0.1981624228254119,5.1187128432575255,32.0,0.07692307692307693,-0.192251610202547,-0.192251610202547
427,L,blink_dist,4,7200,10800,1.194714599861257,2.87987164917441,9.0,4.459627329192546,0.9302404383409477,1.2827917141735317,0.13958820776789893,4.936406619385343,18.0,0.1111111111111111,-0.10949530559579727,-0.10949530559579727
427,L,blink_dist,5,9000,12600,1.5362533066495903,4.81716002786529,13.0,4.52,1.0433716453133566,1.3864964413680003,0.1933726358692827,5.05930359085963,22.0,0.07692307692307693,-0.706878610227981,-0.706878610227981
427,L,blink_dist,6,10800,14400,1.6509567700041419,6.148532285841444,19.0,5.108520900321543,1.9606969523493747,2.0410621849422257,0.19256854815302155,5.480793060718711,28.0,0.05263157894736842,0.21264639736361735,0.21264639736361735
427,L,blink_dist,7,12600,16200,2.706624767929544,11.913389358387233,31.0,5.139256619144603,2.2161016618590286,2.040386829171099,0.29745113545158397,5.867920135048606,61.0,0.03225806451612903,-0.04814328074144327,-0.04814328074144327
427,L,blink_dist,8,14400,18000,1.9866492899678316,10.93878141733803,19.0,4.848538845331433,1.347184838221599,1.8312974975687888,0.2935621592937431,5.733589824120603,38.0,0.05263157894736842,-0.6443867295442297,-0.6443867295442297
427,L,blink_dist,9,16200,19800,1.6641506233297036,8.742225293711126,13.0,4.697266632284683,1.0960323947733044,1.6557748422635656,0.26017910619672885,5.474954554635427,34.0,0.07692307692307693,-0.5205055426432028,-0.5205055426432028
427,L,blink_dist,10,18000,21600,3.722263956612988,32.16897250163068,67.0,5.721132565061437,2.5032226560538104,2.564409365043985,0.5222051048783,7.185739592559788,58.0,0.014925373134328358,-1.8842620613077923,-1.8842620613077923
427,L,blink_dist,11,19800,23400,3.7529165044722532,31.98241335427387,118.0,5.9195682999842445,3.2354786325347757,2.6554094551416214,0.5227175027984559,7.389248217562648,98.0,0.00847457627118644,-1.5357851302273184,-1.5357851302273184
427,L,blink_dist,12,21600,25200,2.8114568010719925,19.831146916954054,48.0,5.351065460677602,2.193535723918472,2.2827393048175058,0.40456846447097056,6.469089257324551,65.0,0.020833333333333332,-1.3317381524675027,-1.3317381524675027
427,L,blink_dist,13,23400,27000,3.0519012007205184,19.19880249549889,60.0,5.056796250344638,1.75406102298512,2.038450447031214,0.40184440815642924,6.221123850423369,33.0,0.016666666666666666,-0.7344344206388452,-0.7344344206388452
427,L,blink_dist,14,25200,28800,3.889375449944741,22.45845893533311,80.0,5.297907382290254,2.23885936613494,2.241389471530876,0.44078704198050056,6.552241995055096,61.0,0.0125,-0.5203077317848511,-0.5203077317848511
427,M,blink_dist,0,0,3600,1.2141220233365082,2.753585054598079,8.0,4.387840670859539,0.6932581537176379,1.1776397749321514,0.136804367846336,4.8670723145331145,19.0,0.125,-0.2475914969221439,-0.2475914969221439
427,M,blink_dist,1,1800,5400,1.3247682969275094,2.491047421536829,8.0,4.386411889596603,0.7163143400379437,1.1754909338612438,0.12596308041043203,4.887485380116959,16.0,0.125,-0.07681123454321359,-0.07681123454321359
427,M,blink_dist,2,3600,7200,1.08454752191162,1.416831129046511,9.0,4.313901345291479,0.6423991810051092,1.022182106752849,0.0933385372175911,4.770417764395935,15.0,0.1111111111111111,0.10842983821382937,0.10842983821382937
427,M,blink_dist,3,5400,9000,2.0118709538916355,5.0534723269791115,15.0,4.488716502115656,0.9605473668849133,1.3474532618857518,0.20479464562177954,5.105799683293745,21.0,0.06666666666666667,-0.5932500758670716,-0.5932500758670716
427,M,blink_dist,4,7200,10800,2.640160332472325,9.879179850804963,15.0,4.753711790393013,1.2609508870859218,1.719942487463338,0.28648048545862653,5.551823191464416,33.0,0.06666666666666667,0.5894204116616835,0.5894204116616835
427,M,blink_dist,5,9000,12600,3.1150432130642787,7.238343323915351,14.0,4.574206092028516,1.037924234127571,1.4832651110540687,0.2468528384704923,5.352512786301979,24.0,0.07142857142857142,-0.8950447853549629,-0.8950447853549629
427,M,blink_dist,6,10800,14400,1.3326750250100192,1.3280276153034807,8.0,4.245210727969349,0.5335721929557802,0.8764121614687804,0.0963059737271071,4.66744118501307,14.0,0.125,-0.1663670190407122,-0.1663670190407122
427,M,blink_dist,7,12600,16200,1.0180191937022192,0.7672634271099744,8.0,4.2894736842105265,0.6974097968526654,0.9408182548723106,0.06599406900663707,4.564297341291373,11.0,0.125,-0.14763510132435995,-0.14763510132435995
427,M,blink_dist,8,14400,18000,0.8998655217298451,0.8875319511502414,8.0,4.273504273504273,0.5937557071096874,0.9295809984700252,0.06732817381425732,4.537081339712919,11.0,0.125,-0.1944769831901182,-0.1944769831901182
427,M,blink_dist,9,16200,19800,0.8084030469814588,1.0254890337877889,6.0,4.219512195121951,0.486176142690277,0.8197808327140319,0.0698478561549101,4.62696335078534,10.0,0.16666666666666666,-0.0936972061147809,-0.0936972061147809
427,M,blink_dist,10,18000,21600,1.1355818577169108,1.5514888948279015,8.0,4.193916349809886,0.512617476695139,0.7492582923180777,0.09923621172267312,4.642974662717999,10.0,0.125,-0.2787877860053119,-0.2787877860053119
427,M,blink_dist,11,19800,23400,1.9459975263920992,4.55802805571744,11.0,4.5,0.878567051982842,1.3743941548458094,0.18025264920503328,5.084510303310951,20.0,0.09090909090909091,0.6742984467499853,0.6742984467499853
427,M,blink_dist,12,21600,25200,1.8097781787402938,4.545414427057131,9.0,4.458874458874459,0.7976136143183242,1.3070114829120962,0.1774388575564205,5.066532258064516,17.0,0.1111111111111111,-0.28054975177652003,-0.28054975177652003
427,M,blink_dist,13,23400,27000,1.3673368430686985,2.234760870073129,9.0,4.318284424379232,0.6788017196746368,1.047381828158045,0.12609518469194644,4.92989266955926,16.0,0.1111111111111111,-0.2115475744565186,-0.2115475744565186
427,M,blink_dist,14,25200,28800,3.342469464455743,15.430455664141837,26.0,5.061765166954068,1.6113946293652177,2.053297877348875,0.3559891042030059,6.243609085575391,50.0,0.038461538461538464,0.29947340661187843,0.29947340661187843
428,H,blink_dist,0,0,3600,2.3574987968196104,1.2886964652316197,10.0,4.23608017817372,0.6242599201570097,0.8527415378608887,0.08970397923992655,4.626769177005067,13.0,0.1,-0.6367828894905395,-0.6367828894905395
428,H,blink_dist,1,1800,5400,1.4121256623482088,0.23980272832160712,6.0,4.24,0.5122499389946282,0.8663137138648349,0.03489582155057349,4.3821022727272725,10.0,0.16666666666666666,-0.30321602880343707,-0.30321602880343707
428,H,blink_dist,2,3600,7200,1.8502542372475257,1.1714939353390599,7.0,4.2274143302180685,0.5306750943324897,0.844840970176537,0.0841757672551474,4.593875147232038,12.0,0.14285714285714285,-0.47393585660514786,-0.47393585660514786
428,H,blink_dist,3,5400,9000,2.020368689931828,1.6626477447918726,9.0,4.327160493827161,0.7128761103637375,1.0609524979357525,0.10804443214610428,4.742668748915495,14.0,0.1111111111111111,-0.3116884518135428,-0.3116884518135428
428,H,blink_dist,4,7200,10800,1.526381876437487,1.7999351186178172,10.0,4.3544303797468356,0.7435456398707094,1.1145114055360346,0.1161899978024048,4.7036644778648595,13.0,0.1,0.6523616718975981,0.6523616718975981
428,H,blink_dist,5,9000,12600,1.6321882740507094,0.9052386404783574,6.0,4.166666666666667,0.4288751962213864,0.6851178095224908,0.07275672078525783,4.445142002989536,10.0,0.16666666666666666,-0.5628230943237676,-0.5628230943237676
428,H,blink_dist,6,10800,14400,1.6922953806658296,0.6295660053234666,6.0,4.16875,0.4362034359103573,0.6897967316309855,0.06123402488059955,4.426816786079836,10.0,0.16666666666666666,-0.5715863399037966,-0.5715863399037966
428,H,blink_dist,7,12600,16200,2.6891181538317044,1.1303697015776468,8.0,4.2383073496659245,0.5493489031027466,0.8732251230994453,0.09116315814483938,4.605401350337584,11.0,0.125,-0.6220958986189864,-0.6220958986189864
428,H,blink_dist,8,14400,18000,2.4865941026031346,0.8106736556756792,8.0,4.263513513513513,0.5911679516978923,0.9309352661930465,0.07270689201081755,4.5428456752960065,11.0,0.125,0.0020917690823086836,0.0020917690823086836
428,H,blink_dist,9,16200,19800,1.3585356164556421,0.1904739509235635,7.0,4.2631578947368425,0.6760648725613231,0.8596410002287574,0.023485908454927044,4.304956896551724,9.0,0.14285714285714285,-0.11049913634717616,-0.11049913634717616
428,H,blink_dist,10,18000,21600,1.2183389449805135,0.10619608254451059,5.0,4.05,0.2179449471770336,0.2863969571159562,0.016008076146524372,4.2543554006968645,6.0,0.2,-0.2875118538921572,-0.2875118538921572
428,H,blink_dist,11,19800,23400,1.7278037776909192,0.4908985014190757,6.0,4.1484375,0.3970564299866582,0.6345037492266443,0.04572936793351145,4.4224407688869025,8.0,0.16666666666666666,0.23734407610325733,0.23734407610325733
428,H,blink_dist,12,21600,25200,2.0536568138185967,0.6821239956754739,6.0,4.136792452830188,0.3700651323850866,0.5986658557901527,0.0644089943921163,4.504215392983411,10.0,0.16666666666666666,0.015956288719998525,0.015956288719998525
428,H,blink_dist,13,23400,27000,2.4393933319287577,1.346927015806912,8.0,4.241237113402062,0.5793264089501985,0.8766294272627128,0.09567307062690711,4.632530120481928,12.0,0.125,-0.16520897540248805,-0.16520897540248805
428,H,blink_dist,14,25200,28800,1.942052148944867,0.8331825434686055,8.0,4.203319502074689,0.5274118454916391,0.7819002906270597,0.07491651724761889,4.495804540967423,10.0,0.125,0.035235189537628546,0.035235189537628546
428,L,blink_dist,0,0,3600,2.1086365270711194,1.7672769693434638,8.0,4.304428044280443,0.6525134100977821,1.0162572600006,0.11236563619698359,4.739894551845342,14.0,0.125,-0.5088399329798999,-0.5088399329798999
428,L,blink_dist,1,1800,5400,2.1129492878433975,0.8973321943438589,7.0,4.179577464788732,0.4512952770612571,0.724801242985888,0.07502211201911083,4.512960436562073,13.0,0.14285714285714285,-0.696209584758027,-0.696209584758027
428,L,blink_dist,2,3600,7200,1.5788697723549159,0.3965805048307957,6.0,4.170212765957447,0.45284673731474,0.6875460997128322,0.042156912337498104,4.40952380952381,10.0,0.16666666666666666,0.05104923324961243,0.05104923324961243
428,L,blink_dist,3,5400,9000,1.1209344442792106,0.18097355221158232,5.0,4.096774193548387,0.2956500448358607,0.4586858162005404,0.025628419972640218,4.29236276849642,8.0,0.2,0.20441681094422537,0.20441681094422537
428,L,blink_dist,4,7200,10800,1.610688362941501,0.6108868768408422,6.0,4.134228187919463,0.37822826318403574,0.5924677607211819,0.056035978856967185,4.459747434885556,11.0,0.16666666666666666,-0.39712782087952453,-0.39712782087952453
428,L,blink_dist,5,9000,12600,3.55869851102733,2.6679593522209055,9.0,4.294797687861272,0.6267879301317144,1.0015327093283946,0.1416321052820568,4.782071682958248,14.0,0.1111111111111111,-0.3843610319583165,-0.3843610319583165
428,L,blink_dist,6,10800,14400,4.942743308791595,8.528955532574974,11.0,4.487672164597858,0.8637257345488939,1.3571932879081363,0.2765689632885212,5.187543567207153,25.0,0.09090909090909091,0.4976897527962542,0.4976897527962542
428,L,blink_dist,7,12600,16200,3.16187660041361,5.597906531480331,12.0,4.439503205128205,0.8157270687127989,1.2749047271564788,0.21253201582225725,5.1165095773791425,20.0,0.08333333333333333,-0.5002440024962945,-0.5002440024962945
428,L,blink_dist,8,14400,18000,2.3261274554982987,1.4969751488391576,9.0,4.299802761341223,0.625604213307711,1.0017168340250981,0.10296854292129894,4.803780233861925,13.0,0.1111111111111111,-0.6214631234115909,-0.6214631234115909
428,L,blink_dist,9,16200,19800,1.490857506224352,0.21963893501901752,6.0,4.183673469387755,0.436753766510871,0.7308095044469498,0.02807628435206514,4.31358024691358,10.0,0.16666666666666666,-0.4905395589328268,-0.4905395589328268
428,L,blink_dist,10,18000,21600,1.3040670452205745,0.23762570277189157,7.0,4.311111111111111,0.6935327348589883,0.9922569179180408,0.027608677012775442,4.309751434034417,9.0,0.14285714285714285,-0.2131040874062544,-0.2131040874062544
428,L,blink_dist,11,19800,23400,2.1331873170970135,1.0760176116452511,8.0,4.214076246334311,0.5288521128220494,0.8120861454684299,0.08231497289364124,4.636440320539856,13.0,0.125,0.23500597584983918,0.23500597584983918
428,L,blink_dist,12,21600,25200,2.1152334537339006,0.44327312269679214,8.0,4.192857142857143,0.5331366559124874,0.7383896623945057,0.051565426206729895,4.513218770654329,13.0,0.125,-0.6283294885473606,-0.6283294885473606
428,L,blink_dist,13,23400,27000,5.409320131599902,15.169348885279787,15.0,4.76274800667532,1.2060125097440197,1.7376940600816877,0.36927063339731286,5.819013052278914,32.0,0.06666666666666667,-3.5373014835329997,-3.5373014835329997
428,L,blink_dist,14,25200,28800,1.5641105466008975,4.029779107648002,11.0,4.4688561721404305,0.9373908662693411,1.3132009239983533,0.1634327672307268,5.023858107047559,16.0,0.09090909090909091,-0.6189030644474542,-0.6189030644474542
428,M,blink_dist,0,0,3600,3.4413754448333207,2.654481148495918,9.0,4.306475903614458,0.6495273462416694,1.0236881766391919,0.14648846352003045,4.863692402527354,18.0,0.1111111111111111,-0.5968218328977302,-0.5968218328977302
428,M,blink_dist,1,1800,5400,2.5714596506887397,2.94621892586933,10.0,4.359375,0.7636529223708819,1.124965872067999,0.15067148696159915,4.9270769855779,15.0,0.1,-0.9566630981491683,-0.9566630981491683
428,M,blink_dist,2,3600,7200,1.7905784067096335,2.1695108787767956,10.0,4.296819787985866,0.6674330813300076,0.9942302744001161,0.12036235827259832,4.823918484090097,14.0,0.1,-0.6302928312972065,-0.6302928312972065
428,M,blink_dist,3,5400,9000,2.43324365453125,1.9509889518357808,9.0,4.396449704142012,0.7898687997655809,1.1799906571011811,0.11436458285466708,4.915773137697517,13.0,0.1111111111111111,-0.37098141872899576,-0.37098141872899576
428,M,blink_dist,4,7200,10800,1.8643425891036343,1.0152762665250135,7.0,4.293478260869565,0.646137523134799,0.9816685837826745,0.07281715602697122,4.698175787728027,11.0,0.14285714285714285,-0.15491616441582803,-0.15491616441582803
428,M,blink_dist,5,9000,12600,1.6993395565938838,0.5837179354620395,7.0,4.195945945945946,0.5283680098519556,0.7474553985127439,0.05504901914707624,4.463795731707317,10.0,0.14285714285714285,-0.2870973798623745,-0.2870973798623745
428,M,blink_dist,6,10800,14400,1.5963284668886195,0.19311973423522583,6.0,4.195652173913044,0.44816365495844124,0.7611113046383287,0.023289439452460526,4.294280442804428,7.0,0.16666666666666666,-0.17600672590326435,-0.17600672590326435
428,M,blink_dist,7,12600,16200,1.4542469592241247,0.29766154454488536,6.0,4.106060606060606,0.3942306615532634,0.4606082846084606,0.031133640148061904,4.27526395173454,8.0,0.16666666666666666,0.019735638346443957,0.019735638346443957
428,M,blink_dist,8,14400,18000,2.178822715342934,1.1597815329350096,9.0,4.218666666666667,0.5318379034588956,0.8168107447271253,0.08469997434111652,4.648360490846912,17.0,0.1111111111111111,-0.5327839891374818,-0.5327839891374818
428,M,blink_dist,9,16200,19800,3.0272705447543973,2.9743248804888087,8.0,4.329493087557604,0.6567898151763152,1.0705211742904452,0.146381422737202,4.999549468372679,18.0,0.125,-0.4231874710956602,-0.4231874710956602
428,M,blink_dist,10,18000,21600,3.1534108107495085,1.9299054295685825,8.0,4.223946784922394,0.5272641489384117,0.8395050401206225,0.11361115191546912,4.706536564893505,14.0,0.125,-0.4705860634191945,-0.4705860634191945
428,M,blink_dist,11,19800,23400,3.3484114904086595,1.477863061533104,8.0,4.249657064471879,0.5450392496231695,0.9007150276446948,0.09487327491210579,4.6795294117647055,14.0,0.125,-0.2041090142687435,-0.2041090142687435
428,M,blink_dist,12,21600,25200,4.86327669826536,3.9393690571986926,11.0,4.41280353200883,0.7669676050804733,1.2285534436294396,0.18138538091406237,5.115840666975451,18.0,0.09090909090909091,-0.2964438621381065,-0.2964438621381065
428,M,blink_dist,13,23400,27000,4.4113153425186615,8.604120650324075,13.0,4.561720099827222,0.9424205312127991,1.4690690464940797,0.271944816598472,5.343507648523657,31.0,0.07692307692307693,-1.1353894899439994,-1.1353894899439994
428,M,blink_dist,14,25200,28800,2.884677895072447,7.285362274703065,15.0,4.668914123491838,1.2395907079412198,1.601774157245505,0.24178963980176638,5.284841149773071,37.0,0.06666666666666667,-0.3775472987533376,-0.3775472987533376
429,H,blink_dist,0,0,3600,1.8889892182578012,9.616100118383223,15.0,4.6798353909465025,1.106083427701335,1.6292013267147853,0.27597243362083546,5.528330651308546,31.0,0.06666666666666667,-0.645688082599556,-0.645688082599556
429,H,blink_dist,1,1800,5400,2.1716028343463796,8.355093304303693,15.0,4.60624493106245,1.0793091697402883,1.5269869487902898,0.2596963656557781,5.413861841600859,22.0,0.06666666666666667,-0.29227747550978617,-0.29227747550978617
429,H,blink_dist,2,3600,7200,2.290203755584027,8.335309461702632,15.0,4.619636644762273,1.085755266540048,1.5482726874078823,0.2596004965894349,5.417903930131004,22.0,0.06666666666666667,-0.20939596300658958,-0.20939596300658958
429,H,blink_dist,3,5400,9000,1.956396071809703,6.556172436316134,13.0,4.580718767826583,0.9780326173207716,1.496254681266947,0.2239467668190725,5.260139994246812,21.0,0.07692307692307693,-0.46368706516203256,-0.46368706516203256
429,H,blink_dist,4,7200,10800,1.6014718334392621,4.572112507480551,13.0,4.4678362573099415,0.8614771509276264,1.318380054671047,0.187442649112308,5.099172432505766,18.0,0.07692307692307693,-0.21771608811521798,-0.21771608811521798
429,H,blink_dist,5,9000,12600,1.3232827904392803,5.582782096470474,9.0,4.455684007707129,0.7897839173974691,1.30288692569125,0.20177683356670367,5.152897657213317,20.0,0.1111111111111111,0.24427784038886272,0.24427784038886272
429,H,blink_dist,6,10800,14400,1.5677364602872204,4.501365285079675,8.0,4.480730223123732,0.816993619485019,1.3395057862790176,0.18778783062314056,5.076012117873864,23.0,0.125,-0.6233734526711955,-0.6233734526711955
429,H,blink_dist,7,12600,16200,1.2948984352824722,3.1208753253481687,9.0,4.3847487001733105,0.7794876650963123,1.168805259547346,0.15287354903968323,4.923718712753278,18.0,0.1111111111111111,0.7479205799455103,0.7479205799455103
429,H,blink_dist,8,14400,18000,1.5028373972584579,3.9804432162406336,10.0,4.390386869871043,0.7724757874039587,1.1779253861687118,0.16257639368656002,4.967040103912973,17.0,0.1,-0.5494515408960655,-0.5494515408960655
429,H,blink_dist,9,16200,19800,1.7426428693851648,4.076151716805074,12.0,4.38560157790927,0.7995497888990273,1.1737572040536182,0.16562173458725182,4.979743695742042,26.0,0.08333333333333333,-0.2701715769191106,-0.2701715769191106
429,H,blink_dist,10,18000,21600,1.5290973184052177,5.93550543722383,13.0,4.5456,1.0612825448484535,1.4166381060018647,0.20841124424155688,5.216629624787554,32.0,0.07692307692307693,-0.47673210453230996,-0.47673210453230996
429,H,blink_dist,11,19800,23400,1.8141228858886627,6.267334665809655,13.0,4.586340206185567,1.006560443041984,1.5003714027810051,0.21771019520484622,5.341542449773169,20.0,0.07692307692307693,-0.24041262430409865,-0.24041262430409865
429,H,blink_dist,12,21600,25200,1.591296912654295,2.39804061311143,9.0,4.415896487985212,0.8241090974151206,1.2278756734669618,0.13027614105176516,4.859041557469113,16.0,0.1111111111111111,-0.23651654441536335,-0.23651654441536335
429,H,blink_dist,13,23400,27000,1.8967042680837654,3.788854921974348,12.0,4.441263573543929,0.8851942094122538,1.2684063372677397,0.16580345788804393,5.05988177846312,18.0,0.08333333333333333,-0.5169421304923572,-0.5169421304923572
429,H,blink_dist,14,25200,28800,1.8083885113803375,4.797993181055347,16.0,4.504145936981758,0.9931269904532445,1.3677388265639991,0.19514812655678626,5.305835734870317,19.0,0.0625,0.9363085635698392,0.9363085635698392
429,L,blink_dist,0,0,3600,1.6334980754704382,6.499779983376522,12.0,4.580978635423846,1.0346295529038627,1.4918542202520686,0.22463208331296142,5.219722790274938,21.0,0.08333333333333333,-0.2055402873615279,-0.2055402873615279
429,L,blink_dist,1,1800,5400,2.4393613855526666,5.151392126561722,17.0,4.477518497438816,0.938144422614581,1.3298907625544722,0.19481586736163858,5.088335898751496,19.0,0.058823529411764705,-0.02769315402345666,-0.02769315402345666
429,L,blink_dist,2,3600,7200,2.0732239691743026,3.334514692512751,9.0,4.393908629441625,0.7147208121827523,1.1924628193773374,0.16019230472903215,4.920601112294403,18.0,0.1111111111111111,0.5048374921801082,0.5048374921801082
429,L,blink_dist,3,5400,9000,1.286975734011917,1.630859738615631,7.0,4.322368421052632,0.6240990736570717,1.0411175775549033,0.09911754849759839,4.6565597667638485,12.0,0.14285714285714285,-0.3447989683667424,-0.3447989683667424
429,L,blink_dist,4,7200,10800,1.2512756587302818,0.6357230392156863,7.0,4.220338983050848,0.5695016141156415,0.8117603222529322,0.04678564133986928,4.516327788046826,9.0,0.14285714285714285,0.2231186962305263,0.2231186962305263
429,L,blink_dist,5,9000,12600,1.0593737775519525,0.09197551340430023,5.0,4.066666666666666,0.2494438257849294,0.35335933502142136,0.015115647899641144,4.229957805907173,7.0,0.2,0.30364214511885346,0.30364214511885346
429,L,blink_dist,6,10800,14400,1.2177958565869673,0.1495278069254984,5.0,4.071428571428571,0.25753937681885647,0.3712323266408757,0.019333683105981114,4.2417266187050355,8.0,0.2,0.18589601347983015,0.18589601347983015
429,L,blink_dist,7,12600,16200,1.8399036113940583,1.0391797685502704,8.0,4.290322580645161,0.6433666796409315,0.986908877303648,0.07664927465773047,4.737858867722029,12.0,0.125,-0.6066695009036814,-0.6066695009036814
429,L,blink_dist,8,14400,18000,1.8120942910068876,4.918639705234209,13.0,4.562551103843009,1.023423479205489,1.4641796336890092,0.18844648555259771,5.153308424731831,23.0,0.07692307692307693,-0.44273047672669325,-0.44273047672669325
429,L,blink_dist,9,16200,19800,1.7182198648636344,4.496648662718813,11.0,4.466297322253001,0.861358764834068,1.319090149475889,0.18600619137483848,5.095759582325226,25.0,0.09090909090909091,-0.42105106084187477,-0.42105106084187477
429,L,blink_dist,10,18000,21600,1.730631031974968,3.8413970058885423,12.0,4.45610278372591,0.870464823360186,1.2997683075537851,0.16719583556384177,4.990358126721763,26.0,0.08333333333333333,0.030207394021421877,0.030207394021421877
429,L,blink_dist,11,19800,23400,1.7023265427583876,3.266275076472686,11.0,4.3841309823677586,0.7902428048721462,1.1695061360837806,0.1503884624767767,4.853141559424678,26.0,0.09090909090909091,-0.2444093086977204,-0.2444093086977204
429,L,blink_dist,12,21600,25200,1.3313971699663811,1.4456761685382475,8.0,4.184027777777778,0.5311365165646145,0.7154917209351463,0.09800004798925041,4.567235113223371,11.0,0.125,-0.0597451776391538,-0.0597451776391538
429,L,blink_dist,13,23400,27000,1.4669775900963677,1.564677700348432,8.0,4.2514792899408285,0.6192767788808423,0.8899946157266568,0.10228658536585365,4.74804144553955,14.0,0.125,-0.5488838671426578,-0.5488838671426578
429,L,blink_dist,14,25200,28800,1.2737339611222187,2.2999172330766724,8.0,4.345971563981043,0.7211893672654844,1.0951263195020888,0.12100900403802262,4.9144385026737964,14.0,0.125,-0.5832677034712652,-0.5832677034712652
429,M,blink_dist,0,0,3600,1.812349862015615,5.532248682378241,13.0,4.5321299638989165,0.9795085397786281,1.4184043992653272,0.20699000546438456,5.228294746215494,28.0,0.07692307692307693,-0.6432529241293502,-0.6432529241293502
429,M,blink_dist,1,1800,5400,1.2406215423039504,1.6068186792671464,10.0,4.273972602739726,0.6622972467744428,0.9228833326613681,0.1060590454364032,4.771213437590501,13.0,0.1,-0.3032710249094414,-0.3032710249094414
429,M,blink_dist,2,3600,7200,1.5520987091907008,4.068169889573835,13.0,4.451576576576577,0.918967909619692,1.2822828281211875,0.17123774043161913,5.1307431390687634,18.0,0.07692307692307693,-0.6011920045690258,-0.6011920045690258
429,M,blink_dist,3,5400,9000,2.268352434337818,10.448559960566158,16.0,4.777205408886027,1.332131290185575,1.7439487650119994,0.29381733680726707,5.658394358557093,33.0,0.0625,0.8725561968720591,0.8725561968720591
429,M,blink_dist,4,7200,10800,2.225975566453174,4.535832430376659,12.0,4.429572529782761,0.8674088224949719,1.2503069515316891,0.19003351105434244,5.087896253602305,17.0,0.08333333333333333,-0.26167836974115016,-0.26167836974115016
429,M,blink_dist,5,9000,12600,2.332740355349125,2.647886552406516,14.0,4.315848214285714,0.8042957734856028,1.010125749576577,0.1435898138194069,4.811288287254789,22.0,0.07142857142857142,0.003433966680486798,0.003433966680486798
429,M,blink_dist,6,10800,14400,2.0250967535932887,3.302545334080028,14.0,4.375130616509927,0.8554503532457455,1.1406984002875604,0.1654822094793384,4.892723880597015,22.0,0.07142857142857142,-0.7572423734849796,-0.7572423734849796
429,M,blink_dist,7,12600,16200,1.6581127582485145,2.562472304105736,14.0,4.48566610455312,0.9958837388960075,1.3242705046779333,0.12811879852802344,4.881446136905854,19.0,0.07142857142857142,-0.5634607609486952,-0.5634607609486952
429,M,blink_dist,8,14400,18000,1.2511319000378724,0.8196407369106439,12.0,4.337837837837838,0.834671436036882,1.021884130582633,0.06985458398764155,4.676495726495727,14.0,0.08333333333333333,-0.05378085541889899,-0.05378085541889899
429,M,blink_dist,9,16200,19800,1.5052653218413699,1.1545359041565415,7.0,4.283464566929134,0.5526975763916645,0.967351781297837,0.08721096809108948,4.692263773908079,13.0,0.14285714285714285,-0.3784767487287731,-0.3784767487287731
429,M,blink_dist,10,18000,21600,1.4224123954494943,2.571588994946659,11.0,4.378585086042065,0.7561603633822775,1.1554156416984886,0.13308253790005614,4.9052152317880795,16.0,0.09090909090909091,-0.41059476384950855,-0.41059476384950855
429,M,blink_dist,11,19800,23400,1.1399585112413706,2.143847996973391,12.0,4.434782608695652,0.9243605054551879,1.2376779933050588,0.11248195944904507,4.809766327142001,16.0,0.08333333333333333,-0.2364398187821679,-0.2364398187821679
429,M,blink_dist,12,21600,25200,1.4302712039678678,3.685421366509571,13.0,4.45945945945946,0.9654741054820907,1.2907567138164457,0.15610551473051754,4.995711222301644,22.0,0.07692307692307693,0.017859179584607168,0.017859179584607168
429,M,blink_dist,13,23400,27000,1.7968878159875958,3.633082653297065,10.0,4.418378378378378,0.8220525185876446,1.2300516715361194,0.16336871299802655,5.037138550089078,20.0,0.1,0.09740769463865112,0.09740769463865112
429,M,blink_dist,14,25200,28800,1.9133483300271497,5.941478482280753,14.0,4.609455958549223,1.1085810911363598,1.526120810702297,0.20983011228450973,5.333580901856764,20.0,0.07142857142857142,0.08638102811952816,0.08638102811952816
430,H,blink_dist,0,0,3600,0.962927668133378,1.758343839161303,9.0,4.344262295081967,0.8422305650140716,1.0508911376782497,0.0995371906310132,4.781274900398406,16.0,0.1111111111111111,-0.3821420841223422,-0.3821420841223422
430,H,blink_dist,1,1800,5400,1.259230306376928,1.9471294111677702,9.0,4.311797752808989,0.7465095735258387,1.0087300778195782,0.11219144024152015,4.782103271154366,16.0,0.1111111111111111,0.5360086171937667,0.5360086171937667
430,H,blink_dist,2,3600,7200,0.9649882093912442,1.4616059457401553,9.0,4.393034825870647,0.7915921633113979,1.1824995921806152,0.0846672073891381,4.800563115908024,13.0,0.1111111111111111,-0.2577868877859574,-0.2577868877859574
430,H,blink_dist,3,5400,9000,0.7854974953242485,0.9272816007808687,9.0,4.30188679245283,0.7790876536627394,0.9524537336359686,0.06073084431429966,4.695754716981132,11.0,0.1111111111111111,-0.07879341063432425,-0.07879341063432425
430,H,blink_dist,4,7200,10800,0.993835787001371,1.3484626882463555,7.0,4.347150259067358,0.6587039112584566,1.1013299050483567,0.0897796493032675,4.811369509043928,12.0,0.14285714285714285,-0.12486848652663109,-0.12486848652663109
430,H,blink_dist,5,9000,12600,0.9974297543116027,0.539683556466594,6.0,4.2125,0.46620140497428825,0.8024327926038156,0.05605022099801422,4.635761589403973,11.0,0.16666666666666666,-0.1636826192487724,-0.1636826192487724
430,H,blink_dist,6,10800,14400,0.8032596804308161,0.27839643652561247,5.0,4.117647058823529,0.32218973970892145,0.5225593745369408,0.032333757556474704,4.442622950819672,11.0,0.2,-0.22246435302442505,-0.22246435302442505
430,H,blink_dist,7,12600,16200,0.9059193599990799,0.8287049281495196,7.0,4.2342342342342345,0.5361685050942878,0.8619065467727189,0.0768932381204267,4.568884232582504,11.0,0.14285714285714285,-0.013670897725594768,-0.013670897725594768
430,H,blink_dist,8,14400,18000,1.0589105550986337,2.2777668833813527,9.0,4.364161849710983,0.7412604616938399,1.1312729579837024,0.1144163033804474,4.8036732108929705,16.0,0.1111111111111111,-0.03489676171798733,-0.03489676171798733
430,H,blink_dist,9,16200,19800,0.8925977211691543,1.358243410103613,7.0,4.38728323699422,0.6844770296875351,1.1682217690493955,0.08357939192212022,4.635732009925558,16.0,0.14285714285714285,-0.2593393190925884,-0.2593393190925884
430,H,blink_dist,10,18000,21600,0.7947779175786691,0.307494422895271,5.0,4.135135135135135,0.34186785515333806,0.5713549744279548,0.03374399581968366,4.483311081441922,12.0,0.2,-0.05518017187925027,-0.05518017187925027
430,H,blink_dist,11,19800,23400,0.8251269748650705,0.23230152738254253,6.0,4.137931034482759,0.43344155482677704,0.574828144380386,0.03075091468726407,4.418636995827538,12.0,0.16666666666666666,-0.23476414315988445,-0.23476414315988445
430,H,blink_dist,12,21600,25200,0.8147124562594212,0.2391922360552887,6.0,4.206896551724138,0.4827586206896551,0.787667201427305,0.03400646995392609,4.436061381074169,8.0,0.16666666666666666,-0.08948785210472804,-0.08948785210472804
430,H,blink_dist,13,23400,27000,0.8939234957769286,0.5753698806375527,7.0,4.181818181818182,0.527854582672768,0.7073130314082265,0.05304302766063898,4.68957345971564,11.0,0.14285714285714285,-0.09310516436496229,-0.09310516436496229
430,H,blink_dist,14,25200,28800,0.8539426060991063,0.5555451637642393,5.0,4.125,0.33071891388307384,0.5435644431995964,0.05558257421297769,4.431767337807607,9.0,0.2,-0.14386748883936662,-0.14386748883936662
430,L,blink_dist,0,0,3600,0.8606992646423419,0.7757404795486601,6.0,4.222222222222222,0.46178300810757283,0.8206967298578647,0.06217986786430109,4.570941336971351,13.0,0.16666666666666666,-0.20101241277796578,-0.20101241277796578
430,L,blink_dist,1,1800,5400,0.9213175132749173,1.0593110144073232,7.0,4.2727272727272725,0.6165754530113876,0.9389380286075186,0.07946566341302727,4.606532663316583,11.0,0.14285714285714285,-0.15307766963786448,-0.15307766963786448
430,L,blink_dist,2,3600,7200,0.9860728176112704,1.098278068456093,6.0,4.185185185185185,0.4743054990691005,0.725375928405144,0.08060518685306076,4.639627039627039,18.0,0.16666666666666666,0.15456902715108614,0.15456902715108614
430,L,blink_dist,3,5400,9000,0.8961277957272041,0.8502370681972122,8.0,4.258928571428571,0.6647439855512297,0.8371703053551156,0.05838472781719012,4.646099290780142,13.0,0.125,-0.07771092461469956,-0.07771092461469956
430,L,blink_dist,4,7200,10800,0.8045854550385905,0.5697722896110857,8.0,4.2835820895522385,0.7082871950868469,0.9074881651106156,0.04288181691846499,4.467425025853154,10.0,0.125,-0.28094121294775126,-0.28094121294775126
430,L,blink_dist,5,9000,12600,0.7695882000309561,0.10377750103777501,5.0,4.166666666666667,0.37267799624996484,0.6500224216483541,0.017382731423827315,4.431216931216931,7.0,0.2,-0.04432970321625412,-0.04432970321625412
430,L,blink_dist,6,10800,14400,0.8371707586513581,0.053423899563068825,4.0,4.0,0.0,0.0,0.010875579553910438,4.351145038167939,7.0,0.25,-0.07897179362315972,-0.07897179362315972
430,L,blink_dist,7,12600,16200,0.935789221644117,0.09900145088333191,6.0,4.142857142857143,0.5150787536377127,0.3712323266408757,0.018656652726807204,4.380761523046092,8.0,0.16666666666666666,-0.03394090255662115,-0.03394090255662115
430,L,blink_dist,8,14400,18000,1.0853941008780301,0.39587349707877734,6.0,4.203125,0.5055840527301074,0.7629641082282188,0.039918470662683406,4.509559434746468,11.0,0.16666666666666666,0.031950647215212256,0.031950647215212256
430,L,blink_dist,9,16200,19800,1.0052725896419306,0.4163025343608485,7.0,4.295081967213115,0.6614505246502291,0.96725755369324,0.04590450464765234,4.472136222910216,11.0,0.14285714285714285,-0.15899083423181923,-0.15899083423181923
430,L,blink_dist,10,18000,21600,0.7588382444763517,0.09261792998926474,5.0,4.4,0.48989794855663554,0.9709505944546688,0.013555897025701475,4.264900662251655,8.0,0.2,0.07433197329151797,0.07433197329151797
430,L,blink_dist,11,19800,23400,0.9618574645343313,0.12953152764169587,5.0,4.105263157894737,0.3068922049918579,0.4854607607459134,0.015585299832273278,4.246606334841629,8.0,0.2,-0.22297552644014357,-0.22297552644014357
430,L,blink_dist,12,21600,25200,0.852584885115241,0.14425959232613908,5.0,4.052631578947368,0.22329687826943606,0.2974722489192897,0.024936300959232615,4.30048465266559,8.0,0.2,-0.3193093429068149,-0.3193093429068149
430,L,blink_dist,13,23400,27000,1.074644145323426,0.20809179821041054,5.0,4.117647058823529,0.32218973970892123,0.5225593745369408,0.03646065578643836,4.447869446962828,10.0,0.2,-0.09217284748311524,-0.09217284748311524
430,L,blink_dist,14,25200,28800,1.469645112499962,0.5706087580292803,5.0,4.133858267716535,0.3404999733927506,0.5679253419771397,0.054686056495701414,4.496425379803396,10.0,0.2,-0.8168230007736854,-0.8168230007736854
430,M,blink_dist,0,0,3600,0.8342796116151273,0.3695194332758951,6.0,4.1063829787234045,0.3709701228545253,0.48896604413819733,0.04428489373923033,4.478218780251694,12.0,0.16666666666666666,-0.05747015748790472,-0.05747015748790472
430,M,blink_dist,1,1800,5400,0.7414594158828757,0.2175833171761563,5.0,4.04,0.19595917942265428,0.2422921890824148,0.02817811671944678,4.253658536585366,8.0,0.2,-0.21318679294301393,-0.21318679294301393
430,M,blink_dist,2,3600,7200,0.8246956987878427,0.14139066434243658,5.0,4.055555555555555,0.22906142364542564,0.3095434291503252,0.02134417974046097,4.330058939096268,10.0,0.2,-0.06072429691842496,-0.06072429691842496
430,M,blink_dist,3,5400,9000,0.9404214461773046,0.09681528662420383,5.0,4.071428571428571,0.25753937681885636,0.3712323266408757,0.01364755838641189,4.31989247311828,8.0,0.2,-0.2802788624482748,-0.2802788624482748
430,M,blink_dist,4,7200,10800,0.9324348521545675,0.034261241970021415,4.0,4.0,0.0,0.0,0.005987152034261242,4.087719298245614,6.0,0.25,-0.17602902602752357,-0.17602902602752357
430,M,blink_dist,5,9000,12600,1.0318360013615546,0.12539087897458126,5.0,4.05,0.2179449471770336,0.2863969571159562,0.024714387442335676,4.23474801061008,8.0,0.2,-0.28074344419449937,-0.28074344419449937
430,M,blink_dist,6,10800,14400,0.9399901701000768,0.6627243066884176,8.0,4.382022471910112,0.7267847923054473,1.1643781191076548,0.05174347471451876,4.750390015600624,12.0,0.125,0.3278452302003915,0.3278452302003915
430,M,blink_dist,7,12600,16200,0.9198160335986426,1.0714595814882348,9.0,4.345070422535211,0.6924723480306955,1.079074888637756,0.06924546322827126,4.7441998810232,13.0,0.1111111111111111,-0.16351389879275077,-0.16351389879275077
430,M,blink_dist,8,14400,18000,1.2049853597744968,1.3361966117871629,9.0,4.344827586206897,0.7554793896623003,1.091052035320118,0.0890797741191442,4.626506024096385,14.0,0.1111111111111111,-0.3443118089771787,-0.3443118089771787
430,M,blink_dist,9,16200,19800,1.0611627746130454,1.3411807207152964,9.0,4.389162561576355,0.7436302832754178,1.1597503606563186,0.095809374717765,4.778528528528528,14.0,0.1111111111111111,-0.3035421065692179,-0.3035421065692179
430,M,blink_dist,10,18000,21600,1.0138182452462594,1.4510792500393888,7.0,4.323943661971831,0.6451257741182425,1.0542512684649845,0.09803056562155349,4.771472392638037,12.0,0.14285714285714285,-0.011962416223508401,-0.011962416223508401
430,M,blink_dist,11,19800,23400,0.9083313113939466,1.3048218619210072,10.0,4.364705882352941,0.8166943243204045,1.1132819401715779,0.08068969155558682,4.720679012345679,13.0,0.1,-0.19434713121004188,-0.19434713121004188
430,M,blink_dist,12,21600,25200,0.7940271777405319,0.667873667270167,8.0,4.256410256410256,0.687542957835482,0.8753607719413463,0.05356065178032589,4.578675838349097,13.0,0.125,-0.21903614322527304,-0.21903614322527304
430,M,blink_dist,13,23400,27000,0.8244241545910697,0.2557495204696491,5.0,4.125,0.33071891388307384,0.5435644431995964,0.0366477437854804,4.383545770567787,11.0,0.2,-0.0897450795118701,-0.0897450795118701
430,M,blink_dist,14,25200,28800,0.8779343345434089,0.4421156050433928,7.0,4.189655172413793,0.5400158539091671,0.7251778142126898,0.04944235212779506,4.465899753492194,11.0,0.14285714285714285,-0.04777070527874137,-0.04777070527874137
431,H,blink_dist,0,0,3600,0.948919182217497,4.432137626878987,12.0,4.651943462897527,1.1606267818893745,1.5771579246868264,0.1612436244886966,5.0376018932421776,15.0,0.08333333333333333,-0.13061398881761194,-0.13061398881761194
431,H,blink_dist,1,1800,5400,1.1502931639067926,5.530868997694893,26.0,4.626016260162602,1.291254077046582,1.5300045665226816,0.19006026605937734,5.147423843550206,19.0,0.038461538461538464,-0.17135921613030977,-0.17135921613030977
431,H,blink_dist,2,3600,7200,1.4380820929221048,3.388832735391143,10.0,4.4605263157894735,0.8651253251725182,1.302143554731438,0.1496206862080839,5.062194663660278,15.0,0.1,-0.5350592625329413,-0.5350592625329413
431,H,blink_dist,3,5400,9000,1.0398864881364736,2.336333753187306,8.0,4.272471910112359,0.5771156114560023,0.9486361257108298,0.12243863475776474,4.774483378256964,14.0,0.125,-0.3447615995617648,-0.3447615995617648
431,H,blink_dist,4,7200,10800,0.8686379391009427,1.0371269377172174,7.0,4.305343511450381,0.6287407719686704,1.0174181895353227,0.07611114175907026,4.634938409854423,12.0,0.14285714285714285,-0.08939387129592956,-0.08939387129592956
431,H,blink_dist,5,9000,12600,0.9365878810463908,1.6372473778459964,10.0,4.4036697247706424,0.8417899894457779,1.1896665524846768,0.09357892044001023,4.746539792387543,13.0,0.1,-0.0464242507955535,-0.0464242507955535
431,H,blink_dist,6,10800,14400,1.0525372530684893,3.525358909764167,10.0,4.391304347826087,0.7850204384898953,1.1839976834551607,0.1589674325431754,5.010762975364745,19.0,0.1,-0.23941681353883595,-0.23941681353883595
431,H,blink_dist,7,12600,16200,1.0959204317999978,4.327357528057134,9.0,4.398518518518519,0.7886214117931072,1.198636111081261,0.1745372394694651,5.102258201959949,18.0,0.1111111111111111,-0.26442073460644866,-0.26442073460644866
431,H,blink_dist,8,14400,18000,0.9543340929649128,6.415492250527232,13.0,4.541469194312796,1.0629190437661644,1.4211017279942686,0.20731094968700833,5.1780936454849495,31.0,0.07692307692307693,0.04739152664008017,0.04739152664008017
431,H,blink_dist,9,16200,19800,1.018785906728402,4.664398488578104,11.0,4.460269865067466,0.929039380247909,1.2851347200699161,0.1791677772377354,5.0766326077298976,24.0,0.09090909090909091,-0.20665425168521134,-0.20665425168521134
431,H,blink_dist,10,18000,21600,0.9528965060408201,3.3441732600241383,7.0,4.403973509933775,0.7234221586372122,1.1975514917182544,0.1494987930803272,4.960233592880979,15.0,0.14285714285714285,0.008033816711021038,0.008033816711021038
431,H,blink_dist,11,19800,23400,0.8723277455394473,2.7191825972313777,9.0,4.432835820895522,0.8326164585660465,1.2585549310469861,0.13137222588442102,4.902289033139733,13.0,0.1111111111111111,-0.36749303757189744,-0.36749303757189744
431,H,blink_dist,12,21600,25200,1.0487196611256209,3.714873200822481,12.0,4.584586466165414,1.1480562267008068,1.467323127301074,0.15784022542076004,4.947720219622822,16.0,0.08333333333333333,-0.21713214660617305,-0.21713214660617305
431,H,blink_dist,13,23400,27000,1.101447154863732,6.643366784616277,14.0,4.76690946930281,1.3276016890113618,1.7190881412518553,0.2109026045594292,5.339820084450156,24.0,0.07142857142857142,-0.286238788480878,-0.286238788480878
431,H,blink_dist,14,25200,28800,1.1900823753280694,7.76994832561573,14.0,4.733442354865086,1.242837930863265,1.6942072556856702,0.2381920676464667,5.400639074863055,21.0,0.07142857142857142,-0.2246157193977366,-0.2246157193977366
431,L,blink_dist,0,0,3600,1.227954804183889,6.018783495499245,14.0,4.581188118811881,1.0406788408341026,1.4849514570070437,0.21401347624746345,5.081853281853282,18.0,0.07142857142857142,-0.4311921206606818,-0.4311921206606818
431,L,blink_dist,1,1800,5400,1.544559364433237,6.162548993246947,19.0,4.626552795031056,1.267539031952582,1.5258776994982644,0.21801607081915675,5.214321048726194,20.0,0.05263157894736842,-0.20535573983085614,-0.20535573983085614
431,L,blink_dist,2,3600,7200,1.5006969900603642,3.8637161924833157,14.0,4.526184538653367,1.158267541036517,1.3648364813542768,0.17797043139508892,5.024943651389933,18.0,0.07142857142857142,-0.07130774829516211,-0.07130774829516211
431,L,blink_dist,3,5400,9000,2.240910497275693,5.8527927465571805,11.0,4.489338436303991,0.8745981189124502,1.3559352423065767,0.2134262823254355,5.167313832082147,25.0,0.09090909090909091,-0.7400190661389647,-0.7400190661389647
431,L,blink_dist,4,7200,10800,2.6125586635297453,4.17892014502412,12.0,4.438311688311688,0.8853569279467777,1.2610407944470614,0.18657487512151577,5.031906999752659,18.0,0.08333333333333333,-0.6911380373692306,-0.6911380373692306
431,L,blink_dist,5,9000,12600,1.6635596153720211,5.208023274794281,22.0,4.604414261460102,1.270554952023902,1.481883428708227,0.19962648948121406,5.1891925620866095,18.0,0.045454545454545456,-0.7611009061016775,-0.7611009061016775
431,L,blink_dist,6,10800,14400,1.2446467856914099,4.8125665738376044,10.0,4.534461910519951,0.9546980729951469,1.4215800651139314,0.17723720178129132,5.031147540983606,19.0,0.1,-0.1666420180401351,-0.1666420180401351
431,L,blink_dist,7,12600,16200,1.1246082775296697,2.609152629037298,7.0,4.373809523809523,0.6940425140709059,1.14962490525591,0.12313581228872539,4.745210727969349,14.0,0.14285714285714285,-0.23960473243966465,-0.23960473243966465
431,L,blink_dist,8,14400,18000,1.0322832506268278,0.73654566273636,6.0,4.25,0.472455591261534,0.8725525209711026,0.06998731160833101,4.545728643216081,10.0,0.16666666666666666,0.02722523539193646,0.02722523539193646
431,L,blink_dist,9,16200,19800,1.0861767870922585,1.1647058823529413,8.0,4.327868852459017,0.6707302473927454,1.0634269249782964,0.09280147058823529,4.652045705860671,12.0,0.125,0.15265391591449817,0.15265391591449817
431,L,blink_dist,10,18000,21600,0.9872069139624992,1.23131188919811,8.0,4.373563218390805,0.7831501038012384,1.1396600974193587,0.08704938191702802,4.664065886432597,12.0,0.125,-0.18176536036174745,-0.18176536036174745
431,L,blink_dist,11,19800,23400,1.2522180768249647,1.9210408827093564,9.0,4.327586206896552,0.6836665274307966,1.0652514301331104,0.11387205816697493,4.755993606819392,14.0,0.1111111111111111,0.01697544035546357,0.01697544035546357
431,L,blink_dist,12,21600,25200,1.05239349437608,4.30750550201108,15.0,4.843003412969283,1.5096709369502819,1.7952533678388525,0.15996053729984064,5.205729809829587,19.0,0.06666666666666667,-0.13829110352361693,-0.13829110352361693
431,L,blink_dist,13,23400,27000,0.9908168544607763,3.188779622763179,15.0,4.81265206812652,1.3869168042853521,1.764366213975668,0.13078349185877802,5.08939774153074,18.0,0.06666666666666667,-0.1640102485555083,-0.1640102485555083
431,L,blink_dist,14,25200,28800,1.1201357848769369,1.7297436043692782,7.0,4.286219081272085,0.6172326660324496,0.9749205097214498,0.1031001340444343,4.705499511877644,13.0,0.14285714285714285,-0.41753056600257205,-0.41753056600257205
431,M,blink_dist,0,0,3600,1.074915689520199,3.038858756222602,10.0,4.436008676789588,0.7977221584030003,1.2667989869427274,0.14264804220224386,5.0127937336814625,17.0,0.1,-0.4275489099828847,-0.4275489099828847
431,M,blink_dist,1,1800,5400,1.33690791984207,3.820925481200043,11.0,4.504225352112676,0.882926730362299,1.3797870262158474,0.16637394410791306,5.071935895101075,17.0,0.09090909090909091,-0.27620667006011634,-0.27620667006011634
431,M,blink_dist,2,3600,7200,1.5451503723909195,5.229805445861848,13.0,4.553555355535553,1.0185336773009754,1.4493053970742595,0.19964025058407592,5.117795150390884,15.0,0.07692307692307693,0.15391731152003324,0.15391731152003324
431,M,blink_dist,3,5400,9000,1.2970867620447022,2.6969114821929954,10.0,4.424242424242424,0.8419663023908954,1.2297766708613647,0.12994433771735384,4.755295178008112,14.0,0.1,-0.20675254117071318,-0.20675254117071318
431,M,blink_dist,4,7200,10800,1.111893619845472,1.6606809366470334,9.0,4.395437262357414,0.7624119339901506,1.1794791227201844,0.09691136330986927,4.617385352498289,13.0,0.1111111111111111,-0.03002851334617886,-0.03002851334617886
431,M,blink_dist,5,9000,12600,1.0215971878244055,1.9184764763825695,12.0,4.544444444444444,1.1204606636403749,1.3952037396446337,0.1160858076520162,4.830513988288875,13.0,0.08333333333333333,-0.16943520683071672,-0.16943520683071672
431,M,blink_dist,6,10800,14400,1.5502617925654714,4.732417004966307,12.0,4.49412915851272,0.9116901011094348,1.3567021300628672,0.19074947967111092,5.0623461853978675,20.0,0.08333333333333333,-0.4454430457651963,-0.4454430457651963
431,M,blink_dist,7,12600,16200,1.6861297300802764,7.834406972338007,26.0,4.640852974186307,1.2646772218939948,1.5587882903105217,0.2524820007578628,5.395141700404858,22.0,0.038461538461538464,0.048690011373636884,0.048690011373636884
431,M,blink_dist,8,14400,18000,1.2971027352327478,10.522751062126716,26.0,4.933602771362587,1.5433243562314942,1.9160220769594127,0.269663198078936,5.795421463543734,24.0,0.038461538461538464,-0.42805590117395675,-0.42805590117395675
431,M,blink_dist,9,16200,19800,1.2879980180468273,10.000620078129844,19.0,4.8374325134973,1.4300201170570004,1.8035517795824056,0.2663855645811372,5.669790154414676,31.0,0.05263157894736842,-0.25641365637834557,-0.25641365637834557
431,M,blink_dist,10,18000,21600,1.1247360630340335,7.224415599170619,18.0,4.749766573295985,1.323823735464885,1.6990204294346551,0.21288380151674383,5.442003993465239,31.0,0.05555555555555555,-0.3564902064400577,-0.3564902064400577
431,M,blink_dist,11,19800,23400,0.9968706927300112,2.267301190533417,10.0,4.394409937888199,0.8966984610712653,1.1577866157228285,0.12287490586293644,4.841224747474747,19.0,0.1,-0.21122278989191315,-0.21122278989191315
431,M,blink_dist,12,21600,25200,0.9890757769638197,2.3271587991150016,10.0,4.4067278287461775,0.9000597988573533,1.1794245860527264,0.11691510150029877,4.8102990033222595,15.0,0.1,-0.12307616396997947,-0.12307616396997947
431,M,blink_dist,13,23400,27000,0.9939475993176893,3.210876482499277,11.0,4.479820627802691,0.9879525251958546,1.319211993485433,0.1428743611994986,4.965372800893605,15.0,0.09090909090909091,0.07397597950133987,0.07397597950133987
431,M,blink_dist,14,25200,28800,1.2091863082304566,6.503216602158492,17.0,4.765730880929332,1.495817619759413,1.6881085752791054,0.21489808589054304,5.410942956926659,19.0,0.058823529411764705,-0.14601662686581388,-0.14601662686581388
432,H,blink_dist,0,0,3600,1.3460925029682176,3.9016517941902413,13.0,4.617977528089888,1.1367766175228677,1.536976630538577,0.15428018796278717,5.106637863315004,22.0,0.07692307692307693,-0.22582741779735183,-0.22582741779735183
432,H,blink_dist,1,1800,5400,1.2088668444695472,3.2914469946221643,13.0,4.6044362292051755,1.1320807997866986,1.510655576605436,0.13925555951956237,5.005461885537877,22.0,0.07692307692307693,-0.5646878434735232,-0.5646878434735232
432,H,blink_dist,2,3600,7200,0.8221879082647032,2.036018883686593,7.0,4.4033613445378155,0.6713754567184514,1.1949158580586807,0.11230159501097663,4.709164969450102,11.0,0.14285714285714285,-0.02612698206072992,-0.02612698206072992
432,H,blink_dist,3,5400,9000,1.0044899034277024,3.100849155614922,12.0,4.482758620689655,0.9644493273129534,1.3168440130801464,0.15092389403046783,5.041699867197875,20.0,0.08333333333333333,-0.3602048811211531,-0.3602048811211531
432,H,blink_dist,4,7200,10800,1.4348555089369188,7.253782186153692,23.0,4.718320057929037,1.2211705138894446,1.6716528798049364,0.22895167484887954,5.514546185815793,21.0,0.043478260869565216,-0.0037801911479793246,-0.0037801911479793246
432,H,blink_dist,5,9000,12600,1.4365486668697391,7.08289320064491,16.0,4.718518518518518,1.239186422778202,1.6704065783373623,0.22851503863901707,5.4268550303670455,33.0,0.0625,-0.2787938719369024,-0.2787938719369024
432,H,blink_dist,6,10800,14400,1.512804666598834,9.081502285949593,20.0,4.834738617200674,1.4694592110494453,1.7970418356326647,0.26730828115596195,5.5306389950846535,32.0,0.05,0.2835242899207431,0.2835242899207431
432,H,blink_dist,7,12600,16200,1.6734150723960788,11.011416135313658,16.0,4.879864636209814,1.4343916856644638,1.8618260017074115,0.2903716925661487,5.745136921624174,59.0,0.0625,-0.33695597558875784,-0.33695597558875784
432,H,blink_dist,8,14400,18000,1.6825038163939539,4.6433691245858375,14.0,4.4830430797433545,0.9034186507128305,1.3381663038348925,0.1814958275184415,5.1578308377175235,18.0,0.07142857142857142,-0.36738666171487705,-0.36738666171487705
432,H,blink_dist,9,16200,19800,1.4415003551638361,4.190813895506676,14.0,4.459905660377358,0.9395884238294909,1.2957851411132275,0.1723585794226827,5.130958271482764,17.0,0.07142857142857142,-0.3108984550421583,-0.3108984550421583
432,H,blink_dist,10,18000,21600,1.4231152157234952,4.134958583069567,12.0,4.628140703517588,1.1582832818905027,1.5416843365985253,0.15475228410442904,5.2503808073115,25.0,0.08333333333333333,0.03855898482747951,0.03855898482747951
432,H,blink_dist,11,19800,23400,1.0211659117471776,2.332238385734397,12.0,4.673981191222571,1.1772318147789433,1.6076689539823614,0.11869231972469889,5.163661109220824,16.0,0.08333333333333333,-0.024682482346600258,-0.024682482346600258
432,H,blink_dist,12,21600,25200,0.8533196517653328,1.370222005915166,8.0,4.4363636363636365,0.7650780042695512,1.2567947341404584,0.08831567518999663,4.848920863309353,12.0,0.125,-0.03073128698053264,-0.03073128698053264
432,H,blink_dist,13,23400,27000,1.0120771677493028,1.5877274664225627,9.0,4.336206896551724,0.7650103167801228,1.0645240434223573,0.09955650952478654,4.7751703255109765,17.0,0.1111111111111111,0.2537084040293896,0.2537084040293896
432,H,blink_dist,14,25200,28800,1.0235139703898624,1.2641041247249403,8.0,4.2408376963350785,0.6007040632152262,0.870221860904384,0.08795667712283659,4.644416975690152,17.0,0.125,0.02085456703243803,0.02085456703243803
432,L,blink_dist,0,0,3600,1.5381860624030927,5.072794865936987,13.0,4.531539888682746,0.9824185652140162,1.4125740647643832,0.19476001578433613,5.238095238095238,20.0,0.07692307692307693,-0.36155003732967594,-0.36155003732967594
432,L,blink_dist,1,1800,5400,1.4626648293240898,3.1877252375232064,15.0,4.746341463414634,1.4608324101543246,1.6586249185029664,0.14319100141967894,5.267979108075532,23.0,0.06666666666666667,-0.5247719346253258,-0.5247719346253258
432,L,blink_dist,2,3600,7200,1.8404147534115136,8.763311606592662,20.0,4.966551893753074,1.8473103683562213,1.8971673661859971,0.2571971636622432,5.826010026540843,43.0,0.05,0.6018386545811055,0.6018386545811055
432,L,blink_dist,3,5400,9000,1.6349516355825766,5.5678221110633475,11.0,4.577510040160643,1.020185935145477,1.4873815381667905,0.2016979952323264,5.232543403877836,16.0,0.09090909090909091,-0.36700254818023575,-0.36700254818023575
432,L,blink_dist,4,7200,10800,2.360725380804796,6.8934252637134374,13.0,4.582995951417004,1.1021667709909764,1.4832853999518782,0.2332146989370268,5.3525118409814425,20.0,0.07692307692307693,-0.13745279562576695,-0.13745279562576695
432,L,blink_dist,5,9000,12600,1.8528418937108926,6.048432287041906,15.0,4.567708333333333,1.085222211468206,1.4625080086761846,0.21405726010155435,5.168609492089925,23.0,0.06666666666666667,-0.1470748721021217,-0.1470748721021217
432,L,blink_dist,6,10800,14400,1.2433849038358173,1.6392179029315794,9.0,4.296296296296297,0.6664795846743023,0.9921464032473581,0.10155186146296344,4.7278708133971294,15.0,0.1111111111111111,-0.18167672482724012,-0.18167672482724012
432,L,blink_dist,7,12600,16200,1.0233063189452711,1.5625,9.0,4.55,0.9401402216497488,1.446164648321711,0.0847746003996004,4.862130707251566,17.0,0.1111111111111111,-0.15978957564067753,-0.15978957564067753
432,L,blink_dist,8,14400,18000,1.0988435252123196,2.1891762243251494,11.0,4.842443729903537,1.215229911907655,1.8135269347419523,0.106100911429942,5.10598111227702,23.0,0.09090909090909091,0.22554026385316361,0.22554026385316361
432,L,blink_dist,9,16200,19800,1.1849709551535175,1.215879220866752,11.0,4.378640776699029,0.7835258231984509,1.1281329539644274,0.08861629709510009,4.7142344926496955,12.0,0.09090909090909091,-0.3190851116788103,-0.3190851116788103
432,L,blink_dist,10,18000,21600,1.143504558987466,2.2503457235050077,9.0,4.342318059299191,0.7515045223325398,1.0795888875273292,0.13138890052941093,4.760121457489879,21.0,0.1111111111111111,-0.32669229049801884,-0.32669229049801884
432,L,blink_dist,11,19800,23400,1.0461799242263905,4.056736289239037,11.0,4.588946459412781,1.0349415787373728,1.503423021197138,0.16666666666666666,5.0269399032926545,20.0,0.09090909090909091,0.07966996029289196,0.07966996029289196
432,L,blink_dist,12,21600,25200,1.0342958723205575,4.163577958981962,11.0,4.493333333333333,0.9128465856259239,1.361996891660691,0.16540029651593774,4.9060925332111776,20.0,0.09090909090909091,-0.14238989750488543,-0.14238989750488543
432,L,blink_dist,13,23400,27000,1.1339685657243177,4.476560739238224,9.0,4.559540889526542,1.0034224455027156,1.4476964838317201,0.17279411764705882,5.073200992555831,19.0,0.1111111111111111,-0.24289594686082924,-0.24289594686082924
432,L,blink_dist,14,25200,28800,3.3887437902234825,26.574814284098192,165.0,5.716791725816265,3.626330611812416,2.505848718862268,0.47052584939100267,7.018174148416353,65.0,0.006060606060606061,-0.8102501244100866,-0.8102501244100866
432,M,blink_dist,0,0,3600,1.3803070717616237,9.831740227277987,16.0,4.835515082527035,1.403196582157641,1.8029013695664025,0.2667565440785058,5.631932567798681,29.0,0.0625,-0.44788939299078717,-0.44788939299078717
432,M,blink_dist,1,1800,5400,1.697358881276245,14.548808145826863,39.0,4.934567507181615,1.7113416320554113,1.9016149708424066,0.3401419120484082,5.8557310652085865,31.0,0.02564102564102564,-0.3171779905757343,-0.3171779905757343
432,M,blink_dist,2,3600,7200,1.4099213623979334,10.573480763130465,39.0,4.9198734844491305,1.7937719186594394,1.8669295364298526,0.2802714460506639,5.676035333256855,35.0,0.02564102564102564,-0.5200123730313173,-0.5200123730313173
432,M,blink_dist,3,5400,9000,1.8157042315051648,10.71943838412274,22.0,4.831482950039651,1.4396917148643344,1.8004857477005312,0.29549053416848475,5.582350008309789,26.0,0.045454545454545456,-0.06548963566770856,-0.06548963566770856
432,M,blink_dist,4,7200,10800,1.8848361893659777,11.989830508474576,22.0,4.90738813735692,1.573306712195512,1.8777723759147473,0.2982245762711864,5.7500816993464055,42.0,0.045454545454545456,-0.20623434808481875,-0.20623434808481875
432,M,blink_dist,5,9000,12600,1.3970948923974174,5.780597953467101,10.0,4.608933454876937,0.9937050969162778,1.5334029826397286,0.20420739724461212,5.227864773891409,23.0,0.1,-0.17781400817673393,-0.17781400817673393
432,M,blink_dist,6,10800,14400,1.5922712771250689,7.606035070823803,11.0,4.66871921182266,1.0568131455495036,1.6175716549797232,0.23598069900886803,5.2957001350742905,23.0,0.09090909090909091,-0.5068023440692189,-0.5068023440692189
432,M,blink_dist,7,12600,16200,1.7130764983129918,6.59132656391321,15.0,4.641497045305319,1.1327678890389634,1.5748230052251277,0.22340018835025688,5.344412223957171,26.0,0.06666666666666667,-0.13507248417913362,-0.13507248417913362
432,M,blink_dist,8,14400,18000,1.4044585320863812,1.4716921047244274,7.0,4.270627062706271,0.5796567234349869,0.9454763366747283,0.09681436662648137,4.743661186960156,14.0,0.14285714285714285,-0.29298444524907247,-0.29298444524907247
432,M,blink_dist,9,16200,19800,1.4876309222391662,2.340738513738417,8.0,4.404040404040404,0.73469834281368,1.2100795277065746,0.11956019885540034,4.87842278203724,17.0,0.125,-0.2830691001044531,-0.2830691001044531
432,M,blink_dist,10,18000,21600,1.8660357470364546,7.018309750648417,13.0,4.747539085118703,1.177360025921509,1.7162482786437305,0.2139005161654811,5.579035498995311,23.0,0.07692307692307693,-0.38927796628822786,-0.38927796628822786
432,M,blink_dist,11,19800,23400,1.452505881727168,4.557151340532694,10.0,4.543859649122807,0.9437267564437989,1.4417057265477695,0.17976224514483033,5.186895129303506,30.0,0.1,0.09990208972494478,0.09990208972494478
432,M,blink_dist,12,21600,25200,1.9903231232182907,12.96748097974383,55.0,5.149139579349904,2.5242105377774635,2.05001746935044,0.3212938589451382,5.916574299859603,39.0,0.01818181818181818,-1.0878347868905727,-1.0878347868905727
432,M,blink_dist,13,23400,27000,1.4218852802439936,9.877888493209163,55.0,5.2060390763765545,3.0197983379732323,2.0186930194575967,0.2734084500713347,5.691102537121478,40.0,0.01818181818181818,0.1269520612559271,0.1269520612559271
432,M,blink_dist,14,25200,28800,1.3336014699166567,8.403401604982633,28.0,4.82863041982106,1.7418236826939295,1.7560516769865968,0.2517427236794826,5.421901199535664,40.0,0.03571428571428571,0.01007155073960375,0.01007155073960375
433,H,blink_dist,0,0,3600,2.114099357382672,23.816611637061495,64.0,5.352691458651724,2.207078096478835,2.2885345458187016,0.43159958595573955,6.46778759057971,49.0,0.015625,-0.7528284668898421,-0.7528284668898421
433,H,blink_dist,1,1800,5400,2.72905112394539,41.7917261723597,86.0,6.542239325636797,3.886551191021277,2.992283622181204,0.590139418912275,8.141674741602067,137.0,0.011627906976744186,-1.153442150509141,-1.153442150509141
433,H,blink_dist,2,3600,7200,2.45664437501787,46.04091080508199,246.0,7.256609961057594,7.1041749678274,3.198108938349988,0.6202974030871663,9.123123266711294,178.0,0.0040650406504065045,-0.7190339863510699,-0.7190339863510699
433,H,blink_dist,3,5400,9000,2.6277172189849005,38.16714080774187,93.0,6.222178178574968,3.453757209004259,2.841616109232842,0.5627051571960027,8.084672489082969,98.0,0.010752688172043012,-0.9056499769374373,-0.9056499769374373
433,H,blink_dist,4,7200,10800,2.2002906800760513,39.8739736767599,69.0,6.425596630790828,3.8127326437326414,2.94119456092449,0.57449781849596,8.055425488599349,85.0,0.014492753623188406,-0.4338094336243138,-0.4338094336243138
433,H,blink_dist,5,9000,12600,3.7126321242215665,44.85154606352908,277.0,6.638731452588678,4.899496323638201,3.0151298830511406,0.617962904801036,8.642668030567423,120.0,0.0036101083032490976,-1.0195575143943678,-1.0195575143943678
433,H,blink_dist,6,10800,14400,3.4760532360800456,32.62597763052689,64.0,5.753646677471637,2.9231247836467227,2.5522933354729473,0.5258572360742219,7.253573352771527,78.0,0.015625,1.2810352393575448,1.2810352393575448
433,H,blink_dist,7,12600,16200,2.522869212654407,27.051993111482552,68.0,5.5202842377260986,2.650528087762156,2.3931099925961394,0.4812243580003039,6.632040486889752,66.0,0.014705882352941176,-0.9311828451200215,-0.9311828451200215
433,H,blink_dist,8,14400,18000,2.884645948696356,42.6572458511681,109.0,6.447606293940408,4.230611672149672,2.9331360735426952,0.6068120026800596,8.030337449162788,105.0,0.009174311926605505,-1.2426846703951961,-1.2426846703951961
433,H,blink_dist,9,16200,19800,3.2321746010017427,53.331356560415124,168.0,7.694545454545454,6.42651277946458,3.3995099837282816,0.675408944897455,9.856055962211084,120.0,0.005952380952380952,-1.260441058318093,-1.260441058318093
433,H,blink_dist,10,18000,21600,3.486196210488922,46.6724397831874,112.0,6.913064133016627,5.07040111184274,3.118496222841818,0.6340073217779366,8.719768101329636,100.0,0.008928571428571428,-0.625540314499981,-0.625540314499981
433,H,blink_dist,11,19800,23400,2.693926083433392,44.37750884953129,105.0,6.550323822860143,4.307776357184916,2.9849890834109485,0.6188772212768229,7.966683204213258,69.0,0.009523809523809525,-0.9359368531973069,-0.9359368531973069
433,H,blink_dist,12,21600,25200,2.3769221934829075,37.07419677837736,61.0,5.854717181364745,2.823284196456588,2.642329690966199,0.5600778189198089,7.195950613020203,73.0,0.01639344262295082,-0.9752562858977922,-0.9752562858977922
433,H,blink_dist,13,23400,27000,2.733315965153532,44.130692675857155,71.0,6.214797136038186,3.0635517476859064,2.8573965445545277,0.6176257458260042,7.949417074088003,92.0,0.014084507042253521,-0.09628196332203373,-0.09628196332203373
433,H,blink_dist,14,25200,28800,2.6085973128944677,44.21257600529052,83.0,6.445059359100241,3.6401920700966715,2.9538325847437963,0.6155249799462376,8.100080580177277,93.0,0.012048192771084338,-0.7083866788090809,-0.7083866788090809
433,L,blink_dist,0,0,3600,1.8878231755304815,39.43073265249139,78.0,6.308650331663734,3.844096549069798,2.859311139313701,0.5682520074119827,7.677183356195702,79.0,0.01282051282051282,-0.28185269718415695,-0.28185269718415695
433,L,blink_dist,1,1800,5400,3.1357764111473045,49.344675648829686,137.0,7.01963768115942,6.049492002797471,3.1319468141032,0.6545577261034562,8.862645699703428,109.0,0.0072992700729927005,-1.5036143309029752,-1.5036143309029752
433,L,blink_dist,2,3600,7200,2.4695187645825225,45.487180150578254,216.0,7.829547984858606,10.118360098600565,3.251210292570602,0.6198513621898528,9.302674367810512,181.0,0.004629629629629629,-0.6713245857985001,-0.6713245857985001
433,L,blink_dist,3,5400,9000,2.337516338574722,32.21675550088834,125.0,6.393544887442365,4.75584993341708,2.8385063516214566,0.5151291512915129,7.736453201970443,175.0,0.008,-0.09751791071853781,-0.09751791071853781
433,L,blink_dist,4,7200,10800,1.9130128930781947,26.96135733609432,58.0,5.547156845902766,2.6516957537295602,2.4163757744959034,0.47597775625396616,6.6069772832637925,56.0,0.017241379310344827,-0.5636408376259234,-0.5636408376259234
433,L,blink_dist,5,9000,12600,1.5802434665268268,27.12799830184674,39.0,5.660831048302046,2.664405051163372,2.4961090176817806,0.46519796625931203,6.676701001015523,82.0,0.02564102564102564,0.10297706798623638,0.10297706798623638
433,L,blink_dist,6,10800,14400,2.0097465198815874,30.54124940391035,74.0,5.731096196868009,3.1307611519322487,2.5153132416749533,0.4989866475917978,6.944966814159292,88.0,0.013513513513513514,0.17486535812398996,0.17486535812398996
433,L,blink_dist,7,12600,16200,1.329735958409652,21.5524697290025,35.0,5.420543806646526,2.222420975261669,2.3407759748460557,0.4112230924466654,6.2538363171355495,67.0,0.02857142857142857,-0.14566507996710376,-0.14566507996710376
433,L,blink_dist,8,14400,18000,1.4150168093844397,23.76646686308375,43.0,5.44031007751938,2.329327215856398,2.348254907826498,0.43006874597852957,6.4133490446932075,57.0,0.023255813953488372,-0.5656411617453801,-0.5656411617453801
433,L,blink_dist,9,16200,19800,3.2959874872434125,34.71419225084204,69.0,5.960309535696456,3.0410470269601593,2.6931686734655353,0.5421963216942499,7.518025736652891,129.0,0.014492753623188406,-1.6019335186993167,-1.6019335186993167
433,L,blink_dist,10,18000,21600,2.5249936466644547,30.2491823604952,50.0,5.890969570038192,2.8752234609950684,2.652706578103985,0.49712165590187063,7.247394632481785,129.0,0.02,0.36273212612750827,0.36273212612750827
433,L,blink_dist,11,19800,23400,1.6384976833286717,30.57185751330695,39.0,5.922568460812087,2.9484155911916416,2.670928753036588,0.4903780537737137,7.100790513833992,51.0,0.02564102564102564,-0.42243498755236797,-0.42243498755236797
433,L,blink_dist,12,21600,25200,2.1757079436740665,36.35562734013656,129.0,6.220324079889461,3.542438381284983,2.8336905573320106,0.5435797665369649,7.66311322707514,122.0,0.007751937984496124,-0.2863748226998054,-0.2863748226998054
433,L,blink_dist,13,23400,27000,1.878782351096743,29.624811895834927,60.0,5.817195325542571,2.904341028229793,2.599436307694931,0.48586987017624406,7.037559263592144,69.0,0.016666666666666666,0.2714206726594888,0.2714206726594888
433,L,blink_dist,14,25200,28800,1.787463635040766,34.97819559622533,75.0,5.920738163666616,3.246688661284363,2.6499391392527367,0.5396545253074063,7.18025087688009,60.0,0.013333333333333334,-0.6357712936233704,-0.6357712936233704
433,M,blink_dist,0,0,3600,2.6935107805442096,47.00611408611907,163.0,6.680573114201433,5.454384041873892,3.00606258201522,0.6456587616455254,8.265990965341837,60.0,0.006134969325153374,-0.9639378003997685,-0.9639378003997685
433,M,blink_dist,1,1800,5400,4.860353604853038,58.272260600364135,275.0,7.9537074417978735,7.6979906512839085,3.4774696497170674,0.715717656647452,10.592412451361868,180.0,0.0036363636363636364,-1.93261601112826,-1.93261601112826
433,M,blink_dist,2,3600,7200,2.609300133168469,49.40773162743718,239.0,7.1443746127290435,6.7719822605989135,3.1719945114505164,0.6501300847846714,9.045781695839189,94.0,0.0041841004184100415,-1.0980003652557009,-1.0980003652557009
433,M,blink_dist,3,5400,9000,2.910873923467025,50.07600076823881,163.0,7.533724098076447,7.530484970363165,3.267513257679065,0.6500260652454248,9.3560935155201,122.0,0.006134969325153374,-0.13521954891074953,-0.13521954891074953
433,M,blink_dist,4,7200,10800,2.577721140402566,46.85397018180917,143.0,6.903314160503972,5.281318265695261,3.125738988835892,0.6311021328805662,8.488935194832257,122.0,0.006993006993006993,-0.037439519400769464,-0.037439519400769464
433,M,blink_dist,5,9000,12600,2.9955957128602213,33.28481009283402,56.0,5.750529709811147,2.9167543538620064,2.5590256461869214,0.5385519811879129,7.175808170515098,69.0,0.017857142857142856,-0.8134226544932428,-0.8134226544932428
433,M,blink_dist,6,10800,14400,1.8478103394765681,19.563112670942758,34.0,5.340018876828693,2.164704252725281,2.273125878093543,0.39773689943119933,6.282222829055161,44.0,0.029411764705882353,-0.7660265739159727,-0.7660265739159727
433,M,blink_dist,7,12600,16200,1.2471545762145493,26.114910730295346,50.0,5.648199445983379,2.722188162554991,2.485427334733969,0.4512922974461436,6.523373137091548,58.0,0.02,-0.3029914939320928,-0.3029914939320928
433,M,blink_dist,8,14400,18000,1.7009847949625676,33.76655084984505,59.0,6.157191780821917,3.6259079624643813,2.7757217194858064,0.5227627007230726,7.394434482300591,59.0,0.01694915254237288,-0.6521405784721979,-0.6521405784721979
433,M,blink_dist,9,16200,19800,2.526782643725548,36.902060193818784,65.0,5.971256137479542,2.9336101011754803,2.704623729378865,0.5584237842074986,7.431041009463723,67.0,0.015384615384615385,-0.07804059846880863,-0.07804059846880863
433,M,blink_dist,10,18000,21600,1.8656364173353177,29.719686980941454,65.0,5.791124457791124,2.984290081546629,2.5783069800085245,0.4914638949297077,6.93009779065556,77.0,0.015384615384615385,-0.559036856737607,-0.559036856737607
433,M,blink_dist,11,19800,23400,1.7416525317263454,25.837338126857183,84.0,5.761145194274029,3.2111455182293613,2.5443653503883623,0.447260537804028,6.814910564561208,73.0,0.011904761904761904,-0.8460521719130185,-0.8460521719130185
434,H,blink_dist,0,0,3600,1.0476654307146196,8.748418179877723,29.0,4.80569514237856,1.5045774024599348,1.759046418921095,0.25620149720227475,5.432034911912074,31.0,0.034482758620689655,-0.3024924545964229,-0.3024924545964229
434,H,blink_dist,1,1800,5400,1.3366683220213877,9.612580961258097,29.0,4.811004784688995,1.4616872484965595,1.773593108080723,0.26408307640830764,5.541374122367102,31.0,0.034482758620689655,0.45871966947760373,0.45871966947760373
434,H,blink_dist,2,3600,7200,1.5224524721783004,12.400197244866913,14.0,4.781148867313916,1.3662899379952327,1.7358214429857028,0.30530987378426866,5.506149479659413,28.0,0.07142857142857142,0.07977632833942472,0.07977632833942472
434,H,blink_dist,3,5400,9000,1.2602845367879292,13.692015209125476,14.0,4.812026726057907,1.3531576991434822,1.782513081995231,0.3168631178707224,5.531695984069034,31.0,0.07142857142857142,-0.3875786071078661,-0.3875786071078661
434,H,blink_dist,4,7200,10800,0.8068536477410478,8.488903846534555,15.0,4.727673649393605,1.3264069692484506,1.6691254221501954,0.24687704155365944,5.114004510969859,26.0,0.06666666666666667,-0.2743296382504023,-0.2743296382504023
434,H,blink_dist,5,9000,12600,1.0772956945389747,8.131190320858787,13.0,4.671209540034072,1.0932216750090848,1.620236248753129,0.24222317774746457,5.268988872762458,26.0,0.07692307692307693,-0.19457468972559627,-0.19457468972559627
434,H,blink_dist,6,10800,14400,1.7145939511773118,10.645413724357661,15.0,4.8687686408180655,1.3367061918302465,1.8572121252379215,0.2885683143597101,5.59427487809283,26.0,0.06666666666666667,0.2543937770706806,0.2543937770706806
434,H,blink_dist,7,12600,16200,1.3657075778880603,9.973099415204679,15.0,4.9033927544565845,1.3800038300212076,1.8919505141929818,0.27183040935672514,5.520546318289786,26.0,0.06666666666666667,-0.21277936750733048,-0.21277936750733048
434,H,blink_dist,8,14400,18000,1.058926528286679,8.121398618276164,13.0,4.751985878199471,1.3028951507515023,1.693170045640262,0.2299604790780463,5.371740662438337,33.0,0.07692307692307693,-0.32013618610347677,-0.32013618610347677
434,H,blink_dist,9,16200,19800,1.0936682122855859,11.974762301187399,19.0,4.996343692870201,1.5959993520815403,1.9731088616767727,0.28511443134849346,5.68808275058275,33.0,0.05263157894736842,-0.3164950396511727,-0.3164950396511727
434,H,blink_dist,10,18000,21600,0.9687259353938852,10.061503454416542,21.0,5.089241034195163,1.7103548664702837,2.0635898429082977,0.2595594176134021,5.5712263316227215,39.0,0.047619047619047616,-0.21343709715266276,-0.21343709715266276
434,H,blink_dist,11,19800,23400,1.1810894704584671,10.04165426956263,27.0,5.061349693251533,1.8021570290819047,2.0237914884261863,0.2614278759027346,5.565136029940982,43.0,0.037037037037037035,-0.04047985739909105,-0.04047985739909105
434,H,blink_dist,12,21600,25200,1.1292085556867664,6.811044784564461,16.0,4.7958167330677295,1.411090967798062,1.7578977953295132,0.21541432087588763,5.3602604716649065,33.0,0.0625,-0.2542824053618274,-0.2542824053618274
434,H,blink_dist,13,23400,27000,0.9602920921058747,5.390974567108568,13.0,4.532867132867133,1.0877432996083425,1.4011931343154276,0.20041916864884646,5.183480318348032,17.0,0.07692307692307693,-0.04629881969994761,-0.04629881969994761
434,H,blink_dist,14,25200,28800,0.9839963031653588,7.691183870915378,19.0,4.6771964461994076,1.2814429328053378,1.603660613249045,0.23586513643816048,5.199499015924137,20.0,0.05263157894736842,-0.13271006500212287,-0.13271006500212287
434,L,blink_dist,0,0,3600,1.1427538191493287,19.292164043498925,39.0,5.4661386138613866,2.378647161186243,2.3636689820860717,0.36075312403902604,6.398661212346597,54.0,0.02564102564102564,-0.3315539086282281,-0.3315539086282281
434,L,blink_dist,1,1800,5400,1.0856496718867579,10.587490988273721,39.0,5.060478199718706,2.050487725389221,1.9962787895901357,0.26312033781099653,5.698104189899634,34.0,0.02564102564102564,0.24743424640734385,0.24743424640734385
434,L,blink_dist,2,3600,7200,1.1150722842665215,5.404747238894698,11.0,4.507765830346475,0.8901421644895168,1.385864195878454,0.19092810382615422,5.084302880030517,19.0,0.09090909090909091,-0.276383753001885,-0.276383753001885
434,L,blink_dist,3,5400,9000,1.2995146866276144,4.599537833718472,11.0,4.503008423586041,0.9306535874366402,1.3759891941259272,0.18119745316878902,5.013263050501616,19.0,0.09090909090909091,-0.1514503405396194,-0.1514503405396194
434,L,blink_dist,4,7200,10800,1.1208865247150743,3.7920567739728956,10.0,4.533219761499148,0.9609959118048018,1.4204339679973406,0.16551950180268765,4.975369458128079,19.0,0.1,-0.3830291887269694,-0.3830291887269694
434,L,blink_dist,5,9000,12600,1.6304312233657072,8.072653884964682,19.0,4.681818181818182,1.2297953871334668,1.6203166516418366,0.25412204990545983,5.370949373641164,41.0,0.05263157894736842,-0.44782051924872385,-0.44782051924872385
434,L,blink_dist,6,10800,14400,1.3324833467534736,9.000239750659315,19.0,4.872160934458144,1.5377186520557142,1.8333605506764172,0.2640014385039559,5.387889908256881,41.0,0.05263157894736842,-0.10241831697987917,-0.10241831697987917
434,L,blink_dist,7,12600,16200,0.9261094696885596,4.360199382535056,10.0,4.563176895306859,0.9690972469898048,1.466121497172197,0.16455095810552098,4.922858617131063,17.0,0.1,-0.2680115818860062,-0.2680115818860062
434,L,blink_dist,8,14400,18000,1.1033958838052798,5.118851153768204,12.0,4.521739130434782,0.9891550262534161,1.3980648564459517,0.17549002576797243,5.012404382881952,19.0,0.08333333333333333,0.1785999983498024,0.1785999983498024
434,L,blink_dist,9,16200,19800,1.1471144994857432,7.096010582747337,16.0,4.7011070110701105,1.176004976356705,1.6501819774283775,0.22643598134094547,5.272859922178989,22.0,0.0625,-0.37569661649861,-0.37569661649861
434,L,blink_dist,10,18000,21600,1.16283211652249,9.221280512094946,16.0,4.808739255014327,1.282439635662464,1.7875881809316665,0.25224934408439675,5.374945119274111,33.0,0.0625,-0.3493375924959331,-0.3493375924959331
434,L,blink_dist,11,19800,23400,1.3275955512115583,6.524773203070482,13.0,4.557142857142857,1.0065392433976084,1.454004668983448,0.2218278509035782,5.199379582628314,26.0,0.07692307692307693,-0.513545541635204,-0.513545541635204
434,L,blink_dist,12,21600,25200,1.2565787571613791,3.9990847612752325,13.0,4.4123422159887795,0.8177307468432536,1.2191073374481418,0.17378730868968323,4.8809353802213495,17.0,0.07692307692307693,-0.5582740137217189,-0.5582740137217189
434,L,blink_dist,13,23400,27000,1.0064865519333868,4.862643030581962,39.0,4.721109399075501,1.90066114570835,1.5874606196718766,0.1692085508879402,5.095340501792115,36.0,0.02564102564102564,-0.17808577230121508,-0.17808577230121508
434,L,blink_dist,14,25200,28800,1.2457489356665477,6.579048595973843,39.0,4.768587360594796,1.7313472880849763,1.6841243077872976,0.21596358507500962,5.3166035353535355,40.0,0.02564102564102564,-0.135174729787534,-0.135174729787534
434,M,blink_dist,0,0,3600,1.1292884216269938,7.0722358166310695,13.0,4.5787545787545785,1.036966512394223,1.4854628203894202,0.22737945374050553,5.246573107049608,24.0,0.07692307692307693,-0.3154212935239579,-0.3154212935239579
434,M,blink_dist,1,1800,5400,1.054070679120855,9.313532353386877,18.0,4.698776758409786,1.1922654799280283,1.6460806811967386,0.2612744355205334,5.334622524752476,24.0,0.05555555555555555,-0.21086885872996025,-0.21086885872996025
434,M,blink_dist,2,3600,7200,1.096128083244589,11.72201739941419,22.0,4.959309494451294,1.5690664220768127,1.9370574902598376,0.29579732742666454,5.64317486794551,29.0,0.045454545454545456,-0.25022966588571494,-0.25022966588571494
434,M,blink_dist,3,5400,9000,1.1097372394593332,9.88557034904642,16.0,4.802797202797203,1.3159560887069122,1.7756893330343877,0.2629578985246492,5.483716043824103,26.0,0.0625,0.3618951265428485,0.3618951265428485
434,M,blink_dist,4,7200,10800,1.007876219293343,9.312498018954642,17.0,4.734891216760677,1.2129369828423602,1.6962225627559533,0.25335192874576057,5.35454697705577,28.0,0.058823529411764705,-0.41884029826013264,-0.41884029826013264
434,M,blink_dist,5,9000,12600,0.9241287943709208,6.141215106732348,13.0,4.602331606217617,1.111011653952685,1.5139711656958292,0.20642986777288047,5.220983606557377,20.0,0.07692307692307693,-0.12327521897241629,-0.12327521897241629
434,M,blink_dist,6,10800,14400,1.1129478502564736,11.75871175153568,19.0,4.944477972238986,1.5937589453893044,1.9146829157245928,0.28593776910270396,5.609742362382092,33.0,0.05263157894736842,-0.3791597682442559,-0.3791597682442559
434,M,blink_dist,7,12600,16200,1.0017425150838808,14.055872691902925,34.0,5.074841681059298,1.8832153479881983,2.0352671773766375,0.3197930286698345,5.5578495219620345,25.0,0.029411764705882353,-0.3273434084605094,-0.3273434084605094
434,M,blink_dist,8,14400,18000,1.440046795051698,23.56190518446214,63.0,5.313156578289145,2.2010007253729693,2.2539112908017263,0.4193102912793664,6.2721918035506885,44.0,0.015873015873015872,-0.5949589877831643,-0.5949589877831643
434,M,blink_dist,9,16200,19800,1.8492958459647972,22.502267328870655,56.0,5.318905675786035,2.2520744637888335,2.2521013849280824,0.42273375080976033,6.370167903162827,54.0,0.017857142857142856,0.09928671975595371,0.09928671975595371
434,M,blink_dist,10,18000,21600,1.5484408491282873,16.70414689498659,56.0,5.077767325180307,1.9107323188121403,2.0484811466605493,0.35832989478027644,5.93634110911732,50.0,0.017857142857142856,-0.5673248938722746,-0.5673248938722746
434,M,blink_dist,11,19800,23400,1.3053449002642126,13.468998176723241,17.0,4.949190647482014,1.3968197664897266,1.9435923631079175,0.3155553652060058,5.645867542419267,24.0,0.058823529411764705,0.4124929882580254,0.4124929882580254
434,M,blink_dist,12,21600,25200,1.157513044903347,12.363039218392073,24.0,5.0050279329608935,1.6927308848077025,1.9784670886209395,0.3045428200811415,5.63200204159755,36.0,0.041666666666666664,-0.34443811430404414,-0.34443811430404414
434,M,blink_dist,13,23400,27000,1.3579126621218687,12.490001411565427,32.0,4.920296570898981,1.7509815875719568,1.8757444817923687,0.3154025314073307,5.526744305884778,31.0,0.03125,-0.14495729106263064,-0.14495729106263064
434,M,blink_dist,14,25200,28800,1.3316846873511998,12.596857382751589,42.0,4.937470615890926,1.8409595104440395,1.8894374875549442,0.31215665107352764,5.61477885652643,30.0,0.023809523809523808,0.7901985573571908,0.7901985573571908
435,H,blink_dist,0,0,3600,1.4372355139556945,3.375269510324746,10.0,4.376080691642652,0.7368862556184743,1.1603210804232054,0.15517126408677676,4.955456965394854,19.0,0.1,-0.7797987095994819,-0.7797987095994819
435,H,blink_dist,1,1800,5400,0.9278505471855163,0.2100261671946013,5.0,4.066666666666666,0.2494438257849293,0.35335933502142136,0.03887205619060735,4.3298178331735375,8.0,0.2,-0.03562792397532959,-0.03562792397532959
435,H,blink_dist,2,3600,7200,0.9021017680562116,0.3700687017494157,6.0,4.18,0.4331281565541539,0.7212798655525016,0.045992988171966856,4.406276505513147,11.0,0.16666666666666666,-0.141083847880035,-0.141083847880035
435,H,blink_dist,3,5400,9000,0.7881330713517518,0.37696844409314767,6.0,4.2272727272727275,0.4701854742176638,0.833865582431074,0.04310816562290996,4.440501043841336,9.0,0.16666666666666666,-0.04016100539989595,-0.04016100539989595
435,H,blink_dist,4,7200,10800,0.6843392954322592,0.9313073314193684,8.0,4.384615384615385,0.7670298183127551,1.1680710790786248,0.05478141119902901,4.679960119641077,11.0,0.125,-0.1550768578014125,-0.1550768578014125
435,H,blink_dist,5,9000,12600,0.7870468945646596,1.0796988208552352,11.0,4.360655737704918,0.9326990076442265,1.0245400124091841,0.06556329024009092,4.575779036827195,12.0,0.09090909090909091,-0.048209863001992724,-0.048209863001992724
435,H,blink_dist,6,10800,14400,0.9359649267126172,0.7287186838692061,7.0,4.186274509803922,0.5374301989672835,0.7068985748627463,0.06077206635265206,4.490542244640605,10.0,0.14285714285714285,0.056539633498601076,0.056539633498601076
435,H,blink_dist,7,12600,16200,0.8402376107560893,0.5760127749367907,6.0,4.1506849315068495,0.45844385015565753,0.6032706434902936,0.05205976845427067,4.493027071369975,10.0,0.16666666666666666,0.14048981666804872,0.14048981666804872
435,H,blink_dist,8,14400,18000,1.081145232857934,3.7231292014478834,12.0,4.598540145985401,1.1136830067973464,1.4977190003970697,0.1492649774691586,5.127125095153515,18.0,0.08333333333333333,-0.08023983890050776,-0.08023983890050776
435,H,blink_dist,9,16200,19800,1.2459725602991842,5.563817240141531,12.0,4.578059071729958,1.0235742521551996,1.4860783097019046,0.19793856725296138,5.1855583543240975,16.0,0.08333333333333333,-0.17747265229032388,-0.17747265229032388
435,H,blink_dist,10,18000,21600,1.0576167268669503,1.7549688878148977,8.0,4.272058823529412,0.6297398128067708,0.9433357159130398,0.09827523711713888,4.68972972972973,15.0,0.125,0.23225269798659257,0.23225269798659257
435,H,blink_dist,11,19800,23400,0.9724636613965263,0.9904567927596458,7.0,4.307142857142857,0.5592907315958136,1.00992905766017,0.0654801990768877,4.723341232227488,13.0,0.14285714285714285,0.025880558737184117,0.025880558737184117
435,H,blink_dist,12,21600,25200,1.2673606590920745,2.288796743253973,9.0,4.365384615384615,0.6872141686617581,1.1369451713568954,0.11323620231148306,4.896185286103543,17.0,0.1111111111111111,-0.06585211218741868,-0.06585211218741868
435,H,blink_dist,13,23400,27000,1.1032201787367797,2.8016274052731407,8.0,4.358108108108108,0.6779354104522615,1.120203840721309,0.117378777129454,4.998150431565968,16.0,0.125,0.03199944174173199,0.03199944174173199
435,H,blink_dist,14,25200,28800,0.9597170573362377,2.088777191551687,10.0,4.547101449275362,0.948659773849209,1.4074365559688742,0.097465173177105,4.888146911519199,17.0,0.1,-0.08716272056346384,-0.08716272056346384
435,L,blink_dist,0,0,3600,1.29296567952897,1.4565265732710695,7.0,4.271739130434782,0.5916678869676915,0.9395636508173699,0.10055469078150867,4.695413902509374,12.0,0.14285714285714285,-0.7552096812661144,-0.7552096812661144
435,L,blink_dist,1,1800,5400,1.1671448772947681,0.5351106488387688,5.0,4.072916666666667,0.2599996661322648,0.3767150026960246,0.04523806265310871,4.389774236387782,11.0,0.2,-0.10918406986092782,-0.10918406986092782
435,L,blink_dist,2,3600,7200,1.2731269799764906,0.6273210880256951,6.0,4.166666666666667,0.434613493680177,0.6838288396848401,0.06600045167118337,4.494233233660829,11.0,0.16666666666666666,-0.3541144263004698,-0.3541144263004698
435,L,blink_dist,3,5400,9000,1.117979404490798,0.6572273578031461,7.0,4.220183486238532,0.5478531606177476,0.8203400257501783,0.06715149090597362,4.5876037091264035,11.0,0.14285714285714285,0.24209295642901552,0.24209295642901552
435,L,blink_dist,4,7200,10800,1.0436401873271601,0.45609685170730213,6.0,4.138888888888889,0.38389652669681307,0.6064717350465522,0.048823790501553485,4.492957746478873,9.0,0.16666666666666666,-0.12510838190023285,-0.12510838190023285
435,L,blink_dist,5,9000,12600,0.9045935853913055,0.27899420822150023,6.0,4.157894736842105,0.430808040624866,0.6567431466322968,0.03651645712671281,4.442534908700322,9.0,0.16666666666666666,-0.21563861946023502,-0.21563861946023502
435,L,blink_dist,6,10800,14400,0.9808975046845367,0.35988210197202364,6.0,4.25,0.5142208445046514,0.8891136180964337,0.03553225097298442,4.526970954356846,9.0,0.16666666666666666,-0.3581017242655618,-0.3581017242655618
435,L,blink_dist,7,12600,16200,12.96625136910188,55.400609300142534,257.0,7.134482977440746,4.962970071058764,3.2470486610813114,0.6987284278060637,9.847622271993332,211.0,0.0038910505836575876,-8.784519211035985,-8.784519211035985
435,L,blink_dist,8,14400,18000,2.0612281049521517,3.3756189797199383,9.0,4.4089068825910935,0.7520563035018336,1.2195810016016027,0.15960183814697426,5.004373709148342,19.0,0.1111111111111111,-0.8846183129198628,-0.8846183129198628
435,L,blink_dist,9,16200,19800,1.364829052545559,1.7321083738077125,8.0,4.340175953079179,0.6861418110538698,1.0912889410320923,0.10523143542629762,4.861584211949175,17.0,0.125,0.05871887903132023,0.05871887903132023
435,L,blink_dist,10,18000,21600,1.0832057741158,1.2593269826289557,7.0,4.313131313131313,0.6299986314954618,1.0343655405528165,0.07154864777184652,4.667628667628668,15.0,0.14285714285714285,-0.24245399160315592,-0.24245399160315592
435,L,blink_dist,11,19800,23400,0.8919268472712444,0.653665001164061,7.0,4.195402298850575,0.543278266579148,0.7427562626377566,0.05663604290907789,4.540559942569993,14.0,0.14285714285714285,-0.12356797965758926,-0.12356797965758926
435,L,blink_dist,12,21600,25200,1.0383690352721535,1.2383281800421493,7.0,4.192708333333333,0.48877925992267407,0.7583768707260844,0.09347454889473442,4.594706994328923,11.0,0.14285714285714285,-0.3107220428354802,-0.3107220428354802
435,L,blink_dist,13,23400,27000,1.1681831345177238,2.7470123335247627,9.0,4.3769063180827885,0.737710063096065,1.154254475465214,0.1352312194054749,4.845663890249877,16.0,0.1111111111111111,-0.23120784597573876,-0.23120784597573876
435,L,blink_dist,14,25200,28800,0.9761854142111218,2.3922505481559053,13.0,4.512345679012346,1.2081904350803265,1.2994110528647138,0.11638086199561476,4.889996562392575,20.0,0.07692307692307693,-0.3231515231051735,-0.3231515231051735
435,M,blink_dist,0,0,3600,0.8231462995474317,0.35705276230764754,5.0,4.088888888888889,0.28458329944146005,0.43275015878875406,0.04171113655327654,4.422839506172839,8.0,0.2,-0.15154818840305997,-0.15154818840305997
435,M,blink_dist,1,1800,5400,0.9138260880815897,0.2219891627337878,5.0,4.096774193548387,0.29565004483586077,0.4586858162005404,0.032852648138437336,4.5785627283800245,9.0,0.2,-0.09931683525642834,-0.09931683525642834
435,M,blink_dist,2,3600,7200,1.0251592087585462,0.2228108444998442,5.0,4.085714285714285,0.2799416848895061,0.4220005168831531,0.02828762854471798,4.561557788944723,9.0,0.2,-0.22503518598368782,-0.22503518598368782
435,M,blink_dist,3,5400,9000,0.8630473232850266,0.2535581425477966,6.0,4.151515151515151,0.4349303058911313,0.6311718053929063,0.02247783679739409,4.3375,9.0,0.16666666666666666,0.02530288161553296,0.02530288161553296
435,M,blink_dist,4,7200,10800,0.8711936491882186,0.19801617132065785,4.0,4.0,0.0,0.0,0.02083753506536367,4.3795761078998074,10.0,0.25,-0.18247134741650134,-0.18247134741650134
435,M,blink_dist,5,9000,12600,0.9408686954425779,0.22239953822385958,6.0,4.09375,0.38400642898264087,0.3997900666170139,0.022630426294076703,4.413907284768212,10.0,0.16666666666666666,-0.19023146271118363,-0.19023146271118363
435,M,blink_dist,6,10800,14400,0.8369471340187216,0.18894211500658434,6.0,4.304347826086956,0.6209937763950302,0.9664516287472262,0.023178807947019868,4.306737588652482,7.0,0.16666666666666666,0.032386486834159754,0.032386486834159754
435,M,blink_dist,7,12600,16200,0.9405971512458049,0.2547294772951126,7.0,4.166666666666667,0.552770798392567,0.5934003486044384,0.031238324898957306,4.564516129032258,14.0,0.14285714285714285,-0.08565003838800964,-0.08565003838800964
435,M,blink_dist,8,14400,18000,1.0004167404761064,0.2379013587520557,7.0,4.138888888888889,0.5350377856738396,0.49034150314150793,0.03595663489326372,4.544904137235116,12.0,0.14285714285714285,-0.13237071791131316,-0.13237071791131316
435,M,blink_dist,9,16200,19800,1.00036882091197,0.29539503097656,6.0,4.204545454545454,0.45624681590647115,0.7828683344026046,0.042952034233889,4.502092050209205,10.0,0.16666666666666666,-0.20213421372894796,-0.20213421372894796
435,M,blink_dist,10,18000,21600,1.4691179972944615,2.7551264487790026,11.0,4.461267605633803,0.8912207636236917,1.2948338142904696,0.1344564768304086,5.105904211395541,22.0,0.09090909090909091,0.2187913854667954,0.2187913854667954
435,M,blink_dist,11,19800,23400,1.252936870287011,1.2531871494135645,7.0,4.273913043478261,0.5738636342367722,0.9471902438894305,0.07885645079041305,4.739846743295019,13.0,0.14285714285714285,-0.33001493823627664,-0.33001493823627664
435,M,blink_dist,12,21600,25200,5.002083702380532,18.161613258609954,28.0,5.059964412811388,1.6678769504567212,2.047482007778591,0.39429356069677957,6.355844958048078,61.0,0.03571428571428571,-2.6122476445633236,-2.6122476445633236
435,M,blink_dist,13,23400,27000,2.6873451299586564,13.0253624265191,19.0,4.953435804701628,1.6755614815425566,1.9208203386029632,0.32037969341599254,5.892751721876025,33.0,0.05263157894736842,-1.359139385235116,-1.359139385235116
435,M,blink_dist,14,25200,28800,1.3394796031173912,2.1751055355481888,12.0,4.437956204379562,0.992879617487237,1.231746364305032,0.11521262133606812,4.846501128668171,18.0,0.08333333333333333,-0.5449185770385947,-0.5449185770385947
437,H,blink_dist,0,0,3600,1.4365646400577845,5.75520370040918,19.0,4.650494159928122,1.3280586011126294,1.555065465156953,0.21163382850026685,5.273168028812855,24.0,0.05263157894736842,-0.5041604123465566,-0.5041604123465566
437,H,blink_dist,1,1800,5400,1.6218057018211511,12.978046546443029,27.0,4.944465290806754,1.719088381724408,1.9069841779452779,0.3103670727743689,5.845932659308042,32.0,0.037037037037037035,0.3860304859591504,0.3860304859591504
437,H,blink_dist,2,3600,7200,1.8540079364382123,12.834496424571379,19.0,4.947525738957157,1.6888196899372288,1.9118684649995326,0.313504781597312,5.842257365336758,27.0,0.05263157894736842,-0.6657484979444033,-0.6657484979444033
437,H,blink_dist,3,5400,9000,1.6787021976391308,9.679813502069557,16.0,4.791804050871408,1.3937444170266633,1.7540849225796291,0.26808125981255054,5.527565234451639,23.0,0.0625,0.3408369297687902,0.3408369297687902
437,H,blink_dist,4,7200,10800,1.5866007953689256,9.060797954273173,16.0,4.746835443037975,1.2680097142246747,1.7097397703170119,0.26255675583163024,5.417428334025758,19.0,0.0625,-0.46725675339749334,-0.46725675339749334
437,H,blink_dist,5,9000,12600,1.42327494760395,9.736936613395583,16.0,4.788079470198675,1.4092532654961107,1.744139058279296,0.2642193391991381,5.600142721217888,24.0,0.0625,0.6228544779975539,0.6228544779975539
437,H,blink_dist,6,10800,14400,1.4656837618646845,8.8906810231149,13.0,4.74026728646136,1.2494971625568831,1.7004512166554424,0.2601270720038361,5.470776988310796,36.0,0.07692307692307693,-0.3794075617691322,-0.3794075617691322
437,H,blink_dist,7,12600,16200,1.4864169599477102,8.306736731250739,12.0,4.637072585482904,1.188686145952557,1.554973721926215,0.25227548706706643,5.441817338896616,37.0,0.08333333333333333,-0.08786164377538407,-0.08786164377538407
437,H,blink_dist,8,14400,18000,1.904738781670639,14.66548144172551,31.0,5.067516661837149,1.8069113441342817,2.0374912383786516,0.3356213206313,6.0961919268849964,47.0,0.03225806451612903,-0.6331131576994145,-0.6331131576994145
437,H,blink_dist,9,16200,19800,1.9900835253976086,17.41405742079959,73.0,5.241845856487074,2.2424290652114336,2.1883702576921333,0.37116438850941896,6.353805990656774,55.0,0.0136986301369863,0.3500721408723477,0.3500721408723477
437,H,blink_dist,10,18000,21600,1.6310701508875263,10.079030094111426,28.0,4.877725118483412,1.5425179576130352,1.8465171049655524,0.2790829767022808,5.693337328938168,29.0,0.03571428571428571,-0.8891497022631653,-0.8891497022631653
437,H,blink_dist,11,19800,23400,1.5800358150822356,8.39685395984553,21.0,4.798382437897169,1.4526287394464026,1.7550424876872526,0.2535736670777816,5.5127472527472525,32.0,0.047619047619047616,-0.6153585719949787,-0.6153585719949787
437,H,blink_dist,12,21600,25200,1.8540398828143032,11.324867323730098,29.0,4.861316568047338,1.5150860835652744,1.8311565328400738,0.3040957336825419,5.639399265058316,32.0,0.034482758620689655,-0.08849989240711778,-0.08849989240711778
437,H,blink_dist,13,23400,27000,1.9685995874764455,12.577488559280777,16.0,4.803532692903626,1.298784887444879,1.782323479890518,0.31836438285028074,5.755684318615226,31.0,0.0625,-0.38816844371646636,-0.38816844371646636
437,H,blink_dist,14,25200,28800,2.0823286863602233,11.329047896658587,16.0,4.7504020585397235,1.2562243866802212,1.715716916519925,0.29341305881991964,5.6395871728713605,35.0,0.0625,-0.07340488325015028,-0.07340488325015028
437,L,blink_dist,0,0,3600,1.6835580468049551,5.265704608203114,17.0,4.613466334164588,1.1821834221950849,1.5230829162985744,0.1926346549777512,5.177483105954354,22.0,0.058823529411764705,-0.43297891469839844,-0.43297891469839844
437,L,blink_dist,1,1800,5400,1.231357093237575,3.693133910155794,11.0,4.469387755102041,0.9263736130719838,1.3143395858953613,0.16136543475722867,4.946123260437376,17.0,0.09090909090909091,0.06451825465589443,0.06451825465589443
437,L,blink_dist,2,3600,7200,1.3194971448725028,4.166717106298497,9.0,4.534914361001317,0.8837761607352219,1.4265851980100404,0.1614572614911569,5.048258894776684,24.0,0.1111111111111111,-0.1158556734369088,-0.1158556734369088
437,L,blink_dist,3,5400,9000,1.530423093012992,4.944057111844028,9.0,4.4943074003795065,0.8632634367865424,1.3650827925246911,0.1790903018411055,5.072875092387288,19.0,0.1111111111111111,-0.11257386369026058,-0.11257386369026058
437,L,blink_dist,4,7200,10800,1.3381378553215715,4.349798266765345,9.0,4.427703523693803,0.7929276999671491,1.254363733216683,0.1740217728650894,4.95109526235354,18.0,0.1111111111111111,-0.051966684736373364,-0.051966684736373364
437,L,blink_dist,5,9000,12600,1.1985801113682617,4.968215680264403,17.0,4.5078597339782345,1.0482316033354195,1.3638837079459925,0.18181697029465463,5.108781127129751,17.0,0.058823529411764705,-0.33699812929125517,-0.33699812929125517
437,L,blink_dist,6,10800,14400,1.2897231223557386,4.521754207795103,17.0,4.558052434456929,1.103592228809116,1.4413286137069923,0.1713647003455408,5.1331849378593954,21.0,0.058823529411764705,-0.29295223147356386,-0.29295223147356386
437,L,blink_dist,7,12600,16200,1.5007129632484097,4.0392966621253406,10.0,4.454225352112676,0.8742634651484609,1.2907457944393972,0.1818428559264305,4.992548217416715,16.0,0.1,0.03948750772081388,0.03948750772081388
437,L,blink_dist,8,14400,18000,1.5440801687918728,2.291371409064107,8.0,4.309338521400778,0.6358535044942227,1.0213179733664204,0.1362874610777204,4.808211678832117,14.0,0.125,-0.16730546437574462,-0.16730546437574462
437,L,blink_dist,9,16200,19800,1.4431935130966564,3.538422374959879,13.0,4.458856345885635,0.9009806080443798,1.2938193291320768,0.15075649411738665,4.963921282798834,16.0,0.07692307692307693,-0.3301741510540483,-0.3301741510540483
437,L,blink_dist,10,18000,21600,1.3107917573877192,5.25943798591309,11.0,4.562367864693446,1.0078026963764222,1.464839624376094,0.19644902634593356,5.107239030571836,17.0,0.09090909090909091,-0.18198471676519115,-0.18198471676519115
437,L,blink_dist,11,19800,23400,1.640047082569083,12.042853664475286,18.0,4.774131274131274,1.2552387204493896,1.7470386106246594,0.3010469929388848,5.608782435129741,30.0,0.05555555555555555,-0.20223881940446486,-0.20223881940446486
437,L,blink_dist,12,21600,25200,1.6563237611874213,7.146025806700484,13.0,4.605344934742075,0.9973220929530042,1.530482060947684,0.23143094103805428,5.290564373897707,23.0,0.07692307692307693,-0.5198193823556955,-0.5198193823556955
437,L,blink_dist,13,23400,27000,1.125662507940671,4.363435123169486,14.0,4.631024096385542,1.1697755574643522,1.5488481304593873,0.1663568509478942,5.078405891271388,21.0,0.07142857142857142,-0.11515359319717673,-0.11515359319717673
437,L,blink_dist,14,25200,28800,1.1306461426108592,3.6802102169981916,11.0,4.4682675814751285,0.9723121902431927,1.3029401068425996,0.1608061143761302,5.019845644983462,15.0,0.09090909090909091,-0.17645328616417907,-0.17645328616417907
437,M,blink_dist,0,0,3600,2.0397920865951247,7.831575320475173,19.0,4.645146307477938,1.0829274671786857,1.5837152217767414,0.2565367538233843,5.436893203883495,27.0,0.05263157894736842,-0.6572238969512975,-0.6572238969512975
437,M,blink_dist,1,1800,5400,1.737739100655204,5.955455874107233,11.0,4.508698677800974,0.846270325095193,1.3889584063327156,0.21484313959794468,5.244110388153467,20.0,0.09090909090909091,0.025816412646579363,0.025816412646579363
437,M,blink_dist,2,3600,7200,1.7376752079030222,10.72003088604337,15.0,4.76778413736713,1.1810893065863959,1.7412063129869233,0.2926498570601267,5.592218513964518,24.0,0.06666666666666667,0.4934883593627823,0.4934883593627823
437,M,blink_dist,3,5400,9000,1.5964402792049377,8.781830006503577,14.0,4.6885683760683765,1.2372070496833854,1.6259085757074774,0.2609785381960078,5.420511221945137,34.0,0.07142857142857142,-0.03865561197949279,-0.03865561197949279
437,M,blink_dist,4,7200,10800,1.9156644422937434,11.153172684065705,17.0,4.802872531418313,1.379872892404061,1.769369612829173,0.2980738764279163,5.585625,34.0,0.058823529411764705,-0.33263167183934644,-0.33263167183934644
437,M,blink_dist,5,9000,12600,1.7175010714015881,6.6710687846434285,37.0,4.782,1.798464900964131,1.6879118284235413,0.22577285071239908,5.373173970783532,41.0,0.02702702702702703,-0.6304511273610157,-0.6304511273610157
437,M,blink_dist,6,10800,14400,2.147802784158623,9.796747060529663,19.0,4.821742313323573,1.3767293805192187,1.7978499684886065,0.2726363386210333,5.69114336722813,34.0,0.05263157894736842,-0.4605931191981891,-0.4605931191981891
437,M,blink_dist,7,12600,16200,3.16441633731284,17.71054172471581,27.0,5.0122857142857145,1.6260795723181845,1.9981301689231694,0.3804414763664264,6.133753814852493,44.0,0.037037037037037035,-1.6744754906380608,-1.6744754906380608
437,M,blink_dist,8,14400,18000,1.8989245412220863,8.069346074258508,15.0,4.6477713178294575,1.1324430244027546,1.5833637220913328,0.24795595632644135,5.401777533443284,25.0,0.06666666666666667,-1.026641944938374,-1.026641944938374
437,M,blink_dist,9,16200,19800,1.3447667283604432,1.9670028150946086,11.0,4.3125,0.7368641326594747,1.0166684219022788,0.11785387639715403,4.737168775364049,19.0,0.09090909090909091,0.5922585742786628,0.5922585742786628
437,M,blink_dist,10,18000,21600,1.7638233167334638,3.945700210099254,10.0,4.418864097363083,0.8628042443603744,1.226039994317412,0.1784892776932551,4.932307307307307,17.0,0.1,0.23884089329506542,0.23884089329506542
437,M,blink_dist,11,19800,23400,2.6411506701311445,18.186381532395117,70.0,5.165063552043971,2.5319115462560267,2.0863389605765774,0.3858142474402627,6.1920892987139045,69.0,0.014285714285714285,-0.7287570914119353,-0.7287570914119353
437,M,blink_dist,12,21600,25200,1.8137555025636167,19.306913254073095,85.0,5.692807063100493,3.8572149514149427,2.4371775791480546,0.38005724350506387,6.667516415604481,73.0,0.011764705882352941,0.07072652907418063,0.07072652907418063
437,M,blink_dist,13,23400,27000,1.8219018284668087,20.395405926705244,25.0,5.366320645905421,2.1481615655530937,2.29602268589384,0.4023321059091706,6.3895850737956,58.0,0.04,-0.18015960553371493,-0.18015960553371493
437,M,blink_dist,14,25200,28800,2.2386423045732355,20.059935783089546,19.0,5.120947176684882,1.672867757639814,2.1077491590756527,0.4100642169104531,6.168679225030859,43.0,0.05263157894736842,-0.5017428115947109,-0.5017428115947109
438,H,blink_dist,0,0,3600,2.1268459614429602,30.66443361296573,58.0,5.873974967630557,3.0362411282208286,2.6198199634436503,0.4985505178331368,7.072501598124867,70.0,0.017241379310344827,0.15278441903384318,0.15278441903384318
438,H,blink_dist,1,1800,5400,1.9840616335044647,21.092970083405792,52.0,5.251553417518541,2.108088464354641,2.197683234694722,0.4102783950020932,6.259857511362241,52.0,0.019230769230769232,-0.4520911678777986,-0.4520911678777986
438,H,blink_dist,2,3600,7200,1.7883581335713126,15.004465880671669,18.0,5.069100784550392,1.6700687795796687,2.0430675047680067,0.3427563415505538,5.908391070053888,37.0,0.05555555555555555,-0.584327843905895,-0.584327843905895
438,H,blink_dist,3,5400,9000,2.4892616250067285,29.348049281314168,32.0,5.719859929964983,2.630212879271238,2.550331278745664,0.49383341889117044,7.022126921848624,75.0,0.03125,-1.0762486640665927,-1.0762486640665927
438,H,blink_dist,4,7200,10800,2.23845062631669,26.24983944397665,81.0,5.454626334519573,2.324380670403173,2.3680329139929257,0.46960852873596026,6.669707104489714,49.0,0.012345679012345678,-0.2989804912802153,-0.2989804912802153
438,H,blink_dist,5,9000,12600,1.9570509725195675,20.35242937945332,41.0,5.331622835150737,2.0749610939253746,2.2763610610820617,0.40766888941487583,6.387212276214834,47.0,0.024390243902439025,0.686392740078839,0.686392740078839
438,H,blink_dist,6,10800,14400,1.576585606464413,16.6491053879354,41.0,5.175748031496063,2.014274461388873,2.1277545627932115,0.3629814998682904,5.9951472556894245,40.0,0.024390243902439025,-0.5654959520956313,-0.5654959520956313
438,H,blink_dist,7,12600,16200,2.064742206322156,19.861058462204962,32.0,5.131521087347592,1.7372624949382873,2.113207299121479,0.39751514354455647,6.2575656092066,53.0,0.03125,-0.4751003762774444,-0.4751003762774444
438,H,blink_dist,8,14400,18000,3.097983848231712,28.551835791883434,39.0,5.402536585365854,2.026101243437892,2.34288617346805,0.4916111967579106,6.8751126653927965,70.0,0.02564102564102564,-0.5414778315181576,-0.5414778315181576
438,H,blink_dist,9,16200,19800,2.5487138309119843,33.55686190947719,107.0,5.820632677464942,2.9082435644675746,2.6145375641766413,0.5239750065805141,7.279308693570154,155.0,0.009345794392523364,-0.717151663848036,-0.717151663848036
438,H,blink_dist,10,18000,21600,2.3595114185133403,19.646350792393562,39.0,5.152876420454546,1.8544026525532888,2.1231997337682222,0.4104774670484778,6.18719387755102,33.0,0.02564102564102564,-0.3490004219171477,-0.3490004219171477
438,H,blink_dist,11,19800,23400,2.3431548739547745,29.39676739858071,58.0,5.537819442660845,2.394173725459359,2.4282237604147094,0.5017758175236718,6.779993552249804,48.0,0.017241379310344827,-1.0815036839329533,-1.0815036839329533
438,H,blink_dist,12,21600,25200,1.9450231619213254,34.58872610209579,73.0,6.086416184971099,3.6984280976197934,2.7329304535608476,0.5361055449707641,7.218898595598806,76.0,0.0136986301369863,-0.8137587849043935,-0.8137587849043935
438,H,blink_dist,13,23400,27000,1.9378192541128163,28.469217009982113,48.0,5.666611977030353,2.782240512657794,2.4984281638516492,0.48275592043983945,6.751181556195966,59.0,0.020833333333333332,-0.11796940425919918,-0.11796940425919918
438,H,blink_dist,14,25200,28800,2.312630111599873,27.502728239698303,38.0,5.526578764746704,2.315747621399467,2.422018495142121,0.4783260350043514,6.821947495444023,65.0,0.02631578947368421,-0.6319851357787245,-0.6319851357787245
438,L,blink_dist,0,0,3600,1.420176149123128,10.737824766617928,15.0,4.752115480338476,1.2338662157348474,1.7197585276361267,0.2875098414126645,5.527624608065737,25.0,0.06666666666666667,-0.13759584477941503,-0.13759584477941503
438,L,blink_dist,1,1800,5400,1.410512370355616,10.446747069814846,15.0,4.802186361270172,1.2535905365624946,1.7795615912660885,0.2806692712756922,5.611796671572512,22.0,0.06666666666666667,-0.2961925824650288,-0.2961925824650288
438,L,blink_dist,2,3600,7200,1.1821437008694686,11.17717003567182,18.0,4.886001181334908,1.5062379111573054,1.8575701935719984,0.2921305804777862,5.600310840564694,29.0,0.05555555555555555,-0.3476614143860582,-0.3476614143860582
438,L,blink_dist,3,5400,9000,1.9029497846095458,17.02368761226854,19.0,4.985496558505408,1.560808124092822,1.9760486006052558,0.3718879580976044,6.045507266152692,34.0,0.05263157894736842,-0.7941604190476861,-0.7941604190476861
438,L,blink_dist,4,7200,10800,2.37970152820282,11.95253085963982,15.0,4.77271508978826,1.2287608508829013,1.7472579015797605,0.3197756760929246,5.68672038197553,33.0,0.06666666666666667,-0.9508550626305646,-0.9508550626305646
438,L,blink_dist,5,9000,12600,2.6265032566934448,16.297314391359347,18.0,4.983819973963176,1.487133606547337,1.9791716582992211,0.3651904738736986,6.157293001794412,34.0,0.05555555555555555,-0.9409639720299058,-0.9409639720299058
438,L,blink_dist,6,10800,14400,2.7471487460009127,14.005291159112714,17.0,4.869995956328346,1.3943018027562586,1.8562355179087928,0.3412187109340931,6.023247459714667,34.0,0.058823529411764705,-0.22251744426498146,-0.22251744426498146
438,L,blink_dist,7,12600,16200,2.1351360460385616,11.14311363806389,16.0,4.856537332898598,1.3957498047997807,1.835963328784161,0.303228099049899,5.674833741687085,32.0,0.0625,-0.3189562321224866,-0.3189562321224866
438,L,blink_dist,8,14400,18000,2.3836149592739613,25.141061209172666,31.0,5.272944483485594,2.036419694956777,2.224699560843216,0.45978582820688085,6.534787370827182,66.0,0.03225806451612903,2.3642020925372855,2.3642020925372855
438,L,blink_dist,9,16200,19800,3.543859419333084,32.9631349075781,34.0,5.593773902401713,2.258760471508763,2.483090314034463,0.5290900240238345,7.308274187523347,88.0,0.029411764705882353,-0.8904106631159714,-0.8904106631159714
438,L,blink_dist,10,18000,21600,3.589718442211641,38.084579992346505,67.0,5.839860807860262,2.815650871075253,2.6254718822418,0.5647788051652175,7.721673003802281,112.0,0.014925373134328358,0.12098267382252337,0.12098267382252337
438,L,blink_dist,11,19800,23400,2.6489935054614726,32.493367100820066,67.0,5.8668481219379425,3.0616982570130054,2.618039336999807,0.5121954896285577,7.379887054735013,110.0,0.014925373134328358,-0.8304156098682239,-0.8304156098682239
438,L,blink_dist,12,21600,25200,2.0929348832224184,17.76719479805843,29.0,5.157288435976961,1.785478097314377,2.1316372700163098,0.36828769423329366,6.184288094322697,48.0,0.034482758620689655,-0.8122888658404468,-0.8122888658404468
438,L,blink_dist,13,23400,27000,2.648466390255972,23.587665176982878,43.0,5.29874000812898,2.0286619274373665,2.2507280974160904,0.4382927138178726,6.512119718625386,68.0,0.023255813953488372,-0.818619303639237,-0.818619303639237
438,L,blink_dist,14,25200,28800,2.990196775300851,34.05163433956015,68.0,5.685426328933286,2.382064828118066,2.546156063729902,0.5390409239266885,7.225591636532885,60.0,0.014705882352941176,-0.17290227845063683,-0.17290227845063683
438,M,blink_dist,0,0,3600,1.9175492784831094,23.245701719312276,45.0,5.476059654631083,2.58516930378872,2.355833123531396,0.4268625882980141,6.693312434691745,71.0,0.022222222222222223,-0.24102202341690554,-0.24102202341690554
438,M,blink_dist,1,1800,5400,2.5163840983079444,21.799819726034354,43.0,5.387137254901961,2.279543994815236,2.3118932228050775,0.4183657276339677,6.562957430918596,65.0,0.023255813953488372,-0.62602309448427,-0.62602309448427
438,M,blink_dist,2,3600,7200,2.4483383172342235,15.747204425945014,19.0,4.972599917593737,1.521264991816948,1.9637248146556026,0.3633789584937173,6.0295534506089306,36.0,0.05263157894736842,0.456410874829339,0.456410874829339
438,M,blink_dist,3,5400,9000,2.424426454730148,25.341775321021736,26.0,5.354120267260579,1.9559143804080077,2.305382162096903,0.46318379770854057,6.670066413662239,58.0,0.038461538461538464,-0.5621062155071148,-0.5621062155071148
438,M,blink_dist,4,7200,10800,1.9692704613743555,31.505604853754683,37.0,5.500920549497239,2.2489590352350657,2.4089821385114276,0.513468682575475,6.859193845487051,51.0,0.02702702702702703,-0.5816672231027896,-0.5816672231027896
438,M,blink_dist,5,9000,12600,2.1432344523776172,29.238245004732555,37.0,5.398513829640843,2.086208091513111,2.3356316550331138,0.48883936889332746,6.82493106498101,50.0,0.02702702702702703,0.6078324253972593,0.6078324253972593
438,M,blink_dist,6,10800,14400,2.268448273466091,24.133196259576387,35.0,5.2735805508539775,1.9586262845915805,2.2335649056186355,0.4401229438936458,6.500051996672213,48.0,0.02857142857142857,-0.760234350411655,-0.760234350411655
438,M,blink_dist,7,12600,16200,2.0178129798445523,15.123688897684543,35.0,5.0013089005235605,1.6446799411340387,1.9855686006959048,0.34838313872946763,5.881264198850729,35.0,0.02857142857142857,-0.0338551449126414,-0.0338551449126414
438,M,blink_dist,8,14400,18000,2.4699819870358413,15.799344253813869,19.0,5.00737856118057,1.5564617388342317,1.999698126919959,0.3621219274023009,5.966860248281741,51.0,0.05263157894736842,0.43825305284167243,0.43825305284167243
438,M,blink_dist,9,16200,19800,2.7170392865351936,25.077013521457967,31.0,5.445678539512319,2.058977726569294,2.3769161543243293,0.45244268077601413,6.66555517062186,91.0,0.03225806451612903,-1.3893570945288958,-1.3893570945288958
438,M,blink_dist,10,18000,21600,2.7191637205452417,31.936228580827454,73.0,5.531746031746032,2.2990923701102974,2.43359090292419,0.5257852472787298,6.938718554982751,46.0,0.0136986301369863,-1.4285214099009331,-1.4285214099009331
438,M,blink_dist,11,19800,23400,2.919179981250672,24.748980876036224,20.0,5.188116540490938,1.7295817950521764,2.1706215511003153,0.46424448031517607,6.4083235771743645,38.0,0.05,-0.6173105920241417,-0.6173105920241417
438,M,blink_dist,12,21600,25200,2.8283085144599682,25.59215207888584,31.0,5.345010615711253,1.943524520507072,2.300636112205872,0.4637677476195317,6.676490914264807,41.0,0.03225806451612903,-0.8758267060511812,-0.8758267060511812
438,M,blink_dist,13,23400,27000,2.4425879695378527,23.54856851384402,86.0,5.538295908951092,2.6620348336089714,2.4157305717710678,0.4374501366745576,6.773047132081203,66.0,0.011627906976744186,-0.6729785583126757,-0.6729785583126757
438,M,blink_dist,14,25200,28800,2.9075834467296575,26.894615693103844,93.0,5.503766160764474,2.865381828366,2.38221908435811,0.47585274873783845,6.779290913359944,81.0,0.010752688172043012,0.1825742984880623,0.1825742984880623
439,H,blink_dist,0,0,3600,2.6790071257989188,36.056737757797265,66.0,5.863292611983711,3.0603021345656094,2.6334065531125233,0.5515862842015514,7.253528304845538,58.0,0.015151515151515152,-1.2963834491439368,-1.2963834491439368
439,H,blink_dist,1,1800,5400,2.7013855622506284,37.49467833491012,66.0,5.975968334746961,3.2601070801587166,2.69948639176641,0.5672658467360454,7.439782861574254,55.0,0.015151515151515152,-0.1625690551468068,-0.1625690551468068
439,H,blink_dist,2,3600,7200,2.8973126868164174,38.461623278533075,83.0,5.977039067854695,3.137578816300178,2.7087919015523383,0.5763151511141984,7.4858032869060835,65.0,0.012048192771084338,-0.7630186065506434,-0.7630186065506434
439,H,blink_dist,3,5400,9000,4.033357766986647,51.24392098468167,241.0,7.089360070129301,5.104234864365534,3.2309685044591445,0.6673055903179306,9.194085229442898,174.0,0.004149377593360996,1.8630097282420512,1.8630097282420512
439,H,blink_dist,4,7200,10800,4.278051034655269,58.20286976294399,261.0,8.021148502624266,7.393072656743393,3.504601679761663,0.7136136386548033,10.567566073205795,215.0,0.0038314176245210726,-1.2561562159223034,-1.2561562159223034
439,H,blink_dist,5,9000,12600,4.448325219220026,55.909970662903476,233.0,7.638067206279127,6.68533684376879,3.38913364555103,0.7012302190048368,10.018648676380053,146.0,0.004291845493562232,-0.8854417328865736,-0.8854417328865736
439,H,blink_dist,6,10800,14400,6.865691524834075,59.74557146380163,183.0,7.708762345030468,6.400872188902092,3.4285333769536526,0.7241337192259193,10.472972290920103,187.0,0.00546448087431694,-0.9093632604239308,-0.9093632604239308
439,H,blink_dist,7,12600,16200,8.154184711710311,53.42610657953504,147.0,6.723597278374914,4.433105584451539,3.0754050058777684,0.6883065748336898,9.2127687467226,187.0,0.006802721088435374,-2.8903595366247523,-2.8903595366247523
439,H,blink_dist,8,14400,18000,6.721501556347577,36.916675182212884,63.0,5.747132815390307,2.6170889832665787,2.579229307934154,0.569927685189366,7.573939269528967,91.0,0.015873015873015872,-0.2994834288450559,-0.2994834288450559
439,H,blink_dist,9,16200,19800,5.055913346093781,39.98862649079852,68.0,6.086458934410463,3.301603261268445,2.766575221668379,0.585563541584393,7.929049645996877,82.0,0.014705882352941176,0.30324807380766866,0.30324807380766866
439,H,blink_dist,10,18000,21600,2.8498403719452674,47.567455468741244,146.0,7.198829417253372,5.862043541878415,3.223373764982376,0.6343700606454651,8.904138148060735,122.0,0.00684931506849315,-0.7543882053249763,-0.7543882053249763
439,H,blink_dist,11,19800,23400,3.3078395927731545,49.5134894995823,206.0,7.155837811431363,5.48076031484666,3.234233373015867,0.649321299743586,9.11170591224801,116.0,0.0048543689320388345,-1.2699381348709717,-1.2699381348709717
439,H,blink_dist,12,21600,25200,3.944770466086446,51.59336254160559,217.0,7.25768967874231,6.055649743784876,3.2605343089079524,0.6617698269369376,9.387518308969241,117.0,0.004608294930875576,-1.0293370258804337,-1.0293370258804337
439,H,blink_dist,13,23400,27000,3.0027197547285027,44.76261403835412,228.0,6.85124572545188,5.476283234148672,3.0982546899438974,0.6126659041944836,8.610025043920308,107.0,0.0043859649122807015,-1.1458436268164867,-1.1458436268164867
439,H,blink_dist,14,25200,28800,3.2140929521342656,41.96890934210657,158.0,6.4366615853658535,4.649083355899994,2.9192044723173836,0.5966812114224374,8.130493668314484,71.0,0.006329113924050633,-1.183188057402645,-1.183188057402645
439,L,blink_dist,0,0,3600,3.3342592458003693,58.957272409349386,335.0,8.316529260710906,7.792454864424845,3.5833521015838476,0.7166895818262823,10.85885896784496,152.0,0.0029850746268656717,-2.138421071786144,-2.138421071786144
439,L,blink_dist,1,1800,5400,3.7294359180454055,50.656798626012396,198.0,7.18554070473876,5.816792627341196,3.2351379151998536,0.6612486669150809,9.380217510176802,141.0,0.005050505050505051,-0.5607551537914606,-0.5607551537914606
439,L,blink_dist,2,3600,7200,3.0230536231103917,38.33549968825624,130.0,6.425737312904083,4.005558983029315,2.9254049988532227,0.5639682338395207,8.102903776807743,95.0,0.007692307692307693,-0.30918725905319455,-0.30918725905319455
439,L,blink_dist,3,5400,9000,2.7235403740697017,33.32121261883676,89.0,5.9742376445846475,3.200891835222002,2.69723564144881,0.5259930677332896,7.310225373925093,66.0,0.011235955056179775,-0.6773093160895645,-0.6773093160895645
439,L,blink_dist,4,7200,10800,2.7054587252022246,26.511586715867157,49.0,5.591333582368323,2.38538166237074,2.4681691066435993,0.46748339483394835,6.828511060325126,65.0,0.02040816326530612,0.48691610390664697,0.48691610390664697
439,L,blink_dist,5,9000,12600,4.070000260362965,35.1359094512602,126.0,6.175127603807422,3.9213219493850975,2.795881286770967,0.540829742309715,7.856808917015878,78.0,0.007936507936507936,-0.11299438624915896,-0.11299438624915896
439,L,blink_dist,6,10800,14400,3.7770360184209193,31.94987756966265,125.0,5.91242760995461,3.7948755565304175,2.629948245832208,0.521263548745882,7.481774864184042,69.0,0.008,-2.140513713716435,-2.140513713716435
439,L,blink_dist,7,12600,16200,4.515188984378382,43.64866824917838,171.0,6.695409159973953,6.825642303806292,2.9350144384064616,0.6143777438948892,8.501676661363359,182.0,0.005847953216374269,-0.42081250429077194,-0.42081250429077194
439,L,blink_dist,8,14400,18000,5.278755292516194,58.306503346687805,243.0,7.623699307616222,8.397974425163167,3.3276989503515755,0.7199721008484731,10.052961804968735,189.0,0.00411522633744856,-3.092094540977233,-3.092094540977233
439,L,blink_dist,9,16200,19800,6.552137843501412,64.41213468683263,564.0,8.775607811877242,10.018482995960742,3.666988991742702,0.7580632185589328,11.745434285822206,259.0,0.0017730496453900709,-4.581569874944068,-4.581569874944068
439,L,blink_dist,10,18000,21600,5.634382351160636,54.05199296932585,230.0,7.904112428488517,7.275003663497954,3.4308282008512068,0.6787931621023984,10.390223263685478,353.0,0.004347826086956522,-2.0480697902933542,-2.0480697902933542
439,L,blink_dist,11,19800,23400,4.009477850858663,29.207252214028756,85.0,5.77002990713049,2.981289406474511,2.5727257015216134,0.49809970001553705,7.249768062159341,76.0,0.011764705882352941,-1.1767065365993548,-1.1767065365993548
439,L,blink_dist,12,21600,25200,3.557228977727146,17.19083969465649,47.0,5.165137614678899,1.8466532920268763,2.138639920139372,0.37287157611136057,6.312554639096887,53.0,0.02127659574468085,0.5247022803606847,0.5247022803606847
439,L,blink_dist,13,23400,27000,6.280673512668575,56.811656124984424,433.0,8.679825924774635,13.387818020146149,3.4695870149607564,0.7050783187224855,11.043338843633611,365.0,0.0023094688221709007,-3.258886113053519,-3.258886113053519
439,L,blink_dist,14,25200,28800,5.059906643105149,63.541314813353324,481.0,9.00635375184572,13.182394321883026,3.611533444026975,0.7521474232499408,11.801842633182257,248.0,0.002079002079002079,-2.193242736890351,-2.193242736890351
439,M,blink_dist,0,0,3600,2.8419176706747122,38.440742364460036,101.0,5.959654932032067,3.2350188300975597,2.694833827222088,0.5706898683663261,7.7128641422006154,85.0,0.009900990099009901,-0.8295610356140124,-0.8295610356140124
439,M,blink_dist,1,1800,5400,3.0349217018281793,36.78664849132373,96.0,6.2674856527977045,3.67900381524745,2.846159041809019,0.5538049799737896,7.929726063529146,94.0,0.010416666666666666,0.8564513461846887,0.8564513461846887
439,M,blink_dist,2,3600,7200,4.610309319189182,33.44928419973114,97.0,6.118124207858048,3.744872425758552,2.757777082947022,0.5331689926133293,7.903217523046504,99.0,0.010309278350515464,-2.0842710984324553,-2.0842710984324553
439,M,blink_dist,3,5400,9000,3.059903767931301,19.833476887740453,39.0,5.360327313769751,2.274655607370787,2.28109156165915,0.4031190457547047,6.564670378713818,85.0,0.02564102564102564,0.388825554728365,0.388825554728365
439,M,blink_dist,4,7200,10800,1.7456138823616232,14.878664763368837,31.0,5.001537988311289,1.649267644118797,1.985248983211923,0.34326616888108047,5.86560863106872,36.0,0.03225806451612903,-0.3668207721151619,-0.3668207721151619
439,M,blink_dist,5,9000,12600,1.42260407370604,13.121196469874919,19.0,5.080869565217391,1.7454236138205317,2.0557516365330786,0.30899822595495274,5.799789251844047,49.0,0.05263157894736842,0.05882940445059344,0.05882940445059344
439,M,blink_dist,6,10800,14400,1.7171336880765422,18.024948605129254,29.0,5.338016528925619,2.083005729768902,2.276273695188669,0.37020120743062856,6.243646062127392,56.0,0.034482758620689655,-0.08097826855080521,-0.08097826855080521
439,M,blink_dist,7,12600,16200,2.044104847367403,20.549968352204797,27.0,5.165586328815557,1.8128619417161929,2.1408477374102035,0.41259347820990694,6.198638177976051,39.0,0.037037037037037035,-0.539541203360892,-0.539541203360892
439,M,blink_dist,8,14400,18000,2.009634707565269,22.74089323042929,83.0,5.320007437709186,2.517409342043432,2.2471905076582934,0.4290693330577921,6.325950665026074,66.0,0.012048192771084338,-0.5981790755388581,-0.5981790755388581
439,M,blink_dist,9,16200,19800,1.7268134400320998,18.382713422812582,64.0,5.140455250905329,2.2791897344263092,2.0845657263111437,0.3789856346027547,6.188038060715904,37.0,0.015625,-0.5568875339722237,-0.5568875339722237
439,M,blink_dist,10,18000,21600,1.7782630787265727,12.378736705949986,17.0,4.937656753851666,1.5070778047452082,1.9237891914883738,0.3148848447829836,5.869485140226036,33.0,0.058823529411764705,-0.4214364037758897,-0.4214364037758897
439,M,blink_dist,11,19800,23400,1.7913610929238617,17.739950779327316,71.0,5.232772225144661,2.2611577677123362,2.1770757726629455,0.3746879124014695,6.178122472983901,47.0,0.014084507042253521,-0.7444618208695942,-0.7444618208695942
439,M,blink_dist,12,21600,25200,2.441565685502942,43.23602915200126,144.0,6.712167377615275,5.0011402553980435,3.0332257130690006,0.6097550603844191,8.179333040807371,102.0,0.006944444444444444,-1.1418178350123034,-1.1418178350123034
439,M,blink_dist,13,23400,27000,2.9526597833939863,38.66681814001547,77.0,6.037844230444332,3.2125662122225687,2.736201421876146,0.5785524557616675,7.603426824499662,57.0,0.012987012987012988,-1.2684524590580921,-1.2684524590580921
439,M,blink_dist,14,25200,28800,3.5253784407644706,34.6343098964233,112.0,5.900880037054192,3.2861653896310385,2.652121542932114,0.546672949534675,7.562854546024384,74.0,0.008928571428571428,0.09056576079818392,0.09056576079818392
440,H,blink_dist,0,0,3600,9.843956328664957,69.17667294087103,460.0,8.774765874241021,10.504056918717165,3.6584479418272884,0.796714967222691,12.364319709904057,458.0,0.002173913043478261,-0.1321469460003167,-0.1321469460003167
440,H,blink_dist,1,1800,5400,15.923862840789964,78.3809403437816,460.0,10.84238496975079,13.852010951459778,4.103793907268797,0.8563810045420258,15.705522544564838,458.0,0.002173913043478261,-2.412869530676293,-2.412869530676293
440,H,blink_dist,2,3600,7200,17.337489982814446,78.43510114131777,426.0,11.144413027542152,15.492058794366216,4.141478309944951,0.8581649180219124,16.070504304618623,452.0,0.002347417840375587,-2.7861886932694957,-2.7861886932694957
440,H,blink_dist,3,5400,9000,14.537613743075424,73.8699916275329,435.0,10.290354180059387,12.93483576011341,3.9905859942878195,0.8286863577131078,14.392752185031105,323.0,0.0022988505747126436,-2.9475843638907713,-2.9475843638907713
440,H,blink_dist,4,7200,10800,10.150242209436927,57.84500869455744,235.0,7.708321100532651,6.852377832307888,3.404544701393714,0.718172018474951,10.48454425363276,174.0,0.00425531914893617,-0.8155059324509332,-0.8155059324509332
440,H,blink_dist,5,9000,12600,14.125074215424956,57.135878249325174,307.0,7.363150147918215,5.9027414403423,3.308309893331483,0.7156075037967927,10.26807184929173,156.0,0.003257328990228013,1.1774032274675261,1.1774032274675261
440,H,blink_dist,6,10800,14400,6.105495559373858,18.48867447689112,55.0,5.055440303312111,1.7534986184854173,2.038928357734331,0.40286447568766776,6.202585946468491,114.0,0.01818181818181818,-1.5977556193480988,-1.5977556193480988
440,H,blink_dist,7,12600,16200,6.493356511494066,23.60915683515532,38.0,5.13015822108189,1.7300755669554997,2.1159417501225164,0.4642387999488335,6.440752875328487,39.0,0.02631578947368421,-1.5104629463232098,-1.5104629463232098
440,H,blink_dist,8,14400,18000,11.360562614018614,56.55479896010697,266.0,7.266294529951586,5.463493781030422,3.2844481399886414,0.7156350925935039,9.85677075768579,170.0,0.0037593984962406013,1.0958445022505343,1.0958445022505343
440,H,blink_dist,9,16200,19800,11.75626640146915,69.25733695652174,264.0,9.104343787954562,10.435209241090218,3.735962442254044,0.7989673913043478,12.454780361757106,268.0,0.003787878787878788,-0.9619845429588798,-0.9619845429588798
440,H,blink_dist,10,18000,21600,15.394447496210761,74.31560292518532,593.0,10.069451278662712,11.199921640263002,3.980026198182915,0.8255342572071287,14.075354704030003,388.0,0.0016863406408094434,0.22365050516383012,0.22365050516383012
440,H,blink_dist,11,19800,23400,6.808299860186685,47.54770278228105,146.0,6.481100095938599,4.084885719154973,2.96720062480646,0.6470557183512304,8.58483782605989,117.0,0.00684931506849315,0.6031491543232131,0.6031491543232131
440,H,blink_dist,12,21600,25200,9.177986199484993,57.43655878048059,225.0,7.2944543907344785,5.599322661300284,3.291134486972092,0.7182967940451142,9.913743199260175,134.0,0.0044444444444444444,-2.17002285047988,-2.17002285047988
440,H,blink_dist,13,23400,27000,17.373349789976537,66.57861807536752,551.0,8.204051344216978,7.391413033659527,3.5742687846633054,0.7800561206336188,11.603778874953841,210.0,0.0018148820326678765,-2.3885250165380048,-2.3885250165380048
440,H,blink_dist,14,25200,28800,9.438940172583907,51.82240017328794,248.0,6.928459919907691,5.2663095604515675,3.1476137218425015,0.6815140356458699,9.358469081867405,134.0,0.004032258064516129,1.5130347832073934,1.5130347832073934
440,L,blink_dist,0,0,3600,14.337821107002629,79.1581719617922,601.0,12.230622256648592,18.34292410359005,4.235945617246332,0.860528086557979,17.381311881188118,443.0,0.0016638935108153079,-5.485394735762451,-5.485394735762451
440,L,blink_dist,1,1800,5400,18.98442150943113,73.71878255104257,489.0,9.72194358758128,11.466542842639399,3.8876770715846254,0.8262533676393626,13.908998201209581,442.0,0.002044989775051125,-1.3959632526305399,-1.3959632526305399
440,L,blink_dist,2,3600,7200,14.189222538615581,63.946235288157915,373.0,7.909823852955511,6.765296791549399,3.492539131467868,0.7616262249314714,11.059665871121718,235.0,0.002680965147453083,-5.436424013676034,-5.436424013676034
440,L,blink_dist,3,5400,9000,8.396114617847067,39.435124553399866,205.0,6.05373674834263,3.8967318706466183,2.727908090432247,0.5883868746171319,7.817268441871928,88.0,0.004878048780487805,-0.30730437839973124,-0.30730437839973124
440,L,blink_dist,4,7200,10800,3.3397540224880125,31.60150178157209,128.0,6.016024765546754,3.888540651288873,2.6710417871506267,0.5156873998613004,7.403865961683719,68.0,0.0078125,-0.6009716748289998,-0.6009716748289998
440,L,blink_dist,5,9000,12600,4.756144526044363,49.912344924401694,145.0,6.988526286090473,5.34380477110333,3.1482132186781904,0.6592081488994418,9.274232795483002,156.0,0.006896551724137931,4.264790015214765,4.264790015214765
440,L,blink_dist,6,10800,14400,5.445627188027265,41.34217990572651,145.0,6.1639552173532755,3.7343822241546047,2.8002062045483016,0.6002660424788002,7.9515279855458205,97.0,0.006896551724137931,-1.4861504708810196,-1.4861504708810196
440,L,blink_dist,7,12600,16200,5.825517519312783,35.00902096483195,119.0,5.723250705993097,2.817942851120664,2.5546538716653315,0.559191513164028,7.262321059753579,100.0,0.008403361344537815,-1.7563066382400654,-1.7563066382400654
440,L,blink_dist,8,14400,18000,6.660020755560546,47.64432186113443,138.0,7.022518382352941,5.505616783709452,3.1543166089939096,0.6381424631250749,9.254086672231496,145.0,0.007246376811594203,-0.6763899813720876,-0.6763899813720876
440,L,blink_dist,9,16200,19800,4.310700231020219,21.99124767018316,57.0,5.304137992671373,2.3717062368182824,2.2309958689808242,0.42708923893267525,6.615525900416128,113.0,0.017543859649122806,-1.4702665340807077,-1.4702665340807077
440,L,blink_dist,10,18000,21600,4.3088153948308525,22.083164969435003,29.0,5.202165749716182,1.847684077443847,2.1762892214431964,0.43718327507015675,6.368995220479032,37.0,0.034482758620689655,0.5531321811175735,0.5531321811175735
440,L,blink_dist,11,19800,23400,8.361884075865616,42.26401398294158,120.0,6.148395164651938,3.262059614017821,2.8058425015580495,0.6132818842586845,8.034585882853461,63.0,0.008333333333333333,-0.75754744532145,-0.75754744532145
440,L,blink_dist,12,21600,25200,8.193526673866314,54.46852063046466,272.0,7.016373270384973,5.65350453912718,3.1589020689759635,0.6990515737247907,9.429296448716094,128.0,0.003676470588235294,-0.6051688089203338,-0.6051688089203338
440,L,blink_dist,13,23400,27000,10.477037663659289,60.789981613443224,450.0,7.719097860807279,7.622859555504318,3.3843691466841497,0.7433596477587001,10.44269773618042,182.0,0.0022222222222222222,-2.2287739627731695,-2.2287739627731695
440,L,blink_dist,14,25200,28800,9.222024278926366,52.53228577762997,448.0,6.754231248886513,5.409125057439437,3.073001134035576,0.6853972674869748,8.987689652039611,163.0,0.002232142857142857,-0.633600518982101,-0.633600518982101
440,M,blink_dist,0,0,3600,10.775752253297705,51.08083870059219,170.0,6.472315089590924,3.6139899785272367,2.9825427020514605,0.6819623044254871,8.721967865775628,87.0,0.0058823529411764705,-0.24567539412532324,-0.24567539412532324
440,M,blink_dist,1,1800,5400,11.421947575677372,64.18364635630078,478.0,8.271301903114187,9.553214626233943,3.546030880159617,0.7621498594543191,11.353377428258945,371.0,0.0020920502092050207,0.08726053113846212,0.08726053113846212
440,M,blink_dist,2,3600,7200,12.70683082205533,69.40063606994255,478.0,9.079515179423083,9.882862058761589,3.7722975860096954,0.7948102475141733,12.62349887696531,386.0,0.0020920502092050207,-4.047886548287996,-4.047886548287996
440,M,blink_dist,3,5400,9000,14.81359848612513,61.45185916817266,708.0,7.8986999667368885,8.815471164397374,3.4279853983248274,0.7440236401827035,10.86536599192196,370.0,0.0014124293785310734,-5.2217776407255005,-5.2217776407255005
440,M,blink_dist,4,7200,10800,11.882406667464261,54.466814626218415,708.0,7.418786047789069,9.233158866769376,3.2136585971870018,0.7001890046605914,9.868952319599837,370.0,0.0014124293785310734,-3.2647682098472566,-3.2647682098472566
440,M,blink_dist,5,9000,12600,4.6752882481581715,29.132957061251265,73.0,5.64484310869853,2.7049829133976084,2.4960796935655045,0.5034831360865881,6.988547446293925,66.0,0.0136986301369863,-0.8821392861226086,-0.8821392861226086
440,M,blink_dist,6,10800,14400,2.9987743772812707,20.452439037381883,33.0,5.195102151265052,1.7805706868944349,2.173547824607405,0.41275607495552313,6.37567878887609,47.0,0.030303030303030304,-0.07945093361306767,-0.07945093361306767
440,M,blink_dist,7,12600,16200,2.8330365781214284,12.861266787699734,21.0,4.902428540726413,1.4353091323822371,1.8912492193347927,0.3274884135271366,5.792181890706023,30.0,0.047619047619047616,-0.5475741881502988,-0.5475741881502988
440,M,blink_dist,8,14400,18000,1.4729196160492843,2.6731878714267125,10.0,4.355123674911661,0.7700444452121259,1.1106889141805856,0.13632173686721902,4.952915681639086,25.0,0.1,-0.40059129815757444,-0.40059129815757444
440,M,blink_dist,9,16200,19800,1.7158398598448588,4.085831316328431,13.0,4.469450101832994,0.9880052024643875,1.3045695244424333,0.17445540867622417,5.179657269209508,25.0,0.07692307692307693,-0.17069166152810003,-0.17069166152810003
440,M,blink_dist,10,18000,21600,2.6020163594197325,12.84661047643018,24.0,4.941440377804014,1.6429504669952633,1.9143642736876814,0.3212358578014598,5.772960450107562,52.0,0.041666666666666664,-0.20808410039530392,-0.20808410039530392
440,M,blink_dist,11,19800,23400,4.554850410295295,26.609995932051227,39.0,5.367475419112966,2.125342412529765,2.3061254640614894,0.4749435396765279,6.694992337732957,75.0,0.02564102564102564,-0.910659377635395,-0.910659377635395
440,M,blink_dist,12,21600,25200,6.369117054876367,49.21326786009861,229.0,6.859100283127687,5.317994599556541,3.089798013814037,0.6532472450581585,9.041428025964109,124.0,0.004366812227074236,-0.9603337744206949,-0.9603337744206949
440,M,blink_dist,13,23400,27000,5.133511093618695,37.70921299508686,104.0,5.860866621530128,3.117819835347517,2.633754750965332,0.5833584850474356,7.487429860819905,103.0,0.009615384615384616,-1.5372569015884203,-1.5372569015884203
440,M,blink_dist,14,25200,28800,8.665055184968718,41.09221623116272,185.0,6.3720950175799675,4.8908839161103845,2.84948477478953,0.5960938292087193,8.27160525407037,242.0,0.005405405405405406,0.5822071652461135,0.5822071652461135
441,H,blink_dist,0,0,3600,0.9558834922053239,0.4929565696906906,6.0,4.214285714285714,0.47487914681699034,0.8074476081963872,0.04876092441889611,4.566510172143975,10.0,0.16666666666666666,-0.3766741797683025,-0.3766741797683025
441,H,blink_dist,1,1800,5400,1.0101923315599368,0.9708584349256044,8.0,4.385714285714286,0.7424449405820707,1.1723691936160174,0.058077573802634286,4.823374917925148,10.0,0.125,-0.2538660955171165,-0.2538660955171165
441,H,blink_dist,2,3600,7200,1.8522029661890738,0.9175815172865803,8.0,4.3076923076923075,0.6508026331145,1.021091869001177,0.06832705226937572,4.836996336996337,11.0,0.125,-0.39383266581203596,-0.39383266581203596
441,H,blink_dist,3,5400,9000,1.93861791351509,1.062891889887696,8.0,4.229508196721311,0.5781100531381322,0.8419715062764328,0.08023185874249178,4.617117117117117,12.0,0.125,-0.6786828038040356,-0.6786828038040356
441,H,blink_dist,4,7200,10800,1.105152934490282,3.361854656876915,12.0,4.507751937984496,1.010572974561885,1.367583532163554,0.13455367982887206,5.161907402273357,17.0,0.08333333333333333,-0.44549964094421474,-0.44549964094421474
441,H,blink_dist,5,9000,12600,0.662344215493641,0.8705927748034534,7.0,4.247058823529412,0.5922217858189744,0.8768133816080398,0.051210630395987077,4.698008849557522,11.0,0.14285714285714285,0.11729481486875871,0.11729481486875871
441,H,blink_dist,6,10800,14400,0.6761290767768854,0.8835550095679086,8.0,4.2988505747126435,0.6967072395720354,0.9906585377373336,0.06534527156323088,4.61,11.0,0.125,-0.05026554542592029,-0.05026554542592029
441,H,blink_dist,7,12600,16200,0.7374341724954161,0.9530617107457708,9.0,4.444444444444445,0.9125635134638544,1.254487567687971,0.06210063465245738,4.707717569786535,12.0,0.1111111111111111,-0.12113404417312486,-0.12113404417312486
441,H,blink_dist,8,14400,18000,0.8438794976304574,0.7949877912589199,9.0,4.375,0.7938566201357354,1.105344119818395,0.053832030436675435,4.535885167464115,11.0,0.1111111111111111,-0.08804754012493832,-0.08804754012493832
441,H,blink_dist,9,16200,19800,0.9180110633495041,1.0787861915367483,8.0,4.335664335664336,0.738019045218807,1.064778266991976,0.06402248051224944,4.851021753460778,15.0,0.125,0.007579767930377503,0.007579767930377503
441,H,blink_dist,10,18000,21600,0.799585847180357,0.6812097966359023,7.0,4.2625,0.6469882147303759,0.8942502899773349,0.052588996763754045,4.696699375557538,14.0,0.14285714285714285,0.038018840140061676,0.038018840140061676
441,H,blink_dist,11,19800,23400,0.8175237373554247,0.3223852601551357,5.0,4.230769230769231,0.4213250442347434,0.7793498372920851,0.0387546159707704,4.442329227323628,8.0,0.2,-0.19672140356828186,-0.19672140356828186
441,H,blink_dist,12,21600,25200,0.9194805966496877,0.6497116253213814,6.0,4.25,0.5276448530110863,0.8872409357400916,0.06007226738934056,4.520261437908497,10.0,0.16666666666666666,0.29937038670694693,0.29937038670694693
441,H,blink_dist,13,23400,27000,0.8118053360351448,0.45451862345788324,6.0,4.2,0.4824181513244215,0.7679899965605539,0.04964287822442595,4.4302019315188765,9.0,0.16666666666666666,-0.23520806669201644,-0.23520806669201644
441,H,blink_dist,14,25200,28800,0.9849706676361327,1.3995199792423456,9.0,4.251231527093596,0.6515884044841925,0.8774126312534548,0.0888119486248054,4.704896907216495,13.0,0.1111111111111111,-0.11255555127456868,-0.11255555127456868
441,L,blink_dist,0,0,3600,1.0888123631197617,0.39903176116775474,6.0,4.121212121212121,0.4088102291888502,0.5229784263810124,0.0450964571260911,4.557449962935507,10.0,0.16666666666666666,-0.30129971053357024,-0.30129971053357024
441,L,blink_dist,1,1800,5400,1.582910988930421,5.392641627479868,15.0,4.8014375561545375,1.3307874503520725,1.7729785047665112,0.17077539405437042,5.397384787115293,23.0,0.06666666666666667,-0.9826706192685403,-0.9826706192685403
441,L,blink_dist,2,3600,7200,1.8145381887778451,7.835456298030793,15.0,4.7675415104445635,1.3049107970614802,1.7314786986541715,0.24165265539309325,5.523996377905222,25.0,0.06666666666666667,-0.9627777595487012,-0.9627777595487012
441,L,blink_dist,3,5400,9000,1.5978459197529395,10.013695480491437,13.0,4.829797492767598,1.2477401974224294,1.813106029923261,0.28172703008007355,5.5955524669909655,33.0,0.07692307692307693,-0.7407530354636769,-0.7407530354636769
441,L,blink_dist,4,7200,10800,1.7313817718131055,3.1413467659350696,10.0,4.427828348504551,0.8000686522412267,1.2542433398364137,0.1598581089184726,4.891319689484827,15.0,0.1,-0.011878321556231423,-0.011878321556231423
441,L,blink_dist,5,9000,12600,1.4413725696594724,1.6977514766669992,10.0,4.427745664739884,0.8613298657458195,1.2330136434882466,0.10294003568381041,4.756272401433692,17.0,0.1,-0.1880303450222196,-0.1880303450222196
441,L,blink_dist,6,10800,14400,2.008979806855405,5.7779155932958055,19.0,4.768372703412074,1.3308463266214319,1.7198942704110496,0.19224072130521896,5.356335844040762,26.0,0.05263157894736842,-0.03443714743150291,-0.03443714743150291
441,L,blink_dist,7,12600,16200,2.3340022372047176,10.958800985491377,18.0,4.820288982540638,1.4594367426622912,1.7823536404549836,0.29429578428688746,5.702493038058613,34.0,0.05555555555555555,-1.437264422342737,-1.437264422342737
441,L,blink_dist,8,14400,18000,1.6422194361432674,8.12364435712132,18.0,4.887068461088356,1.604047727575635,1.845395041732178,0.23767398430129072,5.558575978161965,34.0,0.05555555555555555,-0.9056677633792986,-0.9056677633792986
441,L,blink_dist,9,16200,19800,0.8406209672691807,1.5239325821346457,8.0,4.311827956989247,0.6952758348527853,1.023325368232632,0.09863758146958786,4.672367236723672,13.0,0.125,0.09275759955254943,0.09275759955254943
441,L,blink_dist,10,18000,21600,0.5817594818042227,1.1037588204607232,8.0,4.32258064516129,0.7642733610286816,1.0084044789086772,0.07045385903736855,4.635953026196929,12.0,0.125,-0.003825356095891432,-0.003825356095891432
441,L,blink_dist,11,19800,23400,1.276704974098677,5.778951055950356,14.0,4.628256513026052,1.0887855961949662,1.5575835379137362,0.20220073065759184,5.260904947916667,22.0,0.07142857142857142,-0.7765309058695373,-0.7765309058695373
441,L,blink_dist,12,21600,25200,2.8452880133523073,6.481257964733423,16.0,4.4974678613167125,0.8979337275111672,1.3686032600950786,0.23670485996103946,5.184310832411164,23.0,0.0625,-1.4619131577992373,-1.4619131577992373
441,L,blink_dist,13,23400,27000,1.878175369951015,8.755517379212982,18.0,4.707361682670324,1.1591885508568782,1.660249783598232,0.25895750236003506,5.472501797268152,31.0,0.05555555555555555,-0.6301110454094078,-0.6301110454094078
441,L,blink_dist,14,25200,28800,1.0497259719724858,3.352201832070361,12.0,4.58004158004158,1.0685140352814018,1.478930469186969,0.13733680270245593,5.015559877743818,17.0,0.08333333333333333,0.07856994064521654,0.07856994064521654
441,M,blink_dist,0,0,3600,0.7377057166921892,0.17538541486228998,5.0,4.05,0.2179449471770336,0.2863969571159562,0.027368785726658584,4.328767123287672,8.0,0.2,-0.20489122230562412,-0.20489122230562412
441,M,blink_dist,1,1800,5400,0.7593973060579434,0.3028900761431997,5.0,4.114285714285714,0.3181579635902871,0.512709142030877,0.04085860922973371,4.475806451612903,8.0,0.2,-0.14637153181136348,-0.14637153181136348
441,M,blink_dist,2,3600,7200,1.463383622786136,4.866015390492823,12.0,4.610134436401241,1.0762168421546916,1.5319614633415144,0.17779839545925885,5.136055494245625,17.0,0.08333333333333333,-0.2093720990741434,-0.2093720990741434
441,M,blink_dist,3,5400,9000,1.500920614693001,8.995902729739797,18.0,5.028554431885782,1.6413437036892957,2.003451634745463,0.23379449795136487,5.654697554697555,32.0,0.05555555555555555,-0.6078578344911714,-0.6078578344911714
441,M,blink_dist,4,7200,10800,1.5659953827902635,4.474749844449658,10.0,4.569791666666666,1.0069156485346284,1.4741382435022685,0.17647058823529413,5.182267485397634,19.0,0.1,-0.35674473027892367,-0.35674473027892367
441,M,blink_dist,5,9000,12600,1.1694929359374528,2.823153409090909,10.0,4.426124197002141,0.7937136372106491,1.2452430936457868,0.12792285839160839,4.915245342429809,15.0,0.1,-0.4976503034447329,-0.4976503034447329
441,M,blink_dist,6,10800,14400,0.895281216760794,1.0669235847205125,10.0,4.42962962962963,0.9070974527313574,1.218463334901398,0.07442594872343843,4.6923509561304835,15.0,0.1,-0.49708721878144013,-0.49708721878144013
441,M,blink_dist,7,12600,16200,0.8783815838086821,0.5164481460602645,8.0,4.369230769230769,0.7558842151715839,1.1272306380984594,0.05105380880507719,4.587418300653595,11.0,0.125,-0.17452707484767524,-0.17452707484767524
441,M,blink_dist,8,14400,18000,1.586616768556971,1.6762307459981878,9.0,4.416445623342175,0.8642901399311256,1.2134734470253774,0.10802375918654988,4.949261992619927,15.0,0.1111111111111111,0.2653357853225984,0.2653357853225984
441,M,blink_dist,9,16200,19800,1.9073264381340058,3.5265643842958596,10.0,4.465535524920466,0.8680922786197693,1.3123298680413702,0.17266849792308722,5.068338249754179,21.0,0.1,-0.33004916500561743,-0.33004916500561743
441,M,blink_dist,10,18000,21600,1.4584159613039935,5.89021291509682,11.0,4.608397600685518,1.051394676441624,1.5321261089498421,0.20743340927013054,5.257321304649549,28.0,0.09090909090909091,-0.655931470465419,-0.655931470465419
441,M,blink_dist,11,19800,23400,1.15912633689594,4.463461352956578,15.0,4.6671469740634,1.2088237971825826,1.5974825112315074,0.15845356704838287,5.312312312312312,24.0,0.06666666666666667,-0.2973585654402632,-0.2973585654402632
441,M,blink_dist,12,21600,25200,1.449135539049573,4.546807314572931,11.0,4.407051282051282,0.7594936611333761,1.216444891104085,0.17597522127795598,5.120269403463759,16.0,0.09090909090909091,-0.275664581727779,-0.275664581727779
441,M,blink_dist,13,23400,27000,1.270379591632669,2.737262988482623,9.0,4.328031809145129,0.6160135282444862,1.0411572006384364,0.13948473570386763,5.018547839855237,16.0,0.1111111111111111,0.3050507438775738,0.3050507438775738
441,M,blink_dist,14,25200,28800,1.6546944960067829,5.261989342806395,12.0,4.55008347245409,0.9328430485882712,1.4479288027710135,0.19413661286585837,5.242017463834224,20.0,0.08333333333333333,0.2972401581492788,0.2972401581492788
442,H,blink_dist,0,0,3600,1.748137646072808,12.666983425010509,15.0,4.843815513626835,1.3361063321773603,1.8280478790707155,0.3304901226220281,5.700922058475845,33.0,0.06666666666666667,-0.13302119453126054,-0.13302119453126054
442,H,blink_dist,1,1800,5400,2.6456551091599683,12.950474246970677,18.0,4.7656076427460565,1.2587587880668338,1.7361075107102864,0.3403680470443335,5.649979955902986,33.0,0.05555555555555555,-0.905052140684005,-0.905052140684005
442,H,blink_dist,2,3600,7200,2.836662491807751,9.2010203334666,17.0,4.626274065685164,1.0642818503280695,1.558341895413495,0.2911413432138252,5.338513164687662,27.0,0.058823529411764705,0.06707465570894341,0.06707465570894341
442,H,blink_dist,3,5400,9000,1.4249521323487246,3.322534721832999,8.0,4.378138847858198,0.771727574318497,1.1544421065953592,0.16207445437119572,4.822715143428953,17.0,0.125,-0.08467185910948997,-0.08467185910948997
442,H,blink_dist,4,7200,10800,1.2139463182680081,2.44082158975776,8.0,4.313953488372093,0.6830442783661662,1.0258896622992713,0.137291280148423,4.673684210526316,16.0,0.125,-0.18717402579722073,-0.18717402579722073
442,H,blink_dist,5,9000,12600,1.0381933302036535,2.49861529940304,9.0,4.3076923076923075,0.627207385371408,1.0202904069037366,0.13757769708905163,4.747544465091585,13.0,0.1111111111111111,-0.21890361932717103,-0.21890361932717103
442,H,blink_dist,6,10800,14400,1.1088107945526957,4.055202616073872,11.0,4.3779160186625194,0.8112413998374686,1.1487472995229067,0.18249132056988923,4.983477576711251,17.0,0.09090909090909091,-0.03214644697088604,-0.03214644697088604
442,H,blink_dist,7,12600,16200,1.280075316776272,6.216698486379915,14.0,4.595940959409594,1.0699786787118664,1.5064717010391973,0.21598098304196459,5.256149407834801,29.0,0.07142857142857142,0.25968364051521825,0.25968364051521825
442,H,blink_dist,8,14400,18000,1.4952501329368575,6.42880034184382,13.0,4.521412471825695,0.9066660820485718,1.405875405615173,0.21414912936652067,5.152679604163989,21.0,0.07692307692307693,-0.541002612102097,-0.541002612102097
442,H,blink_dist,9,16200,19800,1.4611154300836788,3.9301214566046814,10.0,4.471393034825871,0.884036170075208,1.3229496903512534,0.16367124725328785,4.950892857142857,18.0,0.1,-0.4172261619600739,-0.4172261619600739
442,H,blink_dist,10,18000,21600,1.1936923158263466,3.3279361978295485,12.0,4.513611615245009,1.0023999448923802,1.3759217470541498,0.15537728653436994,4.936862244897959,18.0,0.08333333333333333,-0.19019402599174046,-0.19019402599174046
442,H,blink_dist,11,19800,23400,1.063399020939412,3.1333553639558986,12.0,4.476394849785407,0.9221177614502786,1.323427168624062,0.15493285667077236,4.85731104308924,12.0,0.08333333333333333,-0.13566991423413352,-0.13566991423413352
442,H,blink_dist,12,21600,25200,1.1767607364981436,3.516987688507011,9.0,4.421501706484642,0.8353220532171753,1.235877900172856,0.1578640170487709,4.962662684019628,17.0,0.1111111111111111,-0.09901354498758855,-0.09901354498758855
442,H,blink_dist,13,23400,27000,1.360644077277645,2.9172487468156794,8.0,4.352014010507881,0.6904974017331289,1.1142812155187876,0.13405256917460057,4.8570820927264995,16.0,0.125,-0.2535267075859391,-0.2535267075859391
442,H,blink_dist,14,25200,28800,1.4152723803931673,2.9355665158064626,8.0,4.378787878787879,0.7428364141381109,1.1629784513124517,0.147574009909371,4.8409848204368755,17.0,0.125,0.5496063242372232,0.5496063242372232
442,L,blink_dist,0,0,3600,1.7923354573946357,6.134980260050441,19.0,4.613941018766756,1.3311160697546853,1.489193813741925,0.22185386198967996,5.098617511520738,23.0,0.05263157894736842,-0.8525314078087727,-0.8525314078087727
442,L,blink_dist,1,1800,5400,0.772686998511778,0.25426882209451357,5.0,4.1,0.2999999999999999,0.4689955935892812,0.040569314094348205,4.410112359550562,9.0,0.2,-0.11545001035767417,-0.11545001035767417
442,L,blink_dist,2,3600,7200,1.2401583198506316,5.197063369397218,19.0,4.920731707317073,1.4465465860386457,1.8871772390750785,0.14797140649149923,5.268745700527402,22.0,0.05263157894736842,-0.4573232239321494,-0.4573232239321494
442,L,blink_dist,3,5400,9000,1.472743910980784,4.431622216678778,11.0,4.611738148984198,1.0465669574591687,1.5217185423129826,0.17074109825273046,5.050529355149182,22.0,0.09090909090909091,-0.3487985736060348,-0.3487985736060348
442,L,blink_dist,4,7200,10800,1.8416446888910152,2.2030252567305024,7.0,4.26890756302521,0.6038737554024134,0.9328018489228894,0.138647481265612,4.756881416455885,14.0,0.14285714285714285,-0.39304790658488187,-0.39304790658488187
442,L,blink_dist,5,9000,12600,1.6330667993932104,2.513742444101019,8.0,4.276206322795341,0.6528444742157904,0.9484477327590427,0.13757115749525617,4.7767023263712005,13.0,0.125,-0.3365400562817521,-0.3365400562817521
442,L,blink_dist,6,10800,14400,1.4599653605444045,2.1279854706184835,8.0,4.284140969162996,0.6337529205208152,0.9719029511791556,0.1258246627498605,4.781912681912682,14.0,0.125,-0.1655934731607069,-0.1655934731607069
442,L,blink_dist,7,12600,16200,1.3713780596442036,2.682429677945373,9.0,4.533464566929134,0.8562313304616869,1.4159308788029374,0.13278201619008795,4.92546986390149,16.0,0.1111111111111111,-0.5382209077151889,-0.5382209077151889
442,L,blink_dist,8,14400,18000,1.229871586749346,2.3196010182347133,9.0,4.567774936061381,0.8641095592691921,1.4665820239448377,0.11803859940776144,4.990939044481054,16.0,0.1111111111111111,-0.34359443305443627,-0.34359443305443627
442,L,blink_dist,9,16200,19800,1.1076607250134214,1.9006417189415243,8.0,4.279220779220779,0.5810509203467048,0.956163845608168,0.11310116086235489,4.690789473684211,14.0,0.125,-0.30530431987726964,-0.30530431987726964
442,L,blink_dist,10,18000,21600,1.2132594711820526,1.6522723682131761,8.0,4.239864864864865,0.5869343009489089,0.8669818785000963,0.11188714518932014,4.555615116590726,12.0,0.125,-0.06665103303289957,-0.06665103303289957
442,L,blink_dist,11,19800,23400,1.3020863699029357,0.7360427886207785,7.0,4.285714285714286,0.6127888739864903,0.9619965245644615,0.07714341793736276,4.472617354196301,13.0,0.14285714285714285,-0.049744836849003785,-0.049744836849003785
442,L,blink_dist,12,21600,25200,2.03744402795244,1.7749345375292034,9.0,4.312380952380952,0.6772064801668957,1.025051717070735,0.12660912241090047,4.747758341907982,18.0,0.1111111111111111,-0.81158132398646,-0.81158132398646
442,L,blink_dist,13,23400,27000,1.1804185965605574,2.89851150202977,8.0,4.258449304174951,0.5717010828620482,0.9172112360218109,0.15420162381596753,4.7510944340212635,19.0,0.125,0.019774053188446966,0.019774053188446966
442,L,blink_dist,14,25200,28800,1.8232116298865377,6.022323071262112,15.0,4.638326585695006,1.2555257217640696,1.5452043109434308,0.22935028298084842,5.242515269850806,19.0,0.06666666666666667,-0.478003304939741,-0.478003304939741
442,M,blink_dist,0,0,3600,2.14181283864157,14.45394069566255,26.0,4.980981752762786,1.6606619651060965,1.9549369782841859,0.3566836704253923,5.832916641258613,60.0,0.038461538461538464,-0.04635342931306946,-0.04635342931306946
442,M,blink_dist,1,1800,5400,2.0822328472319502,12.989613218981575,18.0,4.885458742065782,1.5552460522116645,1.8513726826372492,0.3357177925405422,5.663345195729537,63.0,0.05555555555555555,-0.4967766286819082,-0.4967766286819082
442,M,blink_dist,2,3600,7200,1.98390190162401,6.388786009887119,14.0,4.534285714285715,0.9625688419589136,1.4245497229734112,0.22771372441667606,5.194214876033058,16.0,0.07142857142857142,0.3452582308492334,0.3452582308492334
442,M,blink_dist,3,5400,9000,1.1778469132852358,3.2235316453979577,10.0,4.4182156133829,0.7577376410691414,1.2335896585240156,0.15308724013073136,5.00487696741299,16.0,0.1,-0.3072722524651389,-0.3072722524651389
442,M,blink_dist,4,7200,10800,1.1423065698840553,3.192381911234164,11.0,4.433009708737864,0.829596737866386,1.259784893441548,0.15738876303940488,4.8915688830943065,15.0,0.09090909090909091,-0.18050991474161096,-0.18050991474161096
442,M,blink_dist,5,9000,12600,1.7077574266938487,4.974091325738444,14.0,4.52595744680851,1.0698810026780567,1.3961261552993058,0.2016901434798062,5.019436685288641,20.0,0.07142857142857142,-0.14241207968015113,-0.14241207968015113
442,M,blink_dist,6,10800,14400,1.3965358308158258,4.016927827976667,14.0,4.5141388174807195,1.097054055307669,1.361720243313279,0.17627816538945443,4.954830413116862,18.0,0.07142857142857142,-0.11702097322619469,-0.11702097322619469
442,M,blink_dist,7,12600,16200,1.3176282818711824,3.0524912110558855,14.0,4.456637168141593,0.9921707769602501,1.2716803623088984,0.1516850527336647,4.874366965329178,18.0,0.07142857142857142,-0.21549424572888773,-0.21549424572888773
442,M,blink_dist,8,14400,18000,1.841916233087788,3.4792261063366663,12.0,4.360869565217391,0.7533918262473664,1.1260418206597504,0.1803786216645131,4.890665412649894,17.0,0.08333333333333333,-0.13428488625910334,-0.13428488625910334
442,M,blink_dist,9,16200,19800,2.178662983462479,5.910040690641153,10.0,4.436433681893231,0.8230673031428682,1.2689655646753604,0.2267678433960189,5.074651353568499,22.0,0.1,-0.5078272656217703,-0.5078272656217703
442,M,blink_dist,10,18000,21600,1.604698417424448,5.466743644363043,15.0,4.531353135313531,0.9765436206090471,1.4142853415706598,0.21316019987657026,5.022751260701302,19.0,0.06666666666666667,-0.23434231785783288,-0.23434231785783288
442,M,blink_dist,11,19800,23400,1.7672256057871498,7.5580502002042715,15.0,4.625,1.1448591326570787,1.5468893552737804,0.2527273877635872,5.330473739395672,23.0,0.06666666666666667,-0.8321567440231328,-0.8321567440231328
442,M,blink_dist,12,21600,25200,1.5994911581216233,2.764240632739474,9.0,4.393650793650794,0.7646709045992568,1.1917890478397148,0.1462261324598546,4.994883165614873,18.0,0.1111111111111111,-0.3840976714093295,-0.3840976714093295
442,M,blink_dist,13,23400,27000,1.4761621732225156,4.117296975599199,15.0,4.567827130852341,1.0771097375304426,1.4646668588927394,0.17708705296759183,5.1447657969192075,25.0,0.06666666666666667,-0.47062393880435116,-0.47062393880435116
442,M,blink_dist,14,25200,28800,1.4759545217779244,5.1265124131512305,14.0,4.6304985337243405,1.1733137463434669,1.5424995877197165,0.2030259085301184,5.188770571151984,29.0,0.07142857142857142,0.022799606749217566,0.022799606749217566
443,H,blink_dist,0,0,3600,6.330014690541045,50.569532413131796,98.0,6.9023214162705795,4.118312035956577,3.171348389767547,0.6669244745009968,9.246759380739963,91.0,0.01020408163265306,-1.8234054450749577,-1.8234054450749577
443,H,blink_dist,1,1800,5400,6.607660645147481,53.489479587692664,175.0,7.0867949908721135,5.051630383160133,3.220218789210064,0.6853920497398905,9.488872155287819,150.0,0.005714285714285714,-2.316248688732082,-2.316248688732082
443,H,blink_dist,2,3600,7200,5.220868459039395,37.01614186237196,109.0,5.959706418403035,3.189166306029468,2.694098800141365,0.5624013314894815,7.710977809471874,98.0,0.009174311926605505,-0.5166520032170309,-0.5166520032170309
443,H,blink_dist,3,5400,9000,2.6545202285252065,20.707520489090538,32.0,5.225174612815063,1.9120927544630326,2.192646919401471,0.4099472879785301,6.348071188967574,56.0,0.03125,-0.9797058869366174,-0.9797058869366174
443,H,blink_dist,4,7200,10800,4.158028499681574,45.970043755018,54.0,6.34731872911473,3.2038518177578705,2.9241020284738797,0.6281803060162189,8.220566056706213,159.0,0.018518518518518517,-1.5915229760046532,-1.5915229760046532
443,H,blink_dist,5,9000,12600,3.8296357266546663,46.0471983783378,76.0,6.428321881914522,3.3682532704848227,2.962286043322391,0.6243295210924531,8.27631869954661,182.0,0.013157894736842105,-1.0769234532537093,-1.0769234532537093
443,H,blink_dist,6,10800,14400,2.7888068204235097,31.604359854060586,42.0,5.591143986219475,2.3233248330584955,2.4759899704431834,0.5172200489137594,6.979672283196785,62.0,0.023809523809523808,-0.2502551681035531,-0.2502551681035531
443,H,blink_dist,7,12600,16200,4.1775796818492354,52.71147103469108,183.0,7.236365545115742,5.457758852910299,3.2690275968303437,0.6775198155519104,9.523877348095994,83.0,0.00546448087431694,-0.9864077746042179,-0.9864077746042179
443,H,blink_dist,8,14400,18000,4.388313951733179,61.542605467185965,198.0,8.221141690168238,6.642978039256795,3.596067925351242,0.7396407381793033,10.873077025978542,106.0,0.005050505050505051,-0.3725623794666594,-0.3725623794666594
443,H,blink_dist,9,16200,19800,3.618534073445677,42.1072844291024,86.0,6.329307942405945,3.5064103753717104,2.8992711312428514,0.6054834067573652,8.03544229642648,89.0,0.011627906976744186,0.39361493650220875,0.39361493650220875
443,H,blink_dist,10,18000,21600,3.2889752576914493,26.033238468038814,43.0,5.464220183486239,2.2716607441773697,2.3789345232400674,0.4687648732916962,6.680613233665559,68.0,0.023255813953488372,-0.7211945102461846,-0.7211945102461846
443,H,blink_dist,11,19800,23400,2.4368695682175727,17.735317252228633,18.0,5.0839909808342725,1.6182824341711222,2.0748700007576173,0.3766288673308862,6.14660890029953,47.0,0.05555555555555555,0.2569803148089527,0.2569803148089527
443,H,blink_dist,12,21600,25200,3.3744637601108285,23.935188253225913,80.0,5.264445601249349,2.0527734992772237,2.224611613492002,0.44332758996109023,6.722401665231122,65.0,0.0125,-0.9772092531777593,-0.9772092531777593
443,H,blink_dist,13,23400,27000,2.823660316738735,12.870032527223872,20.0,4.820127118644068,1.4137856323888636,1.790657790734678,0.3252354688162919,5.918927266175941,33.0,0.05,0.47974187173121646,0.47974187173121646
443,H,blink_dist,14,25200,28800,3.6468225894742123,24.916231948806224,35.0,5.369136385087305,2.0673261553404276,2.312280903696512,0.4557704689696858,6.728080951765162,64.0,0.02857142857142857,-1.5797539228568878,-1.5797539228568878
443,L,blink_dist,0,0,3600,4.363715242143148,37.751747867784324,189.0,6.590453064093552,6.4366345856576235,2.8917011880511616,0.556652878948717,8.359738332142268,198.0,0.005291005291005291,-1.518597845153601,-1.518597845153601
443,L,blink_dist,1,1800,5400,4.992787306938066,32.93182712518356,103.0,5.899925488622686,3.744775462244916,2.6142427170629516,0.5221932156648207,7.461134093662149,157.0,0.009708737864077669,-0.7565254648011378,-0.7565254648011378
443,L,blink_dist,2,3600,7200,5.588635140598397,28.914529719100482,70.0,5.47844687533846,2.251753854590158,2.3948535049301585,0.5016563010895289,7.003890662410216,61.0,0.014285714285714285,-0.7477947961488126,-0.7477947961488126
443,L,blink_dist,3,5400,9000,3.335057905202643,19.03721903721904,58.0,5.313903743315508,2.105218687774496,2.2613140334047217,0.4013822434875066,6.491982337903788,51.0,0.017241379310344827,-0.0349948474857411,-0.0349948474857411
443,L,blink_dist,4,7200,10800,2.5685525304644634,11.157060769632595,31.0,5.112852664576803,1.7828311323932622,2.082202640203032,0.27741536280192036,5.97182061579652,35.0,0.03225806451612903,-0.2886362732302135,-0.2886362732302135
443,L,blink_dist,5,9000,12600,1.7935653928741373,2.806226956165506,12.0,4.438028169014085,0.8966080364560053,1.2550461140287918,0.13223376021943964,5.034927093930146,18.0,0.08333333333333333,-0.45564860908016397,-0.45564860908016397
443,L,blink_dist,6,10800,14400,1.1566504927488914,1.032977959454234,7.0,4.202247191011236,0.48989279453014994,0.7841856621043041,0.0802215102469204,4.667738047408598,11.0,0.14285714285714285,0.5036100653742563,0.5036100653742563
443,L,blink_dist,7,12600,16200,1.8206878661753527,2.3766493542953397,8.0,4.3,0.6124372335834569,1.0106200329726562,0.13612875491297025,4.772105182223589,16.0,0.125,-0.45237299510558887,-0.45237299510558887
443,L,blink_dist,8,14400,18000,7.320560000805049,20.08322005310897,74.0,5.136845630092644,2.013162049459292,2.101352145252952,0.41534857943325704,6.428214436471085,86.0,0.013513513513513514,-0.0024655458264512807,-0.0024655458264512807
443,L,blink_dist,9,16200,19800,9.986405219654497,33.70900098848685,87.0,5.606491088055334,2.5756095840210795,2.477460869501561,0.5358502426431306,7.394929695605147,107.0,0.011494252873563218,-2.2825108581450637,-2.2825108581450637
443,L,blink_dist,10,18000,21600,6.403970551191592,46.99890252419435,86.0,6.3235116450768505,3.5198103111568995,2.899870499265354,0.6325513818218098,8.657295987164389,166.0,0.011627906976744186,-2.095781455525561,-2.095781455525561
443,L,blink_dist,11,19800,23400,6.78791807224066,51.35743145777102,88.0,6.929136108200781,4.221875399459233,3.1775814977305084,0.6660262097106295,9.353508815413342,110.0,0.011363636363636364,-1.8537799341406913,-1.8537799341406913
443,L,blink_dist,12,21600,25200,11.349205677318281,38.22489570959697,65.0,5.733823125804885,2.415161896718364,2.5803861499755474,0.5825730877277921,7.574916048275672,74.0,0.015384615384615385,-1.7268252213378523,-1.7268252213378523
443,L,blink_dist,13,23400,27000,5.200310966024869,13.935773194292999,19.0,4.909110582125082,1.391602045437377,1.9013459409354736,0.3369204306359713,5.899029282852457,40.0,0.05263157894736842,0.34684027383173927,0.34684027383173927
443,L,blink_dist,14,25200,28800,1.7321964044034246,1.4136328427575522,9.0,4.31830985915493,0.6302938861043682,1.0408930672353185,0.09722068533067758,4.745892415034886,14.0,0.1111111111111111,-0.2210073117463275,-0.2210073117463275
443,M,blink_dist,0,0,3600,7.424034312963632,42.29454302133693,127.0,6.1464886498655495,3.474613348803194,2.8033583911336217,0.6045395573399085,8.279902755267424,161.0,0.007874015748031496,-2.498918698105674,-2.498918698105674
443,M,blink_dist,1,1800,5400,7.255932481973059,18.25464439733455,21.0,4.896834770284634,1.383667968263035,1.8889074387807796,0.40360852997312097,6.118129942937231,61.0,0.047619047619047616,-0.010826275016817778,-0.010826275016817778
443,M,blink_dist,2,3600,7200,3.8148445545245573,1.5119667710653693,9.0,4.278436018957346,0.6191719125419239,0.9539145032553815,0.09704473512318489,4.727105853559046,14.0,0.1111111111111111,-1.0149854504080946,-1.0149854504080946
443,M,blink_dist,3,5400,9000,2.705874028091407,0.4574943477311232,8.0,4.144385026737968,0.43325409840703905,0.5849446517112894,0.04250565226887681,4.59948898115618,14.0,0.125,-0.8007336973043583,-0.8007336973043583
443,M,blink_dist,4,7200,10800,4.906500145116413,14.662842520941105,19.0,4.939138063384143,1.4723842975979877,1.9312082866789315,0.33674077305474803,5.995652677950383,53.0,0.05263157894736842,-0.7223780116757458,-0.7223780116757458
443,M,blink_dist,5,9000,12600,5.522490168902087,26.826037282890073,77.0,5.668785526557056,2.684271668824212,2.5146076022875974,0.47298075115334,7.075525171451442,128.0,0.012987012987012988,-0.5549004585422217,-0.5549004585422217
443,M,blink_dist,6,10800,14400,8.166595878821646,26.541605299754142,41.0,5.2924726989079565,1.9916728678270572,2.2508220037469213,0.4821874590479767,6.702850772849006,113.0,0.024390243902439025,-2.813315675979814,-2.813315675979814
443,M,blink_dist,7,12600,16200,3.009668091528284,7.222163252308672,15.0,4.5695097380792475,1.0016962585022071,1.4772771789746115,0.2379630612461522,5.215120674614713,29.0,0.06666666666666667,-0.16813778452566355,-0.16813778452566355
443,M,blink_dist,8,14400,18000,1.6388490934656723,0.8771929824561403,7.0,4.245283018867925,0.5286387066461082,0.8886515169256227,0.06588206627680313,4.554919137466308,16.0,0.14285714285714285,-0.13665865397690793,-0.13665865397690793
443,M,blink_dist,9,16200,19800,2.580915778011661,2.4960081199173154,11.0,4.378935939196525,0.7981733742175876,1.1564595227668097,0.13025288096151705,4.852103746397694,21.0,0.09090909090909091,-0.012792720980450865,-0.012792720980450865
443,M,blink_dist,10,18000,21600,2.035655030891347,2.874248677829915,8.0,4.345195729537367,0.7129941567099315,1.0972760554574725,0.1479143453492569,4.804511278195489,16.0,0.125,-0.9604862473935647,-0.9604862473935647
443,M,blink_dist,11,19800,23400,1.177878859661327,0.546507370390963,7.0,4.197916666666667,0.532677819814399,0.75898924207824,0.05440663945430629,4.477678571428571,12.0,0.14285714285714285,0.21725729923262738,0.21725729923262738
443,M,blink_dist,12,21600,25200,3.784351738545747,13.851147438576053,18.0,4.964599092284417,1.6092450465694945,1.9440256820332578,0.33561470375951274,5.880306167726667,48.0,0.05555555555555555,-1.264139790572328,-1.264139790572328
443,M,blink_dist,13,23400,27000,4.877412969685604,38.55117078762076,134.0,6.883171558882002,6.557280587912341,2.998287561322015,0.565059767479941,8.378420375361157,176.0,0.007462686567164179,-1.6769585131021707,-1.6769585131021707
443,M,blink_dist,14,25200,28800,3.5557434712389173,21.786826110589516,84.0,5.768196955280685,3.8903136662388036,2.4910938499878936,0.4153710350528061,6.795612391136589,97.0,0.011904761904761904,-0.8388859190623247,-0.8388859190623247
444,H,blink_dist,0,0,3600,4.6022109128501265,62.01665272576452,244.0,8.265090892270688,7.482417721678259,3.563996076544838,0.7498707140402817,10.709767764641732,142.0,0.004098360655737705,0.8990352432117595,0.8990352432117595
444,H,blink_dist,1,1800,5400,7.894237049458261,54.16860575697364,111.0,6.740294073216174,3.8779861668061657,3.1015777352953977,0.6993765908971344,8.976729992598267,142.0,0.009009009009009009,-1.7939749309199122,-1.7939749309199122
444,H,blink_dist,2,3600,7200,6.103211393483354,36.455713429523335,98.0,5.553987240829346,2.483156186021751,2.446779438336813,0.5728779269859798,7.166080109999836,81.0,0.01020408163265306,0.1540110148620894,0.1540110148620894
444,H,blink_dist,3,5400,9000,6.044669659296691,35.895789401362485,140.0,5.680787888926062,3.064629845047763,2.517294313393823,0.567681660351033,7.386253846550568,94.0,0.007142857142857143,-1.4798113065912883,-1.4798113065912883
444,H,blink_dist,4,7200,10800,9.336456198084145,63.189725375871674,254.0,7.879445333333333,7.034558117300186,3.4628045578961797,0.7572265905684781,10.760207616662818,148.0,0.003937007874015748,-3.382215888361315,-3.382215888361315
444,H,blink_dist,5,9000,12600,6.924377017713147,74.32133794694349,435.0,10.571002034254215,14.048003734962696,4.0266174646500055,0.8286666666666667,14.361324884562336,230.0,0.0022988505747126436,0.15763404219488975,0.15763404219488975
444,H,blink_dist,6,10800,14400,6.17325382306276,63.43783313840963,253.0,8.051361203244557,7.481611165689219,3.5071306683827164,0.7580030842794896,10.956316852419777,167.0,0.003952569169960474,-1.4077254535697208,-1.4077254535697208
444,H,blink_dist,7,12600,16200,4.030818030087416,30.991206622574293,55.0,5.519124911785462,2.37124798751038,2.4203928495183633,0.5211948531597114,6.9705063995548135,55.0,0.01818181818181818,-1.045198790097779,-1.045198790097779
444,H,blink_dist,8,14400,18000,6.379020431464561,50.559898637312884,166.0,6.641722311766061,4.2659046114353325,3.0416287943101885,0.6717168555531629,8.947218330998599,94.0,0.006024096385542169,1.6049173333927453,1.6049173333927453
444,H,blink_dist,9,16200,19800,7.16084409353835,56.13623790998965,121.0,7.090440368523371,5.263837946332074,3.204024126517357,0.7096010742710304,9.730431590860428,145.0,0.008264462809917356,3.4800992351669358,3.4800992351669358
444,H,blink_dist,10,18000,21600,7.294970953556199,45.30141164569379,118.0,6.402946273830156,4.106309040845547,2.912494604852433,0.636666002483025,8.450043591979076,151.0,0.00847457627118644,-0.597159169508203,-0.597159169508203
444,H,blink_dist,11,19800,23400,8.971213280236327,73.78953140968802,424.0,11.133190060443251,16.576184818016827,4.017702976386086,0.8257973940695318,15.2316091954023,312.0,0.0023584905660377358,-1.774642589274756,-1.774642589274756
444,H,blink_dist,12,21600,25200,3.8668372816125762,63.664115200158626,220.0,8.884533348705828,9.06302662594691,3.715823939036174,0.7556478563137436,11.484054240693075,129.0,0.004545454545454545,-1.9448724459736078,-1.9448724459736078
444,H,blink_dist,13,23400,27000,4.997547316975617,68.45505016444477,361.0,9.401518809534261,10.449697878152742,3.8401911347944413,0.7900572440398759,12.584884046534125,295.0,0.002770083102493075,-1.9464464783662947,-1.9464464783662947
444,H,blink_dist,14,25200,28800,6.843584632579138,68.31963252902376,348.0,8.697628810839722,8.484603863892204,3.7045690065700274,0.7905819224072337,11.815624236927478,172.0,0.0028735632183908046,-3.573659483439286,-3.573659483439286
444,L,blink_dist,0,0,3600,5.558397895628314,45.96287749688921,84.0,6.352742582515789,3.30417843817769,2.9268814359332636,0.6348356097855355,8.49367526625399,91.0,0.011904761904761904,-0.9912429345441476,-0.9912429345441476
444,L,blink_dist,1,1800,5400,3.661629734792367,35.89793924165489,105.0,6.118744888095769,3.4144349467999557,2.7800219352880147,0.5521907553787363,7.842993896960873,109.0,0.009523809523809525,-1.2244412441731936,-1.2244412441731936
444,L,blink_dist,2,3600,7200,5.820150528129503,62.67475368444164,218.0,8.576235541535226,9.04668479072159,3.5717988884658682,0.7464733649861405,11.438830010934478,279.0,0.0045871559633027525,-2.2044779143566826,-2.2044779143566826
444,L,blink_dist,3,5400,9000,5.861584977919463,69.14193217863333,471.0,9.50391429748661,10.694271880791154,3.857915700250142,0.7921376483796776,12.916507442790492,217.0,0.0021231422505307855,2.1840353967224657,2.1840353967224657
444,L,blink_dist,4,7200,10800,7.163303964497353,52.11903901814663,179.0,6.878921655188652,4.634399485745212,3.140631793790702,0.6796801484196959,9.40663817180243,108.0,0.00558659217877095,-4.474329003593785,-4.474329003593785
444,L,blink_dist,5,9000,12600,4.270399877581487,31.322097042057543,68.0,5.563683476180985,2.441089981311716,2.449109519345521,0.5237256310127624,7.060867372667675,83.0,0.014705882352941176,0.01673199385913799,0.01673199385913799
444,L,blink_dist,6,10800,14400,4.0157712869485795,21.033225009645715,90.0,5.102672971147351,2.0228539833209536,2.075029970677844,0.4330885774859093,6.320214772892178,62.0,0.011111111111111112,1.5127568373212554,1.5127568373212554
444,L,blink_dist,7,12600,16200,3.9139102667825894,25.037342366240868,90.0,5.360332022717344,2.338986923562995,2.294277981559517,0.4688507529690242,6.701227870621518,51.0,0.011111111111111112,-0.1323747601647185,-0.1323747601647185
444,L,blink_dist,8,14400,18000,4.229077240107845,34.78042460936467,95.0,5.7563918234669,2.8938812884122656,2.5713968720299145,0.5555179954751643,7.40880012089462,79.0,0.010526315789473684,-0.16318976231855545,-0.16318976231855545
444,L,blink_dist,9,16200,19800,4.029492255479642,25.790633696177846,77.0,5.339433729995896,2.377608963189993,2.2667792801623166,0.48123013010076665,6.5757386994556235,60.0,0.012987012987012988,-1.5040987011687632,-1.5040987011687632
444,L,blink_dist,10,18000,21600,4.024412781681181,21.14642704050042,28.0,4.978321809007662,1.531424117013748,1.9707703939536088,0.43892787400574723,6.094122833604276,44.0,0.03571428571428571,0.16248738457708062,0.16248738457708062
444,L,blink_dist,11,19800,23400,4.63886937941449,34.80868822654399,47.0,5.610812010878615,2.263403569026528,2.4975893737759445,0.5561470442399867,7.22253773057574,74.0,0.02127659574468085,-0.634546132136455,-0.634546132136455
444,L,blink_dist,12,21600,25200,5.570505572166784,48.70978749272383,124.0,6.596675857248262,3.993728703195606,3.027748929794801,0.6570936597646965,8.76345175723737,135.0,0.008064516129032258,-1.2704578849086903,-1.2704578849086903
444,L,blink_dist,13,23400,27000,5.1852801960740775,71.87238158608113,292.0,10.178205295990926,12.626284881236714,3.9739297955299926,0.8113093917886539,13.640485808991091,209.0,0.003424657534246575,-3.620028805289258,-3.620028805289258
444,L,blink_dist,14,25200,28800,3.920762764454098,69.23722495406565,344.0,9.543943393047678,11.739893068132726,3.854534372053048,0.7900443658615084,12.675981305356734,251.0,0.0029069767441860465,-1.4851027712604192,-1.4851027712604192
444,M,blink_dist,0,0,3600,5.422641770429827,40.780714260465885,133.0,5.919698978064737,3.0119784427378744,2.6807972956129564,0.5988927313216529,7.798492577960186,87.0,0.007518796992481203,-1.9415282864286298,-1.9415282864286298
444,M,blink_dist,1,1800,5400,5.019989646179509,35.5149613715333,126.0,5.621789060139015,2.7716110923752475,2.4831030025704885,0.5568926675915438,7.354779064148089,86.0,0.007936507936507936,-1.0125025954331455,-1.0125025954331455
444,M,blink_dist,2,3600,7200,4.640961867048447,54.75293153947554,140.0,7.1953955402777146,5.123442901131456,3.262437819637661,0.6923871180910489,9.457302023834709,101.0,0.007142857142857143,-1.3112472557737858,-1.3112472557737858
444,M,blink_dist,3,5400,9000,7.2428664141518615,70.7530671159737,262.0,9.177880764389519,8.089717375612246,3.843001405907809,0.8017770857822111,12.510349099292855,248.0,0.003816793893129771,-0.2233518151170868,-0.2233518151170868
444,M,blink_dist,4,7200,10800,9.306937746576107,54.84690900353551,156.0,6.679158132341262,3.6727518032128925,3.0817602145624337,0.7007071019119212,9.217677936445222,140.0,0.00641025641025641,1.896045676400801,1.896045676400801
444,M,blink_dist,5,9000,12600,6.697781372100048,40.222363193215585,114.0,5.881708805579773,2.7164310414745474,2.667964346758033,0.6002303762812594,7.681168266369616,103.0,0.008771929824561403,-2.0441575700115684,-2.0441575700115684
444,M,blink_dist,6,10800,14400,5.330891778296622,53.519206567987055,230.0,7.13062397700507,5.960489088217072,3.1981974551122443,0.6921540720321208,9.26369505935194,123.0,0.004347826086956522,-0.7099065651485879,-0.7099065651485879
444,M,blink_dist,7,12600,16200,6.198475486986564,49.89576219865741,111.0,6.515782743303271,3.8687217012530764,2.989769186607516,0.6714705389699913,8.635068184454276,123.0,0.009009009009009009,-0.11480725209776635,-0.11480725209776635
444,M,blink_dist,8,14400,18000,4.120203990389891,35.62503634495726,49.0,5.729704451926674,2.494079144062378,2.5707217136718037,0.5565275543235961,7.287719565438116,103.0,0.02040816326530612,-1.6038823339317836,-1.6038823339317836
444,M,blink_dist,9,16200,19800,2.77214678529208,27.04984154422357,46.0,5.360854173803814,2.109693144231324,2.3007857485000245,0.47916450590607895,6.671935173299102,55.0,0.021739130434782608,0.7617505592978334,0.7617505592978334
444,M,blink_dist,10,18000,21600,4.804223822061241,31.656293222683264,48.0,5.604332214962623,2.469262702415212,2.4745267082180638,0.5194269337163528,7.192109382193168,68.0,0.020833333333333332,-1.5573742383520959,-1.5573742383520959
444,M,blink_dist,11,19800,23400,7.112509226512745,35.048666226492216,120.0,5.688500091124476,2.6417731961285433,2.53618442629545,0.5565219930021246,7.462155773371276,68.0,0.008333333333333333,-2.5300633107195023,-2.5300633107195023
444,M,blink_dist,12,21600,25200,8.913853561965029,63.52071764050239,365.0,8.700341162899148,9.852684219558215,3.64010168030538,0.755463210351742,12.106219848380427,250.0,0.0027397260273972603,1.7010833240909669,1.7010833240909669
444,M,blink_dist,13,23400,27000,6.77513952180428,77.31123145439071,345.0,12.384658962157262,17.08762871885505,4.28855448844095,0.846456618657714,16.870544839414514,243.0,0.002898550724637681,-2.941084470929866,-2.941084470929866
444,M,blink_dist,14,25200,28800,5.622306620998257,77.33874267012136,296.0,11.759471251457946,16.091122353052835,4.222933458265774,0.848248784035638,15.5036867795202,220.0,0.0033783783783783786,-3.0651326621767003,-3.0651326621767003
445,H,blink_dist,0,0,3600,1.9229322428544342,8.1928811729036,13.0,4.566203703703704,0.9724284393290241,1.4731346875537228,0.25629854217718157,5.276979647682572,21.0,0.07692307692307693,-0.31649014106580053,-0.31649014106580053
445,H,blink_dist,1,1800,5400,2.107182966958981,4.987871437234688,10.0,4.4279946164199195,0.7986341907472522,1.2534926246637257,0.2004851425106125,5.040594625500286,20.0,0.1,-0.30731987599825483,-0.30731987599825483
445,H,blink_dist,2,3600,7200,2.171139611893061,4.564315352697095,12.0,4.440944881889764,0.8360086654634828,1.2715375574441987,0.19206689032106178,5.015658021133525,20.0,0.08333333333333333,-0.3975653818182291,-0.3975653818182291
445,H,blink_dist,3,5400,9000,2.114722311716445,5.213305939935948,17.0,4.549769281476599,1.1753041147694785,1.4189929079925752,0.20909873708381171,5.206997084548105,21.0,0.058823529411764705,-0.44093663945902056,-0.44093663945902056
445,H,blink_dist,4,7200,10800,2.978312723395018,8.427680376708839,62.0,4.76037564374432,1.6888766958694428,1.7002398409722264,0.2652300530417201,5.669054851836992,41.0,0.016129032258064516,-0.5448981171541868,-0.5448981171541868
445,H,blink_dist,5,9000,12600,2.096097574455422,7.760657186837975,42.0,4.723562152133581,1.557083735722598,1.652019809937248,0.24975614588572387,5.543724627875507,36.0,0.023809523809523808,-0.9097046988374395,-0.9097046988374395
445,H,blink_dist,6,10800,14400,2.594524934226405,13.715446653943237,32.0,4.989473684210527,1.7477232198249246,1.9608408476894312,0.3313027150156991,6.002956104634949,76.0,0.03125,-1.089245941146302,-1.089245941146302
445,H,blink_dist,7,12600,16200,2.0376197330209402,15.341198604632933,42.0,5.072576464489373,1.7820368724321773,2.050502782579648,0.3381335005683377,6.226039260969977,53.0,0.023809523809523808,-0.5677856993230104,-0.5677856993230104
445,H,blink_dist,8,14400,18000,2.069821680120617,11.843557311642911,18.0,4.850505689001264,1.4394971632797113,1.8256154232223127,0.3093740594685949,5.713939566704675,33.0,0.05555555555555555,-0.9567403672571575,-0.9567403672571575
445,H,blink_dist,9,16200,19800,2.0504781493975472,10.373919139985977,15.0,4.675912921348314,1.1360826807876905,1.6208266016492805,0.293565474799408,5.558259587020649,31.0,0.06666666666666667,-0.940010634136927,-0.940010634136927
445,H,blink_dist,10,18000,21600,1.7837418822261704,9.407097635017148,17.0,4.749095840867993,1.2806368837675002,1.7094280763389254,0.2602510947336372,5.453649840495403,33.0,0.058823529411764705,0.14530937096709945,0.14530937096709945
445,H,blink_dist,11,19800,23400,1.8213427668852171,9.522473141854856,17.0,4.815077605321508,1.3977948044992865,1.784011694056644,0.2579258934444201,5.5100702576112415,33.0,0.058823529411764705,-0.34259593832789503,-0.34259593832789503
445,H,blink_dist,12,21600,25200,2.914643595845757,17.122720870713703,36.0,4.989460236346215,1.6003285541573957,1.9763373332784104,0.38197850617358375,6.0359385148300495,49.0,0.027777777777777776,-0.28044696483608167,-0.28044696483608167
445,H,blink_dist,13,23400,27000,2.3609010858732966,14.15726232037022,24.0,4.849362688296639,1.4528579536426869,1.823470529662337,0.34679710968580013,5.802354539280055,45.0,0.041666666666666664,-0.47526192673347073,-0.47526192673347073
445,H,blink_dist,14,25200,28800,1.8339136658770054,12.007455666655053,24.0,4.852516719464977,1.4840705869413087,1.8213191546854266,0.31714019440476604,5.64125803702843,37.0,0.041666666666666664,-0.20687870628679492,-0.20687870628679492
445,L,blink_dist,0,0,3600,4.163251732172444,21.00023020257827,107.0,5.188643473315006,2.198177432737377,2.1452150414127926,0.4288136893799877,6.434056761268781,52.0,0.009345794392523364,-1.532628290503799,-1.532628290503799
445,L,blink_dist,1,1800,5400,2.9381241822726043,6.484688024964527,14.0,4.484210526315789,0.9589971347980328,1.3400992867985952,0.2347981146128378,5.263420876241545,26.0,0.07142857142857142,-1.2553318626145054,-1.2553318626145054
445,L,blink_dist,2,3600,7200,2.0424116894345827,11.214953271028037,27.0,4.8709239130434785,1.5050809651318438,1.844751233270888,0.2977867281898878,5.725789473684211,43.0,0.037037037037037035,-0.8254983586943158,-0.8254983586943158
445,L,blink_dist,3,5400,9000,2.383806637530507,17.16787949449872,23.0,4.969162141194724,1.5076798988367441,1.959925365530095,0.37102815636768116,6.032410938010677,32.0,0.043478260869565216,-0.9002748452838092,-0.9002748452838092
445,L,blink_dist,4,7200,10800,1.5213343490151172,13.123274151381203,17.0,4.952060221870047,1.4628521203487443,1.9440967874324564,0.32277962684921724,5.877545167765988,24.0,0.058823529411764705,-0.20764535013729665,-0.20764535013729665
445,L,blink_dist,5,9000,12600,1.3581362867545053,3.969374073812716,16.0,4.554655870445344,1.080458515433202,1.4380119520770354,0.16910121609860512,5.086856536352379,18.0,0.0625,-0.23699102553970236,-0.23699102553970236
445,L,blink_dist,6,10800,14400,1.0683347360454636,2.3025282956805166,11.0,4.362606232294618,0.7250796620614157,1.120710422289605,0.12468788780407578,4.805243445692884,18.0,0.09090909090909091,-0.12863727705076713,-0.12863727705076713
445,L,blink_dist,7,12600,16200,1.6665785479126158,9.892079435669375,19.0,4.793776126335346,1.3699103072563164,1.7586788632178398,0.2776702192915197,5.517234812416683,25.0,0.05263157894736842,-0.3019435096707236,-0.3019435096707236
445,L,blink_dist,8,14400,18000,2.295762425023852,15.38830830886548,19.0,4.97570303712036,1.5779253318069975,1.9615824294857822,0.3553741146347912,5.891176470588236,37.0,0.05263157894736842,-0.5813319416700108,-0.5813319416700108
445,L,blink_dist,9,16200,19800,2.0810188849404945,9.918484518198984,28.0,4.90584662110858,1.6490316021127094,1.863628549275876,0.27491518398550835,5.761521756615459,49.0,0.03571428571428571,0.015061103386536833,0.015061103386536833
445,L,blink_dist,10,18000,21600,2.0608607216271055,4.946519919392342,11.0,4.516631280962491,0.9110702217567845,1.399212869120797,0.19493101844675245,5.134224762682454,20.0,0.09090909090909091,-0.7221376621347426,-0.7221376621347426
445,L,blink_dist,11,19800,23400,3.0630185396001686,11.729766374634961,17.0,4.726413111998319,1.1873988048650386,1.6900627940894757,0.31971735502711723,5.6053942857142856,41.0,0.058823529411764705,-0.7303229691120324,-0.7303229691120324
445,L,blink_dist,12,21600,25200,3.9496263152522704,15.000444865044123,24.0,4.969319399785638,1.629295959782747,1.9497325296797774,0.3498681581778328,6.013102106067978,52.0,0.041666666666666664,-2.1089482147917593,-2.1089482147917593
445,L,blink_dist,13,23400,27000,7.200617331771581,32.095813165215155,77.0,5.714071324197307,2.705186043625897,2.546604995903038,0.5206901600287492,7.335812732443666,122.0,0.012987012987012988,-3.5691888715276447,-3.5691888715276447
445,L,blink_dist,14,25200,28800,3.6972339709457294,27.840494243190115,63.0,5.784130688448075,2.8118422286716043,2.586405336562098,0.4762750307821917,7.113469914502339,124.0,0.015873015873015872,-1.4245737299795864,-1.4245737299795864
445,M,blink_dist,0,0,3600,3.415914183088834,37.63473039891888,145.0,5.968777810738653,3.257056044999013,2.7010168950957327,0.5612453414261198,7.840606218970473,123.0,0.006896551724137931,-1.5203856071052522,-1.5203856071052522
445,M,blink_dist,1,1800,5400,2.542771804959068,30.552170362459954,122.0,5.77624703087886,3.1366814810115,2.5595660831996803,0.49640052767133613,7.2120105868394635,102.0,0.00819672131147541,0.0252465625307258,0.0252465625307258
445,M,blink_dist,2,3600,7200,2.4739113912950277,14.542320133781855,27.0,4.985170429393537,1.7070801719070023,1.9523102151372864,0.3453760677690326,5.871734357848518,41.0,0.037037037037037035,-1.2245040415459032,-1.2245040415459032
445,M,blink_dist,3,5400,9000,3.0644720997123067,14.53002590552043,19.0,4.842105263157895,1.2966649062652995,1.8282314531310406,0.33825468723123675,5.832689196476721,46.0,0.05263157894736842,-1.7478249514242155,-1.7478249514242155
445,M,blink_dist,4,7200,10800,2.4243465887899207,4.047411975542905,10.0,4.397279885468862,0.7948067225718063,1.1946317476745858,0.18159326902804132,4.995287720888084,17.0,0.1,-1.2050140731536687,-1.2050140731536687
445,M,blink_dist,5,9000,12600,2.179573455181071,8.23293172690763,16.0,4.702385935537882,1.2376466008047806,1.648960259201669,0.26356887403629115,5.6397208718833305,33.0,0.0625,-0.27727984658302396,-0.27727984658302396
445,M,blink_dist,6,10800,14400,2.59839044573341,7.660814399527884,15.0,4.669164481079056,1.2104936826399115,1.606255882239389,0.24949591816661748,5.330093899796441,33.0,0.06666666666666667,-1.010333201676665,-1.010333201676665
445,M,blink_dist,7,12600,16200,1.6343925740009848,2.5967298990432073,11.0,4.428333333333334,0.8821548742835414,1.2412916024632836,0.13499672598977727,4.775453759723423,15.0,0.09090909090909091,-0.319151325765466,-0.319151325765466
445,M,blink_dist,8,14400,18000,1.853656526301212,6.415448779815249,16.0,4.691241335853812,1.2547849826145794,1.6224164101906564,0.21358403419274782,5.277547109549665,29.0,0.0625,-0.871573039417488,-0.871573039417488
445,M,blink_dist,9,16200,19800,1.9724650989834502,7.534457347391607,18.0,4.8033040784718635,1.4094706684618628,1.76305701642747,0.23129747501741088,5.426427282226655,38.0,0.05555555555555555,-0.4901564111272881,-0.4901564111272881
445,M,blink_dist,10,18000,21600,2.4415816586909878,6.2673775800595335,16.0,4.603555982700625,1.1694357009220486,1.5087542821215683,0.2181838997742959,5.208574105887865,28.0,0.0625,-0.9661816322088856,-0.9661816322088856
445,M,blink_dist,11,19800,23400,3.038595535078638,14.803580909525786,19.0,5.029648151455617,1.5550319548416454,2.0233823087792375,0.34632105177389594,6.108576726935559,40.0,0.05263157894736842,-1.757974254858064,-1.757974254858064
445,M,blink_dist,12,21600,25200,2.9188285711136714,13.141030903011497,16.0,4.899612324015507,1.3429183750213667,1.8943409123267518,0.32715218378727434,5.859782395608704,34.0,0.0625,-1.4991746265748642,-1.4991746265748642
445,M,blink_dist,13,23400,27000,2.5266069386570478,15.615951649407629,17.0,4.9039110581695455,1.3203777676506214,1.8970698908739037,0.35511891666350565,5.912219766340385,37.0,0.058823529411764705,-0.5697814136490084,-0.5697814136490084
445,M,blink_dist,14,25200,28800,1.6180040830663283,10.219655461770078,17.0,4.7529843893480255,1.321418110413763,1.7123243209304189,0.2787600572585024,5.53124387855044,34.0,0.058823529411764705,-0.4789716156064285,-0.4789716156064285
446,H,blink_dist,0,0,3600,0.9497178416197707,4.181172948517416,16.0,4.942345924453281,1.66672977258145,1.8964913765621376,0.16508569218090385,5.203021468327591,20.0,0.0625,0.16123276765986427,0.16123276765986427
446,H,blink_dist,1,1800,5400,0.9838205980968585,3.1854786335887777,8.0,4.3503325942350335,0.6834233803986625,1.1103584849469679,0.16287017794518768,4.724040499175889,13.0,0.125,-0.13122913897104513,-0.13122913897104513
446,H,blink_dist,2,3600,7200,2.162993285989869,23.87567016704329,59.0,5.704128440366972,2.8409007200064744,2.5035292924769994,0.4349587191870855,6.566276477146042,104.0,0.01694915254237288,-0.868136570768391,-0.868136570768391
446,H,blink_dist,3,5400,9000,1.713220257005401,12.3778623107332,19.0,4.926159554730983,1.6194900307504296,1.896588770105484,0.3100619079585291,5.632791327913279,57.0,0.05263157894736842,-0.36274159582346266,-0.36274159582346266
446,H,blink_dist,4,7200,10800,1.7987407058008709,8.745226889263831,10.0,4.525735294117647,0.9216949159922917,1.4109650992273015,0.28652428736346686,5.196151058861422,23.0,0.1,-0.5514740676989165,-0.5514740676989165
446,H,blink_dist,5,9000,12600,1.5069584797741902,6.09160192065124,18.0,4.482839313572543,0.9578163806855907,1.3351614266266894,0.22879280921743,4.965493443754314,33.0,0.05555555555555555,-0.6107645136770259,-0.6107645136770259
446,H,blink_dist,6,10800,14400,1.3977497931072818,5.665897195620872,18.0,4.470694319206492,0.946874487086818,1.3125423837321513,0.21337394007268073,4.965164206887382,33.0,0.05555555555555555,-0.13226628138172306,-0.13226628138172306
446,H,blink_dist,7,12600,16200,1.6216779163167874,10.81704013789707,16.0,4.707243891984569,1.2622392790294965,1.6525612335862696,0.31540999753755233,5.318827339921933,20.0,0.0625,-0.7700182162493971,-0.7700182162493971
446,H,blink_dist,8,14400,18000,1.7042113789477535,10.413151876429348,16.0,4.675925925925926,1.2200042368563209,1.6147480777476801,0.3084720503880328,5.248624511601945,20.0,0.0625,-0.4028578466075653,-0.4028578466075653
446,H,blink_dist,9,16200,19800,1.4549018599339891,10.244389794036275,15.0,4.598817151306062,1.149589499915524,1.5027226706741053,0.31299679416802073,5.230529309237685,25.0,0.06666666666666667,0.1897076026106247,0.1897076026106247
446,H,blink_dist,10,18000,21600,1.2748041647212656,10.72811337067248,15.0,4.635625338386573,1.112457357056526,1.566237465088392,0.30853663120700675,5.220820523693416,21.0,0.06666666666666667,-0.30454557848660946,-0.30454557848660946
446,H,blink_dist,11,19800,23400,1.4484007723994812,8.453080715065562,11.0,4.530141843971631,0.9945070074756039,1.4122176860891629,0.2763710753553823,5.182607796505015,20.0,0.09090909090909091,-0.08199828528164149,-0.08199828528164149
446,H,blink_dist,12,21600,25200,1.84635677936443,15.0202005346437,21.0,4.896221094190637,1.5603853417468028,1.869827322913588,0.3546253601058906,5.75198203886901,39.0,0.047619047619047616,-0.27825839223646326,-0.27825839223646326
446,H,blink_dist,13,23400,27000,2.0956982447542853,13.926723119488418,21.0,4.8313061872025385,1.478237454657451,1.7990927197025324,0.3492122773454471,5.702887727159572,39.0,0.047619047619047616,-0.18502525956312227,-0.18502525956312227
446,H,blink_dist,14,25200,28800,1.751843425699358,4.338311723836096,14.0,4.438432835820896,0.8507769534921656,1.2626222285845077,0.20110053431077557,4.978106308543054,18.0,0.07142857142857142,-0.5378498033132851,-0.5378498033132851
446,L,blink_dist,0,0,3600,1.3198964745736397,1.9592893794171748,7.0,4.305851063829787,0.6478834764790776,1.010900302453094,0.12005034369251621,4.719314938154139,15.0,0.14285714285714285,0.09608271973685294,0.09608271973685294
446,L,blink_dist,1,1800,5400,0.9132191069358617,0.753865528580424,6.0,4.353535353535354,0.6246313064137498,1.0844553790768359,0.07628734345483804,4.57420031463031,13.0,0.16666666666666666,-0.17571587904865496,-0.17571587904865496
446,L,blink_dist,2,3600,7200,0.7622085871539469,1.2678653757491931,9.0,4.35251798561151,0.7761119602585523,1.0958676049061602,0.08394107045559328,4.477920626048071,10.0,0.1111111111111111,-0.13428075543460388,-0.13428075543460388
446,L,blink_dist,3,5400,9000,0.8921983914680175,1.4233027785734746,8.0,4.251336898395722,0.572017565338357,0.8963270291450588,0.09286379260956745,4.4967490247074124,12.0,0.125,-0.19491237369913453,-0.19491237369913453
446,L,blink_dist,4,7200,10800,0.889994091517742,1.4501597329408809,6.0,4.252631578947368,0.5422840788375253,0.8882229724893083,0.10230087224954233,4.540023894862604,12.0,0.16666666666666666,-0.20851341507424487,-0.20851341507424487
446,L,blink_dist,5,9000,12600,0.8927574530496091,2.3581614213379614,10.0,4.3933333333333335,0.7949563230489808,1.1842995173442996,0.12303411998353939,4.703488372093023,15.0,0.1,0.17075174151905834,0.17075174151905834
446,L,blink_dist,6,10800,14400,1.0202873864046766,3.1232876712328768,9.0,4.35589519650655,0.746153283609131,1.1173275130274378,0.15191389432485322,4.818023833167826,15.0,0.1111111111111111,-0.12977636320248725,-0.12977636320248725
446,L,blink_dist,7,12600,16200,1.3225639969772338,3.4795106221089624,9.0,4.280832095096582,0.6540793627827931,0.9642099962624817,0.17021340837449728,4.790448674371176,15.0,0.1111111111111111,-0.14549046038562974,-0.14549046038562974
446,L,blink_dist,8,14400,18000,1.9954025970167515,5.550663614095195,10.0,4.439180537772087,0.817040876915463,1.2738930750679445,0.22334336626054657,5.111385911880554,19.0,0.1,-0.09094964596521574,-0.09094964596521574
446,L,blink_dist,9,16200,19800,2.0001146874901665,7.261793526438104,38.0,4.793357933579336,2.090089614517071,1.6296006427739864,0.24848463068113755,5.373834196891192,53.0,0.02631578947368421,1.0206552241725488,1.0206552241725488
446,L,blink_dist,10,18000,21600,1.462409258315362,3.3903488651506213,14.0,4.511627906976744,1.1861035098023376,1.3316573211653366,0.1606975118509295,4.914815433439118,33.0,0.07142857142857142,-0.47716830357744683,-0.47716830357744683
446,L,blink_dist,11,19800,23400,1.2114225545568231,1.478092324732005,7.0,4.246212121212121,0.5400484410133554,0.8881440891770029,0.09950422594638783,4.638291333743085,12.0,0.14285714285714285,-0.20075042908343926,-0.20075042908343926
446,L,blink_dist,12,21600,25200,1.3446389428560794,1.97550516149725,8.0,4.3194805194805195,0.6982424989091195,1.0409392964920623,0.1213694301564486,4.6430356737105205,15.0,0.125,0.07947873841960967,0.07947873841960967
446,L,blink_dist,13,23400,27000,1.618978447537102,3.158175145033348,10.0,4.29088471849866,0.6769649347663487,0.9843055738419229,0.16273333596432377,4.633146067415731,12.0,0.1,-0.19318567501019915,-0.19318567501019915
446,L,blink_dist,14,25200,28800,2.947005274825888,10.479845200734971,11.0,4.561217268223638,0.9769536012373139,1.4656689328730912,0.3228155471362678,5.242594956207913,26.0,0.09090909090909091,0.01072763537215065,0.01072763537215065
446,M,blink_dist,0,0,3600,1.2713060365393065,7.106420404573439,12.0,4.450039339103069,0.8729601368321732,1.288065626781586,0.25983791933660005,4.96351854074163,16.0,0.08333333333333333,0.1818766699033126,0.1818766699033126
446,M,blink_dist,1,1800,5400,1.6682237862812996,13.717098018939286,22.0,4.756308100929615,1.4035065820262884,1.704970206769965,0.3623742088683346,5.448995752645597,31.0,0.045454545454545456,-0.6975174756563145,-0.6975174756563145
446,M,blink_dist,2,3600,7200,1.497757923459997,10.45037166593791,15.0,4.697507190795782,1.2486093966504364,1.6381230540172755,0.31370311516844945,5.256902868376374,26.0,0.06666666666666667,-0.5139625643934888,-0.5139625643934888
446,M,blink_dist,3,5400,9000,1.2471705494025949,4.816916200258713,11.0,4.429917550058893,0.817995549353112,1.256339495228505,0.1950012167164026,4.841176470588235,39.0,0.09090909090909091,-0.05218192897710896,-0.05218192897710896
446,M,blink_dist,4,7200,10800,1.5176445425766125,6.618111396455185,12.0,4.415730337078652,0.7931800419623098,1.2316795992861045,0.2456216056919126,4.964790979683013,39.0,0.08333333333333333,-0.6270702712005927,-0.6270702712005927
446,M,blink_dist,5,9000,12600,1.765069225401011,7.652350183707083,18.0,4.4575645756457565,0.8865045549553237,1.2956769832361332,0.2674974208611609,5.037321063394683,22.0,0.05555555555555555,-0.429533771759038,-0.429533771759038
446,M,blink_dist,6,10800,14400,1.8933498985942157,13.052061451241427,19.0,4.657134256472005,1.1785862711194954,1.5927723843910029,0.3409303738199489,5.334499372978681,26.0,0.05263157894736842,-0.9792600850073536,-0.9792600850073536
446,M,blink_dist,7,12600,16200,1.4304948286005044,8.153557550582876,19.0,4.618595825426945,1.1538822303865262,1.532509799824625,0.26299187100808435,5.1424672489082965,17.0,0.05263157894736842,0.7970465599302693,0.7970465599302693
446,M,blink_dist,8,14400,18000,2.004970536655991,12.688713442372192,19.0,4.751491646778043,1.2828025960867449,1.7120588779328525,0.32626413110156866,5.548059337533021,38.0,0.05263157894736842,-0.8874921106495303,-0.8874921106495303
446,M,blink_dist,9,16200,19800,2.0421081988617185,9.884548597531404,14.0,4.651085756348914,1.1671540365750532,1.5811554496582176,0.30012671495392895,5.305219495333564,28.0,0.07142857142857142,0.4709851627297601,0.4709851627297601
446,M,blink_dist,10,18000,21600,2.061052399883651,11.061597123194247,17.0,4.730858468677495,1.2320244914580543,1.6910208015652377,0.31008974517949034,5.472780741348653,28.0,0.058823529411764705,-0.37257106686323554,-0.37257106686323554
446,M,blink_dist,11,19800,23400,3.068784860484585,18.213521686853596,19.0,4.96904288554388,1.522493066989168,1.9588289091597546,0.4006251268731685,5.950635896246473,46.0,0.05263157894736842,-0.7261199845546946,-0.7261199845546946
446,M,blink_dist,12,21600,25200,2.3155052854480584,20.2708295967219,19.0,4.920462156731413,1.5217346715696534,1.8989134725822474,0.42852609649425366,5.8672963400236124,48.0,0.05263157894736842,-0.791764214716866,-0.791764214716866
446,M,blink_dist,13,23400,27000,1.7586639769947756,13.96081779457044,17.0,4.770639354438237,1.3199400042477771,1.7349650829022254,0.3587160879556044,5.475909878682843,25.0,0.058823529411764705,-0.21035600661135212,-0.21035600661135212
446,M,blink_dist,14,25200,28800,1.4387849131961055,3.3272273105745214,8.0,4.239038189533239,0.5326703378094332,0.8723294468144168,0.16613932833749653,4.725292074518472,13.0,0.125,-0.3552275421496575,-0.3552275421496575
447,H,blink_dist,0,0,3600,2.711624375787778,9.059795830608914,15.0,4.650740852736619,1.207476668395899,1.5804262648090086,0.28027344325257275,5.378949748459669,24.0,0.06666666666666667,-1.3734239994761255,-1.3734239994761255
447,H,blink_dist,1,1800,5400,1.7105527346018068,1.4455266180466715,8.0,4.276243093922652,0.6315282057097684,0.9551778592951787,0.09135392057074022,4.716972034715526,15.0,0.125,-0.306267545324083,-0.306267545324083
447,H,blink_dist,2,3600,7200,1.3850511086111297,1.62147824382143,9.0,4.38006230529595,0.8003745204996834,1.1498645376672583,0.10050627948011209,4.878253568429891,13.0,0.1111111111111111,-0.45475612688305306,-0.45475612688305306
447,H,blink_dist,3,5400,9000,1.5344163900243608,2.2256459369990216,9.0,4.3901437371663246,0.7661641970723789,1.1857316854791302,0.11819449938581333,4.918345245830626,15.0,0.1111111111111111,-0.4905356917102565,-0.4905356917102565
447,H,blink_dist,4,7200,10800,2.036230065660984,10.055852774596401,16.0,4.866742596810934,1.381379952740964,1.8455748502206795,0.2708624233201023,5.712938451356718,26.0,0.0625,-0.5268255218598223,-0.5268255218598223
447,H,blink_dist,5,9000,12600,2.4252730336965582,8.914999275524586,12.0,4.591587516960652,1.050662285546699,1.50763900630212,0.27508660774266636,5.361681643132221,32.0,0.08333333333333333,-0.6120995009751506,-0.6120995009751506
447,H,blink_dist,6,10800,14400,2.4580659887539174,8.97931599160423,21.0,4.692020373514431,1.2691537598487974,1.6309895155173812,0.2653310546050024,5.475893515724535,29.0,0.047619047619047616,-0.6440612009423606,-0.6440612009423606
447,H,blink_dist,7,12600,16200,2.6259122487357622,9.641412451716901,46.0,4.835265405735204,1.6967329730716376,1.7820545930553824,0.2882204446607257,5.505693702068324,46.0,0.021739130434782608,-0.7037409170866511,-0.7037409170866511
447,H,blink_dist,8,14400,18000,2.7763317605599944,6.875819851333625,18.0,4.662895044869294,1.3159991684868166,1.5774328263890054,0.23006466757185925,5.245359742900242,46.0,0.05555555555555555,-0.11182269408390351,-0.11182269408390351
447,H,blink_dist,9,16200,19800,1.6526020083728257,5.327611370468099,16.0,4.536625514403292,1.0894632516211464,1.4035248517669743,0.20305235789331247,5.125777723557399,32.0,0.0625,-0.16921814124585308,-0.16921814124585308
447,H,blink_dist,10,18000,21600,1.0445027394816158,1.494089400682051,8.0,4.285087719298246,0.6703929792974325,0.9540408619490234,0.09245920692450031,4.827145708582834,17.0,0.125,-0.30364083832038957,-0.30364083832038957
447,H,blink_dist,11,19800,23400,1.3518428506645885,2.6892901030343133,10.0,4.410852713178294,0.817563055916552,1.2220392630326973,0.13260941487853295,4.903014416775885,22.0,0.1,-0.5118898129707367,-0.5118898129707367
447,H,blink_dist,12,21600,25200,2.623963519794214,10.803966567847425,44.0,4.820206409560022,1.6618687938184713,1.7693463022032125,0.30038716039763075,5.811164105281752,44.0,0.022727272727272728,-0.10499056725839158,-0.10499056725839158
447,H,blink_dist,13,23400,27000,2.006328257639856,8.994793242361034,30.0,4.803571428571429,1.6185113782832983,1.7381634067196123,0.26177889591261566,5.701083658430862,44.0,0.03333333333333333,-0.6566500271807417,-0.6566500271807417
447,H,blink_dist,14,25200,28800,0.7928132154490758,0.554055687633477,7.0,4.296875,0.7219696907592451,0.806009225449523,0.052091308377321996,4.4234388366124895,10.0,0.14285714285714285,0.05664288373382502,0.05664288373382502
447,L,blink_dist,0,0,3600,3.0790236740217343,17.941295483549663,18.0,4.971108236308754,1.479833910410377,1.965324299050072,0.3933218165406045,6.052810154877854,36.0,0.05555555555555555,-0.5863661166572803,-0.5863661166572803
447,L,blink_dist,1,1800,5400,1.7385377600574778,3.1541422809419246,8.0,4.373248407643312,0.7008986193447425,1.1527591692906003,0.16071609044385848,4.930242390078917,15.0,0.125,-0.06300981592923155,-0.06300981592923155
447,L,blink_dist,2,3600,7200,1.5054090805337792,2.0732975404791714,13.0,4.481651376146789,1.0213918492205014,1.3110251845958765,0.11130445854465972,4.943449575871819,19.0,0.07692307692307693,-0.25944202530373106,-0.25944202530373106
447,L,blink_dist,3,5400,9000,1.8086600555771104,2.606176753715855,23.0,4.477996965098634,1.1650128174993044,1.2884353334107357,0.13130679760842878,5.017040661380125,23.0,0.043478260869565216,-0.09253816169083964,-0.09253816169083964
447,L,blink_dist,4,7200,10800,1.8649016506852258,3.235918870768809,9.0,4.307867730900798,0.6590097549181502,1.0277318403368396,0.1601599972591476,4.863198959687907,16.0,0.1111111111111111,-0.13953045072314466,-0.13953045072314466
447,L,blink_dist,5,9000,12600,1.7396079636565247,4.490946486943108,10.0,4.5161588180978764,0.9417313874832391,1.3939984968199215,0.18365501156939804,5.051521656774845,16.0,0.1,0.20712584856777774,0.20712584856777774
447,L,blink_dist,6,10800,14400,1.8825041039113386,2.886622431143618,11.0,4.367137355584082,0.792291744465262,1.1336077411361993,0.1470802857773177,4.911177220569486,17.0,0.09090909090909091,-0.422086792564781,-0.422086792564781
447,L,blink_dist,7,12600,16200,1.0004966064163339,0.8301934989462929,7.0,4.262295081967213,0.6114116786548026,0.9003514770638535,0.07057443004023245,4.607087024491923,16.0,0.14285714285714285,-0.160325317692027,-0.160325317692027
447,L,blink_dist,8,14400,18000,1.0530803414620356,2.4405411964567407,11.0,4.372282608695652,0.7185380738768063,1.1245025401092141,0.12177678679771872,4.728209658421672,17.0,0.09090909090909091,0.021776895013682376,0.021776895013682376
447,L,blink_dist,9,16200,19800,1.6442001114609062,4.649536115024044,12.0,4.477081384471469,0.8676109871335688,1.3350931647125412,0.19018312527323067,5.046139966490527,18.0,0.08333333333333333,-0.6460361783879643,-0.6460361783879643
447,L,blink_dist,10,18000,21600,4.281197752700227,17.061158702205773,23.0,4.826174142480211,1.3173375568942038,1.809779588992633,0.3934050682028475,5.911585793176912,32.0,0.043478260869565216,-2.8574693563485187,-2.8574693563485187
447,L,blink_dist,11,19800,23400,2.7392899374825395,3.9943321301744095,13.0,4.413659793814433,0.7996577926154985,1.2245767573416193,0.17396045319634038,4.939238410596026,19.0,0.07692307692307693,-0.540520091067408,-0.540520091067408
447,L,blink_dist,12,21600,25200,5.240547426711419,11.19560844174053,16.0,4.716358500256805,1.187723753799593,1.6778425178168692,0.3147288499286768,5.601318180585316,53.0,0.0625,0.591077101095356,0.591077101095356
447,L,blink_dist,13,23400,27000,4.4108042005012065,11.359175484721407,43.0,4.852568069306931,1.6347525970416465,1.8103096267122052,0.30719966103904567,5.685623324396783,48.0,0.023255813953488372,0.10308315728237678,0.10308315728237678
447,L,blink_dist,14,25200,28800,3.2106906630805794,13.065346633168328,43.0,4.8877721943048575,1.8011786901793019,1.8348449386278955,0.32971567871445984,5.813297662383229,55.0,0.023255813953488372,-0.14849628121636882,-0.14849628121636882
447,M,blink_dist,0,0,3600,5.260689616836762,19.347796383731346,34.0,5.003219221105527,1.561221034647942,1.9959860542136667,0.42033885439281,6.266079753768162,41.0,0.029411764705882353,-2.6487256522491145,-2.6487256522491145
447,M,blink_dist,1,1800,5400,1.7940765348915924,4.932424010399045,14.0,4.482200647249191,0.9748489279024557,1.3285857163047574,0.1995672999875354,5.22007452258966,20.0,0.07142857142857142,-0.19708422387204844,-0.19708422387204844
447,M,blink_dist,2,3600,7200,0.9676557317948384,1.7332452954770552,8.0,4.320987654320987,0.6251352543788712,1.0503110609981037,0.101015186530208,4.725482625482625,15.0,0.125,-0.2184128303590233,-0.2184128303590233
447,M,blink_dist,3,5400,9000,1.5690941812710857,4.903647450449442,11.0,4.53578154425612,1.0010071676269687,1.4182676494936133,0.1931937332668248,5.097502014504432,18.0,0.09090909090909091,-0.7952503562826246,-0.7952503562826246
447,M,blink_dist,4,7200,10800,1.5700046529896776,5.060535151083529,16.0,4.4891696750902526,0.9803438375398883,1.3430058625056074,0.20725913114253738,5.008974674207032,16.0,0.0625,0.06495096731727269,0.06495096731727269
447,M,blink_dist,5,9000,12600,1.216230484158511,1.967376743453022,13.0,4.431952662721893,1.1550441361000268,1.1610125808077163,0.12171994431457014,4.697415103902686,13.0,0.07692307692307693,-0.15841950444549896,-0.15841950444549896
447,M,blink_dist,6,10800,14400,0.9972221028670115,2.2536880716310805,9.0,4.466666666666667,0.9230728530638771,1.293862317489726,0.11982829043263764,4.8373747171031365,16.0,0.1111111111111111,-0.1122413105172532,-0.1122413105172532
447,M,blink_dist,7,12600,16200,1.0252390746987736,3.5506738334501833,8.0,4.4862204724409445,0.8567742369633744,1.341828353806824,0.15505180338085223,5.040263357812105,20.0,0.125,-0.14493190256569705,-0.14493190256569705
447,M,blink_dist,8,14400,18000,1.126333381838581,2.0137844966956915,14.0,4.6103896103896105,1.257763880095885,1.4834013828749715,0.10570241370507984,4.857282502443793,17.0,0.07142857142857142,-0.18725651154885087,-0.18725651154885087
447,M,blink_dist,9,16200,19800,1.4734627044428303,0.8639941027253214,8.0,4.262032085561497,0.6381810205680648,0.8951267353058907,0.07848036771242113,4.605279898218829,14.0,0.125,-0.2347774936381835,-0.2347774936381835
447,M,blink_dist,10,18000,21600,1.669613453641256,1.7641543730746416,10.0,4.298368298368298,0.6959906119736022,0.994736747922501,0.10473470715420087,4.739177489177489,16.0,0.1,0.2479399301800328,0.2479399301800328
447,M,blink_dist,11,19800,23400,1.6589593372149245,4.030464379591562,10.0,4.44845908607864,0.85428859085576,1.2884824893370475,0.1704089197854784,4.991116751269035,31.0,0.1,0.3389051909934841,0.3389051909934841
447,M,blink_dist,12,21600,25200,2.092583473085418,4.792146924568341,10.0,4.484285714285714,0.8691762461887613,1.3458539073558722,0.19539181411538403,5.053800592300099,17.0,0.1,-0.41834921857972973,-0.41834921857972973
447,M,blink_dist,13,23400,27000,1.9547987530051556,2.5355450236966823,9.0,4.432857142857143,0.781796727064646,1.259435213303449,0.13556136623631312,4.872962255837861,17.0,0.1111111111111111,-0.03006155683395358,-0.03006155683395358
447,M,blink_dist,14,25200,28800,1.7007132507657945,5.4013693612465135,14.0,4.698529411764706,1.2273295020699333,1.6466464158901177,0.19797037746658777,5.33903242147923,21.0,0.07142857142857142,-0.23503493233903372,-0.23503493233903372
448,H,blink_dist,0,0,3600,3.491499308920019,19.83850675938422,62.0,5.166071003097451,1.9607324874299805,2.1342841421461363,0.4059267561818057,6.295774647887324,59.0,0.016129032258064516,-1.3983088718117593,-1.3983088718117593
448,H,blink_dist,1,1800,5400,1.7385697064335688,3.3773416756245234,9.0,4.444981862152358,0.7667884585587379,1.2841281495222987,0.15211818858355614,4.861841139333431,16.0,0.1111111111111111,-0.32444453434756576,-0.32444453434756576
448,H,blink_dist,2,3600,7200,1.503348539275913,3.3904608094180646,11.0,4.462937062937063,0.8293293542719384,1.3031708680397671,0.16196330099769435,5.015134068103307,18.0,0.09090909090909091,-0.15935878820789692,-0.15935878820789692
448,H,blink_dist,3,5400,9000,2.0526505029717317,7.001229514575195,14.0,4.6689154125583805,1.1995432518603673,1.6082052455919968,0.23410969137627816,5.366482340349625,21.0,0.07142857142857142,0.15552108209829188,0.15552108209829188
448,H,blink_dist,4,7200,10800,1.7607404914406872,4.6965009842966134,19.0,4.693563009972801,1.344686429344989,1.6132198094939652,0.18077491812647983,5.44007644007644,26.0,0.05263157894736842,-0.27246046676886926,-0.27246046676886926
448,H,blink_dist,5,9000,12600,3.0489142145560146,10.17409116865835,35.0,4.83204777307788,1.5111456403212342,1.7971303719276503,0.2833028599569356,5.797169811320755,40.0,0.02857142857142857,-1.1607624801169374,-1.1607624801169374
448,H,blink_dist,6,10800,14400,3.5151076808512305,10.484724828799026,17.0,4.79588443151112,1.3164421190405977,1.7670513850909149,0.2945315659606567,5.564995277753928,29.0,0.058823529411764705,-0.694718679007568,-0.694718679007568
448,H,blink_dist,7,12600,16200,2.934482295398236,5.407347329802463,10.0,4.464719101123595,0.8350416660366194,1.3158402986509998,0.21227675776891128,5.02648707868789,18.0,0.1,-0.1661980273197893,-0.1661980273197893
448,H,blink_dist,8,14400,18000,3.2248269345008245,9.55124077467928,16.0,4.618682634730539,1.0422158286127197,1.5501334760199537,0.28820644905641685,5.38360473723168,25.0,0.0625,-0.2648127715947711,-0.2648127715947711
448,H,blink_dist,9,16200,19800,2.312055076830236,4.456772553300264,11.0,4.482974287699792,0.8952553764451507,1.3453899884451752,0.18722451743053348,5.0456153416496,21.0,0.09090909090909091,-0.3986295514787118,-0.3986295514787118
448,H,blink_dist,10,18000,21600,2.7680736223404843,6.447964453677256,11.0,4.648086522462562,1.112304722715199,1.5844519813052957,0.22373120978677977,5.435892043463022,31.0,0.09090909090909091,0.7712019076521468,0.7712019076521468
448,H,blink_dist,11,19800,23400,3.0737844683428186,13.66130725339597,19.0,4.950847457627119,1.4603466287721332,1.9430389753200503,0.32854900901088163,5.948814452389914,43.0,0.05263157894736842,-0.7194370570851116,-0.7194370570851116
448,H,blink_dist,12,21600,25200,2.3307277336553955,10.838501867525615,15.0,4.849739343759583,1.370201591236173,1.8317744012969805,0.2915087550971456,5.699899497487437,46.0,0.06666666666666667,-0.6252248110427372,-0.6252248110427372
448,H,blink_dist,13,23400,27000,2.640958991874599,9.797564973357446,21.0,4.685854787387909,1.1448262837102128,1.6374688198894705,0.29096632937575984,5.521664275466284,32.0,0.047619047619047616,-0.7405248090237337,-0.7405248090237337
448,H,blink_dist,14,25200,28800,1.8434656323281993,3.2605493458105883,11.0,4.390898483080513,0.7819798110779623,1.1862179238788326,0.16654102764058573,4.894448688566335,21.0,0.09090909090909091,-0.5189038649389165,-0.5189038649389165
448,L,blink_dist,0,0,3600,3.0141565573690627,9.465238657982734,32.0,4.745217853347502,1.3881102760632662,1.69634803813326,0.2884086464830605,5.532760636405225,30.0,0.03125,-1.0485019179436106,-1.0485019179436106
448,L,blink_dist,1,1800,5400,3.622575290021182,14.174283811967847,32.0,5.044092264239762,1.6453391976838672,2.032021549814483,0.34862494543434264,6.058388567487835,33.0,0.03125,-1.1013849841516385,-1.1013849841516385
448,L,blink_dist,2,3600,7200,2.3808675709301395,14.457176593717714,18.0,4.984732824427481,1.4209848219030405,1.981651866471788,0.3460859822614623,5.967781119851921,28.0,0.05555555555555555,-1.2673657882504827,-1.2673657882504827
448,L,blink_dist,3,5400,9000,1.8487367843832057,9.284603421461897,17.0,4.860244233378562,1.4678547880938695,1.8341574630552293,0.2608691895628132,5.676442940402331,23.0,0.058823529411764705,-0.35243144838825285,-0.35243144838825285
448,L,blink_dist,4,7200,10800,2.7022640875931296,17.701196985370178,85.0,5.544528790964637,3.725330279667594,2.2820838208655134,0.3795803162405793,6.46681772406848,77.0,0.011764705882352941,-0.4713533192290577,-0.4713533192290577
448,L,blink_dist,5,9000,12600,2.857699180463641,19.848970967994365,84.0,5.594045368620038,2.887265756174235,2.405122824390983,0.40557890735917185,6.730405342732585,77.0,0.011904761904761904,-1.2877340248930946,-1.2877340248930946
448,L,blink_dist,6,10800,14400,3.2081668993693944,23.562711915039806,39.0,5.555229487028994,2.313390199183892,2.433539290844677,0.44708160938425767,6.868474394768042,49.0,0.02564102564102564,0.3539495679210578,0.3539495679210578
448,L,blink_dist,7,12600,16200,2.8017930223044805,14.241816129436849,39.0,5.18170504044804,1.896449503319589,2.1451661885485644,0.3401594016168204,6.207126137841352,39.0,0.02564102564102564,-0.548937435857006,-0.548937435857006
448,L,blink_dist,8,14400,18000,2.020033252982873,7.092927631578948,13.0,4.708661417322834,1.1440378567360734,1.6657707106249053,0.24041229124493926,5.407469986660738,25.0,0.07692307692307693,-0.6004156737260612,-0.6004156737260612
448,L,blink_dist,9,16200,19800,3.2445059021728486,17.264008822284143,19.0,5.149339207048458,1.7842154223873086,2.124906166508726,0.3827822687842774,6.331813184575919,44.0,0.05263157894736842,-1.1822350416811263,-1.1822350416811263
448,L,blink_dist,10,18000,21600,2.7491613676946427,5.972308568307662,15.0,4.693607305936073,1.237431885913514,1.6348214872134883,0.21848109650167624,5.388407250841872,39.0,0.06666666666666667,-0.22454914733454542,-0.22454914733454542
448,L,blink_dist,11,19800,23400,2.4667873494267463,8.440553508641289,19.0,4.748633879781421,1.3257375686495283,1.7063692733061477,0.25097615147021685,5.477916754999646,30.0,0.05263157894736842,0.22722878245653547,0.22722878245653547
448,L,blink_dist,12,21600,25200,3.4758455846354543,20.27664805496197,22.0,5.250862787099845,1.9054523584505048,2.212494273346875,0.4127662507754877,6.353989813242785,45.0,0.045454545454545456,-0.3175431029967375,-0.3175431029967375
448,L,blink_dist,13,23400,27000,2.4009298951152553,15.976315614396913,19.0,5.124626547161759,1.831880740049959,2.0930587031472125,0.3599161732419666,5.963293650793651,40.0,0.05263157894736842,-0.54228696305797,-0.54228696305797
448,L,blink_dist,14,25200,28800,3.052651940558656,18.278905976108124,31.0,5.290474026957444,1.8336411902504772,2.2568138196530523,0.3843760955674974,6.500464581213221,49.0,0.03225806451612903,-0.2634910251023081,-0.2634910251023081
448,M,blink_dist,0,0,3600,2.4509738932617267,5.995060054873797,19.0,4.671914677501269,1.521148840399926,1.5515556401891,0.2238746635558481,5.42043392504931,24.0,0.05263157894736842,-0.0927626081258286,-0.0927626081258286
448,M,blink_dist,1,1800,5400,1.5856264308981516,1.8999073215940685,10.0,4.427230046948357,0.867033325457561,1.2393114495211084,0.1132741669017206,5.0548437851202515,16.0,0.1,-0.5601654743365053,-0.5601654743365053
448,M,blink_dist,2,3600,7200,1.878207316327106,4.249691712378279,12.0,4.522171945701357,0.9260956760529199,1.407518846837758,0.17651060934643023,5.148846440089308,21.0,0.08333333333333333,-0.03562748477313669,-0.03562748477313669
448,M,blink_dist,3,5400,9000,3.7722600351953224,17.702678669726712,33.0,5.0279013830426935,1.616344914130299,2.0185070599063466,0.38875644684580923,6.081106143401225,72.0,0.030303030303030304,-0.8992863000390692,-0.8992863000390692
448,M,blink_dist,4,7200,10800,3.852780876132559,20.947915241518555,62.0,5.141127391127391,1.8955009686925934,2.114854095931243,0.4243458829284876,6.269739663093415,54.0,0.016129032258064516,-2.0929119070607873,-2.0929119070607873
448,M,blink_dist,5,9000,12600,3.058785644768118,9.462910258753492,19.0,4.8142933049946866,1.3999763756347676,1.7839508434149163,0.27343533773727774,5.67912147505423,31.0,0.05263157894736842,-0.33563387672215717,-0.33563387672215717
448,M,blink_dist,6,10800,14400,1.8418044207714699,4.002393630860493,11.0,4.605788423153693,1.0903708588942718,1.5043522014018658,0.16180424262397447,5.165282392026578,29.0,0.09090909090909091,-0.23061710462596186,-0.23061710462596186
448,M,blink_dist,7,12600,16200,2.685204722760563,6.473258103469814,19.0,4.607112616426757,1.2699551133240103,1.5004404825472895,0.21759653078099067,5.286818904465964,33.0,0.05263157894736842,-0.4359919409877302,-0.4359919409877302
448,M,blink_dist,8,14400,18000,2.8208170892666407,8.51543344450925,35.0,4.755850727387729,1.4049605757234338,1.7099067586790708,0.25700889596086,5.662757330006238,56.0,0.02857142857142857,-1.1218921724374713,-1.1218921724374713
448,M,blink_dist,9,16200,19800,2.3828482462477782,10.886323720655861,21.0,5.158831003811944,2.1114578584077517,2.084224766708114,0.28617490514687155,6.047740473154838,45.0,0.047619047619047616,0.13536180343901433,0.13536180343901433
448,M,blink_dist,10,18000,21600,1.7515559083145396,5.959546217261253,21.0,5.496215306980656,2.7936057242762513,2.2520196605544847,0.18553020354563363,5.756791171477079,42.0,0.047619047619047616,-0.540207553150914,-0.540207553150914
448,M,blink_dist,11,19800,23400,1.8561323704482604,1.6832611894701515,11.0,4.405405405405405,0.8012195476736605,1.2046035546432163,0.10850838618624305,4.753628652214892,19.0,0.09090909090909091,0.39127831051561324,0.39127831051561324
448,M,blink_dist,12,21600,25200,1.8780955040107876,2.2946469577642077,10.0,4.415711947626841,0.7848912538464249,1.226288746211721,0.12216996376873225,4.906746370623399,15.0,0.1,-0.16164804955723946,-0.16164804955723946
448,M,blink_dist,13,23400,27000,3.120234499179058,12.027623347769554,16.0,4.891734332708724,1.4072550669461048,1.8792904727566677,0.3118351404203909,5.796136828583663,30.0,0.0625,-0.9536801714370747,-0.9536801714370747
448,M,blink_dist,14,25200,28800,3.2216322968917295,22.375427636471812,54.0,5.554338461538461,2.520299361198655,2.433092330841868,0.4286528831374882,6.734304408786415,81.0,0.018518518518518517,-0.29426489611426665,-0.29426489611426665
449,H,blink_dist,0,0,3600,1.385162920927448,0.7172674646555501,11.0,4.411347517730497,1.0319088006449215,1.1426025919522271,0.06548813395142877,4.7742749054224465,17.0,0.09090909090909091,-0.44975747417946643,-0.44975747417946643
449,H,blink_dist,1,1800,5400,1.069628564277147,0.683949584851562,11.0,4.320754716981132,1.0237479219811747,0.8926780132809694,0.05726957768353145,4.7287299630086315,15.0,0.09090909090909091,-0.15099500216100603,-0.15099500216100603
449,H,blink_dist,2,3600,7200,0.9645249869379254,1.3795045045045045,7.0,4.207070707070707,0.5050757569444734,0.7951931199454937,0.09400669051404345,4.645253682487725,12.0,0.14285714285714285,-0.03632849501466419,-0.03632849501466419
449,H,blink_dist,3,5400,9000,0.828848727679666,0.41626517633455384,6.0,4.153846153846154,0.41065685584735795,0.6496096346956632,0.04359221429947967,4.533066132264529,9.0,0.16666666666666666,-0.08712483344404641,-0.08712483344404641
449,H,blink_dist,4,7200,10800,0.6615775024674583,0.1738374619730552,10.0,4.5,1.5,0.6685644431995964,0.01970157902361292,4.483516483516484,10.0,0.1,-0.01141870624455875,-0.01141870624455875
449,H,blink_dist,5,9000,12600,0.7170683577374363,0.33859039472511804,12.0,4.470588235294118,1.4599616054106872,0.9886150377275048,0.03402610710148801,4.486049926578561,11.0,0.08333333333333333,-0.09020504884263414,-0.09020504884263414
449,H,blink_dist,6,10800,14400,1.0061830613605227,1.8796037592075183,9.0,4.352941176470588,0.6809315825170706,1.107542006790355,0.10119538989077978,4.879066207424416,12.0,0.1111111111111111,-0.3265375819603111,-0.3265375819603111
449,H,blink_dist,7,12600,16200,1.0502371139899411,1.543726235741445,8.0,4.337606837606837,0.6866525385310929,1.0811143068712585,0.09242585551330798,4.73655494933749,12.0,0.125,0.10227022420324337,0.10227022420324337
449,H,blink_dist,8,14400,18000,0.9070534563503087,1.264396153981615,7.0,4.351515151515152,0.6679326822010205,1.1092661335196976,0.09113161694783925,4.798331015299026,14.0,0.14285714285714285,-0.04912780984848414,-0.04912780984848414
449,H,blink_dist,9,16200,19800,1.223402445590929,2.5838544998759647,8.0,4.368653421633554,0.6668347667546718,1.1460861509295028,0.14210546931101564,4.938294010889292,16.0,0.125,-0.32074392248456374,-0.32074392248456374
449,H,blink_dist,10,18000,21600,1.333441738036202,2.0196454240536656,8.0,4.290076335877862,0.6114499051755987,0.9813115905261202,0.11630929563967417,4.722519455252918,14.0,0.125,-0.41811011457723973,-0.41811011457723973
449,H,blink_dist,11,19800,23400,1.1003290317005487,0.7969689051476352,7.0,4.190839694656488,0.4803704648107557,0.7509175167002429,0.06851174404087913,4.516267942583732,11.0,0.14285714285714285,-0.10635167771851364,-0.10635167771851364
449,H,blink_dist,12,21600,25200,1.0787173082750219,0.7640708986717605,7.0,4.195121951219512,0.48821121287812674,0.7620557850048719,0.06581967334488324,4.526476578411406,12.0,0.14285714285714285,-0.32701972613401403,-0.32701972613401403
449,H,blink_dist,13,23400,27000,1.381089757975852,1.278003307773267,8.0,4.299610894941634,0.6887928906882105,0.9932975212745958,0.08998646820027063,4.647849462365591,12.0,0.125,0.6355199224584978,0.6355199224584978
449,H,blink_dist,14,25200,28800,1.3277872294681041,1.367803094098116,12.0,4.32319391634981,0.9779479507292828,0.9535005591066247,0.09152972595818396,4.558717795086879,13.0,0.08333333333333333,-0.29545127003203436,-0.29545127003203436
449,L,blink_dist,0,0,3600,1.0421387076508855,0.43376300905844306,5.0,4.161764705882353,0.3682348242808508,0.6385146263620961,0.04777524025565961,4.484892086330936,12.0,0.2,-0.26852760342577064,-0.26852760342577064
449,L,blink_dist,1,1800,5400,0.9301187398879737,0.37952945217241973,6.0,4.092592592592593,0.34793137459362883,0.44104126159125184,0.046445131375579596,4.462871287128713,9.0,0.16666666666666666,0.3312085616555296,0.3312085616555296
449,L,blink_dist,2,3600,7200,0.7861683692221585,0.4165142833922549,6.0,4.183673469387755,0.43675376651087106,0.7308095044469498,0.03807550083302857,4.435502958579882,8.0,0.16666666666666666,-0.2714948401943337,-0.2714948401943337
449,L,blink_dist,3,5400,9000,0.7610585176146727,0.26654913319061413,7.0,4.233333333333333,0.6674994798166933,0.7665095065529054,0.037453301431389835,4.439054726368159,9.0,0.14285714285714285,-0.14440706696487696,-0.14440706696487696
449,L,blink_dist,4,7200,10800,0.8141374214897841,0.7965626164923777,8.0,4.319148936170213,0.6718150384615725,1.024330973185262,0.07345641468343503,4.61937075879087,13.0,0.125,0.0757295279703173,0.0757295279703173
449,L,blink_dist,5,9000,12600,0.9592538348829189,0.6427548539647651,6.0,4.150537634408602,0.4386253345026045,0.6243829844322644,0.05938821727112266,4.569506726457399,10.0,0.16666666666666666,-0.2033201538859167,-0.2033201538859167
449,L,blink_dist,6,10800,14400,0.9853380509611787,0.3777132945353154,6.0,4.160714285714286,0.41303691093644235,0.6693248418965555,0.03838734255191532,4.549471661863593,8.0,0.16666666666666666,-0.2881234043927014,-0.2881234043927014
449,L,blink_dist,7,12600,16200,0.9592698080709644,0.23478478061776706,6.0,4.147058823529412,0.4292505740978363,0.618003859767427,0.02754142036466572,4.434316353887399,8.0,0.16666666666666666,-0.11970355566847804,-0.11970355566847804
449,L,blink_dist,8,14400,18000,1.0035634585210649,0.2085057617622716,5.0,4.09375,0.2914805954090255,0.4488644887230294,0.02885656076908385,4.37394451145959,9.0,0.2,-0.20830472612752432,-0.20830472612752432
449,L,blink_dist,9,16200,19800,1.1351985012038193,0.569868719132111,7.0,4.175257731958763,0.47646268075428205,0.701481679192812,0.055650142818950595,4.52,10.0,0.14285714285714285,-0.1330931278071006,-0.1330931278071006
449,L,blink_dist,10,18000,21600,1.2773758479965869,1.2692259597349005,7.0,4.3008474576271185,0.6299039155557908,1.0066979735547181,0.08894585469551082,4.674991784423266,15.0,0.14285714285714285,-0.6175666467570263,-0.6175666467570263
449,L,blink_dist,11,19800,23400,1.0041544664787474,0.8987512924520799,8.0,4.124087591240876,0.4592163345992927,0.5259584311869296,0.06890956812216655,4.581702802749867,15.0,0.125,-0.1839688145601429,-0.1839688145601429
449,L,blink_dist,12,21600,25200,1.024408468920409,0.38513713688740586,6.0,4.186440677966102,0.4307886449877576,0.7360310599614003,0.04900753122417476,4.522302158273381,9.0,0.16666666666666666,-0.05365698470307776,-0.05365698470307776
449,L,blink_dist,13,23400,27000,0.9602281993536929,0.6304582882807951,6.0,4.164835164835165,0.39955294423511717,0.6764948603158216,0.049812858687515595,4.513187641296157,10.0,0.16666666666666666,-0.2578283846480834,-0.2578283846480834
449,L,blink_dist,14,25200,28800,0.8054000876289096,0.4422672642893975,5.0,4.12962962962963,0.33589550272624147,0.5564215672884281,0.041023759470072585,4.434083601286174,8.0,0.2,-0.12194176376359682,-0.12194176376359682
449,M,blink_dist,0,0,3600,0.8979008196002518,0.29174746055182965,6.0,4.205128205128205,0.46296077141712305,0.7851515777256601,0.029592798818778573,4.441922563417891,8.0,0.16666666666666666,-0.17175709634629166,-0.17175709634629166
449,M,blink_dist,1,1800,5400,0.7815680910650619,0.16145513999591252,5.0,4.157894736842105,0.36464227527765847,0.6292492238560347,0.028653178009401186,4.333848531684699,8.0,0.2,0.041997138525597645,0.041997138525597645
449,M,blink_dist,2,3600,7200,0.7456923107149264,0.1927855368006169,5.0,4.090909090909091,0.2874797872880346,0.4394969869215134,0.023102133493273926,4.279761904761905,8.0,0.2,-0.11278045338234782,-0.11278045338234782
449,M,blink_dist,3,5400,9000,1.0962718419369983,0.7066674437580137,7.0,4.330357142857143,0.6033891313883191,1.0665691642859307,0.06469285464506352,4.6835443037974684,13.0,0.14285714285714285,-0.007345249016442034,-0.007345249016442034
449,M,blink_dist,4,7200,10800,1.2074612039215455,1.1879406823383118,10.0,4.558375634517766,0.941374629955622,1.4580029406984845,0.08852010106755917,4.909391049156273,13.0,0.1,-0.2811857984024361,-0.2811857984024361
449,M,blink_dist,5,9000,12600,1.5565232822792974,3.3310756726802535,13.0,4.5398601398601395,1.0060057320346991,1.4222962226813587,0.15261786014818463,4.937583001328021,15.0,0.07692307692307693,-0.9531993750893557,-0.9531993750893557
449,M,blink_dist,6,10800,14400,0.8526008583032865,1.1971448376641625,9.0,4.406896551724138,0.8178740458137143,1.2081827047159803,0.08266669164621467,4.747175901022055,14.0,0.1111111111111111,-0.1718212221245537,-0.1718212221245537
449,M,blink_dist,7,12600,16200,1.035589700552241,2.500269924266963,9.0,4.404891304347826,0.7917221111152174,1.1980407588884792,0.1298875572625052,4.991701244813278,23.0,0.1111111111111111,-0.2567619404183617,-0.2567619404183617
449,M,blink_dist,8,14400,18000,0.9247198023286033,1.283424307330892,7.0,4.319767441860465,0.626046986765083,1.0482576248842315,0.08579769225454294,4.631235431235432,19.0,0.14285714285714285,0.015473291926534462,0.015473291926534462
449,M,blink_dist,9,16200,19800,0.7005520812984157,0.3716539741894295,6.0,4.17948717948718,0.4455935178713525,0.7193856441631259,0.03754161156459483,4.486376021798365,15.0,0.16666666666666666,-0.1437368911102352,-0.1437368911102352
449,M,blink_dist,10,18000,21600,0.7537587706778909,0.7819618978999343,7.0,4.445783132530121,0.6811226036194007,1.2620129767544574,0.06119010786412087,4.80849292256453,13.0,0.14285714285714285,-0.1880883753909905,-0.1880883753909905
449,M,blink_dist,11,19800,23400,0.8426974817150923,0.8567583448641887,8.0,4.304761904761905,0.6191208747864748,0.9917592108263594,0.07396174915177132,4.7527405602923265,13.0,0.125,0.3409135570920967,0.3409135570920967
449,M,blink_dist,12,21600,25200,0.9585350414208725,0.8248762685597161,8.0,4.194915254237288,0.5249451073202909,0.731853441826781,0.07228082454298522,4.61190855927698,9.0,0.125,-0.2784916799520123,-0.2784916799520123
449,M,blink_dist,13,23400,27000,1.0436881068912967,0.6458524640342822,10.0,4.395833333333333,0.895348706122678,1.0898571621065212,0.06596265687174778,4.697547683923705,13.0,0.1,0.06052164334132505,0.06052164334132505
449,M,blink_dist,14,25200,28800,1.2294243374840728,1.2251844922565223,10.0,4.511961722488039,1.017126301110349,1.3686802083946885,0.08782870803450785,4.907441016333938,21.0,0.1,-0.5195761408126773,-0.5195761408126773
450,H,blink_dist,0,0,3600,5.758541941838108,64.32805474421173,165.0,8.70112182493528,8.33535543148171,3.687380871187352,0.7590974527964317,11.498991554266986,146.0,0.006060606060606061,-2.592381218756665,-2.592381218756665
450,H,blink_dist,1,1800,5400,8.170748907713469,46.99381657735925,97.0,6.399228004791694,3.519275429748142,2.9403475908045453,0.6436428824172237,8.497335243183255,111.0,0.010309278350515464,-2.40326561944246,-2.40326561944246
450,H,blink_dist,2,3600,7200,8.707831382554499,31.898751359710026,38.0,5.422757889484845,1.957239588276622,2.36568091682332,0.5373546508961704,7.038624186068863,51.0,0.02631578947368421,-0.8580782226956659,-0.8580782226956659
450,H,blink_dist,3,5400,9000,7.504587100276959,28.748850633428688,21.0,5.272014051522248,1.715854958520044,2.2467280501262805,0.5088160672932843,6.7587610794611175,36.0,0.047619047619047616,-3.1473732393459466,-3.1473732393459466
450,H,blink_dist,4,7200,10800,8.923820831305404,38.406587013916855,59.0,5.57623638867954,2.110047755265815,2.4793836193990506,0.5914852105428021,7.340760404749475,68.0,0.01694915254237288,0.038305564860726185,0.038305564860726185
450,H,blink_dist,5,9000,12600,6.2758336366907965,30.798324247005585,78.0,5.367071764392797,2.056464905005729,2.315155883115003,0.5265934161029071,6.839021568465416,108.0,0.01282051282051282,-1.7791206862067608,-1.7791206862067608
450,H,blink_dist,6,10800,14400,5.81987898393273,35.82212854017944,88.0,5.711491335550499,2.588456635364256,2.555720868086075,0.5639201543558033,7.460909982207052,80.0,0.011363636363636364,-1.4639447449499956,-1.4639447449499956
450,H,blink_dist,7,12600,16200,5.868820832104063,46.22540601006486,74.0,6.40639734449851,3.4292862724209217,2.9520512788188165,0.6364416997580405,8.456360184431787,100.0,0.013513513513513514,2.927608278624405,2.927608278624405
450,H,blink_dist,8,14400,18000,6.824832109813751,50.804881245494634,173.0,6.6789637241931015,4.205851668293868,3.059661285525481,0.6680256887948548,8.912042963749336,146.0,0.005780346820809248,-1.7448844309902807,-1.7448844309902807
450,H,blink_dist,9,16200,19800,7.30597648011953,44.56328297514156,136.0,6.023108064182501,3.197995929392675,2.7377446942048675,0.628566431273093,7.959689364470715,125.0,0.007352941176470588,1.3459435211149309,1.3459435211149309
450,H,blink_dist,10,18000,21600,5.657607366578755,29.83421514763096,91.0,5.303437892095357,2.027556886056007,2.262546708513619,0.5220204181889021,6.774750842737799,69.0,0.01098901098901099,-0.49781951419835746,-0.49781951419835746
450,H,blink_dist,11,19800,23400,5.3119795236507805,32.20059178003103,67.0,5.443247089920195,2.2078137116718435,2.3706515284417056,0.5360691131719169,6.969914964324113,79.0,0.014925373134328358,-0.4957277977167366,-0.4957277977167366
450,H,blink_dist,12,21600,25200,5.939502189205288,42.42124343134987,132.0,6.05132926688917,3.264290456324879,2.7553315651522494,0.6131018013027039,7.901601275474837,111.0,0.007575757575757576,0.21585496567641796,0.21585496567641796
450,H,blink_dist,13,23400,27000,7.107557538218647,51.354479423239425,147.0,6.6468192792111465,3.937082176523409,3.0611159801232675,0.6790802934143579,8.913802767043276,103.0,0.006802721088435374,0.1735643925922093,0.1735643925922093
450,H,blink_dist,14,25200,28800,6.861346817685705,50.87276570582511,134.0,6.618590423115365,4.176309095136628,3.033335092482387,0.6752503759713563,8.791588997499431,108.0,0.007462686567164179,-0.14100384515093914,-0.14100384515093914
450,L,blink_dist,0,0,3600,6.417787358850927,48.20986348420175,89.0,6.324897959183674,3.523492077208876,2.902794056952478,0.6563535224062621,8.449225445749162,123.0,0.011235955056179775,-1.5692361703662425,-1.5692361703662425
450,L,blink_dist,1,1800,5400,7.456859214397082,45.393885647208016,89.0,6.129139551699205,3.1015886671746697,2.8063672418332346,0.6413408563178504,8.190537416733918,123.0,0.011235955056179775,-0.9863751734528042,-0.9863751734528042
450,L,blink_dist,2,3600,7200,6.730222917020407,50.456276922711794,100.0,6.53615569083195,3.798768157747791,3.0026728426737375,0.6752138983493337,8.65695984907268,89.0,0.01,1.2646508345262477,1.2646508345262477
450,L,blink_dist,3,5400,9000,5.520237949387676,39.56839528464036,49.0,5.8269132435657065,2.5666081672196674,2.6378871719160446,0.590457299605896,7.556602725522145,76.0,0.02040816326530612,-0.6309030563360204,-0.6309030563360204
450,L,blink_dist,4,7200,10800,6.161529503037381,47.66113101503077,110.0,6.4865751684719335,3.7445258913040433,2.978764409191928,0.6463154128925551,8.459105946221053,114.0,0.00909090909090909,-0.6309245978496641,-0.6309245978496641
450,L,blink_dist,5,9000,12600,7.450629671059347,57.99556647500461,162.0,7.500221803260508,5.9223633136879865,3.359373067698706,0.7182106824798583,10.006018428637566,162.0,0.006172839506172839,-1.1308279827072163,-1.1308279827072163
450,L,blink_dist,6,10800,14400,7.65882420404406,41.285559355968964,103.0,6.1726223885251015,3.1321002280249917,2.8291414864009083,0.5985442562776341,8.072741592945247,204.0,0.009708737864077669,-1.2213729130070476,-1.2213729130070476
450,L,blink_dist,7,12600,16200,3.1513981890557785,7.171567161531327,16.0,4.584899546338302,1.0584438617961816,1.496605903363576,0.2329859650367727,5.339664285299413,26.0,0.0625,0.5172575407218664,0.5172575407218664
450,L,blink_dist,8,14400,18000,1.7423234056242554,4.344597444030877,11.0,4.56111645813282,1.027002658678265,1.4607287188833407,0.17594748711930913,5.092066861236402,17.0,0.09090909090909091,-0.5598830243643294,-0.5598830243643294
450,L,blink_dist,9,16200,19800,1.515568028130701,2.658038405598533,10.0,4.455830388692579,0.9058074894706556,1.2872170995263617,0.1349044075799414,4.911742133537989,28.0,0.1,-0.6416103460794803,-0.6416103460794803
450,L,blink_dist,10,18000,21600,4.336976125355024,11.932261818824673,24.0,4.727564570261199,1.2570166732296408,1.686173963578516,0.3215409036668189,5.625406746351365,47.0,0.041666666666666664,-0.4231391659447835,-0.4231391659447835
450,L,blink_dist,11,19800,23400,3.564864161612883,20.835835073349525,57.0,5.191002455905336,1.9750677142240072,2.154151445879791,0.42124895823064995,6.335568434530629,74.0,0.017543859649122806,-0.6894149590059966,-0.6894149590059966
450,L,blink_dist,12,21600,25200,2.509914957149527,12.92026499844081,55.0,5.1306545362648475,2.5558928429421512,2.00976311566527,0.32212838805343247,5.897355237096586,55.0,0.01818181818181818,-1.0095194489730175,-1.0095194489730175
450,L,blink_dist,13,23400,27000,3.47773042082482,19.543181014408216,90.0,5.294922847187656,2.7977056493612964,2.190835133089469,0.40620191711486614,6.359122775480856,59.0,0.011111111111111112,-0.34898197002287457,-0.34898197002287457
450,L,blink_dist,14,25200,28800,3.461533608146709,16.305737186734284,18.0,4.9664089950808155,1.4847537068139853,1.9606227462909878,0.3618169988325358,5.928398608800847,43.0,0.05555555555555555,-1.1363116243164768,-1.1363116243164768
450,M,blink_dist,0,0,3600,5.734406454701396,38.80702614470114,105.0,5.9312018391587555,2.975776171620025,2.6871854734256924,0.5821332471685394,7.78901270917968,89.0,0.009523809523809525,-1.4633007233536046,-1.4633007233536046
450,M,blink_dist,1,1800,5400,6.710464083408154,37.62889542689023,48.0,5.703225340933689,2.367650725193964,2.5612485782046734,0.5762006436440154,7.564578125,80.0,0.020833333333333332,-2.1182456283134763,-2.1182456283134763
450,M,blink_dist,2,3600,7200,5.7594524135567005,39.592034833735475,75.0,5.8251519973885015,2.6365957863713705,2.631263842957037,0.5952575089441717,7.657770800627944,92.0,0.013333333333333334,1.2519496640961354,1.2519496640961354
450,M,blink_dist,3,5400,9000,6.898117096566388,36.821996220962546,74.0,5.729346063772294,2.346147508018431,2.5803064514321585,0.5680423567114964,7.663979880344283,93.0,0.013513513513513514,0.9097467966778346,0.9097467966778346
450,M,blink_dist,4,7200,10800,7.271713991761988,25.2655163703061,56.0,5.1493038456372835,1.6596660139666644,2.1386743198548257,0.4725466507045657,6.623903069864827,64.0,0.017857142857142856,-3.7773807517368363,-3.7773807517368363
450,M,blink_dist,5,9000,12600,4.615053356038688,8.12425369905685,15.0,4.502781507769039,0.8878411871241368,1.3795031204056742,0.27035562862334517,5.306195231302222,21.0,0.06666666666666667,-0.4892579311277206,-0.4892579311277206
450,M,blink_dist,6,10800,14400,2.6477156504178345,5.113416988416988,12.0,4.428422152560084,0.8499473936947034,1.2520051822788363,0.21372466216216215,5.109172194981252,20.0,0.08333333333333333,-0.9524960954823778,-0.9524960954823778
450,M,blink_dist,7,12600,16200,3.0826176413319657,7.117059698321649,17.0,4.564639415088069,1.03023059845702,1.4680443329987698,0.24227538642499236,5.333789641797855,24.0,0.058823529411764705,-0.27489118431527015,-0.27489118431527015
450,M,blink_dist,8,14400,18000,3.946192079822493,9.864359990447317,16.0,4.667688182340548,1.161902339203107,1.6119244598689886,0.29375513557929334,5.531440548780488,40.0,0.0625,-0.08063726125693066,-0.08063726125693066
450,M,blink_dist,9,16200,19800,4.131864417663087,15.060983860056055,16.0,4.85349445621029,1.3305969664379376,1.841272472577106,0.3650507393447376,5.904796148074037,28.0,0.0625,-1.2392614391782422,-1.2392614391782422
450,M,blink_dist,10,18000,21600,3.3302499756009554,14.645786368650775,17.0,4.925,1.436288058537341,1.9146484148625686,0.35279150079140487,5.900092247222556,33.0,0.058823529411764705,-0.9872045102684158,-0.9872045102684158
450,M,blink_dist,11,19800,23400,5.283515302553745,16.809362283613584,18.0,4.896178231771751,1.3719435636664064,1.8885183094189277,0.3841656236584496,5.987043275459964,51.0,0.05555555555555555,-1.3534358501218748,-1.3534358501218748
450,M,blink_dist,12,21600,25200,6.252081506067176,20.387010073809883,19.0,4.9260448175813325,1.4262840430500994,1.9201009308474808,0.4284013479437216,6.122649432212364,65.0,0.05263157894736842,-1.494687756121759,-1.494687756121759
450,M,blink_dist,13,23400,27000,6.844095774596593,23.046672610240062,55.0,5.034104812398042,1.6114171294848163,2.0264071447415484,0.4558724683411362,6.358692644497616,57.0,0.01818181818181818,-2.3281368321052245,-2.3281368321052245
450,M,blink_dist,14,25200,28800,5.169690364541695,25.369537275064268,55.0,5.205604514042985,1.852005969690881,2.1811866122881116,0.4801929874431481,6.488404133180253,57.0,0.01818181818181818,-0.9338388543449684,-0.9338388543449684
451,H,blink_dist,0,0,3600,1.9770653771405469,1.9196277085656115,7.0,4.351648351648351,0.663661058738247,1.1054068244381383,0.12058671449577456,4.8061503783609725,14.0,0.14285714285714285,-0.9406083684413306,-0.9406083684413306
451,H,blink_dist,1,1800,5400,0.8670565934844408,0.15474743008732175,5.0,4.2,0.39999999999999997,0.7219280948873623,0.02607678420102428,4.382352941176471,10.0,0.2,-0.24432051329480312,-0.24432051329480312
451,H,blink_dist,2,3600,7200,1.29229480563106,1.1853554830416295,7.0,4.300448430493273,0.6383483282250868,0.9859159818088075,0.08983486601404134,4.639642515161188,17.0,0.14285714285714285,-0.24797773337375228,-0.24797773337375228
451,H,blink_dist,3,5400,9000,1.0524094675641256,0.20793491788847404,5.0,4.151515151515151,0.358550289884825,0.6136190195993708,0.02879215614849892,4.35091743119266,9.0,0.2,0.1576529900145917,0.1576529900145917
451,H,blink_dist,4,7200,10800,0.8717207643937193,0.1704108183384029,7.0,4.65,0.9096702699330123,1.5332062193464953,0.018534466962289733,4.597727272727273,11.0,0.14285714285714285,-0.36273449596624935,-0.36273449596624935
451,H,blink_dist,5,9000,12600,0.8404772085767713,0.21665589722148315,7.0,4.56,0.8522910301065008,1.4292750707107136,0.026226766505758486,4.662162162162162,10.0,0.14285714285714285,-0.09134672563479321,-0.09134672563479321
451,H,blink_dist,6,10800,14400,1.013770325682123,0.8713189531567587,9.0,4.354330708661418,0.8279331923209378,1.0594213807229833,0.06581372996990562,4.59010989010989,11.0,0.1111111111111111,-0.2822464556160135,-0.2822464556160135
451,H,blink_dist,7,12600,16200,1.0076366214726609,0.49934213655025916,8.0,4.2,0.5656854249492377,0.7005202506891475,0.04616140640109063,4.511231603408211,12.0,0.125,0.3199854764057413,0.3199854764057413
451,H,blink_dist,8,14400,18000,0.9045616390152146,0.16598975807875685,5.0,4.086956521739131,0.2817713347133852,0.42622865699814483,0.02488963446936253,4.2712121212121215,9.0,0.2,-0.2289952548472331,-0.2289952548472331
451,H,blink_dist,9,16200,19800,0.9664577426914279,0.40988348070407404,11.0,4.350877192982456,1.0343440682795555,0.9144221144505489,0.036046607718370385,4.539021852237253,13.0,0.09090909090909091,-0.32257562245618526,-0.32257562245618526
451,H,blink_dist,10,18000,21600,0.7809930562954247,0.21679551683233117,11.0,4.416666666666667,1.440968038815882,0.741684755789741,0.020380823822963964,4.40929203539823,10.0,0.09090909090909091,0.16515394124997645,0.16515394124997645
451,H,blink_dist,11,19800,23400,0.758710458971988,0.20842544053559023,5.0,4.125,0.33071891388307384,0.5435644431995964,0.03420072001515821,4.450684931506849,10.0,0.2,-0.0034054001065372107,-0.0034054001065372107
451,H,blink_dist,12,21600,25200,1.0126522025189397,0.5583860435036359,6.0,4.1647058823529415,0.4296937027705812,0.6790794802892915,0.05267599413221446,4.528135593220339,11.0,0.16666666666666666,-0.29924019300498694,-0.29924019300498694
451,H,blink_dist,13,23400,27000,0.9524652299635923,0.22304583340320985,5.0,4.03030303030303,0.17141982574219344,0.19590927087360493,0.027830418085159906,4.2881136950904395,11.0,0.2,-0.22432871804037885,-0.22432871804037885
451,H,blink_dist,14,25200,28800,1.3023738872877542,1.3957196296069172,6.0,4.199261992619927,0.4753707133634831,0.768469814155582,0.09936836941190899,4.567080045095828,13.0,0.16666666666666666,-0.3961016106391627,-0.3961016106391627
451,L,blink_dist,0,0,3600,1.7803395931724844,3.143785102908719,9.0,4.4298356510745895,0.8137999693922744,1.2559373394637687,0.1633709558757559,4.873277131004951,16.0,0.1111111111111111,-0.7646046389187319,-0.7646046389187319
451,L,blink_dist,1,1800,5400,1.1286335209171294,0.7076339551077019,6.0,4.237288135593221,0.5316741403850215,0.8515737690774521,0.06311387245605593,4.6892744479495265,10.0,0.16666666666666666,-0.48493855449901213,-0.48493855449901213
451,L,blink_dist,2,3600,7200,1.4688943726618249,0.6861678990865594,7.0,4.206666666666667,0.5202136313306525,0.7901149514199616,0.06247825141365811,4.613006824568447,10.0,0.14285714285714285,-0.46572136832622524,-0.46572136832622524
451,L,blink_dist,3,5400,9000,1.3536637941017726,0.9664172940315767,7.0,4.265625,0.6014441171394619,0.9282050161316019,0.06768461048309064,4.559618441971383,16.0,0.14285714285714285,0.5960161778114881,0.5960161778114881
451,L,blink_dist,4,7200,10800,1.0207026892938589,0.7323829048058715,7.0,4.216216216216216,0.5094672257873395,0.815170996446168,0.05820722680396238,4.563803680981595,16.0,0.14285714285714285,-0.14449334384841306,-0.14449334384841306
451,L,blink_dist,5,9000,12600,0.9514269727406365,0.9502383990329729,7.0,4.223880597014926,0.5813236446015049,0.8073913764736614,0.07343361762138205,4.572922111866179,11.0,0.14285714285714285,-0.18988976894216858,-0.18988976894216858
451,L,blink_dist,6,10800,14400,1.141012741652372,1.5203057410440552,8.0,4.309523809523809,0.7233551205220645,1.0025225028172848,0.09912085450702056,4.678229269904196,11.0,0.125,-0.20720284466187885,-0.20720284466187885
451,L,blink_dist,7,12600,16200,1.4503015817768925,2.084893607647914,8.0,4.331807780320366,0.6609193234182275,1.063692685052128,0.11516476496761972,4.845458758109361,14.0,0.125,-0.7286907748387256,-0.7286907748387256
451,L,blink_dist,8,14400,18000,1.4346957770564641,5.104710584620181,10.0,4.58958958958959,0.9532262963765953,1.5068384457081416,0.18167091595319476,5.176871827411167,18.0,0.1,-0.8293866150291987,-0.8293866150291987
451,L,blink_dist,9,16200,19800,1.7087477643526683,10.869727789410708,17.0,4.728751525010167,1.2001893010478468,1.6921336601190147,0.2990437107388573,5.502321981424148,21.0,0.058823529411764705,-0.19457376211099478,-0.19457376211099478
451,L,blink_dist,10,18000,21600,1.3719530944138407,5.062230035742976,14.0,4.538622129436326,1.1032647420425896,1.4078095605432013,0.187214027080835,5.087802562885619,18.0,0.07142857142857142,-0.18398027132816125,-0.18398027132816125
451,L,blink_dist,11,19800,23400,1.5129005057271068,5.443699519611466,14.0,4.54273127753304,1.0493033279484505,1.4277963633073085,0.19629414559467878,5.101385649609,19.0,0.07142857142857142,-0.4596481010503803,-0.4596481010503803
451,L,blink_dist,12,21600,25200,1.8913213037124403,3.9144975761363443,13.0,4.439655172413793,0.9103482744042464,1.2625778594557742,0.17244903129908956,5.047960444993819,19.0,0.07692307692307693,-0.8033157916275053,-0.8033157916275053
451,L,blink_dist,13,23400,27000,1.8976147398023573,5.588383838383838,12.0,4.504070556309363,0.9407391853387608,1.378319712329614,0.2108459595959596,5.2113804223447415,21.0,0.08333333333333333,-1.2398125455611555,-1.2398125455611555
451,L,blink_dist,14,25200,28800,0.9939795456937802,3.384328598058752,10.0,4.490405117270789,0.9431684827428722,1.3283071078747162,0.14025036960853635,5.057954216169226,13.0,0.1,0.13437201259278397,0.13437201259278397
451,M,blink_dist,0,0,3600,1.43506316038151,2.483248369359542,10.0,4.306949806949807,0.6752591104209777,1.017109590777394,0.1366677055274816,4.742564696794129,14.0,0.1,-0.6872131957608809,-0.6872131957608809
451,M,blink_dist,1,1800,5400,1.307517253838397,4.202450615097059,13.0,4.586666666666667,1.0327094891056616,1.497608527927019,0.16657707954115103,5.067075436640654,19.0,0.07692307692307693,-0.4204835520499993,-0.4204835520499993
451,M,blink_dist,2,3600,7200,1.1807540335095124,3.5700274617497056,10.0,4.534364261168385,1.0194101747712712,1.399923940838554,0.15139135022524047,5.006038917468128,24.0,0.1,-0.43297736798076397,-0.43297736798076397
451,M,blink_dist,3,5400,9000,1.1141937589240205,0.9232445451156923,7.0,4.209150326797386,0.5676876013230967,0.7724783190682115,0.07530750924678155,4.615992970123023,13.0,0.14285714285714285,-0.061908225147894014,-0.061908225147894014
451,M,blink_dist,4,7200,10800,1.83170936592673,5.723180494270715,9.0,4.479863481228669,0.8375390460853777,1.3405839340332968,0.21030486422379965,5.232479930570623,19.0,0.1111111111111111,-0.8429564678606615,-0.8429564678606615
451,M,blink_dist,5,9000,12600,1.5332503472970411,3.1711966996218317,10.0,4.430858806404658,0.8653661106938677,1.246834420746455,0.15076727541697485,4.981755593803786,19.0,0.1,-0.1905480992955898,-0.1905480992955898
451,M,blink_dist,6,10800,14400,1.0238174609627264,0.795681477783325,8.0,4.25,0.6487166818676188,0.8710047173761739,0.06080722666000998,4.4798850574712645,14.0,0.125,-0.4088487193868371,-0.4088487193868371
451,M,blink_dist,7,12600,16200,0.9955449181222368,0.22622982382954143,6.0,4.2727272727272725,0.5088744128408078,0.9308217193956854,0.021644257613195134,4.3168,9.0,0.16666666666666666,0.3742723912309026,0.3742723912309026
451,M,blink_dist,8,14400,18000,0.9350864013701162,0.12469892895577459,5.0,4.055555555555555,0.22906142364542562,0.3095434291503252,0.017175996310278267,4.362255965292841,9.0,0.2,-0.22771346049194047,-0.22771346049194047
451,M,blink_dist,9,16200,19800,0.8080995564085948,0.17987389061295486,5.0,4.136363636363637,0.34317429251230663,0.5746356978376794,0.029086201102962977,4.392537313432836,8.0,0.2,0.016078238106519885,0.016078238106519885
451,M,blink_dist,10,18000,21600,0.9558834922053239,0.6984943936634193,7.0,4.354166666666667,0.6288078446994392,1.1127073562369434,0.05446752335277309,4.517671517671518,11.0,0.14285714285714285,-0.3513144188511498,-0.3513144188511498
451,M,blink_dist,11,19800,23400,0.9624484724920138,3.5283964550071363,12.0,4.552462526766595,1.0727944538654914,1.43811781567942,0.14278720084973612,5.04160562554937,21.0,0.08333333333333333,-0.2285009594525414,-0.2285009594525414
451,M,blink_dist,12,21600,25200,0.8169806489618785,2.8682034136899524,10.0,4.445454545454545,0.855495925318704,1.2769862082968555,0.1342502981602049,4.868131868131868,15.0,0.1,-0.1708717375534636,-0.1708717375534636
451,M,blink_dist,13,23400,27000,1.6990520392090653,2.772424296552567,8.0,4.298833819241983,0.6588034332314957,1.00370518998045,0.14481662890503813,4.8639090622039785,16.0,0.125,-0.8771958929388861,-0.8771958929388861
451,M,blink_dist,14,25200,28800,1.5745410383945924,1.8798060340454887,8.0,4.240274599542334,0.5970391610567638,0.86807712885241,0.11406658956722868,4.742302825811894,15.0,0.125,-0.4939065898003303,-0.4939065898003303
452,H,blink_dist,0,0,3600,5.459364129746373,12.855232706132254,16.0,4.672657662448155,1.1365571845988882,1.6214414513537196,0.34169048782414574,5.636701498660617,38.0,0.0625,-2.2667713841670767,-2.2667713841670767
452,H,blink_dist,1,1800,5400,2.3781681021504544,1.9921415857876885,8.0,4.317321688500728,0.6438872485162256,1.0450571730385354,0.12578500184706318,4.755586592178771,12.0,0.125,0.5781376617636026,0.5781376617636026
452,H,blink_dist,2,3600,7200,2.3700537226233536,2.4120989102084556,13.0,4.34872417982989,0.8559108755944609,1.0817613017371617,0.13439077485054962,4.94494730316181,35.0,0.07692307692307693,-0.7137402602287527,-0.7137402602287527
452,H,blink_dist,3,5400,9000,3.265989840094012,7.476023025720532,43.0,4.656107219007006,1.4556856556522728,1.5583406073543316,0.23838076560031693,5.473749227918468,69.0,0.023255813953488372,-1.0123843681594584,-1.0123843681594584
452,H,blink_dist,4,7200,10800,2.399508281379208,7.435711385225767,14.0,4.525931928687196,0.9559462368166665,1.412821301780403,0.25769366466739,5.3298912295194825,29.0,0.07142857142857142,-0.04425594471098214,-0.04425594471098214
452,H,blink_dist,5,9000,12600,2.3885027548158764,6.516999705748602,14.0,4.549486461251167,1.0304093525181643,1.4428060420805608,0.24152355348687907,5.296304443466784,22.0,0.07142857142857142,0.47478923267660045,0.47478923267660045
452,H,blink_dist,6,10800,14400,2.422190208403782,7.550068912761061,13.0,4.665444172779136,1.1416272694142957,1.6077105340331184,0.2502192678761021,5.4193387131329,28.0,0.07692307692307693,-0.12553116262166664,-0.12553116262166664
452,H,blink_dist,7,12600,16200,3.253914109931633,14.691401053453177,19.0,4.834114036504603,1.3060644747213286,1.8201917041519393,0.3553539082327415,5.888197494712868,47.0,0.05263157894736842,-0.6243791479239462,-0.6243791479239462
452,H,blink_dist,8,14400,18000,2.594077684961132,11.350845432938018,18.0,4.793031721268851,1.3563330824731468,1.7633756274701355,0.3007475277398062,5.716191702264615,30.0,0.05555555555555555,-1.177047185574036,-1.177047185574036
452,H,blink_dist,9,16200,19800,1.7290496863584661,4.104501741387752,12.0,4.533673469387755,0.9603829888198111,1.423292798101976,0.17685016674827017,5.16414890747235,26.0,0.08333333333333333,1.0248465832249825,1.0248465832249825
452,H,blink_dist,10,18000,21600,2.299564043778675,7.7387402406157095,13.0,4.567855678556786,0.9550195147505186,1.4789335954497185,0.25482064960684614,5.3731233980227024,26.0,0.07692307692307693,0.6548266674152117,0.6548266674152117
452,H,blink_dist,11,19800,23400,2.9510145450253025,14.917617511420962,19.0,4.8452883263009845,1.4115914131617782,1.8225805615743873,0.36007967609933533,5.7601523941466795,32.0,0.05263157894736842,-0.9820395243231913,-0.9820395243231913
452,H,blink_dist,12,21600,25200,4.265016913210162,14.730479268644363,17.0,4.787244401168452,1.2931972792925575,1.761483775645616,0.3578841321144073,5.727240035960444,44.0,0.058823529411764705,-0.9002778680862612,-0.9002778680862612
452,H,blink_dist,13,23400,27000,2.8222387030026876,9.061838515785064,16.0,4.595579793340987,1.0329213429922048,1.5159608463862415,0.268951699625324,5.357384441939121,20.0,0.0625,-0.019746138572645646,-0.019746138572645646
452,H,blink_dist,14,25200,28800,1.6495032098920037,3.3931459227052203,9.0,4.407547169811321,0.716345298998792,1.2185263705544673,0.15442009548064725,4.938525859399195,19.0,0.1111111111111111,-0.4913920432479472,-0.4913920432479472
452,L,blink_dist,0,0,3600,2.9551356275410345,13.966033534047545,28.0,4.877855389843307,1.5675569347464597,1.8467164475257014,0.3496427142903473,5.844680370454032,36.0,0.03571428571428571,-1.4034356844637899,-1.4034356844637899
452,L,blink_dist,1,1800,5400,1.2084355683923194,2.7982657889867024,10.0,4.572354211663067,1.0872579633434523,1.4550405652098728,0.12895550797049726,5.093187157400156,28.0,0.1,-0.4188298755356861,-0.4188298755356861
452,L,blink_dist,2,3600,7200,1.7238104806795504,7.026566220962017,12.0,4.6436007348438455,1.069700620186537,1.580824354229274,0.21732039770568667,5.312117780294451,33.0,0.08333333333333333,-0.3954057857665039,-0.3954057857665039
452,L,blink_dist,3,5400,9000,1.8255437153411769,2.748320033599328,10.0,4.350415512465374,0.7702437605187544,1.103657457810866,0.1321617317653647,4.838084561178731,23.0,0.1,-0.3575885531036436,-0.3575885531036436
452,L,blink_dist,4,7200,10800,1.7770650896231621,1.7257961583058434,8.0,4.295302013422819,0.6571243267629725,0.9957496564547242,0.1104958967398632,4.82078431372549,16.0,0.125,-0.4423697933323951,-0.4423697933323951
452,L,blink_dist,5,9000,12600,2.489277598194774,2.8875584730590793,10.0,4.39453125,0.7477893037302937,1.19729194529606,0.14454155196642732,4.982415394824154,19.0,0.1,-1.076902189325627,-1.076902189325627
452,L,blink_dist,6,10800,14400,2.0774568640063533,2.6418779169453863,8.0,4.300375469336671,0.6023627730337652,1.0050675045019588,0.13681098578337525,4.771654599088228,13.0,0.125,-0.0750240866262911,-0.0750240866262911
452,L,blink_dist,7,12600,16200,1.6246489292932456,1.3646508243946083,8.0,4.244648318042813,0.5863590412447477,0.8796772485036615,0.1029534661934304,4.615028646981049,11.0,0.125,0.858770507038643,0.858770507038643
452,L,blink_dist,8,14400,18000,1.8063279701224713,3.7944908696997834,10.0,4.387525562372188,0.7500019167398347,1.1785611949937767,0.16560109652031657,4.93140223831468,17.0,0.1,0.024911233962970795,0.024911233962970795
452,L,blink_dist,9,16200,19800,2.6007864239402307,5.619019542813625,10.0,4.509117792015771,0.8681090185209099,1.3907047416370502,0.1916694304209505,5.026657002496577,17.0,0.1,-0.8444241034336428,-0.8444241034336428
452,L,blink_dist,10,18000,21600,1.9796370604158684,3.907693549037802,10.0,4.386775362318841,0.713385808561362,1.1784852780567239,0.1588372937426877,4.928768152228343,22.0,0.1,-0.6352367347400282,-0.6352367347400282
452,L,blink_dist,11,19800,23400,1.9937094390839312,8.548583514933982,13.0,4.677772906619904,1.1012254714449252,1.6297690142022836,0.25144212280476863,5.4809640237513095,33.0,0.07692307692307693,-0.4036874515695223,-0.4036874515695223
452,L,blink_dist,12,21600,25200,2.433307547283432,6.598528262995858,13.0,4.509645580978017,0.921563279663912,1.3835617673644864,0.23713543000059079,5.256001745962462,22.0,0.07692307692307693,-1.070981641208363,-1.070981641208363
452,L,blink_dist,13,23400,27000,3.163905195295385,7.9474545124093785,14.0,4.624559341950646,1.08944660309834,1.5543653418125265,0.25682818716048383,5.41589481528798,24.0,0.07142857142857142,-1.0740022843231987,-1.0740022843231987
452,L,blink_dist,14,25200,28800,4.241999549236633,6.826825319124901,14.0,4.608540925266904,1.0807688314970094,1.5321679415297793,0.22975863237564484,5.266442257897462,24.0,0.07142857142857142,-1.3174912456407153,-1.3174912456407153
452,M,blink_dist,0,0,3600,3.233340643729062,17.14429684373811,19.0,5.064798598949212,1.6416939402022923,2.054836885077246,0.3828344605109103,6.171909843899331,52.0,0.05263157894736842,-1.736603696517039,-1.736603696517039
452,M,blink_dist,1,1800,5400,2.165996245342418,2.654828099880533,8.0,4.374240583232078,0.7301308163256786,1.1556034774382982,0.1387442663087565,4.929647582863881,18.0,0.125,-0.4666059782422026,-0.4666059782422026
452,M,blink_dist,2,3600,7200,2.206424384285514,2.305748807308898,11.0,4.387052341597796,0.7822393967605931,1.1778008341244544,0.13474694678317273,4.944348519059636,16.0,0.09090909090909091,0.48359212363199783,0.48359212363199783
452,M,blink_dist,3,5400,9000,2.609539730989151,4.352696333476159,11.0,4.416770186335404,0.8050103988252092,1.2286109198418063,0.193456570973863,5.114491463710656,18.0,0.09090909090909091,-0.7070597976517405,-0.7070597976517405
452,M,blink_dist,4,7200,10800,1.9024066962159998,5.3937867338371115,9.0,4.445674740484429,0.7983484106978096,1.2839113766071288,0.21734676742233416,5.13509224360246,25.0,0.1111111111111111,1.3330230014604947,1.3330230014604947
452,M,blink_dist,5,9000,12600,1.7342888920373818,1.4110062169007598,7.0,4.163043478260869,0.44908539695898997,0.6771383513247851,0.09765599815795534,4.564356435643564,13.0,0.14285714285714285,-0.09166232111399861,-0.09166232111399861
452,M,blink_dist,6,10800,14400,1.5917601351076138,0.6653152972343757,7.0,4.169811320754717,0.4515180149886174,0.6944332174994912,0.0637267691566652,4.487985865724381,11.0,0.14285714285714285,-0.17154558702516862,-0.17154558702516862
452,M,blink_dist,7,12600,16200,2.0104812865316792,3.516438116727313,9.0,4.434869739478958,0.7618578527795147,1.2673246094526014,0.156599081562932,5.018586887332909,17.0,0.1111111111111111,-0.05450613597348952,-0.05450613597348952
452,M,blink_dist,8,14400,18000,1.4860815229987552,8.490261834128724,17.0,4.76130198915009,1.312405589521258,1.7236355699143113,0.2551539189131089,5.454618566176471,26.0,0.058823529411764705,-0.5597047856123256,-0.5597047856123256
452,M,blink_dist,9,16200,19800,1.2864965383705527,11.667349548677072,20.0,4.901930099113198,1.4634412639877425,1.8839367539589138,0.2956568704138265,5.64611736810907,33.0,0.05,-0.024982634750117395,-0.024982634750117395
452,M,blink_dist,10,18000,21600,2.6509102880269295,6.0966497951313565,11.0,4.539255271422163,0.9217513037779741,1.4347843133609324,0.22077307785008435,5.187893805309734,23.0,0.09090909090909091,-1.0396494960844813,-1.0396494960844813
452,M,blink_dist,11,19800,23400,1.8022388339828297,2.765246523500164,9.0,4.394366197183099,0.7558014725439735,1.1914640648157167,0.134526584477395,4.815513959390863,15.0,0.1111111111111111,-0.5666806608234881,-0.5666806608234881
452,M,blink_dist,12,21600,25200,2.1074545111557543,4.292200065182625,10.0,4.4380877742946705,0.8426842347928274,1.2706121064269398,0.19286477637054047,5.053321417932678,19.0,0.1,-0.08423894960490654,-0.08423894960490654
452,M,blink_dist,13,23400,27000,2.0119029002677267,1.579929339843595,9.0,4.2703862660944205,0.6869902799821244,0.9226397559374782,0.1067127148584812,4.724428822495606,13.0,0.1111111111111111,-0.15033085491157147,-0.15033085491157147
452,M,blink_dist,14,25200,28800,1.483781383920207,2.764500710502519,8.0,4.352542372881356,0.6994806626041066,1.114597357906968,0.1428486844938208,4.789568669915178,11.0,0.125,0.12234299522788694,0.12234299522788694
453,H,blink_dist,0,0,3600,4.23449215085526,46.185967559411544,114.0,6.45809378131758,4.089035300630848,2.940024987752029,0.6393172387778197,8.4671645892139,130.0,0.008771929824561403,-2.275984284012079,-2.275984284012079
453,H,blink_dist,1,1800,5400,3.60701740486489,22.276887922521333,67.0,5.224322359538893,1.9739571351893608,2.188629447270006,0.44632600734222844,6.562786911932281,54.0,0.014925373134328358,-0.3673785859751124,-0.3673785859751124
453,H,blink_dist,2,3600,7200,2.506911997796978,23.27248399120711,50.0,5.410309583765368,2.30002100976954,2.3269695622832547,0.43338112077479374,6.634833926742428,76.0,0.02,-0.8584982677603394,-0.8584982677603394
453,H,blink_dist,3,5400,9000,1.888382237112073,21.06291553179611,39.0,5.351601117558564,2.1715973540366167,2.2788311233192013,0.402027541405153,6.511199397218988,57.0,0.02564102564102564,-0.577639086747123,-0.577639086747123
453,H,blink_dist,4,7200,10800,1.7163989214264503,14.058908380252198,19.0,5.0106135986733005,1.7013954242520613,1.9867279308665016,0.3354334372528035,5.878975697276138,36.0,0.05263157894736842,0.2574247767750414,0.2574247767750414
453,H,blink_dist,5,9000,12600,2.241789022618194,16.659422716552545,19.0,4.960959049437726,1.5898586187336294,1.943577886353368,0.37629589517410417,5.925942549371634,40.0,0.05263157894736842,-0.3264104571729104,-0.3264104571729104
453,H,blink_dist,6,10800,14400,2.693926083433392,14.986985111441836,19.0,4.803496769289244,1.364758124920695,1.7766901878246975,0.36309760277018494,5.779303510758777,37.0,0.05263157894736842,-0.5743473691101504,-0.5743473691101504
453,H,blink_dist,7,12600,16200,2.5707408572266934,17.385252980906046,20.0,5.093755689058802,1.7307741238906378,2.074068836469016,0.3809998695174008,6.209153966887753,52.0,0.05,-0.0385668526943118,-0.0385668526943118
453,H,blink_dist,8,14400,18000,2.766284625279391,17.003978450540757,23.0,5.166315789473685,1.8008931814946678,2.1401189067018,0.36357205961324146,6.384233206590621,55.0,0.043478260869565216,-0.9091230337473492,-0.9091230337473492
453,H,blink_dist,9,16200,19800,3.1090852139233167,16.252748607714597,26.0,5.116448326055313,1.7127617578854804,2.1015068164639015,0.36525657097059244,6.330528471572949,55.0,0.038461538461538464,-0.4822889839874794,-0.4822889839874794
453,H,blink_dist,10,18000,21600,3.1686652053329363,26.253944569348807,77.0,5.465526288172946,2.3006504481540158,2.3817313490148644,0.47216117031465815,6.969344097622679,61.0,0.012987012987012988,-0.4886350988724228,-0.4886350988724228
453,H,blink_dist,11,19800,23400,2.365597203158666,26.477062485651395,52.0,5.604917095483133,2.5963973933571327,2.461291127719185,0.464574133344137,6.953259221829207,68.0,0.019230769230769232,0.22674804538120732,0.22674804538120732
453,H,blink_dist,12,21600,25200,2.3419728580394095,26.361522040117585,38.0,5.4438028169014085,2.005856823136108,2.3792115935698237,0.4641860877512464,6.707253375381886,43.0,0.02631578947368421,-0.6019577774783919,-0.6019577774783919
453,H,blink_dist,13,23400,27000,2.579909467164796,18.712193913877968,19.0,4.968436626664475,1.4882928440764451,1.9622319913672832,0.3981425873757855,6.07118580060423,39.0,0.05263157894736842,-0.2692125203910377,-0.2692125203910377
453,H,blink_dist,14,25200,28800,2.466276207409291,22.585993614030997,54.0,5.233828605733153,2.098565329429421,2.181004491293556,0.43765260587690497,6.4457480803166884,65.0,0.018518518518518517,-0.5300807471534744,-0.5300807471534744
453,L,blink_dist,0,0,3600,7.161483021060169,46.6137608621951,117.0,6.517291920042411,3.824278035472533,2.9846674890976876,0.6381773816533733,8.70164074023387,166.0,0.008547008547008548,-2.33291715581144,-2.33291715581144
453,L,blink_dist,1,1800,5400,7.481585709491476,24.859730477556877,44.0,5.200723569610076,2.070812461167437,2.1566766383778586,0.47109636537541844,6.618097837497376,108.0,0.022727272727272728,-0.3653005614777741,-0.3653005614777741
453,L,blink_dist,2,3600,7200,6.371656791775597,20.9349782023931,42.0,5.146933744221879,1.950318372394748,2.114979512172366,0.42555722404530494,6.507705577918344,108.0,0.023809523809523808,-0.2200005342491831,-0.2200005342491831
453,L,blink_dist,3,5400,9000,3.887027391302056,18.330614307963526,17.0,4.961846496106785,1.4405502497458045,1.9587298965183242,0.3935141998874036,6.243756927691204,65.0,0.058823529411764705,-1.762212173931115,-1.762212173931115
453,L,blink_dist,4,7200,10800,3.2296188909144665,15.75201543103022,19.0,4.882569369921815,1.4118293158425361,1.8694727958532549,0.3705573965082348,5.92510873863187,39.0,0.05263157894736842,0.6967429752318179,0.6967429752318179
453,L,blink_dist,5,9000,12600,4.264393958876388,10.17372608363424,13.0,4.656437510714898,1.0539615918579788,1.6033149857440083,0.2947013169920441,5.524100403721257,29.0,0.07692307692307693,0.4623914107818725,0.4623914107818725
453,L,blink_dist,6,10800,14400,2.311655747129099,1.7329896835980956,8.0,4.369337979094077,0.6777966306567994,1.1481760545651158,0.11029498137796173,4.802768166089965,16.0,0.125,-0.3799834864284817,-0.3799834864284817
453,L,blink_dist,7,12600,16200,2.6254490262824435,5.345387732256063,14.0,4.512583461736004,0.9356385351775545,1.3911779472985888,0.20628049596631906,5.1783886979763265,23.0,0.07142857142857142,-0.5521708936235435,-0.5521708936235435
453,L,blink_dist,8,14400,18000,2.640080466532098,7.340182234000072,15.0,4.746478873239437,1.2546811112263758,1.707822656979365,0.23063612492588426,5.409777903923934,27.0,0.06666666666666667,-1.1249956068574565,-1.1249956068574565
453,L,blink_dist,9,16200,19800,2.648035114178744,5.458438894920979,12.0,4.635758196721311,1.0741046781221848,1.5728125178669279,0.20116419350947037,5.332853601982889,20.0,0.08333333333333333,1.3605460657705402,1.3605460657705402
453,L,blink_dist,10,18000,21600,4.328781879887695,9.361150983568448,16.0,4.673728813559322,1.1291976244310424,1.6215569930948095,0.28305590713017936,5.682990072603348,29.0,0.0625,-1.8888742795091762,-1.8888742795091762
453,L,blink_dist,11,19800,23400,4.76462628889651,24.060893965248468,21.0,5.256793378744598,1.8279406197703971,2.2280181133083254,0.4486001830439607,6.782012620055244,70.0,0.047619047619047616,-1.34499410902743,-1.34499410902743
453,L,blink_dist,12,21600,25200,3.5859168234568184,27.183557836219798,37.0,5.402443342776204,2.102509557173776,2.3387579598262866,0.48286161000641437,6.827087794432548,124.0,0.02702702702702703,-1.947110089216255,-1.947110089216255
453,L,blink_dist,13,23400,27000,6.148719006224911,31.445160284719698,34.0,5.535510129418759,2.1183181960939925,2.4470023107187524,0.5268821114978958,7.177873725934315,84.0,0.029411764705882353,1.2626473498020223,1.2626473498020223
453,L,blink_dist,14,25200,28800,3.997162522875602,15.794311106848571,17.0,5.018283392585069,1.5945472407329109,2.0062505458846225,0.358840642258294,6.019372570049605,66.0,0.058823529411764705,-1.2865816736478175,-1.2865816736478175
453,M,blink_dist,0,0,3600,3.769752244672183,21.286837143280863,40.0,5.082245827010622,1.6794793537311954,2.069972626556176,0.4266201987246033,6.423253588516746,77.0,0.025,-2.179101531172079,-2.179101531172079
453,M,blink_dist,1,1800,5400,4.178346394875418,18.571401265363075,29.0,5.0436046511627906,1.6586781641828123,2.03016711847251,0.3972150543800294,6.244883853712775,69.0,0.034482758620689655,0.18002349646323657,0.18002349646323657
453,M,blink_dist,2,3600,7200,3.5519737988601854,21.909331702425227,24.0,5.281873373807459,1.889256417811062,2.2464294156858386,0.4270273551857032,6.682512315270936,59.0,0.041666666666666664,-0.601442170729681,-0.601442170729681
453,M,blink_dist,3,5400,9000,4.95977072724807,21.735811868369694,23.0,5.254262358894511,1.742907088063494,2.2319623733793406,0.4278645179159179,6.623351696288356,97.0,0.043478260869565216,-0.42683123357999825,-0.42683123357999825
453,M,blink_dist,4,7200,10800,5.31145240844528,26.593348430033412,36.0,5.380856760374833,1.992275724283284,2.3274223210789904,0.4785368230167537,6.942150382828349,109.0,0.027777777777777776,-0.4103174269287776,-0.4103174269287776
453,M,blink_dist,5,9000,12600,5.738942840106311,24.691193088514442,19.0,5.133796296296296,1.6076830680809109,2.1249690410877844,0.4697706005800393,6.466123934489033,51.0,0.05263157894736842,-0.8654340633451332,-0.8654340633451332
453,M,blink_dist,6,10800,14400,6.738017832786598,12.935924880225112,16.0,4.742156947944729,1.188206424131814,1.7127007484982277,0.3393155585267155,5.793746205221615,32.0,0.0625,-1.4672981316485518,-1.4672981316485518
453,M,blink_dist,7,12600,16200,4.555042088551841,7.455254446501711,15.0,4.585849870578085,1.038394899403578,1.500621252712958,0.25317356786175166,5.498210341938923,22.0,0.06666666666666667,-0.015180483339620267,-0.015180483339620267
453,M,blink_dist,8,14400,18000,4.550154293009926,13.385779781086983,20.0,4.783715970392674,1.3065523153794107,1.757406447175292,0.3380601835274624,5.863401120311739,41.0,0.05,-0.5724557608525875,-0.5724557608525875
453,M,blink_dist,9,16200,19800,4.679201679229313,21.050655251398744,23.0,4.991581673951757,1.5144633366845182,1.9863218417093618,0.4289071860886663,6.238709997765585,44.0,0.043478260869565216,-1.1353943505673647,-1.1353943505673647
453,M,blink_dist,10,18000,21600,3.5390514897313965,12.064794504472788,17.0,4.719456214689266,1.2290056098502593,1.6793571372042893,0.32668959478610954,5.621248009940589,31.0,0.058823529411764705,-0.7679809859699288,-0.7679809859699288
453,M,blink_dist,11,19800,23400,4.299007857370931,10.579291741442155,18.0,4.783770161290323,1.247222195616546,1.761047366198747,0.2895046797379793,5.6598990302546035,35.0,0.05555555555555555,-1.1666588427303848,-1.1666588427303848
453,M,blink_dist,12,21600,25200,3.4566777589808853,12.311637901157551,18.0,4.845943979628956,1.3281595308220604,1.8318608817501325,0.3099674221944964,5.729043002946577,42.0,0.05555555555555555,-1.0693360365176252,-1.0693360365176252
453,M,blink_dist,13,23400,27000,2.5889982111626706,12.40282816317465,18.0,5.048468106479156,1.6256703331260471,2.0324309861266574,0.3024419436835221,5.798556896143837,39.0,0.05555555555555555,-1.2607403834383537,-1.2607403834383537
453,M,blink_dist,14,25200,28800,2.8877128008010873,8.798849462068203,19.0,4.675778953556732,1.220945001938235,1.6145188776131787,0.2778134247863484,5.483323325509034,33.0,0.05263157894736842,-0.04406517762807533,-0.04406517762807533
454,H,blink_dist,0,0,3600,3.1363833922930326,46.413856676495904,253.0,6.796047725577927,6.010028845276915,3.0288624058551408,0.6421546907864917,8.462065031374786,200.0,0.003952569169960474,-1.3164436640113877,-1.3164436640113877
454,H,blink_dist,1,1800,5400,2.3721462102573105,31.427263177741267,64.0,5.621777884847025,2.6674782025848227,2.479848345433135,0.5246081019204353,6.832280978689819,46.0,0.015625,-0.6750510446265241,-0.6750510446265241
454,H,blink_dist,2,3600,7200,3.04504870304901,50.919820599575104,207.0,7.142300051504672,5.238135994789371,3.224347999667694,0.6632543866551263,9.0410797282803,127.0,0.004830917874396135,-0.5521768205106952,-0.5521768205106952
454,H,blink_dist,3,5400,9000,6.368845510679594,59.83657745641689,158.0,7.968371129888781,6.6173676316382455,3.506174000941995,0.7259825792973031,10.62001724359327,204.0,0.006329113924050633,-1.1582496669689075,-1.1582496669689075
454,H,blink_dist,4,7200,10800,7.241971915621314,54.98221150770982,125.0,7.102803738317757,4.684139598957463,3.2428572995440175,0.6958741284962162,9.606963962180844,120.0,0.008,0.10970903803920591,0.10970903803920591
454,H,blink_dist,5,9000,12600,8.037197082465257,50.235706563215466,161.0,6.500784404495538,4.296984700525187,2.9727591915265603,0.6732552547061816,8.729140898783756,149.0,0.006211180124223602,-2.2729034386130444,-2.2729034386130444
454,H,blink_dist,6,10800,14400,5.433359779608341,32.81298231688495,97.0,5.73384362478167,2.827755426314543,2.560379319027836,0.5371345416060326,7.289262133210987,98.0,0.010309278350515464,-0.7917027225692701,-0.7917027225692701
454,H,blink_dist,7,12600,16200,5.490847283384003,38.39140780907277,112.0,6.1735510127707345,3.4791133997479706,2.8033251531326697,0.580231793666401,7.852019526021573,118.0,0.008928571428571428,-0.8503664834534594,-0.8503664834534594
454,H,blink_dist,8,14400,18000,4.532551839783812,51.15520157879899,240.0,7.1753830944142365,6.207340785182892,3.1987941958407644,0.6702195517338596,9.239287796346677,133.0,0.004166666666666667,-1.5153138087125464,-1.5153138087125464
454,H,blink_dist,9,16200,19800,5.0047991443482625,47.33072688103407,88.0,6.601335410638772,4.141571905353833,3.014907005351243,0.6463400622356977,8.505796127514806,128.0,0.011363636363636364,-0.6875011999676854,-0.6875011999676854
454,H,blink_dist,10,18000,21600,5.083499041848315,28.15567537674547,101.0,5.522371502526809,2.5195693974396196,2.4104415497721954,0.4846835212347448,6.9418554938007695,143.0,0.009900990099009901,-2.1488401209794605,-2.1488401209794605
454,H,blink_dist,11,19800,23400,5.435228642609661,24.691423331922696,101.0,5.279502324996858,2.1675856155941062,2.226071634631706,0.46090480556731084,6.694683371395642,123.0,0.009900990099009901,0.307510680090696,0.307510680090696
454,H,blink_dist,12,21600,25200,4.703321193177979,38.69608186081895,82.0,5.947747559638774,2.8592707290513197,2.704167568347833,0.5823006204767517,7.682543238641455,66.0,0.012195121951219513,-1.5990059753717194,-1.5990059753717194
454,H,blink_dist,13,23400,27000,5.804464857468847,47.71896705449822,159.0,6.448919632563502,4.044189007655835,2.950245037566967,0.6527265622420113,8.477991242963096,201.0,0.006289308176100629,1.5470816703569883,1.5470816703569883
454,H,blink_dist,14,25200,28800,7.838027400726237,47.048801811293686,159.0,6.2633749321758,3.4823372484360546,2.867308318715802,0.6472542230573122,8.35906883709913,134.0,0.006289308176100629,-2.5382203800698036,-2.5382203800698036
454,L,blink_dist,0,0,3600,4.0031684415807005,47.624272797644224,118.0,6.546097734876323,4.0602838502424445,2.9985581804003067,0.6470026095491944,8.662117043724459,93.0,0.00847457627118644,-1.5197185617357094,-1.5197185617357094
454,L,blink_dist,1,1800,5400,3.2133741586722193,31.770167964885943,115.0,5.660024796315976,2.7545382511536616,2.5071973429141288,0.5255228087268172,7.144517655009292,56.0,0.008695652173913044,-1.7568526417586001,-1.7568526417586001
454,L,blink_dist,2,3600,7200,2.0336104628215264,17.123018678228632,63.0,5.484276729559748,2.908446484786499,2.3026772825314645,0.3664404543098167,6.309575331349743,80.0,0.015873015873015872,-0.05188502030691723,-0.05188502030691723
454,L,blink_dist,3,5400,9000,1.8444879163631096,14.207527235568179,46.0,5.4979892761394105,2.648156064404107,2.3433936350627276,0.3194355439319674,6.33407744483558,68.0,0.021739130434782608,-0.5571064061600244,-0.5571064061600244
454,L,blink_dist,4,7200,10800,2.4322533168724307,13.958009075923846,21.0,5.028152353915306,1.6970485986069426,2.0080532765171246,0.3286574593980469,5.945351945351946,46.0,0.047619047619047616,-1.0805798090720193,-1.0805798090720193
454,L,blink_dist,5,9000,12600,2.866692085333243,24.58976202018176,25.0,5.342089335431546,1.9983425991190098,2.2908460863962943,0.4570956544027102,6.5643354405057215,63.0,0.04,-0.7913853586832942,-0.7913853586832942
454,L,blink_dist,6,10800,14400,2.457283302539689,18.173013169697995,19.0,5.016508164363898,1.597733077425649,2.006061226904357,0.4037006461342451,5.9435831180017225,39.0,0.05263157894736842,-0.8239887226517122,-0.8239887226517122
454,L,blink_dist,7,12600,16200,2.062346228115335,6.660057469038749,14.0,4.554555084745763,1.0163860939037173,1.4494059391279097,0.232950980923687,5.133031828654322,19.0,0.07142857142857142,0.3110866172621294,0.3110866172621294
454,L,blink_dist,8,14400,18000,2.267282230738771,25.458106423000782,83.0,6.2217630853994494,3.9160079998155806,2.783084780089226,0.4259421035204272,7.077494878548435,91.0,0.012048192771084338,-0.554995512367561,-0.554995512367561
454,L,blink_dist,9,16200,19800,2.2653335017972234,35.16263458867164,112.0,6.793079961858058,5.524285875256684,2.9919349718475696,0.5233921633608563,7.984510299575109,109.0,0.008928571428571428,-1.3429572634609865,-1.3429572634609865
454,L,blink_dist,10,18000,21600,2.033530596881299,10.0409240509312,36.0,4.854918344094189,1.7157011355186997,1.79364294470118,0.2856867935495527,5.625319000850669,29.0,0.027777777777777776,0.1443160168079221,0.1443160168079221
454,L,blink_dist,11,19800,23400,1.872345156314417,10.921530822911157,19.0,4.99687743950039,1.7719268698153425,1.9597291333048306,0.2880103738333703,5.7972009959646265,29.0,0.05263157894736842,-0.7682651693030241,-0.7682651693030241
454,L,blink_dist,12,21600,25200,1.9491761908131486,19.15052283082571,36.0,5.314760063679782,2.1052784670127482,2.258894948004528,0.3915699675484315,6.41677298059491,55.0,0.027777777777777776,-0.575259893337996,-0.575259893337996
454,L,blink_dist,13,23400,27000,2.099084560619926,18.998120429485667,46.0,5.25821398483572,2.1461663110255476,2.203714589645476,0.3926361927663169,6.2019953122182825,51.0,0.021739130434782608,-0.4350352630812957,-0.4350352630812957
454,L,blink_dist,14,25200,28800,2.302567003131224,28.89727509850713,60.0,5.560806300894407,2.3715443838651575,2.451340697756776,0.49814085132360286,6.739687456004505,51.0,0.016666666666666666,-1.2778177011493124,-1.2778177011493124
454,M,blink_dist,0,0,3600,4.160041121375304,49.49028371326875,121.0,6.717673424714651,4.35245325328419,3.0692178720337617,0.6583940961223166,8.770472098613881,119.0,0.008264462809917356,-2.0520079853001154,-2.0520079853001154
454,M,blink_dist,1,1800,5400,4.032079911943009,45.56863739363303,121.0,6.425068424286432,4.220287506498416,2.915262884720437,0.6299736954695992,8.289787832977115,119.0,0.008264462809917356,0.5419974549905376,0.5419974549905376
454,M,blink_dist,2,3600,7200,5.206221045601695,45.881540798011876,236.0,6.433106771057386,3.9764507309843453,2.946077742528422,0.6354135026922546,8.380855067478704,143.0,0.00423728813559322,-0.8557933620457338,-0.8557933620457338
454,M,blink_dist,3,5400,9000,5.440276170032031,36.91057817656523,80.0,5.949503076194984,2.764122792537239,2.7092473018354304,0.5637221511033859,7.6847982708933715,86.0,0.0125,-1.8273069877983887,-1.8273069877983887
454,M,blink_dist,4,7200,10800,4.812513906656842,42.40773747290789,91.0,6.239025343034328,3.184105955548115,2.8657264210717894,0.6063802952002576,8.214311406861203,92.0,0.01098901098901099,-1.5454424639262654,-1.5454424639262654
454,M,blink_dist,5,9000,12600,4.887252453521617,44.22419484517888,90.0,6.422279177939152,3.912481637182693,2.9299226597231947,0.6171894916428623,8.385763133354057,109.0,0.011111111111111112,-0.37207692702410705,-0.37207692702410705
454,M,blink_dist,6,10800,14400,6.703707424864919,26.324028735837594,54.0,5.237413482506874,1.8310014440258486,2.2121626214561623,0.4800409831182911,6.808008786009969,68.0,0.018518518518518517,-1.8464360273182714,-1.8464360273182714
454,M,blink_dist,7,12600,16200,3.989830829562729,11.608876504806172,17.0,4.765324568611339,1.2486234645071812,1.7385649958211398,0.3183583350348102,5.696310888252149,34.0,0.058823529411764705,-1.6207966313186521,-1.6207966313186521
454,M,blink_dist,8,14400,18000,3.2751744232201596,18.57424332575765,47.0,5.2465904394544705,2.0744711744074045,2.2012741118741896,0.3988890081056564,6.549145213596509,65.0,0.02127659574468085,-1.270111354324418,-1.270111354324418
454,M,blink_dist,9,16200,19800,2.8489299002266755,35.50575531097742,155.0,6.315017949740726,4.754523157625783,2.825391677916364,0.5526107750186424,7.847605398304073,109.0,0.0064516129032258064,-1.2201337221728095,-1.2201337221728095
454,M,blink_dist,10,18000,21600,2.293478259133349,17.050068601436102,51.0,5.0063394683026585,1.7826018687844658,1.9792672544656338,0.3806126073420948,5.921176661790996,30.0,0.0196078431372549,0.500832269414201,0.500832269414201
454,M,blink_dist,11,19800,23400,1.3560917186846846,5.468915639944404,15.0,4.6107249255213505,1.1593084996766183,1.5196731596536832,0.19825555372329148,5.096593489780469,20.0,0.06666666666666667,-0.573088479469812,-0.573088479469812
454,M,blink_dist,12,21600,25200,1.22999937225371,3.8114903121915744,11.0,4.529320987654321,1.0103193643371295,1.397841589376627,0.1622642979585476,5.00400480576692,16.0,0.09090909090909091,-0.06312875084228972,-0.06312875084228972
454,M,blink_dist,13,23400,27000,1.1676400461241778,1.4924760601915186,8.0,4.2784313725490195,0.6362616694072777,0.9566344105639405,0.10348153214774282,4.639374425022999,12.0,0.125,-0.29149491421041984,-0.29149491421041984
454,M,blink_dist,14,25200,28800,1.7805791909931665,8.501610255398168,13.0,4.616171456405261,1.0643089701076267,1.5423533641853173,0.2641043122549855,5.359639541234298,29.0,0.07692307692307693,-0.8866694445865562,-0.8866694445865562
455,H,blink_dist,0,0,3600,3.9012435286625284,24.538460593603755,49.0,5.265969598453563,1.9526489868068457,2.2293322432883897,0.465818037398101,6.597465858679579,44.0,0.02040816326530612,-1.9387002742417672,-1.9387002742417672
455,H,blink_dist,1,1800,5400,3.477922099081366,10.236755689255288,21.0,4.6406412658754945,1.1516083155530392,1.5723944934433727,0.31258410453073693,5.470661522385661,22.0,0.047619047619047616,-1.0253836153149631,-1.0253836153149631
455,H,blink_dist,2,3600,7200,4.391939865419501,17.059758434955285,23.0,4.823837926779103,1.314931587990687,1.8053272557394557,0.40230654247755104,5.90004533696029,26.0,0.043478260869565216,1.7144163210966785,1.7144163210966785
455,H,blink_dist,3,5400,9000,3.042477019773689,12.666295662400117,23.0,4.68739071303672,1.138035868374458,1.6412273343457442,0.33443147096191606,5.593160066731056,26.0,0.043478260869565216,0.023091823943223875,0.023091823943223875
455,H,blink_dist,4,7200,10800,2.195690401918955,8.32454296127629,16.0,4.661099796334012,1.1305848081282857,1.601886311972127,0.26556259593630194,5.359245393819276,41.0,0.0625,-0.6309790476603393,-0.6309790476603393
455,H,blink_dist,5,9000,12600,2.2429870117216044,10.223469256954038,16.0,4.745785123966942,1.2501251190710714,1.7117682857741676,0.29107262394781447,5.552265163349861,41.0,0.0625,0.08481220759769235,0.08481220759769235
455,H,blink_dist,6,10800,14400,1.648401059916866,4.9371111843252775,9.0,4.445898778359512,0.7810728538476568,1.2865596651395237,0.2034680904668695,5.0227245544791295,16.0,0.1111111111111111,-0.14401287860336828,-0.14401287860336828
455,H,blink_dist,7,12600,16200,1.8051140078310153,6.630445362758718,18.0,4.608241082410824,1.0910148433333822,1.526492483337514,0.2332513339645515,5.192966903073286,21.0,0.05555555555555555,-0.23439848376308023,-0.23439848376308023
455,H,blink_dist,8,14400,18000,2.01436277122673,9.204735585882055,19.0,4.726384364820847,1.248473056491349,1.6834294675878867,0.27528170075093766,5.538970881531712,25.0,0.05263157894736842,-0.31397625064528284,-0.31397625064528284
455,H,blink_dist,9,16200,19800,2.2580657012365326,10.836410452301118,16.0,4.76188995958968,1.258555762659464,1.7312531955985386,0.30128885304811626,5.672882258923814,25.0,0.0625,0.3797122912819225,0.3797122912819225
455,H,blink_dist,10,18000,21600,2.309978562384324,20.279222216075677,23.0,5.216471006759161,1.8646649129052257,2.185851497909865,0.408609697405543,6.289675359233635,33.0,0.043478260869565216,-0.42701600414717317,-0.42701600414717317
455,H,blink_dist,11,19800,23400,2.740296248329404,26.22991909347385,40.0,5.505138243210179,2.1529844029206124,2.4180687504509333,0.47002436522185176,6.813307984790875,75.0,0.025,-0.6713032805088398,-0.6713032805088398
455,H,blink_dist,12,21600,25200,3.1734252153704876,20.293750503342192,28.0,5.118446108924718,1.6955867927019506,2.106053614848828,0.42720665217041154,6.216964547319074,58.0,0.03571428571428571,-0.7974403113962287,-0.7974403113962287
455,H,blink_dist,13,23400,27000,3.1436511928537234,18.592232023088492,19.0,4.979044767995646,1.5355705745054966,1.9699199626337431,0.4094676029429698,6.008761137829475,31.0,0.05263157894736842,0.14162222034453575,0.14162222034453575
455,H,blink_dist,14,25200,28800,3.1378529255932164,17.283718089032554,20.0,4.959538416593631,1.4821851905704764,1.9513469007116113,0.3812441141286365,6.020135846629959,33.0,0.05,-0.8484007714547019,-0.8484007714547019
455,L,blink_dist,0,0,3600,2.124609715116594,13.461292675041914,18.0,4.920307776861775,1.4590583018292933,1.9062419487747642,0.33129214876965063,5.762455865045116,64.0,0.05555555555555555,0.041544979944532844,0.041544979944532844
455,L,blink_dist,1,1800,5400,2.8172870147085907,6.24121195627523,11.0,4.496732026143791,0.8772668713020536,1.369055456821567,0.23532396697963442,5.2631879279736244,29.0,0.09090909090909091,-0.10100814051016749,-0.10100814051016749
455,L,blink_dist,2,3600,7200,1.8102094548175216,2.2315756035578147,8.0,4.390625,0.7785195340712753,1.1787600285770183,0.1249073485811097,4.888792954584701,19.0,0.125,0.06186834334263985,0.06186834334263985
455,L,blink_dist,3,5400,9000,3.1999886270901117,10.604237901514962,35.0,4.764296927562234,1.323894645793949,1.7291728560317654,0.29211321037262583,5.667296145651753,36.0,0.02857142857142857,-0.8676540406281026,-0.8676540406281026
455,L,blink_dist,4,7200,10800,3.43378818051172,13.468730811454515,35.0,4.79688535453943,1.2604093713592885,1.7750424786723815,0.3374834862214614,5.795151369917725,38.0,0.02857142857142857,-0.40773797856663996,-0.40773797856663996
455,L,blink_dist,5,9000,12600,2.3215271773412023,4.606471766009124,9.0,4.433774834437086,0.7715459167271725,1.2632108875212533,0.20142907271964167,5.068911782529651,16.0,0.1111111111111111,-0.3649262849176862,-0.3649262849176862
455,L,blink_dist,6,10800,14400,2.01672680305746,2.8441987374957427,11.0,4.3265060240963855,0.7218757923647591,1.0597481630706134,0.15421719191807187,4.885459791745076,17.0,0.09090909090909091,-0.17543366194327203,-0.17543366194327203
455,L,blink_dist,7,12600,16200,1.427348110555546,1.605881892142929,10.0,4.245562130177515,0.6541138438345796,0.8622257475592028,0.10051030114482033,4.624871266735324,11.0,0.1,-0.17203870511498975,-0.17203870511498975
455,L,blink_dist,8,14400,18000,1.7776081780167083,2.9814803166587294,9.0,4.292367399741268,0.620817146751349,0.9956510975870914,0.15959186607600168,4.794304224591713,14.0,0.1111111111111111,0.1743480725126522,0.1743480725126522
455,L,blink_dist,9,16200,19800,2.088590176074049,6.879990210774267,12.0,4.4935064935064934,0.9323832118576685,1.358281110656505,0.24375172076233595,5.143963847643641,20.0,0.08333333333333333,-0.5273514571605717,-0.5273514571605717
455,L,blink_dist,10,18000,21600,2.1736314292281547,7.442680776014109,22.0,4.667281105990783,1.3246644577354882,1.5877210874735894,0.2532039976484421,5.375770340900226,28.0,0.045454545454545456,-0.30823095797047334,-0.30823095797047334
455,L,blink_dist,11,19800,23400,2.0731441032340756,8.78194608171725,22.0,4.702145214521452,1.305129010745022,1.6429260592957267,0.2738059465748253,5.4651287966166855,35.0,0.045454545454545456,-0.0030300103433827208,-0.0030300103433827208
455,L,blink_dist,12,21600,25200,1.7829591960119422,6.890218774076795,13.0,4.567102137767221,1.0010141705367825,1.4745118901938643,0.24053054057443873,5.295562130177514,21.0,0.07692307692307693,-0.16776715597648206,-0.16776715597648206
455,L,blink_dist,13,23400,27000,2.6313111862951324,12.74243776292546,27.0,4.815554026152787,1.4537060119952574,1.7813240251428897,0.338220028773834,5.68211717913416,58.0,0.037037037037037035,-0.7593829267186969,-0.7593829267186969
455,L,blink_dist,14,25200,28800,2.323683557727341,14.118674127335469,27.0,4.861301775147929,1.485449971890935,1.8370192266925955,0.3544997731553405,5.870290267501423,58.0,0.037037037037037035,-0.13288485711623646,-0.13288485711623646
455,M,blink_dist,0,0,3600,2.1147063385284,14.970050834271213,39.0,4.980899723548631,1.6147215097053904,1.9630638691232947,0.3471421773383387,5.977563894127593,35.0,0.02564102564102564,-0.43230613785217153,-0.43230613785217153
455,M,blink_dist,1,1800,5400,2.8040132954428016,13.959953288330627,19.0,4.805098039215686,1.197895822746252,1.78479592331942,0.34513657466746417,5.796412341545085,26.0,0.05263157894736842,0.1160666617975762,0.1160666617975762
455,M,blink_dist,2,3600,7200,2.5863945815112586,14.378616732851205,18.0,4.836310760282509,1.3226018407774003,1.8199418403343794,0.35198955045979213,5.8449902574094965,26.0,0.05555555555555555,-0.3133007164282378,-0.3133007164282378
455,M,blink_dist,3,5400,9000,2.024250174626878,8.145792563600782,17.0,4.612600536193029,1.1553049465862117,1.527407924138501,0.26506375860109843,5.3805862566074,20.0,0.058823529411764705,-0.6346830579657246,-0.6346830579657246
455,M,blink_dist,4,7200,10800,1.9532493537647446,5.8847100578167035,11.0,4.56020278833967,0.9134888118201085,1.4652290443108922,0.21418349239060214,5.233489859126786,27.0,0.09090909090909091,0.7748341254992792,0.7748341254992792
455,M,blink_dist,5,9000,12600,1.7950988189265027,11.938744638821163,39.0,5.093773728170084,2.177561931148496,2.019653681956532,0.30624566211670906,5.960599237963284,41.0,0.02564102564102564,0.43342434447257405,0.43342434447257405
455,M,blink_dist,6,10800,14400,2.2638959148731304,9.370568189034156,39.0,4.7997831586555835,1.7285083711036398,1.712090865794901,0.2761851676767962,5.694915254237288,44.0,0.02564102564102564,1.4890848297468164,1.4890848297468164
455,M,blink_dist,7,12600,16200,3.1552317541866923,7.769840988594311,11.0,4.514117647058823,0.8665893852510624,1.398300575057597,0.2598578465370343,5.330546757360195,25.0,0.09090909090909091,-1.1616757058560485,-1.1616757058560485
455,M,blink_dist,8,14400,18000,2.6959866246912583,8.23547534689718,12.0,4.566360052562418,0.955583094444644,1.476233792381325,0.27031910985768626,5.369542191361657,19.0,0.08333333333333333,-0.16210077411016657,-0.16210077411016657
455,M,blink_dist,9,16200,19800,2.295586719955352,7.047976898723167,19.0,4.6980519480519485,1.3276759686839494,1.6324035454060444,0.23583481195421493,5.399984067553572,47.0,0.05263157894736842,-0.7901422875580284,-0.7901422875580284
455,M,blink_dist,10,18000,21600,2.9509825986492113,7.702467171143083,16.0,4.590322580645161,1.056120361759206,1.5047296467334526,0.25814902623060854,5.370115977930413,34.0,0.0625,-0.4501218733802348,-0.4501218733802348
455,M,blink_dist,11,19800,23400,3.003710092387322,14.026280663876584,19.0,4.809628008752735,1.3059681526250158,1.79027009774026,0.346772349465825,5.711364134004818,26.0,0.05263157894736842,0.19623333640290266,0.19623333640290266
455,M,blink_dist,12,21600,25200,1.773423202748794,8.687232605269083,13.0,4.606017191977077,1.0342658815529693,1.5306547961864594,0.2667011934249043,5.379814680232558,26.0,0.07692307692307693,0.32446802531231456,0.32446802531231456
455,M,blink_dist,13,23400,27000,2.350039318002374,7.87702890079117,13.0,4.630043947263284,1.0226013015638018,1.5676533574810925,0.2524910959462766,5.417456613679452,33.0,0.07692307692307693,-0.5811371228193061,-0.5811371228193061
455,M,blink_dist,14,25200,28800,2.7049475831847696,7.646020207507839,13.0,4.588235294117647,0.9780600658830477,1.509118268390813,0.2513567138883804,5.367992937764046,32.0,0.07692307692307693,-0.7372251198465297,-0.7372251198465297
456,H,blink_dist,0,0,3600,1.2907933259547852,8.15864373221136,12.0,4.639690358902182,1.1328134604657771,1.569903772013617,0.24472218784803862,5.2679808204581775,22.0,0.08333333333333333,-0.4954591385998055,-0.4954591385998055
456,H,blink_dist,1,1800,5400,0.8476970895733258,3.5029206708121348,10.0,4.415676959619953,0.9147206419938156,1.1919126474185064,0.15341058978707367,4.834619952494061,17.0,0.1,-0.020982478311824572,-0.020982478311824572
456,H,blink_dist,2,3600,7200,0.8315322232713057,2.64128472088824,10.0,4.478827361563518,0.9862447744917336,1.312060497751516,0.13435975258365668,4.920506507210693,14.0,0.1,-0.09134967803733739,-0.09134967803733739
456,H,blink_dist,3,5400,9000,0.7614259009397186,2.716650233904634,11.0,4.543859649122807,1.128112465442878,1.3960998815554722,0.13432209612116888,4.963565891472868,17.0,0.09090909090909091,-0.06654053942952345,-0.06654053942952345
456,H,blink_dist,4,7200,10800,0.8953291363249304,3.851780489545422,11.0,4.583864118895966,1.038982606337057,1.4925062461321104,0.1525904517233997,5.06094674556213,14.0,0.09090909090909091,-0.235137023625233,-0.235137023625233
456,H,blink_dist,5,9000,12600,5.813202191329721,26.388228667207056,70.0,5.43067179371183,2.2837357986625735,2.3512570473152525,0.49014384436781294,6.689310558190988,48.0,0.014285714285714285,0.9413744656155247,0.9413744656155247
456,H,blink_dist,6,10800,14400,4.4812299865937035,22.406584279995865,72.0,5.1929781082197435,1.9881350481745488,2.1593358926299286,0.45123277026665765,6.2362127145988815,52.0,0.013888888888888888,-0.6592357072194021,-0.6592357072194021
456,H,blink_dist,7,12600,16200,0.8663058536463034,4.788420761500876,16.0,4.59646017699115,1.182462497565406,1.4925582746666628,0.17731169908730524,5.011203751954143,18.0,0.0625,-0.36984303579123995,-0.36984303579123995
456,H,blink_dist,8,14400,18000,1.0834453719364823,5.671615385749458,15.0,4.685749086479903,1.3293846003797745,1.6024408026884807,0.20069586754927835,5.207727620504973,30.0,0.06666666666666667,0.026849429307830287,0.026849429307830287
456,H,blink_dist,9,16200,19800,1.1193850450387997,6.900783401589635,21.0,4.985567010309278,1.7760717508215282,1.9302184813305245,0.2218210876296751,5.494874513962531,30.0,0.047619047619047616,-0.21377662118172897,-0.21377662118172897
456,H,blink_dist,10,18000,21600,0.867168405800759,5.187054467755899,21.0,4.940350877192983,1.7631570219077948,1.866688465941421,0.18177715559321408,5.231115822952558,27.0,0.047619047619047616,-0.10630388788326356,-0.10630388788326356
456,H,blink_dist,11,19800,23400,0.9010315644571648,5.201297665266181,15.0,4.5488372093023255,1.1625364063029564,1.412858464213848,0.19355953837153644,4.948334466349422,19.0,0.06666666666666667,-0.02258381124110066,-0.02258381124110066
456,H,blink_dist,12,21600,25200,1.9634721941138482,15.281924456773753,35.0,4.894476289734237,1.745108767694608,1.8423758108127897,0.3656272625952832,5.552412131694361,34.0,0.02857142857142857,-0.5752794558860385,-0.5752794558860385
456,H,blink_dist,13,23400,27000,1.65156375114987,8.947154628805757,13.0,4.613965087281795,1.1341906883255195,1.531530107014264,0.2704311578784479,5.237216707248549,23.0,0.07692307692307693,-0.3662201820892327,-0.3662201820892327
456,H,blink_dist,14,25200,28800,0.7831174903054728,2.51902013176413,9.0,4.410714285714286,0.8232510837762554,1.2151568365735839,0.12706263895404574,4.699735948698605,15.0,0.1111111111111111,0.06998209779235454,0.06998209779235454
456,L,blink_dist,0,0,3600,2.19620154393641,16.8044918650404,26.0,5.07690617446715,1.716381119770636,2.0602079620598728,0.3743936054926433,6.0266346660422645,45.0,0.038461538461538464,-0.11342811754176871,-0.11342811754176871
456,L,blink_dist,1,1800,5400,1.3696529553352923,5.0579029003930165,11.0,4.461934156378601,0.8495893245303557,1.3031575025664948,0.20099245454651474,5.029034140647797,20.0,0.09090909090909091,-0.3134754359523181,-0.3134754359523181
456,L,blink_dist,2,3600,7200,1.3473703580118557,5.644205235204856,10.0,4.53860819828408,0.9005275267710195,1.4334016845735116,0.21004836874051594,5.160332022717344,19.0,0.1,-0.34359170905231073,-0.34359170905231073
456,L,blink_dist,3,5400,9000,1.1194808841670725,7.018620246843119,17.0,4.875123885034688,1.4726665907552252,1.8412854640138119,0.2208532496254548,5.420591840308178,24.0,0.058823529411764705,-0.5655736367915412,-0.5655736367915412
456,L,blink_dist,4,7200,10800,1.491256835925489,9.128106255355613,18.0,4.814689265536723,1.5475911807599776,1.7574676041782316,0.2617984147386461,5.572617419060648,43.0,0.05555555555555555,0.30430740676671264,0.30430740676671264
456,L,blink_dist,5,9000,12600,1.352465804998362,7.617720352895324,18.0,4.663774403470716,1.2992725863024235,1.582067716687238,0.2355883360300457,5.375960113192292,31.0,0.05555555555555555,-0.20757046756991018,-0.20757046756991018
456,L,blink_dist,6,10800,14400,0.9103599062757218,2.5494358956363063,12.0,4.470769230769231,0.9937842324125028,1.2935675861259108,0.12399768392609618,4.980267794221283,29.0,0.08333333333333333,0.056476529500598935,0.056476529500598935
456,L,blink_dist,7,12600,16200,0.9437917888548997,2.4895914429814168,10.0,4.3011695906432745,0.7254350019121311,0.991299081213218,0.12692515993636394,4.7255828607435415,22.0,0.1,-0.2897030613534748,-0.2897030613534748
456,L,blink_dist,8,14400,18000,1.175530801018642,6.617387287007093,14.0,4.6380952380952385,1.1171716798944908,1.560120798287115,0.21999076011631383,5.278774046299315,25.0,0.07142857142857142,-0.3694900730511224,-0.3694900730511224
456,L,blink_dist,9,16200,19800,1.204889520646224,10.438540672393678,21.0,4.842558425584256,1.358245503151959,1.8206711833550488,0.27729610775267793,5.713466266047528,25.0,0.047619047619047616,-0.19942053723405925,-0.19942053723405925
456,L,blink_dist,10,18000,21600,0.8914795980059711,6.131407786995395,10.0,4.5809906291834,0.9298342807931699,1.4978191282873539,0.20943899948038916,5.134636503404349,19.0,0.1,-0.04830805457464571,-0.04830805457464571
456,L,blink_dist,11,19800,23400,0.9346870716689794,5.434411101237268,10.0,4.555873925501433,0.879828809951994,1.4581677652292178,0.19567297833071295,5.116175156389634,20.0,0.1,-0.075912519616489,-0.075912519616489
456,L,blink_dist,12,21600,25200,0.8419307686889096,4.583657439905898,19.0,4.664092664092664,1.3681090037857375,1.5577652410807108,0.16533229619230114,5.14281498967247,22.0,0.05263157894736842,-0.10168041077835255,-0.10168041077835255
456,L,blink_dist,13,23400,27000,0.8258617415151623,4.374987911726592,19.0,4.6447638603696095,1.3978159466196294,1.518557424132165,0.16141229715877223,5.054815263476681,21.0,0.05263157894736842,-0.2285478379116965,-0.2285478379116965
456,L,blink_dist,14,25200,28800,0.7891074358225257,3.997813853690134,12.0,4.519450800915332,1.0940704215891992,1.3685566016361328,0.16128901663900247,5.035071090047393,16.0,0.08333333333333333,0.19089064686849014,0.19089064686849014
456,M,blink_dist,0,0,3600,2.6467093395709695,24.476001376005602,39.0,5.268381397765653,1.8939650650089688,2.234568354087133,0.45452542894560555,6.4833211380364135,46.0,0.02564102564102564,-1.1550367075102599,-1.1550367075102599
456,M,blink_dist,1,1800,5400,2.073735111191758,13.758415109454193,18.0,4.928807947019868,1.457797831388063,1.9186319009973851,0.32890946343567545,5.732832113848426,24.0,0.05555555555555555,-0.6264132182699031,-0.6264132182699031
456,M,blink_dist,2,3600,7200,1.77901381856471,8.071829405162738,17.0,4.699424986931521,1.2154626205085195,1.6417536909307917,0.25719416386083055,5.306595035198222,20.0,0.058823529411764705,-0.1431080261946064,-0.1431080261946064
456,M,blink_dist,3,5400,9000,2.0207520464449193,8.833363634207842,15.0,4.662077596996245,1.1651816378993543,1.6025239347209976,0.26850263617608233,5.413227091633466,26.0,0.06666666666666667,-0.6399261828735697,-0.6399261828735697
456,M,blink_dist,4,7200,10800,2.2323808148594098,13.05399333132987,30.0,4.883297644539614,1.426192518506721,1.8674035750017586,0.3323101360923883,5.741145929909141,28.0,0.03333333333333333,0.5429813193518942,0.5429813193518942
456,M,blink_dist,5,9000,12600,2.346956492709597,16.188551088606218,19.0,4.973029479406231,1.5192348726010245,1.9644284633113418,0.36622292096290093,5.977837027162139,35.0,0.05263157894736842,-0.777748656661991,-0.777748656661991
456,M,blink_dist,6,10800,14400,2.5593200277741794,11.868236116485464,17.0,4.867161504991041,1.4082335696950325,1.8495328504278374,0.31115736522162446,5.770646449447306,39.0,0.058823529411764705,-0.17560974295554407,-0.17560974295554407
456,M,blink_dist,7,12600,16200,2.4265988083043326,12.351481401028193,17.0,4.8423225806451615,1.3875631084071902,1.8225482071615626,0.3149943719267758,5.746382467727409,31.0,0.058823529411764705,-0.46291080567565634,-0.46291080567565634
456,M,blink_dist,8,14400,18000,2.2826484376385174,9.722542948112382,14.0,4.725850340136055,1.2279393964179823,1.6865294434512959,0.28835590077324097,5.520833333333333,33.0,0.07142857142857142,0.04450195537117631,0.04450195537117631
456,M,blink_dist,9,16200,19800,2.8376208830904797,13.383694813930841,21.0,4.829575462116596,1.361375871760675,1.80974454679595,0.34191580025781176,5.7724875267284395,41.0,0.047619047619047616,-0.7761908098563839,-0.7761908098563839
456,M,blink_dist,10,18000,21600,2.3717628537442192,13.167075240429945,19.0,4.88775,1.4320090563610692,1.8723064449996072,0.3343592575631044,5.8281387568233844,39.0,0.05263157894736842,-0.2727837487649578,-0.2727837487649578
456,M,blink_dist,11,19800,23400,2.2072390168758327,6.837260464308458,13.0,4.5357657225156025,0.9685613638491302,1.4250523737682388,0.23032695536386266,5.18616587909402,28.0,0.07692307692307693,-0.8779688178200893,-0.8779688178200893
456,M,blink_dist,12,21600,25200,1.8041875629243778,5.998176200299245,13.0,4.546979865771812,0.9807583045498903,1.44300515169051,0.20671795734433515,5.161140583554377,21.0,0.07692307692307693,-0.2122402002685988,-0.2122402002685988
456,M,blink_dist,13,23400,27000,1.5145776904718815,6.685298460240456,13.0,4.573593073593074,1.0558001371703831,1.4753864477397054,0.2174383041552415,5.1933249370277075,18.0,0.07692307692307693,-0.03807923375405468,-0.03807923375405468
456,M,blink_dist,14,25200,28800,1.5112073477942864,12.14683592470061,18.0,4.921627408993576,1.5300918526187048,1.9000476415063035,0.30824762971810293,5.853085800301054,31.0,0.05555555555555555,-0.4776641470427526,-0.4776641470427526
457,H,blink_dist,0,0,3600,2.2657807510624965,23.140804658474856,40.0,5.335663198959688,2.032003993565854,2.28511803000736,0.4418289871624051,6.442205889911086,39.0,0.025,-0.8827545804990762,-0.8827545804990762
457,H,blink_dist,1,1800,5400,0.9589663174981004,8.228396295556,10.0,4.642857142857143,0.9897433186107858,1.5768550035957072,0.24387034445999067,5.329814342919549,20.0,0.1,-0.34574850888434083,-0.34574850888434083
457,H,blink_dist,2,3600,7200,0.9192409988290056,7.5605136492380405,12.0,4.760393873085339,1.252798293731485,1.7204890767173697,0.21925663347755825,5.2706766917293235,20.0,0.08333333333333333,-0.24090577182820583,-0.24090577182820583
457,H,blink_dist,3,5400,9000,1.0577285391832685,8.536824778386867,16.0,4.9028620988725065,1.504292947665753,1.8765375535626045,0.24876546006433198,5.382453847410554,22.0,0.0625,-0.4393760214642333,-0.4393760214642333
457,H,blink_dist,4,7200,10800,0.9901459805628664,6.264115635284249,14.0,4.58983451536643,1.0488497453008372,1.501231325847791,0.22068787507259469,5.175936435868332,25.0,0.07142857142857142,-0.2824496120570458,-0.2824496120570458
457,H,blink_dist,5,9000,12600,1.004410037487475,3.7896980009859895,11.0,4.429368029739777,0.879142858510133,1.2425709501670843,0.17307294731317885,4.9088858818222825,17.0,0.09090909090909091,-0.09351186413171932,-0.09351186413171932
457,H,blink_dist,6,10800,14400,0.9010475376452103,4.694203155468888,10.0,4.534246575342466,0.9484261192017849,1.4213633949791724,0.1804201382733558,5.077326016462958,15.0,0.1,-0.20341745794883584,-0.20341745794883584
457,H,blink_dist,7,12600,16200,0.8898024132611962,7.85732237101928,12.0,4.76797385620915,1.2840476033553219,1.7308442461804756,0.2310612860374107,5.265493966046226,21.0,0.08333333333333333,-0.15606315273368954,-0.15606315273368954
457,H,blink_dist,8,14400,18000,0.9111425924899501,7.305143578415904,12.0,4.7786697247706424,1.2967333945043957,1.744205222593653,0.22067073384523683,5.224112886490973,20.0,0.08333333333333333,-0.3070719385809364,-0.3070719385809364
457,H,blink_dist,9,16200,19800,0.8636543044307547,5.272892045349461,12.0,4.583601286173633,1.073768443664302,1.4841961287993057,0.19318833342580777,5.014642342774844,15.0,0.08333333333333333,-0.07935021277266907,-0.07935021277266907
457,H,blink_dist,10,18000,21600,0.7091935760310174,4.982094191310615,11.0,4.627615062761507,1.0566738304892829,1.5550261406633168,0.16929435347642965,5.0076615589606925,16.0,0.09090909090909091,-0.051675294628146656,-0.051675294628146656
457,H,blink_dist,11,19800,23400,0.8069335136812752,2.9949720891563403,10.0,4.516417910447761,0.9394499843589597,1.3948100520813507,0.1350607704184647,4.926353790613718,16.0,0.1,-0.22201935004218237,-0.22201935004218237
457,H,blink_dist,12,21600,25200,1.0146328778365787,2.120558555438359,8.0,4.460264900662252,0.8821691710686448,1.2822935893779701,0.11232505785488264,4.900412087912088,13.0,0.125,0.02118889913200428,0.02118889913200428
457,H,blink_dist,13,23400,27000,0.9623047137996046,1.068968379118599,6.0,4.2368421052631575,0.5348000377079373,0.8481978793270082,0.0857498547597311,4.732936326156665,10.0,0.16666666666666666,-0.22670333048478328,-0.22670333048478328
457,H,blink_dist,14,25200,28800,0.9709781549082971,2.3754688425347106,7.0,4.3890577507598785,0.6193451976632256,1.160369011994907,0.11890504704875962,4.828323313293253,17.0,0.14285714285714285,-0.10533977362663133,-0.10533977362663133
457,L,blink_dist,0,0,3600,3.224683175808415,38.4498788890485,133.0,6.677247311827957,5.014036486212717,3.0000804134026007,0.5680029324205844,8.322917800762113,94.0,0.007518796992481203,-1.8327637794599694,-1.8327637794599694
457,L,blink_dist,1,1800,5400,1.47226471533942,15.351900272319927,30.0,5.1009372746935835,1.8743648347951951,2.0675077266781483,0.34136008071953217,5.991906303561226,40.0,0.03333333333333333,-0.1458747828793876,-0.1458747828793876
457,L,blink_dist,2,3600,7200,1.3867602397319954,11.548296436222904,30.0,4.7994255624700815,1.4866502340718086,1.751440190340195,0.2995288995369624,5.576176691326257,32.0,0.03333333333333333,-0.510128286551549,-0.510128286551549
457,L,blink_dist,3,5400,9000,1.4424906928226555,4.497990189021892,10.0,4.41042345276873,0.7872904197642555,1.216482928025567,0.19082684620239848,5.057373440939105,19.0,0.1,-0.35232841337313137,-0.35232841337313137
457,L,blink_dist,4,7200,10800,1.7287142494095111,2.890248184354961,8.0,4.31448275862069,0.6414401157680462,1.0419259206231608,0.1531794578012677,4.8100972000580295,13.0,0.125,-0.05053726656786994,-0.05053726656786994
457,L,blink_dist,5,9000,12600,1.6213424793678324,2.978207755359395,19.0,4.657935285053929,1.4098823745765936,1.5520599419357086,0.13729508196721313,5.0120481927710845,40.0,0.05263157894736842,-0.4973787451472165,-0.4973787451472165
457,L,blink_dist,6,10800,14400,1.338089935757435,2.9652266297406022,16.0,4.669172932330827,1.398021182147642,1.566693439678488,0.1378639385945017,5.053161233865675,38.0,0.0625,-0.19476659971592916,-0.19476659971592916
457,L,blink_dist,7,12600,16200,1.2351427388043525,4.37239738251041,10.0,4.526104417670683,0.8843734604097646,1.4148768504467735,0.17861392028554432,5.061938794209272,21.0,0.1,-0.010430191700279234,-0.010430191700279234
457,L,blink_dist,8,14400,18000,1.4511002411791663,6.572661427030359,14.0,4.589546502690238,1.030964799823655,1.502284933964224,0.22848006516522468,5.232950964326232,27.0,0.07142857142857142,-0.24979790883891229,-0.24979790883891229
457,L,blink_dist,9,16200,19800,2.353138116483196,16.987062001927804,20.0,4.96330821102737,1.5392660420612632,1.9511547245469605,0.3739393692556239,6.003487358326068,64.0,0.05,-1.5731495959620656,-1.5731495959620656
457,L,blink_dist,10,18000,21600,1.2704434843848509,9.700010058338362,16.0,4.821875,1.4235155371035215,1.7828303100856964,0.26966405149869244,5.527835051546392,29.0,0.0625,-0.651738120749107,-0.651738120749107
457,L,blink_dist,11,19800,23400,1.5955298074863458,11.081411180522185,31.0,4.767011197243756,1.4061133072941323,1.7228155239860643,0.298178960435688,5.524343874617453,37.0,0.03225806451612903,-0.36104686624884524,-0.36104686624884524
457,L,blink_dist,12,21600,25200,2.027332999919655,15.627831485727341,31.0,4.906010388325501,1.4671170162070153,1.890830688842123,0.36179985975528084,5.814498258942703,37.0,0.03225806451612903,-0.21821227966883647,-0.21821227966883647
457,L,blink_dist,13,23400,27000,2.2387061973254174,14.631048703568931,18.0,4.971151515151515,1.555094620938984,1.9573807043884448,0.35177019564193673,5.881188118811881,62.0,0.05555555555555555,1.0233350505555812,1.0233350505555812
457,L,blink_dist,14,25200,28800,1.8492958459647972,19.319369466637877,19.0,5.15131275909719,1.8590094288324812,2.119325920214951,0.3900280716907795,6.132758386527231,62.0,0.05263157894736842,-1.008883180715998,-1.008883180715998
457,M,blink_dist,0,0,3600,1.831469768106048,21.06855981649936,51.0,5.411514336917563,2.3290594577382095,2.323670925590957,0.40186989246374033,6.352957396939198,51.0,0.0196078431372549,-0.8727911545002892,-0.8727911545002892
457,M,blink_dist,1,1800,5400,1.7461090511910329,12.91862964826419,22.0,4.818150801774139,1.3245283791885911,1.7981854117277845,0.3246946896583269,5.678585713142948,42.0,0.045454545454545456,-0.27552342507385474,-0.27552342507385474
457,M,blink_dist,2,3600,7200,1.3674806017611079,6.1101961196575205,17.0,4.662210338680927,1.2711587897545018,1.5821624186000467,0.21893214656995014,5.3021216407355025,25.0,0.058823529411764705,-0.4760580767943554,-0.4760580767943554
457,M,blink_dist,3,5400,9000,1.4920075757636262,5.60771676640937,18.0,4.693548387096774,1.5166913469536325,1.5803024066293492,0.20531651803398032,5.36222563959178,31.0,0.05555555555555555,-0.07857465314791588,-0.07857465314791588
457,M,blink_dist,4,7200,10800,1.5531209932256111,7.380210422387461,13.0,4.641655886157826,1.1708726085891161,1.569423169546303,0.2425051165756482,5.308904649330181,24.0,0.07692307692307693,-0.22837334746010607,-0.22837334746010607
457,M,blink_dist,5,9000,12600,1.510616339836604,15.24764200820539,19.0,4.874915483434753,1.4267935854164893,1.8574426851068038,0.3509178192276784,5.72238986119493,42.0,0.05263157894736842,-0.5924824169026068,-0.5924824169026068
457,M,blink_dist,6,10800,14400,1.4410850522746539,17.79669470954012,19.0,4.98014888337469,1.5968262498239207,1.9643095917967057,0.3784513240004877,5.8929064549534,35.0,0.05263157894736842,-0.4228083747727301,-0.4228083747727301
457,M,blink_dist,7,12600,16200,1.498732287930771,12.620966022935585,17.0,4.802108678021087,1.390126963410757,1.7702039468439439,0.31101057253698255,5.637847758887172,32.0,0.058823529411764705,0.24249381695560132,0.24249381695560132
457,M,blink_dist,8,14400,18000,1.926622049292939,7.452576772567487,13.0,4.588565594691169,1.115207392822166,1.4944714772206762,0.23804055846653843,5.2880559904226905,22.0,0.07692307692307693,-0.7661297827080901,-0.7661297827080901
457,M,blink_dist,9,16200,19800,1.8209434371840802,6.53859649122807,13.0,4.50392749244713,0.9843870211616463,1.3719051327042657,0.2192675438596491,5.2005617393113495,22.0,0.07692307692307693,-0.695066160667393,-0.695066160667393
457,M,blink_dist,10,18000,21600,1.3977657662953273,4.529923320420081,17.0,4.519954389965792,1.025835476269737,1.3894565835891108,0.18685362313872034,5.113682564503518,18.0,0.058823529411764705,-0.7029063180351868,-0.7029063180351868
457,M,blink_dist,11,19800,23400,1.544559364433237,3.7250380053155734,8.0,4.387332521315469,0.7508243607747863,1.1769901241951066,0.1647672626865363,4.945677479435046,18.0,0.125,-0.31722200554204494,-0.31722200554204494
457,M,blink_dist,12,21600,25200,1.4026535618372424,7.472697664354936,13.0,4.617874736101337,1.1006702524903396,1.5403526284009974,0.24007834830833705,5.271817954488622,24.0,0.07692307692307693,-0.6223909629761407,-0.6223909629761407
457,M,blink_dist,13,23400,27000,1.3310777062054717,8.491335861373782,25.0,4.813605442176871,1.5590263600282643,1.7539293293707823,0.253582057312917,5.438553596705701,25.0,0.04,-0.3258617055480688,-0.3258617055480688
457,M,blink_dist,14,25200,28800,1.6124613868145485,13.28208582636605,26.0,5.057714070162203,1.7944305625621628,2.0253562976486825,0.3243253952530015,5.837567977177499,41.0,0.038461538461538464,-0.1796157809519202,-0.1796157809519202
458,H,blink_dist,0,0,3600,6.355236354464849,59.96772807129985,329.0,8.102455258600196,7.892320220305544,3.514541109633571,0.7349818658905318,10.790645756457565,240.0,0.00303951367781155,-3.146613464475277,-3.146613464475277
458,H,blink_dist,1,1800,5400,8.546390370978889,57.88268672226313,275.0,7.510767812969879,5.968908869500429,3.3725676601873618,0.7213510614040662,10.161817750980754,194.0,0.0036363636363636364,-1.1817037259139485,-1.1817037259139485
458,H,blink_dist,2,3600,7200,10.963229561387438,65.18360841084458,287.0,8.206111630807609,7.534035861040292,3.5465721082232906,0.7689931696855258,11.275609391356364,249.0,0.003484320557491289,-1.5020580567376622,-1.5020580567376622
458,H,blink_dist,3,5400,9000,10.749460385774853,71.4830846591745,288.0,9.821539403838301,10.607243720849212,3.9006312857852214,0.8083827041067271,13.363543688127933,250.0,0.003472222222222222,-2.419062364317424,-2.419062364317424
458,H,blink_dist,4,7200,10800,5.593570855704448,59.029655753387495,254.0,8.053648653913585,7.506055595606831,3.5122195086757535,0.7257649528106572,10.41542528123271,100.0,0.003937007874015748,-0.6632916322476466,-0.6632916322476466
458,H,blink_dist,5,9000,12600,5.355969683528017,52.96710506695297,152.0,7.0676907159059255,5.081796836042626,3.198563585459434,0.6857624287972324,9.145953900920789,77.0,0.006578947368421052,-0.5145297624771124,-0.5145297624771124
458,H,blink_dist,6,10800,14400,5.529310720197505,51.585095995516554,289.0,7.079289565493181,5.561998901653524,3.1851245008764013,0.6779008094475997,9.134429739198131,129.0,0.0034602076124567475,-0.4283647208905873,-0.4283647208905873
458,H,blink_dist,7,12600,16200,5.049316419431,52.02333350204991,289.0,7.2583307587059185,5.971962969377549,3.242483373875446,0.6761021410133118,9.272995487677889,131.0,0.0034602076124567475,-0.5557581425623896,-0.5557581425623896
458,H,blink_dist,8,14400,18000,6.884220422966825,52.67874130482197,173.0,6.9879347491535855,4.982120295148031,3.177047209463209,0.6873007475880887,9.317343985908405,115.0,0.005780346820809248,4.012972700769992,4.012972700769992
458,H,blink_dist,9,16200,19800,7.342107831478393,54.72487882136921,203.0,7.3095632464475635,6.053158154490246,3.2712418985203007,0.699277932000731,9.71746228497143,129.0,0.0049261083743842365,-1.742763896285998,-1.742763896285998
458,H,blink_dist,10,18000,21600,6.98962749087891,57.129471988299414,176.0,7.6785330343704885,6.710182877586571,3.3988455258251995,0.710322565901482,10.293972512005299,216.0,0.005681818181818182,-1.2533407812204105,-1.2533407812204105
458,H,blink_dist,11,19800,23400,7.6762190058255815,56.88964539951599,176.0,7.42051407322965,5.782193251691189,3.337559744119279,0.7095786453142005,10.079408243796461,216.0,0.005681818181818182,-1.3551426318348798,-1.3551426318348798
458,H,blink_dist,12,21600,25200,6.239558526639524,60.19271581329504,154.0,7.919467834287639,6.021076844903031,3.5133019155657284,0.7352103157231835,10.46202324141197,103.0,0.006493506493506494,0.21969331925009042,0.21969331925009042
458,H,blink_dist,13,23400,27000,5.630644625157995,58.34368776701673,180.0,7.631920736232744,6.088354277388303,3.40507961554422,0.7197083170215542,10.082323252394389,96.0,0.005555555555555556,-1.9554312364742694,-1.9554312364742694
458,H,blink_dist,14,25200,28800,5.285240406862656,54.67084942668383,301.0,7.391958156260216,6.9781225906896065,3.2639844976062067,0.6983516782417901,9.62399000416493,147.0,0.0033222591362126247,-0.6157088458473505,-0.6157088458473505
458,L,blink_dist,0,0,3600,7.2373237179000816,53.45338253599711,138.0,7.184390851650797,4.981630479818562,3.2613232214729697,0.6890752871381529,9.51989571899012,171.0,0.007246376811594203,-3.7521659031437893,-3.7521659031437893
458,L,blink_dist,1,1800,5400,5.5870378217938494,25.23300626686794,19.0,5.157725572697522,1.6793457416829287,2.1448037894216583,0.4752455857463062,6.517270446169529,63.0,0.05263157894736842,0.22169757209960708,0.22169757209960708
458,L,blink_dist,2,3600,7200,8.684446635255926,53.78957455457072,155.0,6.9478285659982895,4.609335253576486,3.171068941457806,0.6905878176678212,9.39884349654551,138.0,0.0064516129032258064,-2.3549383868107254,-2.3549383868107254
458,L,blink_dist,3,5400,9000,5.947201265843206,54.70853342787465,195.0,7.249119185736147,5.746374956721012,3.259636477590096,0.6993895102115362,9.582670935453006,138.0,0.005128205128205128,-3.32136237938733,-3.32136237938733
458,L,blink_dist,4,7200,10800,6.61973637530986,37.313115909156714,104.0,5.785543250523795,2.8331635754497086,2.597518785677314,0.5789039350623028,7.474654952176216,104.0,0.009615384615384616,-2.0782167285748425,-2.0782167285748425
458,L,blink_dist,5,9000,12600,7.869334849295367,52.009402040762474,125.0,7.016128148959474,5.2054806732368295,3.1706057925632565,0.6825755745860728,9.300338795547258,120.0,0.008,-2.1758505510735477,-2.1758505510735477
458,L,blink_dist,6,10800,14400,5.814751590570133,43.441785337552744,122.0,6.273733486729877,3.800470594837984,2.8600251562007175,0.613928171149789,8.24562795159386,109.0,0.00819672131147541,-0.4623787389773046,-0.4623787389773046
458,L,blink_dist,7,12600,16200,6.9751877288858015,45.11691600962717,118.0,6.466782642946235,3.8488940695750253,2.961573970538144,0.6267985096672399,8.583241870237385,116.0,0.00847457627118644,0.29630277154776696,0.29630277154776696
458,L,blink_dist,8,14400,18000,7.490610560737169,47.82673595636199,176.0,6.701216050673758,4.7175381597208235,3.0414989696444947,0.6496836542992948,8.77741605566039,137.0,0.005681818181818182,1.8436054655963967,1.8436054655963967
458,L,blink_dist,9,16200,19800,8.91642524524035,58.1847040192615,336.0,7.659693889583284,6.887665114677808,3.370575887159473,0.7206142110882604,10.13531627549542,298.0,0.002976190476190476,-1.185883163052573,-1.185883163052573
458,L,blink_dist,10,18000,21600,7.837723910153373,58.215945218879924,176.0,7.498267534649307,6.062155928695433,3.3542827143458793,0.7248023151544795,10.127315441019435,150.0,0.005681818181818182,2.468592655032807,2.468592655032807
458,L,blink_dist,11,19800,23400,7.391768473111774,56.254092285218505,194.0,7.188038436050364,5.312670840169545,3.2611900803818394,0.712077076503854,9.741807216449129,122.0,0.005154639175257732,-1.1213023677178666,-1.1213023677178666
458,L,blink_dist,12,21600,25200,7.204227272269859,59.90532570617711,194.0,7.869084025047328,6.472179561555357,3.478909967377404,0.7322557757970821,10.68999336451472,121.0,0.005154639175257732,-0.8942546151654142,-0.8942546151654142
458,L,blink_dist,13,23400,27000,7.492703048371126,56.96213865438731,180.0,7.745543090703539,6.849468662167905,3.4062880590614815,0.7104534407776925,10.288486176929133,240.0,0.005555555555555556,0.10479673420731392,0.10479673420731392
458,L,blink_dist,14,25200,28800,7.079716271455386,54.7342771729934,185.0,7.35964566331948,5.7777067139020915,3.303900374234337,0.6931998420666704,9.867789696813977,238.0,0.005405405405405406,-0.7446538677014372,-0.7446538677014372
458,M,blink_dist,0,0,3600,8.68026165998801,73.69214264289408,368.0,10.109128086030191,10.968337094647168,3.9815228230858137,0.8237776187049962,14.147970228971445,368.0,0.002717391304347826,-5.239758395257571,-5.239758395257571
458,M,blink_dist,1,1800,5400,12.068286656749446,54.13217671210032,161.0,6.802844311377245,4.150828408173409,3.1250255891001406,0.6979487355962802,9.322937661327392,135.0,0.006211180124223602,0.475203552407174,0.475203552407174
458,M,blink_dist,2,3600,7200,9.395828538049173,47.93352883675464,149.0,6.556072267305322,3.923556679224556,3.0098589966991294,0.6535815376769093,8.83688269299284,114.0,0.006711409395973154,-0.6149488580979217,-0.6149488580979217
458,M,blink_dist,3,5400,9000,10.402219250854285,63.297452512937056,230.0,8.525055322317126,8.15433144567771,3.6346902276679716,0.7568831288484867,11.515261245897044,228.0,0.004347826086956522,-2.340240876856495,-2.340240876856495
458,M,blink_dist,4,7200,10800,10.691781203742647,65.73627266724235,500.0,8.658225108225109,8.861875407164742,3.636752378372061,0.7721817024671401,12.097790469057204,179.0,0.002,3.67429353721789,3.67429353721789
458,M,blink_dist,5,9000,12600,11.702548570072219,65.8930684636457,295.0,8.486244660467243,7.488524320058449,3.643748328703096,0.7712223106395117,11.972792286909996,162.0,0.003389830508474576,-0.2967389360178849,-0.2967389360178849
458,M,blink_dist,6,10800,14400,6.4406609641320465,47.90348621213887,247.0,6.498065601345669,4.032722082354746,2.9789619042366975,0.6534285508795512,8.672597103357472,104.0,0.004048582995951417,1.3231287925547572,1.3231287925547572
458,M,blink_dist,7,12600,16200,9.563051843697243,60.248808239267476,169.0,8.18855845629966,8.177330633370737,3.470742221899374,0.7316542340494476,11.203995242540893,212.0,0.005917159763313609,-0.3681291069499486,-0.3681291069499486
458,M,blink_dist,8,14400,18000,11.791071978220238,56.509870912068756,167.0,7.5050196106653235,6.197277500425948,3.3292849290797863,0.7053844663692681,10.251008957574564,192.0,0.005988023952095809,-2.5311805707379507,-2.5311805707379507
458,M,blink_dist,9,16200,19800,14.99981391235927,56.755464495422025,216.0,6.75713470681458,3.866267908833526,3.116530634830973,0.7165432101394796,9.441523544929,164.0,0.004629629629629629,-1.20695459545131,-1.20695459545131
458,M,blink_dist,10,18000,21600,12.295201766123455,56.885182009509705,220.0,7.029281448661144,4.523749182125197,3.215653628073811,0.7161606516486086,9.773029464950538,167.0,0.004545454545454545,-1.4433394506915687,-1.4433394506915687
458,M,blink_dist,11,19800,23400,8.82941928995665,45.29827322641629,106.0,6.265307143750782,3.2489128511308154,2.8821202184112824,0.6365706945989706,8.40436610299035,86.0,0.009433962264150943,0.774676066161133,0.774676066161133
458,M,blink_dist,12,21600,25200,8.355862183972471,49.61385385324152,159.0,6.900797660196756,4.8260870369294775,3.1419274780380366,0.6608222236665533,9.20889220400389,122.0,0.006289308176100629,-2.295652054848476,-2.295652054848476
458,M,blink_dist,13,23400,27000,10.933695136691355,61.620182818775085,185.0,7.915328028824501,6.68337239706407,3.4899842995885706,0.7432275680311117,11.030582597948873,152.0,0.005405405405405406,-1.2018803875095887,-1.2018803875095887
458,M,blink_dist,14,25200,28800,8.061140891345424,54.524468609994315,165.0,6.991386757457188,4.477950111362364,3.2034596032981892,0.6982376497769817,9.448257832714402,146.0,0.006060606060606061,-0.905331984309082,-0.905331984309082
459,H,blink_dist,0,0,3600,7.525527949804576,61.233404438218344,395.0,7.552542017906696,6.587956746769981,3.37379104289365,0.7455453320173623,10.380722286254692,167.0,0.002531645569620253,-3.0757438381976963,-3.0757438381976963
459,H,blink_dist,1,1800,5400,10.636897329618396,56.856358552503146,384.0,7.0212146499768195,5.742933381842156,3.1717751472096456,0.7154809422124513,9.568608352495808,193.0,0.0026041666666666665,-0.027213949059986243,-0.027213949059986243
459,H,blink_dist,2,3600,7200,8.43397107351484,38.59221829972273,150.0,5.886754297269969,3.1288386014061302,2.6453899516350847,0.5874285995666733,7.62062357190241,160.0,0.006666666666666667,-0.49489645235346924,-0.49489645235346924
459,H,blink_dist,3,5400,9000,7.86893551959423,33.406951205154336,66.0,5.575944435033034,2.418213405562644,2.462835409564359,0.5459763231932835,7.208579009433962,111.0,0.015151515151515152,-1.0153485565837255,-1.0153485565837255
459,H,blink_dist,4,7200,10800,8.624658992401715,46.186285295196186,87.0,6.256108574582309,3.250856737681103,2.877501841578069,0.6454469521026177,8.354965537908301,87.0,0.011494252873563218,0.45996877109116,0.45996877109116
459,H,blink_dist,5,9000,12600,7.429928419352412,48.3452649682898,76.0,6.191574889867842,3.073624033667222,2.8462319511507657,0.6618284424379233,8.21172877377364,102.0,0.013157894736842105,-1.9069115842582343,-1.9069115842582343
459,H,blink_dist,6,10800,14400,4.58027972566369,21.43066385816117,37.0,5.0079048162333955,1.6352763363858795,1.9956868046587861,0.44039539944480866,6.192139845052466,42.0,0.02702702702702703,-1.0455212000981349,-1.0455212000981349
459,H,blink_dist,7,12600,16200,5.058836439506103,30.952170453540802,74.0,5.528934010152284,2.3568749187347313,2.43228204120277,0.5223360319284641,7.049088119993182,54.0,0.013513513513513514,-0.7898954633730527,-0.7898954633730527
459,H,blink_dist,8,14400,18000,7.002949129708836,40.79111534855925,63.0,5.942777390090718,2.770880901060798,2.70533218326146,0.5989738127225326,7.916240862159921,94.0,0.015873015873015872,-1.1249117797368577,-1.1249117797368577
459,H,blink_dist,9,16200,19800,5.068596057401887,39.64874463867591,79.0,5.862947947248241,2.801774998699486,2.6487731547366855,0.5919406023591401,7.708540238847622,66.0,0.012658227848101266,-0.21032263141858784,-0.21032263141858784
459,H,blink_dist,10,18000,21600,3.1409517240740383,46.799465009484386,86.0,6.563908701854493,4.211049064397686,2.9967759408480337,0.6415182135791985,8.311480810410147,96.0,0.011627906976744186,0.1286343622449963,0.1286343622449963
459,H,blink_dist,11,19800,23400,6.549789784858728,61.54264490341398,316.0,7.5141436398284895,5.546195194815782,3.3821426936474484,0.7469851164129165,10.264762064343163,133.0,0.0031645569620253164,-2.1834292530426813,-2.1834292530426813
459,H,blink_dist,12,21600,25200,6.959645816917555,52.52531511930008,203.0,6.681370974805127,4.147938953953995,3.0740968326735767,0.6884243575972899,8.987729785608343,122.0,0.0049261083743842365,-3.793082745562626,-3.793082745562626
459,H,blink_dist,13,23400,27000,5.856681209189503,53.495228510569824,203.0,6.999143591207536,4.863729604615163,3.2010665472207984,0.6881363235939857,9.370670925331005,135.0,0.0049261083743842365,0.4867887061086826,0.4867887061086826
459,H,blink_dist,14,25200,28800,5.607068199602875,46.62194114463151,162.0,6.52279792746114,3.989651118287342,2.9910616660554905,0.6395521750277754,8.675399953628565,102.0,0.006172839506172839,0.17494940758409194,0.17494940758409194
459,L,blink_dist,0,0,3600,14.729579517005934,76.14157875559566,449.0,10.270086445214796,12.229449473769892,4.008286208290795,0.8375898991914494,14.771196894213944,386.0,0.0022271714922048997,-7.961715258223146,-7.961715258223146
459,L,blink_dist,1,1800,5400,6.48790965437056,36.16569212777743,84.0,5.679554593257037,2.674747506151019,2.5301426771960003,0.5673453560657352,7.321995392803241,98.0,0.011904761904761904,-2.120774541688805,-2.120774541688805
459,L,blink_dist,2,3600,7200,4.7410019437772535,22.406926990330515,49.0,5.1225448663637065,1.6950351611733383,2.110238738077305,0.4476668575856609,6.333269780743565,55.0,0.02040816326530612,-1.8557534140739473,-1.8557534140739473
459,L,blink_dist,3,5400,9000,3.4284211893284406,5.705007547662088,12.0,4.500183755972069,0.9190398750050593,1.373115493386455,0.22372528373618591,5.22519042437432,35.0,0.08333333333333333,-0.27009364931739266,-0.27009364931739266
459,L,blink_dist,4,7200,10800,3.320218813508397,7.774388777169468,16.0,4.609241300627496,1.0722156903134197,1.5342649767925742,0.2573678690669771,5.391212334979341,31.0,0.0625,0.2952946260889622,0.2952946260889622
459,L,blink_dist,5,9000,12600,3.509293440402678,8.060573785042262,14.0,4.605721716514955,1.0612300101871976,1.5260804059038693,0.2582510616798438,5.280117258387232,21.0,0.07142857142857142,-0.38674006439833136,-0.38674006439833136
459,L,blink_dist,6,10800,14400,7.20242230202072,25.85145052083911,32.0,5.221789186041303,1.8751866426231723,2.1865266699099206,0.48591505565449195,6.48520053278082,46.0,0.03125,-3.0901279094149645,-3.0901279094149645
459,L,blink_dist,7,12600,16200,8.859289151601688,50.490142165568344,244.0,6.451550476892596,3.8222787126010203,2.9665440677571926,0.6761059074887088,8.763338085111355,109.0,0.004098360655737705,-0.08540420939773996,-0.08540420939773996
459,L,blink_dist,8,14400,18000,8.93191923764446,52.69339857148478,210.0,6.517407653174076,3.6507409875803223,3.007872320878408,0.6882598152301039,8.857798798591451,100.0,0.004761904761904762,-0.8179185434208236,-0.8179185434208236
459,L,blink_dist,9,16200,19800,6.498404038916436,28.545198017855036,57.0,5.310302254332617,2.034481315013322,2.2643969750527964,0.508609204782318,6.637215120848102,64.0,0.017543859649122806,-1.6742329544754175,-1.6742329544754175
459,L,blink_dist,10,18000,21600,6.755204983123528,40.289282091419196,87.0,5.856028320043992,2.6676654168424476,2.6527743468037417,0.5994492905093057,7.620539874349957,91.0,0.011494252873563218,0.6322286418856012,0.6322286418856012
459,L,blink_dist,11,19800,23400,6.3665613447890905,49.819357817039574,124.0,6.510885959735065,3.8021814231711004,2.992572299236881,0.6646315150359529,8.663619714164241,122.0,0.008064516129032258,-1.6826614763690857,-1.6826614763690857
459,L,blink_dist,12,21600,25200,6.833745148743126,31.207313253518954,89.0,5.352295049108037,2.010356340576052,2.305287375451743,0.5318330349254136,6.836282787008383,57.0,0.011235955056179775,2.7158836790935985,2.7158836790935985
459,L,blink_dist,13,23400,27000,7.765636912504147,31.44495615704069,89.0,5.460601514502072,2.157711803470998,2.3877659117264183,0.533466895120401,7.122272721031457,76.0,0.011235955056179775,-0.4256789968155496,-0.4256789968155496
459,L,blink_dist,14,25200,28800,10.761679874629642,50.40728239928518,107.0,6.547854085528091,3.6268134246418415,3.0166302724826073,0.6689309133871825,9.063934838352859,183.0,0.009345794392523364,-2.8037137431614987,-2.8037137431614987
459,M,blink_dist,0,0,3600,9.967237393999927,54.85546428033423,250.0,7.0116965053873574,4.8670141409154155,3.1952846071672054,0.7035823832768695,9.601513378749276,171.0,0.004,-4.017540681748235,-4.017540681748235
459,M,blink_dist,1,1800,5400,7.13102215145745,25.45958332306686,38.0,5.173463814292217,1.728761878717278,2.1581548660537058,0.48076324318996855,6.561015498425703,44.0,0.02631578947368421,-1.5107075690825573,-1.5107075690825573
459,M,blink_dist,2,3600,7200,9.038284696839273,34.82020567615284,72.0,5.755637999532601,2.7428597730014053,2.5791456123833605,0.55968461104798,7.564612444762928,85.0,0.013888888888888888,-0.3240628417441032,-0.3240628417441032
459,M,blink_dist,3,5400,9000,13.283510830061093,52.98678592085501,142.0,6.75286959986514,4.028127347418625,3.1050926700725285,0.6884283915715603,9.357119508368202,193.0,0.007042253521126761,3.1644773806811175,3.1644773806811175
459,M,blink_dist,4,7200,10800,15.734069420433636,61.22189171903394,174.0,7.375724664269465,4.887168652187271,3.343018737276398,0.7420636934915688,10.442438052243977,208.0,0.005747126436781609,-1.4559775226033476,-1.4559775226033476
459,M,blink_dist,5,9000,12600,14.23829217229128,48.43967883758682,124.0,6.45611543062201,3.747457668488265,2.950640174813666,0.6576144817009896,8.838796743063932,148.0,0.008064516129032258,0.06129219977913852,0.06129219977913852
459,M,blink_dist,6,10800,14400,12.863991019234753,53.54883410794575,152.0,6.811799083873006,4.573036331265765,3.0983511659471255,0.6927307291621396,9.460412745247664,231.0,0.006578947368421052,-2.826134568812431,-2.826134568812431
459,M,blink_dist,7,12600,16200,6.901950661697302,58.99175183292601,199.0,7.724740893387478,5.855345632422547,3.4472212321561626,0.72778155780197,10.317137186069782,150.0,0.005025125628140704,3.9041660859614544,3.9041660859614544
459,M,blink_dist,8,14400,18000,9.010012153998783,67.8099033632291,148.0,8.483509659103511,7.671042206649563,3.616749917836041,0.7862919738827204,11.904141392452628,168.0,0.006756756756756757,-3.004735125109886,-3.004735125109886
459,M,blink_dist,9,16200,19800,13.152051492446839,61.532846803978224,124.0,7.366576035593294,5.093533004789286,3.3344611358880374,0.7504350952108557,10.358076223524186,135.0,0.008064516129032258,2.9936064609402746,2.9936064609402746
459,M,blink_dist,10,18000,21600,10.615221713440688,38.75482458450264,59.0,5.673679340882055,2.380460158102109,2.539453078632118,0.5934265271267671,7.524431427917271,74.0,0.01694915254237288,-4.181354626789309,-4.181354626789309
459,M,blink_dist,11,19800,23400,6.721549475911714,25.42573466856146,28.0,5.168695652173913,1.6485818057274975,2.1564759439256505,0.47450344817752765,6.464178186409401,48.0,0.03571428571428571,2.8490095452313784,2.8490095452313784
459,M,blink_dist,12,21600,25200,7.664334953919749,25.30651800135466,51.0,5.191406584010261,1.7240108629205826,2.173657909582038,0.47722607200541867,6.666327020771773,64.0,0.0196078431372549,-1.5157204028430025,-1.5157204028430025
459,M,blink_dist,13,23400,27000,12.672680146014107,44.73235758257161,102.0,6.003654018574594,2.837393975666216,2.7430930887153036,0.6362009246608149,8.119750653529056,102.0,0.00980392156862745,1.6984660124812692,1.6984660124812692
459,M,blink_dist,14,25200,28800,13.202750391303175,53.3066685056203,131.0,6.639292387438973,3.829056635880858,3.0596860863140574,0.6931524383678319,9.146611109780727,143.0,0.007633587786259542,-3.1336900343922243,-3.1336900343922243
460,H,blink_dist,0,0,3600,13.234089786248395,62.35644565785456,158.0,7.279420052978639,4.913912304793912,3.3068738265421156,0.7520901753610961,10.186792437407531,308.0,0.006329113924050633,-4.622849856147507,-4.622849856147507
460,H,blink_dist,1,1800,5400,4.193137567005527,15.321643664455966,40.0,4.811124401913876,1.4098409014138347,1.7850185361756539,0.36582847956847525,5.803535277232211,56.0,0.025,1.1358161360405594,1.1358161360405594
460,H,blink_dist,2,3600,7200,3.199285806816111,7.024279673075675,19.0,4.617328519855596,1.1437254884060672,1.5368128392827756,0.2423923191755995,5.362752678670054,25.0,0.05263157894736842,-1.1695166357124083,-1.1695166357124083
460,H,blink_dist,3,5400,9000,2.0562923898461,3.5654916339117873,11.0,4.358974358974359,0.7512621177212101,1.1161030296736274,0.16656050460639768,4.921840927349937,16.0,0.09090909090909091,-0.673164402194226,-0.673164402194226
460,H,blink_dist,4,7200,10800,2.5521959859058976,7.982851420703467,13.0,4.578248384781048,0.9865283987038722,1.4920077629517836,0.2601514582551008,5.349334019689852,30.0,0.07692307692307693,-0.04286578824329587,-0.04286578824329587
460,H,blink_dist,5,9000,12600,3.416712842491108,15.437838646489297,19.0,4.959747671973566,1.47468945140472,1.954430112355741,0.3671103257083818,6.039996923313591,44.0,0.05263157894736842,-0.9109234014482375,-0.9109234014482375
460,H,blink_dist,6,10800,14400,2.6996764311297627,24.75075881736908,64.0,5.548010610079576,2.7529492302035736,2.415094474579022,0.45098601882695416,6.84407829756667,66.0,0.015625,-0.853338335928879,-0.853338335928879
460,H,blink_dist,7,12600,16200,3.209732271797851,16.385578143273033,64.0,4.948301773369402,1.933762473102632,1.9083266477358618,0.3797929781781084,6.010671812239112,59.0,0.015625,-0.6461436827917769,-0.6461436827917769
460,H,blink_dist,8,14400,18000,4.371957407174613,35.94075394766647,67.0,5.689860605008965,2.3856948370733986,2.5506820138328523,0.5592570129993497,7.29400552749452,54.0,0.014925373134328358,-1.4814122263259306,-1.4814122263259306
460,H,blink_dist,9,16200,19800,4.095780985868361,56.612691875701984,223.0,7.719846841097639,7.019073874954046,3.4075282860865386,0.706192281292899,9.99718434273726,190.0,0.004484304932735426,-1.646466469681612,-1.646466469681612
460,H,blink_dist,10,18000,21600,3.8796318052370014,46.08166861547076,169.0,6.659427619444279,4.663844620150679,3.0286801163629855,0.6317583702508193,8.640108111151777,106.0,0.005917159763313609,1.179609887189333,1.179609887189333
460,H,blink_dist,11,19800,23400,2.37027734725599,22.385454643475683,19.0,5.143697739238155,1.7070458844426628,2.1294912123534218,0.43770174741055723,6.274852671239493,43.0,0.05263157894736842,-0.4879962927174548,-0.4879962927174548
460,H,blink_dist,12,21600,25200,3.589430924826823,27.006532690151126,27.0,5.242117992571478,1.7929045236645416,2.217402148282463,0.48746417700564265,6.5668125412145555,47.0,0.037037037037037035,-0.5052480042742022,-0.5052480042742022
460,H,blink_dist,13,23400,27000,2.7907555493650578,7.376012362991157,12.0,4.5424744448360945,0.9201714429683181,1.4419418921447364,0.25290329965944536,5.248678505672032,18.0,0.08333333333333333,0.04977809976811451,0.04977809976811451
460,H,blink_dist,14,25200,28800,3.8496661044636915,24.79751709486822,26.0,5.188748046535857,1.6953626050086,2.173493146210184,0.4735900882958242,6.447620392599915,50.0,0.038461538461538464,-1.490439299927218,-1.490439299927218
460,L,blink_dist,0,0,3600,7.570460527776495,36.79390988040882,68.0,5.655208198209885,2.276799674641076,2.5300385549582196,0.5749765797091664,7.502381411227046,83.0,0.014705882352941176,-3.8764527830699196,-3.8764527830699196
460,L,blink_dist,1,1800,5400,5.7152705754229185,32.749494136454594,70.0,5.52262230181921,2.1533669937339948,2.4353344502637726,0.5364165856167064,7.346398223991426,88.0,0.014285714285714285,-0.5983395547316593,-0.5983395547316593
460,L,blink_dist,2,3600,7200,5.6895377694816585,47.99448613532551,104.0,6.371473295814543,3.546338523986888,2.9234609072935585,0.6495284859612626,8.623250526472725,132.0,0.009615384615384616,-1.338552613569447,-1.338552613569447
460,L,blink_dist,3,5400,9000,5.909760113064614,21.277096059246446,29.0,5.022714221910292,1.5997813315013412,2.013626783875709,0.43198280988161525,6.267892858543473,50.0,0.034482758620689655,0.33992055659308185,0.33992055659308185
460,L,blink_dist,4,7200,10800,2.202223435829554,3.355334735620512,9.0,4.360037700282752,0.7215973474516068,1.1305277085019128,0.16039384927830566,4.875647668393782,20.0,0.1111111111111111,-0.4777873650338226,-0.4777873650338226
460,L,blink_dist,5,9000,12600,3.0595204114182097,16.149545006030042,18.0,4.928776290630975,1.4227037228573547,1.9227269434755752,0.37561409828705083,5.878860924987743,35.0,0.05555555555555555,-0.28323113663786414,-0.28323113663786414
460,L,blink_dist,6,10800,14400,4.530139888388946,34.530991611690744,106.0,5.722725413428388,2.5712238716493765,2.565167465321682,0.5488295505431774,7.352006234796779,70.0,0.009433962264150943,-1.2832908084054282,-1.2832908084054282
460,L,blink_dist,7,12600,16200,4.434300760116099,21.86636600398402,25.0,5.198509891239188,1.8098304746149958,2.174737851852985,0.4358234063016689,6.484363694830774,53.0,0.04,-0.6554768099331068,-0.6554768099331068
460,L,blink_dist,8,14400,18000,4.619366116810966,20.922560901813654,70.0,5.380313000177841,2.2576051898320686,2.306024578779377,0.4174467055101229,6.6169804598646165,86.0,0.014285714285714285,-0.04354663421749294,-0.04354663421749294
460,L,blink_dist,9,16200,19800,4.294838855291062,18.750883300232818,70.0,5.200309437854564,2.026920397868976,2.1621570412764077,0.3951885241633752,6.401439845773842,64.0,0.014285714285714285,-0.9363540460719361,-0.9363540460719361
460,L,blink_dist,10,18000,21600,1.9687433461688548,1.9853472126439113,9.0,4.315696649029983,0.6348079461039733,1.0399052042282966,0.12386311083705873,4.796261388627081,14.0,0.1111111111111111,-0.8321029946671024,-0.8321029946671024
460,L,blink_dist,11,19800,23400,1.8144104032734814,2.0230476006021605,8.0,4.3522727272727275,0.6520324760794252,1.1147086613341128,0.11759294310288668,4.791928251121076,15.0,0.125,-0.2704516613792811,-0.2704516613792811
460,L,blink_dist,12,21600,25200,1.755884642274863,6.278712236302273,13.0,4.534822601839685,1.000214957876337,1.4231656303841371,0.22331638269033086,5.179554805359215,20.0,0.07692307692307693,-0.579123396469754,-0.579123396469754
460,L,blink_dist,13,23400,27000,3.686132605254125,26.961910126966245,40.0,5.247533102808467,1.834616266694546,2.220308140737179,0.48629371235429214,6.632701911995035,39.0,0.025,2.659432686859605,2.659432686859605
460,L,blink_dist,14,25200,28800,2.979191248737519,33.158188213090845,58.0,5.617585611772187,2.272434813260859,2.5006253201735182,0.523805438792142,7.208175010144981,55.0,0.017241379310344827,-0.4227074388210142,-0.4227074388210142
460,M,blink_dist,0,0,3600,3.5983439637561974,40.47160346955263,60.0,6.066808623902049,3.02021540634375,2.770015138148154,0.5911956106785514,7.7525467140112925,60.0,0.016666666666666666,-1.546620863384441,-1.546620863384441
460,M,blink_dist,1,1800,5400,3.7328541802871373,28.10244121611502,48.0,5.303561334087055,1.9739053742072454,2.2618234798399603,0.4992896724362952,6.604301683882836,76.0,0.020833333333333332,-1.1405971628635887,-1.1405971628635887
460,M,blink_dist,2,3600,7200,2.3186040839288804,10.727768745349831,19.0,4.680492936579501,1.1605896938653448,1.6283986765063911,0.30303948855024937,5.384088127294982,21.0,0.05263157894736842,-0.7945316168850137,-0.7945316168850137
460,M,blink_dist,3,5400,9000,2.699420860121035,24.516411533932555,53.0,5.357817147290832,2.118954380112992,2.298270595781365,0.4554015751758907,6.496011816838996,56.0,0.018867924528301886,-0.014408903492680352,-0.014408903492680352
460,M,blink_dist,4,7200,10800,3.836456277950084,38.666672218035565,67.0,5.952060501185669,3.0990417157834247,2.685550707370822,0.5764839849946499,7.666482101824424,121.0,0.014925373134328358,-1.2106506958275243,-1.2106506958275243
460,M,blink_dist,5,9000,12600,4.844060953046654,46.38464430096748,99.0,6.28988553031658,3.559015648377078,2.876401764213038,0.6392393376024692,8.31326386208671,126.0,0.010101010101010102,1.2470330597680974,1.2470330597680974
460,M,blink_dist,6,10800,14400,2.8415822337257572,39.907924248300986,99.0,6.121841855652324,3.497209834748284,2.783314788223624,0.5864601426668241,7.697037884097532,74.0,0.010101010101010102,0.6909308641617502,0.6909308641617502
460,M,blink_dist,7,12600,16200,3.1190365100756474,51.047027915623225,135.0,7.038412653580003,5.40663329867655,3.170032566301807,0.6703180772992876,8.942474550795929,108.0,0.007407407407407408,0.3158885916960583,0.3158885916960583
460,M,blink_dist,8,14400,18000,3.187880950551642,54.392039162829384,388.0,7.270864032150033,7.474057054790196,3.1974857893230766,0.6952504547117153,9.252867431315018,121.0,0.002577319587628866,-1.33351661411156,-1.33351661411156
460,M,blink_dist,9,16200,19800,2.7567805783923336,35.398753099867896,108.0,6.007276302851524,3.4917723430560863,2.6969937516566866,0.551466498250168,7.452840530911084,88.0,0.009259259259259259,-0.4334133286485874,-0.4334133286485874
460,M,blink_dist,10,18000,21600,2.570181795645102,22.68715896237555,40.0,5.223955352032055,1.970100992666033,2.185247261723922,0.44237940163822354,6.332310292678588,59.0,0.025,-0.2966409250343798,-0.2966409250343798
460,M,blink_dist,11,19800,23400,2.5231567300392252,27.27364809257923,130.0,5.392664914257104,2.6700100340018995,2.3092832749061394,0.48822185082488195,6.650899055668147,37.0,0.007692307692307693,-0.13911221602807974,-0.13911221602807974
460,M,blink_dist,12,21600,25200,1.8303196985667738,28.765043154982678,72.0,5.710498960498961,2.8092278073695365,2.531522679410146,0.48536483196174085,6.794929749541845,45.0,0.013888888888888888,-0.5242136208801903,-0.5242136208801903
460,M,blink_dist,13,23400,27000,2.964240344726955,45.47570806569815,120.0,6.490693739424704,3.7673801102530042,2.9684926508952394,0.619616760788033,8.2899679175228,148.0,0.008333333333333333,-1.2711620602065137,-1.2711620602065137
460,M,blink_dist,14,25200,28800,4.182531370143332,43.189725297597455,120.0,6.175111936223654,3.127251103766862,2.8274765321059476,0.611832482327466,7.993937428272043,121.0,0.008333333333333333,-1.5803556980111928,-1.5803556980111928
461,H,blink_dist,0,0,3600,2.862443217313147,3.6985987957790885,10.0,4.39814200398142,0.7851959707080658,1.2015732329095807,0.17913204578048358,5.087321711568938,18.0,0.1,-1.2673370972082365,-1.2673370972082365
461,H,blink_dist,1,1800,5400,0.8524251532347862,0.13116965858411722,5.0,4.117647058823529,0.3221897397089212,0.5225593745369408,0.0268054566577971,4.388036809815951,9.0,0.2,0.24382018096096655,0.24382018096096655
461,H,blink_dist,2,3600,7200,0.8026846456611789,0.16914749661705006,5.0,4.0476190476190474,0.21295885499997988,0.2761954276479391,0.026048714479025712,4.348837209302325,8.0,0.2,-0.057562397128889047,-0.057562397128889047
461,H,blink_dist,3,5400,9000,0.6868790323314896,0.19301427840565555,5.0,4.15,0.35707142142714243,0.6098403047164005,0.03507976373191945,4.2794326241134755,7.0,0.2,-0.07919925460780891,-0.07919925460780891
461,H,blink_dist,4,7200,10800,0.7881011249756609,0.4864306126998926,5.0,4.137931034482759,0.34482758620689685,0.5787946246321198,0.05454103244897546,4.3685064935064934,9.0,0.2,-0.16377880200307254,-0.16377880200307254
461,H,blink_dist,5,9000,12600,0.7632787907529937,0.303442502877472,5.0,4.142857142857143,0.34992710611188266,0.5916727785823274,0.04930417495029821,4.487619047619048,10.0,0.2,0.04334101832283341,0.04334101832283341
461,H,blink_dist,6,10800,14400,0.9365399614822544,0.627643607586301,5.0,4.134831460674158,0.3415434641251835,0.5705411428522261,0.06638013371537727,4.533488642981945,11.0,0.2,-0.2800915657734254,-0.2800915657734254
461,H,blink_dist,7,12600,16200,0.7656108762076329,0.4777701278921783,6.0,4.163636363636364,0.4162008415367123,0.6774113411018926,0.0540568734222111,4.459552495697074,9.0,0.16666666666666666,0.012732108151410912,0.012732108151410912
461,H,blink_dist,8,14400,18000,0.6928370314724516,0.3573487031700288,9.0,4.696969696969697,1.2427937366309023,1.5755449197638833,0.04357348703170029,4.581818181818182,12.0,0.1111111111111111,-0.02483436895766457,-0.02483436895766457
461,H,blink_dist,9,16200,19800,0.7619210697691283,0.28721174004192873,8.0,4.566666666666666,1.0857664983268214,1.3448111585357185,0.04355345911949685,4.536026200873362,11.0,0.125,-0.11718797491120317,-0.11718797491120317
461,H,blink_dist,10,18000,21600,0.8239769053257964,0.3877096055054764,5.0,4.081632653061225,0.27380424214283167,0.40790598013897633,0.05488029465930019,4.426896012509773,10.0,0.2,-0.25355383889188193,-0.25355383889188193
461,H,blink_dist,11,19800,23400,0.7884046155485249,0.5348677012844929,6.0,4.190476190476191,0.49943278484292875,0.7228578977329687,0.061023542282912596,4.508982035928144,16.0,0.16666666666666666,-0.039825469577293486,-0.039825469577293486
461,H,blink_dist,12,21600,25200,0.8689574028618522,0.9043951397952243,7.0,4.169491525423729,0.49240132360454114,0.6833363577767122,0.08050403485230051,4.547767393561786,16.0,0.14285714285714285,-0.12206037275213427,-0.12206037275213427
461,H,blink_dist,13,23400,27000,0.7880851517876154,0.7600632372613402,7.0,4.166666666666667,0.5426273532033238,0.6317894069364279,0.07413150107422271,4.33609958506224,10.0,0.14285714285714285,0.10194020107548842,0.10194020107548842
461,H,blink_dist,14,25200,28800,0.7392870623086911,0.5185489272519067,7.0,4.2105263157894735,0.6417312687077863,0.7067003740114743,0.061394032366095544,4.474803149606299,10.0,0.14285714285714285,-0.18531184724601313,-0.18531184724601313
461,L,blink_dist,0,0,3600,3.5471019765063154,9.968657966550484,16.0,4.629234629861982,1.0389359521860757,1.564698584389415,0.29003989804832797,5.409709390223417,28.0,0.0625,-1.4656913844722368,-1.4656913844722368
461,L,blink_dist,1,1800,5400,0.8234178437442047,1.0281280310378274,8.0,4.308943089430894,0.688229510083523,0.9688249559004555,0.07681862269641125,4.497444633730835,10.0,0.125,0.035228183043068725,0.035228183043068725
461,L,blink_dist,2,3600,7200,0.702884166753055,0.48404690482683393,6.0,4.176470588235294,0.42958631961189503,0.7120161477245655,0.05715389510044541,4.416154521510097,10.0,0.16666666666666666,0.13375429649372617,0.13375429649372617
461,L,blink_dist,3,5400,9000,0.7301663719347252,0.7984774238711936,7.0,4.195402298850575,0.5216922169154118,0.7565201624531432,0.055849667483374166,4.409326424870466,15.0,0.14285714285714285,-0.07627836147173181,-0.07627836147173181
461,L,blink_dist,4,7200,10800,0.7675436319611353,1.0114043119953384,7.0,4.300884955752212,0.578140990126056,1.0074342317867282,0.07123532839423957,4.4425697598961715,15.0,0.14285714285714285,0.11800306080845546,0.11800306080845546
461,L,blink_dist,5,9000,12600,0.8977410877197971,2.094194260092878,7.0,4.441509433962264,0.770550884111713,1.2591713226308625,0.10373111755600235,4.766966475878986,13.0,0.14285714285714285,-0.08002857973376719,-0.08002857973376719
461,L,blink_dist,6,10800,14400,0.7685978623721367,0.9830001246934619,8.0,4.339449541284404,0.7807334059226899,1.052221156197808,0.07280019950953905,4.655149501661129,13.0,0.125,-0.17785820748356418,-0.17785820748356418
461,L,blink_dist,7,12600,16200,0.6980283175872308,0.4462242562929062,5.0,4.239130434782608,0.42655254065975196,0.7935912300117065,0.050022883295194505,4.425101214574899,13.0,0.2,-0.18910246901597355,-0.18910246901597355
461,L,blink_dist,8,14400,18000,0.7065100804393777,0.24191178132983654,6.0,4.28,0.5306599664568641,0.9510456605801274,0.037225023173792136,4.287760416666667,9.0,0.16666666666666666,-0.17466282996204302,-0.17466282996204302
461,L,blink_dist,9,16200,19800,1.0029724505633824,1.91906483413228,8.0,4.318996415770609,0.6736444479701911,1.0469651375091937,0.09832619324425475,4.64734663153933,12.0,0.125,-0.21965004129083426,-0.21965004129083426
461,L,blink_dist,10,18000,21600,0.8807775620155033,1.6448740501623111,8.0,4.278301886792453,0.6749569821346328,0.9399822889729278,0.1075787526522914,4.707936507936508,14.0,0.125,-0.2736675539977843,-0.2736675539977843
461,L,blink_dist,11,19800,23400,0.6647881132645985,0.3099545880487277,5.0,4.161290322580645,0.36779852422552844,0.6373874992221911,0.04779067252937361,4.357064622124863,8.0,0.2,0.08646724129159741,0.08646724129159741
461,L,blink_dist,12,21600,25200,0.8452851381784592,0.5706834974205862,7.0,4.314285714285714,0.6446008098673426,1.0318876894901439,0.05895803019709367,4.538181818181818,13.0,0.14285714285714285,-0.04022671684556077,-0.04022671684556077
461,L,blink_dist,13,23400,27000,0.7873503851375235,0.9595877627201168,8.0,4.462264150943396,0.8146596499880312,1.3093255454610437,0.06610606183559198,4.648359486447932,16.0,0.125,0.10948164355575711,0.10948164355575711
461,L,blink_dist,14,25200,28800,0.8692928398108072,0.9573334313329168,9.0,4.235772357723577,0.6257522408095582,0.826312088379432,0.08461651537980963,4.516920058852379,10.0,0.1111111111111111,-0.04353378690829647,-0.04353378690829647
461,M,blink_dist,0,0,3600,1.317851906503819,0.7502666537380006,10.0,4.210884353741497,0.6518554628512921,0.7492648354212853,0.0672452244739649,4.532679738562091,13.0,0.1,-0.4347166412158558,-0.4347166412158558
461,M,blink_dist,1,1800,5400,0.983565027088131,0.584643367545797,9.0,4.235294117647059,0.6623853298945519,0.7957964947026213,0.05880537871898142,4.500932256059665,13.0,0.1111111111111111,-0.026076663776015217,-0.026076663776015217
461,M,blink_dist,2,3600,7200,0.8988751840710257,0.9045029676227032,8.0,4.206611570247934,0.528796471836244,0.7610430576638458,0.08437288978924548,4.539196940726577,12.0,0.125,-0.1274140657240673,-0.1274140657240673
461,M,blink_dist,3,5400,9000,0.9775271620069417,1.189581358867937,11.0,4.257309941520468,0.8189222791314776,0.8225458434964614,0.10808359750318638,4.632002801120448,14.0,0.09090909090909091,-0.18821539866945788,-0.18821539866945788
461,M,blink_dist,4,7200,10800,0.9705149324549783,1.8104313764216,11.0,4.3478260869565215,0.9140780887664656,1.0448099226347232,0.11336592109810892,4.717808219178083,15.0,0.09090909090909091,0.16018453258799384,0.16018453258799384
461,M,blink_dist,5,9000,12600,0.7762649926339643,1.0144450388904893,7.0,4.28695652173913,0.6009444362842068,0.9730219749745768,0.07823367216757891,4.5642256902761105,12.0,0.14285714285714285,-0.04281801086865529,-0.04281801086865529
461,M,blink_dist,6,10800,14400,0.7040342362923292,0.6352663581087213,7.0,4.242424242424242,0.5521474896451101,0.868128484557547,0.05404301660767765,4.558851674641148,9.0,0.14285714285714285,0.03854750990794145,0.03854750990794145
461,M,blink_dist,7,12600,16200,0.7516343366678429,0.6120367222033322,7.0,4.298507462686567,0.5734141108148813,0.9795792139971153,0.056369007140428425,4.569336778639104,11.0,0.14285714285714285,-0.02483084761250075,-0.02483084761250075
461,M,blink_dist,8,14400,18000,0.7778303650624209,0.9117792015771315,6.0,4.188679245283019,0.45791173960421205,0.7430324190256583,0.0676236241169706,4.4620596205962055,9.0,0.16666666666666666,0.11292225217610631,0.11292225217610631
461,M,blink_dist,9,16200,19800,0.7912158966445284,1.0094076795736262,6.0,4.237288135593221,0.531674140385021,0.8515737690774521,0.07464569790446966,4.596022374145432,10.0,0.16666666666666666,-0.14937491643574702,-0.14937491643574702
461,M,blink_dist,10,18000,21600,0.8655870601842571,1.293596604539583,6.0,4.197604790419161,0.4923306536789101,0.7547291553599131,0.09303377006827827,4.6104252400548695,12.0,0.16666666666666666,0.009088079895638807,0.009088079895638807
461,M,blink_dist,11,19800,23400,0.8823748808200507,1.7758548903893847,9.0,4.34070796460177,0.7430071842030014,1.0769930866714783,0.1126608859361706,4.6151279199110125,13.0,0.1111111111111111,0.010137137467860134,0.010137137467860134
461,M,blink_dist,12,21600,25200,1.0452055597556167,3.1420493619622527,13.0,4.49890590809628,0.9635018335578134,1.3548262529856976,0.14756628715519218,4.837675350701403,17.0,0.07692307692307693,-0.2565576890971831,-0.2565576890971831
461,M,blink_dist,13,23400,27000,1.089898539906854,4.4655811704014186,14.0,4.540983606557377,1.002696030998789,1.4215616476888744,0.1817815426553134,4.956443556443556,19.0,0.07142857142857142,-0.5539100743666193,-0.5539100743666193
461,M,blink_dist,14,25200,28800,0.9523693908353195,1.969038793754088,8.0,4.2846715328467155,0.5724694249252901,0.96493656522975,0.1171108464854167,4.622641509433962,13.0,0.125,-0.5810865365157845,-0.5810865365157845
462,H,blink_dist,0,0,3600,1.859422847185628,13.497238186050907,24.0,4.8463911165946945,1.4433047340158516,1.8213503742389838,0.33488819592986796,5.64699065691316,30.0,0.041666666666666664,-0.5140330660673638,-0.5140330660673638
462,H,blink_dist,1,1800,5400,1.7860579944927641,13.998891035272234,22.0,4.9456556082148495,1.48979177957228,1.9322311548171174,0.3356049223724691,5.755521472392638,38.0,0.045454545454545456,-0.02428982001165172,-0.02428982001165172
462,H,blink_dist,2,3600,7200,1.2484963240103693,12.076200711343107,15.0,4.870485036119711,1.4746729612545935,1.8369222633659268,0.30738082444154446,5.555671175858481,22.0,0.06666666666666667,-0.3247626058231435,-0.3247626058231435
462,H,blink_dist,3,5400,9000,1.2695809322303953,12.026622379909917,15.0,4.76283009466866,1.3823405995502946,1.7147284703924621,0.3146561485619386,5.45701505564041,25.0,0.06666666666666667,-0.09624364937178519,-0.09624364937178519
462,H,blink_dist,4,7200,10800,1.2776953117574963,8.652331541442681,14.0,4.6294314381270905,1.1876468447766688,1.5426292673521806,0.27226528316039506,5.3170166015625,22.0,0.07142857142857142,-0.03892319974433235,-0.03892319974433235
462,H,blink_dist,5,9000,12600,1.2930615186572427,6.42726554007313,16.0,4.6496872207327975,1.2457891148950977,1.5664956487797603,0.2217363375827651,5.200637404027234,27.0,0.0625,-0.25163871542974375,-0.25163871542974375
462,H,blink_dist,6,10800,14400,1.2477935037363683,9.773675721344633,19.0,4.804908747640025,1.469540051204643,1.7556791230957907,0.27517345554161654,5.479479989803722,29.0,0.05263157894736842,-0.06651702499992586,-0.06651702499992586
462,H,blink_dist,7,12600,16200,1.5001059821026816,14.040505143003173,26.0,4.874676524953789,1.416631518213353,1.8575166215765477,0.33368826798986306,5.780319099880107,29.0,0.038461538461538464,-0.22214247015641686,-0.22214247015641686
462,H,blink_dist,8,14400,18000,1.6628567950980202,8.97188361526565,11.0,4.712411705348133,1.1311734243107916,1.673395171564013,0.26712006378298414,5.414330218068536,20.0,0.09090909090909091,-0.5185869632165304,-0.5185869632165304
462,H,blink_dist,9,16200,19800,1.6404304390821742,17.27280694067128,18.0,5.109158986175115,1.5923590541118522,2.100802229157654,0.3648769705644651,6.014847512038523,33.0,0.05555555555555555,-0.551962238914609,-0.551962238914609
462,H,blink_dist,10,18000,21600,1.5323558487664946,15.603598344678057,28.0,5.1036481418343,1.881458959475034,2.0672609971751275,0.35465898074697966,5.966941424061733,34.0,0.03571428571428571,-0.5872985381631239,-0.5872985381631239
462,H,blink_dist,11,19800,23400,1.5656279994652176,13.373326803787137,25.0,4.968915845337377,1.6515495858786817,1.943645198004123,0.32572743225595824,5.784310173022919,36.0,0.04,0.10290188540538185,0.10290188540538185
462,H,blink_dist,12,21600,25200,1.3671611380001985,14.639389655454428,22.0,4.99203187250996,1.586778118010471,1.9701120351130528,0.3335105326494608,5.820860522022839,35.0,0.045454545454545456,-0.4359801102270318,-0.4359801102270318
462,H,blink_dist,13,23400,27000,1.3625448866550562,16.154369182434174,22.0,5.079248064872835,1.6807447564256852,2.061669480868054,0.3520784975733277,5.9330304227578035,41.0,0.045454545454545456,-0.28347472598630225,-0.28347472598630225
462,H,blink_dist,14,25200,28800,1.3170851934776362,17.01270980886776,18.0,5.117840204304998,1.7668702776080563,2.0944964592160016,0.365073493742117,5.969165179456673,39.0,0.05555555555555555,0.35139935389471405,0.35139935389471405
462,L,blink_dist,0,0,3600,1.4660830915658212,18.158938377059183,40.0,5.287753807106599,2.126996471588706,2.2312687836664056,0.38352000348644644,6.241312056737589,45.0,0.025,-0.5780314549145864,-0.5780314549145864
462,L,blink_dist,1,1800,5400,1.5797642708854625,14.421492199269977,19.0,5.10304114490161,1.7259799684865276,2.082244242773599,0.3309572198461087,5.9083032490974725,41.0,0.05263157894736842,-0.6158540511147165,-0.6158540511147165
462,L,blink_dist,2,3600,7200,1.4844043382539804,12.330653926031141,14.0,4.9138078902229845,1.4773410624818357,1.891410300149959,0.3029129138823428,5.614839932183106,31.0,0.07142857142857142,0.22468418712313779,0.22468418712313779
462,L,blink_dist,3,5400,9000,1.377112434152529,10.898461966733942,14.0,4.838311019567456,1.3809110673665708,1.8079322901025587,0.2808418586308488,5.600855887115429,31.0,0.07142857142857142,-0.27124876103369866,-0.27124876103369866
462,L,blink_dist,4,7200,10800,1.2816406892047285,4.947842018021611,10.0,4.516496018202503,0.9197063931109173,1.3981942380221732,0.20546007452920723,5.083410422448351,16.0,0.1,0.22798793346648097,0.22798793346648097
462,L,blink_dist,5,9000,12600,1.3853545991839937,5.471001960106077,10.0,4.558117195004803,0.9606743497388467,1.456031145857264,0.21662631154156578,5.103354610892299,20.0,0.1,-0.24669018766711984,-0.24669018766711984
462,L,blink_dist,6,10800,14400,1.1610910390255333,6.998211583436511,13.0,4.781015037593985,1.3143140895880858,1.744922918830898,0.22910991883340212,5.3301328212514,29.0,0.07692307692307693,-0.33739980649915485,-0.33739980649915485
462,L,blink_dist,7,12600,16200,1.0228111501158614,8.309777770836913,13.0,4.837272727272727,1.3631086857826773,1.8096219935697198,0.247965892586635,5.32997650218194,20.0,0.07692307692307693,0.008207714726033474,0.008207714726033474
462,L,blink_dist,8,14400,18000,0.9856255683459971,6.592658617616077,26.0,4.791519434628976,1.4308147291248126,1.744630573490404,0.22148934446155094,5.2717454194792674,26.0,0.038461538461538464,-0.20637763032327477,-0.20637763032327477
462,L,blink_dist,9,16200,19800,1.3886770222974525,5.832892406082496,13.0,4.78847969782814,1.4023518126805241,1.7412184716099697,0.20982769329867262,5.461676646706587,20.0,0.07692307692307693,-0.16212991660846807,-0.16212991660846807
462,L,blink_dist,10,18000,21600,1.4123492869808454,8.82040262384076,14.0,4.775872627066748,1.4085665172438637,1.723945030241989,0.26143971952047046,5.5655471289274105,27.0,0.07142857142857142,-0.6499227475485,-0.6499227475485
462,L,blink_dist,11,19800,23400,1.0459882459698449,5.3051126992853215,14.0,4.607427055702917,1.1989155181852669,1.506560032737787,0.19720084295400403,5.08806146572104,16.0,0.07142857142857142,-0.1553054527660012,-0.1553054527660012
462,L,blink_dist,12,21600,25200,1.2332738758030322,10.24621481951586,20.0,5.042065009560229,1.7184233419800428,2.013996110993704,0.27345905270111,5.612307283359915,72.0,0.05,-0.03271928538561021,-0.03271928538561021
462,L,blink_dist,13,23400,27000,1.127339692685446,11.468325375122207,20.0,5.036714374611076,1.6382245333261596,2.014013696314329,0.29501820706462445,5.629714749222658,69.0,0.05,-0.2916011297390654,-0.2916011297390654
462,L,blink_dist,14,25200,28800,0.9360447926528447,9.291650313134587,15.0,4.810070671378092,1.3091702907296892,1.7839813215594047,0.26016620876776847,5.426588360918313,26.0,0.06666666666666667,-0.21697578362534384,-0.21697578362534384
462,M,blink_dist,0,0,3600,1.0476973770907105,11.030476742235978,18.0,4.986216402481047,1.6590341880064838,1.957556309293162,0.28399475537802443,5.576261038766652,22.0,0.05555555555555555,-0.25268664542068314,-0.25268664542068314
462,M,blink_dist,1,1800,5400,1.0963517078772256,15.359062896105598,46.0,5.286860581745236,2.5878657269423724,2.182455815273142,0.3413027958681178,5.855768028996375,45.0,0.021739130434782608,-0.24824350550919216,-0.24824350550919216
462,M,blink_dist,2,3600,7200,1.3315089822826995,16.863206132511188,46.0,5.152859237536657,2.3538869160639724,2.078875770049983,0.3674228337671997,5.888301451504374,45.0,0.021739130434782608,-0.15732017541309484,-0.15732017541309484
462,M,blink_dist,3,5400,9000,1.268862138768349,15.277515515439909,40.0,5.071458420392813,2.048592782949346,2.012966495907375,0.35076853355489257,5.754052658750646,35.0,0.025,0.016591731883130175,0.016591731883130175
462,M,blink_dist,4,7200,10800,1.5472748064009676,12.961070333550126,36.0,4.838150289017341,1.509382744794784,1.8067669837170766,0.33588322132408355,5.53615790369236,33.0,0.027777777777777776,-0.07513588941567705,-0.07513588941567705
462,M,blink_dist,5,9000,12600,1.5834700505120125,7.186305266661959,15.0,4.57840616966581,1.1459760961373406,1.4700595850358984,0.24518576054391575,5.123524451939292,27.0,0.06666666666666667,-0.3381216808204786,-0.3381216808204786
462,M,blink_dist,6,10800,14400,1.1683109200220878,7.0479341554783845,14.0,4.835834896810507,1.5173391550927928,1.76559149168392,0.22506904377785678,5.29580183368184,27.0,0.07142857142857142,-0.24856859490717004,-0.24856859490717004
462,M,blink_dist,7,12600,16200,1.0669290954974617,5.7144995882925365,19.0,4.893589743589744,1.751251548332152,1.8184944712968494,0.19654914289991765,5.294817503528937,43.0,0.05263157894736842,0.03232765811885647,0.03232765811885647
462,M,blink_dist,8,14400,18000,1.1934686911937098,5.586412730703856,19.0,4.842227378190255,1.6895141750915277,1.7665583487916883,0.20237027717922293,5.263881636205396,39.0,0.05263157894736842,0.001670714116489261,0.001670714116489261
462,M,blink_dist,9,16200,19800,1.2063910003224987,8.120382384874084,18.0,4.8520569620253164,1.536305018763981,1.8072807060724514,0.24648465429123745,5.435328467153285,34.0,0.05555555555555555,-0.24809068248328567,-0.24809068248328567
462,M,blink_dist,10,18000,21600,0.984140061857768,8.01954164773096,19.0,4.797087378640777,1.4735833289354225,1.7411232042590914,0.23600921898331495,5.3449733504870425,39.0,0.05263157894736842,0.011176820648341697,0.011176820648341697
462,M,blink_dist,11,19800,23400,1.1956729911439854,13.071939082225636,24.0,5.05162622612287,1.7966925066759436,2.0177661984771484,0.3109611916371652,5.768773234200744,29.0,0.041666666666666664,-0.16145805023783252,-0.16145805023783252
462,M,blink_dist,12,21600,25200,1.1201357848769369,15.182671191854661,24.0,5.067586863398382,1.8404212141002971,2.0290621660694645,0.3429184610558138,5.775789600096073,25.0,0.041666666666666664,-0.17236917229221294,-0.17236917229221294
462,M,blink_dist,13,23400,27000,0.9914717551706408,8.34850413236455,17.0,4.8204651162790695,1.4352213239717042,1.7818981379265908,0.24915822203605548,5.359729682897245,19.0,0.058823529411764705,-0.30672926618909185,-0.30672926618909185
462,M,blink_dist,14,25200,28800,1.0140258966908506,9.796323425168943,18.0,4.9084451460142065,1.429031396296256,1.8926762831213022,0.27200195327883053,5.384315559713127,23.0,0.05555555555555555,-0.03291504721959785,-0.03291504721959785
463,H,blink_dist,0,0,3600,0.8032117608666797,11.438798846574525,29.0,5.186654643823264,1.9540165770392146,2.1416433234359227,0.2768022273043651,5.545418326693227,26.0,0.034482758620689655,0.019642135033990222,0.019642135033990222
463,H,blink_dist,1,1800,5400,1.6666424406647977,21.68008433965881,57.0,5.475913822319051,2.520329034539479,2.355520178284181,0.4045955529998083,6.43038842345773,92.0,0.017543859649122806,-0.7039530170340613,-0.7039530170340613
463,H,blink_dist,2,3600,7200,3.908703007479765,16.874673074408264,18.0,4.963100961538461,1.4669300096691782,1.9576591389070297,0.37993248986530664,6.068801201083586,42.0,0.05555555555555555,-1.3153200788345725,-1.3153200788345725
463,H,blink_dist,3,5400,9000,2.565198160974914,7.785471437289065,13.0,4.6324564653575395,1.048543302889493,1.5692660057376744,0.2537797177976761,5.403805356669318,20.0,0.07692307692307693,-0.4015663123101362,-0.4015663123101362
463,H,blink_dist,4,7200,10800,2.2344413561172756,11.400630508910764,17.0,4.8995391705069125,1.4472973179341615,1.8802837117193179,0.2851086948751492,5.598006877675626,33.0,0.058823529411764705,-0.45327408545619624,-0.45327408545619624
463,H,blink_dist,5,9000,12600,2.631870247876724,34.91211885803069,33.0,5.954865424430642,2.7130983816810468,2.707574642737938,0.5352343901728491,7.192097537106508,60.0,0.030303030303030304,-1.2998849229443625,-1.2998849229443625
463,H,blink_dist,6,10800,14400,1.792111832761999,23.699808369356923,77.0,5.559272423165377,2.7532485618495857,2.4252246002249187,0.4385400418913499,6.541079500132943,49.0,0.012987012987012988,-0.6329030030586912,-0.6329030030586912
463,H,blink_dist,7,12600,16200,1.3293046823324242,16.821475348770143,77.0,5.449202024133904,3.0428125155402643,2.303553723182222,0.34741831989521876,6.068317766817085,42.0,0.012987012987012988,-0.6005368109329406,-0.6005368109329406
463,H,blink_dist,8,14400,18000,0.9610268587559666,6.507105459985041,13.0,4.728260869565218,1.2017794252771734,1.6726864721934753,0.22047702152414195,5.252425262324293,19.0,0.07692307692307693,-0.324431614831147,-0.324431614831147
463,H,blink_dist,9,16200,19800,1.3154080087328615,18.606938592123957,20.0,5.075521695925803,1.689629049344408,2.0552632737914536,0.37950358829886705,5.972766364070712,35.0,0.05,0.35439114486548795,0.35439114486548795
463,H,blink_dist,10,18000,21600,1.0300629774885068,17.04064385069859,17.0,5.193289224952741,1.7437363881066623,2.1655100297587353,0.34827949819343434,5.923644995384413,33.0,0.058823529411764705,-0.22105980498773325,-0.22105980498773325
463,H,blink_dist,11,19800,23400,1.3987241575780558,13.65925519887629,34.0,5.057505285412262,1.8330048207260585,2.0239074379099713,0.3170144004019779,5.701376052577531,31.0,0.029411764705882353,0.1944936114773387,0.1944936114773387
463,H,blink_dist,12,21600,25200,2.54301140277975,20.0904494205584,46.0,5.254641038278298,2.2903037875447647,2.1777079493637346,0.41379981784491693,6.1745161441492105,73.0,0.021739130434782608,-0.4876331151655901,-0.4876331151655901
463,H,blink_dist,13,23400,27000,2.2420445936269218,20.962789339070838,49.0,5.210554276607048,2.4295510754847287,2.12506195977686,0.4251725882176927,6.211011083936098,78.0,0.02040816326530612,-0.26885189094103135,-0.26885189094103135
463,H,blink_dist,14,25200,28800,2.336062778462584,28.33250141881312,59.0,5.267064954874794,1.9608438675510522,2.231256854602596,0.497346990406772,6.481309868567609,48.0,0.01694915254237288,-0.9058698350110787,-0.9058698350110787
463,L,blink_dist,0,0,3600,1.605305398570176,22.84278606965174,35.0,5.267783386874713,1.924963228195084,2.2281066080949286,0.4318855721393035,6.221529420196373,37.0,0.02857142857142857,-0.44668060414775235,-0.44668060414775235
463,L,blink_dist,1,1800,5400,1.1644134621389919,16.50251035693709,20.0,4.993773349937734,1.6236763424995206,1.9765684805623003,0.3559768443578699,5.86374420969382,28.0,0.05,0.30404891488432517,0.30404891488432517
463,L,blink_dist,2,3600,7200,1.1829263870836968,10.614796710641803,15.0,4.793292682926829,1.3368433467870704,1.760803361448808,0.29577217548644963,5.424467558197128,22.0,0.06666666666666667,-0.2191455878167286,-0.2191455878167286
463,L,blink_dist,3,5400,9000,1.223402445590929,5.686046663446096,13.0,4.657754010695188,1.2317030006195848,1.5783970994605108,0.21189826480918122,5.074097233078005,21.0,0.07692307692307693,0.007296907573601822,0.007296907573601822
463,L,blink_dist,4,7200,10800,1.4810339955763854,6.296376186367558,14.0,4.546728971962617,1.083074350189824,1.4291219602778726,0.21882010353753237,5.209654641160611,25.0,0.07142857142857142,-0.5827103364884583,-0.5827103364884583
463,L,blink_dist,5,9000,12600,1.867840717285593,4.984777998221249,13.0,4.48729792147806,0.9685351651892316,1.3434545324011875,0.1966674078128207,5.0913216736772196,19.0,0.07692307692307693,-0.2605108509220516,-0.2605108509220516
463,L,blink_dist,6,10800,14400,4.398520818894237,40.69920724555052,96.0,6.091586041961083,3.4260681720997392,2.7610047113444853,0.5944314719521805,7.696626307746562,99.0,0.010416666666666666,-2.8940346230691634,-2.8940346230691634
463,L,blink_dist,7,12600,16200,2.8933193898050487,36.531114742513914,96.0,5.843429883433416,3.16665057078548,2.608965772439642,0.5597534449253599,7.321478860526411,74.0,0.010416666666666666,-0.6015884609265674,-0.6015884609265674
463,L,blink_dist,8,14400,18000,2.353968722261561,20.58560086856212,21.0,5.107239057239057,1.634780266154913,2.0976397280035064,0.4158953654067992,6.258603083835393,70.0,0.047619047619047616,-1.0168339270468187,-1.0168339270468187
463,L,blink_dist,9,16200,19800,2.00292596858617,17.510546840732736,16.0,4.990227272727273,1.399235162242609,1.9884121917717958,0.38355410589107847,6.050066041889427,29.0,0.0625,-0.35378322455222466,-0.35378322455222466
463,L,blink_dist,10,18000,21600,1.7647178152640104,19.489500362056482,24.0,5.110847377165915,1.679608809336348,2.0984203537167967,0.3946913468501086,6.165064329138979,33.0,0.041666666666666664,0.44056842412676833,0.44056842412676833
463,L,blink_dist,11,19800,23400,1.596584037897347,18.24239150009004,19.0,5.113292204150309,1.6574438175332449,2.101249417837006,0.3632520959641435,6.133192567567567,33.0,0.05263157894736842,-0.344384755598787,-0.344384755598787
463,L,blink_dist,12,21600,25200,1.1587110340067577,10.330709529783157,49.0,5.012709030100335,2.241708397797266,1.9237097452109406,0.26802084338512017,5.43466107617051,29.0,0.02040816326530612,-0.5225501572456911,-0.5225501572456911
463,L,blink_dist,13,23400,27000,1.1714576380670463,6.636305376402732,22.0,4.6708253358925145,1.2576419340844618,1.5950402357435283,0.21851266038533387,5.186245954692557,25.0,0.045454545454545456,-0.2678915018656716,-0.2678915018656716
463,L,blink_dist,14,25200,28800,1.3348633517722492,13.402098864411444,29.0,5.158912943344081,2.005769549395329,2.105055360856163,0.31253215905419474,5.894380501015572,40.0,0.034482758620689655,-0.3143095271526393,-0.3143095271526393
463,M,blink_dist,0,0,3600,5.922171280175948,33.02459562462745,56.0,5.507174020600009,2.4893521796736433,2.4024250610011078,0.5400019419727746,7.138229788751225,92.0,0.017857142857142856,-2.6263230035467,-2.6263230035467
463,M,blink_dist,1,1800,5400,3.66408960575137,28.223549413662322,48.0,5.366100290095317,2.3474057422847174,2.2849345027074106,0.4908387462400279,6.704987345541165,78.0,0.020833333333333332,-2.0376912577902475,-2.0376912577902475
463,M,blink_dist,2,3600,7200,1.7984052688519159,16.108145555960174,29.0,4.92157394843962,1.5211163927696034,1.9026274698455836,0.36965867002993186,5.849543218552355,31.0,0.034482758620689655,0.2922655257627166,0.2922655257627166
463,M,blink_dist,3,5400,9000,1.2221245905472908,12.556364444328267,19.0,4.849570923775871,1.4868041702690922,1.8125016335386033,0.3129942099828783,5.526133610245759,27.0,0.05263157894736842,-0.5009175580120147,-0.5009175580120147
463,M,blink_dist,4,7200,10800,0.8889718074828317,5.307794587990082,17.0,4.733974358974359,1.287165281104556,1.6772921648454655,0.18097531174758327,5.053687907676869,19.0,0.058823529411764705,0.02961375543736423,0.02961375543736423
463,M,blink_dist,5,9000,12600,2.665541728276584,24.30786931613893,96.0,5.481621621621621,2.7172994478452335,2.3626105735701963,0.45891560200388315,6.7027263577086345,54.0,0.010416666666666666,-1.1791852486448418,-1.1791852486448418
463,M,blink_dist,6,10800,14400,2.5328205088067373,18.689891339307675,45.0,5.204776958201616,2.1334651868089667,2.15298682285662,0.40231574034950524,6.231099824184411,53.0,0.022222222222222223,-0.6758664594571885,-0.6758664594571885
463,M,blink_dist,7,12600,16200,1.3992512727835564,11.098173515981735,13.0,4.7891625615763544,1.24325997193276,1.7649866159425402,0.2932876712328767,5.5514261019879,19.0,0.07692307692307693,-0.14003216537070826,-0.14003216537070826
463,M,blink_dist,8,14400,18000,1.1904337854650697,11.591772109436848,18.0,4.88907753254103,1.416264804624585,1.8680867310492106,0.2907536865833859,5.675484546883185,23.0,0.05555555555555555,-0.5961335269497664,-0.5961335269497664
463,M,blink_dist,9,16200,19800,0.839151433968997,6.75359284286666,19.0,4.8469945355191255,1.6541318476376083,1.78134132766809,0.20589131055486817,5.224100458826371,19.0,0.05263157894736842,0.18227499199255554,0.18227499199255554
463,M,blink_dist,10,18000,21600,1.1537114261485242,13.976574181757767,58.0,5.310362966859548,3.019042304851202,2.1669043293999204,0.31373567037713906,5.794042444387625,46.0,0.017241379310344827,0.6852950369047736,0.6852950369047736
463,M,blink_dist,11,19800,23400,1.680459248324133,21.119718644551114,58.0,5.296543504171633,2.4743306666870315,2.2214005117396685,0.4120526590941495,6.278968713789108,47.0,0.017241379310344827,-0.5623452790449324,-0.5623452790449324
463,M,blink_dist,12,21600,25200,1.6333383435899835,9.638648476847099,29.0,4.711281070745698,1.3062604380785499,1.65937375234835,0.2817221651752971,5.304271773154115,19.0,0.034482758620689655,-0.37132664966235607,-0.37132664966235607
463,M,blink_dist,13,23400,27000,1.6674570732551168,14.796294699734652,29.0,4.914412981228126,1.5492731345025048,1.8925653508968094,0.3523483825233976,5.596348421453024,23.0,0.034482758620689655,-0.6193923844691871,-0.6193923844691871
463,M,blink_dist,14,25200,28800,1.6365649275751695,16.96516587446441,54.0,5.272065514103731,2.517813830055123,2.1838790669873522,0.36762739490713175,6.088418330235189,46.0,0.018518518518518517,-0.38245892200209586,-0.38245892200209586
464,H,blink_dist,0,0,3600,8.443123710264897,54.655010301164815,248.0,7.195775630168377,5.703116306625906,3.2410480644329995,0.7002890758464644,9.601937718058132,167.0,0.004032258064516129,-4.740282506070961,-4.740282506070961
464,H,blink_dist,1,1800,5400,1.8230678711941284,18.056127500372373,22.0,5.149425287356322,1.7983447660531868,2.1262311378068217,0.37821226113394024,6.020012551425982,31.0,0.045454545454545456,-0.3715700509673812,-0.3715700509673812
464,H,blink_dist,2,3600,7200,1.6369323109002154,18.82903981264637,19.0,5.06323799527683,1.671669538423531,2.046150198514038,0.39412080405932864,5.937013082463619,29.0,0.05263157894736842,-0.3708225483477158,-0.3708225483477158
464,H,blink_dist,3,5400,9000,1.6386254688330357,18.665314955257053,19.0,5.034972390218249,1.6761422118064044,2.0154007926584705,0.38939036515703895,5.910045864772895,38.0,0.05263157894736842,0.061180727098301795,0.061180727098301795
464,H,blink_dist,4,7200,10800,1.714162675100084,19.501467641988537,19.0,5.130669281686688,1.7207153475790187,2.112085722740662,0.3943064809206541,6.063189568706118,46.0,0.05263157894736842,-0.3777370483723396,-0.3777370483723396
464,H,blink_dist,5,9000,12600,1.474692639922332,12.951268914571667,26.0,4.9307216494845365,1.5951422697256286,1.9041926894796577,0.3145478374836173,5.771638676339064,41.0,0.038461538461538464,-0.17025293572660577,-0.17025293572660577
464,H,blink_dist,6,10800,14400,1.4698687371325987,13.929429152041381,27.0,5.072417886822319,1.8361609274808242,2.0391309966668643,0.33236978515773574,5.945184177276703,33.0,0.037037037037037035,-0.05976444261008338,-0.05976444261008338
464,H,blink_dist,7,12600,16200,1.5110316427257862,14.83435167762532,28.0,5.12527392257122,1.9442589388353777,2.082220599742163,0.34757077316645174,5.941899340381314,39.0,0.03571428571428571,-0.06020748529237657,-0.06020748529237657
464,H,blink_dist,8,14400,18000,1.6820246207525895,17.877933202282936,64.0,5.1948123620309055,2.4629967071358125,2.121611287204825,0.37370255358346866,5.982365460626331,51.0,0.015625,0.048527489284202,0.048527489284202
464,H,blink_dist,9,16200,19800,1.6751561498930356,17.627988138033622,19.0,5.020912547528517,1.5837466950869938,2.0113409829774183,0.38584764429357415,5.927634952025196,38.0,0.05263157894736842,-0.20918463944401042,-0.20918463944401042
464,H,blink_dist,10,18000,21600,2.0446319625729035,24.2484609855942,24.0,5.363573526870572,2.1204054121111273,2.294838216668934,0.4430447486016062,6.6066519105312205,88.0,0.041666666666666664,-0.5159774550970989,-0.5159774550970989
464,H,blink_dist,11,19800,23400,4.522249133494482,47.36979672571216,58.0,6.280957287373548,3.0152567065537346,2.8947397230475396,0.6418169295162743,8.351894836026014,108.0,0.017241379310344827,-2.062792226367728,-2.062792226367728
464,H,blink_dist,12,21600,25200,4.000900248878243,47.721138951436465,70.0,6.465974250784377,3.1593005925192963,2.9907281657609412,0.6399874638687938,8.440030537566471,113.0,0.014285714285714285,-1.185799931556022,-1.185799931556022
464,H,blink_dist,13,23400,27000,2.250574276043205,32.13056346125184,56.0,5.736315255955398,2.8055379319551474,2.5527020500235817,0.5149967706906463,7.150677506775068,69.0,0.017857142857142856,-1.053131891987001,-1.053131891987001
464,H,blink_dist,14,25200,28800,1.5651488038238535,24.500438838201376,54.0,5.464830412019121,2.5822599670381514,2.3441021768974313,0.44759965709387056,6.3370177719982665,39.0,0.018518518518518517,-0.46832091502876816,-0.46832091502876816
464,L,blink_dist,0,0,3600,3.6508638060497174,21.19293670863923,37.0,5.09830544153247,1.6982746222941079,2.0834542905718836,0.435713285673034,6.353877564041216,43.0,0.02702702702702703,-1.8592215569351571,-1.8592215569351571
464,L,blink_dist,1,1800,5400,2.3316861249381238,8.330193526288747,11.0,4.498705142434332,0.8872312175773217,1.3739054619459963,0.2758862818975852,5.191093065222995,30.0,0.09090909090909091,0.2860220261387472,0.2860220261387472
464,L,blink_dist,2,3600,7200,2.24198070087474,6.652227502333303,11.0,4.3835680751173705,0.7485901875124878,1.1761408399054167,0.2360019663861954,5.062662387284121,19.0,0.09090909090909091,-0.7550888908033003,-0.7550888908033003
464,L,blink_dist,3,5400,9000,2.393310684417564,11.558201464296918,14.0,4.613212573255194,1.0213992533940934,1.543833255211956,0.31776377700506564,5.34510244176256,23.0,0.07142857142857142,-0.6904278250625959,-0.6904278250625959
464,L,blink_dist,4,7200,10800,2.1416051871969786,7.159425694573932,11.0,4.525695426685526,0.8939129898384778,1.416423248331705,0.2536639940331904,5.0901743620444515,18.0,0.09090909090909091,-0.3268898299568089,-0.3268898299568089
464,L,blink_dist,5,9000,12600,3.5619410682005612,24.465122536379738,30.0,5.147278045098594,1.7281816592866532,2.131183474592952,0.4685396533554564,6.381554435791724,59.0,0.03333333333333333,0.024899715136963853,0.024899715136963853
464,L,blink_dist,6,10800,14400,3.1047564799629934,41.387435497728596,135.0,6.15783833435395,3.7287316590565203,2.7827399273583127,0.5983727163752167,7.826884253028264,88.0,0.007407407407407408,-1.13833194382833,-1.13833194382833
464,L,blink_dist,7,12600,16200,2.701289723122356,45.21269676076493,97.0,6.446964586846543,4.167606152122946,2.9237031530225925,0.6339894982083092,8.059875963164819,86.0,0.010309278350515464,0.5173259114632395,0.5173259114632395
464,L,blink_dist,8,14400,18000,2.6724261723241836,31.764959027416666,45.0,5.5783562506560305,2.534847030022113,2.4479193725213135,0.5371054408960773,6.869882649745805,61.0,0.022222222222222223,-0.24309388734639914,-0.24309388734639914
464,L,blink_dist,9,16200,19800,1.932116825980582,21.97172619047619,25.0,5.1416134648868255,1.8605026469698505,2.1110726705162572,0.44017030423280423,6.193567149421276,39.0,0.04,-0.35983249484295143,-0.35983249484295143
464,L,blink_dist,10,18000,21600,1.8604131848444474,20.81204763417503,25.0,5.057375339036095,1.6111196758799726,2.0489792375085547,0.4230022924161379,6.162288930581614,33.0,0.04,-0.36334500220293325,-0.36334500220293325
464,L,blink_dist,11,19800,23400,1.8731757620927816,10.324038543532021,16.0,4.7441222570532915,1.293205028308137,1.7041366041821067,0.2976549842244393,5.526161640148817,30.0,0.0625,-0.48529940478054046,-0.48529940478054046
464,L,blink_dist,12,21600,25200,1.7122618657226725,11.774693085562895,16.0,4.737987987987988,1.2966686953734312,1.693578529461488,0.3140928765998731,5.55281603034551,31.0,0.0625,-0.3738860147183846,-0.3738860147183846
464,L,blink_dist,13,23400,27000,2.049328079858273,10.371946561910551,14.0,4.604498269896194,1.0680871759341766,1.5259165174972504,0.29942399725638746,5.294673006684584,28.0,0.07142857142857142,-0.973762328875359,-0.973762328875359
464,L,blink_dist,14,25200,28800,1.8588318392279455,7.949506754202042,11.0,4.653420523138833,1.1010802132621986,1.5943837576904563,0.25849431134637196,5.271444843599404,22.0,0.09090909090909091,-0.8514730954523944,-0.8514730954523944
464,M,blink_dist,0,0,3600,2.38880624538874,28.548120707985905,48.0,5.534612393051595,2.5605262842533434,2.4171567672380845,0.49502176515035007,6.866802708468602,43.0,0.020833333333333332,-0.861259612814022,-0.861259612814022
464,M,blink_dist,1,1800,5400,2.1732959922791997,30.337574140630167,54.0,5.766554903604359,2.8660345161899676,2.5671256522880666,0.5018484627992268,7.128197097818144,57.0,0.018518518518518517,-0.9057621725527569,-0.9057621725527569
464,M,blink_dist,2,3600,7200,2.9529313275907594,31.806478135750915,54.0,5.7293189125986554,2.5894886409353415,2.560776357720466,0.5212016141246727,7.238093449519231,87.0,0.018518518518518517,-0.8386668317326301,-0.8386668317326301
464,M,blink_dist,3,5400,9000,2.56725870223278,14.426062231292347,18.0,4.860796645702306,1.35327609111106,1.8478936748836212,0.34985036366916994,5.857492577738424,39.0,0.05555555555555555,0.09111831527412036,0.09111831527412036
464,M,blink_dist,4,7200,10800,1.9276123869517583,5.760784898655928,13.0,4.470739549839228,0.8985227782140854,1.3229383993899444,0.2203342779959893,5.130631934394597,20.0,0.07692307692307693,-0.6608672259008762,-0.6608672259008762
464,M,blink_dist,5,9000,12600,1.7343847311656546,3.9067608513459997,9.0,4.437238493723849,0.8112921080248138,1.2660210051380631,0.15991748095891548,4.990372179910906,16.0,0.1111111111111111,-0.54083846325385,-0.54083846325385
464,M,blink_dist,6,10800,14400,2.692312791440799,18.399663012008162,35.0,5.077439423706615,1.6561079004585288,2.0629561987600344,0.3865394655655228,6.2257047300525565,67.0,0.02857142857142857,-1.3383185889997669,-1.3383185889997669
464,M,blink_dist,7,12600,16200,1.7966801645430046,18.787172944764006,19.0,5.007582938388626,1.5724040025982124,1.9961131534793486,0.39857842657871106,5.935720905600424,49.0,0.05263157894736842,0.2510199795258815,0.2510199795258815
464,M,blink_dist,8,14400,18000,1.7056170194957552,18.040831616407566,44.0,5.343689320388349,2.1951383005813963,2.2704956086773076,0.3696338265592808,6.235800616162414,57.0,0.022727272727272728,-0.3127574109271166,-0.3127574109271166
464,M,blink_dist,9,16200,19800,1.6951066617618331,15.253199148150243,28.0,4.9501529051987765,1.62519111306647,1.9251047724898125,0.35210889353762653,5.841253712677818,37.0,0.03571428571428571,-0.6753384236609195,-0.6753384236609195
464,M,blink_dist,10,18000,21600,1.6733671528319425,22.04159945017707,18.0,5.192489318641781,1.8184540581250268,2.1636953674849186,0.4378060537795554,6.148123324396783,42.0,0.05555555555555555,-0.4270999061558516,-0.4270999061558516
464,M,blink_dist,11,19800,23400,2.4818820121297196,19.925600792905044,19.0,5.14713216957606,1.7482820461922721,2.1291209978943897,0.4140901543333033,6.244528558256903,39.0,0.05263157894736842,-0.9886860464938404,-0.9886860464938404
464,M,blink_dist,12,21600,25200,3.150072414448004,27.41341716951473,34.0,5.5052953156822815,2.1234009112978702,2.4220132953045064,0.4832006490543076,7.0163089496741895,56.0,0.029411764705882353,-1.0426411217988933,-1.0426411217988933
464,M,blink_dist,13,23400,27000,2.0886221224501402,39.66640664433534,94.0,6.182002383790226,3.6653368145692227,2.7902734519415775,0.5802130653573777,7.596245306633292,68.0,0.010638297872340425,0.18334209008180052,0.18334209008180052
464,M,blink_dist,14,25200,28800,3.6907488565992668,28.819911797419707,30.0,5.472633136094674,2.0607730519216005,2.4010032082847736,0.4968016826871059,6.832361168978037,57.0,0.03333333333333333,-1.735819756656471,-1.735819756656471
465,H,blink_dist,0,0,3600,0.9207584516933256,5.978072305877455,16.0,4.833099579242637,1.4538910648714667,1.784572315781435,0.20316945388939006,5.255328696432578,18.0,0.0625,-0.24679598022089524,-0.24679598022089524
465,H,blink_dist,1,1800,5400,1.0012313730664255,4.644076449379408,10.0,4.687600644122384,1.127460290590967,1.6336649664649823,0.1786238473564979,5.138366223038091,18.0,0.1,-0.20765181533708824,-0.20765181533708824
465,H,blink_dist,2,3600,7200,1.0591182065432247,4.9422375049015175,10.0,4.735549132947977,1.1319106891798385,1.692447184771307,0.17292552710161976,5.254812098991751,21.0,0.1,0.24223775244664744,0.24223775244664744
465,H,blink_dist,3,5400,9000,0.9317320318805665,4.735046544718932,15.0,4.879858657243816,1.5258840852129911,1.835394029228244,0.16070357099998286,5.305036785512168,19.0,0.06666666666666667,-0.21464146987552635,-0.21464146987552635
465,H,blink_dist,4,7200,10800,0.9180589829136405,5.560678555893867,14.0,4.645348837209302,1.0846880353938475,1.5788352371514878,0.16847324923879947,5.318868442735512,17.0,0.07142857142857142,-0.2377351582536389,-0.2377351582536389
465,H,blink_dist,5,9000,12600,0.958279470412145,2.1869218075442136,8.0,4.462585034013605,0.7848229476103162,1.3054674389156866,0.12184754888070275,4.89454301975226,16.0,0.125,0.03562409306007876,0.03562409306007876
465,H,blink_dist,6,10800,14400,1.0842600045268016,2.753388332351208,12.0,4.569682151589242,0.9514678644160213,1.463301256727226,0.1368444313494402,5.088468912626678,20.0,0.08333333333333333,-0.1984630659310611,-0.1984630659310611
465,H,blink_dist,7,12600,16200,0.8511952177552847,1.6795211019159677,9.0,4.589743589743589,1.0257692227574084,1.4802833744683659,0.09987051736756179,4.8758589097572145,12.0,0.1111111111111111,-0.13667012076756754,-0.13667012076756754
465,H,blink_dist,8,14400,18000,0.9007919666364826,2.8655530730219527,10.0,4.564971751412429,1.0482776426840237,1.4455896890907816,0.1307408589566266,4.966655439541933,14.0,0.1,-0.16067808057743022,-0.16067808057743022
465,H,blink_dist,9,16200,19800,1.1153278552752492,14.438954529180092,18.0,5.138634046890927,1.6501152987308743,2.1222615646762266,0.30196920873612604,5.989206078682005,32.0,0.05555555555555555,-0.40597418623254355,-0.40597418623254355
465,H,blink_dist,10,18000,21600,1.368902215497155,18.962660443407234,20.0,5.393627613674079,1.9787417889748902,2.333169251050374,0.36260793465577595,6.418568625426004,60.0,0.05,-0.7799038845436924,-0.7799038845436924
465,H,blink_dist,11,19800,23400,0.8985237739340253,7.331294887292897,28.0,4.956730769230769,1.7942356645163804,1.896454330455971,0.2074415131906421,5.418620849779429,30.0,0.03571428571428571,-0.14536181635094042,-0.14536181635094042
465,H,blink_dist,12,21600,25200,0.9902258465030938,3.4794250963818496,15.0,4.628755364806867,1.1997627430973319,1.5278802583229605,0.1467746358459826,4.953184540010887,19.0,0.06666666666666667,-0.3610830784598499,-0.3610830784598499
465,H,blink_dist,13,23400,27000,0.823865093009478,1.2737989065105277,10.0,4.294117647058823,0.7220373584126242,0.9650262300661119,0.08694598472216837,4.791132478632479,14.0,0.1,-0.07701601847610456,-0.07701601847610456
465,H,blink_dist,14,25200,28800,0.901207269525665,2.93335696561503,19.0,4.811046511627907,1.644863413478283,1.7159192936899035,0.12998050336760014,5.442300556586271,36.0,0.05263157894736842,-0.13011087837573196,-0.13011087837573196
465,L,blink_dist,0,0,3600,0.6950573046107725,1.9327113113021097,14.0,4.545945945945946,1.2211192461403526,1.37257423638235,0.10697706485269108,4.864158829676071,12.0,0.07142857142857142,0.005513715539457607,0.005513715539457607
465,L,blink_dist,1,1800,5400,0.8998176021657087,3.3728010224912572,14.0,4.523809523809524,1.157544511909654,1.3652202124775963,0.1508529636270037,4.959439743215641,17.0,0.07142857142857142,-0.3089369576199525,-0.3089369576199525
465,L,blink_dist,2,3600,7200,1.8171737648053483,6.788615027600999,15.0,4.723547400611621,1.230360933860343,1.6783398610919693,0.22671934882739705,5.311470345963756,19.0,0.06666666666666667,-0.601207763399664,-0.601207763399664
465,L,blink_dist,3,5400,9000,1.742882467205847,6.935928807749764,15.0,4.6744904261890055,1.1697907550076276,1.613508997929332,0.2363192286895237,5.268260292164674,24.0,0.06666666666666667,-0.22665584638482777,-0.22665584638482777
465,L,blink_dist,4,7200,10800,0.9218446284804179,2.7827834765733295,11.0,4.5754985754985755,1.069852730698287,1.4556614567319972,0.13648807873579152,5.021995537137393,24.0,0.09090909090909091,-0.34160076632869524,-0.34160076632869524
465,L,blink_dist,5,9000,12600,0.7781178824472393,1.0181877899577123,7.0,4.168067226890757,0.4550247519556595,0.683130840490966,0.08412366054932874,4.7130534790109255,14.0,0.14285714285714285,-0.2003164672124699,-0.2003164672124699
465,L,blink_dist,6,10800,14400,0.876864130944362,1.3170358496065286,7.0,4.303571428571429,0.6615181724767725,0.9899722353177143,0.08844906732730982,4.744015632633122,18.0,0.14285714285714285,-0.10310156886593766,-0.10310156886593766
465,L,blink_dist,7,12600,16200,1.1611709049657606,4.672948620950547,12.0,4.679063360881543,1.1524448577938098,1.6161599997117595,0.1775775500378293,5.148155533399801,20.0,0.08333333333333333,0.1023335502564474,0.1023335502564474
465,L,blink_dist,8,14400,18000,1.16198553755608,7.835482363291453,19.0,4.863481228668942,1.4505962633593992,1.8372827732315054,0.24179336320897368,5.380697460997247,23.0,0.05263157894736842,-0.47954004657665295,-0.47954004657665295
465,L,blink_dist,9,16200,19800,1.0680631918486905,4.320581461430323,14.0,4.57120253164557,1.1256474129235376,1.4617417520732077,0.16621302306104746,5.147753589624826,18.0,0.07142857142857142,-0.23654461380680808,-0.23654461380680808
465,L,blink_dist,10,18000,21600,1.0853621545019392,5.150922015040693,13.0,4.814305364511692,1.3535481033058963,1.7843415842967518,0.17329173350601187,5.335296782963298,18.0,0.07692307692307693,-0.06729494872841386,-0.06729494872841386
465,L,blink_dist,11,19800,23400,1.1952736614428485,10.624081250835227,28.0,5.230263157894737,1.9926522748945859,2.180837639637178,0.26608980355472406,6.097534833869239,51.0,0.03571428571428571,0.1194499827216681,0.1194499827216681
465,L,blink_dist,12,21600,25200,1.0454451575762986,6.53781512605042,28.0,5.130695443645084,2.040581744720309,2.0547835792799063,0.2021161191749427,5.706859361518551,41.0,0.03571428571428571,-0.30567468772343126,-0.30567468772343126
465,L,blink_dist,13,23400,27000,1.0532241001544447,2.840590260400079,11.0,4.524154589371981,1.0804123990160166,1.375415532612847,0.13751004746955428,4.9210312075983715,14.0,0.09090909090909091,-0.23674750562998717,-0.23674750562998717
465,L,blink_dist,14,25200,28800,1.2483046457538234,3.727447216890595,11.0,4.440548780487805,0.8093220235878639,1.272742781421858,0.1693282149712092,4.991701244813278,16.0,0.09090909090909091,-0.4513917153872227,-0.4513917153872227
465,M,blink_dist,0,0,3600,1.050604497314987,10.908731546379213,19.0,4.94486560992419,1.4751769272793487,1.933741023995906,0.273296033326745,5.755843739993596,32.0,0.05263157894736842,-0.10021852671458173,-0.10021852671458173
465,M,blink_dist,1,1800,5400,1.087135178374987,5.709667940052895,14.0,4.59338061465721,1.0586371828533632,1.500170915546832,0.19429914781075522,5.153546375681995,17.0,0.07142857142857142,-0.23740191546933337,-0.23740191546933337
465,M,blink_dist,2,3600,7200,1.0928376065072212,2.2625955537366442,11.0,4.410256410256411,0.9104068733234133,1.2001797266088892,0.12607977549439467,4.841987089531294,14.0,0.09090909090909091,-0.305867808394285,-0.305867808394285
465,M,blink_dist,3,5400,9000,0.899961360858118,1.8565191154023641,11.0,4.567685589519651,1.1601100560697197,1.3838881203345066,0.09856767597884349,5.071689497716895,20.0,0.09090909090909091,0.13209768083851198,0.13209768083851198
465,M,blink_dist,4,7200,10800,0.9240808748067844,3.640323584318606,13.0,4.700892857142857,1.460735842925117,1.561280381662307,0.15464461038512065,5.178871201157742,22.0,0.07692307692307693,-0.4068648665689586,-0.4068648665689586
465,M,blink_dist,5,9000,12600,1.0980768121861368,5.591679394865081,19.0,4.8291457286432165,1.4522395713975818,1.776655790558177,0.19971634300676414,5.314302303077221,28.0,0.05263157894736842,-0.2769081109091211,-0.2769081109091211
465,M,blink_dist,6,10800,14400,1.3770006218362105,9.755588293294048,32.0,5.084643288996372,1.931748044539413,2.0380370750017485,0.26842947788462657,5.75634328358209,38.0,0.03125,-0.1618668220998607,-0.1618668220998607
465,M,blink_dist,7,12600,16200,1.4765615029236525,9.776070964950238,19.0,4.924795640326976,1.6229991745638164,1.8890336050516512,0.26632951103418434,5.637623082207465,35.0,0.05263157894736842,-0.7243109596465263,-0.7243109596465263
465,M,blink_dist,8,14400,18000,1.1948743317417116,4.479647082414277,18.0,4.634854771784233,1.2287483425348882,1.544746948416639,0.1832631508588998,5.123902074378621,23.0,0.05555555555555555,0.040466628049084255,0.040466628049084255
465,M,blink_dist,9,16200,19800,1.3680077169666085,5.417775909579189,18.0,4.635364635364636,1.1800489720057246,1.5560187781458807,0.21085540142917192,5.166952789699571,21.0,0.05555555555555555,-0.6892941525950409,-0.6892941525950409
465,M,blink_dist,10,18000,21600,1.3267489722451482,2.185141040921732,13.0,4.4376528117359415,0.9468260538672498,1.2332372369710245,0.13382333465766125,4.873081981587023,15.0,0.07692307692307693,-0.2672895543952247,-0.2672895543952247
465,M,blink_dist,11,19800,23400,1.009729109106618,1.3383111336096434,7.0,4.360824742268041,0.6914137169941125,1.1218183000479605,0.09614958711677793,4.568207440811725,13.0,0.14285714285714285,-0.13427949878265646,-0.13427949878265646
465,M,blink_dist,12,21600,25200,1.254725867348104,3.6052551176290866,10.0,4.481012658227848,0.9627329176494609,1.319996615853724,0.1560622262959568,5.075139722624716,17.0,0.1,-0.41403198038809624,-0.41403198038809624
465,M,blink_dist,13,23400,27000,1.242698056749862,3.7995346983894396,17.0,4.411940298507463,0.9559745184981725,1.1986690342822257,0.16045193382948367,5.005212510024058,22.0,0.058823529411764705,-0.3000700154889557,-0.3000700154889557
465,M,blink_dist,14,25200,28800,1.1090184459972867,4.666570646694512,14.0,4.544179523141655,1.0096715649327417,1.4307828655644372,0.18857122281434538,5.0677375653183665,17.0,0.07142857142857142,-0.020678541501259338,-0.020678541501259338
466,H,blink_dist,0,0,3600,7.7042838972214795,31.315749099157003,37.0,5.388078336246567,1.9786169705408843,2.3345607411425195,0.5352095885355548,7.033841500796992,71.0,0.02702702702702703,-1.2462174092252853,-1.2462174092252853
466,H,blink_dist,1,1800,5400,10.335099914687202,42.968310490427,111.0,6.108786886686735,3.17539123459366,2.785171443958886,0.6202235451943348,8.151905419679856,158.0,0.009009009009009009,-2.4435770242696533,-2.4435770242696533
466,H,blink_dist,2,3600,7200,7.884381592434203,25.40837640118233,110.0,5.37389664924158,2.3053160017975483,2.305048227997351,0.4722579573380119,6.751929788990427,92.0,0.00909090909090909,-2.215299818078656,-2.215299818078656
466,H,blink_dist,3,5400,9000,3.6239489841930927,8.065163061923421,15.0,4.579079079079079,1.0017515954625311,1.4937359539194874,0.2658004116768117,5.391265477627285,18.0,0.06666666666666667,-0.2716976692295981,-0.2716976692295981
466,H,blink_dist,4,7200,10800,2.624634393692124,5.876517664242461,12.0,4.510042036431574,0.9457577781719447,1.3864517339791556,0.227416851778596,5.1723994740120425,18.0,0.08333333333333333,-0.26529207059534726,-0.26529207059534726
466,H,blink_dist,5,9000,12600,1.89753487386213,4.035523380613662,11.0,4.430683918669131,0.8648513884605825,1.2521586274116838,0.181754282587651,4.9431089743589745,15.0,0.09090909090909091,-0.7445116527302277,-0.7445116527302277
466,H,blink_dist,6,10800,14400,2.295490880827079,4.568955319430238,14.0,4.481911262798635,0.9440926982253526,1.3354036435486154,0.19268452219415624,5.147411469467422,24.0,0.07142857142857142,0.1714625149989037,0.1714625149989037
466,H,blink_dist,7,12600,16200,5.101708476220156,21.848073840296564,59.0,5.228999625327838,1.8883043462943145,2.200588016571282,0.4337585161807434,6.555886806738595,61.0,0.01694915254237288,-1.6664070793048487,-1.6664070793048487
466,H,blink_dist,8,14400,18000,6.2425614859920735,33.26279697555109,50.0,5.434388194473475,2.0656754996611815,2.3699607667113933,0.5422693601832069,7.0599973349323735,59.0,0.02,-2.9056036940335925,-2.9056036940335925
466,H,blink_dist,9,16200,19800,5.9806012020462935,12.846173363780832,27.0,4.686087295401403,1.1528106756090402,1.6396097395176603,0.33687485811198803,5.678634941359205,23.0,0.037037037037037035,-0.8565839866139385,-0.8565839866139385
466,H,blink_dist,10,18000,21600,5.96282304375168,30.46032434865069,54.0,5.417035872516793,1.949132408049492,2.3598078097484727,0.5164062876705724,6.957520526933141,63.0,0.018518518518518517,0.2959928912508264,0.2959928912508264
466,H,blink_dist,11,19800,23400,4.907490482775232,23.883502097756427,43.0,5.167828720332418,1.8794402158621693,2.141462423741261,0.4653162257960571,6.428513613777907,68.0,0.023255813953488372,-1.6030385391439168,-1.6030385391439168
466,H,blink_dist,12,21600,25200,4.255944142400333,19.064115026478458,29.0,5.093762535098275,1.7055433332344085,2.0787165706730715,0.402110395093885,6.27078516871031,49.0,0.034482758620689655,-0.5095933952098615,-0.5095933952098615
466,H,blink_dist,13,23400,27000,4.803728653231831,19.94001403219424,19.0,5.11489252814739,1.699495172715399,2.1009825838388934,0.40800932376129306,6.328837425211471,64.0,0.05263157894736842,0.2822379341824621,0.2822379341824621
466,H,blink_dist,14,25200,28800,7.733914161045835,33.15867413219436,60.0,5.589527556313755,2.4632983298846622,2.4666769334368133,0.5449263808369185,7.256408140814082,95.0,0.016666666666666666,-0.4966150445632108,-0.4966150445632108
466,L,blink_dist,0,0,3600,4.3037838405965285,15.603960837001463,19.0,4.824211130235226,1.3143233809402441,1.8078417095407993,0.37053607880106,5.843004711321804,47.0,0.05263157894736842,-2.074941422644756,-2.074941422644756
466,L,blink_dist,1,1800,5400,4.634253128069348,17.568513099435766,17.0,4.902943439784533,1.380520152609444,1.8967203253648126,0.3948822412253944,5.982090175704253,43.0,0.058823529411764705,-0.9013577979705579,-0.9013577979705579
466,L,blink_dist,2,3600,7200,3.7293560521051785,18.248984906371533,18.0,4.883323782234957,1.3692163533883215,1.8745448490138004,0.4075322517089551,5.963771976558338,42.0,0.05555555555555555,3.553538367373212,3.553538367373212
466,L,blink_dist,3,5400,9000,4.220643396819834,15.455298921784939,17.0,4.799952985425482,1.2320893601883482,1.7811231072230422,0.3728773468870277,5.7656611171255525,38.0,0.058823529411764705,-1.6816338773815167,-1.6816338773815167
466,L,blink_dist,4,7200,10800,3.3248510380415848,4.540431992005842,11.0,4.420486435921422,0.814101251999019,1.236314582936064,0.19454293016641686,4.9677359995092925,19.0,0.09090909090909091,-0.0046389017400337105,-0.0046389017400337105
466,L,blink_dist,5,9000,12600,4.111131219580062,7.687167073980969,17.0,4.5756244218316375,0.9827690793779261,1.4869645929236501,0.2571208771568555,5.35261050673353,24.0,0.058823529411764705,0.07755204495329546,0.07755204495329546
466,L,blink_dist,6,10800,14400,5.229270355951314,12.619662897323582,20.0,4.760225832469178,1.2503268362836772,1.7307505126622043,0.336076339888447,5.743129322719562,35.0,0.05,-1.7037307605347247,-1.7037307605347247
466,L,blink_dist,7,12600,16200,4.023885666475681,5.687235773971379,15.0,4.567102327064074,1.0945317119762887,1.4619129400946962,0.21808348053907073,5.238973918848043,20.0,0.06666666666666667,-1.0357455612105073,-1.0357455612105073
466,L,blink_dist,8,14400,18000,3.1610619678232905,6.123861787385421,18.0,4.6468558282208585,1.191057267639679,1.5766947356862382,0.22683655216323562,5.434027357462777,24.0,0.05555555555555555,-0.17663495989660413,-0.17663495989660413
466,L,blink_dist,9,16200,19800,3.69472618042259,7.532813391668252,14.0,4.573228346456693,1.0514418660709743,1.4757960650423236,0.2600558562609162,5.369604998884178,30.0,0.07142857142857142,-0.6053223362844652,-0.6053223362844652
466,L,blink_dist,10,18000,21600,4.222959509086428,8.534371241177405,15.0,4.539839034205231,0.9801461591032096,1.4326080822178955,0.27674390456089387,5.343436187693993,35.0,0.06666666666666667,-0.7377751580569483,-0.7377751580569483
466,L,blink_dist,11,19800,23400,5.818457370196683,16.73236992950168,19.0,4.82925283258062,1.339845435074994,1.8112697514694849,0.385959084619946,5.915511328971451,53.0,0.05263157894736842,-1.1976891841700148,-1.1976891841700148
466,L,blink_dist,12,21600,25200,5.268165068842045,21.707755606965158,19.0,5.077659574468085,1.6443318237270081,2.0676612405551067,0.43786630605828153,6.2863858961802155,48.0,0.05263157894736842,-0.8524471649259621,-0.8524471649259621
466,L,blink_dist,13,23400,27000,4.691229489827555,12.391128181031958,19.0,4.6182741116751265,1.0508498209460486,1.548739911987243,0.33583083072858144,5.532392865155934,24.0,0.05263157894736842,-0.3091878255308341,-0.3091878255308341
466,L,blink_dist,14,25200,28800,6.574548226329213,21.114725740344365,33.0,4.953434026788258,1.5097471021111921,1.9452621411392474,0.4375581573327438,6.202166127143743,79.0,0.030303030303030304,-2.5076572144958806,-2.5076572144958806
466,M,blink_dist,0,0,3600,5.297539761657672,33.98140219265978,52.0,5.754991574324669,2.646672269802688,2.5816610717901263,0.5492232822355964,7.228931441611271,81.0,0.019230769230769232,-1.6622095940227708,-1.6622095940227708
466,M,blink_dist,1,1800,5400,5.023519720737559,47.01889048226215,162.0,6.574763238628785,4.416426806295523,2.990904871128627,0.6441969239770172,8.618990895941462,108.0,0.006172839506172839,-0.5473361751335495,-0.5473361751335495
466,M,blink_dist,2,3600,7200,7.300305998363387,50.3195597711335,123.0,6.909773758375146,4.4867180413368954,3.1491032961070564,0.670591967792401,9.213407485344957,146.0,0.008130081300813009,-2.789496486204694,-2.789496486204694
466,M,blink_dist,3,5400,9000,8.462083884474875,45.04009302185107,70.0,6.156037151702787,2.97164223405984,2.826394001777799,0.6409097944760725,8.139362339685965,93.0,0.014285714285714285,-3.619014033994959,-3.619014033994959
466,M,blink_dist,4,7200,10800,9.546695299138678,48.01947563036458,96.0,6.315699132960697,3.1171363990208336,2.9141756903655063,0.6593663727475028,8.438889900103858,113.0,0.010416666666666666,0.18230907912234862,0.18230907912234862
466,M,blink_dist,5,9000,12600,8.591259056198627,42.38465757499698,81.0,5.880313660751135,2.5064642766836274,2.6767940550537492,0.6221676845990091,7.769494201367525,98.0,0.012345679012345678,-0.5221498179865177,-0.5221498179865177
466,M,blink_dist,6,10800,14400,5.156768055412906,15.324976226540164,29.0,4.76500048155639,1.2674136638293363,1.736044987601809,0.38641242229098716,5.751850058786915,28.0,0.034482758620689655,-1.4827390287751834,-1.4827390287751834
466,M,blink_dist,7,12600,16200,2.7459986764616384,6.383461401988215,11.0,4.490180032733225,0.9398358670267389,1.353004086405776,0.24007783006520741,5.112095126029603,21.0,0.09090909090909091,0.5911345324742499,0.5911345324742499
466,M,blink_dist,8,14400,18000,4.258100522786472,24.18279077793366,28.0,5.17051652229708,1.7242882197420504,2.154774853335752,0.4668070883568787,6.388771947838587,63.0,0.03571428571428571,0.8548307573019485,0.8548307573019485
466,M,blink_dist,9,16200,19800,6.970699263045023,24.755270394133824,56.0,5.181390887290168,1.8962031944498299,2.154945872489149,0.47552589367552706,6.548215581710896,83.0,0.017857142857142856,-2.0653187691617827,-2.0653187691617827
466,M,blink_dist,10,18000,21600,7.692543604008057,26.885676850273367,53.0,5.2160899166095955,2.1286702198267657,2.1732579340687037,0.4967275135955614,6.642864085083931,74.0,0.018867924528301886,-0.6194858126819702,-0.6194858126819702
466,M,blink_dist,11,19800,23400,7.247179174924139,32.22439933966485,53.0,5.549840570907986,2.4121409378663365,2.442963174649831,0.5385125708328466,7.079200892404422,128.0,0.018867924528301886,0.07556538573641662,0.07556538573641662
466,M,blink_dist,12,21600,25200,5.159339738688227,19.895665634674923,20.0,5.097810566396954,1.6794622157867831,2.084906152561455,0.41749226006191953,6.26524496480591,54.0,0.05,-2.1071384937401034,-2.1071384937401034
466,M,blink_dist,13,23400,27000,6.002085139967456,34.23781136895891,91.0,5.834557823129252,2.644778083003093,2.6394616912917037,0.5470340110708963,7.620007043428296,101.0,0.01098901098901099,1.3559928225869515,1.3559928225869515
466,M,blink_dist,14,25200,28800,5.503130664990973,34.48042656078114,91.0,5.845536856608602,2.7903144532829653,2.6359252820624857,0.5473582315259068,7.363432253026161,101.0,0.01098901098901099,-0.1966146233690797,-0.1966146233690797
467,H,blink_dist,0,0,3600,1.1315406411414057,1.3749294184076792,9.0,4.367713004484305,0.8142440815627895,1.1193961726882877,0.07884669678147939,4.672103722291928,14.0,0.1111111111111111,-0.20536524075159165,-0.20536524075159165
467,H,blink_dist,1,1800,5400,0.9460120619932206,0.9320388349514563,6.0,4.150375939849624,0.3972885658232446,0.6400090831808651,0.07505276487969607,4.596690796277146,12.0,0.16666666666666666,-0.28403748165724846,-0.28403748165724846
467,H,blink_dist,2,3600,7200,0.9974137811235573,1.2491392149640472,6.0,4.171122994652406,0.4538843887470144,0.6900711749757248,0.08384446615313165,4.61074416556583,12.0,0.16666666666666666,0.015404638745092855,0.015404638745092855
467,H,blink_dist,3,5400,9000,0.866018336261485,0.8041758120146817,6.0,4.1923076923076925,0.4819216956208328,0.7441942138263226,0.06038696349853367,4.5472222222222225,11.0,0.16666666666666666,-0.2640978638006068,-0.2640978638006068
467,H,blink_dist,4,7200,10800,0.8072849238182755,0.9675504550850811,6.0,4.252173913043478,0.5724619335872275,0.8608198910006177,0.06774831816383063,4.687200547570157,13.0,0.16666666666666666,-0.08961287991670681,-0.08961287991670681
467,H,blink_dist,5,9000,12600,0.8704429093500813,1.014790619150732,7.0,4.221374045801527,0.5137807227622547,0.8309007347829966,0.07792601020295813,4.573505654281099,11.0,0.14285714285714285,-0.02658379393869222,-0.02658379393869222
467,H,blink_dist,6,10800,14400,0.9499254930643619,1.0307718177232217,8.0,4.316901408450704,0.6752122077472908,1.0410278475364434,0.07206995123591727,4.487958115183246,12.0,0.125,0.12414016154504975,0.12414016154504975
467,H,blink_dist,7,12600,16200,0.8017422275664959,0.6893391508776124,7.0,4.271604938271605,0.60883101263891,0.9385209207628987,0.05422070806686191,4.554811715481171,11.0,0.14285714285714285,-0.07729882201722427,-0.07729882201722427
467,H,blink_dist,8,14400,18000,0.7773032498569201,1.0911781024597744,7.0,4.282258064516129,0.5616864564311568,0.9689109651550382,0.06688860119598052,4.5020746887966805,13.0,0.14285714285714285,0.025079181632351663,0.025079181632351663
467,H,blink_dist,9,16200,19800,0.8489589714289183,0.9445144781651583,7.0,4.3652173913043475,0.7498456047760025,1.0989131173034685,0.06951212628647764,4.5331288343558285,11.0,0.14285714285714285,-0.06885375183458789,-0.06885375183458789
467,H,blink_dist,10,18000,21600,0.8371388122752672,0.49418992921063176,7.0,4.245901639344262,0.5626558131714923,0.8759822013248728,0.0457650403556641,4.396883593033913,9.0,0.14285714285714285,0.07617893846712731,0.07617893846712731
467,H,blink_dist,11,19800,23400,0.9551806719313229,0.9113864780347497,7.0,4.224806201550388,0.6378295327356348,0.7710040269578627,0.06566999448151307,4.472665148063781,10.0,0.14285714285714285,-0.008688063038817775,-0.008688063038817775
467,H,blink_dist,12,21600,25200,0.8475373576928711,0.9065209197135319,7.0,4.294642857142857,0.6633033250485081,0.9761481108239178,0.06441764040708632,4.587919463087248,12.0,0.14285714285714285,0.031204518108742394,0.031204518108742394
467,H,blink_dist,13,23400,27000,0.8590540262736581,0.6731001654859523,7.0,4.258823529411765,0.5971095313152709,0.9088975794000084,0.0572971867388111,4.459479015918958,11.0,0.14285714285714285,-0.15170416110121684,-0.15170416110121684
467,H,blink_dist,14,25200,28800,1.1290807701824026,1.0893246187363834,8.0,4.277777777777778,0.6241042964437176,0.9571666312312117,0.07257448433919023,4.586499776486366,12.0,0.125,-0.0690705739631419,-0.0690705739631419
467,L,blink_dist,0,0,3600,0.9175638140842308,2.1342524893809625,8.0,4.39426523297491,0.7820358148275384,1.182774895409894,0.12090035512847294,4.758478931140802,14.0,0.125,-0.1947966845283752,-0.1947966845283752
467,L,blink_dist,1,1800,5400,1.1272278803691276,2.234660620660337,9.0,4.46742209631728,0.8580156203925062,1.3103334516299083,0.1267464928439847,5.003916083916084,18.0,0.1111111111111111,-0.026460554752639576,-0.026460554752639576
467,L,blink_dist,2,3600,7200,1.239535365516858,4.52829216118349,9.0,4.5636363636363635,0.9462034995569443,1.464513200966405,0.16990116106751202,5.177498527390536,18.0,0.1111111111111111,-0.6117562848842125,-0.6117562848842125
467,L,blink_dist,3,5400,9000,1.2799954508360447,3.764943719270222,9.0,4.46301775147929,0.8086765466373766,1.3149513497950367,0.15611974941972195,5.063954665047561,15.0,0.1111111111111111,-0.061804623360757496,-0.061804623360757496
467,L,blink_dist,4,7200,10800,1.210783627035004,2.39442751414889,9.0,4.362980769230769,0.74063042248284,1.1351890425137754,0.12443107610717537,4.814701378254211,14.0,0.1111111111111111,-0.23466003831645005,-0.23466003831645005
467,L,blink_dist,5,9000,12600,0.9822232792923111,0.8716581018669095,6.0,4.1875,0.46351240544347894,0.7380636700495734,0.07200123593312951,4.585706887622993,14.0,0.16666666666666666,-0.15731371382659642,-0.15731371382659642
467,L,blink_dist,6,10800,14400,1.0230507479365436,0.8446789907569323,7.0,4.2265625,0.5033457396201442,0.8373667975789685,0.07463152635523357,4.665690580771108,15.0,0.14285714285714285,-0.05628431926726426,-0.05628431926726426
467,L,blink_dist,7,12600,16200,0.910264067147449,1.1704423815958025,9.0,4.3311688311688314,0.756402926409231,1.0262710208279282,0.07822836787337463,4.542027508914926,10.0,0.1111111111111111,0.08789961475275271,0.08789961475275271
467,L,blink_dist,8,14400,18000,0.9269081290908333,1.6819176618587257,10.0,4.416289592760181,0.8500768063942894,1.2037362326979533,0.10001895603922177,4.537920250195465,13.0,0.1,-0.04499865511726819,-0.04499865511726819
467,L,blink_dist,9,16200,19800,0.9261094696885596,2.012797737111713,12.0,4.420454545454546,0.9093986221643912,1.1965911972125691,0.10110557270735956,4.80294961081524,16.0,0.08333333333333333,0.04071483185331623,0.04071483185331623
467,L,blink_dist,10,18000,21600,0.868142770271533,2.0570377184912605,12.0,4.508064516129032,1.027806682447056,1.3507144484944948,0.10185832566697332,4.886142983230362,17.0,0.08333333333333333,-0.17511018785530563,-0.17511018785530563
467,L,blink_dist,11,19800,23400,0.9419548722296701,2.1179901985721794,9.0,4.351916376306621,0.6767838629786164,1.106193781192421,0.11544657543538349,4.830081589216034,15.0,0.1111111111111111,-0.17168120210191626,-0.17168120210191626
467,L,blink_dist,12,21600,25200,1.0063427932409774,2.0713628138789244,8.0,4.306930693069307,0.6252536001523522,1.0262091593371343,0.11394082727532459,4.843792172739541,13.0,0.125,0.1274108998574513,0.1274108998574513
467,L,blink_dist,13,23400,27000,0.8549808633220621,0.9415984755072301,7.0,4.2,0.49328828623162435,0.774619868285783,0.07416956245562904,4.629737609329446,12.0,0.14285714285714285,-0.15410680009131789,-0.15410680009131789
467,L,blink_dist,14,25200,28800,0.879084404082683,0.7595166712092305,6.0,4.098039215686274,0.32868734537725963,0.47495701419652586,0.06172435722721904,4.599864590385917,12.0,0.16666666666666666,0.06520859377392386,0.06520859377392386
467,M,blink_dist,0,0,3600,0.7831174903054728,1.1136720582536153,5.0,4.105263157894737,0.30689220499185726,0.4854607607459134,0.08078201807167479,4.565417867435158,9.0,0.2,-0.06467211601919837,-0.06467211601919837
467,M,blink_dist,1,1800,5400,0.8573448951527923,1.1905205499869582,8.0,4.3175675675675675,0.6476272927382595,1.0302970528653121,0.07920035771509483,4.697237569060773,12.0,0.125,-0.2130919369122296,-0.2130919369122296
467,M,blink_dist,2,3600,7200,0.9955928376863732,1.925267531967463,10.0,4.615384615384615,0.991382991929152,1.531529227773675,0.09457876750790162,4.933054393305439,15.0,0.1,0.09808841347313454,0.09808841347313454
467,M,blink_dist,3,5400,9000,1.0362446012621054,2.3599593057311097,10.0,4.489736070381231,0.9367286875896714,1.3428539431860032,0.11145451182291827,4.908689748811948,19.0,0.1,-0.1565961720057362,-0.1565961720057362
467,M,blink_dist,4,7200,10800,0.8954090022651578,0.7135594127406033,6.0,4.2105263157894735,0.5004153399580942,0.7907163544925793,0.05798562177783328,4.492743607463718,10.0,0.16666666666666666,-0.025970936270691383,-0.025970936270691383
467,M,blink_dist,5,9000,12600,1.082391141525481,1.2647019760046043,7.0,4.285,0.6586159730829467,0.9533627371619319,0.07596328379794283,4.533245266402466,11.0,0.14285714285714285,-0.11853612462254197,-0.11853612462254197
467,M,blink_dist,6,10800,14400,1.04060528159852,1.6900240993445592,9.0,4.351778656126482,0.7588521069199524,1.103346950573172,0.09368812071162141,4.662719633307868,12.0,0.1111111111111111,-0.18742195796499683,-0.18742195796499683
467,M,blink_dist,7,12600,16200,0.9551008059910956,1.160651570391678,9.0,4.206060606060606,0.5667233807302297,0.7616362292345304,0.07901294444258622,4.6341343795978425,12.0,0.1111111111111111,0.2693919617688754,0.2693919617688754
467,M,blink_dist,8,14400,18000,1.0984601686992281,1.6897148424435429,10.0,4.319702602230484,0.6911699477586406,1.0320659495249442,0.10198636013319955,4.8153106762787505,18.0,0.1,-0.329235743210356,-0.329235743210356
467,M,blink_dist,9,16200,19800,1.142626033644965,2.6826404227360414,13.0,4.569047619047619,1.045395367276368,1.4602614110025776,0.1256046075991836,5.106564364876386,16.0,0.07692307692307693,0.12744357638085835,0.12744357638085835
467,M,blink_dist,10,18000,21600,1.063430967315503,2.78478731074261,13.0,4.510948905109489,0.9898520741889546,1.3781629363590686,0.13438025714972363,5.140189600689457,15.0,0.07692307692307693,-0.3211336883445715,-0.3211336883445715
467,M,blink_dist,11,19800,23400,0.9964873362169198,1.1717560310972188,6.0,4.177142857142857,0.43758147929318014,0.7138338369614954,0.07543480003205899,4.595703125,11.0,0.16666666666666666,0.013447877309672332,0.013447877309672332
467,M,blink_dist,12,21600,25200,1.1487757110424726,0.6785411365564037,6.0,4.135593220338983,0.3662742844910903,0.594401327254401,0.05557641235278577,4.44852531997774,12.0,0.16666666666666666,0.05168050054283559,0.05168050054283559
467,M,blink_dist,13,23400,27000,1.0195206733784938,0.5969260657715387,10.0,4.379310344827586,0.961815564205612,1.0832099001605973,0.05220361289109624,4.743060498220641,15.0,0.1,-0.16662443515416053,-0.16662443515416053
467,M,blink_dist,14,25200,28800,0.9714733237377068,0.8632170867656489,10.0,4.4491525423728815,1.046361392240512,1.2066815802214064,0.06086091517453427,4.816525699414444,15.0,0.1,-0.015954108445662484,-0.015954108445662484
468,H,blink_dist,0,0,3600,1.856659485653761,10.827110361677965,17.0,4.699402539208364,1.2149521305940882,1.6503663752651627,0.3018471041673836,5.544484829329962,26.0,0.058823529411764705,-0.309488467493284,-0.309488467493284
468,H,blink_dist,1,1800,5400,1.5508528005231539,5.023122637525621,9.0,4.457952468007313,0.836532088794869,1.3016270109482542,0.20231535363730932,5.009052658421522,18.0,0.1111111111111111,-0.3928580379901077,-0.3928580379901077
468,H,blink_dist,2,3600,7200,1.4658754401212302,3.2864412505039717,9.0,4.377358490566038,0.73269765429991,1.164030215876862,0.17418901395865796,4.86991622239147,15.0,0.1111111111111111,-0.4632821783234719,-0.4632821783234719
468,H,blink_dist,3,5400,9000,1.3560597723085936,3.0236995853750472,9.0,4.35823429541596,0.7177267495650066,1.124797209529142,0.1626166132679985,4.856816182937555,15.0,0.1111111111111111,-0.1463306064199136,-0.1463306064199136
468,H,blink_dist,4,7200,10800,1.2008962236348555,1.9791971482535713,10.0,4.3130434782608695,0.7424817459285922,1.0181219950614087,0.11889148998430475,4.649414824447335,16.0,0.1,-0.30077921807538105,-0.30077921807538105
468,H,blink_dist,5,9000,12600,1.1910727129868888,1.4389743452197352,10.0,4.3795918367346935,0.7868769558239938,1.148212981021699,0.10346399881985328,4.6743411087549225,13.0,0.1,0.12934848657788195,0.12934848657788195
468,H,blink_dist,6,10800,14400,1.4599014677922226,3.1981356062015163,9.0,4.476263399693721,0.8066360323345317,1.336310739627913,0.1536538398415703,4.9870383522727275,16.0,0.1111111111111111,-0.2429457774007953,-0.2429457774007953
468,H,blink_dist,7,12600,16200,1.9456301430670533,6.910989606423329,11.0,4.552731206057328,0.9432544113245078,1.4545704542963411,0.2393396056023513,5.288526077097505,23.0,0.09090909090909091,-0.12636774688018404,-0.12636774688018404
468,H,blink_dist,8,14400,18000,2.0853476189008178,6.374422648273115,10.0,4.479009687836383,0.8535625897563954,1.341749791262019,0.24290901013381538,5.1628001628001625,19.0,0.1,-0.34260115841193733,-0.34260115841193733
468,H,blink_dist,9,16200,19800,1.8067113266355626,1.9512151994978295,10.0,4.370297029702971,0.7548581342626345,1.1371836348176445,0.1282744962823471,4.765642962719658,16.0,0.1,-0.4236295528990706,-0.4236295528990706
468,H,blink_dist,10,18000,21600,1.6610358516608361,2.609891430824414,9.0,4.363344051446945,0.6779535173304637,1.1348345260204529,0.1424621835001779,4.806001622060016,13.0,0.1111111111111111,0.11082276079962423,0.11082276079962423
468,H,blink_dist,11,19800,23400,1.7262384052624626,5.088321566377659,10.0,4.488979591836735,0.8359773576124074,1.3570430274523395,0.20097898603695719,5.114198257593595,22.0,0.1,-0.3752089222018111,-0.3752089222018111
468,H,blink_dist,12,21600,25200,2.7203457364606067,8.485264845250049,14.0,4.606630538731272,1.0478786933948772,1.530650795548925,0.2682009547464285,5.455538966855777,37.0,0.07142857142857142,-0.08498209200563853,-0.08498209200563853
468,H,blink_dist,13,23400,27000,2.417989259947822,9.833661430326732,18.0,4.663533834586466,1.1945253325728944,1.59915922533196,0.2912047985836779,5.439200444197668,21.0,0.05555555555555555,-0.20749964145535785,-0.20749964145535785
468,H,blink_dist,14,25200,28800,1.8388973005471936,2.4825405649560475,9.0,4.304216867469879,0.6335834602964894,1.0169754004630984,0.1366265939334978,4.785942492012779,16.0,0.1111111111111111,-0.05320451768046402,-0.05320451768046402
468,L,blink_dist,0,0,3600,1.3472904920716282,3.071834208685549,10.0,4.340033500837521,0.694526578366101,1.0864804771125638,0.15680462849893892,4.818214936247723,14.0,0.1,-0.5440824188775784,-0.5440824188775784
468,L,blink_dist,1,1800,5400,1.2175402855782398,3.6642002518891688,10.0,4.412322274881516,0.798283987224449,1.2222570306069915,0.16625997061293032,4.890218020451476,15.0,0.1,-0.4981053616002749,-0.4981053616002749
468,L,blink_dist,2,3600,7200,1.0808257690970244,3.273479642355723,11.0,4.39484126984127,0.8385865225229411,1.1831177763037473,0.15904825242001033,4.859787762474599,14.0,0.09090909090909091,0.04279002211170748,0.04279002211170748
468,L,blink_dist,3,5400,9000,1.3968712677647808,1.5380041394609554,7.0,4.297124600638978,0.5577436633968602,0.9958105441255605,0.10414403494528364,4.631324688532927,12.0,0.14285714285714285,-0.3678190077593947,-0.3678190077593947
468,L,blink_dist,4,7200,10800,1.4171252702064423,0.9862599894047498,8.0,4.28921568627451,0.6020238518408659,0.9845420697104911,0.08170741329365751,4.645305991669336,13.0,0.125,-0.15321546587527954,-0.15321546587527954
468,L,blink_dist,5,9000,12600,0.8675198159377595,0.4916131170481118,7.0,4.306451612903226,0.6372498795205933,1.0178677864247367,0.04865496860672792,4.4636824324324325,12.0,0.14285714285714285,0.13216803769426166,0.13216803769426166
468,L,blink_dist,6,10800,14400,1.3080763154199886,1.64607043423045,10.0,4.334405144694534,0.6973119379099035,1.065999909760087,0.1156950617886973,4.746743486973948,15.0,0.1,-0.5043693480555242,-0.5043693480555242
468,L,blink_dist,7,12600,16200,1.333777174985157,4.708925641609082,12.0,4.388392857142857,0.7995808651718602,1.1765624281598615,0.20704542460569333,4.918492176386914,17.0,0.08333333333333333,-0.12285990209117545,-0.12285990209117545
468,L,blink_dist,8,14400,18000,1.3899708505291357,3.2613567152001286,8.0,4.313069908814589,0.6255788793769262,1.0387811602647583,0.1593560027120514,4.8342339201673346,17.0,0.125,-0.5087450256203551,-0.5087450256203551
468,L,blink_dist,9,16200,19800,1.234519784470579,1.7169769818986376,8.0,4.336601307189542,0.6771964152554902,1.0828651847315256,0.11214693286063633,4.704206241519675,13.0,0.125,-0.03851367524799966,-0.03851367524799966
468,L,blink_dist,10,18000,21600,1.1762975140448249,1.9893539013063197,9.0,4.480122324159021,0.8772015468774261,1.3366193561180855,0.12164933054506939,4.791922974057234,27.0,0.1111111111111111,0.019537708047821567,0.019537708047821567
468,L,blink_dist,11,19800,23400,1.2923267520071509,2.9008973376511014,9.0,4.4366729678638945,0.8631596071507858,1.2559663662676126,0.1395261167280548,4.852138405329895,27.0,0.1111111111111111,-0.3154106330848476,-0.3154106330848476
468,L,blink_dist,12,21600,25200,1.6581926241887417,2.8503723112194277,10.0,4.3707533234859675,0.8366961437314142,1.12898153345646,0.1583888027280346,4.821140595220642,16.0,0.1,-0.6136978475878084,-0.6136978475878084
468,L,blink_dist,13,23400,27000,1.7088595766689865,4.492302515352907,11.0,4.45,0.8656511143941776,1.2873818275427618,0.20077956310815737,4.947598756190257,19.0,0.09090909090909091,-0.8191190939228743,-0.8191190939228743
468,L,blink_dist,14,25200,28800,1.7847481930730353,5.372581309180733,15.0,4.527149321266968,1.0001970486230394,1.4045595355062535,0.21122487335994417,5.002331496396779,18.0,0.06666666666666667,-0.9131155236756273,-0.9131155236756273
468,M,blink_dist,0,0,3600,2.212430302990612,6.557696611772521,11.0,4.523406374501992,0.9616397175728475,1.4069407922638149,0.22928112974608147,5.2104183757178015,24.0,0.09090909090909091,-1.0095953046069146,-1.0095953046069146
468,M,blink_dist,1,1800,5400,1.3108396769518558,1.0759763602022787,6.0,4.165094339622642,0.4301255746499634,0.6801625784548612,0.07761530494120514,4.613908004346252,13.0,0.16666666666666666,-0.09972860777978601,-0.09972860777978601
468,M,blink_dist,2,3600,7200,1.403180677042743,1.8782870022539444,8.0,4.330708661417323,0.6567451529792424,1.0587049049251986,0.11780843749288528,4.732053040695016,13.0,0.125,0.0013670183866983574,0.0013670183866983574
468,M,blink_dist,3,5400,9000,1.555373212740023,1.393595826401298,7.0,4.214285714285714,0.5174420053748535,0.8130458248175961,0.10555179000554563,4.5447711695777135,14.0,0.14285714285714285,0.19083318834670998,0.19083318834670998
468,M,blink_dist,4,7200,10800,1.7219256444901845,2.5203847830725135,8.0,4.285488958990536,0.5881673649967152,0.9809718499851727,0.14413131603602936,4.734156002437538,15.0,0.125,-0.6978041310499461,-0.6978041310499461
468,M,blink_dist,5,9000,12600,2.1578339462511806,3.3606976038374134,11.0,4.299242424242424,0.665320179485389,0.9987882691188174,0.1686270736022385,4.7867198991384745,14.0,0.09090909090909091,0.3863476319554254,0.3863476319554254
468,M,blink_dist,6,10800,14400,1.3451820312496257,0.6554651784123968,7.0,4.246153846153846,0.5415297202091699,0.890949377912858,0.06071958677195274,4.517226148409894,12.0,0.14285714285714285,-0.1836335868839822,-0.1836335868839822
468,M,blink_dist,7,12600,16200,1.2796440406990441,0.7601857399640504,7.0,4.229166666666667,0.5233273619616872,0.8508960583778759,0.06484047333732774,4.456885456885457,12.0,0.14285714285714285,-0.06339848644482071,-0.06339848644482071
468,M,blink_dist,8,14400,18000,1.3448785406767616,2.553565490047033,11.0,4.36105476673428,0.797730365059097,1.1201473804704842,0.1451078436030215,4.738219895287958,15.0,0.09090909090909091,-0.5003565939634331,-0.5003565939634331
468,M,blink_dist,9,16200,19800,1.2733186582330362,4.403131115459883,11.0,4.443037974683544,0.8879906979076856,1.2739710374697264,0.1855775503035777,4.897699056447608,16.0,0.09090909090909091,-0.1220561929055539,-0.1220561929055539
468,M,blink_dist,10,18000,21600,1.6160074345606439,5.718098250469507,12.0,4.65032154340836,1.1561696209595933,1.5820634980391832,0.21674409409904122,5.140178152836381,34.0,0.08333333333333333,-0.2994903060423123,-0.2994903060423123
468,M,blink_dist,11,19800,23400,1.929593062269397,4.007383983708879,12.0,4.541275797373358,1.0840320921651345,1.4161393585815654,0.16829191569676,4.981622151433472,27.0,0.08333333333333333,-1.200709964702365,-1.200709964702365
468,M,blink_dist,12,21600,25200,0.9954171326178729,0.24711961231104979,5.0,4.162162162162162,0.368599505323942,0.6394571324851642,0.03019191886774287,4.285876993166287,9.0,0.2,-0.15380587788575178,-0.15380587788575178
468,M,blink_dist,13,23400,27000,1.1327705766209073,0.7121000606342626,7.0,4.1735537190082646,0.49255089010748254,0.6976217755740969,0.066380416543283,4.4452313503305,11.0,0.14285714285714285,0.016292345345797255,0.016292345345797255
468,M,blink_dist,14,25200,28800,1.2404138908593592,1.9238693726176985,7.0,4.244318181818182,0.5564411989161523,0.880450361951971,0.11379674461728649,4.728196896736223,14.0,0.14285714285714285,0.2511344632759934,0.2511344632759934
469,H,blink_dist,0,0,3600,1.9864096921471495,1.8398346721990366,7.0,4.205882352941177,0.5336837444595295,0.783476275944922,0.10706905008885566,4.6345283675600415,14.0,0.14285714285714285,-0.4966947800729845,-0.4966947800729845
469,H,blink_dist,1,1800,5400,1.6029892863035822,1.1957550695032635,7.0,4.225352112676056,0.5020292090315931,0.8368404012537931,0.07951272980917742,4.551911009697661,11.0,0.14285714285714285,-0.062037058061563455,-0.062037058061563455
469,H,blink_dist,2,3600,7200,1.8113435511687501,3.5564687519290294,11.0,4.402838427947598,0.846488134392573,1.1961440858511287,0.1609185266184005,4.927230997704874,19.0,0.09090909090909091,-0.5221309518009339,-0.5221309518009339
469,H,blink_dist,3,5400,9000,1.7829911423880331,6.570271626173583,14.0,4.603892027620841,1.1117858222897548,1.517315420130322,0.23120923815666883,5.320243248814678,34.0,0.07142857142857142,-0.18525565884393758,-0.18525565884393758
469,H,blink_dist,4,7200,10800,1.8424912678574252,6.957147439509662,14.0,4.641411220358589,1.0802595270673483,1.577090173452198,0.2375529913566654,5.405701321759716,32.0,0.07142857142857142,-0.49352139455854416,-0.49352139455854416
469,H,blink_dist,5,9000,12600,1.0842280581507104,1.458499071864227,9.0,4.285714285714286,0.570345293541712,0.9349937709701576,0.09648192345089719,4.686225402504472,12.0,0.1111111111111111,-0.1420468479590606,-0.1420468479590606
469,H,blink_dist,6,10800,14400,1.4467076144666609,2.4168884079893123,10.0,4.386773547094188,0.746874188151863,1.178657347910649,0.13138311380022302,4.909034653465347,17.0,0.1,-0.06038156691265977,-0.06038156691265977
469,H,blink_dist,7,12600,16200,2.0563083630341454,2.5680661824678603,10.0,4.327225130890052,0.6594001292598487,1.0629109379434662,0.14020274206703692,4.778027796161482,17.0,0.1,-0.5777886303805359,-0.5777886303805359
469,H,blink_dist,8,14400,18000,1.456786696123355,1.6819806583188965,9.0,4.32112676056338,0.7108644792612893,1.039313190180402,0.10680686827043266,4.744763760350707,15.0,0.1111111111111111,-0.32189298980139314,-0.32189298980139314
469,H,blink_dist,9,16200,19800,1.6280352451588862,3.8421161072574392,11.0,4.470319634703197,0.8927845660602047,1.321212430360617,0.17361145178222775,5.047062179121506,18.0,0.09090909090909091,0.5062173095212837,0.5062173095212837
469,H,blink_dist,10,18000,21600,1.8098101251163847,4.522386874133959,11.0,4.428694900605013,0.8207377677463478,1.25466310506993,0.19821628730042454,5.046286934052354,18.0,0.09090909090909091,-0.21429311972100154,-0.21429311972100154
469,H,blink_dist,11,19800,23400,1.8771371127280592,4.133834816794023,22.0,4.481549815498155,1.0936882808352952,1.3113848165957485,0.17694310658792695,5.075421039785208,24.0,0.045454545454545456,0.11665457541778552,0.11665457541778552
469,H,blink_dist,12,21600,25200,2.286258378136795,4.762769770350238,10.0,4.502642007926024,0.9029854461524883,1.3758448232797444,0.20107104680327811,5.082921229247615,20.0,0.1,-0.7750339433173862,-0.7750339433173862
469,H,blink_dist,13,23400,27000,2.873352904748206,14.02221406891031,28.0,4.949764521193092,1.5311483181518863,1.935103152292347,0.35185895511601795,5.786132187585703,49.0,0.03571428571428571,1.3103515117370246,1.3103515117370246
469,H,blink_dist,14,25200,28800,3.5586825378392843,18.195079693524423,44.0,5.184422560429723,2.1126378314716163,2.1355103497263044,0.39114237110116656,6.287600562790866,82.0,0.022727272727272728,-2.087234918393468,-2.087234918393468
469,L,blink_dist,0,0,3600,1.8411175736855145,3.017447055863547,9.0,4.3366583541147135,0.7176977638850218,1.0817768589309966,0.15581756504689276,4.786142571618921,17.0,0.1111111111111111,-0.7504023426119277,-0.7504023426119277
469,L,blink_dist,1,1800,5400,1.2986201880970678,1.3345633456334562,8.0,4.305555555555555,0.628276245424234,1.016314082032388,0.0972509225092251,4.595466434176112,11.0,0.125,-0.16550894733279395,-0.16550894733279395
469,L,blink_dist,2,3600,7200,1.0439117315239332,0.6212320592465649,8.0,4.229166666666667,0.653183975274621,0.8078429497437902,0.06317134375860697,4.539307311709731,9.0,0.125,-0.0928455133554707,-0.0928455133554707
469,L,blink_dist,3,5400,9000,1.6357023754207138,2.9696395613409763,12.0,4.593655589123867,1.1032041725518555,1.4966866812985968,0.13777916662597775,5.0760928224500805,20.0,0.08333333333333333,-0.04397158765125451,-0.04397158765125451
469,L,blink_dist,4,7200,10800,2.667011261576768,13.984116716975707,28.0,5.083605486610058,1.770644796216904,2.0590431559878977,0.3280448948301471,6.037255442270598,48.0,0.03571428571428571,-1.2373643917599177,-1.2373643917599177
469,L,blink_dist,5,9000,12600,2.41842053602505,8.59482844027608,17.0,4.7234119782214155,1.343025261137252,1.6642326991249012,0.2563389584227734,5.37399612295763,38.0,0.058823529411764705,-0.8561592584789947,-0.8561592584789947
469,L,blink_dist,6,10800,14400,3.09269672298866,5.728289725128862,11.0,4.4757869249394675,0.863586571072633,1.334929434919347,0.23013872677127126,5.15848576059273,24.0,0.09090909090909091,-0.06886489529022335,-0.06886489529022335
469,L,blink_dist,7,12600,16200,3.3121683267334783,8.154013831151921,14.0,4.526907630522088,0.9179229482867091,1.4169395711894512,0.27391516121876175,5.283827154751384,24.0,0.07142857142857142,-0.260963032657779,-0.260963032657779
469,L,blink_dist,8,14400,18000,2.779845861929999,9.444814746713249,11.0,4.596476510067114,0.988286486853429,1.5208874120778428,0.2859043164475499,5.392781661518452,23.0,0.09090909090909091,-0.9613527293789804,-0.9613527293789804
469,L,blink_dist,9,16200,19800,2.81372499377445,9.968606836102706,14.0,4.657824933687003,1.0717736315857453,1.603639437288324,0.2937134195841115,5.486585365853658,19.0,0.07142857142857142,-0.2382623907939456,-0.2382623907939456
469,L,blink_dist,10,18000,21600,2.4795339534870346,9.071641617975791,14.0,4.6322368421052635,1.1639939169268394,1.5564104506904282,0.27555707300732457,5.439689705601832,24.0,0.07142857142857142,0.13882129952664948,0.13882129952664948
469,L,blink_dist,11,19800,23400,2.2281958395914954,6.2682800940528764,13.0,4.4956298200514135,0.8575126501860136,1.3656673323369384,0.23318589780352125,5.182585836055126,19.0,0.07692307692307693,-0.03920209605954734,-0.03920209605954734
469,L,blink_dist,12,21600,25200,2.402798758116576,6.138525663610921,11.0,4.502194051682106,0.869534228275717,1.3777044039835453,0.22519893370206145,5.183383061739729,17.0,0.09090909090909091,-0.45236351909417966,-0.45236351909417966
469,L,blink_dist,13,23400,27000,2.2866257614618406,5.415845872277408,29.0,4.547214076246334,1.097170251697258,1.4306715437214923,0.20448607793006132,5.117657342657343,20.0,0.034482758620689655,-0.31271848394262314,-0.31271848394262314
469,L,blink_dist,14,25200,28800,1.971410868572449,3.355209852536056,13.0,4.391304347826087,0.8073158961353807,1.1798665925665444,0.15580132879598121,4.948275862068965,18.0,0.07692307692307693,-0.25976679454586843,-0.25976679454586843
469,M,blink_dist,0,0,3600,1.8188030299859868,13.931287653908981,18.0,4.851070336391437,1.3796767841389361,1.8310185159732255,0.3503723675197162,5.695289079229122,34.0,0.05555555555555555,-0.30396853963901277,-0.30396853963901277
469,M,blink_dist,1,1800,5400,2.4854759794399515,7.587257315090326,12.0,4.477057262040197,0.9046003784292276,1.3349573994575952,0.2661452542688766,5.0885298273637645,18.0,0.08333333333333333,-0.2840458553873426,-0.2840458553873426
469,M,blink_dist,2,3600,7200,2.9114649314247076,8.690857619382022,14.0,4.565129682997118,1.0084342718237946,1.4717448587101922,0.28193030196629215,5.298005051806794,23.0,0.07142857142857142,-0.305425384519088,-0.305425384519088
469,M,blink_dist,3,5400,9000,3.169495811111301,11.351838972715269,17.0,4.670329670329671,1.0952770429974912,1.6181131367647628,0.31521826776732886,5.6716993108451215,25.0,0.058823529411764705,0.032353749533872975,0.032353749533872975
469,M,blink_dist,4,7200,10800,3.325601777879722,11.813697472130029,22.0,4.751014100830597,1.2406153158734325,1.7193726700859273,0.3170548369588711,5.790902710764102,35.0,0.045454545454545456,-0.4286755463660548,-0.4286755463660548
469,M,blink_dist,5,9000,12600,2.3979748553268427,5.580682764363031,18.0,4.482611021936864,0.954470447588565,1.337215397920868,0.21951040799333887,5.198201750926729,27.0,0.05555555555555555,-0.6148811224298415,-0.6148811224298415
469,M,blink_dist,6,10800,14400,1.7804514054888028,2.4061364553895843,9.0,4.346839546191248,0.6733841781643373,1.1063653653667893,0.14125958821154622,4.891425908667288,16.0,0.1111111111111111,-0.5084685691750057,-0.5084685691750057
469,M,blink_dist,7,12600,16200,1.5733749956672727,2.2679972792154395,8.0,4.337864077669903,0.6553908646057108,1.0886615092644703,0.12847077694642695,4.945095740523642,12.0,0.125,-0.249956148582008,-0.249956148582008
469,M,blink_dist,8,14400,18000,1.2173965268858304,0.9197664501738503,7.0,4.327160493827161,0.6834033109027532,1.0508411119764212,0.08048940497277439,4.785101404056162,12.0,0.14285714285714285,0.2503666708287307,0.2503666708287307
469,M,blink_dist,9,16200,19800,2.2555738839014383,4.815522979958926,12.0,4.539385847797063,0.9716186908936786,1.4315316036554226,0.20457120600524042,5.14882809018804,18.0,0.08333333333333333,-0.519738146999863,-0.519738146999863
469,M,blink_dist,10,18000,21600,2.003405164227534,6.779458313068576,15.0,4.716028840820854,1.2111074873076912,1.6701931840046862,0.22793267582500817,5.405691594970218,33.0,0.06666666666666667,-0.020272024395479586,-0.020272024395479586
469,M,blink_dist,11,19800,23400,2.51103308031271,6.646183597005146,11.0,4.564438619484491,0.9570837512765903,1.47102295046279,0.22840849093210688,5.266040918090489,22.0,0.09090909090909091,-0.17010275576334566,-0.17010275576334566
469,M,blink_dist,12,21600,25200,2.998550752648634,6.177686390658627,11.0,4.5783655744176865,0.96108539146082,1.4939292639998445,0.22374603140781146,5.28665827564506,22.0,0.09090909090909091,0.05578983979883898,0.05578983979883898
469,M,blink_dist,13,23400,27000,3.467827044236626,6.986545556717319,14.0,4.615946439440049,1.0834510705745817,1.5431705940182086,0.24217306992533497,5.422493811881188,28.0,0.07142857142857142,0.769502334394229,0.769502334394229
469,M,blink_dist,14,25200,28800,2.9701344511157353,6.982709941111619,15.0,4.6806056236481615,1.2256300091990178,1.6218704040838312,0.2352389147328511,5.499654240271578,38.0,0.06666666666666667,-0.47356568328509335,-0.47356568328509335
470,H,blink_dist,0,0,3600,2.32566423304498,15.859421145894862,19.0,5.082764692934185,1.6434878377487694,2.0720867359134156,0.35470610860039287,6.149252842769542,54.0,0.05263157894736842,-0.487794038154934,-0.487794038154934
470,H,blink_dist,1,1800,5400,2.3581377243414297,17.590478964445136,95.0,5.350020601565719,3.525535636479901,2.180970083588122,0.37990327234794863,6.532203587235034,100.0,0.010526315789473684,0.7569928253891338,0.7569928253891338
470,H,blink_dist,2,3600,7200,2.237220690837188,29.47430048336082,143.0,5.634229561894363,4.1104535605668415,2.4131457378575965,0.49695132834979044,7.007651648628241,109.0,0.006993006993006993,-0.8987776013492633,-0.8987776013492633
470,H,blink_dist,3,5400,9000,1.6728719840025328,21.688150482192302,40.0,5.313216374269006,1.9996258875160295,2.265964380275995,0.4251981285209587,6.341640558245514,33.0,0.025,0.305643530163013,0.305643530163013
470,H,blink_dist,4,7200,10800,2.279964942046878,24.71538563932267,26.0,5.210930576070901,1.7774556998002122,2.18896492157712,0.4646167426805944,6.433331716544599,33.0,0.038461538461538464,0.14702817978533533,0.14702817978533533
470,H,blink_dist,5,9000,12600,2.0987970432351073,22.5883785532174,26.0,5.177045177045177,1.718721324308585,2.160056006053604,0.4420906427185205,6.213338324954541,33.0,0.038461538461538464,0.010347957460081362,0.010347957460081362
470,H,blink_dist,6,10800,14400,2.259870671485671,23.49253246064787,42.0,5.40966796875,2.2378820714677787,2.330011316200135,0.44784031552385867,6.532295479148409,43.0,0.023809523809523808,-0.7806241896532258,-0.7806241896532258
470,H,blink_dist,7,12600,16200,1.900026691197224,14.01921799732663,19.0,4.833623188405797,1.4035668548324556,1.8100109016315846,0.34343132886650807,5.767134890943742,28.0,0.05263157894736842,-0.3115105832616519,-0.3115105832616519
470,H,blink_dist,8,14400,18000,2.0678250316149325,21.730935607465085,28.0,5.1703730931814,1.6967846465753595,2.1547980698167484,0.4233214373995798,6.278815307057745,48.0,0.03571428571428571,-0.4404782273360746,-0.4404782273360746
470,H,blink_dist,9,16200,19800,2.961333224502679,30.149303645209663,52.0,5.578900089829324,2.480754939984815,2.4614833134154814,0.5108660474449012,6.962800955706672,57.0,0.019230769230769232,-0.7344973327079923,-0.7344973327079923
470,H,blink_dist,10,18000,21600,2.287392474488023,29.531012136702003,113.0,5.7946012606193475,3.825229369953945,2.5367412660309503,0.5018226002430134,6.910472160784691,73.0,0.008849557522123894,-0.22204058386540837,-0.22204058386540837
470,H,blink_dist,11,19800,23400,2.2673940430550896,22.10355759070095,79.0,5.2812657801716885,2.493249761838634,2.1987463665958695,0.4357907713983797,6.3197119068294425,50.0,0.012658227848101266,-0.879675347924986,-0.879675347924986
470,H,blink_dist,12,21600,25200,2.3567959765456097,15.389672443357032,32.0,4.839514066496164,1.3911296516149902,1.8192927499493878,0.36800816011169324,5.750132373186488,28.0,0.03125,-0.5568820418946687,-0.5568820418946687
470,H,blink_dist,13,23400,27000,3.930170972212882,29.989676811028744,55.0,5.347416479455033,1.9450842675814861,2.3009943826478882,0.5165679054493432,6.82858754633858,68.0,0.01818181818181818,0.4880262414741842,0.4880262414741842
470,H,blink_dist,14,25200,28800,3.59388744429151,38.42352052267828,79.0,6.103141546064243,2.9142869007467826,2.7979942751173374,0.5682592946509922,7.906468369303074,95.0,0.012658227848101266,-1.4244003888279528,-1.4244003888279528
470,L,blink_dist,0,0,3600,1.872648646887281,11.64478790825422,13.0,4.660976442471833,1.0691920299547015,1.6082466552605288,0.3236094407055793,5.406726521305401,21.0,0.07692307692307693,-0.08234954347359814,-0.08234954347359814
470,L,blink_dist,1,1800,5400,2.244232920389152,19.76014234875445,27.0,4.991549802229414,1.5713066111189617,1.9811299560235875,0.41430604982206404,6.05786242064731,39.0,0.037037037037037035,-0.3103203275856101,-0.3103203275856101
470,L,blink_dist,2,3600,7200,1.8916567406613953,22.85711873137038,63.0,5.4094724220623505,2.628245053983249,2.2965936682844705,0.44438768186308863,6.4230792701531705,43.0,0.015873015873015872,-0.48633137531678156,-0.48633137531678156
470,L,blink_dist,3,5400,9000,1.6384657369525808,16.083684292622056,25.0,5.070067609096497,1.8280428897424792,2.0332951186100523,0.36858524411168303,5.951204155517079,33.0,0.04,-0.486937955534786,-0.486937955534786
470,L,blink_dist,4,7200,10800,1.899148165854723,13.42181402233885,22.0,4.9056255763910235,1.5419163435274477,1.8822654629894038,0.3493515341138474,5.766155341153606,30.0,0.045454545454545456,0.3547585840950103,0.3547585840950103
470,L,blink_dist,5,9000,12600,2.2596630200410797,11.862214242291435,21.0,4.822126436781609,1.4138982007008074,1.7942687012313179,0.3281954674621464,5.7840413604086205,30.0,0.047619047619047616,-0.00454445905091579,-0.00454445905091579
470,L,blink_dist,6,10800,14400,2.0666909352637037,15.400548749855083,44.0,5.004018081366148,1.8245449478911777,1.978166839693234,0.3629903002666461,6.06358530759796,36.0,0.022727272727272728,-0.39669481609221513,-0.39669481609221513
470,L,blink_dist,7,12600,16200,2.490619345990594,14.185666185666186,44.0,4.910968028419183,1.728284333117646,1.879776218948287,0.3504697771364438,5.9055492516345165,43.0,0.022727272727272728,-0.5705365790781352,-0.5705365790781352
470,L,blink_dist,8,14400,18000,3.0446972929120095,9.856095859149166,15.0,4.667577639751553,1.1339173983726414,1.6141358985773508,0.29688950911008166,5.428914044512663,38.0,0.06666666666666667,0.14302323195547959,0.14302323195547959
470,L,blink_dist,9,16200,19800,2.9624034281017257,18.19951364437806,56.0,5.337286527514231,2.5640920360109756,2.2357468653317394,0.38596254738192937,6.4215483986722885,106.0,0.017857142857142856,-0.8721024502052694,-0.8721024502052694
470,L,blink_dist,10,18000,21600,2.4388502435352115,9.1653349401378,19.0,4.691250419041234,1.1687404700222115,1.64409483289204,0.28027494694925464,5.4747649203607756,32.0,0.05263157894736842,-0.6436903376729283,-0.6436903376729283
470,L,blink_dist,11,19800,23400,2.3406630566196807,7.181803913004907,12.0,4.507066381156317,0.9207653005159773,1.3846932578611522,0.2516395176644806,5.28742472039002,21.0,0.08333333333333333,-0.33502847076188813,-0.33502847076188813
470,L,blink_dist,12,21600,25200,1.6368045253958516,9.877820282613786,14.0,4.734331150608045,1.1298112157893367,1.700180795992658,0.2785687797642283,5.505400192864031,35.0,0.07142857142857142,-0.2619558890251677,-0.2619558890251677
470,L,blink_dist,13,23400,27000,1.5461247368616935,11.895242522857586,24.0,4.945876288659794,1.533024268358398,1.929031266149361,0.3025931091481998,5.7520620581304005,34.0,0.041666666666666664,-0.1394851161505487,-0.1394851161505487
470,L,blink_dist,14,25200,28800,1.6058165405876312,7.706004058409262,19.0,4.712287104622871,1.2907380620488473,1.6558608119967138,0.24614053236780328,5.327233584499462,21.0,0.05263157894736842,-0.12237940753115692,-0.12237940753115692
470,M,blink_dist,0,0,3600,1.6862894619607312,25.81131003125888,47.0,5.545177045177045,2.6072622776479095,2.4088456849065265,0.461831012598276,6.592590088567372,86.0,0.02127659574468085,-0.6882445845437093,-0.6882445845437093
470,M,blink_dist,1,1800,5400,2.319131199134381,24.272499982781063,40.0,5.37948404823691,2.251090838069361,2.3030478879869927,0.45408054329184716,6.568119551681195,64.0,0.025,-0.9818049029408148,-0.9818049029408148
470,M,blink_dist,2,3600,7200,1.6414527231170846,14.699843328824578,19.0,5.018604651162791,1.748179702510811,1.9861971477957638,0.34852038184949835,5.874682194701878,37.0,0.05263157894736842,0.1674021643999737,0.1674021643999737
470,M,blink_dist,3,5400,9000,1.8345525933988245,11.994566920906907,18.0,4.820153953813856,1.4284374561810935,1.7858160937646819,0.3160066868665761,5.611751063007344,28.0,0.05555555555555555,-0.16251248884243058,-0.16251248884243058
470,M,blink_dist,4,7200,10800,2.0917688404950985,9.32457714482074,15.0,4.597515060240964,1.1049490937474271,1.5109602179006834,0.28721316482761255,5.368924416529869,36.0,0.06666666666666667,-0.1824861950371968,-0.1824861950371968
470,M,blink_dist,5,9000,12600,2.328619272833393,13.04130111192663,14.0,4.85,1.3692877636171634,1.8314573518491413,0.33111885473614894,5.644469130028064,39.0,0.07142857142857142,0.536608444542022,0.536608444542022
470,M,blink_dist,6,10800,14400,2.4233881975071925,14.66292282949722,19.0,4.917329796640141,1.421935747374117,1.9089894228136506,0.35766168367212425,5.799807610089782,30.0,0.05263157894736842,-0.4575551793094891,-0.4575551793094891
470,M,blink_dist,7,12600,16200,2.1762829784437034,11.546027039325924,18.0,4.962460567823344,1.5872652520314285,1.9436238605932903,0.31512484770195087,5.683301343570058,34.0,0.05555555555555555,-0.20710761349730616,-0.20710761349730616
470,M,blink_dist,8,14400,18000,2.3073270131687753,10.037383177570094,19.0,4.802583636965883,1.4970811667214543,1.7527208135974495,0.30438560055382485,5.503629991237952,33.0,0.05263157894736842,-0.6451235518028481,-0.6451235518028481
470,M,blink_dist,9,16200,19800,2.4549831634611405,21.814124168802945,65.0,5.170727945712523,2.167920031177737,2.1209135419804244,0.4349519174463544,6.282552511630093,74.0,0.015384615384615385,-0.9516928284353651,-0.9516928284353651
470,M,blink_dist,10,18000,21600,1.8243457262377663,22.44840779946241,34.0,5.438905388205346,2.2788668085755552,2.3491810592717273,0.42521867037902866,6.523675196453758,61.0,0.029411764705882353,-0.5224699357974117,-0.5224699357974117
470,M,blink_dist,11,19800,23400,1.5061598203719164,18.028909887266288,32.0,5.320813771517997,2.209820582311561,2.241441364176494,0.3749695099318083,6.292960754649817,47.0,0.03125,-0.26135190988205276,-0.26135190988205276
470,M,blink_dist,12,21600,25200,1.3863928564069496,17.3097528659485,43.0,5.096336499321574,2.0281800694787564,2.0456805384116374,0.3710179157785587,5.9590118430792005,35.0,0.023255813953488372,-0.47301611292712104,-0.47301611292712104
470,M,blink_dist,13,23400,27000,1.196232052725577,15.980771798638003,19.0,5.071186440677966,1.699456627762731,2.0510751769685425,0.34526639070636933,5.85,51.0,0.05263157894736842,0.32016754693446237,0.32016754693446237
470,M,blink_dist,14,25200,28800,1.4159113079149863,14.86186162471938,19.0,5.018666666666666,1.5316452819896853,2.0122859450589248,0.342649729815101,5.955004411332222,40.0,0.05263157894736842,-0.12083637918742943,-0.12083637918742943
471,H,blink_dist,0,0,3600,11.82011123408691,76.8303114742357,442.0,10.382053248603047,10.859467216674652,4.077689157463676,0.8498203371094748,14.430779292303455,168.0,0.0022624434389140274,-4.003697900473841,-4.003697900473841
471,H,blink_dist,1,1800,5400,11.736635353361262,77.47788086356157,219.0,10.775790270679538,10.934954066583874,4.144691086030948,0.8515183642250442,15.129088029403587,215.0,0.0045662100456621,-4.554041134133135,-4.554041134133135
471,H,blink_dist,2,3600,7200,6.272495240389292,65.42200061626376,213.0,8.963886950453594,9.794731381715435,3.706124190442692,0.7714476341328634,11.916410982613485,215.0,0.004694835680751174,-2.4403287577983126,-2.4403287577983126
471,H,blink_dist,3,5400,9000,5.412818259781861,66.26513490463867,418.0,9.020688546981079,9.763364043370231,3.744571455863149,0.7821178685568759,11.686899197460093,168.0,0.0023923444976076554,-1.7721910968817653,-1.7721910968817653
471,H,blink_dist,4,7200,10800,7.077895328018202,72.50350363678626,292.0,9.165031094882181,8.676551384944243,3.8334146864146295,0.8217354116688596,12.51916795599106,226.0,0.003424657534246575,-1.3446873694250638,-1.3446873694250638
471,H,blink_dist,5,9000,12600,8.539378141426926,74.24799899739435,295.0,9.422118306114697,8.734908408728202,3.904337887028691,0.8333289687564884,12.973499905356805,201.0,0.003389830508474576,-0.4030006364860272,-0.4030006364860272
471,H,blink_dist,6,10800,14400,6.655452423779541,69.88988729527868,281.0,9.226474874849503,9.203218562633078,3.8519845844601184,0.8047899506556841,12.393354769560558,151.0,0.0035587188612099642,-0.6062827381602638,-0.6062827381602638
471,H,blink_dist,7,12600,16200,6.301103220178737,61.64951328330967,263.0,8.481376857083072,8.657488168600729,3.6071245119338955,0.74788075441087,11.220202327527193,160.0,0.0038022813688212928,1.6416527329084627,1.6416527329084627
471,H,blink_dist,8,14400,18000,9.319796162952715,66.36233535859049,323.0,9.033033943776974,9.175542506330167,3.766372032352715,0.7784974248669586,12.321668836805555,191.0,0.0030959752321981426,-0.11646285010474265,-0.11646285010474265
471,H,blink_dist,9,16200,19800,10.079241388574793,69.89160235178524,397.0,9.767951273532669,10.78839233632784,3.9214341871037357,0.8016703380295083,13.55380802465001,169.0,0.0025188916876574307,-2.5413911064283052,-2.5413911064283052
471,H,blink_dist,10,18000,21600,11.790097613749465,70.18349369612989,410.0,9.264226188347223,10.567067623854259,3.8155741646069115,0.8038111792423434,13.038292495330184,384.0,0.0024390243902439024,-0.7468338851619041,-0.7468338851619041
471,H,blink_dist,11,19800,23400,10.0395160699057,68.02344544272843,367.0,8.79320060877792,9.05951513773755,3.7194847583372126,0.7906973969130804,12.308129527583432,283.0,0.0027247956403269754,-3.852287326908139,-3.852287326908139
471,H,blink_dist,12,21600,25200,10.205301788629678,58.054599922992885,232.0,7.314520104912343,5.518265630873688,3.3071017980432504,0.7282259251027544,9.992161158000988,219.0,0.004310344827586207,-2.950989749642323,-2.950989749642323
471,H,blink_dist,13,23400,27000,8.617167567208387,50.79567803632036,144.0,6.922596943286599,5.1054284291416305,3.13995225837904,0.6754578971856076,9.166106981599567,115.0,0.006944444444444444,0.6655111961800368,0.6655111961800368
471,H,blink_dist,14,25200,28800,9.661175137860592,64.58335055560424,298.0,8.482790071445635,8.52449148086279,3.6132717926306364,0.766904967784709,11.586464005595245,149.0,0.003355704697986577,-3.2912081963632533,-3.2912081963632533
471,L,blink_dist,0,0,3600,5.907284268917565,60.6851889407152,228.0,8.419139438046292,9.200924490580283,3.5448779901799314,0.7344852295004394,11.366978427803234,147.0,0.0043859649122807015,-1.5507520044276066,-1.5507520044276066
471,L,blink_dist,1,1800,5400,9.563690771219063,52.51196691686124,366.0,7.327126543929154,7.193016118658994,3.2383323208061547,0.6794603279586594,9.931546311215273,228.0,0.00273224043715847,-2.6324874914884537,-2.6324874914884537
471,L,blink_dist,2,3600,7200,5.750683133319735,28.551667819377204,92.0,5.564144202663202,2.5959813664897906,2.4395055928727545,0.4966196416320159,7.206364240946374,106.0,0.010869565217391304,1.6738079842398244,1.6738079842398244
471,L,blink_dist,3,5400,9000,6.333049596269686,31.849778046811945,76.0,5.678989026803382,2.5452252550430203,2.532701294915834,0.5284112691686844,7.325204104823342,62.0,0.013157894736842105,-1.987070177288519,-1.987070177288519
471,L,blink_dist,4,7200,10800,5.502587576597427,33.26550339778628,58.0,5.845541726178331,3.0269845051120727,2.615678666934681,0.5342318622655585,7.495804822417726,93.0,0.017241379310344827,0.25299451493184033,0.25299451493184033
471,L,blink_dist,5,9000,12600,7.566802667714082,52.02409023070639,345.0,7.724916152086011,7.555501239269148,3.350843226315602,0.6745876775050188,10.36387812353046,124.0,0.002898550724637681,-2.7430863424466216,-2.7430863424466216
471,L,blink_dist,6,10800,14400,8.137013534561426,70.15784710757592,345.0,10.323695080736012,12.493093123923481,3.983738480544011,0.7988965817787785,14.239481464634979,198.0,0.002898550724637681,-2.670526473754814,-2.670526473754814
471,L,blink_dist,7,12600,16200,6.908930944873173,68.21167402256013,259.0,9.848716493640886,11.122358530006078,3.8950255117177033,0.7825530075161895,13.121922853266136,230.0,0.003861003861003861,-2.4701011027863014,-2.4701011027863014
471,L,blink_dist,8,14400,18000,10.116698514541431,71.3032975187691,418.0,10.109081548138697,11.18803400855105,3.966981543921796,0.8020486141263589,14.119225637889821,259.0,0.0023923444976076554,3.9039779801284604,3.9039779801284604
471,L,blink_dist,9,16200,19800,12.634184762824514,52.940469959365934,126.0,6.744716835255461,4.121446985569505,3.0992742122739325,0.6895255397857293,9.376414056321563,134.0,0.007936507936507936,-4.561700199479912,-4.561700199479912
471,L,blink_dist,10,18000,21600,8.356692789750836,36.254945811113025,72.0,5.620999288762446,2.312786062580716,2.5034941340978323,0.571491102318558,7.391337667795605,117.0,0.013888888888888888,-3.695215992802855,-3.695215992802855
471,L,blink_dist,11,19800,23400,9.019005058868386,41.12221368178324,113.0,6.025431425976385,3.115446922844954,2.7439524918714464,0.6047820357966399,8.073874853704382,129.0,0.008849557522123894,-0.7539370993197877,-0.7539370993197877
471,L,blink_dist,12,21600,25200,8.082129660437177,47.0527549453438,273.0,6.36011006331312,3.9043533401300694,2.9097824006980333,0.6503228382093399,8.52287090758392,113.0,0.003663003663003663,2.6016367047837825,2.6016367047837825
471,L,blink_dist,13,23400,27000,8.778001597638267,47.0106233145178,163.0,6.357853029482699,3.695434365581819,2.912525490911552,0.6477756184195681,8.525403839015219,117.0,0.006134969325153374,0.3860087631579702,0.3860087631579702
471,L,blink_dist,14,25200,28800,12.067120614022127,52.07178133616428,163.0,6.92317981028141,4.7375789081457995,3.1490703296160314,0.6797749983122888,9.580141777819234,159.0,0.006134969325153374,-0.25235062371196937,-0.25235062371196937
471,M,blink_dist,0,0,3600,5.3042485006367714,65.30993278566095,214.0,8.595957193816885,7.9009805068752605,3.652612060072223,0.7712182900093956,11.343151367511904,121.0,0.004672897196261682,-1.5807357788908958,-1.5807357788908958
471,M,blink_dist,1,1800,5400,7.451811686974712,67.31522764297351,275.0,8.927395741535662,7.927257925661852,3.7737661142681502,0.7842804167023922,11.857934565960688,151.0,0.0036363636363636364,-2.2870293505679347,-2.2870293505679347
471,M,blink_dist,2,3600,7200,7.044399552686842,67.09923040991896,279.0,8.827282761089402,8.156356125693508,3.7403966512385853,0.7825454520718164,11.778014777400474,116.0,0.0035842293906810036,1.1180155295302387,1.1180155295302387
471,M,blink_dist,3,5400,9000,6.060642847342165,59.546261985209235,127.0,7.495156581740977,5.488882355605528,3.373113912183929,0.7346491806043867,9.931767975486354,99.0,0.007874015748031496,1.2554821859162402,1.2554821859162402
471,M,blink_dist,4,7200,10800,6.038312330454592,57.23464928523813,172.0,7.34105791741594,5.507469983932889,3.309576705332927,0.719082977980467,9.610517942372281,135.0,0.005813953488372093,-2.2106188297809575,-2.2106188297809575
471,M,blink_dist,5,9000,12600,7.548832831162923,64.84889778541412,490.0,9.037006457700587,9.615561057248414,3.765814966438401,0.7685878364939038,11.997687861271677,245.0,0.0020408163265306124,-0.2065330652862693,-0.2065330652862693
471,M,blink_dist,6,10800,14400,9.774856317180234,70.30283321949035,490.0,10.502929544455837,12.162340119127185,4.04042793243431,0.7971375299450613,14.247039238306634,247.0,0.0020408163265306124,-2.1352837934618374,-2.1352837934618374
471,M,blink_dist,7,12600,16200,8.400507244559572,68.10746264115927,376.0,9.881265690088002,10.65537197135319,3.9344594718936032,0.7852135239098482,13.34304824065398,252.0,0.0026595744680851063,-1.1172075100430556,-1.1172075100430556
471,M,blink_dist,8,14400,18000,7.327492364416784,61.7504147256489,204.0,8.400711743772241,6.876782811911214,3.66585982109093,0.7449987683574685,11.435978517291572,162.0,0.004901960784313725,0.4450340771150375,0.4450340771150375
471,M,blink_dist,9,16200,19800,8.867563263009243,64.93255012582117,268.0,8.504777633596792,7.1459865688504856,3.6859750319250812,0.7674641044901135,11.679596480166671,118.0,0.0037313432835820895,0.18154019518795655,0.18154019518795655
471,M,blink_dist,10,18000,21600,9.120770239906102,68.6018511221443,268.0,9.391963172532847,9.487833979558015,3.8486527003205127,0.7895473769931962,12.798918366477878,160.0,0.0037313432835820895,-1.923131857196079,-1.923131857196079
471,M,blink_dist,11,19800,23400,8.682210388929558,64.08603456174144,451.0,9.000310053484226,9.282162495099307,3.744422938437215,0.7580089375566876,12.0933679684175,209.0,0.0022172949002217295,-0.9132742467822927,-0.9132742467822927
471,M,blink_dist,12,21600,25200,8.942637246822972,56.06096600357594,227.0,7.628305463737118,6.3682039745283685,3.3887136443899966,0.7075544830518011,10.201820804038219,135.0,0.004405286343612335,-0.7339501801594109,-0.7339501801594109
471,M,blink_dist,13,23400,27000,6.624400546219138,54.49508101851852,236.0,7.537922753652191,7.081150919633976,3.3368420871056905,0.6985568576388889,10.027360988526038,180.0,0.00423728813559322,1.6213812234406566,1.6213812234406566
471,M,blink_dist,14,25200,28800,6.592182625931416,56.2646745965016,274.0,7.804194394031055,7.196974272690222,3.4482055772137272,0.7120265663200898,10.336651599627135,173.0,0.0036496350364963502,-1.386766194183274,-1.386766194183274
472,H,blink_dist,0,0,3600,1.1416037496100546,3.0404365468028542,8.0,4.346,0.7171359703710265,1.097824282463082,0.14875472226108857,4.754695885509839,14.0,0.125,-0.38312069234316587,-0.38312069234316587
472,H,blink_dist,1,1800,5400,0.9084271505222195,1.6088760725840483,6.0,4.236111111111111,0.5135133763148932,0.856431487212133,0.09959206639471092,4.635024549918167,10.0,0.16666666666666666,-0.17705556192612704,-0.17705556192612704
472,H,blink_dist,2,3600,7200,0.7082511579363344,1.0938204781235905,6.0,4.292035398230088,0.5268274713676897,0.9701695088064799,0.07550744248985115,4.675977653631285,13.0,0.16666666666666666,-0.10579450709516161,-0.10579450709516161
472,H,blink_dist,3,5400,9000,0.8644369906449829,2.182268376510588,8.0,4.4232209737827715,0.7912821576677003,1.2397747424384826,0.11123840496692412,4.831460674157303,16.0,0.125,-0.26237623356699913,-0.26237623356699913
472,H,blink_dist,4,7200,10800,1.6176686461173733,14.08456267156427,25.0,5.031393298059965,1.694498411471905,2.006824606946743,0.3147352726267354,6.065556612749762,41.0,0.04,-0.5057735175820212,-0.5057735175820212
472,H,blink_dist,5,9000,12600,1.3601169620721443,10.438050499119202,16.0,4.862144420131291,1.4363330852828493,1.8344621230492948,0.2615736934820904,5.788201663201663,36.0,0.0625,-0.05463389020455802,-0.05463389020455802
472,H,blink_dist,6,10800,14400,0.774907271650099,1.8819697812957352,7.0,4.286384976525822,0.603318352854996,0.9627893676253982,0.1068682621153093,4.798241554835724,13.0,0.14285714285714285,0.03650248985935418,0.03650248985935418
472,H,blink_dist,7,12600,16200,0.7253105227689011,2.0833333333333335,7.0,4.280542986425339,0.6039325680857962,0.9649103133014008,0.11277748414376321,4.668185961713765,12.0,0.14285714285714285,-0.07293127836849986,-0.07293127836849986
472,H,blink_dist,8,14400,18000,0.972287956328026,4.317397732873337,11.0,4.5,0.9009127791392674,1.3651111785709362,0.17359947428946937,4.913740990467333,19.0,0.09090909090909091,-0.2944980613560937,-0.2944980613560937
472,H,blink_dist,9,16200,19800,1.1871113623516112,6.877110833030584,15.0,4.6003600360036,1.1582909971982347,1.5000244993426823,0.2262207510865324,5.210754687742136,30.0,0.06666666666666667,-0.1523813102037043,-0.1523813102037043
472,H,blink_dist,10,18000,21600,1.1226435754000765,2.8712490929527767,12.0,4.3585313174946005,0.8600615293875209,1.0814315967591037,0.15010030875176075,4.834784601283227,15.0,0.08333333333333333,-0.25952680885682233,-0.25952680885682233
472,H,blink_dist,11,19800,23400,1.1382014605563684,3.1842485650532577,8.0,4.3634615384615385,0.7209845955235482,1.132032152497254,0.16357691174200428,4.897478991596639,17.0,0.125,-0.2232365447791603,-0.2232365447791603
472,H,blink_dist,12,21600,25200,0.9418270867253064,3.9753743873276464,11.0,4.397748592870544,0.8788501979165441,1.1733467813551173,0.1705221918830453,4.874909090909091,30.0,0.09090909090909091,-0.21567061564526468,-0.21567061564526468
472,H,blink_dist,13,23400,27000,0.9922384681968235,3.5786152384938585,9.0,4.41948310139165,0.8007067772623143,1.231499776177637,0.15854247492715595,4.833619631901841,14.0,0.1111111111111111,-0.22860754147929044,-0.22860754147929044
472,H,blink_dist,14,25200,28800,0.8580477154267933,3.4420492200007446,11.0,4.509756097560976,0.9402399481110131,1.3764351282570564,0.1493354182955434,5.009054011863878,21.0,0.09090909090909091,-0.25057284919724926,-0.25057284919724926
472,L,blink_dist,0,0,3600,0.9910724254695039,4.572414015407923,15.0,4.590614886731392,1.0938379674051064,1.4940956734579423,0.17977790671437321,5.0053847879739735,17.0,0.06666666666666667,-0.525195695291519,-0.525195695291519
472,L,blink_dist,1,1800,5400,1.5447510426897826,8.29705611680402,18.0,4.635470826112074,1.127099643150602,1.5652021238850917,0.2608960903328542,5.251535019252784,24.0,0.05555555555555555,-0.6235254959115998,-0.6235254959115998
472,L,blink_dist,2,3600,7200,1.8699970976717322,9.643720477317183,21.0,4.676884838442419,1.3196573476933298,1.604663670476546,0.2926600097376805,5.405379821724383,23.0,0.047619047619047616,-0.42474899738832644,-0.42474899738832644
472,L,blink_dist,3,5400,9000,2.2494401796919763,15.566727734935311,25.0,4.875889679715303,1.4902370928184507,1.8546908490792107,0.3763651598426427,5.808438356164384,32.0,0.04,0.9443417918032811,0.9443417918032811
472,L,blink_dist,4,7200,10800,2.1269418005712333,12.585143852745256,14.0,4.834968263127524,1.2931085756328529,1.8208492138499033,0.3234039517261578,5.669607004147192,48.0,0.07142857142857142,-0.4376897044124527,-0.4376897044124527
472,L,blink_dist,5,9000,12600,1.580962259988873,5.796354671839638,14.0,4.604333868378812,1.1374045378639008,1.5119493674302809,0.21265761396702232,5.239079029247044,19.0,0.07142857142857142,0.3785836241395505,0.3785836241395505
472,L,blink_dist,6,10800,14400,1.0272516963925034,4.173469546422852,14.0,4.580204778156997,1.1645579332557554,1.4584479222572342,0.16214177978883862,5.149382716049383,18.0,0.07142857142857142,-0.11379129904478483,-0.11379129904478483
472,L,blink_dist,7,12600,16200,1.1121651640422452,5.065563646286642,10.0,4.458912768647282,0.8095625271944625,1.308214774483029,0.17893202349663206,5.068551668022783,14.0,0.1,0.15016401235145707,0.15016401235145707
472,L,blink_dist,8,14400,18000,1.7066073571545746,6.7829130866138785,12.0,4.532207629768606,0.9384068662210979,1.4214287596554536,0.23453323599333595,5.234046997389034,20.0,0.08333333333333333,-0.2673964162543622,-0.2673964162543622
472,L,blink_dist,9,16200,19800,2.5680413884470084,11.440424949618093,17.0,4.676582761250954,1.1302886000611971,1.625771480079199,0.31865312367825244,5.55615205249173,29.0,0.058823529411764705,-0.04512159104074478,-0.04512159104074478
472,L,blink_dist,10,18000,21600,1.8548225690285314,12.984731443924872,17.0,4.735552763819095,1.2200347309415156,1.6989887332790068,0.33088760861515143,5.573801407122652,31.0,0.058823529411764705,-0.851981088622403,-0.851981088622403
472,L,blink_dist,11,19800,23400,1.1944430556644838,3.46759742170157,10.0,4.394915254237288,0.7421735666187843,1.1869169436862248,0.15907084971515686,4.908190633381473,16.0,0.1,0.34556671766605074,0.34556671766605074
472,L,blink_dist,12,21600,25200,0.9666813673240645,2.6487549364662337,7.0,4.379781420765028,0.6616141515690589,1.1598383561508474,0.14601199623258812,4.790729194903768,12.0,0.14285714285714285,0.06122339025687539,0.06122339025687539
472,L,blink_dist,13,23400,27000,0.8615618167967976,3.179576550854685,10.0,4.397435897435898,0.7996753121518948,1.1839121959370857,0.15338907634691684,4.894114167406093,13.0,0.1,-0.33181074298674135,-0.33181074298674135
472,L,blink_dist,14,25200,28800,1.1929575491762547,3.009975229296378,10.0,4.3481624758220505,0.773510616472092,1.096223654098124,0.15409386088237262,4.849768225874421,14.0,0.1,-0.1090828370049744,-0.1090828370049744
472,M,blink_dist,0,0,3600,1.1140979197957477,9.927166370361874,15.0,4.928113879003559,1.5687652967944439,1.8935885305892162,0.27037334403853874,5.567759078830823,54.0,0.06666666666666667,-0.3589015185558074,-0.3589015185558074
472,M,blink_dist,1,1800,5400,1.251419417422691,5.399195864445721,12.0,4.495217853347502,0.9364665996065066,1.3533267515211258,0.20777969238624033,5.068026151930262,20.0,0.08333333333333333,-0.38189025492231304,-0.38189025492231304
472,M,blink_dist,2,3600,7200,1.3177241209994552,7.111859968968193,12.0,4.587177482408132,1.0258693411781679,1.5033108474285257,0.24291480799069046,5.198988195615514,24.0,0.08333333333333333,-0.315374438605158,-0.315374438605158
472,M,blink_dist,3,5400,9000,1.013131398160304,10.728869408926798,34.0,5.029563932002956,2.1328420263065895,1.9466016028227568,0.27837513992463775,5.59635499207607,30.0,0.029411764705882353,-0.05229943035319875,-0.05229943035319875
472,M,blink_dist,4,7200,10800,0.9119572250802692,7.545583521622616,34.0,5.338289962825279,2.8184748176242427,2.1499005579278507,0.21934387753314766,5.460213647264007,33.0,0.029411764705882353,-0.058018438655637834,-0.058018438655637834
472,M,blink_dist,5,9000,12600,1.1618098324875796,12.465800508695951,41.0,5.980870712401056,3.6026636703338237,2.613521869796459,0.26098164570014437,6.220711125675897,80.0,0.024390243902439025,-0.3942212203059032,-0.3942212203059032
472,M,blink_dist,6,10800,14400,1.3830384869174,18.405035514234566,34.0,5.750992421508481,2.827800890217892,2.5518724060809577,0.355223191083906,6.625094238018309,66.0,0.029411764705882353,-0.29273314334720973,-0.29273314334720973
472,M,blink_dist,7,12600,16200,1.2826470000515935,13.150684931506849,20.0,5.46583850931677,2.256660872342477,2.3677552579454657,0.30039850560398507,6.337887545980031,66.0,0.05,-0.05919408329958866,-0.05919408329958866
472,M,blink_dist,8,14400,18000,2.0612281049521517,6.257604054462466,11.0,4.468732706142778,0.9056128848638078,1.3159206089328066,0.22450268515146113,5.1202721809826794,20.0,0.09090909090909091,-0.24376394840238963,-0.24376394840238963
472,M,blink_dist,9,16200,19800,2.343410444963502,5.148968365948919,11.0,4.391860465116279,0.7670109784058762,1.1863573648502659,0.21160596827733813,4.9528557753669435,20.0,0.09090909090909091,0.10403622950179779,0.10403622950179779
472,M,blink_dist,10,18000,21600,1.8907941885069397,4.308414925700962,15.0,4.442508710801394,0.9394590216760211,1.2611965842151356,0.1953105860289086,5.0036792554918295,16.0,0.06666666666666667,-0.6499593694172915,-0.6499593694172915
472,M,blink_dist,11,19800,23400,1.1858814268721096,1.0209854260391693,7.0,4.331428571428572,0.6084037327637093,1.0679383691737032,0.09257563104442229,4.72858617131063,12.0,0.14285714285714285,-0.036162406790086976,-0.036162406790086976
472,M,blink_dist,12,21600,25200,1.071721051911104,1.737834413890752,7.0,4.416666666666667,0.6967638035803806,1.2249108165967535,0.11755719502198375,4.864323157570151,14.0,0.14285714285714285,-0.018106351675209128,-0.018106351675209128
472,M,blink_dist,13,23400,27000,1.3995547633564205,7.541743229208277,14.0,4.713266761768901,1.1831958337694266,1.6693503889709793,0.2461908946689645,5.272149578394232,28.0,0.07142857142857142,-0.04215395123335589,-0.04215395123335589
472,M,blink_dist,14,25200,28800,1.1076926713895123,5.889223758778318,12.0,4.59392575928009,1.1013884269090806,1.5025846882449148,0.21383044688306632,5.18479020979021,27.0,0.08333333333333333,-0.0903776700656958,-0.0903776700656958
473,H,blink_dist,0,0,3600,4.026249698306411,18.751264564811176,18.0,5.005825037068417,1.633512349234796,1.9899310845937643,0.40566644053272394,6.060903325232648,52.0,0.05555555555555555,-1.637686116707732,-1.637686116707732
473,H,blink_dist,1,1800,5400,2.0601738745411504,3.6130472875008723,10.0,4.438095238095238,0.8272019333564995,1.2690680490362496,0.16333144669204586,4.911061895325796,19.0,0.1,-0.4099060903548981,-0.4099060903548981
473,H,blink_dist,2,3600,7200,3.4362799978468144,9.30841173626864,12.0,4.609806629834254,1.0401274710236825,1.5373048603544965,0.28534175002789036,5.502666845950428,31.0,0.08333333333333333,0.05010347627043987,0.05010347627043987
473,H,blink_dist,3,5400,9000,4.870464632885823,13.67266287325976,18.0,4.745589072282299,1.2149885209492866,1.714462313987973,0.3539494613252874,5.731214486750571,30.0,0.05555555555555555,0.6037087878895733,0.6037087878895733
473,H,blink_dist,4,7200,10800,3.870431248922808,15.381250309523416,21.0,4.869349359811863,1.4303510124404297,1.8529427887890626,0.37158286148208064,5.921766582261831,41.0,0.047619047619047616,-0.11129073750173529,-0.11129073750173529
473,H,blink_dist,5,9000,12600,4.119868553440936,23.007164901288753,34.0,5.184884228920926,1.7172011571253705,2.1684442086807425,0.45138296552472823,6.531050151464154,47.0,0.029411764705882353,-0.24232579132300056,-0.24232579132300056
473,H,blink_dist,6,10800,14400,4.854906747729531,17.310925475667975,19.0,4.886690814525866,1.3807094468246097,1.8761981618275199,0.3943314656462932,6.029606338825305,30.0,0.05263157894736842,-0.30116087847570616,-0.30116087847570616
473,H,blink_dist,7,12600,16200,5.053070118621687,19.176094604974917,21.0,4.9440097799511005,1.4874244577207825,1.9345954657133584,0.4157049063212232,6.0936471896575695,42.0,0.047619047619047616,-0.23718244212068548,-0.23718244212068548
473,H,blink_dist,8,14400,18000,2.7125348475063698,10.341659894710808,19.0,4.729868031241583,1.3118673187206527,1.6826727225812508,0.2983959297600961,5.464279937456192,30.0,0.05263157894736842,-1.142272600267191,-1.142272600267191
473,H,blink_dist,9,16200,19800,1.4990517516916804,1.8263575142784076,11.0,4.361323155216285,0.7890666886151971,1.1191464925942232,0.11194697809223425,4.66622251832112,13.0,0.09090909090909091,-0.6979691355326831,-0.6979691355326831
473,H,blink_dist,10,18000,21600,1.390849375871637,1.18290189953373,9.0,4.364406779661017,0.7267906494236362,1.1284695761431474,0.07930610744883662,4.907960199004975,24.0,0.1111111111111111,-0.4535324449890384,-0.4535324449890384
473,H,blink_dist,11,19800,23400,3.231008558274423,13.330235271434717,50.0,4.990560799555802,1.9622816912061047,1.9476391139628404,0.3319383815263228,6.025351101539014,43.0,0.02,-1.0866311811065439,-1.0866311811065439
473,H,blink_dist,12,21600,25200,3.2407841493582534,15.887504990413477,46.0,4.888383378829238,1.6233925656864552,1.8590002634775618,0.37455702379133415,5.896682832201746,50.0,0.021739130434782608,-0.11940266763989772,-0.11940266763989772
473,H,blink_dist,13,23400,27000,5.557663128978223,26.04666936830518,58.0,5.204502383276862,1.844042296016213,2.180654703594526,0.48180274015123425,6.587174348697395,61.0,0.017241379310344827,-0.7599168043473682,-0.7599168043473682
473,H,blink_dist,14,25200,28800,6.799099303872492,31.62475890212072,58.0,5.5659706429605125,2.327185995889982,2.4593774097195253,0.5251376107993055,7.2023489230075235,93.0,0.017241379310344827,-1.344089042043225,-1.344089042043225
473,L,blink_dist,0,0,3600,7.769853834148153,58.50984003897778,296.0,7.682610808184419,7.6100114948844535,3.3735856659646446,0.7172024398116074,10.653967720755524,241.0,0.0033783783783783786,-2.669619863847948,-2.669619863847948
473,L,blink_dist,1,1800,5400,7.767649534197877,60.315694447586125,185.0,7.513859001946921,6.00732530571202,3.36364020440357,0.7303374714421141,10.416412482402627,218.0,0.005405405405405406,-1.0237841158330938,-1.0237841158330938
473,L,blink_dist,2,3600,7200,6.401606519360862,29.887816514127735,83.0,5.369463869463869,2.177781577116959,2.3089172585468325,0.5181387422275009,6.796455397908587,98.0,0.012048192771084338,-0.7335650858844328,-0.7335650858844328
473,L,blink_dist,3,5400,9000,5.479905649572853,24.265381016646796,37.0,5.144737655274705,1.80467336541336,2.124862002814672,0.4643978325059973,6.393663342496539,88.0,0.02702702702702703,-1.7475006455930864,-1.7475006455930864
473,L,blink_dist,4,7200,10800,6.784994978828338,47.669584296590656,124.0,6.351767621318109,3.5681745777017033,2.917841954260028,0.6492699647341881,8.466530568389384,129.0,0.008064516129032258,-1.7745414876580785,-1.7745414876580785
473,L,blink_dist,5,9000,12600,5.324566395830614,28.990172314485935,61.0,5.327581454324935,2.0233695986363434,2.280960001432686,0.5063072981664587,6.731458769568252,78.0,0.01639344262295082,-2.1705145922838964,-2.1705145922838964
473,L,blink_dist,6,10800,14400,2.1233478332610014,1.6218818644118798,8.0,4.303393213572854,0.6503250093900611,1.0138672732216938,0.10835239069599495,4.707026143790849,14.0,0.125,-0.3337016136852689,-0.3337016136852689
473,L,blink_dist,7,12600,16200,1.997846494787709,2.034779132520488,9.0,4.35042735042735,0.7175008778247579,1.1104256190196296,0.1196282230661603,4.793368572801538,15.0,0.1111111111111111,-0.8263668918482503,-0.8263668918482503
473,L,blink_dist,8,14400,18000,1.3590787048491884,3.691602515131927,8.0,4.386871508379889,0.6929781411850509,1.1789640660615175,0.1605159546336017,5.0,18.0,0.125,0.2025200350204384,0.2025200350204384
473,L,blink_dist,9,16200,19800,1.2875986883456905,2.3719141545713933,11.0,4.530805687203792,1.0632815230754338,1.3892157767112292,0.11990447835256171,4.912579415501906,18.0,0.09090909090909091,0.6568268610094115,0.6568268610094115
473,L,blink_dist,10,18000,21600,1.1221324333826213,0.8754323781867874,7.0,4.241379310344827,0.57865315761112,0.8709189033700364,0.06610582055771448,4.632418952618454,16.0,0.14285714285714285,-0.3594812614301038,-0.3594812614301038
473,L,blink_dist,11,19800,23400,1.7542234307181337,3.9417972555839853,13.0,4.399390243902439,0.8177649207418103,1.1976965363776162,0.16960472760714967,5.034869576969861,19.0,0.07692307692307693,0.2749395237459658,0.2749395237459658
473,L,blink_dist,12,21600,25200,1.5926386604501148,8.45176366754591,12.0,4.604918032786885,1.0478590553307738,1.5251839435147412,0.2557493455825569,5.331381977838177,31.0,0.08333333333333333,-0.30236617738873356,-0.30236617738873356
473,L,blink_dist,13,23400,27000,1.4477458716896168,7.034732335937155,12.0,4.551034975017845,0.9664614955983077,1.4502546035918105,0.23085749591773688,5.238858287431147,18.0,0.08333333333333333,-0.39209088578473783,-0.39209088578473783
473,L,blink_dist,14,25200,28800,1.4202240686872643,2.519316635362658,8.0,4.332688588007737,0.6652140954392933,1.0757635064505175,0.13145434300945869,4.7882015567390415,14.0,0.125,-0.009603947527535588,-0.009603947527535588
473,M,blink_dist,0,0,3600,4.554291348713703,43.28653448886613,139.0,6.431422615945805,4.660575238203984,2.8797898269068867,0.6111773597875989,8.188116718353537,131.0,0.007194244604316547,0.7343292917836427,0.7343292917836427
473,M,blink_dist,1,1800,5400,4.032079911943009,22.91663365395281,46.0,5.15211970074813,1.8754925620949892,2.126174719510888,0.4427935886668674,6.456417513863216,84.0,0.021739130434782608,0.24340770403059153,0.24340770403059153
473,M,blink_dist,2,3600,7200,2.0510212377910935,4.34176505404816,15.0,4.485116653258246,1.0682557184664945,1.311339001206851,0.1865868664527585,5.080258693808312,23.0,0.06666666666666667,-1.2242812291176106,-1.2242812291176106
473,M,blink_dist,3,5400,9000,1.9389054308999087,2.5044280594801664,9.0,4.374100719424461,0.7668808288664904,1.150521951791306,0.12942702969889194,5.014522821576763,16.0,0.1111111111111111,-0.47054124908133327,-0.47054124908133327
473,M,blink_dist,4,7200,10800,1.8446795946196552,2.7596418613511595,10.0,4.414127423822714,0.8281540901665493,1.222434321948921,0.13650139410837678,5.015590200445434,17.0,0.1,-0.48147574886014305,-0.48147574886014305
473,M,blink_dist,5,9000,12600,1.9920642007152474,3.2089677900459455,11.0,4.6,1.0617703715206321,1.5092399900933136,0.14646027278631737,5.122125630959058,20.0,0.09090909090909091,-0.5180481985715449,-0.5180481985715449
473,M,blink_dist,6,10800,14400,1.595370075605891,3.9748493161657223,14.0,4.552752293577981,1.0588061232026635,1.4447592402056486,0.17282584753399147,5.207874490873435,25.0,0.07142857142857142,-0.3623970826791191,-0.3623970826791191
473,M,blink_dist,7,12600,16200,1.6130044752080948,10.431562060565248,32.0,4.821052631578947,1.5930385713091042,1.7700735027917591,0.2835950961557505,5.6307510813999215,59.0,0.03125,-0.0464591987219023,-0.0464591987219023
473,M,blink_dist,8,14400,18000,1.9458377945116445,7.9388272765332175,19.0,4.687833252544838,1.1996454102540899,1.6317180482378746,0.25525574828228764,5.3713940231473485,23.0,0.05263157894736842,-0.5053360984945124,-0.5053360984945124
473,M,blink_dist,9,16200,19800,3.1791755630668583,12.637666304915792,17.0,4.740482472672446,1.2030590144495084,1.7086498135107133,0.33461955866393345,5.6025236593059935,28.0,0.058823529411764705,-0.40349889764536456,-0.40349889764536456
473,M,blink_dist,10,18000,21600,4.709790334336397,29.757237431152834,29.0,5.327969395190673,1.948100556820644,2.285399436090737,0.5113496079442168,6.767865158452285,124.0,0.034482758620689655,-0.7749795406376694,-0.7749795406376694
473,M,blink_dist,11,19800,23400,4.975376531968499,29.8989029898903,116.0,5.71630247974466,3.042730608264169,2.520786386360243,0.4979581550196961,7.317160042457837,113.0,0.008620689655172414,-0.9256257693721054,-0.9256257693721054
473,M,blink_dist,12,21600,25200,3.15919310482197,12.246879123879442,57.0,4.955400981996727,1.701801623926967,1.9331749621654304,0.31220390229597383,5.902404052956077,54.0,0.017543859649122806,-0.5921407113004358,-0.5921407113004358
473,M,blink_dist,13,23400,27000,2.245622587749108,7.409646695640422,11.0,4.5648553900087645,0.9744549257922924,1.4730284108009957,0.24667999174888147,5.351851851851852,26.0,0.09090909090909091,-0.2938707745573529,-0.2938707745573529
473,M,blink_dist,14,25200,28800,2.81220754091013,6.818775630758045,13.0,4.606676899462778,1.0231105082198098,1.5344153383145562,0.23390303195537834,5.357858443924018,21.0,0.07692307692307693,-0.9075996667302665,-0.9075996667302665
474,H,blink_dist,0,0,3600,3.3176311570450303,48.03322099181512,167.0,6.795980926430517,4.920027766216051,3.079307622603906,0.6604405392392875,8.518241376098363,174.0,0.005988023952095809,-2.250390220651027,-2.250390220651027
474,H,blink_dist,1,1800,5400,1.566554444371855,25.957950119297674,37.0,5.649800266311584,2.75953677919656,2.471813539086569,0.46223259987356485,6.546281588447654,66.0,0.02702702702702703,-0.9281195756330969,-0.9281195756330969
474,H,blink_dist,2,3600,7200,1.512980371667334,10.8203125,17.0,4.7982209737827715,1.375962931413451,1.7639019859150384,0.29845333614864866,5.502043596730245,34.0,0.058823529411764705,-0.3614192608626893,-0.3614192608626893
474,H,blink_dist,3,5400,9000,1.5977021610605302,13.99664080620651,16.0,4.907115317209954,1.563066714226638,1.8751513461030807,0.34216787970886986,5.645360824742268,28.0,0.0625,-0.3887186701467732,-0.3887186701467732
474,H,blink_dist,4,7200,10800,1.447490300680889,9.932685941293313,14.0,4.658902691511387,1.1348554676962532,1.5983165707744513,0.2811189582873538,5.408704883227176,22.0,0.07142857142857142,-0.1740382306486441,-0.1740382306486441
474,H,blink_dist,5,9000,12600,2.1079496799851642,28.654673860329776,74.0,5.572502210433245,2.596298258991496,2.4478024632510422,0.49059999393792436,6.697718926188383,53.0,0.013513513513513514,-1.0268979847797928,-1.0268979847797928
474,H,blink_dist,6,10800,14400,2.6217432466558934,36.38490501663275,110.0,5.91931806918426,3.528066318607148,2.644065906358324,0.5654373865256437,7.20527153449012,74.0,0.00909090909090909,-1.347660741791407,-1.347660741791407
474,H,blink_dist,7,12600,16200,3.2736569703558396,38.16059761792073,99.0,6.835853509308627,6.16046909761753,2.9926468972740654,0.5728139470204492,8.267650269375682,111.0,0.010101010101010102,-0.5965835206804847,-0.5965835206804847
474,H,blink_dist,8,14400,18000,1.6993715029699747,20.528438090404084,42.0,5.527714502657555,2.36734701322643,2.4100416290721944,0.4017708597693371,6.396408529741863,49.0,0.023809523809523808,-0.7401237651052484,-0.7401237651052484
474,H,blink_dist,9,16200,19800,11.60891374174965,80.70200543496956,604.0,12.230674590762172,17.093192024587413,4.2898723955214955,0.872653159506037,17.071478560469437,229.0,0.0016556291390728477,-7.502586052698191,-7.502586052698191
474,H,blink_dist,10,18000,21600,2.2841339441267468,40.56350438467671,167.0,6.397375096503805,5.570044444810409,2.7997880139650264,0.5981587155065106,7.668594226286534,123.0,0.005988023952095809,-1.0391720294174982,-1.0391720294174982
474,H,blink_dist,11,19800,23400,4.021553581021041,56.76076085618166,296.0,7.687251210328133,8.120249026120495,3.3077104256497534,0.7223168857166689,9.647586206896552,133.0,0.0033783783783783786,-2.8479381270405826,-2.8479381270405826
474,H,blink_dist,12,21600,25200,1.7042592985118898,27.868222503397536,42.0,5.444790331441128,2.281932422414439,2.3573987420841047,0.48465720043113547,6.4662373390021255,41.0,0.023809523809523808,-0.7398841871618225,-0.7398841871618225
474,H,blink_dist,13,23400,27000,7.02767562480323,67.12980746283245,340.0,9.149880727407913,10.422079877412198,3.7444924730142377,0.7862930628888075,12.19655196728247,207.0,0.0029411764705882353,-3.8285040160668644,-3.8285040160668644
474,H,blink_dist,14,25200,28800,4.942982906612277,70.03893942576465,550.0,9.337770884494422,13.271986109097124,3.7297241496275424,0.8097090045402401,11.9829033260802,204.0,0.0018181818181818182,-1.620834910050884,-1.620834910050884
474,L,blink_dist,0,0,3600,1.7744135404076133,26.767308505945792,19.0,5.442980047592898,2.03933442915445,2.3717354409436355,0.48840998496673776,6.49694647347623,41.0,0.05263157894736842,-1.0220058056521475,-1.0220058056521475
474,L,blink_dist,1,1800,5400,2.1560449491900875,32.79621274420465,62.0,5.850138760407031,2.8082656922973346,2.6281544926044837,0.5304047296246083,7.1046442393569516,55.0,0.016129032258064516,-1.449114191970431,-1.449114191970431
474,L,blink_dist,2,3600,7200,1.1561233775433908,10.121720388510479,19.0,4.8516556291390724,1.5676301050660706,1.807336829569605,0.27989472084444383,5.467881241565452,36.0,0.05263157894736842,-0.1779706290682396,-0.1779706290682396
474,L,blink_dist,3,5400,9000,1.3232987636273257,14.517472388194822,36.0,5.034323984930934,1.8766019174247155,1.994339633628271,0.3356328082563824,5.739601610073279,56.0,0.027777777777777776,-0.43526629647397186,-0.43526629647397186
474,L,blink_dist,4,7200,10800,1.4464999630220696,16.238211974646084,46.0,5.13801537386443,2.24934837425826,2.0685339569615837,0.351923629055412,5.944138767136063,50.0,0.021739130434782608,-0.12339988582065546,-0.12339988582065546
474,L,blink_dist,5,9000,12600,2.022157686992921,23.130089970536428,74.0,5.381731299393494,2.7831688873538165,2.2515299849614787,0.4390427893236017,6.432671720386551,66.0,0.013513513513513514,-0.8700795654307837,-0.8700795654307837
474,L,blink_dist,6,10800,14400,3.6844713936973954,49.5937849531357,123.0,6.903385432381872,5.587927192133313,3.078285445477458,0.671145725854699,8.679908048554848,107.0,0.008130081300813009,-1.7171644330775686,-1.7171644330775686
474,L,blink_dist,7,12600,16200,2.210976742878474,44.05713129795258,99.0,6.273971193415638,4.057729183007514,2.835685740744287,0.6362575676573856,7.451518741010238,56.0,0.010101010101010102,-0.9600577539446685,-0.9600577539446685
474,L,blink_dist,8,14400,18000,1.810832409151295,24.091666887189394,57.0,5.366869719001769,2.582422186534115,2.2700960574243485,0.4545855495867404,6.297043010752688,48.0,0.017543859649122806,0.6341573699353016,0.6341573699353016
474,L,blink_dist,9,16200,19800,2.5811074562682066,43.06145182251377,69.0,6.534228566062541,4.752843114585663,2.933227350273983,0.618116838913299,7.871502876507211,82.0,0.014492753623188406,-1.5825370399348142,-1.5825370399348142
474,L,blink_dist,10,18000,21600,2.6845178756746075,31.002475247524753,64.0,5.496782361008545,2.3118433947947503,2.4052544780102827,0.5185286557501904,6.711282248748556,63.0,0.015625,-1.5630478293099352,-1.5630478293099352
474,L,blink_dist,11,19800,23400,1.5525140120798833,8.500437265291424,11.0,4.587451415880067,1.0675352636537294,1.4949806888971908,0.2627604300632749,5.212040816326531,27.0,0.09090909090909091,-0.4050076736862565,-0.4050076736862565
474,L,blink_dist,12,21600,25200,5.884889859277811,38.94409415264519,120.0,6.086840319022569,4.142482072847184,2.7114826687295093,0.5933804349891293,7.613003203788828,112.0,0.008333333333333333,-2.1983110474255043,-2.1983110474255043
474,L,blink_dist,13,23400,27000,7.9862585857882396,62.5218259166885,186.0,7.3320823755687945,6.836853205373319,3.2283541437532195,0.7702833519007798,9.8912446065338,163.0,0.005376344086021506,-2.315471760549332,-2.315471760549332
474,L,blink_dist,14,25200,28800,3.117535030399373,52.21828839029989,181.0,7.35908729872193,8.06363804772787,3.1082705994544737,0.6910433307885825,8.91015392746251,155.0,0.0055248618784530384,-1.7222071118967577,-1.7222071118967577
474,M,blink_dist,0,0,3600,1.5149929933610637,21.411551356936506,19.0,5.137364027321022,1.9176316748442397,2.0937094720476983,0.4394175821858592,5.89365763982182,38.0,0.05263157894736842,-0.4320690044925092,-0.4320690044925092
474,M,blink_dist,1,1800,5400,1.8214705523895809,26.270465566984996,26.0,5.338025659301497,2.0423075657724583,2.283671494394187,0.48052756658160356,6.4006541291905155,45.0,0.038461538461538464,0.3087786450331204,0.3087786450331204
474,M,blink_dist,2,3600,7200,1.6274122908251125,18.28550115817989,18.0,4.994638069705094,1.501196373780783,1.9890516753029261,0.39907149307055084,5.978385531539479,36.0,0.05555555555555555,-0.7610401798401951,-0.7610401798401951
474,M,blink_dist,3,5400,9000,1.489371999736123,12.023551618369405,33.0,5.01386404293381,2.1152578656993613,1.915301651932817,0.3153246391111302,5.797397219757468,45.0,0.030303030303030304,-0.24529161503258934,-0.24529161503258934
474,M,blink_dist,4,7200,10800,3.775742190189236,43.1914713596751,149.0,6.522039095438865,5.627347807299747,2.8985627676305388,0.6258651324139098,8.097980185012863,129.0,0.006711409395973154,-2.6757740851222542,-2.6757740851222542
474,M,blink_dist,5,9000,12600,3.540616862159853,31.888928990345573,59.0,5.65796846233891,3.0823108697422814,2.4715526728179973,0.5367048633041596,6.859597532145534,67.0,0.01694915254237288,-1.2155383765110805,-1.2155383765110805
474,M,blink_dist,6,10800,14400,5.279010863524921,55.320854967745056,188.0,7.006092887798896,6.10675526045635,3.1268599806089736,0.716474226305024,8.940832200573931,132.0,0.005319148936170213,-2.0264186045173167,-2.0264186045173167
474,M,blink_dist,7,12600,16200,6.141403286100084,61.482462117862475,272.0,7.918964188804395,8.048908681902468,3.4365581709299944,0.7508205845787319,10.181532818396642,208.0,0.003676470588235294,-4.082388637452844,-4.082388637452844
474,M,blink_dist,8,14400,18000,1.45105232161503,8.294530123399712,13.0,4.656983930778739,1.1582525096594531,1.5927538551228282,0.2663496361855069,5.324823943661972,20.0,0.07692307692307693,0.027672398762845538,0.027672398762845538
474,M,blink_dist,9,16200,19800,5.90239647337565,61.81035345949735,349.0,7.654189008042896,7.120714638028723,3.3688810307307633,0.7584900911725784,9.946466277481058,141.0,0.0028653295128939827,-3.9749803387841895,-3.9749803387841895
474,M,blink_dist,10,18000,21600,2.8885593797674973,30.66612105862706,54.0,5.51362099821038,2.8471821166709437,2.3675032594846326,0.5432210044349086,6.4800949899403015,69.0,0.018518518518518517,-0.371731829916508,-0.371731829916508
474,M,blink_dist,11,19800,23400,0.9049929150924424,7.848986003494714,18.0,4.5940082644628095,1.1532586099480358,1.4914992223060217,0.26246536173817886,5.0026913372582005,15.0,0.05555555555555555,-0.1894999586010438,-0.1894999586010438
474,M,blink_dist,12,21600,25200,1.2049374402103605,20.619076025717504,88.0,5.3615994484660465,2.841418327261705,2.2351189342278563,0.41462185987936634,5.9276035250639625,30.0,0.011363636363636364,0.06458244160044027,0.06458244160044027
474,M,blink_dist,13,23400,27000,3.3083347616025645,45.616991280332954,131.0,6.263241630759032,4.161917308574474,2.8280735352318946,0.6462209947952375,7.79590529166788,97.0,0.007633587786259542,-0.23441039387921572,-0.23441039387921572
474,M,blink_dist,14,25200,28800,3.97218045677248,38.5301474195546,131.0,5.877561035455773,3.5001587133582484,2.6277275841790035,0.5965083360811974,7.332781334190168,91.0,0.007633587786259542,-1.2452029873944994,-1.2452029873944994
475,H,blink_dist,0,0,3600,6.195153063873105,35.50343305478707,34.0,5.506638406782372,2.1985576734705914,2.420025889241674,0.5726472036653629,7.018692327139426,78.0,0.029411764705882353,-2.3438441590124808,-2.3438441590124808
475,H,blink_dist,1,1800,5400,6.5015028373972585,37.51357407143524,58.0,5.522242314647378,2.3240765221665174,2.4249731393929985,0.5906993656424897,7.097564575645756,63.0,0.017241379310344827,3.5449789835368035,3.5449789835368035
475,H,blink_dist,2,3600,7200,9.741919603430466,47.63171184406419,129.0,6.142990061323747,3.489618780095436,2.7923709219328767,0.6661277734418553,8.183751989202909,142.0,0.007751937984496124,-1.8197515033206788,-1.8197515033206788
475,H,blink_dist,3,5400,9000,10.618017021348646,51.490658001624695,167.0,6.419336084021006,3.9719077874739472,2.930979969429721,0.6890017149562235,8.73317507078912,163.0,0.005988023952095809,3.6107353680215444,3.6107353680215444
475,H,blink_dist,4,7200,10800,7.27160217944567,52.155356099446884,82.0,6.323904647756026,3.5580904812345313,2.8926158052989392,0.6982303761988234,8.418709361302028,129.0,0.012195121951219513,-1.497401200602611,-1.497401200602611
475,H,blink_dist,5,9000,12600,6.238248725219795,33.58306981269764,65.0,5.413000412711515,2.0561465273392474,2.3523193030620697,0.560058379956215,6.953569328098425,59.0,0.015384615384615385,-0.7409000710681695,-0.7409000710681695
475,H,blink_dist,6,10800,14400,6.388859915300573,29.247651097321327,46.0,5.424921164904471,2.239792147319798,2.343778231409594,0.5167948416647082,6.799937495887887,93.0,0.021739130434782608,1.5753101461295371,1.5753101461295371
475,H,blink_dist,7,12600,16200,8.741726487586996,39.18651500616692,77.0,5.903705335021748,3.055079723960281,2.647949089856023,0.5941976154584075,7.567298070881717,124.0,0.012987012987012988,-3.0545984837141402,-3.0545984837141402
475,H,blink_dist,8,14400,18000,6.859446008308294,21.433278610266978,53.0,5.023852409802958,1.6469480849382363,2.011843689873424,0.4419050613014775,6.249407231772377,84.0,0.018867924528301886,1.477730270592074,1.477730270592074
475,H,blink_dist,9,16200,19800,3.73125686148259,16.050429161583082,33.0,4.88699165797706,1.4762201686651968,1.8697148574510492,0.377756373210043,5.89931809065383,42.0,0.030303030303030304,-1.2885312764369585,-1.2885312764369585
475,H,blink_dist,10,18000,21600,2.566044739941324,13.873274944443407,16.0,4.798062432723358,1.3467324856560263,1.7676020752676012,0.35227548600347347,5.742465753424658,39.0,0.0625,0.263637100502687,0.263637100502687
475,H,blink_dist,11,19800,23400,3.637222703458882,10.864352591915962,18.0,4.651936818352764,1.1226693337818605,1.5914247111878106,0.3164315702566445,5.438858695652174,35.0,0.05555555555555555,-1.1359700282095944,-1.1359700282095944
475,H,blink_dist,12,21600,25200,4.639412467808036,14.463418832845585,19.0,4.783534502391255,1.3217992148274265,1.7554299398563031,0.3660733344809778,5.650979245834551,53.0,0.05263157894736842,-0.3634801865717134,-0.3634801865717134
475,H,blink_dist,13,23400,27000,5.54496444448207,33.95210029325175,53.0,5.476349781618809,2.298859145413771,2.388402714259124,0.5582456170673672,7.023430704552044,83.0,0.018867924528301886,0.05327405108457554,0.05327405108457554
475,H,blink_dist,14,25200,28800,10.158101017955302,46.16233742749003,114.0,6.000858527012939,2.899261043766777,2.7386128381045935,0.6522100112116261,8.014898550724638,101.0,0.008771929824561403,-0.8542967962067991,-0.8542967962067991
475,L,blink_dist,0,0,3600,4.93333510103281,45.510294608079626,117.0,6.360711376595167,3.735712939156575,2.9028634472729067,0.639874891128732,8.125734961555857,99.0,0.008547008547008548,-1.350556070421462,-1.350556070421462
475,L,blink_dist,1,1800,5400,5.046185674574087,21.24900289950493,20.0,4.900284692313307,1.3724524512903544,1.8931687805449045,0.4564504488534927,6.02024840830811,63.0,0.05,-0.554570092017594,-0.554570092017594
475,L,blink_dist,2,3600,7200,6.043567509321553,17.680391799279516,37.0,4.781287970838396,1.25513002608178,1.7576020634400544,0.41316270083545437,5.806191616988876,50.0,0.02702702702702703,-1.0957693384518519,-1.0957693384518519
475,L,blink_dist,3,5400,9000,7.439001190162242,46.741805126707575,118.0,5.968060315284442,2.839290522677111,2.719466469964736,0.6569007425094155,7.897732113123282,98.0,0.00847457627118644,0.7329670941134167,0.7329670941134167
475,L,blink_dist,4,7200,10800,5.95608235839649,31.42780519201888,80.0,5.305265064059034,2.067761918889161,2.255716024783114,0.5468287384681398,6.6781789896012445,67.0,0.0125,-1.0741206466086544,-1.0741206466086544
475,L,blink_dist,5,9000,12600,4.836218117716326,15.918631573037048,17.0,4.82259355613368,1.335633253260256,1.8031898249190752,0.38797308857189094,5.840497203231821,43.0,0.058823529411764705,-1.0711838419954054,-1.0711838419954054
475,L,blink_dist,6,10800,14400,6.324663672545811,17.863898675354523,20.0,4.854035135877025,1.3707097551679608,1.840122113374559,0.4117437587604652,6.016829052258636,52.0,0.05,-0.6094926513728565,-0.6094926513728565
475,L,blink_dist,7,12600,16200,4.532695598476222,15.201801465276334,23.0,4.712990276412105,1.173891356689162,1.6745768864348667,0.37645937364546517,5.716215854669985,58.0,0.043478260869565216,-0.3430792421009818,-0.3430792421009818
475,L,blink_dist,8,14400,18000,5.466967367256019,21.769186493269718,35.0,5.097981525829627,1.6364746547341757,2.0891992549154,0.43562915803528907,6.2589677392271685,66.0,0.02857142857142857,-1.9898685498979338,-1.9898685498979338
475,L,blink_dist,9,16200,19800,8.418461107922685,49.0965529934331,115.0,6.458268856386962,3.901704716364208,2.9478415081372322,0.6645766805746086,8.654826474258392,206.0,0.008695652173913044,-1.3087462378624974,-1.3087462378624974
475,L,blink_dist,10,18000,21600,8.191450159420404,39.73012236142934,138.0,5.827308088319414,3.1266285596848666,2.609675891135499,0.6009496416906353,7.678347638682994,139.0,0.007246376811594203,0.5716636675547785,0.5716636675547785
475,L,blink_dist,11,19800,23400,6.8820959889567765,23.15128361645387,43.0,4.985156679494228,1.5496286554056207,1.9782146561255975,0.46723244354803145,6.149359277870267,73.0,0.023255813953488372,-2.1017266339474276,-2.1017266339474276
475,L,blink_dist,12,21600,25200,4.933926108990493,13.585830462821475,18.0,4.647801528408461,1.0653686664390967,1.5892550066488467,0.3631591385874492,5.521670645566194,32.0,0.05555555555555555,0.6956942736269336,0.6956942736269336
475,L,blink_dist,13,23400,27000,4.281565136025273,15.421549205922842,22.0,4.8358680393074405,1.3690168612872984,1.8158191150678302,0.37455931235939965,5.827693289993035,41.0,0.045454545454545456,-0.8692363854925931,-0.8692363854925931
475,L,blink_dist,14,25200,28800,5.126243293058004,40.6408914148968,85.0,6.104465037910699,3.498537652244476,2.752519401900641,0.5999601156645727,7.818728173475189,133.0,0.011764705882352941,0.8200781604069598,0.8200781604069598
475,M,blink_dist,0,0,3600,6.763990236548539,32.875910064492665,69.0,5.389075988077265,2.1371906773068754,2.3276679719342814,0.5485607815632683,6.86110495768907,62.0,0.014492753623188406,-1.1480376558190502,-1.1480376558190502
475,M,blink_dist,1,1800,5400,4.780391825497393,28.39385717531643,47.0,5.296764944212429,2.0180279253855895,2.251728601878867,0.5087177053956883,6.701454761537954,60.0,0.02127659574468085,-1.3770558132100479,-1.3770558132100479
475,M,blink_dist,2,3600,7200,4.33734350868007,20.928117139711055,34.0,5.024580017683466,1.6786264108873103,2.008824972533596,0.43741414677081375,6.147615227349188,44.0,0.029411764705882353,-0.7083977371341641,-0.7083977371341641
475,M,blink_dist,3,5400,9000,3.5868752147395466,5.67252712018383,16.0,4.427528675703858,0.8539791603346101,1.2498379526985717,0.22444735388945297,5.127002695691979,17.0,0.0625,-1.5292696005897704,-1.5292696005897704
475,M,blink_dist,4,7200,10800,2.1540642738724487,1.192391828259983,8.0,4.310991957104558,0.6945303985184145,1.0122186590630635,0.08719365244151125,4.638461538461539,12.0,0.125,0.04216632310325182,0.04216632310325182
475,M,blink_dist,5,9000,12600,4.052110289752034,3.9923999337753564,10.0,4.358003442340792,0.7322604100165616,1.126568134564463,0.18623512901979644,4.925149856658848,19.0,0.1,-0.8060684217045846,-0.8060684217045846
475,M,blink_dist,6,10800,14400,4.691277409391692,8.89930779000126,18.0,4.5282397782397785,0.9438861989899323,1.4184287732413023,0.2904575123341403,5.308431860609832,22.0,0.05555555555555555,0.07168206022157064,0.07168206022157064
475,M,blink_dist,7,12600,16200,6.757153712065076,19.362647181885016,18.0,4.818235294117647,1.3030811238085072,1.800400464640359,0.42794499693875865,5.893513469520632,40.0,0.05555555555555555,-0.4908277757848486,-0.4908277757848486
475,M,blink_dist,8,14400,18000,10.610222105582453,30.7946381794861,54.0,5.304135874497601,2.0699663143811575,2.255895958049766,0.5302739020733095,6.733809992639819,92.0,0.018518518518518517,3.3155569623850303,3.3155569623850303
475,M,blink_dist,9,16200,19800,5.619750910910981,18.423416253581337,32.0,4.971468016566958,1.573416464163273,1.9591934446974388,0.4055834735549593,6.081530888401134,52.0,0.03125,-0.7184325200014545,-0.7184325200014545
475,M,blink_dist,10,18000,21600,3.052588047806474,8.242502891050563,11.0,4.480091012514221,0.8585391147244962,1.3440070592777889,0.2737628658290905,5.161856839820433,20.0,0.09090909090909091,-0.5787820937841381,-0.5787820937841381
475,M,blink_dist,11,19800,23400,4.838725908239465,20.217015264353247,19.0,4.879142766093053,1.3936616619281683,1.867975323931973,0.434794736703111,5.912045245415984,32.0,0.05263157894736842,0.40738696210204456,0.40738696210204456
475,M,blink_dist,12,21600,25200,4.487140066170529,14.126592552248528,19.0,4.887794063308289,1.5453397472113495,1.8606947046231062,0.3486741635429682,5.799544081946829,50.0,0.05263157894736842,-1.585764876635265,-1.585764876635265
475,M,blink_dist,13,23400,27000,3.6733540548177452,5.378092794712353,13.0,4.448920863309352,0.8348839497586977,1.290110881817856,0.2159238161499326,5.111534304390345,21.0,0.07692307692307693,0.6607588659175847,0.6607588659175847
475,M,blink_dist,14,25200,28800,5.842544937769258,9.945813238848244,16.0,4.628371501272265,1.0995877758254633,1.5602067354613631,0.30873194230285533,5.471329247317038,37.0,0.0625,-1.2509101630272532,-1.2509101630272532
476,H,blink_dist,0,0,3600,1.9698135497679017,25.23353876094713,28.0,5.427873713587999,2.1947492078187114,2.348313644438877,0.4520069737268894,6.541661776786762,61.0,0.03571428571428571,-0.43937299334109975,-0.43937299334109975
476,H,blink_dist,1,1800,5400,1.6233391278735165,14.312843774906769,24.0,4.879570613887957,1.5045236329444596,1.8505775877658355,0.33949463243759165,5.67802188759977,35.0,0.041666666666666664,-0.6621552677641978,-0.6621552677641978
476,H,blink_dist,2,3600,7200,1.8995155491797688,13.953195031912479,21.0,4.970940683043739,1.6592769190297827,1.9411713002426911,0.3411818128305822,5.714909500669061,32.0,0.047619047619047616,-0.5740455336279613,-0.5740455336279613
476,H,blink_dist,3,5400,9000,1.8952666811596726,13.200677606128796,56.0,5.082089552238806,2.1266083613150464,2.012702593815695,0.3209526939900382,5.855616206657953,86.0,0.017857142857142856,-0.661246656671949,-0.661246656671949
476,H,blink_dist,4,7200,10800,1.6822162990091352,7.154726297298581,26.0,4.79020979020979,1.45951276623154,1.7349636425607846,0.22857142857142856,5.48399589930516,54.0,0.038461538461538464,-0.2173764919311646,-0.2173764919311646
476,H,blink_dist,5,9000,12600,1.6927106835550119,10.615068131204469,15.0,4.829969944182053,1.3820706952133972,1.8024512679979372,0.27872456875401047,5.661140392908481,37.0,0.06666666666666667,-0.10959544405298209,-0.10959544405298209
476,H,blink_dist,6,10800,14400,1.8774086569248323,9.92470327987408,14.0,4.679101484155636,1.1632287643334729,1.6249968756687903,0.27932105330327134,5.39213270920588,32.0,0.07142857142857142,-0.2683672829723664,-0.2683672829723664
476,H,blink_dist,7,12600,16200,1.2802669950328178,6.591308904442864,16.0,4.554310344827586,1.0164926379450303,1.4493057311078752,0.22348442315130193,5.203340595497458,26.0,0.0625,-0.40596054907777446,-0.40596054907777446
476,H,blink_dist,8,14400,18000,0.9444786359408551,4.092746368110403,16.0,4.583333333333333,1.1301090498914148,1.475555532207095,0.1607840484364694,5.074459567654123,20.0,0.0625,-0.18728210978994939,-0.18728210978994939
476,H,blink_dist,9,16200,19800,0.8861764995748737,2.3270066151156295,9.0,4.436426116838488,0.7405159415310049,1.2592648302606388,0.11565637448403901,4.790220231429638,16.0,0.1111111111111111,-0.17636360372656704,-0.17636360372656704
476,H,blink_dist,10,18000,21600,1.0783818713260669,3.7474819291385235,12.0,4.477876106194691,0.9188040045676824,1.3278345572126233,0.16234891574831142,5.033524684270953,17.0,0.08333333333333333,-0.2441746289632073,-0.2441746289632073
476,H,blink_dist,11,19800,23400,1.0741010569298797,3.801082624472072,12.0,4.445217391304348,0.8747912524423745,1.2727125303977977,0.16150883350187378,4.995630174793008,14.0,0.08333333333333333,-0.08990140309600801,-0.08990140309600801
476,H,blink_dist,12,21600,25200,0.9271157805354244,3.4630095448123774,9.0,4.446902654867257,0.827788481005253,1.2834661340814204,0.1443092932703904,4.967971530249111,30.0,0.1111111111111111,-0.14302656500441194,-0.14302656500441194
476,H,blink_dist,13,23400,27000,0.9702114418821144,5.739216331906487,12.0,4.788461538461538,1.2499577338585401,1.7605406512753243,0.18628580836351663,5.313453862409016,24.0,0.08333333333333333,-0.2962271383399554,-0.2962271383399554
476,H,blink_dist,14,25200,28800,1.0691972881999192,6.413493284730418,13.0,4.77,1.3069855053179273,1.7335291352627027,0.2063059294560557,5.334943017191423,30.0,0.07692307692307693,-0.26893190622883045,-0.26893190622883045
476,L,blink_dist,0,0,3600,2.026230849944517,26.291268564941824,182.0,6.278426204819277,6.269866132410701,2.6898560928411746,0.45147100558130737,7.269611576542269,117.0,0.005494505494505495,-1.0189212133449068,-1.0189212133449068
476,L,blink_dist,1,1800,5400,1.8460053692274296,7.191374849656915,29.0,4.7248436611711195,1.5996063209550173,1.6229663074965408,0.23313345274251746,5.548393739703459,36.0,0.034482758620689655,0.3181095237594281,0.3181095237594281
476,L,blink_dist,2,3600,7200,1.6668820384854799,5.858847204254707,29.0,4.692248656945511,1.6369654720209141,1.560828425663688,0.2045661444109051,5.3322093168477585,36.0,0.034482758620689655,-0.7226699254486512,-0.7226699254486512
476,L,blink_dist,3,5400,9000,1.3235703078240988,7.04665588568946,14.0,4.708870967741936,1.231279959306342,1.6569386163385003,0.22222490405734835,5.365384615384615,21.0,0.07142857142857142,-0.14882431076300362,-0.14882431076300362
476,L,blink_dist,4,7200,10800,1.3019905307746629,6.769638453705634,13.0,4.688190314358539,1.2139677901641825,1.628421385491741,0.2217982848940634,5.398327859062407,25.0,0.07692307692307693,0.06917157694005333,0.06917157694005333
476,L,blink_dist,5,9000,12600,1.3317805264794726,13.363557858376511,26.0,4.904049295774648,1.4515476724714087,1.8877209477351777,0.32082373824601806,5.679193205944799,30.0,0.038461538461538464,-0.51393390519881,-0.51393390519881
476,L,blink_dist,6,10800,14400,0.9555161088802779,6.770310932798395,12.0,4.759106933019977,1.2815315277902752,1.7134515672392157,0.20957037780006688,5.2530902996019275,21.0,0.08333333333333333,-0.12124871187289024,-0.12124871187289024
476,L,blink_dist,7,12600,16200,1.0861448407161676,7.531103855995765,18.0,4.835694050991502,1.5424159595664322,1.779353800747908,0.22483749522044766,5.415692525681899,28.0,0.05555555555555555,-0.3123643202754512,-0.3123643202754512
476,L,blink_dist,8,14400,18000,1.0975337237925906,8.513920624063104,40.0,4.814814814814815,1.8215295280817285,1.7293457862816366,0.2474858465165694,5.408715012722646,28.0,0.025,-0.2507084163092476,-0.2507084163092476
476,L,blink_dist,9,16200,19800,1.3315728750348814,6.9359308086321265,17.0,4.8023255813953485,1.3764009741006018,1.7674940991433143,0.21726665307150655,5.488484848484848,32.0,0.058823529411764705,-0.42893821467504767,-0.42893821467504767
476,L,blink_dist,10,18000,21600,1.1853862580427,2.242255191278921,8.0,4.413793103448276,0.6937543956169623,1.2191488046224788,0.11550848256996941,4.896886603827478,17.0,0.125,0.030310302327871623,0.030310302327871623
476,L,blink_dist,11,19800,23400,1.1222761920750306,2.57756902931967,11.0,4.5049751243781095,0.9230196627855115,1.3642363913474203,0.12389695417022488,4.919468776490534,21.0,0.09090909090909091,-0.17694861819140947,-0.17694861819140947
476,L,blink_dist,12,21600,25200,1.069021583131419,1.479245734094373,10.0,4.479638009049774,1.0048713274841041,1.2919882223547006,0.09228102680572572,4.785741960480434,21.0,0.1,-0.2407638381741291,-0.2407638381741291
476,L,blink_dist,13,23400,27000,0.9684224448210212,2.470805568384245,10.0,4.6234567901234565,1.1167381519339057,1.5341233191231833,0.11539222801345912,4.940677966101695,23.0,0.1,-0.19580704908654192,-0.19580704908654192
476,L,blink_dist,14,25200,28800,1.8354630651174164,17.281501013845737,33.0,5.416803055100927,2.2697953199074448,2.3238336123470273,0.3520524937124159,6.200797057020233,77.0,0.030303030303030304,-0.7010148626646724,-0.7010148626646724
476,M,blink_dist,0,0,3600,2.2579698621082596,20.790181097906057,27.0,5.166842475386779,1.872550743992888,2.1371900765165193,0.4142084040747029,6.179683377308707,56.0,0.037037037037037035,-0.5287669541272372,-0.5287669541272372
476,M,blink_dist,1,1800,5400,1.5091148601603293,20.138021549990473,33.0,5.320469798657718,2.2906007248876588,2.2327150024141225,0.39515548593323313,6.173887878286754,51.0,0.030303030303030304,-0.493570104091879,-0.493570104091879
476,M,blink_dist,2,3600,7200,1.5344802827765427,18.39568629900277,59.0,5.488198757763975,2.8724733187111298,2.3344630119695347,0.3731340953094747,6.265600419507079,50.0,0.01694915254237288,-0.6703000169733682,-0.6703000169733682
476,M,blink_dist,3,5400,9000,1.4133396246396648,15.933184150448678,59.0,5.3604562737642585,2.875111996659538,2.2202845551070314,0.3513709002961054,5.994408560686398,50.0,0.01694915254237288,-0.3826171285564744,-0.3826171285564744
476,M,blink_dist,4,7200,10800,1.2064229466985896,9.565988772375807,17.0,4.67940414507772,1.1410569853958283,1.6261002855341653,0.2733224764325813,5.357773163768492,26.0,0.058823529411764705,-0.6443850539916318,-0.6443850539916318
476,M,blink_dist,5,9000,12600,0.7976371182388091,1.7462351810317207,9.0,4.404040404040404,0.8458955199613861,1.180825433637853,0.10485421339314323,4.609154929577465,15.0,0.1111111111111111,-0.14589766598873122,-0.14589766598873122
476,M,blink_dist,6,10800,14400,0.8334170594606717,2.301824593682919,9.0,4.415441176470588,0.7718749781110371,1.2329940867933968,0.12461668199938669,4.81986656782802,17.0,0.1111111111111111,0.05818201758668658,0.05818201758668658
476,M,blink_dist,7,12600,16200,0.9552605378715503,4.579961206608254,11.0,4.527272727272727,0.9644936152636289,1.4060636330630552,0.176426325998261,4.964008468595624,17.0,0.09090909090909091,-0.11673384633381502,-0.11673384633381502
476,M,blink_dist,8,14400,18000,12.883015086196913,61.42026433902844,262.0,7.4277510383398555,5.456077172134746,3.352575923395518,0.7499838817665584,10.118973535414366,164.0,0.003816793893129771,-6.258334215733317,-6.258334215733317
476,M,blink_dist,9,16200,19800,6.746771139835518,71.47125462556318,511.0,10.113605145901035,13.136360383216248,3.893675285581012,0.8116013741148395,13.12599314609538,373.0,0.0019569471624266144,-4.596688364403245,-4.596688364403245
476,M,blink_dist,10,18000,21600,2.2745500312994618,37.12201014059186,82.0,6.062736552356922,3.1699334997266577,2.7517187647966193,0.5581890195087009,7.579745386926048,85.0,0.012195121951219513,-1.1230225859843743,-1.1230225859843743
476,M,blink_dist,11,19800,23400,1.9896682225084263,40.90139126385845,137.0,6.272066970331158,3.94066436674141,2.846280530006427,0.5812841694564197,7.741526782850422,85.0,0.0072992700729927005,-0.6576343032834602,-0.6576343032834602
476,M,blink_dist,12,21600,25200,1.3393198712369365,28.2690105905925,42.0,5.692363112391931,2.5935390955410393,2.5277311296003755,0.4737799351206946,6.742277664630007,49.0,0.023809523809523808,-0.48044357245465696,-0.48044357245465696
476,M,blink_dist,13,23400,27000,1.2903620498775574,31.064704207568425,55.0,5.904705882352941,3.0687957355346436,2.6446301426500893,0.4978027555302477,6.9250904081281215,45.0,0.01818181818181818,-0.2848407588444204,-0.2848407588444204
476,M,blink_dist,14,25200,28800,1.2534480123044662,27.58436130084616,100.0,6.082045518404046,3.8660503410910487,2.711388288874187,0.4591128045672342,6.85389517739941,71.0,0.01,-0.33083593257745536,-0.33083593257745536
477,H,blink_dist,0,0,3600,2.5310634581217353,35.67213818259843,91.0,6.10091743119266,3.798409673777732,2.7474912149509954,0.5496664710299956,7.55440392037816,80.0,0.01098901098901099,-0.8833122339593877,-0.8833122339593877
477,H,blink_dist,1,1800,5400,4.8177850587118485,48.67497521691416,91.0,6.6711500886081705,4.027324725491738,3.0599819524964462,0.6496682879280677,8.873788606104519,140.0,0.01098901098901099,-1.3480165101834378,-1.3480165101834378
477,H,blink_dist,2,3600,7200,6.84601255716205,47.3534393855257,99.0,6.5176787950801245,4.188680049179348,2.971606592261285,0.6490723155247157,8.758256461921103,140.0,0.010101010101010102,-1.4351267700444181,-1.4351267700444181
477,H,blink_dist,3,5400,9000,4.792723126668499,36.579813896443234,102.0,5.981959886636146,3.652177921610367,2.673118659045144,0.5685123713539167,7.793535122786979,120.0,0.00980392156862745,0.3861524351678099,0.3861524351678099
477,H,blink_dist,4,7200,10800,3.584654941601226,35.794970969222476,102.0,5.8936170212765955,3.10018275892339,2.6484182019382456,0.5553634528578495,7.516842073520099,116.0,0.00980392156862745,-0.8456248502476171,-0.8456248502476171
477,H,blink_dist,5,9000,12600,3.582977756856451,41.25057954991262,102.0,6.444939750644285,4.1306729561106135,2.9282896096501156,0.5963100502871002,8.304948466410034,129.0,0.00980392156862745,-1.4322686755683764,-1.4322686755683764
477,H,blink_dist,6,10800,14400,2.639377646258097,41.685326619784796,102.0,6.5221096487075085,4.003822236368136,2.9729424230800703,0.5913379488979532,8.342141210620678,107.0,0.00980392156862745,1.7303847562921864,1.7303847562921864
477,H,blink_dist,7,12600,16200,3.2588977446018212,42.69665674948413,108.0,6.378954305799649,3.8627400825304377,2.9121885085667136,0.6004151492723859,8.174195916188443,91.0,0.009259259259259259,-0.9182882130316224,-0.9182882130316224
477,H,blink_dist,8,14400,18000,3.859409749171431,40.540025991441034,113.0,6.248931419457735,4.335651468783955,2.812522484438229,0.5897511774784991,8.033063675057079,98.0,0.008849557522123894,-1.0164300255753003,-1.0164300255753003
477,H,blink_dist,9,16200,19800,3.7438756800385145,40.152313501290614,113.0,6.415201090661213,4.26475553246075,2.916800677426675,0.5871770804445677,8.113993455767474,91.0,0.008849557522123894,0.5861731863505102,0.5861731863505102
477,H,blink_dist,10,18000,21600,3.7993665353084927,37.63994635477321,127.0,6.226874391431354,3.645223893770672,2.8288619891522453,0.5682042722789552,7.882910469524643,69.0,0.007874015748031496,-0.5542286165404549,-0.5542286165404549
477,H,blink_dist,11,19800,23400,3.7922265202521657,34.69159098950348,126.0,6.045361127422196,3.746244614259643,2.7180351192557257,0.5446586524691254,7.691440637639781,99.0,0.007936507936507936,-0.8260270804612454,-0.8260270804612454
477,H,blink_dist,12,21600,25200,3.780118843713696,32.71865254760114,110.0,5.744065281899109,3.0276302445667214,2.557420628564113,0.5324249748578093,7.261230370263651,93.0,0.00909090909090909,-0.33306826785678584,-0.33306826785678584
477,H,blink_dist,13,23400,27000,2.953905692061533,26.05378280312985,83.0,5.551446019126628,3.0238667207696523,2.4044085229231316,0.4741738721347112,6.639547209812978,94.0,0.012048192771084338,0.1847102292085077,0.1847102292085077
477,H,blink_dist,14,25200,28800,3.926752709971151,31.996794584963837,76.0,5.722319220136767,2.8887300954450326,2.539143260901618,0.5274900949421154,7.113665039223216,93.0,0.013157894736842105,-1.1237763487222658,-1.1237763487222658
477,L,blink_dist,0,0,3600,3.8946306288117016,45.31812011172039,135.0,6.275329395729214,3.4387217220083537,2.876874760498082,0.6335620511600628,8.04756323096559,84.0,0.007407407407407408,-1.6036325147066928,-1.6036325147066928
477,L,blink_dist,1,1800,5400,2.9782967502069724,27.682670442356372,48.0,5.451050797338684,2.206628950652606,2.371932214728731,0.4895980821212511,6.662664671751268,70.0,0.020833333333333332,-0.9588449554889473,-0.9588449554889473
477,L,blink_dist,2,3600,7200,2.1164474160253564,16.69056603773585,29.0,5.158619080942384,1.9635195822160838,2.118908495756649,0.3723698113207547,6.1279264733279515,36.0,0.034482758620689655,-0.18798591098440673,-0.18798591098440673
477,L,blink_dist,3,5400,9000,3.3393866391629667,23.349532674517608,61.0,5.4016819741064515,2.3192640585702557,2.3216961261587734,0.4526623681013288,6.594049402501481,60.0,0.01639344262295082,-0.8094100331355439,-0.8094100331355439
477,L,blink_dist,4,7200,10800,3.5430607599308104,30.90982043432982,101.0,5.769269606193201,3.2272471716071114,2.5524216294874513,0.5113969875525781,7.338713851329495,131.0,0.009900990099009901,3.1482761481275547,3.1482761481275547
477,L,blink_dist,5,9000,12600,3.3783771911819698,30.471435393351396,105.0,6.115191194610494,3.85637584783165,2.7475980070703527,0.5001323858290426,7.672130553037172,171.0,0.009523809523809525,-0.9602666185327507,-0.9602666185327507
477,L,blink_dist,6,10800,14400,3.29522077421723,30.40713146579931,254.0,6.1631951267439575,4.884235943126249,2.732038883531921,0.49008468373267666,7.758950155404627,154.0,0.003937007874015748,-0.6058048109046998,-0.6058048109046998
477,L,blink_dist,7,12600,16200,3.20684112476162,30.745053894124446,83.0,5.893726725866514,3.153519944487661,2.642211630453244,0.5027021776812576,7.498662604948362,106.0,0.012048192771084338,-1.7160522398606326,-1.7160522398606326
477,L,blink_dist,8,14400,18000,3.2847902824235353,29.42998580070413,120.0,5.564126137721798,2.595682478569524,2.444379244406893,0.5075421602380813,7.124193713525136,102.0,0.008333333333333333,1.6782733659810785,1.6782733659810785
477,L,blink_dist,9,16200,19800,2.655766137192754,20.414521483905116,44.0,5.307584050039093,2.0158085999764954,2.2625298276170605,0.4037975749410576,6.448660071078667,46.0,0.022727272727272728,-0.5636558980454319,-0.5636558980454319
477,L,blink_dist,10,18000,21600,3.6286770478545534,27.099171116285827,118.0,5.7480859010270775,3.5768518120329063,2.5258520079921554,0.48144585844268467,7.196913864578535,137.0,0.00847457627118644,-0.7861452057409073,-0.7861452057409073
477,L,blink_dist,11,19800,23400,3.755376375431256,35.722336828225686,97.0,6.509960468180761,4.4742670874762345,2.9320462929117768,0.5458220794963953,8.281736043885124,144.0,0.010309278350515464,-1.2995597429074859,-1.2995597429074859
477,L,blink_dist,12,21600,25200,2.7219909748292905,20.507012499266477,39.0,5.3052983148626085,2.167603258150429,2.2404990225669543,0.4177513056745496,6.418627716166261,90.0,0.02564102564102564,-0.3057334274620041,-0.3057334274620041
477,L,blink_dist,13,23400,27000,2.881275606018761,22.18125977093058,36.0,5.108656792645557,1.7274940176107245,2.090421526094097,0.4443625195418612,6.300255452937709,36.0,0.027777777777777776,0.03759534031769118,0.03759534031769118
477,L,blink_dist,14,25200,28800,2.3885666475680583,32.71519901562166,76.0,5.625043118316661,2.5712401282778683,2.4885686211761437,0.528735555317783,7.127467772469124,43.0,0.013157894736842105,-0.7436547979649671,-0.7436547979649671
477,M,blink_dist,0,0,3600,2.8680178599410175,43.16186954197113,120.0,6.466789052069426,4.223882899958469,2.9373429122033823,0.6061391685973979,8.30314705321381,145.0,0.008333333333333333,0.5634583584291745,0.5634583584291745
477,M,blink_dist,1,1800,5400,3.2556072678644536,34.667373182806145,122.0,6.01140037434065,3.8512020264654905,2.6933468100061977,0.5471108886893635,7.654482427237782,132.0,0.00819672131147541,-0.9348799508481848,-0.9348799508481848
477,M,blink_dist,2,3600,7200,3.739403187385782,34.84547532090301,130.0,5.806876423690205,3.152211319057116,2.5941883630378895,0.5537173490527755,7.490999451009853,76.0,0.007692307692307693,-0.5843721744323904,-0.5843721744323904
477,M,blink_dist,3,5400,9000,3.4323505935876275,33.93769603782541,110.0,5.898252992559042,3.411946420728688,2.6268137743959823,0.5387864037006357,7.4482436953165205,73.0,0.00909090909090909,0.13382990064850314,0.13382990064850314
477,M,blink_dist,4,7200,10800,1.9160318256187894,26.665443965553177,54.0,5.710765934654526,2.7007983774068647,2.5402810667343356,0.4620184572290814,6.928861661561543,73.0,0.018518518518518517,-0.5367615800637475,-0.5367615800637475
477,M,blink_dist,5,9000,12600,2.084037817481089,20.625273049183342,27.0,5.258940785616573,1.8626841475534517,2.227490700382247,0.40314322723057233,6.389128454296993,37.0,0.037037037037037035,-0.2758153142553932,-0.2758153142553932
477,M,blink_dist,6,10800,14400,2.6092681867923777,24.381554057776718,50.0,5.323887180858174,2.027488589376971,2.2733081084459887,0.4515956242003514,6.573357095121408,58.0,0.02,-0.6591684473833502,-0.6591684473833502
477,M,blink_dist,7,12600,16200,3.3247392257252666,31.499195272526364,50.0,5.648173673328738,2.3785659377482475,2.5161251395187345,0.5128900526075573,7.074351413140717,90.0,0.02,-1.0701264778164252,-1.0701264778164252
477,M,blink_dist,8,14400,18000,2.8130381466884944,32.48708193742547,64.0,5.785519263828497,2.6205409639487027,2.604077096663929,0.5144029299869399,7.389192495921696,90.0,0.015625,0.21536182652563182,0.21536182652563182
477,M,blink_dist,9,16200,19800,1.9940927955970227,20.701698173662287,64.0,5.339669421487604,2.202252015620453,2.2794133607873612,0.40953620634412047,6.5525793015059275,58.0,0.015625,-0.5894912463500845,-0.5894912463500845
477,M,blink_dist,10,18000,21600,2.032172875897434,21.87244545054392,32.0,5.288293424553402,1.960153175224959,2.246938460696377,0.4305948563164183,6.418888042650419,46.0,0.03125,0.7534611672391779,0.7534611672391779
477,M,blink_dist,11,19800,23400,2.0158961972790954,15.87100352600927,19.0,4.914131501472031,1.4900673781219445,1.8986818579119495,0.35932807733449545,5.912130891076201,33.0,0.05263157894736842,-0.35323354171329974,-0.35323354171329974
477,M,blink_dist,12,21600,25200,2.156412332515133,14.968667130857321,27.0,4.974889217134416,1.6533271216500167,1.953634105206749,0.3483392838624613,5.964423869617604,34.0,0.037037037037037035,0.6352149575998487,0.6352149575998487
477,M,blink_dist,13,23400,27000,2.9053631735913363,33.72422892957282,101.0,5.863219269738099,3.042257453346501,2.637019046820742,0.5360849964264116,7.34499642198034,58.0,0.009900990099009901,-0.2887458529525557,-0.2887458529525557
477,M,blink_dist,14,25200,28800,1.9453745720583258,35.316528450611706,74.0,6.309520316854922,4.0438935419889415,2.8538311473756752,0.5365547253469086,7.66084407971864,63.0,0.013513513513513514,-0.37202419612810383,-0.37202419612810383
